"B0 AOI4";;;;;;;;;;
"Index [1]";"X [mm]";"Y [mm]";"Z [mm]";"U [mm]";"V [mm]";"W [mm]";"Sigma_X [mm]";"Sigma_Y [mm]";"Sigma_Z [mm]";"sigma [pixel]"
0;-1678,4969482421875;69,7042236328125;79282,6796875;0,0;0,0;0,0;0,3825621008872986;0,13422375917434692;0,12349431961774826;0,008274279534816742
1;-1678,4969482421875;69,7042236328125;79282,6796875;-3,4218497276306152;1,454174518585205;-0,09643039107322693;0,5682207942008972;0,19977794587612152;0,19261185824871063;0,006894453428685665
2;-1678,4969482421875;69,7042236328125;79282,6796875;-9,721172332763672;30,87229347229004;-1,6390117406845093;0,5431406497955322;0,19259707629680634;0,18386121094226837;0,006348077207803726
3;-1678,4969482421875;69,7042236328125;79282,6796875;-12,455498695373535;32,32466506958008;-2,257701873779297;0,5456545948982239;0,1937626749277115;0,18359236419200897;0,006317574065178633
4;-1678,4969482421875;69,7042236328125;79282,6796875;-7,813240051269531;43,2736701965332;-1,2507996559143066;0,4876655340194702;0,1820105016231537;0,16776081919670105;0,005283504258841276
5;-1678,4969482421875;69,7042236328125;79282,6796875;-35,55168151855469;45,35910415649414;-4,993473529815674;0,502946674823761;0,1897355169057846;0,17246539890766144;0,005658073350787163
6;-1678,4969482421875;69,7042236328125;79282,6796875;-15,315071105957031;66,60819244384766;-2,8717236518859863;0,5177949070930481;0,19640864431858063;0,17660360038280487;0,005998685956001282
7;-1678,4969482421875;69,7042236328125;79282,6796875;-45,138031005859375;61,96670913696289;-5,776967525482178;0,5264013409614563;0,20181792974472046;0,17902962863445282;0,006213764194399118
8;-1678,4969482421875;69,7042236328125;79282,6796875;-66,18090057373047;74,10088348388672;-9,322216987609863;0,5385279059410095;0,20876672863960266;0,18263882398605347;0,006506219506263733
9;-1678,4969482421875;69,7042236328125;79282,6796875;-59,766231536865234;87,46568298339844;-8,755775451660156;0,5449862480163574;0,21191959083080292;0,18372119963169098;0,00664998684078455
10;-1678,4969482421875;69,7042236328125;79282,6796875;-25,505617141723633;90,83683013916016;-4,581546306610107;0,5537266731262207;0,21813303232192993;0,18617156147956848;0,006873489823192358
11;-1678,4969482421875;69,7042236328125;79282,6796875;-43,49384689331055;97,82066345214844;-6,67647647857666;0,5619264245033264;0,22425679862499237;0,1883930116891861;0,007086942438036203
12;-1678,4969482421875;69,7042236328125;79282,6796875;-29,188493728637695;112,61702728271484;-5,137565612792969;0,5834536552429199;0,22887550294399261;0,193095862865448;0,007481794338673353
13;-1678,4969482421875;69,7042236328125;79282,6796875;-7,142043590545654;125,40191650390625;-3,1458652019500732;0,5712112784385681;0,22628475725650787;0,18823374807834625;0,00725705549120903
14;-1678,4969482421875;69,7042236328125;79282,6796875;-5,117746353149414;135,7274932861328;-2,667757511138916;0,5730359554290771;0,24125583469867706;0,19101545214653015;0,007473071571439505
15;-1678,4969482421875;69,7042236328125;79282,6796875;-11,148967742919922;138,23231506347656;-3,3924665451049805;0,5671984553337097;0,2365160435438156;0,1869734823703766;0,007352903019636869
16;-1678,4969482421875;69,7042236328125;79282,6796875;-6,466543674468994;139,85067749023438;-2,9567785263061523;0,5815768837928772;0,24525780975818634;0,19081228971481323;0,007696644403040409
17;-1678,4969482421875;69,7042236328125;79282,6796875;6,869759559631348;156,51129150390625;-2,540158987045288;0,5640337467193604;0,24071922898292542;0,1841926872730255;0,007380455732345581
18;-1678,4969482421875;69,7042236328125;79282,6796875;-7,5349531173706055;162,93984985351562;-4,254711151123047;0,5761122703552246;0,24632342159748077;0,18665625154972076;0,007658615242689848
19;-1678,4969482421875;69,7042236328125;79282,6796875;-6,073245048522949;169,1471710205078;-4,893190383911133;0,570515513420105;0,24492882192134857;0,18347805738449097;0,007571903523057699
20;-1678,4969482421875;69,7042236328125;79282,6796875;-9,700407981872559;175,6105499267578;-5,074750900268555;0,5814574956893921;0,24996726214885712;0,18544535338878632;0,00782672967761755
21;-1678,4969482421875;69,7042236328125;79282,6796875;-9,438063621520996;176,09999084472656;-6,039920806884766;0,5942305326461792;0,25896593928337097;0,18861858546733856;0,008157585747539997
22;-1678,4969482421875;69,7042236328125;79282,6796875;-14,772910118103027;196,0756378173828;-7,197819232940674;0,5867060422897339;0,25236785411834717;0,18386651575565338;0,007981691509485245
23;-1678,4969482421875;69,7042236328125;79282,6796875;-20,827346801757812;209,33885192871094;-8,474616050720215;0,6263611316680908;0,27186450362205505;0,1950581818819046;0,008857815526425838
24;-1678,4969482421875;69,7042236328125;79282,6796875;-46,05836486816406;212,8212127685547;-12,237805366516113;0,5981662273406982;0,2570175528526306;0,18406549096107483;0,008267872035503387
25;-1678,4969482421875;69,7042236328125;79282,6796875;-69,61518096923828;215,42962646484375;-15,786849021911621;0,6195961236953735;0,27085885405540466;0,1899065375328064;0,008806073106825352
26;-1678,4969482421875;69,7042236328125;79282,6796875;-101,85043334960938;221,27276611328125;-20,33509063720703;0,611474871635437;0,2706817090511322;0,1864381581544876;0,008715094067156315
27;-1678,4969482421875;69,7042236328125;79282,6796875;-89,45271301269531;230,85696411132812;-19,54305648803711;0,6020272374153137;0,2780229449272156;0,18429861962795258;0,008687376976013184
28;-1678,4969482421875;69,7042236328125;79282,6796875;-84,83551788330078;242,3112335205078;-19,36688804626465;0,6392436623573303;0,28654590249061584;0,19215627014636993;0,009400720708072186
29;-1678,4969482421875;69,7042236328125;79282,6796875;-77,66134643554688;250,6400909423828;-19,01561737060547;0,6220589280128479;0,2916263937950134;0,1879742443561554;0,009227856993675232
30;-1678,4969482421875;69,7042236328125;79282,6796875;-64,63662719726562;256,6793518066406;-17,85374641418457;0,6414118409156799;0,2960059642791748;0,1911797821521759;0,009623795747756958
31;-1678,4969482421875;69,7042236328125;79282,6796875;-68,9354019165039;265,6734619140625;-18,402263641357422;0,6398695707321167;0,3086404502391815;0,19185878336429596;0,009763993322849274
32;-1678,4969482421875;69,7042236328125;79282,6796875;-80,39675903320312;275,6517333984375;-20,539026260375977;0,6382540464401245;0,3112819194793701;0,19052736461162567;0,00981337483972311
33;-1678,4969482421875;69,7042236328125;79282,6796875;-99,05097198486328;278,4705810546875;-22,99498176574707;0,6280658841133118;0,31763437390327454;0,1883760243654251;0,009741595946252346
34;-1678,4969482421875;69,7042236328125;79282,6796875;-110,31468963623047;274,2541809082031;-25,09918785095215;0,6615007519721985;0,32180458307266235;0,19428063929080963;0,010398763231933117
35;-1678,4969482421875;69,7042236328125;79282,6796875;-71,19371032714844;299,1269836425781;-20,501611709594727;0,6574547290802002;0,32321372628211975;0,19238804280757904;0,010401898063719273
36;-1678,4969482421875;69,7042236328125;79282,6796875;-53,29264450073242;302,4912109375;-18,82115364074707;0,6420153975486755;0,3315541744232178;0,18985779583454132;0,010256133042275906
37;-1678,4969482421875;69,7042236328125;79282,6796875;-37,80838394165039;315,11468505859375;-17,52984619140625;0,654443621635437;0,3294045031070709;0,19056697189807892;0,010524866171181202
38;-1678,4969482421875;69,7042236328125;79282,6796875;-44,445072174072266;318,42041015625;-18,26415252685547;0,6683386564254761;0,3316992223262787;0,19256247580051422;0,010842845775187016
39;-1678,4969482421875;69,7042236328125;79282,6796875;-68,3364486694336;311,3521728515625;-21,41411590576172;0,6489323973655701;0,3307819068431854;0,1877388209104538;0,010578363202512264
40;-1678,4969482421875;69,7042236328125;79282,6796875;-67,24683380126953;310,6882019042969;-21,759979248046875;0,6621764302253723;0,3301578760147095;0,1892455667257309;0,010867797769606113
41;-1678,4969482421875;69,7042236328125;79282,6796875;-91,34066009521484;308,3281555175781;-25,431682586669922;0,6692291498184204;0,33906233310699463;0,19156323373317719;0,011129883117973804
42;-1678,4969482421875;69,7042236328125;79282,6796875;-76,81938934326172;311,1513671875;-23,208213806152344;0,648889422416687;0,3301120698451996;0,1853826642036438;0,010786648839712143
43;-1678,4969482421875;69,7042236328125;79282,6796875;-67,11441802978516;312,8333435058594;-22,20307159423828;0,6515650749206543;0,3324810266494751;0,18584834039211273;0,01092352531850338
44;-1678,4969482421875;69,7042236328125;79282,6796875;-74,65557861328125;299,8601379394531;-23,273099899291992;0,6504419445991516;0,32819074392318726;0,18448618054389954;0,010945276357233524
45;-1678,4969482421875;69,7042236328125;79282,6796875;-63,18782043457031;302,72503662109375;-20,592954635620117;0,6379838585853577;0,33258047699928284;0,18269871175289154;0,01083542499691248
46;-1678,4969482421875;69,7042236328125;79282,6796875;-90,64778137207031;281,2339172363281;-23,556062698364258;0,6317154169082642;0,33350953459739685;0,18157248198986053;0,01080589834600687
47;-1678,4969482421875;69,7042236328125;79282,6796875;-78,3597412109375;283,2118835449219;-21,57749366760254;0,6373236775398254;0,3441801071166992;0,18458549678325653;0,011042159050703049
48;-1678,4969482421875;69,7042236328125;79282,6796875;-94,3115234375;264,05682373046875;-22,954694747924805;0,6291895508766174;0,3366430997848511;0,1817844659090042;0,010929499752819538
49;-1678,4969482421875;69,7042236328125;79282,6796875;-62,34415817260742;272,2190246582031;-19,444866180419922;0,6533833146095276;0,33311226963996887;0,18620498478412628;0,011422833427786827
50;-1678,4969482421875;69,7042236328125;79282,6796875;-41,91801834106445;267,3669738769531;-16,574384689331055;0,6645656824111938;0,3420473337173462;0,19037386775016785;0,01176763977855444
51;-1678,4969482421875;69,7042236328125;79282,6796875;-57,81882858276367;255,8956298828125;-18,872438430786133;0,6701179146766663;0,3462812900543213;0,19276650249958038;0,011979877017438412
52;-1678,4969482421875;69,7042236328125;79282,6796875;-56,59196853637695;251,04696655273438;-17,90196990966797;0,6330278515815735;0,3284842073917389;0,1829599291086197;0,011258549056947231
53;-1678,4969482421875;69,7042236328125;79282,6796875;-73,08905029296875;243,17689514160156;-19,482929229736328;0,6336371302604675;0,32637354731559753;0,18352101743221283;0,011334390379488468
54;-1678,4969482421875;69,7042236328125;79282,6796875;-82,31713104248047;230,8534393310547;-20,075979232788086;0,6473336219787598;0,33278876543045044;0,1882796287536621;0,011712669394910336
55;-1678,4969482421875;69,7042236328125;79282,6796875;-85,88988494873047;226,20359802246094;-21,173715591430664;0,6376593708992004;0,3270149230957031;0,18631704151630402;0,011571824550628662
56;-1678,4969482421875;69,7042236328125;79282,6796875;-100,66584014892578;213,55787658691406;-22,47870635986328;0,6448904871940613;0,3288821876049042;0,18924649059772491;0,011799770407378674
57;-1678,4969482421875;69,7042236328125;79282,6796875;-111,75855255126953;211,36492919921875;-22,84518814086914;0,6391343474388123;0,3190697729587555;0,18779662251472473;0,011698354035615921
58;-1678,4969482421875;69,7042236328125;79282,6796875;-64,1118392944336;215,596435546875;-17,74395751953125;0,6251323223114014;0,3228689432144165;0,18624408543109894;0,011530845426023006
59;-1678,4969482421875;69,7042236328125;79282,6796875;-88,83563995361328;203,62042236328125;-20,172035217285156;0,6274558305740356;0,31429630517959595;0,18697577714920044;0,011596694588661194
60;-1678,4969482421875;69,7042236328125;79282,6796875;-89,16644287109375;203,582275390625;-19,976890563964844;0,6240032911300659;0,31742075085639954;0,18780221045017242;0,01162310317158699
61;-1678,4969482421875;69,7042236328125;79282,6796875;-58,92185974121094;200,4326171875;-15,812065124511719;0,6329822540283203;0,31862467527389526;0,19145865738391876;0,011877473443746567
62;-1678,4969482421875;69,7042236328125;79282,6796875;-67,04151916503906;192,81497192382812;-16,21489906311035;0,6169636249542236;0,3102555572986603;0,18791575729846954;0,011578881181776524
63;-1678,4969482421875;69,7042236328125;79282,6796875;-69,17305755615234;187,31979370117188;-15,578042030334473;0,6190937757492065;0,3120572865009308;0,1899835169315338;0,01169668510556221
64;-1678,4969482421875;69,7042236328125;79282,6796875;-68,14685821533203;188,51266479492188;-16,354700088500977;0,5902873277664185;0,2931266129016876;0,18201883137226105;0,011068129912018776
65;-1678,4969482421875;69,7042236328125;79282,6796875;-70,71993255615234;178,18655395507812;-16,207181930541992;0,5761297345161438;0,28187087178230286;0,17856422066688538;0,010769815184175968
66;-1678,4969482421875;69,7042236328125;79282,6796875;-61,931114196777344;178,6483612060547;-13,78857135772705;0,5889999866485596;0,29189908504486084;0,1841334104537964;0,011150946840643883
67;-1678,4969482421875;69,7042236328125;79282,6796875;-56,344478607177734;171,85818481445312;-13,222607612609863;0,5706019401550293;0,27808883786201477;0,17924825847148895;0,010746658779680729
68;-1678,4969482421875;69,7042236328125;79282,6796875;-74,538818359375;168,26565551757812;-15,141664505004883;0,5875953435897827;0,29121556878089905;0,18612200021743774;0,011214718222618103
69;-1678,4969482421875;69,7042236328125;79282,6796875;-70,76545715332031;154,2664794921875;-14,213732719421387;0,5874377489089966;0,2853144407272339;0,18687357008457184;0,011240276508033276
70;-1678,4969482421875;69,7042236328125;79282,6796875;-65,12039184570312;148,9314727783203;-12,74191951751709;0,5734060406684875;0,2756234407424927;0,1833517849445343;0,010939771309494972
71;-1678,4969482421875;69,7042236328125;79282,6796875;-80,09449005126953;138,59310913085938;-15,033817291259766;0,5719433426856995;0,2727227210998535;0,18382413685321808;0,010937949642539024
72;-1678,4969482421875;69,7042236328125;79282,6796875;-78,72215270996094;129,5178680419922;-13,851743698120117;0,5898252129554749;0,27804020047187805;0,1904587745666504;0,011390444822609425
73;-1678,4969482421875;69,7042236328125;79282,6796875;-76,36576080322266;126,79874420166016;-13,065176010131836;0,5891951322555542;0,2707677185535431;0,19102168083190918;0,011387579143047333
74;-1678,4969482421875;69,7042236328125;79282,6796875;-42,77516174316406;123,7700424194336;-9,028946876525879;0,593646228313446;0,2699238657951355;0,19331185519695282;0,011515634134411812
75;-1678,4969482421875;69,7042236328125;79282,6796875;-83,88422393798828;116,11055755615234;-13,977749824523926;0,5905356407165527;0,26749497652053833;0,19308193027973175;0,011470798403024673
76;-1678,4969482421875;69,7042236328125;79282,6796875;-79,75016021728516;101,90513610839844;-13,107075691223145;0,5843908786773682;0,26205483078956604;0,19176599383354187;0,011341193690896034
77;-1678,4969482421875;69,7042236328125;79282,6796875;-71,62628173828125;99,07767486572266;-11,338336944580078;0,616064190864563;0,27132412791252136;0,2028849720954895;0,012105975300073624
78;-1678,4969482421875;69,7042236328125;79282,6796875;-111,76163482666016;82,12226867675781;-16,1025333404541;0,5954082608222961;0,26149100065231323;0,1965750753879547;0,011632372625172138
79;-1678,4969482421875;69,7042236328125;79282,6796875;-103,0023193359375;74,16334533691406;-14,914380073547363;0,5937259197235107;0,2566339075565338;0,19660831987857819;0,011597277596592903
80;-1678,4969482421875;69,7042236328125;79282,6796875;-107,85655212402344;58,79008102416992;-14,72449779510498;0,5753626227378845;0,24248544871807098;0,19135421514511108;0,011120748706161976
81;-1678,4969482421875;69,7042236328125;79282,6796875;-98,75752258300781;39,66823959350586;-11,75701904296875;0,5705053806304932;0,24287770688533783;0,1894804686307907;0,011044666171073914
82;-1678,4969482421875;69,7042236328125;79282,6796875;-116,55757141113281;43,45709228515625;-15,0565767288208;0,5766159892082214;0,24292123317718506;0,1917463093996048;0,011193132027983665
83;-1678,4969482421875;69,7042236328125;79282,6796875;-68,01021575927734;31,171710968017578;-8,515114784240723;0,6075724363327026;0,2538209855556488;0,2020421028137207;0,011925426311790943
84;-1678,4969482421875;69,7042236328125;79282,6796875;-84,42426300048828;12,618748664855957;-10,42141342163086;0,5351681709289551;0,2226787656545639;0,17719407379627228;0,010122537612915039
85;-1678,4969482421875;69,7042236328125;79282,6796875;-98,55351257324219;-7,360635280609131;-11,521944046020508;0,5522112846374512;0,22619639337062836;0,1835581362247467;0,010570554994046688
86;-1678,4969482421875;69,7042236328125;79282,6796875;-77,76033020019531;-20,873939514160156;-8,008543968200684;0,5476176142692566;0,22205807268619537;0,18113328516483307;0,010404747910797596
87;-1678,4969482421875;69,7042236328125;79282,6796875;-78,8438949584961;-39,69019317626953;-8,660264015197754;0,5631394386291504;0,22653399407863617;0,1869022101163864;0,010806810110807419
88;-1678,4969482421875;69,7042236328125;79282,6796875;-63,873775482177734;-49,82987594604492;-5,90948486328125;0,5772212147712708;0,23017117381095886;0,19115547835826874;0,011124038137495518
89;-1678,4969482421875;69,7042236328125;79282,6796875;-44,44607925415039;-73,3281478881836;-2,9573278427124023;0,5630607604980469;0,22241884469985962;0,18588976562023163;0,010751217603683472
90;-1678,4969482421875;69,7042236328125;79282,6796875;-23,880460739135742;-81,68086242675781;-0,8356560468673706;0,547957718372345;0,21192426979541779;0,1793360710144043;0,010297102853655815
91;-1678,4969482421875;69,7042236328125;79282,6796875;-56,39488983154297;-102,26209259033203;-4,762265682220459;0,5675694942474365;0,21933956444263458;0,18575000762939453;0,010781852528452873
92;-1678,4969482421875;69,7042236328125;79282,6796875;-45,24711227416992;-107,95081329345703;-3,5212743282318115;0,5645948648452759;0,21966595947742462;0,18495701253414154;0,010713586583733559
93;-1678,4969482421875;69,7042236328125;79282,6796875;-44,49415969848633;-120,07667541503906;-3,406224489212036;0,5487676858901978;0,2071831375360489;0,17770086228847504;0,010235099121928215
94;-1678,4969482421875;69,7042236328125;79282,6796875;0,7978419065475464;-130,99598693847656;2,775710105895996;0,5695528388023376;0,21571296453475952;0,1840720772743225;0,010722614824771881
95;-1678,4969482421875;69,7042236328125;79282,6796875;-17,601408004760742;-147,14227294921875;0,5152320861816406;0,5377225875854492;0,20234395563602448;0,17284150421619415;0,009914134629070759
96;-1678,4969482421875;69,7042236328125;79282,6796875;12,222314834594727;-163,12620544433594;4,105750560760498;0,5627835392951965;0,2076415866613388;0,17926236987113953;0,010438078083097935
97;-1678,4969482421875;69,7042236328125;79282,6796875;7,449188232421875;-181,21734619140625;3,8403306007385254;0,566977858543396;0,21231648325920105;0,18030287325382233;0,010538008064031601
98;-1678,4969482421875;69,7042236328125;79282,6796875;18,191377639770508;-190,7058868408203;5,101185321807861;0,5612682104110718;0,20660290122032166;0,17681904137134552;0,010326003655791283
99;-1678,4969482421875;69,7042236328125;79282,6796875;56,2384147644043;-189,7972869873047;9,406846046447754;0,565563976764679;0,21234002709388733;0,17781823873519897;0,010417943820357323
100;-1678,4969482421875;69,7042236328125;79282,6796875;73,74383544921875;-197,95071411132812;11,395564079284668;0,5761122107505798;0,2123701274394989;0,17924167215824127;0,010586229152977467
101;-1678,4969482421875;69,7042236328125;79282,6796875;72,075927734375;-204,258544921875;10,685108184814453;0,5693375468254089;0,209369495511055;0,175791397690773;0,010371193289756775
102;-1678,4969482421875;69,7042236328125;79282,6796875;85,371337890625;-216,00550842285156;12,557795524597168;0,5716968178749084;0,20840123295783997;0,17489778995513916;0,01035586092621088
103;-1678,4969482421875;69,7042236328125;79282,6796875;84,64649963378906;-227,7249755859375;12,241918563842773;0,5766031742095947;0,21881787478923798;0,17637352645397186;0,010475264862179756
104;-1678,4969482421875;69,7042236328125;79282,6796875;94,10945892333984;-233,24057006835938;14,000131607055664;0,5594198107719421;0,20614665746688843;0,16874566674232483;0,009967798367142677
105;-1678,4969482421875;69,7042236328125;79282,6796875;94,79365539550781;-244,4788055419922;13,441582679748535;0,5539562702178955;0,20247802138328552;0,1654321700334549;0,00976544339209795
106;-1678,4969482421875;69,7042236328125;79282,6796875;101,39834594726562;-252,74693298339844;14,295577049255371;0,5496068000793457;0,1892126351594925;0,16102702915668488;0,009499592706561089
107;-1678,4969482421875;69,7042236328125;79282,6796875;91,44684600830078;-257,434814453125;12,327985763549805;0,5567045211791992;0,19275431334972382;0,16183212399482727;0,00961234699934721
108;-1678,4969482421875;69,7042236328125;79282,6796875;83,60135650634766;-265,0019226074219;11,240582466125488;0,5548045635223389;0,19818764925003052;0,16069592535495758;0,009556380100548267
109;-1678,4969482421875;69,7042236328125;79282,6796875;118,7807388305664;-288,5289001464844;15,371630668640137;0,5529374480247498;0,19341887533664703;0,158148393034935;0,009409730322659016
110;-1678,4969482421875;69,7042236328125;79282,6796875;119,0532455444336;-300,3044128417969;15,934432983398438;0,5588804483413696;0,19673387706279755;0,15858936309814453;0,009487302042543888
111;-1678,4969482421875;69,7042236328125;79282,6796875;104,785400390625;-307,5462341308594;14,091970443725586;0,5868750810623169;0,21973459422588348;0,16687826812267303;0,010149349458515644
112;-1678,4969482421875;69,7042236328125;79282,6796875;93,39881896972656;-312,0425109863281;12,284419059753418;0,5751578211784363;0,20362359285354614;0,1605226993560791;0,009724902920424938
113;-1678,4969482421875;69,7042236328125;79282,6796875;102,42188262939453;-318,8162536621094;13,194692611694336;0,5624026656150818;0,2025749832391739;0,15609772503376007;0,009387846104800701
114;-1678,4969482421875;69,7042236328125;79282,6796875;107,70573425292969;-336,8197021484375;13,914491653442383;0,5960529446601868;0,21583449840545654;0,16423451900482178;0,010078252293169498
115;-1678,4969482421875;69,7042236328125;79282,6796875;159,41712951660156;-348,9597473144531;20,823976516723633;0,588247537612915;0,22097483277320862;0,16187669336795807;0,009877026081085205
116;-1678,4969482421875;69,7042236328125;79282,6796875;157,2977294921875;-357,47137451171875;20,410486221313477;0,588137686252594;0,21350142359733582;0,15966467559337616;0,0097488509491086
117;-1678,4969482421875;69,7042236328125;79282,6796875;167,70343017578125;-368,8204650878906;21,396135330200195;0,5791175365447998;0,2059476375579834;0,15558448433876038;0,009440241381525993
118;-1678,4969482421875;69,7042236328125;79282,6796875;186,9247589111328;-379,5356140136719;24,546894073486328;0,5943024754524231;0,21469441056251526;0,15907630324363708;0,009720930829644203
119;-1678,4969482421875;69,7042236328125;79282,6796875;205,0310821533203;-394,43133544921875;26,31658935546875;0,6056275367736816;0,22174660861492157;0,1615547090768814;0,009910186752676964
120;-1678,4969482421875;69,7042236328125;79282,6796875;213,38739013671875;-402,6333923339844;27,911386489868164;0,6093392968177795;0,21494950354099274;0,16072143614292145;0,009852205403149128
121;-1678,4969482421875;69,7042236328125;79282,6796875;196,6367645263672;-398,9346008300781;25,452299118041992;0,5953482389450073;0,21309944987297058;0,15674184262752533;0,009497818537056446
122;-1678,4969482421875;69,7042236328125;79282,6796875;223,6230926513672;-410,7711486816406;28,132448196411133;0,6071239113807678;0,21180512011051178;0,1586320847272873;0,009632529690861702
123;-1678,4969482421875;69,7042236328125;79282,6796875;254,1067657470703;-423,956298828125;31,984907150268555;0,6217877268791199;0,2368193119764328;0,16438278555870056;0,009998658671975136
124;-1678,4969482421875;69,7042236328125;79282,6796875;251,2425537109375;-425,61212158203125;31,58500862121582;0,6113694906234741;0,21595202386379242;0,1593315452337265;0,009589692577719688
125;-1678,4969482421875;69,7042236328125;79282,6796875;220,0021514892578;-428,4917907714844;27,11489486694336;0,6134200096130371;0,21701748669147491;0,15976107120513916;0,009562612511217594
126;-1678,4969482421875;69,7042236328125;79282,6796875;258,9685974121094;-444,4031982421875;32,40016174316406;0,6023725271224976;0,20153690874576569;0,15563392639160156;0,00916605070233345
127;-1678,4969482421875;69,7042236328125;79282,6796875;243,5184326171875;-449,530517578125;30,33831214904785;0,6053987145423889;0,20386309921741486;0,15670375525951385;0,009169678203761578
128;-1678,4969482421875;69,7042236328125;79282,6796875;230,43568420410156;-448,1659851074219;28,80089569091797;0,6098603010177612;0,20993882417678833;0,1585989147424698;0,00922777783125639
129;-1678,4969482421875;69,7042236328125;79282,6796875;222,22958374023438;-449,2108154296875;27,740747451782227;0,589423418045044;0,1824917048215866;0,151779443025589;0,008567288517951965
130;-1678,4969482421875;69,7042236328125;79282,6796875;227,184814453125;-454,222412109375;28,499439239501953;0,6178120374679565;0,20971091091632843;0,1613335907459259;0,009232359007000923
131;-1678,4969482421875;69,7042236328125;79282,6796875;192,5474090576172;-442,7281494140625;23,386648178100586;0,6031699180603027;0,19582420587539673;0,15739066898822784;0,008798736147582531
132;-1678,4969482421875;69,7042236328125;79282,6796875;203,34048461914062;-449,9132995605469;25,701801300048828;0,6171619296073914;0,19737251102924347;0,16160547733306885;0,008993102237582207
133;-1678,4969482421875;69,7042236328125;79282,6796875;194,4791717529297;-452,19342041015625;24,248733520507812;0,6353024244308472;0,21840441226959229;0,168565571308136;0,009411460720002651
134;-1678,4969482421875;69,7042236328125;79282,6796875;168,70706176757812;-442,9844055175781;20,827688217163086;0,6077104806900024;0,19764989614486694;0,16134479641914368;0,008708737790584564
135;-1678,4969482421875;69,7042236328125;79282,6796875;174,61572265625;-441,7154541015625;21,592130661010742;0,622562050819397;0,2082795649766922;0,16685068607330322;0,008990582078695297
136;-1678,4969482421875;69,7042236328125;79282,6796875;222,37240600585938;-450,41387939453125;28,506946563720703;0,6286532878875732;0,2085885852575302;0,16955503821372986;0,009038381278514862
137;-1678,4969482421875;69,7042236328125;79282,6796875;182,5550537109375;-434,4573974609375;22,972829818725586;0,6372708678245544;0,19302630424499512;0,17202523350715637;0,00900402944535017
138;-1678,4969482421875;69,7042236328125;79282,6796875;178,53790283203125;-426,22320556640625;22,451732635498047;0,6114790439605713;0,19806014001369476;0,1672363579273224;0,0085503701120615
139;-1678,4969482421875;69,7042236328125;79282,6796875;136,3231201171875;-407,53985595703125;16,710819244384766;0,6199050545692444;0,19195999205112457;0,17048338055610657;0,008600560016930103
140;-1678,4969482421875;69,7042236328125;79282,6796875;155,59539794921875;-419,266845703125;19,90505027770996;0,5776352882385254;0,1786806881427765;0,16026073694229126;0,007702301722019911
141;-1678,4969482421875;69,7042236328125;79282,6796875;136,2987823486328;-398,43267822265625;17,408668518066406;0,5963829755783081;0,17637711763381958;0,16658145189285278;0,00796970259398222
142;-1678,4969482421875;69,7042236328125;79282,6796875;156,0381622314453;-395,44891357421875;19,96227264404297;0,6019894480705261;0,17216895520687103;0,1694735288619995;0,007981127128005028
143;-1678,4969482421875;69,7042236328125;79282,6796875;145,46287536621094;-385,8046569824219;18,31122589111328;0,6086602210998535;0,17760145664215088;0,17314010858535767;0,008099728263914585
144;-1678,4969482421875;69,7042236328125;79282,6796875;22,3056583404541;-352,1825256347656;1,7446277141571045;0,607387363910675;0,17194868624210358;0,17430371046066284;0,007990480400621891
145;-1678,4969482421875;69,7042236328125;79282,6796875;40,800872802734375;-352,1156005859375;4,081348419189453;0,5893312096595764;0,1588309109210968;0,1705142706632614;0,007520334795117378
146;-1678,4969482421875;69,7042236328125;79282,6796875;60,260372161865234;-343,9265441894531;6,835319519042969;0,5939436554908752;0,1692880094051361;0,17375700175762177;0,007660220377147198
147;-1678,4969482421875;69,7042236328125;79282,6796875;1,4562846422195435;-326,1280212402344;-1,3336758613586426;0,5791445970535278;0,16591128706932068;0,17108066380023956;0,007342865690588951
148;-1678,4969482421875;69,7042236328125;79282,6796875;27,483091354370117;-341,46575927734375;3,2597339153289795;0,5783607363700867;0,15628327429294586;0,17226722836494446;0,00720038078725338
149;-1678,4969482421875;69,7042236328125;79282,6796875;-18,025775909423828;-331,7567443847656;-2,198923349380493;0,5733888149261475;0,15773874521255493;0,1724543273448944;0,007099090609699488
150;-1678,4969482421875;69,7042236328125;79282,6796875;-17,219125747680664;-325,5821228027344;-2,2279090881347656;0,5613310933113098;0,15641431510448456;0,17039237916469574;0,006845936644822359
151;-1678,4969482421875;69,7042236328125;79282,6796875;-51,156673431396484;-321,711181640625;-6,423288345336914;0,5698564648628235;0,15208294987678528;0,17450980842113495;0,006914274301379919
152;-1678,4969482421875;69,7042236328125;79282,6796875;-65,93302154541016;-309,54522705078125;-8,373875617980957;0,5775979161262512;0,15805944800376892;0,17845533788204193;0,007076169364154339
153;-1678,4969482421875;69,7042236328125;79282,6796875;-47,748409271240234;-312,66986083984375;-5,980607986450195;0,5611408948898315;0,1539357304573059;0,17484527826309204;0,006725864019244909
154;-1678,4969482421875;69,7042236328125;79282,6796875;-102,02214813232422;-296,68060302734375;-12,597633361816406;0,5573426485061646;0,15587657690048218;0,175100639462471;0,006654246710240841
155;-1678,4969482421875;69,7042236328125;79282,6796875;-88,75396728515625;-292,2033996582031;-10,727319717407227;0,5513802170753479;0,1577872633934021;0,1745416224002838;0,006539400666952133
156;-1678,4969482421875;69,7042236328125;79282,6796875;-121,47860717773438;-278,4617919921875;-14,620264053344727;0,54405677318573;0,152728870511055;0,17362232506275177;0,006336704827845097
157;-1678,4969482421875;69,7042236328125;79282,6796875;-99,49484252929688;-276,0191650390625;-12,358325958251953;0,5383424758911133;0,1536913514137268;0,17300081253051758;0,006218121852725744
158;-1678,4969482421875;69,7042236328125;79282,6796875;-114,53939056396484;-265,3533020019531;-13,792770385742188;0,5405690670013428;0,15572886168956757;0,17491865158081055;0,0062539242208004
159;-1678,4969482421875;69,7042236328125;79282,6796875;-85,30552673339844;-262,93902587890625;-9,811134338378906;0,5519949793815613;0,16254384815692902;0,1796683669090271;0,006497178226709366
160;-1678,4969482421875;69,7042236328125;79282,6796875;-101,69463348388672;-254,47572326660156;-11,390938758850098;0,5498878955841064;0,16350264847278595;0,18007855117321014;0,006447898223996162
161;-1678,4969482421875;69,7042236328125;79282,6796875;-137,9382781982422;-247,2163848876953;-16,235069274902344;0,5428550839424133;0,1621827930212021;0,17887578904628754;0,006291351281106472
162;-1678,4969482421875;69,7042236328125;79282,6796875;-137,99057006835938;-249,31805419921875;-15,73262882232666;0,5355474948883057;0,16201242804527283;0,17739851772785187;0,006138311233371496
163;-1678,4969482421875;69,7042236328125;79282,6796875;-132,0928955078125;-237,19265747070312;-15,47763729095459;0,5379693508148193;0,16644227504730225;0,1788768172264099;0,006201551761478186
164;-1678,4969482421875;69,7042236328125;79282,6796875;-155,28334045410156;-229,4342803955078;-19,044910430908203;0,5425198078155518;0,17081710696220398;0,18105469644069672;0,00630461098626256
165;-1678,4969482421875;69,7042236328125;79282,6796875;-170,0699920654297;-219,3802032470703;-20,22406768798828;0,5358708500862122;0,1656566858291626;0,18035988509655;0,006121485028415918
166;-1678,4969482421875;69,7042236328125;79282,6796875;-186,2464599609375;-213,2683868408203;-22,335920333862305;0,5282840132713318;0,1679961383342743;0,17805829644203186;0,005997607484459877
167;-1678,4969482421875;69,7042236328125;79282,6796875;-148,67271423339844;-201,1680908203125;-17,154333114624023;0,5323610901832581;0,1716296374797821;0,17996840178966522;0,00609141169115901
168;-1678,4969482421875;69,7042236328125;79282,6796875;-159,63021850585938;-199,5320281982422;-18,448335647583008;0,5028342008590698;0,16422918438911438;0,17049703001976013;0,00544312596321106
169;-1678,4969482421875;69,7042236328125;79282,6796875;-146,09446716308594;-178,9060516357422;-16,629690170288086;0,5212163925170898;0,17337267100811005;0,1767335683107376;0,00586065324023366
170;-1678,4969482421875;69,7042236328125;79282,6796875;-165,6194305419922;-170,02291870117188;-19,37217140197754;0,5223265290260315;0,17548920214176178;0,17772062122821808;0,005904362536966801
171;-1678,4969482421875;69,7042236328125;79282,6796875;-185,10797119140625;-152,8831787109375;-21,863021850585938;0,5118873715400696;0,1734090894460678;0,1756007969379425;0,005684612784534693
172;-1678,4969482421875;69,7042236328125;79282,6796875;-167,68453979492188;-131,99111938476562;-19,788625717163086;0,5576598644256592;0,19239866733551025;0,189193457365036;0,006662375759333372
173;-1678,4969482421875;69,7042236328125;79282,6796875;-170,28358459472656;-126,89791107177734;-20,035425186157227;0,4832785725593567;0,17048247158527374;0,16957727074623108;0,004556533880531788
174;-1678,4969482421875;69,7042236328125;79282,6796875;-176,56040954589844;-113,0587387084961;-21,052658081054688;0,5318150520324707;0,1869262307882309;0,18016110360622406;0,006082370411604643
175;-1678,4969482421875;69,7042236328125;79282,6796875;-169,36228942871094;-99,75807189941406;-19,810649871826172;0,5122746229171753;0,1859341859817505;0,17687958478927612;0,005777002777904272
176;-1678,4969482421875;69,7042236328125;79282,6796875;-154,56346130371094;-75,76731872558594;-18,694671630859375;0,4839448630809784;0,17766089737415314;0,1664743721485138;0,005170242860913277
177;-1678,4969482421875;69,7042236328125;79282,6796875;-142,5739288330078;-56,0890007019043;-17,06756019592285;0,5290672779083252;0,19355756044387817;0,17999304831027985;0,00615654606372118
178;-1678,4969482421875;69,7042236328125;79282,6796875;-161,11973571777344;-38,750545501708984;-20,040388107299805;0,5451281070709229;0,2002994269132614;0,18456235527992249;0,006496043875813484
179;-1678,4969482421875;69,7042236328125;79282,6796875;-155,03823852539062;-34,114662170410156;-19,406940460205078;0,5482031106948853;0,20546872913837433;0,18601834774017334;0,006629474926739931
180;-1678,4969482421875;69,7042236328125;79282,6796875;-148,52899169921875;-7,720295429229736;-18,373706817626953;0,5337260961532593;0,20480220019817352;0,18161506950855255;0,006380918435752392
181;-1678,4969482421875;69,7042236328125;79282,6796875;-152,8209991455078;7,421875953674316;-19,297399520874023;0,545731246471405;0,21024659276008606;0,1846674233675003;0,006646788213402033
182;-1678,4969482421875;69,7042236328125;79282,6796875;-143,6543426513672;43,088134765625;-18,68299102783203;0,548593282699585;0,21461503207683563;0,18537376821041107;0,006749644409865141
183;-1678,4969482421875;69,7042236328125;79282,6796875;-165,88902282714844;58,034385681152344;-21,81549835205078;0,55701744556427;0,2184242606163025;0,18704313039779663;0,006935770157724619
184;-1678,4969482421875;69,7042236328125;79282,6796875;-148,74728393554688;79,520263671875;-20,76197624206543;0,5683905482292175;0,22816859185695648;0,19099195301532745;0,00724027631804347
185;-1678,4969482421875;69,7042236328125;79282,6796875;-140,7368927001953;98,47637176513672;-19,161901473999023;0,5621599555015564;0,22739192843437195;0,18795858323574066;0,007138760760426521
186;-1678,4969482421875;69,7042236328125;79282,6796875;-144,69662475585938;107,26066589355469;-20,29165267944336;0,5702021718025208;0,22584253549575806;0,18796305358409882;0,007241006474941969
187;-1678,4969482421875;69,7042236328125;79282,6796875;-151,57069396972656;121,15975952148438;-21,810577392578125;0,5633682012557983;0,23054192960262299;0,18618018925189972;0,007213781122118235
188;-1678,4969482421875;69,7042236328125;79282,6796875;-129,50491333007812;134,21603393554688;-19,32484245300293;0,5654860138893127;0,23229767382144928;0,1856202781200409;0,0072773476131260395
189;-1678,4969482421875;69,7042236328125;79282,6796875;-142,33291625976562;132,47523498535156;-20,942581176757812;0,5596259236335754;0,2359277456998825;0,18367086350917816;0,007243792526423931
190;-1678,4969482421875;69,7042236328125;79282,6796875;-132,29945373535156;141,8896026611328;-20,76630210876465;0,5755822658538818;0,2442898005247116;0,1877228319644928;0,007614143658429384
191;-1678,4969482421875;69,7042236328125;79282,6796875;-126,04019165039062;154,51683044433594;-20,362939834594727;0,5660989880561829;0,24092882871627808;0,18322405219078064;0,007439426612108946
192;-1678,4969482421875;69,7042236328125;79282,6796875;-129,6676788330078;166,65310668945312;-20,823015213012695;0,5812058448791504;0,24781233072280884;0,18660859763622284;0,007781479507684708
193;-1678,4969482421875;69,7042236328125;79282,6796875;-109,97492218017578;169,3148651123047;-18,95570945739746;0,5806894302368164;0,24781349301338196;0,18486133217811584;0,007791037205606699
194;-1678,4969482421875;69,7042236328125;79282,6796875;-140,10316467285156;167,93955993652344;-23,05538558959961;0,5956550240516663;0,25814786553382874;0,18883422017097473;0,00817672535777092
195;-1678,4969482421875;69,7042236328125;79282,6796875;-139,46754455566406;170,809814453125;-23,149948120117188;0,599594235420227;0,25177377462387085;0,18666385114192963;0,008169068954885006
196;-1678,4969482421875;69,7042236328125;79282,6796875;-163,91159057617188;162,5289764404297;-26,252914428710938;0,5727729797363281;0,2520468533039093;0,1791640669107437;0,007795184385031462
197;-1678,4969482421875;69,7042236328125;79282,6796875;-184,80345153808594;150,0408935546875;-29,283483505249023;0,5949798822402954;0,2581798732280731;0,1836645007133484;0,008244674652814865
198;-1678,4969482421875;69,7042236328125;79282,6796875;-174,52749633789062;162,66461181640625;-28,652563095092773;0,6041725873947144;0,2700117528438568;0,18645209074020386;0,00856542494148016
199;-1678,4969482421875;69,7042236328125;79282,6796875;-160,88809204101562;165,535888671875;-27,10867691040039;0,6141341328620911;0,27169832587242126;0,18722808361053467;0,00877151545137167
200;-1678,4969482421875;69,7042236328125;79282,6796875;-132,22972106933594;171,23126220703125;-23,67732810974121;0,603553056716919;0,2749671936035156;0,18397831916809082;0,008681516163051128
201;-1678,4969482421875;69,7042236328125;79282,6796875;-127,24040985107422;181,91705322265625;-23,091630935668945;0,6142810583114624;0,28761446475982666;0,18719469010829926;0,00902218371629715
202;-1678,4969482421875;69,7042236328125;79282,6796875;-131,1673583984375;176,9978790283203;-24,84549903869629;0,6528907418251038;0,2968914806842804;0,1953933835029602;0,009769494645297527
203;-1678,4969482421875;69,7042236328125;79282,6796875;-132,92959594726562;167,3455352783203;-24,786466598510742;0,6521808505058289;0,3004476726055145;0,19427792727947235;0,009841695427894592
204;-1678,4969482421875;69,7042236328125;79282,6796875;-137,64332580566406;172,27120971679688;-25,422298431396484;0,6445057392120361;0,3076721131801605;0,19257913529872894;0,009837069548666477
205;-1678,4969482421875;69,7042236328125;79282,6796875;-120,738525390625;180,94158935546875;-23,83932113647461;0,6438454389572144;0,3085073232650757;0,1910417526960373;0,009886440820991993
206;-1678,4969482421875;69,7042236328125;79282,6796875;-110,25270080566406;192,16456604003906;-22,876462936401367;0,6661653518676758;0,3195640444755554;0,19618111848831177;0,01039779931306839
207;-1678,4969482421875;69,7042236328125;79282,6796875;-111,34209442138672;196,52862548828125;-23,39722442626953;0,6502529978752136;0,3190805912017822;0,1915111243724823;0,010192625224590302
208;-1678,4969482421875;69,7042236328125;79282,6796875;-106,7340087890625;203,50277709960938;-23,207338333129883;0,6554375886917114;0,3278932273387909;0,19293875992298126;0,010405611246824265
209;-1678,4969482421875;69,7042236328125;79282,6796875;-130,86087036132812;198,00477600097656;-27,093477249145508;0,6776369214057922;0,33001193404197693;0,19633011519908905;0,010856621898710728
210;-1678,4969482421875;69,7042236328125;79282,6796875;-95,69579315185547;221,3778533935547;-23,054468154907227;0,6700602173805237;0,3308456540107727;0,19382211565971375;0,010802102275192738
211;-1678,4969482421875;69,7042236328125;79282,6796875;-89,94486999511719;228,73550415039062;-22,748397827148438;0,6544482707977295;0,3270042836666107;0,18899334967136383;0,010578230023384094
212;-1678,4969482421875;69,7042236328125;79282,6796875;-110,28482818603516;231,60693359375;-25,142026901245117;0,6554089784622192;0,32987314462661743;0,18877623975276947;0,010685687884688377
213;-1678,4969482421875;69,7042236328125;79282,6796875;-111,34629821777344;230,1539306640625;-26,030317306518555;0,6464095711708069;0,3248763084411621;0,1852433979511261;0,010564140044152737
214;-1678,4969482421875;69,7042236328125;79282,6796875;-118,13186645507812;239,87477111816406;-27,622711181640625;0,6700233221054077;0,3386997580528259;0,19164197146892548;0,011143315583467484
215;-1678,4969482421875;69,7042236328125;79282,6796875;-147,60049438476562;232,31689453125;-31,16705322265625;0,6692361831665039;0,3403000235557556;0,1911819726228714;0,011217518709599972
216;-1678,4969482421875;69,7042236328125;79282,6796875;-150,3958740234375;239,2587890625;-31,2899112701416;0,6419869661331177;0,33742740750312805;0,18501433730125427;0,010794642381370068
217;-1678,4969482421875;69,7042236328125;79282,6796875;-123,79544830322266;256,0435485839844;-28,96868133544922;0,6489549875259399;0,3327377736568451;0,18506373465061188;0,010959426872432232
218;-1678,4969482421875;69,7042236328125;79282,6796875;-144,01522827148438;264,61566162109375;-30,066164016723633;0,6539751291275024;0,33851370215415955;0,1868603229522705;0,01116484310477972
219;-1678,4969482421875;69,7042236328125;79282,6796875;-157,74957275390625;268,2899475097656;-31,586889266967773;0,6286843419075012;0,33319535851478577;0,18095819652080536;0,01075192354619503
220;-1678,4969482421875;69,7042236328125;79282,6796875;-146,65713500976562;282,1293640136719;-31,05614471435547;0,6600340008735657;0,3428169786930084;0,18873189389705658;0,01145746000111103
221;-1678,4969482421875;69,7042236328125;79282,6796875;-163,54547119140625;280,2462158203125;-32,28603744506836;0,6326547265052795;0,33003297448158264;0,1813124567270279;0,01095635537058115
222;-1678,4969482421875;69,7042236328125;79282,6796875;-130,9501190185547;296,3761291503906;-28,73185157775879;0,6409326195716858;0,3349374830722809;0,1840561181306839;0,01121535338461399
223;-1678,4969482421875;69,7042236328125;79282,6796875;-130,8961181640625;299,3240051269531;-28,960065841674805;0,659649133682251;0,33911094069480896;0,18891377747058868;0,0116622569039464
224;-1678,4969482421875;69,7042236328125;79282,6796875;-130,32772827148438;303,6578063964844;-29,064014434814453;0,6565884947776794;0,33724141120910645;0,18854787945747375;0,011674139648675919
225;-1678,4969482421875;69,7042236328125;79282,6796875;-132,85858154296875;305,5777587890625;-28,912382125854492;0,6461062431335449;0,33172640204429626;0,1861826777458191;0,01152396947145462
226;-1678,4969482421875;69,7042236328125;79282,6796875;-163,2891845703125;299,310546875;-32,69303512573242;0,6506649851799011;0,336367130279541;0,18863825500011444;0,011721726506948471
227;-1678,4969482421875;69,7042236328125;79282,6796875;-136,08399963378906;306,37725830078125;-29,48170280456543;0,636258602142334;0,3249518871307373;0,18472450971603394;0,011452640406787395
228;-1678,4969482421875;69,7042236328125;79282,6796875;-158,62437438964844;294,32159423828125;-32,33890151977539;0,6477978825569153;0,33517932891845703;0,18968601524829865;0,011818238534033298
229;-1678,4969482421875;69,7042236328125;79282,6796875;-145,46133422851562;297,4110107421875;-29,104434967041016;0,6457813382148743;0,33290791511535645;0,18996453285217285;0,011841988191008568
230;-1678,4969482421875;69,7042236328125;79282,6796875;-142,4692840576172;296,0442810058594;-28,894607543945312;0,6438227891921997;0,3357745409011841;0,19103065133094788;0,011895629577338696
231;-1678,4969482421875;69,7042236328125;79282,6796875;-130,4187774658203;288,3705749511719;-27,627626419067383;0,61710125207901;0,3106277287006378;0,18279874324798584;0,011296954937279224
232;-1678,4969482421875;69,7042236328125;79282,6796875;-120,17962646484375;284,19287109375;-26,010345458984375;0,6484851241111755;0,33173397183418274;0,19403176009655;0,012114371173083782
233;-1678,4969482421875;69,7042236328125;79282,6796875;-103,4953842163086;272,1808776855469;-23,692007064819336;0,6392889618873596;0,32088661193847656;0,19186876714229584;0,011943255551159382
234;-1678,4969482421875;69,7042236328125;79282,6796875;-136,89869689941406;250,79946899414062;-26,753623962402344;0,6249369978904724;0,3161909282207489;0,18917840719223022;0,01170628797262907
235;-1678,4969482421875;69,7042236328125;79282,6796875;-109,63235473632812;244,82302856445312;-22,190336227416992;0,6222922205924988;0,31539008021354675;0,18976177275180817;0,011714092455804348
236;-1678,4969482421875;69,7042236328125;79282,6796875;-143,84959411621094;222,6233673095703;-26,742778778076172;0,6034998297691345;0,3046681582927704;0,18522760272026062;0,011342913843691349
237;-1678,4969482421875;69,7042236328125;79282,6796875;-139,07485961914062;212,26426696777344;-25,74030303955078;0,6144373416900635;0,3079531788825989;0,18970932066440582;0,011647208593785763
238;-1678,4969482421875;69,7042236328125;79282,6796875;-128,789794921875;197,60813903808594;-23,761877059936523;0,5905196070671082;0,29468199610710144;0,18349698185920715;0,011143519543111324
239;-1678,4969482421875;69,7042236328125;79282,6796875;-106,76759338378906;184,1801300048828;-19,527055740356445;0,590975821018219;0,2936915159225464;0,18480558693408966;0,011202508583664894
240;-1678,4969482421875;69,7042236328125;79282,6796875;-98,08393859863281;173,4876708984375;-19,20769500732422;0,5706065893173218;0,2775558829307556;0,1792057454586029;0,010745842941105366
241;-1678,4969482421875;69,7042236328125;79282,6796875;-81,39163970947266;158,32537841796875;-15,793216705322266;0,5846685767173767;0,2828584313392639;0,18474732339382172;0,01112341694533825
242;-1678,4969482421875;69,7042236328125;79282,6796875;-61,4854850769043;148,05160522460938;-13,080243110656738;0,5888262987136841;0,28679096698760986;0,18735402822494507;0,011274309828877449
243;-1678,4969482421875;69,7042236328125;79282,6796875;-96,13428497314453;139,08743286132812;-17,284725189208984;0,6008098125457764;0,28361761569976807;0,1918664127588272;0,011571667157113552
244;-1678,4969482421875;69,7042236328125;79282,6796875;-58,25698471069336;132,5023956298828;-11,92164134979248;0,5759621858596802;0,27263766527175903;0,18503007292747498;0,011025989428162575
245;-1678,4969482421875;69,7042236328125;79282,6796875;-56,88005065917969;126,62906646728516;-10,623310089111328;0,5995705127716064;0,2792379558086395;0,19349458813667297;0,01160995289683342
246;-1678,4969482421875;69,7042236328125;79282,6796875;-63,630611419677734;114,26761627197266;-11,595803260803223;0,602865993976593;0,27856189012527466;0,19547943770885468;0,011717847548425198
247;-1678,4969482421875;69,7042236328125;79282,6796875;-20,584814071655273;113,31021881103516;-5,456099987030029;0,5996412634849548;0,27475833892822266;0,19527627527713776;0,01166369765996933
248;-1678,4969482421875;69,7042236328125;79282,6796875;-59,35140609741211;97,69263458251953;-10,149580955505371;0,5880867838859558;0,2648659646511078;0,1922835260629654;0,011404844932258129
249;-1678,4969482421875;69,7042236328125;79282,6796875;-26,51236343383789;96,1179428100586;-5,416221618652344;0,5860484838485718;0,2617698311805725;0,19232070446014404;0,011373716406524181
250;-1678,4969482421875;69,7042236328125;79282,6796875;-46,08384704589844;87,07028198242188;-7,821612358093262;0,6002256870269775;0,26435786485671997;0,19766342639923096;0,011726047843694687
251;-1678,4969482421875;69,7042236328125;79282,6796875;-44,1921272277832;87,04927062988281;-7,077111721038818;0,5765594840049744;0,25361159443855286;0,1903216391801834;0,011175044812262058
252;-1678,4969482421875;69,7042236328125;79282,6796875;-57,227420806884766;73,2311782836914;-8,765552520751953;0,5768366456031799;0,2496882528066635;0,19097910821437836;0,011187338270246983
253;-1678,4969482421875;69,7042236328125;79282,6796875;-9,601318359375;81,24837493896484;-2,205043077468872;0,584507167339325;0,24943849444389343;0,19404098391532898;0,011370448395609856
254;-1678,4969482421875;69,7042236328125;79282,6796875;-56,42173385620117;70,82122802734375;-7,023653984069824;0,5791436433792114;0,24750417470932007;0,1921968013048172;0,011248070746660233
255;-1678,4969482421875;69,7042236328125;79282,6796875;-61,47701644897461;62,934505462646484;-8,422246932983398;0,5727894902229309;0,24059022963047028;0,19063162803649902;0,011095422320067883
256;-1678,4969482421875;69,7042236328125;79282,6796875;-52,4569206237793;57,650794982910156;-6,365014553070068;0,557298481464386;0,23284955322742462;0,18532061576843262;0,010712319053709507
257;-1678,4969482421875;69,7042236328125;79282,6796875;-75,66481018066406;57,37849807739258;-10,042814254760742;0,5580242872238159;0,23170948028564453;0,18508325517177582;0,010700901038944721
258;-1678,4969482421875;69,7042236328125;79282,6796875;-65,60240936279297;50,086002349853516;-7,825570106506348;0,5490334630012512;0,22517508268356323;0,18217283487319946;0,010478728450834751
259;-1678,4969482421875;69,7042236328125;79282,6796875;-76,6830062866211;40,46074676513672;-9,103610038757324;0,5540258884429932;0,2247948795557022;0,18363432586193085;0,010584081523120403
260;-1678,4969482421875;69,7042236328125;79282,6796875;-50,294525146484375;39,08167266845703;-6,47072172164917;0,5580675601959229;0,2245730757713318;0,185259148478508;0,01068210881203413
261;-1678,4969482421875;69,7042236328125;79282,6796875;-74,22811126708984;34,407772064208984;-8,876875877380371;0,5627787709236145;0,22382575273513794;0,18595656752586365;0,01075802929699421
262;-1678,4969482421875;69,7042236328125;79282,6796875;-80,26153564453125;25,80696678161621;-10,10123062133789;0,5705937147140503;0,2273867428302765;0,1892857700586319;0,01095492485910654
263;-1678,4969482421875;69,7042236328125;79282,6796875;-70,02548217773438;22,978797912597656;-8,851645469665527;0,5732837319374084;0,22692592442035675;0,18956433236598969;0,010994883254170418
264;-1678,4969482421875;69,7042236328125;79282,6796875;-61,58683776855469;17,53901481628418;-7,713571548461914;0,5528127551078796;0,21431629359722137;0,18114148080348969;0,010437119752168655
265;-1678,4969482421875;69,7042236328125;79282,6796875;-58,029876708984375;10,015939712524414;-7,253293991088867;0,5509054660797119;0,2106851041316986;0,1794617623090744;0,010339106433093548
266;-1678,4969482421875;69,7042236328125;79282,6796875;-54,94755172729492;-2,905505895614624;-7,15745735168457;0,5755618810653687;0,22287920117378235;0,18781033158302307;0,010946627706289291
267;-1678,4969482421875;69,7042236328125;79282,6796875;-23,78073501586914;-16,25398826599121;-2,742279052734375;0,5610719323158264;0,21474777162075043;0,1818811595439911;0,01054508425295353
268;-1678,4969482421875;69,7042236328125;79282,6796875;-20,39716339111328;-38,766075134277344;-1,7192113399505615;0,5760683417320251;0,21587848663330078;0,18501165509223938;0,010825838893651962
269;-1678,4969482421875;69,7042236328125;79282,6796875;-18,299726486206055;-47,283721923828125;-1,9970866441726685;0,5512442588806152;0,20597286522388458;0,17614570260047913;0,010196137242019176
270;-1678,4969482421875;69,7042236328125;79282,6796875;-8,627140045166016;-71,09073638916016;-0,5037451982498169;0,5760515928268433;0,21635524928569794;0,1833597719669342;0,01076232548803091
271;-1678,4969482421875;69,7042236328125;79282,6796875;-14,260580062866211;-83,6788330078125;-1,4039658308029175;0,5483689904212952;0,20254011452198029;0,17292667925357819;0,0100283557549119
272;-1678,4969482421875;69,7042236328125;79282,6796875;18,575244903564453;-108,181396484375;2,7706544399261475;0,5863567590713501;0,2199532687664032;0,18436792492866516;0,010913851670920849
273;-1678,4969482421875;69,7042236328125;79282,6796875;28,47443389892578;-125,00433349609375;3,859127998352051;0,5639684796333313;0,21034254133701324;0,17592419683933258;0,010323524475097656
274;-1678,4969482421875;69,7042236328125;79282,6796875;47,00738525390625;-152,53529357910156;6,6729583740234375;0,5640788674354553;0,20547650754451752;0,17388460040092468;0,010232473723590374
275;-1678,4969482421875;69,7042236328125;79282,6796875;39,84634017944336;-166,5431365966797;6,3384690284729;0,5679786801338196;0,20997650921344757;0,17426741123199463;0,010296297259628773
276;-1678,4969482421875;69,7042236328125;79282,6796875;41,114295959472656;-188,89669799804688;6,313922882080078;0,5508163571357727;0,20247414708137512;0,1674797236919403;0,009823711588978767
277;-1678,4969482421875;69,7042236328125;79282,6796875;69,52540588378906;-216,49948120117188;10,142011642456055;0,561227560043335;0,20724177360534668;0,16938340663909912;0,01001583319157362
278;-1678,4969482421875;69,7042236328125;79282,6796875;114,64688110351562;-243,53321838378906;16,423322677612305;0,5484707951545715;0,19689494371414185;0,16327965259552002;0,009607603773474693
279;-1678,4969482421875;69,7042236328125;79282,6796875;99,71640014648438;-249,33021545410156;13,712333679199219;0,5470772981643677;0,19101150333881378;0,16068361699581146;0,009467528201639652
280;-1678,4969482421875;69,7042236328125;79282,6796875;117,54547882080078;-269,338134765625;16,495996475219727;0,5604524612426758;0,19643202424049377;0,163267120718956;0,00971934013068676
281;-1678,4969482421875;69,7042236328125;79282,6796875;97,23958587646484;-271,7855529785156;13,114680290222168;0,5593199729919434;0,19874079525470734;0,1618698537349701;0,00965205766260624
282;-1678,4969482421875;69,7042236328125;79282,6796875;137,69178771972656;-302,5334167480469;18,465248107910156;0,5633028149604797;0,20304708182811737;0,16195735335350037;0,009695664048194885
283;-1678,4969482421875;69,7042236328125;79282,6796875;143,4888153076172;-319,5778503417969;19,592912673950195;0,540778398513794;0,18892435729503632;0,15326611697673798;0,009056630544364452
284;-1678,4969482421875;69,7042236328125;79282,6796875;147,67152404785156;-328,6460266113281;20,28321075439453;0,5765997767448425;0,213209331035614;0,1635850965976715;0,009894401766359806
285;-1678,4969482421875;69,7042236328125;79282,6796875;157,0089569091797;-339,8787536621094;21,977272033691406;0,5828809142112732;0,2146669179201126;0,1638062745332718;0,009956811554729939
286;-1678,4969482421875;69,7042236328125;79282,6796875;147,0104217529297;-338,7628173828125;19,672582626342773;0,5677350759506226;0,2026330977678299;0,15733231604099274;0,009493112564086914
287;-1678,4969482421875;69,7042236328125;79282,6796875;165,617919921875;-350,25323486328125;22,024600982666016;0,5774524807929993;0,21744529902935028;0,16024388372898102;0,009712154977023602
288;-1678,4969482421875;69,7042236328125;79282,6796875;140,34219360351562;-355,2642517089844;18,33189582824707;0,5894119143486023;0,21137209236621857;0,1608741134405136;0,009836724027991295
289;-1678,4969482421875;69,7042236328125;79282,6796875;167,9315643310547;-366,2229919433594;21,99158477783203;0,5949285626411438;0,21641354262828827;0,16157647967338562;0,009902550838887691
290;-1678,4969482421875;69,7042236328125;79282,6796875;155,1524200439453;-370,1014404296875;20,36819076538086;0,5871545076370239;0,22082345187664032;0,15931901335716248;0,009699424728751183
291;-1678,4969482421875;69,7042236328125;79282,6796875;210,1758575439453;-388,4884033203125;27,533456802368164;0,5964239239692688;0,2137363851070404;0,15943102538585663;0,009754175320267677
292;-1678,4969482421875;69,7042236328125;79282,6796875;192,80172729492188;-387,4665832519531;24,063657760620117;0,5856379866600037;0,20843002200126648;0,15548616647720337;0,009431847371160984
293;-1678,4969482421875;69,7042236328125;79282,6796875;169,4124298095703;-392,6246032714844;21,060331344604492;0,6084675788879395;0,21270260214805603;0,16028010845184326;0,009822119027376175
294;-1678,4969482421875;69,7042236328125;79282,6796875;178,55767822265625;-403,1632385253906;22,602636337280273;0,6049752235412598;0,22315965592861176;0,1600961685180664;0,009752814657986164
295;-1678,4969482421875;69,7042236328125;79282,6796875;169,1466522216797;-397,48858642578125;20,981473922729492;0,6167473793029785;0,2143637239933014;0,16107431054115295;0,009834128431975842
296;-1678,4969482421875;69,7042236328125;79282,6796875;178,24703979492188;-408,08056640625;21,915143966674805;0,6298894882202148;0,23968492448329926;0,1665245145559311;0,010176888667047024
297;-1678,4969482421875;69,7042236328125;79282,6796875;201,2033233642578;-413,1344909667969;24,74365997314453;0,6032437086105347;0,21121037006378174;0,15702015161514282;0,009407435543835163
298;-1678,4969482421875;69,7042236328125;79282,6796875;186,1752166748047;-416,3954772949219;22,481151580810547;0,6105723977088928;0,2172333151102066;0,15916487574577332;0,009513961151242256
299;-1678,4969482421875;69,7042236328125;79282,6796875;194,92279052734375;-413,6951904296875;23,707107543945312;0,6260489225387573;0,23406380414962769;0,164429172873497;0,009837484918534756
300;-1678,4969482421875;69,7042236328125;79282,6796875;190,45407104492188;-413,1277160644531;23,093385696411133;0,5908351540565491;0,1850268542766571;0,15157882869243622;0,008751114830374718
301;-1678,4969482421875;69,7042236328125;79282,6796875;254,0370635986328;-427,2999572753906;31,549612045288086;0,607378363609314;0,1951110064983368;0,15657639503479004;0,009062944911420345
302;-1678,4969482421875;69,7042236328125;79282,6796875;196,7327117919922;-413,18658447265625;23,577213287353516;0,6126009225845337;0,20441092550754547;0,159092515707016;0,009169005788862705
303;-1678,4969482421875;69,7042236328125;79282,6796875;222,45968627929688;-415,76824951171875;27,039289474487305;0,6089743375778198;0,20152072608470917;0,15853187441825867;0,009012593887746334
304;-1678,4969482421875;69,7042236328125;79282,6796875;209,007080078125;-416,48388671875;25,473562240600586;0,6245190501213074;0,21337774395942688;0,1638714075088501;0,009314983151853085
305;-1678,4969482421875;69,7042236328125;79282,6796875;212,23780822753906;-425,6701354980469;26,118497848510742;0,6215770244598389;0,20936302840709686;0,16362443566322327;0,009166771546006203
306;-1678,4969482421875;69,7042236328125;79282,6796875;213,51324462890625;-430,9923400878906;26,24044418334961;0,6117950081825256;0,19907835125923157;0,16137400269508362;0,008851345628499985
307;-1678,4969482421875;69,7042236328125;79282,6796875;180,45281982421875;-429,2926330566406;21,87925910949707;0,6099078059196472;0,20206090807914734;0,16218580305576324;0,008781032636761665
308;-1678,4969482421875;69,7042236328125;79282,6796875;166,34030151367188;-426,8377380371094;20,30628204345703;0,6141051650047302;0,19928844273090363;0,16410747170448303;0,008775931783020496
309;-1678,4969482421875;69,7042236328125;79282,6796875;175,18905639648438;-434,89105224609375;21,75739288330078;0,6140615344047546;0,19714319705963135;0,1651553213596344;0,008700260892510414
310;-1678,4969482421875;69,7042236328125;79282,6796875;156,18655395507812;-430,80120849609375;19,72226905822754;0,6205105781555176;0,20276325941085815;0,16844072937965393;0,008800209499895573
311;-1678,4969482421875;69,7042236328125;79282,6796875;208,1334686279297;-449,1120910644531;26,80014991760254;0,6104217171669006;0,2007303684949875;0,167107954621315;0,008548249490559101
312;-1678,4969482421875;69,7042236328125;79282,6796875;222,39634704589844;-462,3576354980469;29,44746208190918;0,6283825039863586;0,19633445143699646;0,17286792397499084;0,008775485679507256
313;-1678,4969482421875;69,7042236328125;79282,6796875;224,41590881347656;-459,05035400390625;29,759521484375;0,5992506742477417;0,198922798037529;0,1669500768184662;0,008225980214774609
314;-1678,4969482421875;69,7042236328125;79282,6796875;223,10147094726562;-467,3912658691406;30,039297103881836;0,6137691736221313;0,18062704801559448;0,17135752737522125;0,008296875283122063
315;-1678,4969482421875;69,7042236328125;79282,6796875;165,0521240234375;-453,84051513671875;22,021995544433594;0,5869848728179932;0,1804460734128952;0,16579173505306244;0,0077891661785542965
316;-1678,4969482421875;69,7042236328125;79282,6796875;224,27230834960938;-469,1828308105469;30,129837036132812;0,6020632386207581;0,17735517024993896;0,17130199074745178;0,007981105707585812
317;-1678,4969482421875;69,7042236328125;79282,6796875;200,26742553710938;-472,5964660644531;27,5296573638916;0,5963009595870972;0,17690220475196838;0,1713382601737976;0,00783700030297041
318;-1678,4969482421875;69,7042236328125;79282,6796875;217,43165588378906;-475,81787109375;29,5338191986084;0,5856975317001343;0,16320271790027618;0,16955727338790894;0,007493920158594847
319;-1678,4969482421875;69,7042236328125;79282,6796875;198,2484893798828;-478,3467102050781;27,5682373046875;0,6048818826675415;0,1626506894826889;0,1766677051782608;0,007764857728034258
320;-1678,4969482421875;69,7042236328125;79282,6796875;158,5103759765625;-462,25750732421875;22,341270446777344;0,5727919936180115;0,15882879495620728;0,16903898119926453;0,0071603404358029366
321;-1678,4969482421875;69,7042236328125;79282,6796875;186,77130126953125;-473,0306396484375;26,59126853942871;0,5858243107795715;0,16608527302742004;0,17457671463489532;0,0074125975370407104
322;-1678,4969482421875;69,7042236328125;79282,6796875;184,83566284179688;-469,4507751464844;27,235734939575195;0,5798671245574951;0,15976491570472717;0,17432798445224762;0,007217196747660637
323;-1678,4969482421875;69,7042236328125;79282,6796875;155,14981079101562;-458,97601318359375;23,0855655670166;0,5651254057884216;0,15446732938289642;0,17145246267318726;0,006883205845952034
324;-1678,4969482421875;69,7042236328125;79282,6796875;129,0128173828125;-455,1988830566406;19,794509887695312;0,5625652074813843;0,1537007987499237;0,17222487926483154;0,0068005649372935295
325;-1678,4969482421875;69,7042236328125;79282,6796875;109,401123046875;-450,8407287597656;17,758195877075195;0,5636731386184692;0,1585325002670288;0,17408867180347443;0,006836466025561094
326;-1678,4969482421875;69,7042236328125;79282,6796875;93,68995666503906;-430,7090148925781;14,980317115783691;0,5660727024078369;0,15783804655075073;0,17631064355373383;0,006842322647571564
327;-1678,4969482421875;69,7042236328125;79282,6796875;127,46482849121094;-444,90740966796875;20,05758285522461;0,5529349446296692;0,15187011659145355;0,17364640533924103;0,006524831056594849
328;-1678,4969482421875;69,7042236328125;79282,6796875;95,00051879882812;-429,5316162109375;16,166217803955078;0,554703414440155;0,15641279518604279;0,17555487155914307;0,006575361825525761
329;-1678,4969482421875;69,7042236328125;79282,6796875;100,16460418701172;-414,8895263671875;16,849573135375977;0,5576566457748413;0,16100972890853882;0,17775404453277588;0,006643874570727348
330;-1678,4969482421875;69,7042236328125;79282,6796875;130,04083251953125;-407,5759582519531;20,861831665039062;0,5564084649085999;0,1612616628408432;0,17862172424793243;0,006598309148102999
331;-1678,4969482421875;69,7042236328125;79282,6796875;89,49285125732422;-392,8253173828125;15,31074047088623;0,538813054561615;0,15508393943309784;0,17426492273807526;0,006205684971064329
332;-1678,4969482421875;69,7042236328125;79282,6796875;79,78035736083984;-388,23712158203125;14,129011154174805;0,5455136299133301;0,15937252342700958;0,17754849791526794;0,006343764718621969
333;-1678,4969482421875;69,7042236328125;79282,6796875;65,78517150878906;-382,3488464355469;13,111734390258789;0,5548497438430786;0,16531094908714294;0,18160170316696167;0,006543400697410107
334;-1678,4969482421875;69,7042236328125;79282,6796875;52,0153923034668;-364,794677734375;11,06125259399414;0,5309914946556091;0,1587294191122055;0,17486406862735748;0,006033652927726507
335;-1678,4969482421875;69,7042236328125;79282,6796875;-0,8878871202468872;-328,2590026855469;3,814551830291748;0,5434073805809021;0,16589327156543732;0,17978544533252716;0,006307903677225113
336;-1678,4969482421875;69,7042236328125;79282,6796875;-16,614830017089844;-321,6391906738281;1,6406654119491577;0,531139612197876;0,16361738741397858;0,1766228973865509;0,006045376881957054
337;-1678,4969482421875;69,7042236328125;79282,6796875;-1,764646053314209;-304,69293212890625;3,384455442428589;0,5323509573936462;0,1670820713043213;0,17764030396938324;0,006076362915337086
338;-1678,4969482421875;69,7042236328125;79282,6796875;-14,052875518798828;-290,90484619140625;1,5804188251495361;0,5194289088249207;0,16164615750312805;0,17455580830574036;0,005780613049864769
339;-1678,4969482421875;69,7042236328125;79282,6796875;-22,246217727661133;-287,0640563964844;0,9067670702934265;0,5336658358573914;0,17050527036190033;0,1796015053987503;0,006108841393142939
340;-1678,4969482421875;69,7042236328125;79282,6796875;-43,61798095703125;-271,37933349609375;-2,19731068611145;0,5292350649833679;0,1691223829984665;0,17924359440803528;0,0060044098645448685
341;-1678,4969482421875;69,7042236328125;79282,6796875;-38,615665435791016;-259,3516845703125;-1,6667073965072632;0,5463311076164246;0,17899806797504425;0,1849568784236908;0,00639360211789608
342;-1678,4969482421875;69,7042236328125;79282,6796875;-77,78504943847656;-255,2928009033203;-6,667049407958984;0,5253845453262329;0,17458391189575195;0,1781913787126541;0,005952680017799139
343;-1678,4969482421875;69,7042236328125;79282,6796875;-85,40414428710938;-240,0957794189453;-7,574470520019531;0,5526947975158691;0,18640151619911194;0,18745189905166626;0,006546743679791689
344;-1678,4969482421875;69,7042236328125;79282,6796875;-79,0278549194336;-230,0839080810547;-6,338264465332031;0,5264593958854675;0,1789231300354004;0,17968910932540894;0,006008435506373644
345;-1678,4969482421875;69,7042236328125;79282,6796875;-78,60432434082031;-217,58738708496094;-6,393556118011475;0,4837597608566284;0,1665841042995453;0,16639363765716553;0,005063493270426989
346;-1678,4969482421875;69,7042236328125;79282,6796875;-104,02980041503906;-211,16795349121094;-9,114043235778809;0,4981387257575989;0,17362554371356964;0,16909635066986084;0,005288637708872557
347;-1678,4969482421875;69,7042236328125;79282,6796875;-95,40995025634766;-197,18423461914062;-8,2113676071167;0,48106080293655396;0,17130844295024872;0,16561992466449738;0,005049410741776228
348;-1678,4969482421875;69,7042236328125;79282,6796875;-99,76002502441406;-188,12222290039062;-8,863439559936523;0,5353119373321533;0,19259536266326904;0,18340285122394562;0,006281567271798849
349;-1678,4969482421875;69,7042236328125;79282,6796875;-92,89289093017578;-171,63717651367188;-8,530238151550293;0,5257573127746582;0,1888490468263626;0,17821255326271057;0,005997674074023962
350;-1678,4969482421875;69,7042236328125;79282,6796875;-73,14620971679688;-167,83615112304688;-5,674919128417969;0,5241941213607788;0,1924285739660263;0,17861534655094147;0,006061806343495846
351;-1678,4969482421875;69,7042236328125;79282,6796875;-86,9388656616211;-159,94215393066406;-7,628627777099609;0,5472285151481628;0,19901256263256073;0,18430015444755554;0,006463432218879461
352;-1678,4969482421875;69,7042236328125;79282,6796875;-55,24952697753906;-157,99061584472656;-3,5053842067718506;0,5355194807052612;0,20283177495002747;0,1824793964624405;0,006384699139744043
353;-1678,4969482421875;69,7042236328125;79282,6796875;-66,53898620605469;-149,0353546142578;-4,844283103942871;0,5471590757369995;0,20578987896442413;0,1845991164445877;0,006593798287212849
354;-1678,4969482421875;69,7042236328125;79282,6796875;-70,73324584960938;-141,50851440429688;-5,544492244720459;0,5526207685470581;0,21185016632080078;0,1865612268447876;0,006773585453629494
355;-1678,4969482421875;69,7042236328125;79282,6796875;-90,06670379638672;-135,0074920654297;-8,414795875549316;0,5417018532752991;0,21093207597732544;0,18265442550182343;0,006583705544471741
356;-1678,4969482421875;69,7042236328125;79282,6796875;-73,85089111328125;-125,6546630859375;-6,325758934020996;0,5534440279006958;0,21541249752044678;0,18526701629161835;0,006827079225331545
357;-1678,4969482421875;69,7042236328125;79282,6796875;-13,888598442077637;-115,65022277832031;1,6055078506469727;0,5657009482383728;0,22707344591617584;0,18994878232479095;0,007177870720624924
358;-1678,4969482421875;69,7042236328125;79282,6796875;-50,28838348388672;-118,69702911376953;-3,177079200744629;0,576111376285553;0,22801651060581207;0,19114430248737335;0,007360777817666531
359;-1678,4969482421875;69,7042236328125;79282,6796875;-3,4059505462646484;-105,5006332397461;2,2574501037597656;0,5668541789054871;0,2304059863090515;0,18823467195034027;0,007252360228449106
360;-1678,4969482421875;69,7042236328125;79282,6796875;-39,29802322387695;-86,78840637207031;-2,6869354248046875;0,5975421071052551;0,2396639585494995;0,1961156278848648;0,007856300100684166
361;-1678,4969482421875;69,7042236328125;79282,6796875;-39,61799240112305;-92,35848999023438;-2,891357421875;0,5782472491264343;0,2356349229812622;0,18920843303203583;0,007515684701502323
362;-1678,4969482421875;69,7042236328125;79282,6796875;-3,606046199798584;-68,13923645019531;1,518764615058899;0,5719049572944641;0,23595963418483734;0,18632037937641144;0,007430283818393946
363;-1678,4969482421875;69,7042236328125;79282,6796875;20,710264205932617;-55,25210952758789;3,893559694290161;0,5979354381561279;0,24988853931427002;0,19393883645534515;0,008024920709431171
364;-1678,4969482421875;69,7042236328125;79282,6796875;53,276611328125;-41,739013671875;7,738921642303467;0,592466413974762;0,24845141172409058;0,19073502719402313;0,007937413640320301
365;-1678,4969482421875;69,7042236328125;79282,6796875;32,60354232788086;-25,953420639038086;4,608893871307373;0,5784627795219421;0,25160688161849976;0,18669167160987854;0,007773794233798981
366;-1678,4969482421875;69,7042236328125;79282,6796875;22,28940773010254;-29,673831939697266;3,3195149898529053;0,5739515423774719;0,24899493157863617;0,1834673136472702;0,007695539388805628
367;-1678,4969482421875;69,7042236328125;79282,6796875;36,74080276489258;-22,072397232055664;4,087574005126953;0,5962027907371521;0,2576712667942047;0,18867769837379456;0,008171271532773972
368;-1678,4969482421875;69,7042236328125;79282,6796875;67,00178527832031;5,1443257331848145;7,223803520202637;0,5731807947158813;0,254163533449173;0,18116892874240875;0,007791429758071899
369;-1678,4969482421875;69,7042236328125;79282,6796875;39,213844299316406;9,816370964050293;3,839475393295288;0,5737988948822021;0,25250300765037537;0,1793258786201477;0,007807526271790266
370;-1678,4969482421875;69,7042236328125;79282,6796875;24,498397827148438;29,594131469726562;0,5767231583595276;0,583614706993103;0,2663078010082245;0,18278957903385162;0,008154287002980709
371;-1678,4969482421875;69,7042236328125;79282,6796875;15,737617492675781;32,423805236816406;-1,1800541877746582;0,603605329990387;0,2675125300884247;0,18565931916236877;0,00851771142333746
372;-1678,4969482421875;69,7042236328125;79282,6796875;-26,794157028198242;49,39884948730469;-7,324306011199951;0,6208736896514893;0,2803319990634918;0,1903500258922577;0,008968442678451538
373;-1678,4969482421875;69,7042236328125;79282,6796875;12,37021541595459;68,05531311035156;-2,6848435401916504;0,6334120035171509;0,287650465965271;0,1927778720855713;0,009277848526835442
374;-1678,4969482421875;69,7042236328125;79282,6796875;-4,352489471435547;72,99059295654297;-4,696839332580566;0,6038665771484375;0,2855510115623474;0,18451690673828125;0,008827385492622852
375;-1678,4969482421875;69,7042236328125;79282,6796875;-10,934345245361328;86,22588348388672;-6,990512371063232;0,607495903968811;0,2920371890068054;0,18500781059265137;0,008989738300442696
376;-1678,4969482421875;69,7042236328125;79282,6796875;-19,999286651611328;96,78457641601562;-8,432099342346191;0,649021565914154;0,2970367670059204;0,1928640455007553;0,009751041419804096
377;-1678,4969482421875;69,7042236328125;79282,6796875;-9,39071273803711;111,26619720458984;-7,301952838897705;0,6475088596343994;0,3068268895149231;0,1929301619529724;0,00987111683934927
378;-1678,4969482421875;69,7042236328125;79282,6796875;-4,321911334991455;137,7427520751953;-7,694601058959961;0,6582744121551514;0,31415319442749023;0,1950029581785202;0,010161546990275383
379;-1678,4969482421875;69,7042236328125;79282,6796875;-41,19693374633789;145,68447875976562;-12,924049377441406;0,670822262763977;0,31512168049812317;0,19616246223449707;0,010427713394165039
380;-1678,4969482421875;69,7042236328125;79282,6796875;-26,321025848388672;160,69207763671875;-11,604045867919922;0,6644421219825745;0,328398734331131;0,1961338073015213;0,010492417961359024
381;-1678,4969482421875;69,7042236328125;79282,6796875;-44,43584442138672;170,7244873046875;-14,246277809143066;0,6623284816741943;0,31949809193611145;0,19253501296043396;0,010449625551700592
382;-1678,4969482421875;69,7042236328125;79282,6796875;-28,90639305114746;186,91079711914062;-13,513729095458984;0,6612194776535034;0,3240719139575958;0,19195006787776947;0,01053223293274641
383;-1678,4969482421875;69,7042236328125;79282,6796875;-48,47975540161133;184,13002014160156;-16,09598731994629;0,6391405463218689;0,3239046335220337;0,1865330934524536;0,010226461105048656
384;-1678,4969482421875;69,7042236328125;79282,6796875;-52,265560150146484;182,0171661376953;-16,745620727539062;0,6695955395698547;0,33270686864852905;0,19297650456428528;0,010873464867472649
385;-1678,4969482421875;69,7042236328125;79282,6796875;-8,86093521118164;204,35989379882812;-11,921008110046387;0,6510571837425232;0,3339656591415405;0,18873128294944763;0,010633810423314571
386;-1678,4969482421875;69,7042236328125;79282,6796875;-60,910118103027344;189,1707000732422;-18,21747589111328;0,6774232387542725;0,34607458114624023;0,19520920515060425;0,011244331486523151
387;-1678,4969482421875;69,7042236328125;79282,6796875;-68,24419403076172;184,34970092773438;-19,666337966918945;0,6578317880630493;0,3408173620700836;0,18974389135837555;0,010943594388663769
388;-1678,4969482421875;69,7042236328125;79282,6796875;-58,38408279418945;191,6766815185547;-18,606313705444336;0,6601449847221375;0,34055203199386597;0,18948686122894287;0,011055687442421913
389;-1678,4969482421875;69,7042236328125;79282,6796875;-69,03079986572266;193,38058471679688;-19,970548629760742;0,6497483849525452;0,338498592376709;0,18664252758026123;0,010934357531368732
390;-1678,4969482421875;69,7042236328125;79282,6796875;-73,92744445800781;193,49168395996094;-20,848289489746094;0,6514911651611328;0,32842588424682617;0,18472236394882202;0,010964879766106606
391;-1678,4969482421875;69,7042236328125;79282,6796875;-110,39126586914062;183,35125732421875;-23,930580139160156;0,6450602412223816;0,3322103023529053;0,18398533761501312;0,010960815474390984
392;-1678,4969482421875;69,7042236328125;79282,6796875;-117,2470703125;179,67796325683594;-25,377164840698242;0,6503327488899231;0,3354954719543457;0,18550294637680054;0,011154985055327415
393;-1678,4969482421875;69,7042236328125;79282,6796875;-93,18384552001953;185,1031951904297;-22,345699310302734;0,644141674041748;0,3428244888782501;0,18565049767494202;0,011165049858391285
394;-1678,4969482421875;69,7042236328125;79282,6796875;-104,70381927490234;186,18991088867188;-23,50389862060547;0,62848961353302;0,3351767957210541;0,18139025568962097;0,010908832773566246
395;-1678,4969482421875;69,7042236328125;79282,6796875;-113,0616455078125;184,4425048828125;-24,416038513183594;0,6413535475730896;0,339947909116745;0,18499870598316193;0,01125358883291483
396;-1678,4969482421875;69,7042236328125;79282,6796875;-110,26567840576172;183,62396240234375;-23,826187133789062;0,6440507173538208;0,3357622027397156;0,185222327709198;0,011355938389897346
397;-1678,4969482421875;69,7042236328125;79282,6796875;-102,8158187866211;186,1986846923828;-22,651241302490234;0,6601622104644775;0,3423256278038025;0,1900990903377533;0,011773207224905491
398;-1678,4969482421875;69,7042236328125;79282,6796875;-110,32893371582031;190,07382202148438;-23,51742172241211;0,6384065747261047;0,33239009976387024;0,18469484150409698;0,011386306025087833
399;-1678,4969482421875;69,7042236328125;79282,6796875;-86,814453125;194,3555145263672;-20,75030517578125;0,6492628455162048;0,3372592329978943;0,18847166001796722;0,011697349138557911
400;-1678,4969482421875;69,7042236328125;79282,6796875;-104,36985778808594;191,7039337158203;-22,680145263671875;0,6356536149978638;0,32927411794662476;0,18523766100406647;0,011470138095319271
401;-1678,4969482421875;69,7042236328125;79282,6796875;-147,19410705566406;174,835693359375;-28,05864143371582;0,6305145025253296;0,32155394554138184;0,1839735209941864;0,011401759460568428
402;-1678,4969482421875;69,7042236328125;79282,6796875;-139,43760681152344;180,12081909179688;-25,726486206054688;0,6377711892127991;0,3240658938884735;0,1869802474975586;0,011632283218204975
403;-1678,4969482421875;69,7042236328125;79282,6796875;-129,0690155029297;183,9515838623047;-24,507169723510742;0,6361722946166992;0,31776538491249084;0,1869259625673294;0,011632063426077366
404;-1678,4969482421875;69,7042236328125;79282,6796875;-131,63311767578125;192,4512176513672;-25,64356231689453;0,6456362009048462;0,32915881276130676;0,19179067015647888;0,01197002176195383
405;-1678,4969482421875;69,7042236328125;79282,6796875;-142,1941680908203;192,21530151367188;-26,7618465423584;0,6219249367713928;0,31526312232017517;0,1857510507106781;0,011497965082526207
406;-1678,4969482421875;69,7042236328125;79282,6796875;-150,75393676757812;191,70416259765625;-28,040756225585938;0,6320193409919739;0,3168361186981201;0,18965362012386322;0,011778210289776325
407;-1678,4969482421875;69,7042236328125;79282,6796875;-136,38265991210938;197,42892456054688;-26,721500396728516;0,6255202889442444;0,31607604026794434;0,1893054097890854;0,011716953478753567
408;-1678,4969482421875;69,7042236328125;79282,6796875;-146,7840118408203;192,6589813232422;-26,748260498046875;0,6198498010635376;0,3099118173122406;0,1885772943496704;0,01163688488304615
409;-1678,4969482421875;69,7042236328125;79282,6796875;-137,3852081298828;200,146728515625;-25,93276023864746;0,6171764135360718;0,3068599998950958;0,18894492089748383;0,011632141657173634
410;-1678,4969482421875;69,7042236328125;79282,6796875;-142,5420379638672;199,17657470703125;-25,158559799194336;0,600277304649353;0,2950211465358734;0,18478132784366608;0,011283384636044502
411;-1678,4969482421875;69,7042236328125;79282,6796875;-118,85719299316406;210,69688415527344;-23,028989791870117;0,586492657661438;0,2939351201057434;0,18231815099716187;0,011052197776734829
412;-1678,4969482421875;69,7042236328125;79282,6796875;-126,92749786376953;208,7392578125;-23,173309326171875;0,5740890502929688;0,2812151610851288;0,17916977405548096;0,010783292353153229
413;-1678,4969482421875;69,7042236328125;79282,6796875;-171,1350860595703;203,78472900390625;-28,80695343017578;0,5828476548194885;0,2855391204357147;0,18315735459327698;0,011048742569983006
414;-1678,4969482421875;69,7042236328125;79282,6796875;-182,9826202392578;193,34423828125;-30,103424072265625;0,5782849788665771;0,2815123498439789;0,18280601501464844;0,01098433043807745
415;-1678,4969482421875;69,7042236328125;79282,6796875;-207,85696411132812;184,22218322753906;-33,35483932495117;0,6051586866378784;0,29191187024116516;0,19236162304878235;0,011658203788101673
416;-1678,4969482421875;69,7042236328125;79282,6796875;-201,7448272705078;187,46839904785156;-31,239093780517578;0,6051769256591797;0,28775304555892944;0,1933186948299408;0,011687911115586758
417;-1678,4969482421875;69,7042236328125;79282,6796875;-180,4707794189453;188,49668884277344;-28,329833984375;0,590175211429596;0,27760130167007446;0,18948794901371002;0,011362830176949501
418;-1678,4969482421875;69,7042236328125;79282,6796875;-157,77047729492188;190,43162536621094;-25,402469635009766;0,598136305809021;0,2808549106121063;0,19305959343910217;0,011587574146687984
419;-1678,4969482421875;69,7042236328125;79282,6796875;-166,9414825439453;197,14915466308594;-26,377412796020508;0,6022343635559082;0,2788313031196594;0,19524219632148743;0,01170874573290348
420;-1678,4969482421875;69,7042236328125;79282,6796875;-169,3963623046875;181,56094360351562;-26,18334197998047;0,5924659371376038;0,2727210223674774;0,1929204761981964;0,011503327637910843
421;-1678,4969482421875;69,7042236328125;79282,6796875;-155,41946411132812;183,13949584960938;-23,9628849029541;0,5978499054908752;0,2712552547454834;0,19543330371379852;0,011648706160485744
422;-1678,4969482421875;69,7042236328125;79282,6796875;-161,0353546142578;178,70643615722656;-24,153919219970703;0,5927335619926453;0,2672349214553833;0,19444669783115387;0,01154602225869894
423;-1678,4969482421875;69,7042236328125;79282,6796875;-166,32225036621094;173,2578125;-25,512733459472656;0,6076657772064209;0,26847994327545166;0,20006303489208221;0,01191289909183979
424;-1678,4969482421875;69,7042236328125;79282,6796875;-129,99169921875;171,80679321289062;-19,297422409057617;0,601794421672821;0,260627418756485;0,1988506317138672;0,011769280768930912
425;-1678,4969482421875;69,7042236328125;79282,6796875;-125,78142547607422;161,40994262695312;-18,639556884765625;0,5764209032058716;0,251142680644989;0,1907048374414444;0,011183518916368484
426;-1678,4969482421875;69,7042236328125;79282,6796875;-127,02255249023438;153,15621948242188;-18,963911056518555;0,5609380006790161;0,24300448596477509;0,18581797182559967;0,010810742154717445
427;-1678,4969482421875;69,7042236328125;79282,6796875;-144,42379760742188;136,43899536132812;-19,844226837158203;0,579764723777771;0,24537241458892822;0,192788764834404;0,011266713961958885
428;-1678,4969482421875;69,7042236328125;79282,6796875;-141,15679931640625;122,74583435058594;-19,45246124267578;0,579180896282196;0,24523717164993286;0,19234438240528107;0,011249730363488197
429;-1678,4969482421875;69,7042236328125;79282,6796875;-133,50025939941406;108,25191497802734;-18,407085418701172;0,5751332640647888;0,23829221725463867;0,19196058809757233;0,011140044778585434
430;-1678,4969482421875;69,7042236328125;79282,6796875;-125,08361053466797;90,27162170410156;-16,883281707763672;0,5735931396484375;0,23809467256069183;0,19035741686820984;0,011085922829806805
431;-1678,4969482421875;69,7042236328125;79282,6796875;-121,9801025390625;77,84165954589844;-16,103628158569336;0,5658093690872192;0,23256412148475647;0,18719589710235596;0,010846614837646484
432;-1678,4969482421875;69,7042236328125;79282,6796875;-115,10989379882812;72,65396881103516;-15,076764106750488;0,5381779074668884;0,21846258640289307;0,17848177254199982;0,010203973390161991
433;-1678,4969482421875;69,7042236328125;79282,6796875;-95,56562042236328;56,224365234375;-12,210402488708496;0,5492600202560425;0,22065234184265137;0,18183286488056183;0,010452520102262497
434;-1678,4969482421875;69,7042236328125;79282,6796875;-89,5371322631836;50,81298828125;-11,409358978271484;0,5510362982749939;0,21900959312915802;0,18195319175720215;0,010467734187841415
435;-1678,4969482421875;69,7042236328125;79282,6796875;-114,99842071533203;32,9454345703125;-14,347461700439453;0,5596276521682739;0,22193557024002075;0,18512588739395142;0,010682888329029083
436;-1678,4969482421875;69,7042236328125;79282,6796875;-94,1321792602539;27,11078643798828;-11,77131175994873;0,576694130897522;0,2290218323469162;0,19097350537776947;0,011080914177000523
437;-1678,4969482421875;69,7042236328125;79282,6796875;-98,65968322753906;13,510659217834473;-11,71484088897705;0,5650593638420105;0,2189483940601349;0,18511445820331573;0,01073251198977232
438;-1678,4969482421875;69,7042236328125;79282,6796875;-83,16236877441406;-0,5592567920684814;-10,33500862121582;0,5603783130645752;0,2156667560338974;0,18293020129203796;0,010588928125798702
439;-1678,4969482421875;69,7042236328125;79282,6796875;-98,09342193603516;-15,816465377807617;-12,20909595489502;0,5745455622673035;0,22298090159893036;0,18760773539543152;0,010928142815828323
440;-1678,4969482421875;69,7042236328125;79282,6796875;-90,84166717529297;-25,131591796875;-10,578322410583496;0,5733552575111389;0,21867549419403076;0,18568578362464905;0,010836613364517689
441;-1678,4969482421875;69,7042236328125;79282,6796875;-66,34036254882812;-34,344825744628906;-7,598151683807373;0,5492269396781921;0,2060443013906479;0,1764490306377411;0,010189592838287354
442;-1678,4969482421875;69,7042236328125;79282,6796875;-59,32149887084961;-42,227046966552734;-7,172628402709961;0,5691627860069275;0,21612833440303802;0,18258893489837646;0,010660572908818722
443;-1678,4969482421875;69,7042236328125;79282,6796875;-85,42937469482422;-52,91796112060547;-10,662336349487305;0,5710607171058655;0,21423330903053284;0,18174076080322266;0,0106462137773633
444;-1678,4969482421875;69,7042236328125;79282,6796875;-53,273902893066406;-67,87212371826172;-6,687607765197754;0,5696879029273987;0,2088068574666977;0,17937903106212616;0,01052163913846016
445;-1678,4969482421875;69,7042236328125;79282,6796875;-40,97197723388672;-76,38446044921875;-5,301055908203125;0,5732709169387817;0,21441805362701416;0,18017128109931946;0,010603387840092182
446;-1678,4969482421875;69,7042236328125;79282,6796875;-22,147216796875;-85,3088150024414;-3,1388776302337646;0,5655052661895752;0,20791995525360107;0,17592965066432953;0,010339106433093548
447;-1678,4969482421875;69,7042236328125;79282,6796875;-26,616111755371094;-97,32088470458984;-3,940574884414673;0,5628700256347656;0,20872484147548676;0,17416222393512726;0,010240644216537476
448;-1678,4969482421875;69,7042236328125;79282,6796875;-38,077083587646484;-106,65760803222656;-4,984612941741943;0,5555106401443481;0,2029019147157669;0,17009522020816803;0,009987699799239635
449;-1678,4969482421875;69,7042236328125;79282,6796875;-19,645296096801758;-108,057861328125;-2,656322956085205;0,5507202744483948;0,2017253190279007;0,16739898920059204;0,009821530431509018
450;-1678,4969482421875;69,7042236328125;79282,6796875;27,437345504760742;-122,34896850585938;2,979996919631958;0,5627217888832092;0,2115200310945511;0,170485258102417;0,010080312378704548
451;-1678,4969482421875;69,7042236328125;79282,6796875;29,665164947509766;-142,09230041503906;3,006701946258545;0,5597688555717468;0,19692786037921906;0,16612845659255981;0,009843750856816769
452;-1678,4969482421875;69,7042236328125;79282,6796875;9,047958374023438;-149,89515686035156;-0,15024326741695404;0,5447636842727661;0,19312913715839386;0,16049836575984955;0,009447327814996243
453;-1678,4969482421875;69,7042236328125;79282,6796875;-6,538580894470215;-152,68545532226562;-1,7136088609695435;0,5463287234306335;0,20021241903305054;0,16049040853977203;0,009469880722463131
454;-1678,4969482421875;69,7042236328125;79282,6796875;52,29155349731445;-169,6199493408203;4,969988822937012;0,5609767436981201;0,2017735093832016;0,1627749800682068;0,00971574429422617
455;-1678,4969482421875;69,7042236328125;79282,6796875;61,98295211791992;-192,0633544921875;6,5697431564331055;0,5478494167327881;0,19298933446407318;0,15697212517261505;0,00930989533662796
456;-1678,4969482421875;69,7042236328125;79282,6796875;71,8763427734375;-201,3992462158203;8,120223999023438;0,5738246440887451;0,20779013633728027;0,16372732818126678;0,009880870580673218
457;-1678,4969482421875;69,7042236328125;79282,6796875;62,20552444458008;-212,74636840820312;6,507980823516846;0,5623842477798462;0,20369474589824677;0,15904872119426727;0,009547370485961437
458;-1678,4969482421875;69,7042236328125;79282,6796875;67,19544219970703;-221,61709594726562;7,485665798187256;0,5811591148376465;0,21187275648117065;0,1631167232990265;0,009911983273923397
459;-1678,4969482421875;69,7042236328125;79282,6796875;93,09077453613281;-238,07498168945312;10,159062385559082;0,5708160996437073;0,20991362631320953;0,15909835696220398;0,009613280184566975
460;-1678,4969482421875;69,7042236328125;79282,6796875;127,91350555419922;-245,46823120117188;14,286259651184082;0,5732572674751282;0,20977531373500824;0,15832599997520447;0,00958509836345911
461;-1678,4969482421875;69,7042236328125;79282,6796875;113,546142578125;-252,3915252685547;13,206038475036621;0,581757664680481;0,20847734808921814;0,1588333249092102;0,009670051746070385
462;-1678,4969482421875;69,7042236328125;79282,6796875;130,21591186523438;-258,86346435546875;14,674863815307617;0,5958396792411804;0,21685710549354553;0,16190902888774872;0,009929591789841652
463;-1678,4969482421875;69,7042236328125;79282,6796875;97,66718292236328;-270,0604248046875;10,99826431274414;0,5878224968910217;0,21086667478084564;0,15823377668857574;0,00965411402285099
464;-1678,4969482421875;69,7042236328125;79282,6796875;116,74325561523438;-286,0670166015625;13,340143203735352;0,5899386405944824;0,2156248539686203;0,15830066800117493;0,009650345891714096
465;-1678,4969482421875;69,7042236328125;79282,6796875;102,37894439697266;-300,2989807128906;11,308377265930176;0,5951229333877563;0,21547244489192963;0,15851961076259613;0,00967381615191698
466;-1678,4969482421875;69,7042236328125;79282,6796875;120,33734130859375;-318,7456970214844;13,419482231140137;0,5911356210708618;0,21365095674991608;0,15660995244979858;0,009505421854555607
467;-1678,4969482421875;69,7042236328125;79282,6796875;181,31883239746094;-346,6309814453125;21,878568649291992;0,606264054775238;0,22007368505001068;0,16002212464809418;0,00975942611694336
468;-1678,4969482421875;69,7042236328125;79282,6796875;146,55467224121094;-364,1177978515625;17,890539169311523;0,6119747161865234;0,22164635360240936;0,16090047359466553;0,009802876971662045
469;-1678,4969482421875;69,7042236328125;79282,6796875;131,89596557617188;-374,48260498046875;15,241043090820312;0,6059939861297607;0,22006072103977203;0,15896356105804443;0,009602590464055538
470;-1678,4969482421875;69,7042236328125;79282,6796875;166,75064086914062;-391,4627990722656;19,617895126342773;0,6159318685531616;0,22751809656620026;0,16169734299182892;0,009761271998286247
471;-1678,4969482421875;69,7042236328125;79282,6796875;197,5695343017578;-420,3504333496094;24,05390167236328;0,6178659796714783;0,2247001826763153;0,1616077721118927;0,009701324626803398
472;-1678,4969482421875;69,7042236328125;79282,6796875;196,3653564453125;-436,4402770996094;24,542695999145508;0,6210229396820068;0,22611801326274872;0,16242554783821106;0,009694245643913746
473;-1678,4969482421875;69,7042236328125;79282,6796875;219,77801513671875;-447,8952331542969;27,441326141357422;0,5890698432922363;0,18195655941963196;0,150872603058815;0,00868974532932043
474;-1678,4969482421875;69,7042236328125;79282,6796875;225,03758239746094;-462,50811767578125;28,336483001708984;0,6110086441040039;0,2105749100446701;0,1589074730873108;0,009254829958081245
475;-1678,4969482421875;69,7042236328125;79282,6796875;234,02789306640625;-471,84161376953125;29,75351905822754;0,591472864151001;0,1798822283744812;0,15199695527553558;0,00857909582555294
476;-1678,4969482421875;69,7042236328125;79282,6796875;229,9617919921875;-476,8102722167969;29,574628829956055;0,5938963890075684;0,1903335005044937;0,15404219925403595;0,008650814183056355
477;-1678,4969482421875;69,7042236328125;79282,6796875;264,6686706542969;-486,0971984863281;33,662994384765625;0,6008726358413696;0,19873853027820587;0,15705692768096924;0,008776943199336529
478;-1678,4969482421875;69,7042236328125;79282,6796875;267,7547302246094;-491,79864501953125;34,861549377441406;0,6063393354415894;0,19693517684936523;0,15896770358085632;0,008796385489404202
479;-1678,4969482421875;69,7042236328125;79282,6796875;260,6942138671875;-493,0084228515625;34,03487777709961;0,6175557374954224;0,21266049146652222;0,16382715106010437;0,0090498561039567
480;-1678,4969482421875;69,7042236328125;79282,6796875;271,4117431640625;-493,15826416015625;35,45499801635742;0,6235768795013428;0,21406903862953186;0,16636347770690918;0,009104380384087563
481;-1678,4969482421875;69,7042236328125;79282,6796875;240,1925048828125;-489,36285400390625;31,41655731201172;0,616908073425293;0,19943581521511078;0,16475793719291687;0,008821574971079826
482;-1678,4969482421875;69,7042236328125;79282,6796875;286,9085998535156;-504,1763610839844;37,99513244628906;0,6086068153381348;0,197452113032341;0,16377247869968414;0,008599520660936832
483;-1678,4969482421875;69,7042236328125;79282,6796875;311,4316101074219;-507,09637451171875;41,409244537353516;0,6046469211578369;0,20578286051750183;0,1646118015050888;0,008524387143552303
484;-1678,4969482421875;69,7042236328125;79282,6796875;295,0253601074219;-502,7255859375;39,44135284423828;0,6206955909729004;0,1953987330198288;0,16932520270347595;0,008684651926159859
485;-1678,4969482421875;69,7042236328125;79282,6796875;290,7438659667969;-506,4750671386719;39,28558349609375;0,6025076508522034;0,19440682232379913;0,16605375707149506;0,008304986171424389
486;-1678,4969482421875;69,7042236328125;79282,6796875;357,1765441894531;-529,0305786132812;48,66264724731445;0,6479685306549072;0,19717887043952942;0,1794814169406891;0,009051323868334293
487;-1678,4969482421875;69,7042236328125;79282,6796875;303,96685791015625;-505,9336853027344;41,57919692993164;0,6056181192398071;0,18888674676418304;0,16952979564666748;0,008220463059842587
488;-1678,4969482421875;69,7042236328125;79282,6796875;351,6462707519531;-516,1893310546875;47,778709411621094;0,6017453670501709;0,1851980835199356;0,16986240446567535;0,00807581190019846
489;-1678,4969482421875;69,7042236328125;79282,6796875;305,8580017089844;-505,33990478515625;41,57612991333008;0,6023752689361572;0,17532727122306824;0,1712462157011032;0,007964469492435455
490;-1678,4969482421875;69,7042236328125;79282,6796875;303,90472412109375;-502,64508056640625;41,49978256225586;0,5939013361930847;0,17578718066215515;0,1705572009086609;0,00778103806078434
491;-1678,4969482421875;69,7042236328125;79282,6796875;318,66351318359375;-511,83123779296875;43,68878936767578;0,5927804112434387;0,17036984860897064;0,17169170081615448;0,0076746148988604546
492;-1678,4969482421875;69,7042236328125;79282,6796875;288,2403869628906;-497,4486999511719;39,772701263427734;0,5815162658691406;0,1544414460659027;0,16972050070762634;0,00729315634816885
493;-1678,4969482421875;69,7042236328125;79282,6796875;326,52850341796875;-503,5116271972656;44,922019958496094;0,5858702659606934;0,16756951808929443;0,17290471494197845;0,007455573417246342
494;-1678,4969482421875;69,7042236328125;79282,6796875;277,74786376953125;-485,4773254394531;38,84199905395508;0,5750471353530884;0,14571510255336761;0,17098496854305267;0,007012630812823772
495;-1678,4969482421875;69,7042236328125;79282,6796875;257,2513427734375;-488,3534851074219;36,96770477294922;0,5558067560195923;0,14990222454071045;0,1669904887676239;0,006706031039357185
496;-1678,4969482421875;69,7042236328125;79282,6796875;241,36083984375;-480,4693908691406;34,98935317993164;0,552929162979126;0,1460609883069992;0,1676400899887085;0,006583398673683405
497;-1678,4969482421875;69,7042236328125;79282,6796875;228,9679718017578;-479,67816162109375;33,36219787597656;0,5503678917884827;0,14813707768917084;0,16840822994709015;0,006529292091727257
498;-1678,4969482421875;69,7042236328125;79282,6796875;218,71957397460938;-468,33416748046875;32,38102340698242;0,5551098585128784;0,1529293954372406;0,17136314511299133;0,006629087496548891
499;-1678,4969482421875;69,7042236328125;79282,6796875;250,1400909423828;-488,21337890625;36,92002487182617;0,5580025315284729;0,15586106479167938;0,17370720207691193;0,006676399149000645
500;-1678,4969482421875;69,7042236328125;79282,6796875;224,49278259277344;-473,65521240234375;33,69765853881836;0,5563855767250061;0,1552906036376953;0,17463725805282593;0,006615047808736563
501;-1678,4969482421875;69,7042236328125;79282,6796875;202,37290954589844;-475,94940185546875;31,409902572631836;0,545883059501648;0,15734507143497467;0,17264151573181152;0,006420206278562546
502;-1678,4969482421875;69,7042236328125;79282,6796875;248,75564575195312;-488,2491760253906;38,172977447509766;0,5510389804840088;0,155955970287323;0,17563967406749725;0,0064724343828856945
503;-1678,4969482421875;69,7042236328125;79282,6796875;227,80320739746094;-475,52069091796875;35,302154541015625;0,5460062026977539;0,16041383147239685;0,1751597821712494;0,006397354882210493
504;-1678,4969482421875;69,7042236328125;79282,6796875;191,29965209960938;-470,1918029785156;30,227895736694336;0,5482879281044006;0,16184812784194946;0,17711125314235687;0,006430803798139095
505;-1678,4969482421875;69,7042236328125;79282,6796875;202,92605590820312;-461,5778503417969;31,95647430419922;0,5510213375091553;0,1632091999053955;0,17915888130664825;0,006470344960689545
506;-1678,4969482421875;69,7042236328125;79282,6796875;191,67967224121094;-456,6227722167969;31,157146453857422;0,5528305768966675;0,16598010063171387;0,18079246580600739;0,006506307981908321
507;-1678,4969482421875;69,7042236328125;79282,6796875;173,0717010498047;-460,99151611328125;29,06877326965332;0,5549272298812866;0,17018955945968628;0,18235719203948975;0,006557926535606384
508;-1678,4969482421875;69,7042236328125;79282,6796875;180,57534790039062;-456,9121398925781;30,254064559936523;0,5416244864463806;0,1680869311094284;0,1788492053747177;0,006274283863604069
509;-1678,4969482421875;69,7042236328125;79282,6796875;156,80404663085938;-441,3565979003906;26,805633544921875;0,5279726982116699;0,16296471655368805;0,17544566094875336;0,0059693739749491215
510;-1678,4969482421875;69,7042236328125;79282,6796875;155,80506896972656;-448,191162109375;26,991086959838867;0,5373676419258118;0,16601897776126862;0,17960315942764282;0,006158584263175726
511;-1678,4969482421875;69,7042236328125;79282,6796875;116,98047637939453;-452,6085205078125;22,710956573486328;0,5336830615997314;0,16737401485443115;0,17908166348934174;0,0060900310054421425
512;-1678,4969482421875;69,7042236328125;79282,6796875;168,62168884277344;-459,4631652832031;29,23460578918457;0,5361385345458984;0,16784100234508514;0,18106609582901;0,00611115712672472
513;-1678,4969482421875;69,7042236328125;79282,6796875;174,59811401367188;-451,7001953125;30,46356964111328;0,5261347889900208;0,16971729695796967;0,17766641080379486;0,005940440576523542
514;-1678,4969482421875;69,7042236328125;79282,6796875;150,53924560546875;-432,0882263183594;27,301292419433594;0,5071702003479004;0,16600778698921204;0,17166978120803833;0,005523288156837225
515;-1678,4969482421875;69,7042236328125;79282,6796875;128,43370056152344;-430,1588439941406;24,22226333618164;0,5257691740989685;0,17412279546260834;0,1785121113061905;0,005954536609351635
516;-1678,4969482421875;69,7042236328125;79282,6796875;114,0925064086914;-415,52880859375;22,28756332397461;0,5373284816741943;0,18087129294872284;0,18240337073802948;0,006213134154677391
517;-1678,4969482421875;69,7042236328125;79282,6796875;92,1234359741211;-404,73724365234375;19,613576889038086;0,5227640867233276;0,1779148131608963;0,17802435159683228;0,005914079025387764
518;-1678,4969482421875;69,7042236328125;79282,6796875;103,25935363769531;-407,7654724121094;21,1977596282959;0,489201158285141;0,1684664785861969;0,16885100305080414;0,005148943047970533
519;-1678,4969482421875;69,7042236328125;79282,6796875;92,37239837646484;-383,1845703125;19,68608283996582;0,5509306788444519;0,19220398366451263;0,18736286461353302;0,00653932336717844
520;-1678,4969482421875;69,7042236328125;79282,6796875;63,13224792480469;-366,63494873046875;15,980040550231934;0,4805848300457001;0,17093463242053986;0,16505329310894012;0,005022471304982901
521;-1678,4969482421875;69,7042236328125;79282,6796875;85,73812866210938;-359,4472351074219;18,97641372680664;0,5388241410255432;0,19240215420722961;0,18329447507858276;0,00631325738504529
522;-1678,4969482421875;69,7042236328125;79282,6796875;50,893821716308594;-344,59619140625;13,985000610351562;0,5383569598197937;0,19412383437156677;0,1828286498785019;0,006311411038041115
523;-1678,4969482421875;69,7042236328125;79282,6796875;22,88253402709961;-319,3101806640625;9,705046653747559;0,5643935799598694;0,20253600180149078;0,18984323740005493;0,006781348027288914
524;-1678,4969482421875;69,7042236328125;79282,6796875;28,83500099182129;-311,95965576171875;10,785555839538574;0,5120908617973328;0,19161877036094666;0,17475396394729614;0,0058356523513793945
525;-1678,4969482421875;69,7042236328125;79282,6796875;29,3491268157959;-308,54766845703125;10,843077659606934;0,5278652906417847;0,19872908294200897;0,17930108308792114;0,006191558204591274
526;-1678,4969482421875;69,7042236328125;79282,6796875;38,67098617553711;-299,5807189941406;12,700136184692383;0,5238521695137024;0,19989655911922455;0,1776713728904724;0,006134272553026676
527;-1678,4969482421875;69,7042236328125;79282,6796875;27,419940948486328;-293,8120422363281;10,839380264282227;0,5465412139892578;0,209768146276474;0,1844906061887741;0,006641659885644913
528;-1678,4969482421875;69,7042236328125;79282,6796875;11,727258682250977;-271,3743896484375;7,688694477081299;0,5399113893508911;0,21088415384292603;0,1821567565202713;0,00654981192201376
529;-1678,4969482421875;69,7042236328125;79282,6796875;8,970739364624023;-265,7043762207031;7,237217903137207;0,5323383212089539;0,21244239807128906;0,17966154217720032;0,0064466833136975765
530;-1678,4969482421875;69,7042236328125;79282,6796875;33,68339157104492;-253,68112182617188;10,163227081298828;0,5561795830726624;0,22131352126598358;0,18612785637378693;0,006952902767807245
531;-1678,4969482421875;69,7042236328125;79282,6796875;28,248720169067383;-240,78363037109375;9,560285568237305;0,5613399744033813;0,22500941157341003;0,1869194209575653;0,007087383884936571
532;-1678,4969482421875;69,7042236328125;79282,6796875;8,386027336120605;-219,43560791015625;6,474326133728027;0,5824822783470154;0,2295769453048706;0,19152210652828217;0,007473969832062721
533;-1678,4969482421875;69,7042236328125;79282,6796875;2,7527356147766113;-220,57235717773438;5,305782794952393;0,5568158626556396;0,2299775928258896;0,1843443512916565;0,007094576954841614
534;-1678,4969482421875;69,7042236328125;79282,6796875;-6,895523548126221;-201,67654418945312;4,259799480438232;0,567794919013977;0,23736461997032166;0,18719810247421265;0,007371841464191675
535;-1678,4969482421875;69,7042236328125;79282,6796875;-19,67455291748047;-184,19549560546875;1,903891921043396;0,5764461755752563;0,24190407991409302;0,18873721361160278;0,007578697055578232
536;-1678,4969482421875;69,7042236328125;79282,6796875;-14,210529327392578;-167,29747009277344;1,2124292850494385;0,5901421904563904;0,2428281158208847;0,19050751626491547;0,007814912125468254
537;-1678,4969482421875;69,7042236328125;79282,6796875;-36,65443801879883;-161,9808349609375;-0,9739459753036499;0,5876210331916809;0,251722127199173;0,1903926134109497;0,007904019206762314
538;-1678,4969482421875;69,7042236328125;79282,6796875;12,177184104919434;-142,295166015625;4,0601806640625;0,5771490931510925;0,24705560505390167;0,18533232808113098;0,0077021378092467785
539;-1678,4969482421875;69,7042236328125;79282,6796875;-9,556984901428223;-139,97525024414062;0,7802659273147583;0,5909228920936584;0,256234735250473;0,1888408064842224;0,008050207048654556
540;-1678,4969482421875;69,7042236328125;79282,6796875;16,048219680786133;-128,4884796142578;3,588043689727783;0,5905143618583679;0,2564084529876709;0,18710878491401672;0,008068889379501343
541;-1678,4969482421875;69,7042236328125;79282,6796875;4,5107293128967285;-121,3467788696289;1,9041920900344849;0,573939323425293;0,25105008482933044;0,180637389421463;0,00776809873059392
542;-1678,4969482421875;69,7042236328125;79282,6796875;23,66130828857422;-100,90414428710938;3,676208019256592;0,5911368727684021;0,2621445655822754;0,1851375252008438;0,008198956027626991
543;-1678,4969482421875;69,7042236328125;79282,6796875;49,294429779052734;-96,18651580810547;6,328492641448975;0,6232278943061829;0,27348586916923523;0,19279679656028748;0,008856803178787231
544;-1678,4969482421875;69,7042236328125;79282,6796875;17,860408782958984;-95,73615264892578;1,8757967948913574;0,618811309337616;0,27091339230537415;0,18957874178886414;0,008791777305305004
545;-1678,4969482421875;69,7042236328125;79282,6796875;30,12527084350586;-87,2661361694336;3,027169942855835;0,6287722587585449;0,2838757336139679;0,1926726996898651;0,009127135388553143
546;-1678,4969482421875;69,7042236328125;79282,6796875;26,162134170532227;-73,79022979736328;2,0771493911743164;0,6182702779769897;0,28031179308891296;0,18800035119056702;0,008964047767221928
547;-1678,4969482421875;69,7042236328125;79282,6796875;51,602012634277344;-55,61854553222656;5,1088762283325195;0,6148213744163513;0,28597399592399597;0,18677903711795807;0,009007609449326992
548;-1678,4969482421875;69,7042236328125;79282,6796875;83,51383209228516;-47,069541931152344;8,151644706726074;0,6259096264839172;0,29041460156440735;0,18831664323806763;0,00927113089710474
549;-1678,4969482421875;69,7042236328125;79282,6796875;66,91586303710938;-40,53622817993164;6,0690388679504395;0,6529672741889954;0,30241453647613525;0,1946592479944229;0,009863750077784061
550;-1678,4969482421875;69,7042236328125;79282,6796875;68,87556457519531;-27,875782012939453;5,5201826095581055;0,6556885242462158;0,30987370014190674;0,19509828090667725;0,01002658810466528
551;-1678,4969482421875;69,7042236328125;79282,6796875;27,16501808166504;-26,83639907836914;-0,3065054416656494;0,6666103005409241;0,31343314051628113;0,19642579555511475;0,010288557037711143
552;-1678,4969482421875;69,7042236328125;79282,6796875;24,952991485595703;-26,1403865814209;-0,4179331362247467;0,6414194703102112;0,32114797830581665;0,1915331929922104;0,009990908205509186
553;-1678,4969482421875;69,7042236328125;79282,6796875;55,22259521484375;-6,275609493255615;2,666102886199951;0,6650654077529907;0,3230106830596924;0,1950458288192749;0,01045986171811819
554;-1678,4969482421875;69,7042236328125;79282,6796875;50,57223892211914;-1,609533667564392;1,538702368736267;0,6649857759475708;0,32050377130508423;0,19314192235469818;0,01049828715622425
555;-1678,4969482421875;69,7042236328125;79282,6796875;31,807010650634766;-2,754521369934082;-1,5271892547607422;0,6592656970024109;0,33123111724853516;0,19292958080768585;0,010552865453064442
556;-1678,4969482421875;69,7042236328125;79282,6796875;32,93745422363281;1,8639376163482666;-1,8754069805145264;0,6636762022972107;0,33362388610839844;0,19304849207401276;0,010710914619266987
557;-1678,4969482421875;69,7042236328125;79282,6796875;-3,9879891872406006;10,458696365356445;-6,829204082489014;0,6602568626403809;0,33453574776649475;0,19150470197200775;0,010729261673986912
558;-1678,4969482421875;69,7042236328125;79282,6796875;16,48403549194336;20,70622444152832;-4,896252155303955;0,6578799486160278;0,32984963059425354;0,18913929164409637;0,010722437873482704
559;-1678,4969482421875;69,7042236328125;79282,6796875;2,479907274246216;30,601362228393555;-6,679506778717041;0,6529260277748108;0,3343881070613861;0,1882496178150177;0,010741865262389183
560;-1678,4969482421875;69,7042236328125;79282,6796875;18,187931060791016;45,72399139404297;-5,277426242828369;0,6739347577095032;0,3394504487514496;0,19243404269218445;0,011208679527044296
561;-1678,4969482421875;69,7042236328125;79282,6796875;18,80120849609375;60,17969512939453;-5,85272741317749;0,6581428647041321;0,33761775493621826;0,18849340081214905;0,010998661629855633
562;-1678,4969482421875;69,7042236328125;79282,6796875;1,9263511896133423;61,60939407348633;-8,20397663116455;0,6309589743614197;0,32522445917129517;0,18053780496120453;0,010510399006307125
563;-1678,4969482421875;69,7042236328125;79282,6796875;5,440445899963379;83,56510162353516;-7,84993839263916;0,6312827467918396;0,3340289890766144;0,18191196024417877;0,010647248476743698
564;-1678,4969482421875;69,7042236328125;79282,6796875;-21,45716094970703;89,40877532958984;-10,376288414001465;0,6512356400489807;0,33573538064956665;0,1857740879058838;0,011091172695159912
565;-1678,4969482421875;69,7042236328125;79282,6796875;-9,47092056274414;106,78724670410156;-8,696688652038574;0,6489595770835876;0,3438704013824463;0,18672379851341248;0,011177671141922474
566;-1678,4969482421875;69,7042236328125;79282,6796875;-22,140947341918945;117,30326080322266;-11,223718643188477;0,644565761089325;0,3331981897354126;0,18398533761501312;0,011108357459306717
567;-1678,4969482421875;69,7042236328125;79282,6796875;-59,74503707885742;114,65738677978516;-15,489439964294434;0,6526685357093811;0,33725762367248535;0,18645881116390228;0,011361935175955296
568;-1678,4969482421875;69,7042236328125;79282,6796875;-85,67837524414062;106,47482299804688;-18,776704788208008;0,6477325558662415;0,3470819890499115;0,18748316168785095;0,011409898288547993
569;-1678,4969482421875;69,7042236328125;79282,6796875;-54,62206268310547;121,70352935791016;-14,921006202697754;0,6532590985298157;0,34033969044685364;0,1878216415643692;0,011551599018275738
570;-1678,4969482421875;69,7042236328125;79282,6796875;-34,058753967285156;129,93417358398438;-12,730737686157227;0,649909496307373;0,3379017114639282;0,1872791200876236;0,011552403680980206
571;-1678,4969482421875;69,7042236328125;79282,6796875;-55,09640121459961;129,6260528564453;-14,953084945678711;0,6441518068313599;0,3313813805580139;0,18572133779525757;0,011482547968626022
572;-1678,4969482421875;69,7042236328125;79282,6796875;-84,81785583496094;126,3728256225586;-18,954389572143555;0,6437737345695496;0,3303494453430176;0,18627038598060608;0,01154981181025505
573;-1678,4969482421875;69,7042236328125;79282,6796875;-79,75355529785156;138,8739776611328;-18,3464298248291;0,6510547995567322;0,33624017238616943;0,18957971036434174;0,011803568340837955
574;-1678,4969482421875;69,7042236328125;79282,6796875;-63,76674270629883;160,4947052001953;-16,13131332397461;0,6329911947250366;0,3266969621181488;0,18522366881370544;0,011477742344141006
575;-1678,4969482421875;69,7042236328125;79282,6796875;-60,340187072753906;164,48721313476562;-16,130552291870117;0,6479327082633972;0,33042821288108826;0,190104678273201;0,011862458661198616
576;-1678,4969482421875;69,7042236328125;79282,6796875;-24,681201934814453;176,94033813476562;-10,508143424987793;0,6441161036491394;0,32453709840774536;0,18959788978099823;0,011824578046798706
577;-1678,4969482421875;69,7042236328125;79282,6796875;-63,92039489746094;172,4822540283203;-16,49135971069336;0,6229981184005737;0,3103955388069153;0,18414656817913055;0,011401739902794361
578;-1678,4969482421875;69,7042236328125;79282,6796875;-79,09183502197266;165,14695739746094;-17,790863037109375;0,6450018286705017;0,330983966588974;0,19312085211277008;0,012038812041282654
579;-1678,4969482421875;69,7042236328125;79282,6796875;-88,59373474121094;166,0152587890625;-18,818462371826172;0,6261184215545654;0,32101574540138245;0,18869449198246002;0,01168183796107769
580;-1678,4969482421875;69,7042236328125;79282,6796875;-57,58837890625;178,02108764648438;-15,10705852508545;0,6249948143959045;0,3169947564601898;0,1892612725496292;0,011705632321536541
581;-1678,4969482421875;69,7042236328125;79282,6796875;-81,80718994140625;163,91937255859375;-17,963211059570312;0,6149950623512268;0,31115052103996277;0,18747276067733765;0,011541901156306267
582;-1678,4969482421875;69,7042236328125;79282,6796875;-104,65928649902344;163,70895385742188;-19,95707893371582;0,6104766726493835;0,3093034327030182;0,18745861947536469;0,011505166068673134
583;-1678,4969482421875;69,7042236328125;79282,6796875;-99,60285186767578;163,8899688720703;-19,60259437561035;0,591412365436554;0,2896450161933899;0,1819632649421692;0,01106672827154398
584;-1678,4969482421875;69,7042236328125;79282,6796875;-110,17269134521484;166,40220642089844;-20,50735855102539;0,5976157188415527;0,29523295164108276;0,18542003631591797;0,01129160076379776
585;-1678,4969482421875;69,7042236328125;79282,6796875;-83,56968688964844;169,85426330566406;-16,678422927856445;0,5694385766983032;0,28039485216140747;0,17783403396606445;0,010678809136152267
586;-1678,4969482421875;69,7042236328125;79282,6796875;-97,94507598876953;168,32388305664062;-18,657772064208984;0,593498170375824;0,2965520918369293;0,18691734969615936;0,011313138529658318
587;-1678,4969482421875;69,7042236328125;79282,6796875;-121,7786636352539;162,89971923828125;-21,46635627746582;0,5864627361297607;0,2874872386455536;0,185516819357872;0,011181287467479706
588;-1678,4969482421875;69,7042236328125;79282,6796875;-158,82542419433594;150,6481475830078;-25,848712921142578;0,6062362194061279;0,2927601635456085;0,19272121787071228;0,011680959723889828
589;-1678,4969482421875;69,7042236328125;79282,6796875;-173,34999084472656;148,8400115966797;-27,461597442626953;0,6008685231208801;0,2944246828556061;0,19236986339092255;0,01159910298883915
590;-1678,4969482421875;69,7042236328125;79282,6796875;-74,36786651611328;178,08267211914062;-14,303107261657715;0,5858262181282043;0,27500733733177185;0,1880580186843872;0,011249551549553871
591;-1678,4969482421875;69,7042236328125;79282,6796875;-93,89189910888672;179,5274200439453;-16,693735122680664;0,5986864566802979;0,28182265162467957;0,19324982166290283;0,01159735769033432
592;-1678,4969482421875;69,7042236328125;79282,6796875;-147,89682006835938;164,36192321777344;-22,991819381713867;0,589034378528595;0,27321454882621765;0,1909751445055008;0,011395036242902279
593;-1678,4969482421875;69,7042236328125;79282,6796875;-128,04360961914062;158,51954650878906;-20,084827423095703;0,5950581431388855;0,2710883319377899;0,19373486936092377;0,011553855612874031
594;-1678,4969482421875;69,7042236328125;79282,6796875;-134,35963439941406;156,3700408935547;-20,650554656982422;0,6005303859710693;0,2720969319343567;0,19631034135818481;0,011709942482411861
595;-1678,4969482421875;69,7042236328125;79282,6796875;-107,78984069824219;160,23214721679688;-17,473234176635742;0,6002531051635742;0,26621806621551514;0,19698187708854675;0,011708601377904415
596;-1678,4969482421875;69,7042236328125;79282,6796875;-111,2867660522461;145,8581085205078;-17,26408576965332;0,5870583653450012;0,2549317479133606;0,19342003762722015;0,01138470321893692
597;-1678,4969482421875;69,7042236328125;79282,6796875;-81,88546752929688;144,50730895996094;-12,753649711608887;0,5758109092712402;0,2517273724079132;0,1901378631591797;0,011153185740113258
598;-1678,4969482421875;69,7042236328125;79282,6796875;-92,94872283935547;145,68028259277344;-14,080430030822754;0,5991072058677673;0,2582341730594635;0,198421910405159;0,01171990018337965
599;-1678,4969482421875;69,7042236328125;79282,6796875;-116,60450744628906;140,0228729248047;-17,143558502197266;0,5553852915763855;0,23978090286254883;0,18406833708286285;0,010676397942006588
600;-1678,4969482421875;69,7042236328125;79282,6796875;-93,96656036376953;136,6949462890625;-12,882269859313965;0,592908501625061;0,25357601046562195;0,1967455893754959;0,011579727753996849
601;-1678,4969482421875;69,7042236328125;79282,6796875;-118,88151550292969;132,2712860107422;-16,82528305053711;0,578773558139801;0,24565967917442322;0,1920776069164276;0,011231846176087856
602;-1678,4969482421875;69,7042236328125;79282,6796875;-130,90342712402344;133,96534729003906;-18,04674530029297;0,5708189010620117;0,2369755655527115;0,19036956131458282;0,011040735989809036
603;-1678,4969482421875;69,7042236328125;79282,6796875;-98,07340240478516;129,06732177734375;-13,733071327209473;0,596416711807251;0,24663132429122925;0,19848299026489258;0,011655530892312527
604;-1678,4969482421875;69,7042236328125;79282,6796875;-139,0390167236328;123,44784545898438;-18,917387008666992;0,5528193712234497;0,22689500451087952;0,1834348738193512;0,010575485415756702
605;-1678,4969482421875;69,7042236328125;79282,6796875;-128,06234741210938;124,2086181640625;-17,334381103515625;0,5531293153762817;0,22458264231681824;0,18333013355731964;0,010564668104052544
606;-1678,4969482421875;69,7042236328125;79282,6796875;-99,677734375;122,95755767822266;-14,042943000793457;0,5536536574363708;0,22268232703208923;0,18352551758289337;0,010569605976343155
607;-1678,4969482421875;69,7042236328125;79282,6796875;-91,6872787475586;130,24024963378906;-12,25583267211914;0,571488082408905;0,22893419861793518;0,18986308574676514;0,010997970588505268
608;-1678,4969482421875;69,7042236328125;79282,6796875;-128,72775268554688;117,02425384521484;-17,608427047729492;0,5489175319671631;0,21626059710979462;0,1808866709470749;0,010397689417004585
609;-1678,4969482421875;69,7042236328125;79282,6796875;-139,81861877441406;106,13995361328125;-19,365388870239258;0,5720294117927551;0,2259920984506607;0,18897145986557007;0,010966573841869831
610;-1678,4969482421875;69,7042236328125;79282,6796875;-118,50971984863281;108,45964813232422;-16,210498809814453;0,5581907629966736;0,21640312671661377;0,18290089070796967;0,01056975033134222
611;-1678,4969482421875;69,7042236328125;79282,6796875;-125,2872543334961;99,14430236816406;-17,406160354614258;0,572300136089325;0,22142335772514343;0,1871572881937027;0,010893413797020912
612;-1678,4969482421875;69,7042236328125;79282,6796875;-106,81283569335938;102,07681274414062;-15,927411079406738;0,549402117729187;0,21031972765922546;0,17867615818977356;0,010294109582901001
613;-1678,4969482421875;69,7042236328125;79282,6796875;-115,55874633789062;89,5713882446289;-16,291189193725586;0,5631445050239563;0,21202747523784637;0,1817622184753418;0,010560384020209312
614;-1678,4969482421875;69,7042236328125;79282,6796875;-122,72402954101562;76,0450210571289;-17,46246910095215;0,5568431615829468;0,20469190180301666;0,17801892757415771;0,010316399857401848
615;-1678,4969482421875;69,7042236328125;79282,6796875;-86,27224731445312;71,10753631591797;-13,316561698913574;0,5560674667358398;0,20393094420433044;0,17696048319339752;0,01026899740099907
616;-1678,4969482421875;69,7042236328125;79282,6796875;-96,04395294189453;61,06571578979492;-14,48464298248291;0,5652036666870117;0,21538996696472168;0,18057145178318024;0,01053481362760067
617;-1678,4969482421875;69,7042236328125;79282,6796875;-74,96228790283203;52,480735778808594;-11,606908798217773;0,5535057187080383;0,201426699757576;0,17406761646270752;0,01012437418103218
618;-1678,4969482421875;69,7042236328125;79282,6796875;-109,19666290283203;43,26264953613281;-16,57060432434082;0,5547564029693604;0,1999213695526123;0,1730734258890152;0,01009416300803423
619;-1678,4969482421875;69,7042236328125;79282,6796875;-93,25035858154297;40,41471862792969;-15,498111724853516;0,5609105229377747;0,20871847867965698;0,17497876286506653;0,010257543064653873
620;-1678,4969482421875;69,7042236328125;79282,6796875;-63,93927764892578;18,202306747436523;-10,866131782531738;0,5662195682525635;0,20835734903812408;0,1749899536371231;0,010311372578144073
621;-1678,4969482421875;69,7042236328125;79282,6796875;-83,17733764648438;5,402400016784668;-13,173798561096191;0,563803493976593;0,2095506191253662;0,17327474057674408;0,010217217728495598
622;-1678,4969482421875;69,7042236328125;79282,6796875;-51,51948165893555;-13,682722091674805;-8,937614440917969;0,5792457461357117;0,2157050520181656;0,17668093740940094;0,010524477809667587
623;-1678,4969482421875;69,7042236328125;79282,6796875;-70,03450012207031;-28,8665828704834;-11,90300464630127;0,5637899041175842;0,20893892645835876;0,17039670050144196;0,01009448990225792
624;-1678,4969482421875;69,7042236328125;79282,6796875;-62,063438415527344;-36,551639556884766;-11,248947143554688;0,549412727355957;0,19991910457611084;0,16409333050251007;0,009666363708674908
625;-1678,4969482421875;69,7042236328125;79282,6796875;-53,40919494628906;-57,013668060302734;-10,258118629455566;0,5563583970069885;0,19028089940547943;0,1629776507616043;0,009656365029513836
626;-1678,4969482421875;69,7042236328125;79282,6796875;-47,324562072753906;-73,38134765625;-8,92080020904541;0,5652198791503906;0,20376798510551453;0,16560068726539612;0,009892480447888374
627;-1678,4969482421875;69,7042236328125;79282,6796875;-44,79792404174805;-78,26170349121094;-9,38152027130127;0,5442219376564026;0,19009965658187866;0,1571756899356842;0,009287414140999317
628;-1678,4969482421875;69,7042236328125;79282,6796875;-14,757609367370605;-90,93219757080078;-5,7692108154296875;0,5491375923156738;0,19394679367542267;0,1574709117412567;0,009350890293717384
629;-1678,4969482421875;69,7042236328125;79282,6796875;-16,018482208251953;-118,08842468261719;-4,856677055358887;0,5597691535949707;0,1971714198589325;0,15900717675685883;0,009522133506834507
630;-1678,4969482421875;69,7042236328125;79282,6796875;-8,59914493560791;-120,90750122070312;-4,651839733123779;0,5626251101493835;0,20442859828472137;0,1592625081539154;0,009564110077917576
631;-1678,4969482421875;69,7042236328125;79282,6796875;-6,312265872955322;-135,28890991210938;-3,7323834896087646;0,5734117031097412;0,20528654754161835;0,16048619151115417;0,009715121239423752
632;-1678,4969482421875;69,7042236328125;79282,6796875;-13,646591186523438;-145,10247802734375;-5,307678699493408;0,5898082256317139;0,2101888656616211;0,16354699432849884;0,010002612136304379
633;-1678,4969482421875;69,7042236328125;79282,6796875;16,381847381591797;-152,99237060546875;-1,8954962491989136;0,5937294960021973;0,2106325924396515;0,16315948963165283;0,010004839859902859
634;-1678,4969482421875;69,7042236328125;79282,6796875;-16,48841094970703;-153,3846893310547;-5,872438907623291;0,591986358165741;0,2153690904378891;0,16211645305156708;0,00993198063224554
635;-1678,4969482421875;69,7042236328125;79282,6796875;23,47789764404297;-166,45761108398438;-1,0527784824371338;0,5927703380584717;0,20917107164859772;0,1602828949689865;0,009821046143770218
636;-1678,4969482421875;69,7042236328125;79282,6796875;7,45060920715332;-179,127197265625;-2,8743033409118652;0,5915973782539368;0,21789102256298065;0,1600373536348343;0,009785129688680172
637;-1678,4969482421875;69,7042236328125;79282,6796875;11,94102954864502;-187,50404357910156;-2,4753687381744385;0,5850265026092529;0,2071036845445633;0,1561860293149948;0,009502840228378773
638;-1678,4969482421875;69,7042236328125;79282,6796875;76,89028930664062;-214,728271484375;5,684328556060791;0,5854864716529846;0,20679354667663574;0,15534093976020813;0,009429019875824451
639;-1678,4969482421875;69,7042236328125;79282,6796875;87,15281677246094;-230,2628173828125;7,523252487182617;0,6134584546089172;0,2183007299900055;0,16213782131671906;0,00996917299926281
640;-1678,4969482421875;69,7042236328125;79282,6796875;70,88262939453125;-239,99868774414062;5,468358993530273;0,6061720252037048;0,21713267266750336;0,15969598293304443;0,009746236726641655
641;-1678,4969482421875;69,7042236328125;79282,6796875;82,71461486816406;-250,196044921875;6,29812479019165;0,6030960083007812;0,2116430699825287;0,15780238807201385;0,009570414200425148
642;-1678,4969482421875;69,7042236328125;79282,6796875;138,9419403076172;-271,3852233886719;14,29432201385498;0,608345627784729;0,2149735540151596;0,1588999181985855;0,009613706730306149
643;-1678,4969482421875;69,7042236328125;79282,6796875;124,01807403564453;-273,6718444824219;11,863560676574707;0,6139172315597534;0,21937993168830872;0,16033637523651123;0,009674846194684505
644;-1678,4969482421875;69,7042236328125;79282,6796875;126,51882934570312;-283,7117919921875;12,109382629394531;0,6170774102210999;0,2205195128917694;0,16099132597446442;0,009666160680353642
645;-1678,4969482421875;69,7042236328125;79282,6796875;131,82412719726562;-287,45330810546875;12,979985237121582;0,6306650042533875;0,23802882432937622;0,16591256856918335;0,00995607953518629
646;-1678,4969482421875;69,7042236328125;79282,6796875;129,97470092773438;-299,9114990234375;12,71121883392334;0,5915833115577698;0,19180603325366974;0,15240471065044403;0,008831912651658058
647;-1678,4969482421875;69,7042236328125;79282,6796875;191,1187744140625;-311,3208923339844;20,505571365356445;0,6042371392250061;0,1911144256591797;0,1554821878671646;0,00897925067692995
648;-1678,4969482421875;69,7042236328125;79282,6796875;144,46279907226562;-322,6045227050781;14,863171577453613;0,613674521446228;0,210855633020401;0,15994428098201752;0,00924379751086235
649;-1678,4969482421875;69,7042236328125;79282,6796875;168,1558837890625;-345,4156494140625;18,77451515197754;0,6176374554634094;0,20118172466754913;0,16048330068588257;0,009168594144284725
650;-1678,4969482421875;69,7042236328125;79282,6796875;132,10739135742188;-347,1969909667969;13,75660228729248;0,6077713966369629;0,21124817430973053;0,15979760885238647;0,00900280848145485
651;-1678,4969482421875;69,7042236328125;79282,6796875;126,36279296875;-359,17572021484375;13,437661170959473;0,606909453868866;0,19158780574798584;0,1586816906929016;0,00877272430807352
652;-1678,4969482421875;69,7042236328125;79282,6796875;173,4111785888672;-378,3213806152344;20,014057159423828;0,6130014061927795;0,20457696914672852;0,16207709908485413;0,008918864652514458
653;-1678,4969482421875;69,7042236328125;79282,6796875;161,9667510986328;-396,82513427734375;19,254531860351562;0,618596613407135;0,21231479942798615;0,16504406929016113;0,009011092595756054
654;-1678,4969482421875;69,7042236328125;79282,6796875;143,53945922851562;-405,48431396484375;16,857240676879883;0,6162142157554626;0,20853637158870697;0,16527611017227173;0,008882333524525166
655;-1678,4969482421875;69,7042236328125;79282,6796875;93,5635986328125;-395,970947265625;10,344974517822266;0,6178037524223328;0,21376869082450867;0,16724956035614014;0,00888709258288145
656;-1678,4969482421875;69,7042236328125;79282,6796875;104,27632141113281;-410,04296875;12,299325942993164;0,6208378076553345;0,19171574711799622;0,16778458654880524;0,008722512051463127
657;-1678,4969482421875;69,7042236328125;79282,6796875;103,69467163085938;-421,20623779296875;12,588476181030273;0,6031860709190369;0,20180989801883698;0,16534869372844696;0,008430585265159607
658;-1678,4969482421875;69,7042236328125;79282,6796875;127,03012084960938;-439,145263671875;16,35034942626953;0,6087844967842102;0,18963512778282166;0,16744115948677063;0,008390989154577255
659;-1678,4969482421875;69,7042236328125;79282,6796875;152,95233154296875;-446,6070556640625;19,48944091796875;0,6178386807441711;0,1890624463558197;0,17125539481639862;0,008490953594446182
660;-1678,4969482421875;69,7042236328125;79282,6796875;165,45989990234375;-455,0130615234375;22,207063674926758;0,6050208210945129;0,17809952795505524;0,1688978224992752;0,008130654692649841
661;-1678,4969482421875;69,7042236328125;79282,6796875;110,77649688720703;-451,12493896484375;14,92182445526123;0,627301037311554;0,1857379525899887;0,1768517792224884;0,008528727106750011
662;-1678,4969482421875;69,7042236328125;79282,6796875;113,14605712890625;-461,10150146484375;15,01077938079834;0,6151908040046692;0,1738988161087036;0,174771249294281;0,008174492046236992
663;-1678,4969482421875;69,7042236328125;79282,6796875;114,35096740722656;-455,92803955078125;15,70025634765625;0,5925106406211853;0,17623892426490784;0,17026349902153015;0,0077709355391561985
664;-1678,4969482421875;69,7042236328125;79282,6796875;145,18826293945312;-468,2922668457031;19,748735427856445;0,5946189165115356;0,167265385389328;0,17218108475208282;0,007686474360525608
665;-1678,4969482421875;69,7042236328125;79282,6796875;154,61817932128906;-472,59429931640625;21,751859664916992;0,5586939454078674;0,15001600980758667;0,16315162181854248;0,006869800854474306
666;-1678,4969482421875;69,7042236328125;79282,6796875;169,09185791015625;-493,6679382324219;24,091203689575195;0,575908899307251;0,1512710452079773;0,16974669694900513;0,007134344894438982
667;-1678,4969482421875;69,7042236328125;79282,6796875;138,45037841796875;-498,3604736328125;20,80207633972168;0,5468941330909729;0,14874958992004395;0,16286318004131317;0,006578609347343445
668;-1678,4969482421875;69,7042236328125;79282,6796875;108,48348999023438;-489,07427978515625;17,42622947692871;0,5797420144081116;0,16315791010856628;0,1743551641702652;0,0072514647617936134
669;-1678,4969482421875;69,7042236328125;79282,6796875;194,41683959960938;-522,1602172851562;29,655385971069336;0,5547665357589722;0,14797164499759674;0,1682482212781906;0,006637123879045248
670;-1678,4969482421875;69,7042236328125;79282,6796875;117,50341033935547;-511,8556823730469;19,290719985961914;0,560274600982666;0,15543800592422485;0,1715344339609146;0,006778425071388483
671;-1678,4969482421875;69,7042236328125;79282,6796875;106,72027587890625;-506,6631774902344;18,364561080932617;0,5654451251029968;0,15504339337348938;0,17463025450706482;0,006832156330347061
672;-1678,4969482421875;69,7042236328125;79282,6796875;142,34933471679688;-516,1375122070312;22,888721466064453;0,5516141057014465;0,15260884165763855;0,17179317772388458;0,006538345944136381
673;-1678,4969482421875;69,7042236328125;79282,6796875;134,71157836914062;-519,9642944335938;22,660064697265625;0,558790385723114;0,15730009973049164;0,17544402182102203;0,006680237594991922
674;-1678,4969482421875;69,7042236328125;79282,6796875;139,9792938232422;-510,7144775390625;23,519359588623047;0,5503135323524475;0,15796732902526855;0,17409707605838776;0,006509015802294016
675;-1678,4969482421875;69,7042236328125;79282,6796875;171,17933654785156;-521,5083618164062;28,57398796081543;0,5607113242149353;0,15930083394050598;0,1787613183259964;0,006676314864307642
676;-1678,4969482421875;69,7042236328125;79282,6796875;154,06744384765625;-511,42657470703125;25,89693832397461;0,5563996434211731;0,16437262296676636;0,17851613461971283;0,006621894892305136
677;-1678,4969482421875;69,7042236328125;79282,6796875;129,02293395996094;-511,060546875;22,788131713867188;0,5477964878082275;0,16067740321159363;0,17703969776630402;0,006415278185158968
678;-1678,4969482421875;69,7042236328125;79282,6796875;117,19182586669922;-503,0685119628906;21,44170379638672;0,5426077246665955;0,15934492647647858;0,1765533685684204;0,006288756150752306
679;-1678,4969482421875;69,7042236328125;79282,6796875;153,13523864746094;-504,7748718261719;26,585691452026367;0,5362518429756165;0,1596207618713379;0,17548926174640656;0,006151837296783924
680;-1678,4969482421875;69,7042236328125;79282,6796875;159,05580139160156;-498,9582214355469;27,57686424255371;0,5359112024307251;0,1589883416891098;0,1765298694372177;0,0061202398501336575
681;-1678,4969482421875;69,7042236328125;79282,6796875;112,53549194335938;-481,2939147949219;21,754810333251953;0,5462110638618469;0,17043283581733704;0,18032000958919525;0,0063779354095458984
682;-1678,4969482421875;69,7042236328125;79282,6796875;166,47564697265625;-495,8962707519531;28,867713928222656;0,5303395986557007;0,1651325672864914;0,17607317864894867;0,006024871952831745
683;-1678,4969482421875;69,7042236328125;79282,6796875;149,65000915527344;-489,70355224609375;26,25440788269043;0,5287125706672668;0,1638719141483307;0,17664794623851776;0,005979566369205713
684;-1678,4969482421875;69,7042236328125;79282,6796875;176,28053283691406;-490,970703125;30,854019165039062;0,5457282066345215;0,1715431809425354;0,18302127718925476;0,006343127228319645
685;-1678,4969482421875;69,7042236328125;79282,6796875;153,11453247070312;-489,4952392578125;27,797103881835938;0,5425064563751221;0,17553691565990448;0,18202468752861023;0,006289995275437832
686;-1678,4969482421875;69,7042236328125;79282,6796875;158,6782684326172;-491,5771179199219;28,83421516418457;0,5342053771018982;0,17339694499969482;0,18011577427387238;0,006117432378232479
687;-1678,4969482421875;69,7042236328125;79282,6796875;113,89937591552734;-475,1739807128906;22,61981964111328;0,551249623298645;0,1801750808954239;0,1867194026708603;0,006484495010226965
688;-1678,4969482421875;69,7042236328125;79282,6796875;111,28978729248047;-454,0229187011719;22,569807052612305;0,5208938121795654;0,17115937173366547;0,17754080891609192;0,005836993455886841
689;-1678,4969482421875;69,7042236328125;79282,6796875;154,92266845703125;-457,7583923339844;28,20798683166504;0,5227355360984802;0,17398560047149658;0,1789444386959076;0,005870910361409187
690;-1678,4969482421875;69,7042236328125;79282,6796875;68,93376159667969;-437,3922424316406;17,484987258911133;0,517937421798706;0,17625576257705688;0,1764438897371292;0,00580860860645771
691;-1678,4969482421875;69,7042236328125;79282,6796875;71,82821655273438;-430,9443054199219;17,990161895751953;0,5289580225944519;0,18257400393486023;0,1786603182554245;0,005947916302829981
692;-1678,4969482421875;69,7042236328125;79282,6796875;92,96604919433594;-432,2415466308594;20,671733856201172;0,5226525664329529;0,18283715844154358;0,17893847823143005;0,005955637898296118
693;-1678,4969482421875;69,7042236328125;79282,6796875;83,91639709472656;-424,3082580566406;19,74443817138672;0,512558102607727;0,18101046979427338;0,1744765043258667;0,005704219918698072
694;-1678,4969482421875;69,7042236328125;79282,6796875;63,983158111572266;-421,3780822753906;17,03891372680664;0,5573259592056274;0,1989797055721283;0,1895444095134735;0,006710937712341547
695;-1678,4969482421875;69,7042236328125;79282,6796875;62,99496078491211;-409,3901062011719;16,566410064697266;0,5141650438308716;0,18564142286777496;0,1747356355190277;0,005766009911894798
696;-1678,4969482421875;69,7042236328125;79282,6796875;64,70703125;-415,8503112792969;17,50479507446289;0,5309087634086609;0,1948925256729126;0,18075443804264069;0,0062028937973082066
697;-1678,4969482421875;69,7042236328125;79282,6796875;38,19276809692383;-403,1567687988281;13,950865745544434;0,5185152292251587;0,19360364973545074;0,1767239272594452;0,005971465725451708
698;-1678,4969482421875;69,7042236328125;79282,6796875;31,217653274536133;-394,1496276855469;12,740752220153809;0,5196242928504944;0,19544894993305206;0,17640317976474762;0,006000205874443054
699;-1678,4969482421875;69,7042236328125;79282,6796875;25,284618377685547;-386,156982421875;12,271570205688477;0,551510751247406;0,20537368953227997;0,18521466851234436;0,006628960371017456
700;-1678,4969482421875;69,7042236328125;79282,6796875;33,839195251464844;-383,3519592285156;13,481947898864746;0,532709538936615;0,2063358873128891;0,1804133504629135;0,00637073302641511
701;-1678,4969482421875;69,7042236328125;79282,6796875;22,9494686126709;-377,032958984375;11,676459312438965;0,5611850023269653;0,2159719318151474;0,1882888227701187;0,006954680196940899
702;-1678,4969482421875;69,7042236328125;79282,6796875;30,680068969726562;-379,34368896484375;13,191919326782227;0,5608543753623962;0,21585679054260254;0,18689393997192383;0,006933507509529591
703;-1678,4969482421875;69,7042236328125;79282,6796875;27,91522216796875;-362,6840515136719;12,177071571350098;0,5515046119689941;0,22431375086307526;0,18589940667152405;0,00690621230751276
704;-1678,4969482421875;69,7042236328125;79282,6796875;33,38384246826172;-362,0715637207031;12,678147315979004;0,5502407550811768;0,22220514714717865;0,1836167424917221;0,006873037200421095
705;-1678,4969482421875;69,7042236328125;79282,6796875;16,350234985351562;-342,97113037109375;9,76723861694336;0,5459342002868652;0,22402125597000122;0,18173791468143463;0,006833781022578478
706;-1678,4969482421875;69,7042236328125;79282,6796875;12,046248435974121;-338,583984375;9,20639419555664;0,5876122117042542;0,23739346861839294;0,19314970076084137;0,007672970183193684
707;-1678,4969482421875;69,7042236328125;79282,6796875;13,554734230041504;-327,8515625;8,536150932312012;0,56257164478302;0,233426034450531;0,18497541546821594;0,007240409962832928
708;-1678,4969482421875;69,7042236328125;79282,6796875;15,143106460571289;-319,0804443359375;9,32193374633789;0,5862884521484375;0,24461203813552856;0,19153253734111786;0,007765398360788822
709;-1678,4969482421875;69,7042236328125;79282,6796875;33,20887756347656;-314,1189880371094;10,618681907653809;0,5806607007980347;0,24584786593914032;0,18895509839057922;0,0077061462216079235
710;-1678,4969482421875;69,7042236328125;79282,6796875;36,77009963989258;-301,3946228027344;10,956218719482422;0,5813488364219666;0,24723726511001587;0,18783429265022278;0,0077512492425739765
711;-1678,4969482421875;69,7042236328125;79282,6796875;64,07025909423828;-299,6254577636719;14,43160629272461;0,5802708864212036;0,25374388694763184;0,18743844330310822;0,007824511267244816
712;-1678,4969482421875;69,7042236328125;79282,6796875;50,24658203125;-284,8094787597656;11,756725311279297;0,5986526012420654;0,2592910826206207;0,1911340206861496;0,00820428691804409
713;-1678,4969482421875;69,7042236328125;79282,6796875;41,08767318725586;-275,7510681152344;10,124373435974121;0,5934032201766968;0,2528770864009857;0,1868903487920761;0,008067025803029537
714;-1678,4969482421875;69,7042236328125;79282,6796875;32,95503616333008;-253,5716094970703;8,047310829162598;0,5946765542030334;0,26016169786453247;0,1870880275964737;0,008204122073948383
715;-1678,4969482421875;69,7042236328125;79282,6796875;47,547706604003906;-251,8809356689453;9,981193542480469;0,5920378565788269;0,2608126699924469;0,18495628237724304;0,008197301998734474
716;-1678,4969482421875;69,7042236328125;79282,6796875;73,65221405029297;-226,47474670410156;12,226746559143066;0,6069672703742981;0,2646692991256714;0,18733204901218414;0,008501293137669563
717;-1678,4969482421875;69,7042236328125;79282,6796875;80,2681884765625;-206,89723205566406;12,148052215576172;0,6187820434570312;0,26507261395454407;0,18827904760837555;0,008710172027349472
718;-1678,4969482421875;69,7042236328125;79282,6796875;68,76451110839844;-204,07122802734375;10,619648933410645;0,6304385662078857;0,27642688155174255;0,19139660894870758;0,009066745638847351
719;-1678,4969482421875;69,7042236328125;79282,6796875;48,18479537963867;-202,31674194335938;7,795919418334961;0,6079804301261902;0,27625226974487305;0,18492010235786438;0,008758666925132275
720;-1678,4969482421875;69,7042236328125;79282,6796875;79,29158782958984;-176,515380859375;11,186930656433105;0,6419874429702759;0,292438268661499;0,19366978108882904;0,009501377120614052
721;-1678,4969482421875;69,7042236328125;79282,6796875;53,70726013183594;-156,8556365966797;6,796931743621826;0,6198343634605408;0,28934741020202637;0,1868104487657547;0,009166808798909187
722;-1678,4969482421875;69,7042236328125;79282,6796875;66,34387969970703;-153,95925903320312;8,299233436584473;0,6276870965957642;0,2970985770225525;0,18838348984718323;0,00941275805234909
723;-1678,4969482421875;69,7042236328125;79282,6796875;55,70930862426758;-137,0121307373047;6,342357158660889;0,6534032821655273;0,30795228481292725;0,19419580698013306;0,00997520238161087
724;-1678,4969482421875;69,7042236328125;79282,6796875;50,85926818847656;-119,24915313720703;4,884250640869141;0,6320436596870422;0,3063228726387024;0,18805916607379913;0,009668512269854546
725;-1678,4969482421875;69,7042236328125;79282,6796875;57,334190368652344;-121,20146942138672;5,52194356918335;0,6279934048652649;0,3160427510738373;0,18780386447906494;0,009727276861667633
726;-1678,4969482421875;69,7042236328125;79282,6796875;46,8729248046875;-113,59615325927734;3,7055234909057617;0,65675288438797;0,32095566391944885;0,19296777248382568;0,01030954159796238
727;-1678,4969482421875;69,7042236328125;79282,6796875;72,8477554321289;-94,79510498046875;6,550638675689697;0,6705431342124939;0,3229564428329468;0,1946595460176468;0,010609861463308334
728;-1678,4969482421875;69,7042236328125;79282,6796875;71,87445831298828;-92,97480773925781;5,640995979309082;0,6669845581054688;0,3332816958427429;0,19475944340229034;0,010696998797357082
729;-1678,4969482421875;69,7042236328125;79282,6796875;69,2249984741211;-69,27085876464844;4,323164939880371;0,6688581109046936;0,3255712389945984;0,1923828423023224;0,010732384398579597
730;-1678,4969482421875;69,7042236328125;79282,6796875;54,95008850097656;-61,740936279296875;2,1322555541992188;0,6729791164398193;0,333762526512146;0,19370457530021667;0,010935847647488117
731;-1678,4969482421875;69,7042236328125;79282,6796875;49,85710144042969;-57,454437255859375;1,3047336339950562;0,6645501255989075;0,3356708288192749;0,1915063112974167;0,01087847538292408
732;-1678,4969482421875;69,7042236328125;79282,6796875;54,48693084716797;-47,33855438232422;1,652869701385498;0,6690943837165833;0,3408387005329132;0,19250787794589996;0,01106354221701622
733;-1678,4969482421875;69,7042236328125;79282,6796875;46,962059020996094;-29,137413024902344;-0,1354377567768097;0,6452535390853882;0,3312752842903137;0,1854323148727417;0,010657977312803268
734;-1678,4969482421875;69,7042236328125;79282,6796875;73,10044860839844;-10,948311805725098;3,139198064804077;0,6420021653175354;0,32817474007606506;0,18361176550388336;0,01064909528940916
735;-1678,4969482421875;69,7042236328125;79282,6796875;60,51124954223633;-15,346593856811523;1,5145760774612427;0,6563122868537903;0,34262770414352417;0,18858365714550018;0,01107341330498457
736;-1678,4969482421875;69,7042236328125;79282,6796875;55,59266662597656;-13,531861305236816;0,701693594455719;0,6547579765319824;0,32972440123558044;0,185518279671669;0,01102793961763382
737;-1678,4969482421875;69,7042236328125;79282,6796875;64,92083740234375;-0,7466902136802673;2,6263484954833984;0,6503169536590576;0,33362337946891785;0,18517696857452393;0,011056946590542793
738;-1678,4969482421875;69,7042236328125;79282,6796875;57,55419158935547;0,6433572173118591;1,9561587572097778;0,6464015245437622;0,33368000388145447;0,1843564212322235;0,011065327562391758
739;-1678,4969482421875;69,7042236328125;79282,6796875;37,16664123535156;-2,50319504737854;-0,6687186360359192;0,650002658367157;0,3354094922542572;0,1854158192873001;0,011220434680581093
740;-1678,4969482421875;69,7042236328125;79282,6796875;57,12430191040039;12,721447944641113;1,9659641981124878;0,6534687876701355;0,3463391959667206;0,18817473948001862;0,01142930518835783
741;-1678,4969482421875;69,7042236328125;79282,6796875;51,244956970214844;20,222667694091797;1,0997483730316162;0,6846247911453247;0,3545381724834442;0,19601649045944214;0,012128314934670925
742;-1678,4969482421875;69,7042236328125;79282,6796875;37,14286422729492;21,946514129638672;-0,7264648675918579;0,6519638299942017;0,34061717987060547;0,18759916722774506;0,011526793241500854
743;-1678,4969482421875;69,7042236328125;79282,6796875;37,83158874511719;36,23316955566406;-1,2515885829925537;0,641809344291687;0,3323976397514343;0,1847372055053711;0,011365032754838467
744;-1678,4969482421875;69,7042236328125;79282,6796875;32,603912353515625;36,5958251953125;-1,0317894220352173;0,6464080214500427;0,3329222798347473;0,1864347606897354;0,011531985364854336
745;-1678,4969482421875;69,7042236328125;79282,6796875;59,2124137878418;52,77058410644531;1,681042194366455;0,6567321419715881;0,3313670754432678;0,18916238844394684;0,011786234565079212
746;-1678,4969482421875;69,7042236328125;79282,6796875;39,42558288574219;54,769412994384766;-0,7216957211494446;0,6526917219161987;0,33531948924064636;0,1897989958524704;0,011823120526969433
747;-1678,4969482421875;69,7042236328125;79282,6796875;49,18639373779297;64,92951965332031;0,8380163311958313;0,6341270208358765;0,3240855932235718;0,18511557579040527;0,011477166786789894
748;-1678,4969482421875;69,7042236328125;79282,6796875;60,135887145996094;82,22023010253906;2,231945514678955;0,6416170597076416;0,3277857303619385;0,18834100663661957;0,01172010786831379
749;-1678,4969482421875;69,7042236328125;79282,6796875;3,142357349395752;74,49361419677734;-4,631542205810547;0,652898907661438;0,33879154920578003;0,19352072477340698;0,012082695960998535
750;-1678,4969482421875;69,7042236328125;79282,6796875;74,5216293334961;94,29659271240234;3,7394018173217773;0,6511081457138062;0,3327561914920807;0,19351956248283386;0,012086116708815098
751;-1678,4969482421875;69,7042236328125;79282,6796875;37,59573745727539;93,399169921875;-1,6682153940200806;0,629045307636261;0,32237207889556885;0,18831104040145874;0,011671386659145355
752;-1678,4969482421875;69,7042236328125;79282,6796875;42,74033737182617;116,64634704589844;-0,6217297315597534;0,6327413320541382;0,3143399655818939;0,18954768776893616;0,01176369097083807
753;-1678,4969482421875;69,7042236328125;79282,6796875;7,349486827850342;107,037841796875;-5,870728015899658;0,6165808439254761;0,31164300441741943;0,18662557005882263;0,01150563359260559
754;-1678,4969482421875;69,7042236328125;79282,6796875;43,54369354248047;123,5467758178711;0,9219281673431396;0,6344501376152039;0,3216485381126404;0,19348090887069702;0,011982790194451809
755;-1678,4969482421875;69,7042236328125;79282,6796875;-6,856083393096924;122,6658706665039;-7,431116580963135;0,6201966404914856;0,30884838104248047;0,18993647396564484;0,011698121204972267
756;-1678,4969482421875;69,7042236328125;79282,6796875;-78,02122497558594;110,28064727783203;-15,728142738342285;0,6013783812522888;0,301093727350235;0,18565592169761658;0,011339385062456131
757;-1678,4969482421875;69,7042236328125;79282,6796875;-16,8072566986084;140,06907653808594;-8,493432998657227;0,5835602283477783;0,28928130865097046;0,18115314841270447;0,010963208973407745
758;-1678,4969482421875;69,7042236328125;79282,6796875;-25,896556854248047;156,7957000732422;-8,79287052154541;0,5982033014297485;0,297392874956131;0,18704740703105927;0,011365794576704502
759;-1678,4969482421875;69,7042236328125;79282,6796875;-37,46277618408203;162,49627685546875;-10,39283561706543;0,5830891132354736;0,2939167022705078;0,18383266031742096;0,011069605126976967
760;-1678,4969482421875;69,7042236328125;79282,6796875;-40,75493621826172;179,7876434326172;-11,124722480773926;0,579273521900177;0,2802130877971649;0,18299975991249084;0,010990923270583153
761;-1678,4969482421875;69,7042236328125;79282,6796875;-46,596553802490234;196,50018310546875;-12,0538911819458;0,5995040535926819;0,29378119111061096;0,1908063441514969;0,011525444686412811
762;-1678,4969482421875;69,7042236328125;79282,6796875;-70,89202117919922;190,53334045410156;-14,779040336608887;0,5822686553001404;0,27995795011520386;0,18613944947719574;0,011148819699883461
763;-1678,4969482421875;69,7042236328125;79282,6796875;-106,16683959960938;186,02825927734375;-19,143884658813477;0,591500461101532;0,2817327082157135;0,19004911184310913;0,011401278898119926
764;-1678,4969482421875;69,7042236328125;79282,6796875;-116,10220336914062;196,38877868652344;-20,244693756103516;0,5847089886665344;0,27395379543304443;0,18870481848716736;0,011264250613749027
765;-1678,4969482421875;69,7042236328125;79282,6796875;-137,07168579101562;188,86801147460938;-22,245683670043945;0,5894845724105835;0,27416375279426575;0,19113552570343018;0,011407297104597092
766;-1678,4969482421875;69,7042236328125;79282,6796875;-111,53561401367188;195,80169677734375;-19,27051544189453;0,5914124846458435;0,26993295550346375;0,19254833459854126;0,011468225158751011
767;-1678,4969482421875;69,7042236328125;79282,6796875;-131,88401794433594;201,93890380859375;-21,316362380981445;0,5834476947784424;0,26290422677993774;0,1907254159450531;0,011296114884316921
768;-1678,4969482421875;69,7042236328125;79282,6796875;-179,03700256347656;187,916259765625;-27,208906173706055;0,5966838598251343;0,26395225524902344;0,19582371413707733;0,011623560450971127
769;-1678,4969482421875;69,7042236328125;79282,6796875;-132,9860382080078;195,94461059570312;-21,191944122314453;0,5838890671730042;0,25574883818626404;0,1922983080148697;0,011328021064400673
770;-1678,4969482421875;69,7042236328125;79282,6796875;-187,99725341796875;189,45506286621094;-27,684083938598633;0,5809158682823181;0,25337427854537964;0,19185857474803925;0,011280783452093601
771;-1678,4969482421875;69,7042236328125;79282,6796875;-180,16026306152344;191,15219116210938;-26,91193962097168;0,5846171975135803;0,25490835309028625;0,19340258836746216;0,011384814977645874
772;-1678,4969482421875;69,7042236328125;79282,6796875;-147,0098419189453;202,53042602539062;-22,380207061767578;0,599859893321991;0,25557762384414673;0,19918271899223328;0,011745431460440159
773;-1678,4969482421875;69,7042236328125;79282,6796875;-214,49195861816406;171,89935302734375;-29,878522872924805;0,5641341209411621;0,24076414108276367;0,18729092180728912;0,010896466672420502
774;-1678,4969482421875;69,7042236328125;79282,6796875;-140,05384826660156;194,52919006347656;-20,55930519104004;0,5713886022567749;0,24045684933662415;0,1900927573442459;0,011066392995417118
775;-1678,4969482421875;69,7042236328125;79282,6796875;-126,32050323486328;191,17665100097656;-18,86767578125;0,5737912654876709;0,2406519502401352;0,19056768715381622;0,011109125800430775
776;-1678,4969482421875;69,7042236328125;79282,6796875;-184,1710205078125;185,52178955078125;-26,981412887573242;0,5564026832580566;0,22988402843475342;0,1853250414133072;0,01069263368844986
777;-1678,4969482421875;69,7042236328125;79282,6796875;-165,87594604492188;182,98585510253906;-23,52811622619629;0,5834627151489258;0,23924697935581207;0,19397233426570892;0,011333664879202843
778;-1678,4969482421875;69,7042236328125;79282,6796875;-200,4846649169922;162,1051788330078;-28,153589248657227;0,5423421859741211;0,22028453648090363;0,1798677146434784;0,010311992838978767
779;-1678,4969482421875;69,7042236328125;79282,6796875;-188,39308166503906;162,33346557617188;-26,54372787475586;0,5438838601112366;0,21894843876361847;0,1804344803094864;0,010340661741793156
780;-1678,4969482421875;69,7042236328125;79282,6796875;-129,97726440429688;171,6575469970703;-18,346296310424805;0,5633640885353088;0,22496724128723145;0,18666239082813263;0,010795306414365768
781;-1678,4969482421875;69,7042236328125;79282,6796875;-160,99533081054688;151,18051147460938;-22,467397689819336;0,5851473212242126;0,2325449436903;0,19377095997333527;0,011310235597193241
782;-1678,4969482421875;69,7042236328125;79282,6796875;-145,1863250732422;156,98146057128906;-20,80787467956543;0,5703908205032349;0,2239493727684021;0,18789374828338623;0,010912580415606499
783;-1678,4969482421875;69,7042236328125;79282,6796875;-152,64984130859375;152,2205047607422;-22,111482620239258;0,5681005120277405;0,22125741839408875;0,18646909296512604;0,010825878009200096
784;-1678,4969482421875;69,7042236328125;79282,6796875;-150,32601928710938;146,57582092285156;-21,696266174316406;0,5700693726539612;0,21937152743339539;0,18609212338924408;0,010825800709426403
785;-1678,4969482421875;69,7042236328125;79282,6796875;-158,52565002441406;140,18739318847656;-23,513614654541016;0,5723124146461487;0,22146235406398773;0,18673309683799744;0,010874594561755657
786;-1678,4969482421875;69,7042236328125;79282,6796875;-151,6811981201172;139,44252014160156;-22,156553268432617;0,5625332593917847;0,20963895320892334;0,18107041716575623;0,010514045134186745
787;-1678,4969482421875;69,7042236328125;79282,6796875;-151,21466064453125;137,93045043945312;-22,589820861816406;0,593132734298706;0,2281109243631363;0,19181054830551147;0,01130019873380661
788;-1678,4969482421875;69,7042236328125;79282,6796875;-155,33998107910156;135,39682006835938;-24,01089859008789;0,5511458516120911;0,20214323699474335;0,17540670931339264;0,010156658478081226
789;-1678,4969482421875;69,7042236328125;79282,6796875;-148,25390625;126,46666717529297;-22,587324142456055;0,5618666410446167;0,20717008411884308;0,17817795276641846;0,01039530336856842
790;-1678,4969482421875;69,7042236328125;79282,6796875;-153,12657165527344;120,04756164550781;-23,12803077697754;0,5464399456977844;0,20009779930114746;0,17208664119243622;0,009975274093449116
791;-1678,4969482421875;69,7042236328125;79282,6796875;-122,19471740722656;110,33903503417969;-19,61308479309082;0,5565451383590698;0,20405587553977966;0,17426300048828125;0,010176267474889755
792;-1678,4969482421875;69,7042236328125;79282,6796875;-101,26103973388672;113,0642318725586;-17,636751174926758;0,5654619336128235;0,2100919485092163;0,17637325823307037;0,010364986024796963
793;-1678,4969482421875;69,7042236328125;79282,6796875;-150,99851989746094;98,26904296875;-24,288251876831055;0,5661597847938538;0,20954588055610657;0,17520186305046082;0,010326836258172989
794;-1678,4969482421875;69,7042236328125;79282,6796875;-120,43328857421875;96,13060760498047;-20,101932525634766;0,5663882493972778;0,21100932359695435;0,17419035732746124;0,010286113247275352
795;-1678,4969482421875;69,7042236328125;79282,6796875;-154,0255584716797;89,75946807861328;-24,51956558227539;0,5639860033988953;0,21163852512836456;0,17232972383499146;0,0101836659014225
796;-1678,4969482421875;69,7042236328125;79282,6796875;-109,21391296386719;89,9998550415039;-19,41437530517578;0,559252142906189;0,2062882035970688;0,16893331706523895;0,009985403157770634
797;-1678,4969482421875;69,7042236328125;79282,6796875;-124,07933807373047;83,98886108398438;-21,636924743652344;0,5430850982666016;0,19585992395877838;0,1619981974363327;0,009509100578725338
798;-1678,4969482421875;69,7042236328125;79282,6796875;-155,28573608398438;64,20262145996094;-26,02105140686035;0,5471338033676147;0,1950332224369049;0,16146422922611237;0,009526113048195839
799;-1678,4969482421875;69,7042236328125;79282,6796875;-153,2084197998047;50,18932342529297;-25,34093475341797;0,5705329775810242;0,20895467698574066;0,16769947111606598;0,010049806907773018
800;-1678,4969482421875;69,7042236328125;79282,6796875;-166,60650634765625;39,32817840576172;-27,234310150146484;0,5589492321014404;0,19512668251991272;0,16147840023040771;0,00963658094406128
801;-1678,4969482421875;69,7042236328125;79282,6796875;-111,71614074707031;49,7778434753418;-21,192852020263672;0,5713803768157959;0,1986962854862213;0,1635025143623352;0,00984390452504158
802;-1678,4969482421875;69,7042236328125;79282,6796875;-131,50860595703125;42,62479019165039;-23,40582847595215;0,572668194770813;0,21739394962787628;0,16496656835079193;0,009937572292983532
803;-1678,4969482421875;69,7042236328125;79282,6796875;-147,2379913330078;26,945707321166992;-25,591737747192383;0,5751694440841675;0,2082979381084442;0,16280798614025116;0,00985874142497778
804;-1678,4969482421875;69,7042236328125;79282,6796875;-142,69346618652344;33,32991409301758;-25,19630241394043;0,5751909017562866;0,2115132063627243;0,16184724867343903;0,009808369912207127
805;-1678,4969482421875;69,7042236328125;79282,6796875;-147,25540161132812;2,0488851070404053;-25,607515335083008;0,5925718545913696;0,2184656709432602;0,1653946489095688;0,010130980983376503
806;-1678,4969482421875;69,7042236328125;79282,6796875;-148,49903869628906;-24,73215675354004;-26,0334529876709;0,5747818350791931;0,22160832583904266;0,16044576466083527;0,009707389399409294
807;-1678,4969482421875;69,7042236328125;79282,6796875;-155,54629516601562;-41,64722442626953;-26,191377639770508;0,5880677103996277;0,21324577927589417;0,1610340178012848;0,009851436130702496
808;-1678,4969482421875;69,7042236328125;79282,6796875;-177,17250061035156;-72,5335693359375;-29,410425186157227;0,5788544416427612;0,20890109241008759;0,15720337629318237;0,009562895633280277
809;-1678,4969482421875;69,7042236328125;79282,6796875;-149,7816162109375;-98,31739044189453;-24,853906631469727;0,5699506402015686;0,2045721858739853;0,1535617858171463;0,009277178905904293
810;-1678,4969482421875;69,7042236328125;79282,6796875;-162,66380310058594;-124,45687866210938;-26,6163330078125;0,5956947803497314;0,21518151462078094;0,1596488207578659;0,009781533852219582
811;-1678,4969482421875;69,7042236328125;79282,6796875;-98,062255859375;-161,15924072265625;-18,03805160522461;0,5899345278739929;0,20909427106380463;0,15667912364006042;0,009544274769723415
812;-1678,4969482421875;69,7042236328125;79282,6796875;-169,63233947753906;-181,5818328857422;-27,68407440185547;0,6008267402648926;0,21478259563446045;0,15900497138500214;0,009721774607896805
813;-1678,4969482421875;69,7042236328125;79282,6796875;-156,89572143554688;-196,6144561767578;-25,43922233581543;0,58924400806427;0,20913027226924896;0,15507975220680237;0,009381386451423168
814;-1678,4969482421875;69,7042236328125;79282,6796875;-148,15576171875;-214,6232147216797;-24,64463996887207;0,602394700050354;0,22086623311042786;0,15882302820682526;0,00963783822953701
815;-1678,4969482421875;69,7042236328125;79282,6796875;-83,67973327636719;-247,98960876464844;-15,500288963317871;0,5917039513587952;0,21152736246585846;0,15490631759166718;0,009289356879889965
816;-1678,4969482421875;69,7042236328125;79282,6796875;-120,51789093017578;-259,541748046875;-20,696842193603516;0,6109865307807922;0,21984785795211792;0,1598220020532608;0,009639508090913296
817;-1678,4969482421875;69,7042236328125;79282,6796875;-103,55689239501953;-293,4493103027344;-17,748289108276367;0,615813136100769;0,21383240818977356;0,16004234552383423;0,009608214721083641
818;-1678,4969482421875;69,7042236328125;79282,6796875;-78,33131408691406;-322,7986755371094;-13,697407722473145;0,6065489053726196;0,20632432401180267;0,1571536511182785;0,009305397979915142
819;-1678,4969482421875;69,7042236328125;79282,6796875;-76,107421875;-344,0238342285156;-13,178930282592773;0,6194315552711487;0,23359160125255585;0,163064107298851;0,009653964079916477
820;-1678,4969482421875;69,7042236328125;79282,6796875;-80,34947204589844;-367,97210693359375;-13,82664966583252;0,6050154566764832;0,19686724245548248;0,1562803089618683;0,009059038013219833
821;-1678,4969482421875;69,7042236328125;79282,6796875;-44,36153793334961;-382,5423889160156;-8,354296684265137;0,6115224361419678;0,21049900352954865;0,15946458280086517;0,009213133715093136
822;-1678,4969482421875;69,7042236328125;79282,6796875;-77,34854125976562;-409,9360656738281;-12,454734802246094;0,6079868078231812;0,19813090562820435;0,15804927051067352;0,008986926637589931
823;-1678,4969482421875;69,7042236328125;79282,6796875;-59,04171371459961;-437,83087158203125;-9,501819610595703;0,604091465473175;0,20253026485443115;0,15820050239562988;0,008884779177606106
824;-1678,4969482421875;69,7042236328125;79282,6796875;-43,00566482543945;-460,76385498046875;-6,697746753692627;0,6108449697494507;0,19802476465702057;0,16016796231269836;0,008904702961444855
825;-1678,4969482421875;69,7042236328125;79282,6796875;-18,219772338867188;-487,9855651855469;-2,8662469387054443;0,6087872982025146;0,20421743392944336;0,16108426451683044;0,008850650861859322
826;-1678,4969482421875;69,7042236328125;79282,6796875;-19,185800552368164;-513,63037109375;-2,1950340270996094;0,6199302077293396;0,2100687325000763;0,16520914435386658;0,009029735811054707
827;-1678,4969482421875;69,7042236328125;79282,6796875;-28,536775588989258;-525,52685546875;-3,0801143646240234;0,6229162216186523;0,2005855143070221;0,1663285493850708;0,008951432071626186
828;-1678,4969482421875;69,7042236328125;79282,6796875;-12,809667587280273;-555,0538940429688;-0,32216712832450867;0,6218649744987488;0,20109640061855316;0,16733208298683167;0,008877688087522984
829;-1678,4969482421875;69,7042236328125;79282,6796875;5,5353569984436035;-579,0402221679688;2,8024816513061523;0,6135799288749695;0,2027156800031662;0,16666898131370544;0,008684901520609856
830;-1678,4969482421875;69,7042236328125;79282,6796875;4,527307987213135;-602,5733642578125;3,212028741836548;0,6034896969795227;0,19503459334373474;0,16497424244880676;0,008395546115934849
831;-1678,4969482421875;69,7042236328125;79282,6796875;-1,085208535194397;-626,7474975585938;2,243563175201416;0,6003101468086243;0,1896909773349762;0,16525229811668396;0,008248141966760159
832;-1678,4969482421875;69,7042236328125;79282,6796875;-35,044559478759766;-664,1275024414062;-1,1496444940567017;0,6203588247299194;0,19122810661792755;0,17204298079013824;0,008559838868677616
833;-1678,4969482421875;69,7042236328125;79282,6796875;7,849381923675537;-677,2677612304688;5,1069016456604;0,5874394178390503;0,1800440102815628;0,16432330012321472;0,00784754566848278
834;-1678,4969482421875;69,7042236328125;79282,6796875;8,93930721282959;-706,1392822265625;4,781867504119873;0,5948591232299805;0,18161745369434357;0,16792558133602142;0,007944826036691666
835;-1678,4969482421875;69,7042236328125;79282,6796875;4,448662281036377;-723,04638671875;4,496910572052002;0,5923208594322205;0,17984545230865479;0,16873833537101746;0,007842101156711578
836;-1678,4969482421875;69,7042236328125;79282,6796875;-11,183597564697266;-740,0230102539062;3,0271096229553223;0,6029307246208191;0,17250679433345795;0,17301209270954132;0,007920771837234497
837;-1678,4969482421875;69,7042236328125;79282,6796875;0,28477129340171814;-763,5009155273438;5,043451309204102;0,5998271703720093;0,16223499178886414;0,17349624633789062;0,007726357784122229
838;-1678,4969482421875;69,7042236328125;79282,6796875;-3,362088918685913;-784,21875;5,452780723571777;0,5815532803535461;0,15555796027183533;0,16981454193592072;0,007317552343010902
839;-1678,4969482421875;69,7042236328125;79282,6796875;-32,224815368652344;-794,5307006835938;2,1942379474639893;0,5919294953346252;0,16198298335075378;0,17462553083896637;0,00751925352960825
840;-1678,4969482421875;69,7042236328125;79282,6796875;-48,50298309326172;-808,8157348632812;0,43397998809814453;0,5637338757514954;0,1630380004644394;0,1680663675069809;0,007009032182395458
841;-1678,4969482421875;69,7042236328125;79282,6796875;-22,78537940979004;-824,9671020507812;4,608581066131592;0,5680201053619385;0,15297536551952362;0,17071911692619324;0,006956282537430525
842;-1678,4969482421875;69,7042236328125;79282,6796875;-21,06902503967285;-846,51904296875;4,571253776550293;0,5631759166717529;0,15362057089805603;0,17085492610931396;0,006847003009170294
843;-1678,4969482421875;69,7042236328125;79282,6796875;-9,536055564880371;-868,6162109375;6,7048869132995605;0,5656032562255859;0,15293635427951813;0,1731264442205429;0,00684724235907197
844;-1678,4969482421875;69,7042236328125;79282,6796875;-35,371124267578125;-877,0637817382812;3,887523651123047;0,5807127356529236;0,15925319492816925;0,17933449149131775;0,00713436771184206
845;-1678,4969482421875;69,7042236328125;79282,6796875;-46,030757904052734;-891,2660522460938;2,838282585144043;0,5652668476104736;0,1503584086894989;0,1760864555835724;0,006747376173734665
846;-1678,4969482421875;69,7042236328125;79282,6796875;6,447507381439209;-906,4744262695312;10,174376487731934;0,5352191925048828;0,14829647541046143;0,16804786026477814;0,006179623771458864
847;-1678,4969482421875;69,7042236328125;79282,6796875;-23,665626525878906;-896,9326782226562;6,854907989501953;0,547870934009552;0,15309035778045654;0,17339394986629486;0,006425050087273121
848;-1678,4969482421875;69,7042236328125;79282,6796875;-31,652952194213867;-904,6021118164062;6,410117149353027;0,5478524565696716;0,1542869657278061;0,17471183836460114;0,006409718655049801
849;-1678,4969482421875;69,7042236328125;79282,6796875;-8,883493423461914;-929,9537963867188;10,041543006896973;0,543979287147522;0,16025857627391815;0,17455071210861206;0,006365474313497543
850;-1678,4969482421875;69,7042236328125;79282,6796875;-20,37797737121582;-943,3063354492188;8,726126670837402;0,5462253093719482;0,1590835154056549;0,17658281326293945;0,006376627366989851
851;-1678,4969482421875;69,7042236328125;79282,6796875;-66,16887664794922;-936,836669921875;3,2254068851470947;0,5430091619491577;0,159260556101799;0,17671842873096466;0,006300076376646757
852;-1678,4969482421875;69,7042236328125;79282,6796875;-56,20729446411133;-949,1099243164062;4,7894792556762695;0,5383121967315674;0,1594182550907135;0,176261305809021;0,006194646004587412
853;-1678,4969482421875;69,7042236328125;79282,6796875;-65,5754165649414;-962,7100219726562;4,245712757110596;0,551224410533905;0,16928622126579285;0,1812051683664322;0,006489571649581194
854;-1678,4969482421875;69,7042236328125;79282,6796875;-60,790409088134766;-971,61181640625;5,358356475830078;0,5430455803871155;0,16811421513557434;0,17944513261318207;0,0063107917085289955
855;-1678,4969482421875;69,7042236328125;79282,6796875;-71,97425842285156;-971,3257446289062;3,9082272052764893;0,553625226020813;0,1711667776107788;0,1840239018201828;0,0065192123875021935
856;-1678,4969482421875;69,7042236328125;79282,6796875;-79,10440826416016;-974,83203125;2,270796060562134;0,5444625616073608;0,17066186666488647;0,1817266345024109;0,0063326298259198666
857;-1678,4969482421875;69,7042236328125;79282,6796875;-70,33547973632812;-979,33056640625;4,868151664733887;0,537309467792511;0,169973224401474;0,18010634183883667;0,0061807045713067055
858;-1678,4969482421875;69,7042236328125;79282,6796875;-40,28630828857422;-985,9942626953125;9,147618293762207;0,5157697200775146;0,16432105004787445;0,17365673184394836;0,005710957106202841
859;-1678,4969482421875;69,7042236328125;79282,6796875;-71,70507049560547;-980,546875;4,819211483001709;0,5397066473960876;0,17474207282066345;0,18217633664608002;0,006242061965167522
860;-1678,4969482421875;69,7042236328125;79282,6796875;-67,49938201904297;-977,1593017578125;5,3272929191589355;0,5323532819747925;0,17273733019828796;0,18082499504089355;0,00607828376814723
861;-1678,4969482421875;69,7042236328125;79282,6796875;-57,001895904541016;-985,3040771484375;6,953698635101318;0,5258123278617859;0,17184746265411377;0,17973653972148895;0,005913814529776573
862;-1678,4969482421875;69,7042236328125;79282,6796875;-38,6365966796875;-993,6184692382812;10,14416790008545;0,5299931168556213;0,17853321135044098;0,17988263070583344;0,0060532959178090096
863;-1678,4969482421875;69,7042236328125;79282,6796875;-64,65541076660156;-977,638427734375;7,072659969329834;0,5238815546035767;0,1782606691122055;0,1785622537136078;0,00594457658007741
864;-1678,4969482421875;69,7042236328125;79282,6796875;-77,62650299072266;-975,1370849609375;5,3129730224609375;0,5145898461341858;0,1774783581495285;0,1755487024784088;0,0057512084022164345
865;-1678,4969482421875;69,7042236328125;79282,6796875;-69,07502746582031;-973,5262451171875;6,824769020080566;0,5166931748390198;0,18151035904884338;0,17870303988456726;0,005759608466178179
866;-1678,4969482421875;69,7042236328125;79282,6796875;-59,02510070800781;-973,51806640625;8,3850736618042;0,5289878845214844;0,18681105971336365;0,18005390465259552;0,0060820672661066055
867;-1678,4969482421875;69,7042236328125;79282,6796875;-69,1385498046875;-967,8816528320312;7,175353050231934;0,501591145992279;0,1814575046300888;0,17246749997138977;0,005544319283217192
868;-1678,4969482421875;69,7042236328125;79282,6796875;-75,65601348876953;-983,4114990234375;7,038440227508545;0,5575107336044312;0,1985507607460022;0,18778768181800842;0,006616102997213602
869;-1678,4969482421875;69,7042236328125;79282,6796875;-63,26141357421875;-994,8634643554688;8,682024002075195;0,5493780970573425;0,19939929246902466;0,1858782172203064;0,006542959716171026
870;-1678,4969482421875;69,7042236328125;79282,6796875;-66,65155029296875;-986,6641845703125;8,428369522094727;0,5110582709312439;0,19146570563316345;0,17444704473018646;0,005815558135509491
871;-1678,4969482421875;69,7042236328125;79282,6796875;-55,071571350097656;-981,795654296875;9,757855415344238;0,552651584148407;0,20413397252559662;0,18612068891525269;0,006639952305704355
872;-1678,4969482421875;69,7042236328125;79282,6796875;-66,68980407714844;-976,5594482421875;8,693187713623047;0,5382904410362244;0,20388177037239075;0,1819709837436676;0,0064242626540362835
873;-1678,4969482421875;69,7042236328125;79282,6796875;-48,71323013305664;-978,5521240234375;10,793985366821289;0,5308336019515991;0,20464952290058136;0,17942441999912262;0,006311964243650436
874;-1678,4969482421875;69,7042236328125;79282,6796875;-50,774810791015625;-970,5202026367188;10,534703254699707;0,5369078516960144;0,2102152705192566;0,1812184900045395;0,00648994417861104
875;-1678,4969482421875;69,7042236328125;79282,6796875;-38,1711311340332;-974,0880737304688;12,264960289001465;0,5632622241973877;0,22291049361228943;0,18944422900676727;0,0070821610279381275
876;-1678,4969482421875;69,7042236328125;79282,6796875;-16,130760192871094;-966,857421875;15,197332382202148;0,557650625705719;0,22400988638401031;0,18711459636688232;0,0070076617412269115
877;-1678,4969482421875;69,7042236328125;79282,6796875;-14,159850120544434;-962,8388671875;14,902657508850098;0,575979471206665;0,22924955189228058;0,1912463903427124;0,007370355073362589
878;-1678,4969482421875;69,7042236328125;79282,6796875;-63,44168472290039;-950,8585205078125;8,860227584838867;0,5783137083053589;0,23252516984939575;0,19122633337974548;0,0074576628394424915
879;-1678,4969482421875;69,7042236328125;79282,6796875;-20,858205795288086;-950,5430297851562;13,954484939575195;0,5615882277488708;0,23250913619995117;0,18593649566173553;0,0071991924196481705
880;-1678,4969482421875;69,7042236328125;79282,6796875;-30,976224899291992;-940,3143310546875;11,831276893615723;0,5748358964920044;0,23858390748500824;0,1889551877975464;0,007496997714042664
881;-1678,4969482421875;69,7042236328125;79282,6796875;-16,392858505249023;-925,2838134765625;13,348355293273926;0,5957981944084167;0,24553915858268738;0,19384336471557617;0,007922185584902763
882;-1678,4969482421875;69,7042236328125;79282,6796875;16,053390502929688;-919,6649169921875;17,638154983520508;0,5764949321746826;0,24315643310546875;0,18730168044567108;0,007605111226439476
883;-1678,4969482421875;69,7042236328125;79282,6796875;-11,854686737060547;-898,6346435546875;13,177017211914062;0,5690610408782959;0,24418334662914276;0,18430452048778534;0,007517901714891195
884;-1678,4969482421875;69,7042236328125;79282,6796875;18,681007385253906;-903,6842041015625;17,014066696166992;0,5970771908760071;0,25092431902885437;0,19050726294517517;0,008055128157138824
885;-1678,4969482421875;69,7042236328125;79282,6796875;-23,961538314819336;-881,078125;10,090608596801758;0,5999252200126648;0,2595681846141815;0,19143499433994293;0,008227406069636345
886;-1678,4969482421875;69,7042236328125;79282,6796875;-13,626669883728027;-873,0514526367188;10,743382453918457;0,5956293344497681;0,257633775472641;0,18836435675621033;0,00816203374415636
887;-1678,4969482421875;69,7042236328125;79282,6796875;-10,205046653747559;-871,0137329101562;11,20919418334961;0,6229677200317383;0,26543933153152466;0,19438885152339935;0,008698903024196625
888;-1678,4969482421875;69,7042236328125;79282,6796875;-0,6389127373695374;-873,4183959960938;11,840523719787598;0,6162301898002625;0,27495092153549194;0,19318881630897522;0,008731006644666195
889;-1678,4969482421875;69,7042236328125;79282,6796875;18,774131774902344;-860,02783203125;14,433616638183594;0,6146642565727234;0,26684653759002686;0,18938283622264862;0,008644826710224152
890;-1678,4969482421875;69,7042236328125;79282,6796875;6,617964744567871;-838,3089599609375;11,785369873046875;0,6312319040298462;0,2727591097354889;0,19248050451278687;0,0089989909902215
891;-1678,4969482421875;69,7042236328125;79282,6796875;3,6151249408721924;-849,5512084960938;11,540362358093262;0,6404487490653992;0,278074711561203;0,19379235804080963;0,009236699901521206
892;-1678,4969482421875;69,7042236328125;79282,6796875;17,112834930419922;-824,9379272460938;11,780969619750977;0,6343724727630615;0,28461000323295593;0,19211351871490479;0,009259502403438091
893;-1678,4969482421875;69,7042236328125;79282,6796875;18,640085220336914;-818,3968505859375;12,081428527832031;0,6515201330184937;0,2898603081703186;0,19505096971988678;0,009619872085750103
894;-1678,4969482421875;69,7042236328125;79282,6796875;37,55598449707031;-805,2122192382812;13,385032653808594;0,6154319643974304;0,29810449481010437;0,18765759468078613;0,00916705746203661
895;-1678,4969482421875;69,7042236328125;79282,6796875;34,03703308105469;-810,3912963867188;12,472731590270996;0,63664311170578;0,3014141917228699;0,19099384546279907;0,009596012532711029
896;-1678,4969482421875;69,7042236328125;79282,6796875;26,660186767578125;-782,5267333984375;11,217756271362305;0,6539597511291504;0,31071338057518005;0,19478468596935272;0,010007968172430992
897;-1678,4969482421875;69,7042236328125;79282,6796875;55,02128219604492;-788,4000244140625;14,735945701599121;0,6406190991401672;0,3075302541255951;0,18988659977912903;0,009817271493375301
898;-1678,4969482421875;69,7042236328125;79282,6796875;49,73366928100586;-784,5001220703125;13,719610214233398;0,680217981338501;0,3192170560359955;0,1985708326101303;0,010611079633235931
899;-1678,4969482421875;69,7042236328125;79282,6796875;30,83158302307129;-770,309326171875;11,505799293518066;0,6736268997192383;0,3255937099456787;0,19709156453609467;0,010621527209877968
900;-1678,4969482421875;69,7042236328125;79282,6796875;69,9660873413086;-751,6448974609375;15,411092758178711;0,6627325415611267;0,3288491666316986;0,19424910843372345;0,01052741426974535
901;-1678,4969482421875;69,7042236328125;79282,6796875;100,09678649902344;-734,2535400390625;18,2044677734375;0,6858921647071838;0,3337928354740143;0,19837899506092072;0,011010239832103252
902;-1678,4969482421875;69,7042236328125;79282,6796875;42,786556243896484;-727,3526611328125;11,297739028930664;0,6676816344261169;0,3342152237892151;0,1938028782606125;0,010781784541904926
903;-1678,4969482421875;69,7042236328125;79282,6796875;40,777984619140625;-729,3032836914062;10,67381763458252;0,6683744192123413;0,32713761925697327;0,19144044816493988;0,01080417726188898
904;-1678,4969482421875;69,7042236328125;79282,6796875;27,133190155029297;-712,2886962890625;9,154102325439453;0,664768397808075;0,3386690318584442;0,19207119941711426;0,010902580805122852
905;-1678,4969482421875;69,7042236328125;79282,6796875;12,65640926361084;-702,195068359375;6,113720417022705;0,6503215432167053;0,33208489418029785;0,1872113049030304;0,010680546052753925
906;-1678,4969482421875;69,7042236328125;79282,6796875;31,45197296142578;-692,5103759765625;8,372773170471191;0,6657058596611023;0,3420356512069702;0,19129835069179535;0,011085803620517254
907;-1678,4969482421875;69,7042236328125;79282,6796875;56,18276596069336;-671,6796264648438;11,95404052734375;0,6555123329162598;0,33624711632728577;0,1876450926065445;0,010940789245069027
908;-1678,4969482421875;69,7042236328125;79282,6796875;3,2216758728027344;-650,5764770507812;4,990695476531982;0,6699305772781372;0,33884894847869873;0,1904028058052063;0,01128470804542303
909;-1678,4969482421875;69,7042236328125;79282,6796875;8,75893783569336;-643,2052001953125;5,426037788391113;0,6488466262817383;0,33413246273994446;0,1851852536201477;0,010960492305457592
910;-1678,4969482421875;69,7042236328125;79282,6796875;-19,506023406982422;-636,57568359375;1,375722050666809;0,6436653733253479;0,3320766091346741;0,1836201250553131;0,0109319556504488
911;-1678,4969482421875;69,7042236328125;79282,6796875;23,27454948425293;-629,1953735351562;5,417150020599365;0,6507847309112549;0,3349687159061432;0,18541914224624634;0,011152427643537521
912;-1678,4969482421875;69,7042236328125;79282,6796875;-21,999418258666992;-627,7837524414062;0,7580259442329407;0,6534561514854431;0,33526846766471863;0,18605761229991913;0,011281309649348259
913;-1678,4969482421875;69,7042236328125;79282,6796875;-12,512779235839844;-608,306640625;1,0123119354248047;0,6377564668655396;0,33854857087135315;0,18375061452388763;0,01109654176980257
914;-1678,4969482421875;69,7042236328125;79282,6796875;-26,190662384033203;-595,375732421875;0,11714146286249161;0,6573535203933716;0,33329957723617554;0,18701952695846558;0,011492094956338406
915;-1678,4969482421875;69,7042236328125;79282,6796875;-33,07480239868164;-593,4893798828125;-1,6060985326766968;0,6529839038848877;0,33471181988716125;0,18684008717536926;0,011506681330502033
916;-1678,4969482421875;69,7042236328125;79282,6796875;-59,49837875366211;-603,031982421875;-4,646439552307129;0,6603955030441284;0,3319149315357208;0,18850083649158478;0,011698486283421516
917;-1678,4969482421875;69,7042236328125;79282,6796875;-54,928218841552734;-586,0426025390625;-2,882444143295288;0,6417310833930969;0,3292809724807739;0,18491607904434204;0,011423046700656414
918;-1678,4969482421875;69,7042236328125;79282,6796875;-79,80442810058594;-574,9259643554688;-4,741448402404785;0,6433030962944031;0,3272777795791626;0,185731902718544;0,011516540311276913
919;-1678,4969482421875;69,7042236328125;79282,6796875;-87,82662963867188;-567,5758666992188;-6,312913417816162;0,6441447138786316;0,3287799656391144;0,1870356798171997;0,011623663827776909
920;-1678,4969482421875;69,7042236328125;79282,6796875;-77,53936004638672;-564,40380859375;-5,293390274047852;0,6601102352142334;0,3313732445240021;0,19190019369125366;0,01201541256159544
921;-1678,4969482421875;69,7042236328125;79282,6796875;-87,42953491210938;-551,8717651367188;-6,20091438293457;0,6516965627670288;0,33258917927742004;0,19130367040634155;0,011948801577091217
922;-1678,4969482421875;69,7042236328125;79282,6796875;-96,25062561035156;-548,1533203125;-7,760338306427002;0,6192679405212402;0,3151339590549469;0,18277165293693542;0,011293197050690651
923;-1678,4969482421875;69,7042236328125;79282,6796875;-68,10955047607422;-537,7260131835938;-3,7173380851745605;0,6606776118278503;0,33993563055992126;0,19670501351356506;0,012318238615989685
924;-1678,4969482421875;69,7042236328125;79282,6796875;-24,317625045776367;-514,4507446289062;2,211308002471924;0,6414431929588318;0,31618762016296387;0,19054992496967316;0,011865884065628052
925;-1678,4969482421875;69,7042236328125;79282,6796875;-67,39141845703125;-515,3170776367188;-4,268224716186523;0,6306517124176025;0,3117696940898895;0,18879500031471252;0,011708414182066917
926;-1678,4969482421875;69,7042236328125;79282,6796875;-50,01994705200195;-495,9898681640625;-1,731231689453125;0,6431118249893188;0,3235052227973938;0,19450953602790833;0,01210053637623787
927;-1678,4969482421875;69,7042236328125;79282,6796875;-52,00369644165039;-486,1234436035156;-1,7532100677490234;0,6165233254432678;0,30856701731681824;0,18763789534568787;0,011553776450455189
928;-1678,4969482421875;69,7042236328125;79282,6796875;-60,43048095703125;-486,1834411621094;-3,3623104095458984;0,6247677206993103;0,31438833475112915;0,1916806697845459;0,011819086968898773
929;-1678,4969482421875;69,7042236328125;79282,6796875;-57,68946838378906;-470,7725830078125;-1,7013576030731201;0,6177585124969482;0,3086129426956177;0,1906537413597107;0,011708738282322884
930;-1678,4969482421875;69,7042236328125;79282,6796875;-89,62486267089844;-469,9880676269531;-6,043705463409424;0,5988456606864929;0,2952979505062103;0,1857919991016388;0,011312469840049744
931;-1678,4969482421875;69,7042236328125;79282,6796875;-95,62864685058594;-466,9875793457031;-6,345311164855957;0,5846801400184631;0,2849571704864502;0,18240781128406525;0,011019845493137836
932;-1678,4969482421875;69,7042236328125;79282,6796875;-108,134765625;-461,72283935546875;-6,787158966064453;0,5689656734466553;0,2812303900718689;0,17900532484054565;0,010722491890192032
933;-1678,4969482421875;69,7042236328125;79282,6796875;-80,87171173095703;-449,7213439941406;-3,918292760848999;0,5928702354431152;0,2906859517097473;0,18756859004497528;0,011324580758810043
934;-1678,4969482421875;69,7042236328125;79282,6796875;-113,54019165039062;-436,2938232421875;-6,409214973449707;0,5975282192230225;0,2878771126270294;0,1899237185716629;0,011464342474937439
935;-1678,4969482421875;69,7042236328125;79282,6796875;-130,93020629882812;-419,54949951171875;-6,779537677764893;0,5793967843055725;0,28003883361816406;0,1853107511997223;0,011080190539360046
936;-1678,4969482421875;69,7042236328125;79282,6796875;-113,05316162109375;-420,5516662597656;-6,697604656219482;0,5947266817092896;0,2794906795024872;0,1909479945898056;0,011459521017968655
937;-1678,4969482421875;69,7042236328125;79282,6796875;-96,0622329711914;-406,4783935546875;-4,78466796875;0,587014377117157;0,2764773666858673;0,18950141966342926;0,011315475217998028
938;-1678,4969482421875;69,7042236328125;79282,6796875;-153,4532928466797;-416,348388671875;-8,266769409179688;0,5949566960334778;0,27304574847221375;0,19284449517726898;0,011517249047756195
939;-1678,4969482421875;69,7042236328125;79282,6796875;-164,38169860839844;-416,70758056640625;-10,938370704650879;0,5900751948356628;0,26918506622314453;0,1921224594116211;0,011431308463215828
940;-1678,4969482421875;69,7042236328125;79282,6796875;-158,8146209716797;-395,1915283203125;-10,597390174865723;0,5951581597328186;0,2690984308719635;0,19455741345882416;0,011574510484933853
941;-1678,4969482421875;69,7042236328125;79282,6796875;-180,12109375;-397,325439453125;-12,717721939086914;0,5980267524719238;0,26553991436958313;0,19624970853328705;0,011653894558548927
942;-1678,4969482421875;69,7042236328125;79282,6796875;-170,0415802001953;-384,8827209472656;-10,576518058776855;0,5741149187088013;0,252375066280365;0,1890522837638855;0,011091967113316059
943;-1678,4969482421875;69,7042236328125;79282,6796875;-175,0408172607422;-372,33221435546875;-11,015240669250488;0,589311420917511;0,25642648339271545;0,19465535879135132;0,01147093903273344
944;-1678,4969482421875;69,7042236328125;79282,6796875;-166,14230346679688;-366,75787353515625;-10,362109184265137;0,5861890912055969;0,2534705102443695;0,19407489895820618;0,011409051716327667
945;-1678,4969482421875;69,7042236328125;79282,6796875;-202,6029052734375;-355,7630615234375;-13,627920150756836;0,6136342883110046;0,2609274387359619;0,2038043737411499;0,012067017145454884
946;-1678,4969482421875;69,7042236328125;79282,6796875;-208,38279724121094;-345,3101501464844;-14,69078540802002;0,5953428149223328;0,25420013070106506;0,19762007892131805;0,011639460921287537
947;-1678,4969482421875;69,7042236328125;79282,6796875;-216,0045166015625;-347,48297119140625;-16,497421264648438;0,5985766649246216;0,2526288330554962;0,19897133111953735;0,011717681773006916
948;-1678,4969482421875;69,7042236328125;79282,6796875;-216,8716583251953;-342,6895446777344;-15,909037590026855;0,5781673192977905;0,2420891970396042;0,19214677810668945;0,011217360384762287
949;-1678,4969482421875;69,7042236328125;79282,6796875;-242,44268798828125;-355,8397216796875;-20,24370765686035;0,5403621792793274;0,2240799218416214;0,17950990796089172;0,010288335382938385
950;-1678,4969482421875;69,7042236328125;79282,6796875;-239,2583465576172;-330,2805480957031;-19,937978744506836;0,5339750647544861;0,219381183385849;0,17697028815746307;0,010102366097271442
951;-1678,4969482421875;69,7042236328125;79282,6796875;-280,4031677246094;-334,9107666015625;-23,888425827026367;0,5581905841827393;0,22672975063323975;0,1852235347032547;0,010698885656893253
952;-1678,4969482421875;69,7042236328125;79282,6796875;-278,11846923828125;-346,9042053222656;-25,163522720336914;0,5663244724273682;0,22804708778858185;0,18795214593410492;0,010888921096920967
953;-1678,4969482421875;69,7042236328125;79282,6796875;-331,064697265625;-348,9112243652344;-31,288782119750977;0,5667910575866699;0,2266359031200409;0,18796230852603912;0,010887579061090946
954;-1678,4969482421875;69,7042236328125;79282,6796875;-324,54669189453125;-340,96728515625;-30,106304168701172;0,571621298789978;0,22648309171199799;0,1889505684375763;0,010976315476000309
955;-1678,4969482421875;69,7042236328125;79282,6796875;-324,942626953125;-340,041259765625;-31,310924530029297;0,5846768021583557;0,23167994618415833;0,19340236485004425;0,011281659826636314
956;-1678,4969482421875;69,7042236328125;79282,6796875;-326,3409729003906;-345,3534240722656;-31,54776382446289;0,5698258876800537;0,22388674318790436;0,18766577541828156;0,010889616794884205
957;-1678,4969482421875;69,7042236328125;79282,6796875;-307,026123046875;-343,8738098144531;-30,510093688964844;0,5775666236877441;0,2243453711271286;0,1891319751739502;0,011034416034817696
958;-1678,4969482421875;69,7042236328125;79282,6796875;-298,55023193359375;-336,64892578125;-27,01270866394043;0,5735929608345032;0,22186686098575592;0,18713918328285217;0,010905055329203606
959;-1678,4969482421875;69,7042236328125;79282,6796875;-315,4728088378906;-347,8359069824219;-30,90204620361328;0,5633776783943176;0,21093349158763885;0,18157297372817993;0,010553007945418358
960;-1678,4969482421875;69,7042236328125;79282,6796875;-326,5613708496094;-349,4612731933594;-32,98308181762695;0,5980756878852844;0,22926336526870728;0,19325223565101624;0,011415459215641022
961;-1678,4969482421875;69,7042236328125;79282,6796875;-313,276611328125;-348,5118713378906;-31,998884201049805;0,5692050457000732;0,21320584416389465;0,18206097185611725;0,010644438676536083
962;-1678,4969482421875;69,7042236328125;79282,6796875;-300,5557556152344;-346,8024597167969;-30,201107025146484;0,569938600063324;0,21620440483093262;0,18192490935325623;0,010648561641573906
963;-1678,4969482421875;69,7042236328125;79282,6796875;-301,3272399902344;-358,9197082519531;-31,013446807861328;0,5784643888473511;0,21900707483291626;0,1835145205259323;0,010806129314005375
964;-1678,4969482421875;69,7042236328125;79282,6796875;-324,3100280761719;-365,6255798339844;-33,695068359375;0,5562852025032043;0,200730100274086;0,17363525927066803;0,01014015357941389
965;-1678,4969482421875;69,7042236328125;79282,6796875;-335,86322021484375;-377,40313720703125;-36,068153381347656;0,5715116262435913;0,2131335735321045;0,178407683968544;0,010522454977035522
966;-1678,4969482421875;69,7042236328125;79282,6796875;-337,543212890625;-377,8282165527344;-36,36959457397461;0,5691171884536743;0,20990754663944244;0,1760183721780777;0,010395489633083344
967;-1678,4969482421875;69,7042236328125;79282,6796875;-340,3976745605469;-379,0836181640625;-37,254798889160156;0,5659841299057007;0,21065819263458252;0,1740531027317047;0,010282125324010849
968;-1678,4969482421875;69,7042236328125;79282,6796875;-350,5294189453125;-385,6294860839844;-38,84088134765625;0,5657404661178589;0,20714832842350006;0,17207592725753784;0,010194026865065098
969;-1678,4969482421875;69,7042236328125;79282,6796875;-332,59490966796875;-379,4175720214844;-37,065189361572266;0,5620771646499634;0,20976902544498444;0,17019516229629517;0,010076334699988365
970;-1678,4969482421875;69,7042236328125;79282,6796875;-347,4499816894531;-389,17724609375;-39,79717254638672;0,5484725832939148;0,19673413038253784;0,1634766310453415;0,00963534601032734
971;-1678,4969482421875;69,7042236328125;79282,6796875;-373,6485290527344;-387,033935546875;-42,31706237792969;0,5540416240692139;0,1930912882089615;0,16290688514709473;0,009654557332396507
972;-1678,4969482421875;69,7042236328125;79282,6796875;-372,9917907714844;-393,6913757324219;-43,722476959228516;0,5507221817970276;0,2037782520055771;0,16222597658634186;0,009608229622244835
973;-1678,4969482421875;69,7042236328125;79282,6796875;-379,6997985839844;-404,9560546875;-44,527400970458984;0,5471514463424683;0,19488467276096344;0,15865489840507507;0,009403715841472149
974;-1678,4969482421875;69,7042236328125;79282,6796875;-387,0086364746094;-419,5257263183594;-46,227935791015625;0,559902012348175;0,20546704530715942;0,16175642609596252;0,009677747264504433
975;-1678,4969482421875;69,7042236328125;79282,6796875;-359,16192626953125;-412,2530212402344;-43,23965072631836;0,5754937529563904;0,20060265064239502;0,1633223295211792;0,009881527163088322
976;-1678,4969482421875;69,7042236328125;79282,6796875;-385,81964111328125;-416,3578796386719;-46,720584869384766;0,5584110617637634;0,20195575058460236;0,15807077288627625;0,00948141049593687
977;-1678,4969482421875;69,7042236328125;79282,6796875;-402,325439453125;-416,2796630859375;-49,12470626831055;0,5713261961936951;0,2041923701763153;0,1599961370229721;0,009687731973826885
978;-1678,4969482421875;69,7042236328125;79282,6796875;-421,399658203125;-430,287109375;-51,81575393676758;0,5943911075592041;0,22154855728149414;0,16628411412239075;0,010200010612607002
979;-1678,4969482421875;69,7042236328125;79282,6796875;-417,80401611328125;-430,3369445800781;-51,560020446777344;0,6080920696258545;0,22548875212669373;0,1685660183429718;0,010422028601169586
980;-1678,4969482421875;69,7042236328125;79282,6796875;-391,4173278808594;-421,9869079589844;-47,893043518066406;0,5893809199333191;0,21441814303398132;0,16154782474040985;0,009895939379930496
981;-1678,4969482421875;69,7042236328125;79282,6796875;-391,2470703125;-427,35089111328125;-49,22486877441406;0,5940282940864563;0,2183762490749359;0,16191421449184418;0,009938706643879414
982;-1678,4969482421875;69,7042236328125;79282,6796875;-406,4343566894531;-432,197265625;-50,3931884765625;0,5842142701148987;0,2188539057970047;0,1586730182170868;0,009668342769145966
983;-1678,4969482421875;69,7042236328125;79282,6796875;-407,3963623046875;-433,565185546875;-50,20383834838867;0,5984593629837036;0,22331352531909943;0,16138502955436707;0,00990246795117855
984;-1678,4969482421875;69,7042236328125;79282,6796875;-409,2398681640625;-449,4991149902344;-51,90655517578125;0,5901962518692017;0,21118643879890442;0,1570892035961151;0,009581461548805237
985;-1678,4969482421875;69,7042236328125;79282,6796875;-432,9546813964844;-458,3216857910156;-55,07670211791992;0,5962424874305725;0,2120329737663269;0,15773697197437286;0,009628081694245338
986;-1678,4969482421875;69,7042236328125;79282,6796875;-438,2614440917969;-466,91339111328125;-55,9453239440918;0,587087094783783;0,20731592178344727;0,15446513891220093;0,00934167206287384
987;-1678,4969482421875;69,7042236328125;79282,6796875;-445,2846984863281;-464,1892395019531;-57,99333953857422;0,5952473282814026;0,2096957564353943;0,1560022234916687;0,009439990855753422
988;-1678,4969482421875;69,7042236328125;79282,6796875;-472,8731384277344;-480,86773681640625;-60,689605712890625;0,6160063147544861;0,23278677463531494;0,1628747135400772;0,009914413094520569
989;-1678,4969482421875;69,7042236328125;79282,6796875;-450,40667724609375;-492,8168640136719;-58,5416374206543;0,6099331378936768;0,21647104620933533;0,15928974747657776;0,00961434654891491
990;-1678,4969482421875;69,7042236328125;79282,6796875;-429,0604248046875;-500,45880126953125;-55,8822135925293;0,597122848033905;0,21088740229606628;0,15565527975559235;0,009258338250219822
991;-1678,4969482421875;69,7042236328125;79282,6796875;-431,6431884765625;-520,6744995117188;-56,01397705078125;0,6022201180458069;0,20396077632904053;0,15602518618106842;0,009227774105966091
992;-1678,4969482421875;69,7042236328125;79282,6796875;-434,91058349609375;-537,874755859375;-56,30912780761719;0,5854222774505615;0,17744171619415283;0,14977437257766724;0,008620845153927803
993;-1678,4969482421875;69,7042236328125;79282,6796875;-383,18994140625;-539,3132934570312;-49,31636047363281;0,6066780090332031;0,21175791323184967;0,15818259119987488;0,009222776629030704
994;-1678,4969482421875;69,7042236328125;79282,6796875;-394,1788330078125;-568,762939453125;-50,99082565307617;0,6065905690193176;0,20074452459812164;0,15748544037342072;0,009068443439900875
995;-1678,4969482421875;69,7042236328125;79282,6796875;-417,0413513183594;-577,2606811523438;-53,415977478027344;0,5886887311935425;0,1881091147661209;0,15276387333869934;0,008577264845371246
996;-1678,4969482421875;69,7042236328125;79282,6796875;-403,7505187988281;-589,581298828125;-51,479488372802734;0,6161335706710815;0,1985350400209427;0,16071568429470062;0,009085886180400848
997;-1678,4969482421875;69,7042236328125;79282,6796875;-361,1218566894531;-605,4644165039062;-45,73506546020508;0,5963276624679565;0,1947769671678543;0,1565365344285965;0,008637632243335247
998;-1678,4969482421875;69,7042236328125;79282,6796875;-352,5057373046875;-629,7463989257812;-44,54890441894531;0,6087949872016907;0,20798879861831665;0,16146475076675415;0,008895909413695335
999;-1678,4969482421875;69,7042236328125;79282,6796875;-327,1402587890625;-649,104248046875;-40,75401306152344;0,6210097670555115;0,21054857969284058;0,16556121408939362;0,009069821797311306
1000;-1678,4969482421875;69,7042236328125;79282,6796875;-345,38641357421875;-657,8560180664062;-42,617347717285156;0,6224241852760315;0,21252572536468506;0,16716568171977997;0,009047731757164001
1001;-1678,4969482421875;69,7042236328125;79282,6796875;-341,35577392578125;-677,8135375976562;-40,62385177612305;0,6183488368988037;0,218242347240448;0,16777382791042328;0,008945443667471409
1002;-1678,4969482421875;69,7042236328125;79282,6796875;-362,9796142578125;-686,6524658203125;-43,57952880859375;0,6161314845085144;0,1938307285308838;0,1668103039264679;0,008682740852236748
1003;-1678,4969482421875;69,7042236328125;79282,6796875;-330,9018859863281;-701,8331909179688;-39,276180267333984;0,6223689317703247;0,2013789266347885;0,17023056745529175;0,008793295361101627
1004;-1678,4969482421875;69,7042236328125;79282,6796875;-307,86761474609375;-713,49755859375;-36,500545501708984;0,6089624762535095;0,1923576295375824;0,16769829392433167;0,008436918258666992
1005;-1678,4969482421875;69,7042236328125;79282,6796875;-319,8310241699219;-730,7078857421875;-37,97611618041992;0,6148235201835632;0,18758739531040192;0,17047260701656342;0,008450517430901527
1006;-1678,4969482421875;69,7042236328125;79282,6796875;-282,5392761230469;-740,6760864257812;-32,60704040527344;0,6127099990844727;0,19012320041656494;0,17158199846744537;0,008383974432945251
1007;-1678,4969482421875;69,7042236328125;79282,6796875;-244,680908203125;-755,09716796875;-28,6265811920166;0,5959764719009399;0,17109574377536774;0,16782435774803162;0,007888796739280224
1008;-1678,4969482421875;69,7042236328125;79282,6796875;-241,095703125;-781,8101806640625;-27,704160690307617;0,6078150868415833;0,1751832365989685;0,17284457385540009;0,008081257343292236
1009;-1678,4969482421875;69,7042236328125;79282,6796875;-243,49114990234375;-801,8414916992188;-27,524553298950195;0,6026356816291809;0,17341768741607666;0,17301970720291138;0,007936039008200169
1010;-1678,4969482421875;69,7042236328125;79282,6796875;-199,37820434570312;-813,7102661132812;-20,901580810546875;0,5842505693435669;0,1744970828294754;0,169532909989357;0,007584611885249615
1011;-1678,4969482421875;69,7042236328125;79282,6796875;-222,0999298095703;-825,28271484375;-23,008657455444336;0,5826720595359802;0,16996468603610992;0,17056912183761597;0,007482769433408976
1012;-1678,4969482421875;69,7042236328125;79282,6796875;-205,16969299316406;-836,1403198242188;-20,726125717163086;0,5537943243980408;0,14644205570220947;0,1633019894361496;0,0067265029065310955
1013;-1678,4969482421875;69,7042236328125;79282,6796875;-183,6029815673828;-835,0828857421875;-17,88251304626465;0,5783704519271851;0,16451391577720642;0,17239446938037872;0,0072866883128881454
1014;-1678,4969482421875;69,7042236328125;79282,6796875;-216,438232421875;-833,2545776367188;-21,85836410522461;0,5641216039657593;0,1569412648677826;0,16966520249843597;0,00693845609202981
1015;-1678,4969482421875;69,7042236328125;79282,6796875;-226,82843017578125;-840,2018432617188;-23,305696487426758;0,5694763660430908;0,15850292146205902;0,17285344004631042;0,007012941874563694
1016;-1678,4969482421875;69,7042236328125;79282,6796875;-216,9358673095703;-856,0350952148438;-21,016490936279297;0,5785843133926392;0,153440922498703;0,17714975774288177;0,0070753199979662895
1017;-1678,4969482421875;69,7042236328125;79282,6796875;-181,261962890625;-875,023193359375;-15,731122016906738;0,5721624493598938;0,15302610397338867;0,17673411965370178;0,0069312709383666515
1018;-1678,4969482421875;69,7042236328125;79282,6796875;-185,26097106933594;-877,950927734375;-16,037567138671875;0,5629618167877197;0,152810737490654;0,17539402842521667;0,006745888851583004
1019;-1678,4969482421875;69,7042236328125;79282,6796875;-167,5916748046875;-898,8499145507812;-12,37126636505127;0,5443073511123657;0,15549834072589874;0,17091964185237885;0,006416835356503725
1020;-1678,4969482421875;69,7042236328125;79282,6796875;-134,4689178466797;-911,7135009765625;-7,818943500518799;0,5552749037742615;0,1529170125722885;0,17581810057163239;0,006554568186402321
1021;-1678,4969482421875;69,7042236328125;79282,6796875;-126,47813415527344;-915,6432495117188;-6,41150426864624;0,5497580170631409;0,15932779014110565;0,17524990439414978;0,006494511384516954
1022;-1678,4969482421875;69,7042236328125;79282,6796875;-151,3901824951172;-918,0267333984375;-8,975730895996094;0,5485788583755493;0,1530415117740631;0,17635606229305267;0,00638525141403079
1023;-1678,4969482421875;69,7042236328125;79282,6796875;-97,64794921875;-932,0490112304688;-1,6203187704086304;0,5541914105415344;0,16263408958911896;0,1791333109140396;0,006554324179887772
1024;-1678,4969482421875;69,7042236328125;79282,6796875;-135,84507751464844;-933,2230834960938;-6,419407844543457;0,5413790345191956;0,1588582545518875;0,17620812356472015;0,006270272191613913
1025;-1678,4969482421875;69,7042236328125;79282,6796875;-104,27527618408203;-936,4226684570312;-1,4795334339141846;0,5556214451789856;0,16699586808681488;0,18178705871105194;0,006575082428753376
1026;-1678,4969482421875;69,7042236328125;79282,6796875;-102,08966827392578;-951,861083984375;-1,1403790712356567;0,5504732728004456;0,16915477812290192;0,18095484375953674;0,00647618155926466
1027;-1678,4969482421875;69,7042236328125;79282,6796875;-104,30165100097656;-956,9790649414062;-1,0246526002883911;0,5463412404060364;0,1674157679080963;0,1807028204202652;0,006373360753059387
1028;-1678,4969482421875;69,7042236328125;79282,6796875;-112,12834930419922;-949,6098022460938;-2,0451042652130127;0,5356980562210083;0,1635817289352417;0,17829734086990356;0,006130814552307129
1029;-1678,4969482421875;69,7042236328125;79282,6796875;-96,0547103881836;-960,972412109375;0,331781268119812;0,5464411377906799;0,17058934271335602;0,18247589468955994;0,00637056352570653
1030;-1678,4969482421875;69,7042236328125;79282,6796875;-99,40140533447266;-974,7079467773438;0,760492742061615;0,5302490592002869;0,1660059541463852;0,1780368685722351;0,006020302418619394
1031;-1678,4969482421875;69,7042236328125;79282,6796875;-105,56498718261719;-967,8438720703125;-0,22071559727191925;0,5519910454750061;0,17793333530426025;0,1854417622089386;0,006500923540443182
1032;-1678,4969482421875;69,7042236328125;79282,6796875;-82,24114227294922;-972,113037109375;3,113940715789795;0,548346221446991;0,17738653719425201;0,1851268857717514;0,00642362330108881
1033;-1678,4969482421875;69,7042236328125;79282,6796875;-132,36245727539062;-961,1432495117188;-3,0894100666046143;0,5271895527839661;0,17421075701713562;0,1779751479625702;0,005968544166535139
1034;-1678,4969482421875;69,7042236328125;79282,6796875;-116,52554321289062;-976,4359130859375;-0,38942965865135193;0,49942439794540405;0,16478019952774048;0,16997480392456055;0,005371996201574802
1035;-1678,4969482421875;69,7042236328125;79282,6796875;-137,9154052734375;-990,406494140625;-3,043734550476074;0,5227581858634949;0,17627346515655518;0,1773635894060135;0,005890869069844484
1036;-1678,4969482421875;69,7042236328125;79282,6796875;-181,42578125;-987,586181640625;-8,1742582321167;0,4862683117389679;0,16451412439346313;0,16728128492832184;0,005090249236673117
1037;-1678,4969482421875;69,7042236328125;79282,6796875;-132,75340270996094;-1005,5767211914062;-1,4886717796325684;0,48989084362983704;0,1687362790107727;0,16973654925823212;0,005113278515636921
1038;-1678,4969482421875;69,7042236328125;79282,6796875;-129,9365692138672;-1015,12158203125;-0,46501338481903076;0,4708292484283447;0,1664440631866455;0,16528457403182983;0,004242589231580496
1039;-1678,4969482421875;69,7042236328125;79282,6796875;-174,4099578857422;-992,8812255859375;-6,681565761566162;0,49881914258003235;0,17892783880233765;0,1730201244354248;0,005399505607783794
1040;-1678,4969482421875;69,7042236328125;79282,6796875;-157,83700561523438;-1003,9119873046875;-3,954644203186035;0,515103816986084;0,1871669739484787;0,17777122557163239;0,00583446491509676
1041;-1678,4969482421875;69,7042236328125;79282,6796875;-185,31137084960938;-1003,1015625;-7,625823020935059;0,493974894285202;0,18262319266796112;0,17051632702350616;0,005405846517533064
1042;-1678,4969482421875;69,7042236328125;79282,6796875;-154,57260131835938;-1008,2304077148438;-3,3026998043060303;0,5647623538970947;0,20344603061676025;0,19034503400325775;0,0068244608119130135
1043;-1678,4969482421875;69,7042236328125;79282,6796875;-111,59537506103516;-1025,29052734375;2,8882439136505127;0,5259869694709778;0,1969224512577057;0,17949067056179047;0,0061494396068155766
1044;-1678,4969482421875;69,7042236328125;79282,6796875;-126,76051330566406;-1011,3070678710938;0,5988861322402954;0,5265225172042847;0,19808757305145264;0,17875683307647705;0,006159479729831219
1045;-1678,4969482421875;69,7042236328125;79282,6796875;-115,25599670410156;-1015,7467651367188;2,5423429012298584;0,5298107266426086;0,20288898050785065;0,179911270737648;0,006281547248363495
1046;-1678,4969482421875;69,7042236328125;79282,6796875;-81,13481903076172;-1021,411376953125;7,107120513916016;0,5389530658721924;0,20839866995811462;0,182377889752388;0,006502213887870312
1047;-1678,4969482421875;69,7042236328125;79282,6796875;-111,56584167480469;-1011,0923461914062;3,204751491546631;0,5498579144477844;0,21323373913764954;0,18496966361999512;0,006741287652403116
1048;-1678,4969482421875;69,7042236328125;79282,6796875;-103,99139404296875;-1005,127197265625;3,7202014923095703;0,5418001413345337;0,216411754488945;0,18283958733081818;0,00665407907217741
1049;-1678,4969482421875;69,7042236328125;79282,6796875;-99,24923706054688;-996,4768676757812;4,289810657501221;0,5508387088775635;0,22211691737174988;0,1851007044315338;0,0068769631907343864
1050;-1678,4969482421875;69,7042236328125;79282,6796875;-80,96590423583984;-994,4368286132812;7,014462471008301;0,5790855288505554;0,2263023406267166;0,1911936104297638;0,007370547857135534
1051;-1678,4969482421875;69,7042236328125;79282,6796875;-106,59446716308594;-993,386962890625;3,3073956966400146;0,577304482460022;0,23026590049266815;0,19042547047138214;0,007411107886582613
1052;-1678,4969482421875;69,7042236328125;79282,6796875;-68,57994842529297;-1000,1455078125;8,317422866821289;0,5827912092208862;0,23200447857379913;0,19064633548259735;0,007517888676375151
1053;-1678,4969482421875;69,7042236328125;79282,6796875;-85,91343688964844;-983,1209106445312;5,437603950500488;0,5669273138046265;0,2353300303220749;0,18637579679489136;0,007334214635193348
1054;-1678,4969482421875;69,7042236328125;79282,6796875;-44,598915100097656;-990,0498657226562;10,907336235046387;0,5771904587745667;0,2460426539182663;0,18973325192928314;0,007630502339452505
1055;-1678,4969482421875;69,7042236328125;79282,6796875;-70,683349609375;-987,2421264648438;7,149308681488037;0,5670833587646484;0,24111013114452362;0,18471196293830872;0,007435122039169073
1056;-1678,4969482421875;69,7042236328125;79282,6796875;-66,33589935302734;-982,2510986328125;7,595865726470947;0,5894601941108704;0,2528752386569977;0,19088837504386902;0,00794430635869503
1057;-1678,4969482421875;69,7042236328125;79282,6796875;-28,66965103149414;-970,8464965820312;11,815299034118652;0,5879132747650146;0,2499043494462967;0,18821197748184204;0,007904605939984322
1058;-1678,4969482421875;69,7042236328125;79282,6796875;-51,3066520690918;-956,2404174804688;6,881959438323975;0,5901131629943848;0,25345107913017273;0,18787305057048798;0,008004995994269848
1059;-1678,4969482421875;69,7042236328125;79282,6796875;-9,77512264251709;-962,815185546875;13,404501914978027;0,5793190002441406;0,2525978088378906;0,18360228836536407;0,007846439257264137
1060;-1678,4969482421875;69,7042236328125;79282,6796875;-1,2981609106063843;-953,6070556640625;12,979780197143555;0,5993527173995972;0,2596370577812195;0,18788759410381317;0,008268497884273529
1061;-1678,4969482421875;69,7042236328125;79282,6796875;2,433347463607788;-946,0796508789062;13,660600662231445;0,6032452583312988;0,27087485790252686;0,18945367634296417;0,008483740501105785
1062;-1678,4969482421875;69,7042236328125;79282,6796875;25,535226821899414;-949,9733276367188;16,26593780517578;0,6393175721168518;0,2792816460132599;0,19728992879390717;0,00916802603751421
1063;-1678,4969482421875;69,7042236328125;79282,6796875;22,263629913330078;-941,6264038085938;15,263626098632812;0,6241897940635681;0,2750887870788574;0,19138462841510773;0,008922512643039227
1064;-1678,4969482421875;69,7042236328125;79282,6796875;30,064918518066406;-928,9774169921875;16,40166473388672;0,6337727308273315;0,27256765961647034;0,1911880373954773;0,009064476005733013
1065;-1678,4969482421875;69,7042236328125;79282,6796875;15,417131423950195;-916,1995239257812;13,027726173400879;0,621055543422699;0,2806055247783661;0,18844227492809296;0,00901054311543703
1066;-1678,4969482421875;69,7042236328125;79282,6796875;69,81410217285156;-911,3487548828125;19,27227783203125;0,6242679357528687;0,2868848741054535;0,18870176374912262;0,009166432544589043
1067;-1678,4969482421875;69,7042236328125;79282,6796875;34,52188491821289;-895,6427001953125;14,682771682739258;0,6353211402893066;0,3021096885204315;0,19248665869235992;0,009530607610940933
1068;-1678,4969482421875;69,7042236328125;79282,6796875;61,477115631103516;-889,14501953125;17,695240020751953;0,6332123279571533;0,296731561422348;0,18927903473377228;0,00949730072170496
1069;-1678,4969482421875;69,7042236328125;79282,6796875;53,97675323486328;-876,3930053710938;16,19870948791504;0,655505359172821;0,3108277916908264;0,19505763053894043;0,010033641941845417
1070;-1678,4969482421875;69,7042236328125;79282,6796875;47,20314407348633;-878,0236206054688;15,160630226135254;0,6459833979606628;0,30930134654045105;0,19127395749092102;0,009921353310346603
1071;-1678,4969482421875;69,7042236328125;79282,6796875;16,832290649414062;-860,7135620117188;11,056652069091797;0,6413765549659729;0,318489670753479;0,1907876431941986;0,009974740445613861
1072;-1678,4969482421875;69,7042236328125;79282,6796875;33,05833435058594;-852,7066040039062;12,346129417419434;0,6799331903457642;0,3297416567802429;0,19912606477737427;0,010759063065052032
1073;-1678,4969482421875;69,7042236328125;79282,6796875;37,94359588623047;-853,183349609375;12,812634468078613;0,6529604196548462;0,3242604434490204;0,19141101837158203;0,010333835147321224
1074;-1678,4969482421875;69,7042236328125;79282,6796875;23,192764282226562;-835,982421875;10,221183776855469;0,6526183485984802;0,3246467411518097;0,1901673525571823;0,01039556972682476
1075;-1678,4969482421875;69,7042236328125;79282,6796875;36,42258071899414;-823,753173828125;12,035748481750488;0,6732950210571289;0,3307829201221466;0,19415096938610077;0,010850764811038971
1076;-1678,4969482421875;69,7042236328125;79282,6796875;23,17238998413086;-819,4722900390625;8,997665405273438;0,6734954714775085;0,334477961063385;0,19384175539016724;0,01095256395637989
1077;-1678,4969482421875;69,7042236328125;79282,6796875;-25,942167282104492;-783,1449584960938;3,055025339126587;0,6682350039482117;0,33861812949180603;0,1927148401737213;0,010966223664581776
1078;-1678,4969482421875;69,7042236328125;79282,6796875;3,9268836975097656;-795,7079467773438;6,989824295043945;0,6755427718162537;0,33879417181015015;0,19324369728565216;0,011161371134221554
1079;-1678,4969482421875;69,7042236328125;79282,6796875;2,1202032566070557;-775,2127685546875;6,082108497619629;0,6466548442840576;0,33784905076026917;0,1869133561849594;0,01072800625115633
1080;-1678,4969482421875;69,7042236328125;79282,6796875;-3,4752020835876465;-779,058349609375;4,978213310241699;0,6555498242378235;0,32981881499290466;0,18643197417259216;0,01089871022850275
1081;-1678,4969482421875;69,7042236328125;79282,6796875;6,875333786010742;-766,656494140625;6,988348007202148;0,6566137075424194;0,3421410918235779;0,18849845230579376;0,01107935793697834
1082;-1678,4969482421875;69,7042236328125;79282,6796875;16,025341033935547;-756,125244140625;8,081890106201172;0,6522570252418518;0,33434566855430603;0,1858578324317932;0,011024129576981068
1083;-1678,4969482421875;69,7042236328125;79282,6796875;7,004904270172119;-725,71533203125;6,6737518310546875;0,6531407237052917;0,33383119106292725;0,18573462963104248;0,011111326515674591
1084;-1678,4969482421875;69,7042236328125;79282,6796875;-12,671432495117188;-733,983154296875;3,7475013732910156;0,6563840508460999;0,3360061049461365;0,18669083714485168;0,011262848973274231
1085;-1678,4969482421875;69,7042236328125;79282,6796875;-12,68819522857666;-720,2239379882812;2,7882721424102783;0,6520228385925293;0,341643750667572;0,18691383302211761;0,011302472092211246
1086;-1678,4969482421875;69,7042236328125;79282,6796875;-8,311470985412598;-707,641845703125;3,6453771591186523;0,6667009592056274;0,3362239897251129;0,18903186917304993;0,011601072736084461
1087;-1678,4969482421875;69,7042236328125;79282,6796875;-18,51487159729004;-691,4929809570312;2,562145948410034;0,6479065418243408;0,34006136655807495;0,18629664182662964;0,011373523622751236
1088;-1678,4969482421875;69,7042236328125;79282,6796875;-15,315418243408203;-690,6044921875;3,593961477279663;0,6568965911865234;0,3428059220314026;0,18897630274295807;0,011634469963610172
1089;-1678,4969482421875;69,7042236328125;79282,6796875;-10,98681640625;-685,9022216796875;4,210174083709717;0,6621283292770386;0,3339282274246216;0,1891828030347824;0,01174472738057375
1090;-1678,4969482421875;69,7042236328125;79282,6796875;-15,133901596069336;-665,5721435546875;1,677716851234436;0,6382871866226196;0,3322785794734955;0,1846856027841568;0,011381515301764011
1091;-1678,4969482421875;69,7042236328125;79282,6796875;-61,24168395996094;-665,8505249023438;-1,333158016204834;0,6514047384262085;0,3243265450000763;0,18704164028167725;0,01163888443261385
1092;-1678,4969482421875;69,7042236328125;79282,6796875;-35,78708267211914;-631,1461181640625;2,501922130584717;0,6588238477706909;0,33146268129348755;0,1906094253063202;0,011910028755664825
1093;-1678,4969482421875;69,7042236328125;79282,6796875;-36,818668365478516;-617,5012817382812;0,8970110416412354;0,6431163549423218;0,3205505311489105;0,18665532767772675;0,011618315242230892
1094;-1678,4969482421875;69,7042236328125;79282,6796875;-70,6742935180664;-615,209716796875;-1,4924050569534302;0,6531040072441101;0,3340475857257843;0,1918385922908783;0,011984935961663723
1095;-1678,4969482421875;69,7042236328125;79282,6796875;-40,27078628540039;-606,1162719726562;0,04706265404820442;0,6565428376197815;0,3342136740684509;0,19380177557468414;0,012128603644669056
1096;-1678,4969482421875;69,7042236328125;79282,6796875;-70,76905059814453;-592,4894409179688;-3,4744224548339844;0,6566269397735596;0,3335248529911041;0,1949787139892578;0,012205068953335285
1097;-1678,4969482421875;69,7042236328125;79282,6796875;-62,20355987548828;-589,2600708007812;-2,808831214904785;0,6265460848808289;0,3158285617828369;0,18699677288532257;0,011586767621338367
1098;-1678,4969482421875;69,7042236328125;79282,6796875;-40,52630615234375;-567,9356689453125;1,0066287517547607;0,6294670701026917;0,31694167852401733;0,1891176849603653;0,011721963062882423
1099;-1678,4969482421875;69,7042236328125;79282,6796875;-58,0180549621582;-566,97119140625;-1,5066113471984863;0,6329373717308044;0,316542387008667;0,19127413630485535;0,011860610917210579
1100;-1678,4969482421875;69,7042236328125;79282,6796875;-57,51588821411133;-552,7379150390625;-1,907795786857605;0,6182780265808105;0,3094805181026459;0,18821106851100922;0,011596782132983208
1101;-1678,4969482421875;69,7042236328125;79282,6796875;-108,88961029052734;-554,5585327148438;-7,155320167541504;0,6082139611244202;0,30782389640808105;0,18681469559669495;0,011450427584350109
1102;-1678,4969482421875;69,7042236328125;79282,6796875;-69,64253234863281;-538,4078979492188;-2,1547982692718506;0,610075056552887;0,3021945655345917;0,18808956444263458;0,011520087718963623
1103;-1678,4969482421875;69,7042236328125;79282,6796875;-89,81053924560547;-534,5512084960938;-5,69316291809082;0,6128831505775452;0,30109885334968567;0,1900935173034668;0,011635672301054
1104;-1678,4969482421875;69,7042236328125;79282,6796875;-120,10195922851562;-536,6193237304688;-7,7119293212890625;0,6009476184844971;0,2984861433506012;0,1879558563232422;0,011431516148149967
1105;-1678,4969482421875;69,7042236328125;79282,6796875;-120,86125183105469;-516,5347290039062;-5,682841777801514;0,5904876589775085;0,2890763282775879;0,1856100857257843;0,011220639571547508
1106;-1678,4969482421875;69,7042236328125;79282,6796875;-123,3274154663086;-520,8324584960938;-6,675325870513916;0,5830344557762146;0,2863698899745941;0,1845272034406662;0,01109770592302084
1107;-1678,4969482421875;69,7042236328125;79282,6796875;-122,81318664550781;-511,47161865234375;-7,7299065589904785;0,5919005274772644;0,28808116912841797;0,1883404552936554;0,011343604885041714
1108;-1678,4969482421875;69,7042236328125;79282,6796875;-115,12651062011719;-479,57196044921875;-5,47725772857666;0,5981311202049255;0,2905242145061493;0,19140154123306274;0,011525320820510387
1109;-1678,4969482421875;69,7042236328125;79282,6796875;-115,62598419189453;-489,3148498535156;-8,254668235778809;0,6043224930763245;0,2856920659542084;0,19412603974342346;0,011695506982505322
1110;-1678,4969482421875;69,7042236328125;79282,6796875;-120,2647476196289;-452,7933044433594;-7,256762981414795;0,5991625189781189;0,2804411053657532;0,19339554011821747;0,011601923033595085
1111;-1678,4969482421875;69,7042236328125;79282,6796875;-157,33984375;-440,66156005859375;-11,29527759552002;0,5915479063987732;0,2706865072250366;0,19174355268478394;0,011434837244451046
1112;-1678,4969482421875;69,7042236328125;79282,6796875;-178,46263122558594;-431,2407531738281;-12,186176300048828;0,6017741560935974;0,27540481090545654;0,19595369696617126;0,011714567430317402
1113;-1678,4969482421875;69,7042236328125;79282,6796875;-210,56103515625;-435,8074035644531;-17,53173065185547;0,6020327210426331;0,2719525098800659;0,19682276248931885;0,011742301285266876
1114;-1678,4969482421875;69,7042236328125;79282,6796875;-221,7085418701172;-420,6885986328125;-18,46367835998535;0,599629282951355;0,26567861437797546;0,196798637509346;0,011692807078361511
1115;-1678,4969482421875;69,7042236328125;79282,6796875;-203,29226684570312;-396,9106750488281;-15,359140396118164;0,5733987092971802;0,250541627407074;0,1888757348060608;0,011066361330449581
1116;-1678,4969482421875;69,7042236328125;79282,6796875;-237,37741088867188;-410,6177673339844;-19,834312438964844;0,5941357016563416;0,25996699929237366;0,19618745148181915;0,011598722077906132
1117;-1678,4969482421875;69,7042236328125;79282,6796875;-255,5641632080078;-391,0352783203125;-22,79088592529297;0,5697941780090332;0,24697548151016235;0,18861526250839233;0,011021616868674755
1118;-1678,4969482421875;69,7042236328125;79282,6796875;-281,8814392089844;-390,9791564941406;-24,474355697631836;0,5692287683486938;0,24370774626731873;0,188886359333992;0,011011435650289059
1119;-1678,4969482421875;69,7042236328125;79282,6796875;-286,84381103515625;-376,6839599609375;-25,386032104492188;0,5739908218383789;0,24456477165222168;0,19062086939811707;0,011132887564599514
1120;-1678,4969482421875;69,7042236328125;79282,6796875;-293,9432373046875;-366,5082702636719;-26,462486267089844;0,5920938849449158;0,2507202625274658;0,19664248824119568;0,011561984196305275
1121;-1678,4969482421875;69,7042236328125;79282,6796875;-293,5718078613281;-351,5767822265625;-27,20610237121582;0,5835985541343689;0,24455702304840088;0,19389952719211578;0,011351636610925198
1122;-1678,4969482421875;69,7042236328125;79282,6796875;-309,2606201171875;-349,6618957519531;-29,17365264892578;0,5672245621681213;0,23381303250789642;0,18922780454158783;0,01095285452902317
1123;-1678,4969482421875;69,7042236328125;79282,6796875;-327,7419738769531;-342,7791748046875;-31,86931037902832;0,5320786833763123;0,218767911195755;0,1761707067489624;0,010050022043287754
1124;-1678,4969482421875;69,7042236328125;79282,6796875;-302,3934326171875;-306,5502014160156;-27,911285400390625;0,5484021902084351;0,22278806567192078;0,1821499615907669;0,01046760380268097
1125;-1678,4969482421875;69,7042236328125;79282,6796875;-323,6327209472656;-323,2851257324219;-31,496421813964844;0,5605627298355103;0,2254512757062912;0,18567287921905518;0,010738594457507133
1126;-1678,4969482421875;69,7042236328125;79282,6796875;-336,51043701171875;-302,2123718261719;-34,57603454589844;0,558861494064331;0,22219251096248627;0,18446020781993866;0,010661306791007519
1127;-1678,4969482421875;69,7042236328125;79282,6796875;-372,32904052734375;-296,1427001953125;-37,82085418701172;0,5650109648704529;0,22468431293964386;0,18714210391044617;0,010828065685927868
1128;-1678,4969482421875;69,7042236328125;79282,6796875;-355,330322265625;-292,9726867675781;-36,86579513549805;0,5401591062545776;0,21029601991176605;0,1772296130657196;0,010150577872991562
1129;-1678,4969482421875;69,7042236328125;79282,6796875;-406,9706115722656;-289,77386474609375;-43,68413162231445;0,5713604092597961;0,22408084571361542;0,1880224198102951;0,010929688811302185
1130;-1678,4969482421875;69,7042236328125;79282,6796875;-397,938232421875;-286,9431457519531;-41,9030876159668;0,5640835165977478;0,21496684849262238;0,18353118002414703;0,010652664117515087
1131;-1678,4969482421875;69,7042236328125;79282,6796875;-389,22235107421875;-283,68115234375;-40,75724792480469;0,5746831297874451;0,2224113792181015;0,1875160187482834;0,01093885488808155
1132;-1678,4969482421875;69,7042236328125;79282,6796875;-377,62261962890625;-278,9296569824219;-40,50593185424805;0,553483247756958;0,20935922861099243;0,17887811362743378;0,010350828059017658
1133;-1678,4969482421875;69,7042236328125;79282,6796875;-369,2799377441406;-282,52447509765625;-39,653106689453125;0,5879425406455994;0,22510114312171936;0,18992216885089874;0,011175518855452538
1134;-1678,4969482421875;69,7042236328125;79282,6796875;-400,9009094238281;-294,0502624511719;-44,9393424987793;0,572268009185791;0,21627803146839142;0,18343105912208557;0,010743183083832264
1135;-1678,4969482421875;69,7042236328125;79282,6796875;-378,78759765625;-294,29559326171875;-41,465965270996094;0,5601179003715515;0,21159939467906952;0,17862120270729065;0,010411330498754978
1136;-1678,4969482421875;69,7042236328125;79282,6796875;-384,29571533203125;-290,4034729003906;-42,04145812988281;0,5681474208831787;0,21260201930999756;0,17978528141975403;0,010545381344854832
1137;-1678,4969482421875;69,7042236328125;79282,6796875;-356,8742370605469;-292,901611328125;-41,023677825927734;0,5781729817390442;0,21767713129520416;0,18207769095897675;0,01074907835572958
1138;-1678,4969482421875;69,7042236328125;79282,6796875;-388,379150390625;-290,66961669921875;-45,211097717285156;0,5565221905708313;0,2050134688615799;0,17331691086292267;0,010149790905416012
1139;-1678,4969482421875;69,7042236328125;79282,6796875;-433,4996337890625;-303,0747375488281;-50,18856430053711;0,5636935234069824;0,20933017134666443;0,17459188401699066;0,010285376571118832
1140;-1678,4969482421875;69,7042236328125;79282,6796875;-446,4051513671875;-306,59466552734375;-52,76566696166992;0,5663315057754517;0,2081948220729828;0,17376050353050232;0,010278229601681232
1141;-1678,4969482421875;69,7042236328125;79282,6796875;-457,22662353515625;-311,9164733886719;-54,33787155151367;0,5580781698226929;0,20394016802310944;0,16969916224479675;0,010017801076173782
1142;-1678,4969482421875;69,7042236328125;79282,6796875;-460,0893859863281;-316,8707580566406;-55,50775909423828;0,556660532951355;0,20663926005363464;0,16839687526226044;0,009949486702680588
1143;-1678,4969482421875;69,7042236328125;79282,6796875;-449,7594299316406;-316,25579833984375;-54,703651428222656;0,5577456951141357;0,20182925462722778;0,1665218621492386;0,009874864481389523
1144;-1678,4969482421875;69,7042236328125;79282,6796875;-472,538330078125;-315,38372802734375;-56,987274169921875;0,5347567200660706;0,18974485993385315;0,15774156153202057;0,009240679442882538
1145;-1678,4969482421875;69,7042236328125;79282,6796875;-514,1444091796875;-324,20391845703125;-63,43351364135742;0,55739825963974;0,19998157024383545;0,1633014678955078;0,009729323908686638
1146;-1678,4969482421875;69,7042236328125;79282,6796875;-522,6435546875;-336,0635986328125;-65,8415756225586;0,5439318418502808;0,19045934081077576;0,15728700160980225;0,009311485104262829
1147;-1678,4969482421875;69,7042236328125;79282,6796875;-481,44793701171875;-330,03204345703125;-60,42251205444336;0,5484820008277893;0,19473771750926971;0,15756946802139282;0,009370595216751099
1148;-1678,4969482421875;69,7042236328125;79282,6796875;-469,35504150390625;-323,8844909667969;-57,80826187133789;0,5884560942649841;0,21340303122997284;0,16817350685596466;0,010251504369080067
1149;-1678,4969482421875;69,7042236328125;79282,6796875;-452,8834228515625;-335,1426086425781;-57,224693298339844;0,576114296913147;0,21201731264591217;0,16362330317497253;0,009919662028551102
1150;-1678,4969482421875;69,7042236328125;79282,6796875;-516,107666015625;-346,4094543457031;-65,28875732421875;0,5737609267234802;0,20409587025642395;0,16057750582695007;0,00974337663501501
1151;-1678,4969482421875;69,7042236328125;79282,6796875;-479,7449035644531;-333,4505615234375;-60,7106819152832;0,5954179763793945;0,21854740381240845;0,16614316403865814;0,010205314494669437
1152;-1678,4969482421875;69,7042236328125;79282,6796875;-511,542724609375;-327,45269775390625;-66,19549560546875;0,5884011387825012;0,20910468697547913;0,16193777322769165;0,009922494180500507
1153;-1678,4969482421875;69,7042236328125;79282,6796875;-521,818115234375;-340,7015380859375;-67,02430725097656;0,5954379439353943;0,21658003330230713;0,16324302554130554;0,01004035584628582
1154;-1678,4969482421875;69,7042236328125;79282,6796875;-475,2762756347656;-334,2782897949219;-61,3792724609375;0,5841193795204163;0,2138471007347107;0,15913480520248413;0,009718162938952446
1155;-1678,4969482421875;69,7042236328125;79282,6796875;-498,3350524902344;-334,73822021484375;-64,61284637451172;0,5803284645080566;0,2179833948612213;0,15773767232894897;0,009592283517122269
1156;-1678,4969482421875;69,7042236328125;79282,6796875;-501,08514404296875;-335,0718688964844;-65,58499145507812;0,5978114008903503;0,22421374917030334;0,16140492260456085;0,00990383978933096
1157;-1678,4969482421875;69,7042236328125;79282,6796875;-489,310302734375;-342,6849060058594;-64,99571990966797;0,5864139199256897;0,21499279141426086;0,15677276253700256;0,009541360661387444
1158;-1678,4969482421875;69,7042236328125;79282,6796875;-502,955810546875;-355,4606018066406;-66,23297882080078;0,5892355442047119;0,2157304733991623;0,15668420493602753;0,009524897672235966
1159;-1678,4969482421875;69,7042236328125;79282,6796875;-497,6400451660156;-358,8374938964844;-66,00248718261719;0,6059197187423706;0,22294335067272186;0,16054652631282806;0,009819108992815018
1160;-1678,4969482421875;69,7042236328125;79282,6796875;-500,49267578125;-369,1699523925781;-66,62159729003906;0,6059519052505493;0,22780929505825043;0,16056379675865173;0,009772088378667831
1161;-1678,4969482421875;69,7042236328125;79282,6796875;-482,38018798828125;-374,7921142578125;-64,4216079711914;0,6113102436065674;0,21978819370269775;0,1603090912103653;0,009744563139975071
1162;-1678,4969482421875;69,7042236328125;79282,6796875;-489,8891906738281;-375,21697998046875;-65,64244079589844;0,5990846753120422;0,21066205203533173;0,15625621378421783;0,009373847395181656
1163;-1678,4969482421875;69,7042236328125;79282,6796875;-492,5544738769531;-383,6528625488281;-65,80754852294922;0,6117251515388489;0,21073311567306519;0,15890370309352875;0,009534049779176712
1164;-1678,4969482421875;69,7042236328125;79282,6796875;-486,6047668457031;-396,4562072753906;-65,05511474609375;0,6096845269203186;0,21115241944789886;0,15846945345401764;0,009426147677004337
1165;-1678,4969482421875;69,7042236328125;79282,6796875;-498,5482177734375;-403,7730712890625;-67,07286834716797;0,6061979532241821;0,21501176059246063;0,15821175277233124;0,009317593649029732
1166;-1678,4969482421875;69,7042236328125;79282,6796875;-502,68426513671875;-411,2271728515625;-67,13954162597656;0,6071460843086243;0,20812389254570007;0,15795756876468658;0,009214358404278755
1167;-1678,4969482421875;69,7042236328125;79282,6796875;-487,6778564453125;-418,56646728515625;-65,24567413330078;0,5970597267150879;0,19238296151161194;0,15454471111297607;0,008836183696985245
1168;-1678,4969482421875;69,7042236328125;79282,6796875;-500,3277282714844;-433,44287109375;-66,65058135986328;0,6099451184272766;0,20116396248340607;0,15885546803474426;0,009072779677808285
1169;-1678,4969482421875;69,7042236328125;79282,6796875;-437,45574951171875;-446,77362060546875;-58,8638916015625;0,6134377121925354;0,19911418855190277;0,16013088822364807;0,00904870219528675
1170;-1678,4969482421875;69,7042236328125;79282,6796875;-478,4034423828125;-452,3475341796875;-63,549644470214844;0,593087375164032;0,18901494145393372;0,1553139090538025;0,008542463183403015
1171;-1678,4969482421875;69,7042236328125;79282,6796875;-470,781982421875;-470,193603515625;-62,40221405029297;0,619629442691803;0,20121073722839355;0,163493812084198;0,009048400446772575
1172;-1678,4969482421875;69,7042236328125;79282,6796875;-463,3861389160156;-486,5557861328125;-61,31455612182617;0,632775604724884;0,2207089215517044;0,16922055184841156;0,009360807947814465
1173;-1678,4969482421875;69,7042236328125;79282,6796875;-473,6257019042969;-503,5995178222656;-62,05684280395508;0,6142296195030212;0,21491478383541107;0,16538485884666443;0,008923230692744255
1174;-1678,4969482421875;69,7042236328125;79282,6796875;-441,6778869628906;-519,66650390625;-56,901634216308594;0,6010977029800415;0,1909399777650833;0,16156888008117676;0,008459639735519886
1175;-1678,4969482421875;69,7042236328125;79282,6796875;-454,0024108886719;-536,8506469726562;-58,3137092590332;0,6037404537200928;0,20758819580078125;0,16463647782802582;0,008563710376620293
1176;-1678,4969482421875;69,7042236328125;79282,6796875;-418,0610656738281;-551,4852905273438;-53,250701904296875;0,6081578135490417;0,20112775266170502;0,16660796105861664;0,008546516299247742
1177;-1678,4969482421875;69,7042236328125;79282,6796875;-397,4837951660156;-577,4475708007812;-50,770362854003906;0,6170315742492676;0,19447562098503113;0,16989268362522125;0,008601311594247818
1178;-1678,4969482421875;69,7042236328125;79282,6796875;-407,3338317871094;-595,9812622070312;-51,6589241027832;0,6361908912658691;0,1928103268146515;0,17632190883159637;0,008861643262207508
1179;-1678,4969482421875;69,7042236328125;79282,6796875;-360,3171081542969;-607,7434692382812;-45,01565933227539;0,5864116549491882;0,18216218054294586;0,16421513259410858;0,007866080850362778
1180;-1678,4969482421875;69,7042236328125;79282,6796875;-366,86370849609375;-616,236083984375;-46,63376998901367;0,615430474281311;0,17606638371944427;0,17328229546546936;0,008268280886113644
1181;-1678,4969482421875;69,7042236328125;79282,6796875;-339,14556884765625;-632,1607666015625;-43,225616455078125;0,6036663055419922;0,17073668539524078;0,17152999341487885;0,007977369241416454
1182;-1678,4969482421875;69,7042236328125;79282,6796875;-343,4488525390625;-652,444091796875;-43,048858642578125;0,5919919013977051;0,16907499730587006;0,16991573572158813;0,007723743561655283
1183;-1678,4969482421875;69,7042236328125;79282,6796875;-304,593505859375;-672,8378295898438;-36,8804931640625;0,5685557723045349;0,16272996366024017;0,16476386785507202;0,007219306658953428
1184;-1678,4969482421875;69,7042236328125;79282,6796875;-322,2498779296875;-684,0743408203125;-38,565582275390625;0,5771572589874268;0,16656605899333954;0,16891366243362427;0,007364886347204447
1185;-1678,4969482421875;69,7042236328125;79282,6796875;-294,3565368652344;-705,26953125;-34,3995246887207;0,5826693177223206;0,15833210945129395;0,17191368341445923;0,007342961151152849
1186;-1678,4969482421875;69,7042236328125;79282,6796875;-315,9610900878906;-718,2135009765625;-36,72337341308594;0,5697515606880188;0,15997928380966187;0,1698271632194519;0,007104616146534681
1187;-1678,4969482421875;69,7042236328125;79282,6796875;-260,5267028808594;-735,3412475585938;-28,834936141967773;0,56923508644104;0,15270739793777466;0,17112460732460022;0,006986526772379875
1188;-1678,4969482421875;69,7042236328125;79282,6796875;-251,93502807617188;-747,748779296875;-28,08971405029297;0,5603345632553101;0,1494336575269699;0,17001017928123474;0,00676740612834692
1189;-1678,4969482421875;69,7042236328125;79282,6796875;-268,8345642089844;-753,47119140625;-29,438596725463867;0,5607283711433411;0,15213416516780853;0,17170611023902893;0,006770293228328228
1190;-1678,4969482421875;69,7042236328125;79282,6796875;-266,8603210449219;-758,5969848632812;-28,901023864746094;0,5440799593925476;0,1540791541337967;0,16808296740055084;0,006463485769927502
1191;-1678,4969482421875;69,7042236328125;79282,6796875;-222,66346740722656;-776,1666259765625;-22,42214012145996;0,5740540623664856;0,15835842490196228;0,178837388753891;0,006993928458541632
1192;-1678,4969482421875;69,7042236328125;79282,6796875;-224,64938354492188;-781,9669189453125;-21,6265926361084;0,5584977269172668;0,15510952472686768;0,17542852461338043;0,006668273359537125
1193;-1678,4969482421875;69,7042236328125;79282,6796875;-222,1898651123047;-791,4136352539062;-21,12710189819336;0,5498092770576477;0,15465009212493896;0,17406065762043;0,006484996527433395
1194;-1678,4969482421875;69,7042236328125;79282,6796875;-220,80911254882812;-803,5377197265625;-19,865541458129883;0,5539708733558655;0,15594279766082764;0,176737442612648;0,006542292423546314
1195;-1678,4969482421875;69,7042236328125;79282,6796875;-226,4197540283203;-804,3864135742188;-20,614347457885742;0,5395419001579285;0,15694880485534668;0,17327745258808136;0,006269741803407669
1196;-1678,4969482421875;69,7042236328125;79282,6796875;-240,84609985351562;-808,0068359375;-22,81737518310547;0,5423444509506226;0,15946730971336365;0,17535744607448578;0,006320462562143803
1197;-1678,4969482421875;69,7042236328125;79282,6796875;-245,39035034179688;-811,595947265625;-22,55829620361328;0,5424718856811523;0,15805664658546448;0,17666900157928467;0,0062887100502848625
1198;-1678,4969482421875;69,7042236328125;79282,6796875;-237,36312866210938;-812,1536865234375;-21,44225311279297;0,549506425857544;0,16313546895980835;0,17997874319553375;0,0064396983943879604
1199;-1678,4969482421875;69,7042236328125;79282,6796875;-223,92518615722656;-823,3755493164062;-19,305191040039062;0,5358607769012451;0,16006506979465485;0,1765616536140442;0,006144854240119457
1200;-1678,4969482421875;69,7042236328125;79282,6796875;-230,41307067871094;-822,2854614257812;-19,493927001953125;0,5493292808532715;0,16711324453353882;0,18187151849269867;0,0064330981113016605
1201;-1678,4969482421875;69,7042236328125;79282,6796875;-211,71734619140625;-836,208984375;-16,316932678222656;0,5376373529434204;0,16264332830905914;0,1791713386774063;0,006160389631986618
1202;-1678,4969482421875;69,7042236328125;79282,6796875;-242,4033660888672;-832,4146728515625;-20,544795989990234;0,537943422794342;0,16815949976444244;0,17969782650470734;0,006201229989528656
1203;-1678,4969482421875;69,7042236328125;79282,6796875;-226,2278594970703;-836,6546630859375;-17,87653923034668;0,538735568523407;0,1701308935880661;0,1807173788547516;0,006218223366886377
1204;-1678,4969482421875;69,7042236328125;79282,6796875;-209,0767364501953;-847,81884765625;-15,4629545211792;0,5324335694313049;0,16988268494606018;0,17931215465068817;0,006086084060370922
1205;-1678,4969482421875;69,7042236328125;79282,6796875;-230,01165771484375;-840,90234375;-18,35898780822754;0,5412283539772034;0,17400744557380676;0,1831137090921402;0,00627351738512516
1206;-1678,4969482421875;69,7042236328125;79282,6796875;-209,7375030517578;-849,5167236328125;-15,001060485839844;0,5223429799079895;0,17073941230773926;0,1770675629377365;0,005881806835532188
1207;-1678,4969482421875;69,7042236328125;79282,6796875;-222,31890869140625;-847,1096801757812;-16,62902069091797;0,5501380562782288;0,18315911293029785;0,18649335205554962;0,006488909013569355
1208;-1678,4969482421875;69,7042236328125;79282,6796875;-207,76455688476562;-860,629150390625;-13,617417335510254;0,4791080057621002;0,1592695564031601;0,1643436998128891;0,004911298863589764
1209;-1678,4969482421875;69,7042236328125;79282,6796875;-249,97532653808594;-852,71630859375;-19,080289840698242;0,5068938732147217;0,17207816243171692;0,17352643609046936;0,005581582430750132
1210;-1678,4969482421875;69,7042236328125;79282,6796875;-208,75564575195312;-868,9751586914062;-13,940752029418945;0,5538504123687744;0,19105665385723114;0,1889498382806778;0,006607936229556799
1211;-1678,4969482421875;69,7042236328125;79282,6796875;-214,48370361328125;-874,3041381835938;-13,669365882873535;0,5645706057548523;0,19706186652183533;0,19212432205677032;0,006838017143309116
1212;-1678,4969482421875;69,7042236328125;79282,6796875;-202,6995391845703;-888,4443359375;-11,83579158782959;0,5430518984794617;0,19064712524414062;0,1835477501153946;0,006301440764218569
1213;-1678,4969482421875;69,7042236328125;79282,6796875;-194,8448486328125;-901,668701171875;-10,109745979309082;0,5128758549690247;0,18500809371471405;0,17596496641635895;0,005798973608762026
1214;-1678,4969482421875;69,7042236328125;79282,6796875;-197,1901092529297;-913,11962890625;-10,53954792022705;0,5674562454223633;0,2029213309288025;0,19169268012046814;0,006882723420858383
1215;-1678,4969482421875;69,7042236328125;79282,6796875;-215,20004272460938;-912,8512573242188;-12,20839786529541;0,5389539003372192;0,1978309452533722;0,18354633450508118;0,006387250032275915
1216;-1678,4969482421875;69,7042236328125;79282,6796875;-189,3349609375;-916,8213500976562;-8,582743644714355;0,5287343263626099;0,19762861728668213;0,18033674359321594;0,00620909733697772
1217;-1678,4969482421875;69,7042236328125;79282,6796875;-183,67376708984375;-926,1522827148438;-7,982460975646973;0,5274820923805237;0,19840377569198608;0,17909729480743408;0,006183233577758074
1218;-1678,4969482421875;69,7042236328125;79282,6796875;-183,19418334960938;-933,6221923828125;-8,004932403564453;0,5445910692214966;0,20640195906162262;0,18419897556304932;0,006571048405021429
1219;-1678,4969482421875;69,7042236328125;79282,6796875;-204,7720489501953;-929,2958374023438;-10,597875595092773;0,5375024080276489;0,20813153684139252;0,18205325305461884;0,006481637246906757
1220;-1678,4969482421875;69,7042236328125;79282,6796875;-174,95657348632812;-940,7514038085938;-5,638289451599121;0,5604547262191772;0,21787233650684357;0,1887323558330536;0,006979293655604124
1221;-1678,4969482421875;69,7042236328125;79282,6796875;-181,09573364257812;-944,7747192382812;-6,9858598709106445;0,5637256503105164;0,21945184469223022;0,18859361112117767;0,007048365660011768
1222;-1678,4969482421875;69,7042236328125;79282,6796875;-197,15887451171875;-939,8350830078125;-9,730494499206543;0,5492880940437317;0,21514858305454254;0,18284796178340912;0,006751422770321369
1223;-1678,4969482421875;69,7042236328125;79282,6796875;-182,54710388183594;-945,2314453125;-7,022730827331543;0,5814149975776672;0,22901849448680878;0,19248518347740173;0,007456428837031126
1224;-1678,4969482421875;69,7042236328125;79282,6796875;-171,09677124023438;-937,3917846679688;-6,249750137329102;0,5596708655357361;0,23007354140281677;0,18640491366386414;0,007136197295039892
1225;-1678,4969482421875;69,7042236328125;79282,6796875;-171,5206298828125;-928,3523559570312;-5,960475444793701;0,5611278414726257;0,2321673333644867;0,185804545879364;0,00719589926302433
1226;-1678,4969482421875;69,7042236328125;79282,6796875;-198,6521453857422;-917,4817504882812;-10,142267227172852;0,5703372359275818;0,23788589239120483;0,18783038854599;0,0074257031083106995
1227;-1678,4969482421875;69,7042236328125;79282,6796875;-153,64285278320312;-916,4306030273438;-5,13071870803833;0,5732923150062561;0,237296923995018;0,18681085109710693;0,007475028745830059
1228;-1678,4969482421875;69,7042236328125;79282,6796875;-154,67022705078125;-911,7879638671875;-4,764154434204102;0,5821248888969421;0,24666088819503784;0,1894553154706955;0,007745026145130396
1229;-1678,4969482421875;69,7042236328125;79282,6796875;-169,37139892578125;-904,554931640625;-7,188444137573242;0,5741543769836426;0,23899643123149872;0,18431386351585388;0,0075345272198319435
1230;-1678,4969482421875;69,7042236328125;79282,6796875;-170,61251831054688;-893,1207275390625;-7,869708061218262;0,578865647315979;0,24829387664794922;0,18588915467262268;0,007751735392957926
1231;-1678,4969482421875;69,7042236328125;79282,6796875;-154,7615203857422;-892,7522583007812;-6,872983932495117;0,5954959988594055;0,2532292604446411;0,1890699714422226;0,008090853691101074
1232;-1678,4969482421875;69,7042236328125;79282,6796875;-146,32534790039062;-885,6079711914062;-6,1650285720825195;0,5966955423355103;0,25617516040802;0,18830591440200806;0,008168231695890427
1233;-1678,4969482421875;69,7042236328125;79282,6796875;-155,06283569335938;-872,5428466796875;-7,651339054107666;0,5940803289413452;0,2600487470626831;0,18689273297786713;0,008201051503419876
1234;-1678,4969482421875;69,7042236328125;79282,6796875;-136,67063903808594;-870,564697265625;-5,264819622039795;0,5954251885414124;0,2544148564338684;0,18430127203464508;0,008168884553015232
1235;-1678,4969482421875;69,7042236328125;79282,6796875;-120,4073257446289;-864,3226928710938;-3,825575590133667;0,625159502029419;0,27630364894866943;0,19367414712905884;0,00892664585262537
1236;-1678,4969482421875;69,7042236328125;79282,6796875;-100,68846130371094;-852,26025390625;-1,5133997201919556;0,605344831943512;0,2738759219646454;0,18716225028038025;0,008623904548585415
1237;-1678,4969482421875;69,7042236328125;79282,6796875;-79,6158447265625;-843,8369140625;0,9762610197067261;0,6275057792663574;0,281585693359375;0,19176113605499268;0,009088987484574318
1238;-1678,4969482421875;69,7042236328125;79282,6796875;-60,686973571777344;-839,8421020507812;2,884577751159668;0,622658371925354;0,2775307893753052;0,1881728619337082;0,009004474617540836
1239;-1678,4969482421875;69,7042236328125;79282,6796875;-75,50050354003906;-827,5016479492188;-0,08807334303855896;0,6318944692611694;0,2898790240287781;0,19096778333187103;0,00932584423571825
1240;-1678,4969482421875;69,7042236328125;79282,6796875;-92,83704376220703;-816,0612182617188;-2,8217971324920654;0,6258702874183655;0,2940464913845062;0,18893222510814667;0,009316414594650269
1241;-1678,4969482421875;69,7042236328125;79282,6796875;-62,84006881713867;-806,2252197265625;0,681932270526886;0,6431996822357178;0,30112701654434204;0,19226111471652985;0,009706387296319008
1242;-1678,4969482421875;69,7042236328125;79282,6796875;-33,781497955322266;-805,4036254882812;4,505630970001221;0,6573044657707214;0,3083735704421997;0,19494391977787018;0,010047088377177715
1243;-1678,4969482421875;69,7042236328125;79282,6796875;-51,45662307739258;-796,0535888671875;1,370821475982666;0,659883439540863;0,3091946542263031;0,19405291974544525;0,01014928612858057
1244;-1678,4969482421875;69,7042236328125;79282,6796875;-45,62184143066406;-777,84423828125;1,716504693031311;0,644059419631958;0,31773805618286133;0,19117896258831024;0,010020462796092033
1245;-1678,4969482421875;69,7042236328125;79282,6796875;-88,3602523803711;-775,31298828125;-3,5110390186309814;0,6313729286193848;0,312813937664032;0,18630291521549225;0,00983257032930851
1246;-1678,4969482421875;69,7042236328125;79282,6796875;-77,25885772705078;-759,0068969726562;-3,409534215927124;0,6663727164268494;0,33237335085868835;0,19569715857505798;0,010625278577208519
1247;-1678,4969482421875;69,7042236328125;79282,6796875;-67,46763610839844;-752,2380981445312;-3,0202362537384033;0,6886083483695984;0,33595001697540283;0,1993689239025116;0,01108565740287304
1248;-1678,4969482421875;69,7042236328125;79282,6796875;-103,04828643798828;-747,5940551757812;-7,330655097961426;0,6672118902206421;0,32746702432632446;0,19239231944084167;0,010733706876635551
1249;-1678,4969482421875;69,7042236328125;79282,6796875;-84,90235137939453;-734,7774658203125;-4,731112003326416;0,6576837301254272;0,3347507119178772;0,19095434248447418;0,010694792494177818
1250;-1678,4969482421875;69,7042236328125;79282,6796875;-116,7989730834961;-724,5525512695312;-9,801775932312012;0,6625580191612244;0,3307725787162781;0,1901305913925171;0,010819446295499802
1251;-1678,4969482421875;69,7042236328125;79282,6796875;-78,103271484375;-714,5108032226562;-5,211782932281494;0,6498584747314453;0,3361832797527313;0,18794922530651093;0,010709123685956001
1252;-1678,4969482421875;69,7042236328125;79282,6796875;-108,44904327392578;-700,7018432617188;-9,44509220123291;0,6642594933509827;0,33597713708877563;0,18989141285419464;0,011029914021492004
1253;-1678,4969482421875;69,7042236328125;79282,6796875;-119,46259307861328;-693,545654296875;-11,05916976928711;0,66356360912323;0,3337613046169281;0,1887432485818863;0,011074493639171124
1254;-1678,4969482421875;69,7042236328125;79282,6796875;-135,6394805908203;-689,861083984375;-12,464421272277832;0,6415849328041077;0,3319452404975891;0,18378964066505432;0,010756727308034897
1255;-1678,4969482421875;69,7042236328125;79282,6796875;-158,62051391601562;-678,6823120117188;-15,910067558288574;0,6387952566146851;0,3357149660587311;0,18364030122756958;0,010807645507156849
1256;-1678,4969482421875;69,7042236328125;79282,6796875;-146,5096435546875;-676,57763671875;-14,052326202392578;0,6522765755653381;0,3339402675628662;0,18564610183238983;0,011108716949820518
1257;-1678,4969482421875;69,7042236328125;79282,6796875;-165,6304931640625;-671,478271484375;-17,40411949157715;0,646530032157898;0,3366132974624634;0,18496505916118622;0,01110495813190937
1258;-1678,4969482421875;69,7042236328125;79282,6796875;-149,9904022216797;-662,8577270507812;-15,153487205505371;0,6601640582084656;0,34516194462776184;0,189164400100708;0,011482401750981808
1259;-1678,4969482421875;69,7042236328125;79282,6796875;-175,41372680664062;-643,5406494140625;-19,39739990234375;0,6622574925422668;0,33345216512680054;0,18774518370628357;0,011514373123645782
1260;-1678,4969482421875;69,7042236328125;79282,6796875;-174,88462829589844;-647,10693359375;-18,552907943725586;0,6759865283966064;0,3544723391532898;0,19437624514102936;0,011988378129899502
1261;-1678,4969482421875;69,7042236328125;79282,6796875;-202,20748901367188;-624,7738647460938;-21,44749641418457;0,6484483480453491;0,3404077887535095;0,18694406747817993;0,01147750299423933
1262;-1678,4969482421875;69,7042236328125;79282,6796875;-195,4731903076172;-615,7826538085938;-21,068851470947266;0,6566322445869446;0,33748412132263184;0,18868222832679749;0,011687559075653553
1263;-1678,4969482421875;69,7042236328125;79282,6796875;-200,9325408935547;-608,6848754882812;-22,7093505859375;0,6437541246414185;0,3314627707004547;0,18575680255889893;0,011490684002637863
1264;-1678,4969482421875;69,7042236328125;79282,6796875;-211,62342834472656;-591,046630859375;-22,254308700561523;0,6420372128486633;0,32633692026138306;0,18539859354496002;0,011500007472932339
1265;-1678,4969482421875;69,7042236328125;79282,6796875;-215,59535217285156;-585,5450439453125;-22,895854949951172;0,642947793006897;0,32701221108436584;0,18659545481204987;0,011601665988564491
1266;-1678,4969482421875;69,7042236328125;79282,6796875;-230,57142639160156;-577,55224609375;-24,198389053344727;0,6549803614616394;0,337819904088974;0,19176536798477173;0,011979792267084122
1267;-1678,4969482421875;69,7042236328125;79282,6796875;-193,96514892578125;-568,9332885742188;-20,200471878051758;0,6380016803741455;0,32128268480300903;0,1867748200893402;0,011623749509453773
1268;-1678,4969482421875;69,7042236328125;79282,6796875;-183,14527893066406;-540,4146728515625;-19,34821319580078;0,6342981457710266;0,3181562125682831;0,18667131662368774;0,011608198285102844
1269;-1678,4969482421875;69,7042236328125;79282,6796875;-198,9001922607422;-528,6946411132812;-20,994064331054688;0,6360688209533691;0,317245751619339;0,1881917119026184;0,011712402105331421
1270;-1678,4969482421875;69,7042236328125;79282,6796875;-167,3931884765625;-511,4995422363281;-16,450864791870117;0,6249610781669617;0,3117763102054596;0,18617236614227295;0,011535310186445713
1271;-1678,4969482421875;69,7042236328125;79282,6796875;-184,3468780517578;-504,6916809082031;-19,445463180541992;0,6317731738090515;0,3239567279815674;0,1905352622270584;0,011819482780992985
1272;-1678,4969482421875;69,7042236328125;79282,6796875;-152,29776000976562;-500,83319091796875;-15,617940902709961;0,6231672167778015;0,3093792498111725;0,18811875581741333;0,01163108367472887
1273;-1678,4969482421875;69,7042236328125;79282,6796875;-140,38523864746094;-485,2794189453125;-13,552999496459961;0,6150211691856384;0,31038689613342285;0,18752062320709229;0,011544045992195606
1274;-1678,4969482421875;69,7042236328125;79282,6796875;-127,64766693115234;-474,8232116699219;-11,747413635253906;0,6066696047782898;0,297394722700119;0,18543247878551483;0,011361121200025082
1275;-1678,4969482421875;69,7042236328125;79282,6796875;-146,33963012695312;-462,8549499511719;-13,516738891601562;0,5978895425796509;0,2932603359222412;0,1841057389974594;0,011225510388612747
1276;-1678,4969482421875;69,7042236328125;79282,6796875;-138,76161193847656;-460,4779052734375;-13,623363494873047;0,5993859767913818;0,29578495025634766;0,18604758381843567;0,011334431357681751
1277;-1678,4969482421875;69,7042236328125;79282,6796875;-139,74331665039062;-452,018798828125;-12,515169143676758;0,5859203934669495;0,2877292335033417;0,18302595615386963;0,011068632826209068
1278;-1678,4969482421875;69,7042236328125;79282,6796875;-129,3442840576172;-438,76220703125;-11,066764831542969;0,5714188814163208;0,2828013002872467;0,1798599362373352;0,010787553153932095
1279;-1678,4969482421875;69,7042236328125;79282,6796875;-123,6249008178711;-423,8320007324219;-9,921561241149902;0,5802792310714722;0,2862737774848938;0,18375447392463684;0,01103915274143219
1280;-1678,4969482421875;69,7042236328125;79282,6796875;-133,16026306152344;-416,1815185546875;-9,831050872802734;0,5890552401542664;0,2866267263889313;0,1874454915523529;0,011278928257524967
1281;-1678,4969482421875;69,7042236328125;79282,6796875;-103,13224029541016;-399,4139099121094;-6,248039722442627;0,5711233019828796;0,27542150020599365;0,18268245458602905;0,010885490104556084
1282;-1678,4969482421875;69,7042236328125;79282,6796875;-109,38317108154297;-395,18145751953125;-8,393645286560059;0,5947616100311279;0,28466662764549255;0,19121134281158447;0,011478706263005733
1283;-1678,4969482421875;69,7042236328125;79282,6796875;-118,85598754882812;-387,1376953125;-8,368557929992676;0,5961727499961853;0,27879446744918823;0,19244547188282013;0,01153262797743082
1284;-1678,4969482421875;69,7042236328125;79282,6796875;-118,94911193847656;-362,6578369140625;-6,806588649749756;0,6033436059951782;0,27979224920272827;0,19565467536449432;0,011728871613740921
1285;-1678,4969482421875;69,7042236328125;79282,6796875;-132,0582733154297;-357,1677551269531;-8,868009567260742;0,599709153175354;0,2753627598285675;0,19530551135540009;0,011667590588331223
1286;-1678,4969482421875;69,7042236328125;79282,6796875;-152,73031616210938;-345,34796142578125;-8,906233787536621;0,5937296152114868;0,2686240077018738;0,19411742687225342;0,011542362160980701
1287;-1678,4969482421875;69,7042236328125;79282,6796875;-157,27354431152344;-332,0753173828125;-11,901735305786133;0,5994052290916443;0,26550665497779846;0,1967366635799408;0,011685425415635109
1288;-1678,4969482421875;69,7042236328125;79282,6796875;-143,0592498779297;-325,21722412109375;-10,321342468261719;0,5977427959442139;0,2641633450984955;0,19680660963058472;0,011669634841382504
1289;-1678,4969482421875;69,7042236328125;79282,6796875;-165,1337890625;-313,4449157714844;-12,650524139404297;0,5926308035850525;0,2591966986656189;0,19570006430149078;0,01155979186296463
1290;-1678,4969482421875;69,7042236328125;79282,6796875;-167,12152099609375;-291,5104064941406;-12,496954917907715;0,5836828351020813;0,2548568844795227;0,19306516647338867;0,011354678310453892
1291;-1678,4969482421875;69,7042236328125;79282,6796875;-178,1015167236328;-289,7772216796875;-14,223721504211426;0,5625185370445251;0,23964037001132965;0,1867872178554535;0,010834908112883568
1292;-1678,4969482421875;69,7042236328125;79282,6796875;-199,85719299316406;-281,7304382324219;-17,533092498779297;0,5965201258659363;0,2536780834197998;0,19817203283309937;0,011673160828649998
1293;-1678,4969482421875;69,7042236328125;79282,6796875;-252,5056915283203;-279,7306213378906;-22,804311752319336;0,579025149345398;0,24418790638446808;0,19251397252082825;0,011252593249082565
1294;-1678,4969482421875;69,7042236328125;79282,6796875;-230,0602569580078;-263,747314453125;-21,170631408691406;0,5741422176361084;0,239162877202034;0,19121359288692474;0,01112948264926672
1295;-1678,4969482421875;69,7042236328125;79282,6796875;-245,65106201171875;-258,76092529296875;-23,312702178955078;0,5573316216468811;0,2312048375606537;0,18507830798625946;0,01070215180516243
1296;-1678,4969482421875;69,7042236328125;79282,6796875;-198,6165313720703;-233,23228454589844;-17,27631950378418;0,5402049422264099;0,22189879417419434;0,17902210354804993;0,010253499262034893
1297;-1678,4969482421875;69,7042236328125;79282,6796875;-293,44317626953125;-252,4020233154297;-30,189802169799805;0,5469518899917603;0,222152441740036;0,18151172995567322;0,01042982842773199
1298;-1678,4969482421875;69,7042236328125;79282,6796875;-281,9176025390625;-234,23255920410156;-27,777868270874023;0,5568991303443909;0,22402353584766388;0,18456514179706573;0,010653271339833736
1299;-1678,4969482421875;69,7042236328125;79282,6796875;-249,02520751953125;-228,0101318359375;-24,224733352661133;0,5646840929985046;0,22567926347255707;0,18721389770507812;0,010832643136382103
1300;-1678,4969482421875;69,7042236328125;79282,6796875;-289,6441345214844;-227,19998168945312;-29,62588119506836;0,5505021810531616;0,21751613914966583;0,18168549239635468;0,010453431867063046
1301;-1678,4969482421875;69,7042236328125;79282,6796875;-253,5902099609375;-220,6205596923828;-25,505088806152344;0,5756931900978088;0,2270434945821762;0,19002290070056915;0,011054505594074726
1302;-1678,4969482421875;69,7042236328125;79282,6796875;-291,3113098144531;-221,0889129638672;-29,706754684448242;0,5536149144172668;0,21485519409179688;0,18146084249019623;0,01046743057668209
1303;-1678,4969482421875;69,7042236328125;79282,6796875;-328,25946044921875;-222,7986602783203;-34,73163986206055;0,575853705406189;0,2219318151473999;0,18806247413158417;0,010974262841045856
1304;-1678,4969482421875;69,7042236328125;79282,6796875;-319,9328308105469;-208,22305297851562;-34,02691650390625;0,5510698556900024;0,20912335813045502;0,17874698340892792;0,010317440144717693
1305;-1678,4969482421875;69,7042236328125;79282,6796875;-310,39703369140625;-192,8459014892578;-34,1500358581543;0,5486435890197754;0,20944972336292267;0,1777571141719818;0,010252507403492928
1306;-1678,4969482421875;69,7042236328125;79282,6796875;-291,3264465332031;-190,71978759765625;-33,6811408996582;0,5631812214851379;0,21011848747730255;0,180721253156662;0,010520489886403084
1307;-1678,4969482421875;69,7042236328125;79282,6796875;-325,30560302734375;-193,43832397460938;-36,279117584228516;0,556304395198822;0,21104852855205536;0,1784755140542984;0,010362770408391953
1308;-1678,4969482421875;69,7042236328125;79282,6796875;-324,8824462890625;-185,58120727539062;-37,54612350463867;0,5652380585670471;0,21357862651348114;0,18025435507297516;0,010533086955547333
1309;-1678,4969482421875;69,7042236328125;79282,6796875;-334,6795959472656;-189,94583129882812;-39,196632385253906;0,5599504709243774;0,2100132405757904;0,17726781964302063;0,010352365672588348
1310;-1678,4969482421875;69,7042236328125;79282,6796875;-350,71600341796875;-198,715087890625;-41,549686431884766;0,5676426291465759;0,20908436179161072;0,17792002856731415;0,010458709672093391
1311;-1678,4969482421875;69,7042236328125;79282,6796875;-341,04144287109375;-179,26043701171875;-41,43072509765625;0,5652790665626526;0,20628148317337036;0,17570072412490845;0,01033778116106987
1312;-1678,4969482421875;69,7042236328125;79282,6796875;-343,44927978515625;-176,7955780029297;-42,552696228027344;0,5644646286964417;0,21086259186267853;0,17503511905670166;0,01031012088060379
1313;-1678,4969482421875;69,7042236328125;79282,6796875;-367,8077392578125;-173,90817260742188;-45,26209259033203;0,5663424134254456;0,21014824509620667;0,17407551407814026;0,010290853679180145
1314;-1678,4969482421875;69,7042236328125;79282,6796875;-363,5169982910156;-163,6136932373047;-45,34540557861328;0,5635902285575867;0,20657695829868317;0,17147944867610931;0,010149426758289337
1315;-1678,4969482421875;69,7042236328125;79282,6796875;-381,414794921875;-173,30337524414062;-49,183006286621094;0,5660957098007202;0,20735058188438416;0,1708226203918457;0,010150020010769367
1316;-1678,4969482421875;69,7042236328125;79282,6796875;-419,491943359375;-183,54051208496094;-53,97496795654297;0,5489551424980164;0,20274288952350616;0,16451014578342438;0,009697897359728813
1317;-1678,4969482421875;69,7042236328125;79282,6796875;-400,2510070800781;-180,8341522216797;-51,60367965698242;0,5548276305198669;0,19166597723960876;0,16291606426239014;0,009661010466516018
1318;-1678,4969482421875;69,7042236328125;79282,6796875;-421,7565002441406;-186,01788330078125;-54,509681701660156;0,553463876247406;0,1972094476222992;0,16195043921470642;0,009623069316148758
1319;-1678,4969482421875;69,7042236328125;79282,6796875;-416,2517395019531;-190,20883178710938;-54,16261291503906;0,551590085029602;0,19828398525714874;0,1602233201265335;0,00952722318470478
1320;-1678,4969482421875;69,7042236328125;79282,6796875;-455,036376953125;-197,9857635498047;-59,382164001464844;0,564971387386322;0,20644502341747284;0,16312074661254883;0,00979660451412201
1321;-1678,4969482421875;69,7042236328125;79282,6796875;-452,0781555175781;-191,56666564941406;-59,6551513671875;0,5601463913917542;0,2072611153125763;0,16065864264965057;0,0096315648406744
1322;-1678,4969482421875;69,7042236328125;79282,6796875;-442,6868591308594;-194,5725555419922;-59,406471252441406;0,5609822273254395;0,2029169648885727;0,15883398056030273;0,009548082947731018
1323;-1678,4969482421875;69,7042236328125;79282,6796875;-464,036865234375;-195,5582733154297;-62,2188606262207;0,5695868134498596;0,2032088041305542;0,1594953089952469;0,009652993641793728
1324;-1678,4969482421875;69,7042236328125;79282,6796875;-434,06671142578125;-188,42674255371094;-59,51838302612305;0,5803870558738708;0,2133435606956482;0,16199664771556854;0,009868582710623741
1325;-1678,4969482421875;69,7042236328125;79282,6796875;-436,356201171875;-176,85511779785156;-59,16442108154297;0,5658748149871826;0,21463283896446228;0,1575615555047989;0,009501233696937561
1326;-1678,4969482421875;69,7042236328125;79282,6796875;-450,9999084472656;-186,11427307128906;-60,71896743774414;0,5826475024223328;0,2128317952156067;0,1598556935787201;0,009758885949850082
1327;-1678,4969482421875;69,7042236328125;79282,6796875;-449,1081237792969;-188,7502899169922;-61,281314849853516;0,5772518515586853;0,21144422888755798;0,15727826952934265;0,009565201587975025
1328;-1678,4969482421875;69,7042236328125;79282,6796875;-433,95831298828125;-199,99891662597656;-59,95055389404297;0,5752434730529785;0,20779457688331604;0,1552649587392807;0,009423350915312767
1329;-1678,4969482421875;69,7042236328125;79282,6796875;-482,4674377441406;-195,18023681640625;-66,4481201171875;0,584489643573761;0,2179885357618332;0,15764765441417694;0,009600303135812283
1330;-1678,4969482421875;69,7042236328125;79282,6796875;-441,16845703125;-199,6857147216797;-61,67670440673828;0,5989083051681519;0,2200947105884552;0,16017699241638184;0,009819635190069675
1331;-1678,4969482421875;69,7042236328125;79282,6796875;-445,5179138183594;-193,9702606201172;-61,87355422973633;0,6088878512382507;0,21544279158115387;0,16098418831825256;0,009898663498461246
1332;-1678,4969482421875;69,7042236328125;79282,6796875;-436,7711486816406;-202,4813690185547;-61,728004455566406;0,6026917099952698;0,22216828167438507;0,1597396582365036;0,009750496596097946
1333;-1678,4969482421875;69,7042236328125;79282,6796875;-419,1585388183594;-193,6499481201172;-59,13444137573242;0,5979526042938232;0,20384331047534943;0,1559419333934784;0,009447475895285606
1334;-1678,4969482421875;69,7042236328125;79282,6796875;-422,30889892578125;-204,24176025390625;-59,30109405517578;0,5957332253456116;0,20035351812839508;0,15464039146900177;0,009302759543061256
1335;-1678,4969482421875;69,7042236328125;79282,6796875;-435,1992492675781;-219,62608337402344;-61,646175384521484;0,6090934872627258;0,21998590230941772;0,15952332317829132;0,009627397172152996
1336;-1678,4969482421875;69,7042236328125;79282,6796875;-418,4006042480469;-229,83938598632812;-59,40635299682617;0,6063776612281799;0,21790587902069092;0,15849922597408295;0,009485571645200253
1337;-1678,4969482421875;69,7042236328125;79282,6796875;-442,017578125;-241,42599487304688;-62,215492248535156;0,6117004156112671;0,21629607677459717;0,15946681797504425;0,00950066838413477
1338;-1678,4969482421875;69,7042236328125;79282,6796875;-440,6365661621094;-244,67872619628906;-62,572914123535156;0,6270393133163452;0,2309294044971466;0,16455844044685364;0,009810240939259529
1339;-1678,4969482421875;69,7042236328125;79282,6796875;-427,75103759765625;-254,83656311035156;-60,74729537963867;0,5950884222984314;0,19081661105155945;0,15352462232112885;0,00885378010571003
1340;-1678,4969482421875;69,7042236328125;79282,6796875;-439,6707763671875;-271,5566101074219;-62,09629821777344;0,5900974273681641;0,1792948991060257;0,1517636477947235;0,008593609556555748
1341;-1678,4969482421875;69,7042236328125;79282,6796875;-410,1429748535156;-278,3274841308594;-58,05509948730469;0,5958283543586731;0,19927147030830383;0,15540969371795654;0,00880071334540844
1342;-1678,4969482421875;69,7042236328125;79282,6796875;-412,9856262207031;-294,5640563964844;-58,5660400390625;0,6161956191062927;0,19541729986667633;0,1604587286710739;0,009065520018339157
1343;-1678,4969482421875;69,7042236328125;79282,6796875;-406,8356628417969;-322,3541259765625;-56,86885452270508;0,5998084545135498;0,1906953901052475;0,15702474117279053;0,008673625998198986
1344;-1678,4969482421875;69,7042236328125;79282,6796875;-387,7740478515625;-334,8269958496094;-54,29418182373047;0,6043881773948669;0,20075568556785583;0,15981972217559814;0,008771512657403946
1345;-1678,4969482421875;69,7042236328125;79282,6796875;-412,7137145996094;-354,4994812011719;-56,61679458618164;0,6211796998977661;0,2178255021572113;0,16621114313602448;0,009130055084824562
1346;-1678,4969482421875;69,7042236328125;79282,6796875;-398,4430847167969;-363,21063232421875;-54,33513641357422;0,6234792470932007;0,2083553969860077;0,16710039973258972;0,009045115672051907
1347;-1678,4969482421875;69,7042236328125;79282,6796875;-400,1759338378906;-377,3897399902344;-53,987396240234375;0,5967161655426025;0,19067901372909546;0,16046668589115143;0,008379064500331879
1348;-1678,4969482421875;69,7042236328125;79282,6796875;-381,9864501953125;-384,1074523925781;-51,65053176879883;0,6127007007598877;0,18989701569080353;0,165670245885849;0,008596774190664291
1349;-1678,4969482421875;69,7042236328125;79282,6796875;-384,3376159667969;-398,5364990234375;-51,845497131347656;0,6109483242034912;0,1976778656244278;0,1670924723148346;0,00857283640652895
1350;-1678,4969482421875;69,7042236328125;79282,6796875;-355,66845703125;-410,7919921875;-47,96796798706055;0,6146328449249268;0,19255846738815308;0,16914859414100647;0,008544391952455044
1351;-1678,4969482421875;69,7042236328125;79282,6796875;-365,0799255371094;-417,03192138671875;-49,26679992675781;0,628162145614624;0,18778671324253082;0,1739390790462494;0,008683545514941216
1352;-1678,4969482421875;69,7042236328125;79282,6796875;-340,20135498046875;-430,2893371582031;-45,50189208984375;0,6110749244689941;0,19186703860759735;0,1712123155593872;0,008376131765544415
1353;-1678,4969482421875;69,7042236328125;79282,6796875;-323,18096923828125;-445,006103515625;-43,48350143432617;0,5956861972808838;0,1846119463443756;0,1683216094970703;0,008003495633602142
1354;-1678,4969482421875;69,7042236328125;79282,6796875;-313,77154541015625;-460,51666259765625;-42,13064956665039;0,5846343040466309;0,17682799696922302;0,16655942797660828;0,00770349707454443
1355;-1678,4969482421875;69,7042236328125;79282,6796875;-298,4235534667969;-471,5286560058594;-39,89161682128906;0,6001948714256287;0,17665903270244598;0,1724255234003067;0,007930058054625988
1356;-1678,4969482421875;69,7042236328125;79282,6796875;-286,4798583984375;-485,5909423828125;-37,10594940185547;0,5737184882164001;0,17532557249069214;0,16659940779209137;0,007408399600535631
1357;-1678,4969482421875;69,7042236328125;79282,6796875;-279,12738037109375;-499,25897216796875;-35,518524169921875;0,5670722126960754;0,17247909307479858;0,1661808341741562;0,0072259544394910336
1358;-1678,4969482421875;69,7042236328125;79282,6796875;-284,50579833984375;-508,42987060546875;-36,17900085449219;0,5772522687911987;0,16253161430358887;0,17042629420757294;0,007294077891856432
1359;-1678,4969482421875;69,7042236328125;79282,6796875;-281,3785400390625;-517,7689208984375;-35,274112701416016;0,5638707876205444;0,16108646988868713;0,16809363663196564;0,007011057808995247
1360;-1678,4969482421875;69,7042236328125;79282,6796875;-210,54623413085938;-547,4131469726562;-24,76871109008789;0,5709084868431091;0,15692764520645142;0,17164236307144165;0,007057609967887402
1361;-1678,4969482421875;69,7042236328125;79282,6796875;-210,41845703125;-569,63671875;-24,782875061035156;0,561984121799469;0,1513940542936325;0,170498326420784;0,0068159326910972595
1362;-1678,4969482421875;69,7042236328125;79282,6796875;-209,74649047851562;-582,6991577148438;-23,839645385742188;0,5425621271133423;0,1468031406402588;0,16610994935035706;0,006400052923709154
1363;-1678,4969482421875;69,7042236328125;79282,6796875;-196,99578857421875;-592,1544189453125;-21,94571876525879;0,5512030720710754;0,15302398800849915;0,17024719715118408;0,006581095978617668
1364;-1678,4969482421875;69,7042236328125;79282,6796875;-177,92739868164062;-610,1934814453125;-18,901931762695312;0,5648738741874695;0,15055973827838898;0,1759815216064453;0,006752562243491411
1365;-1678,4969482421875;69,7042236328125;79282,6796875;-186,6744842529297;-623,0908203125;-19,143238067626953;0,5506706237792969;0,1512429118156433;0,17297481000423431;0,006493186112493277
1366;-1678,4969482421875;69,7042236328125;79282,6796875;-182,39161682128906;-632,3250732421875;-18,116914749145508;0,5493414998054504;0,15456847846508026;0,17389848828315735;0,006475637201219797
1367;-1678,4969482421875;69,7042236328125;79282,6796875;-175,17068481445312;-636,1375122070312;-16,281028747558594;0,5433593988418579;0,15576311945915222;0,17326639592647552;0,00635319110006094
1368;-1678,4969482421875;69,7042236328125;79282,6796875;-127,20359802246094;-654,0921630859375;-9,222319602966309;0,5568657517433167;0,1596682071685791;0,1788661777973175;0,006601156201213598
1369;-1678,4969482421875;69,7042236328125;79282,6796875;-139,04940795898438;-659,3324584960938;-11,032206535339355;0,5605890154838562;0,1668185293674469;0,18112722039222717;0,0067079151049256325
1370;-1678,4969482421875;69,7042236328125;79282,6796875;-171,8299102783203;-664,6278686523438;-14,83945369720459;0,5401372909545898;0,16085034608840942;0,17570511996746063;0,0062669022008776665
1371;-1678,4969482421875;69,7042236328125;79282,6796875;-160,20883178710938;-678,0785522460938;-12,646357536315918;0,5410940051078796;0,15941894054412842;0,17726629972457886;0,00625228974968195
1372;-1678,4969482421875;69,7042236328125;79282,6796875;-183,48655700683594;-678,0923461914062;-15,537671089172363;0,5555146932601929;0,17142194509506226;0,18260502815246582;0,00659128837287426
1373;-1678,4969482421875;69,7042236328125;79282,6796875;-152,60511779785156;-689,76318359375;-10,670310020446777;0,5398856997489929;0,16505815088748932;0,17863231897354126;0,006239953450858593
1374;-1678,4969482421875;69,7042236328125;79282,6796875;-140,275390625;-698,3201293945312;-8,317620277404785;0,5517809987068176;0,16985560953617096;0,18352140486240387;0,006480582989752293
1375;-1678,4969482421875;69,7042236328125;79282,6796875;-149,80084228515625;-705,3893432617188;-10,151469230651855;0,5324414372444153;0,16742821037769318;0,17767344415187836;0,0060831280425190926
1376;-1678,4969482421875;69,7042236328125;79282,6796875;-162,74029541015625;-715,6437377929688;-11,046810150146484;0,5279650688171387;0,16674436628818512;0,17707110941410065;0,00598495127633214
1377;-1678,4969482421875;69,7042236328125;79282,6796875;-159,07968139648438;-725,7067260742188;-10,223175048828125;0,5224317908287048;0,16755443811416626;0,1757364422082901;0,005867115221917629
1378;-1678,4969482421875;69,7042236328125;79282,6796875;-182,22373962402344;-734,8656616210938;-13,054187774658203;0,5139281749725342;0,1665177345275879;0,17351219058036804;0,005682877730578184
1379;-1678,4969482421875;69,7042236328125;79282,6796875;-177,5284881591797;-754,2166137695312;-11,698959350585938;0,5141699314117432;0,169078528881073;0,1739322692155838;0,005690121091902256
1380;-1678,4969482421875;69,7042236328125;79282,6796875;-193,92149353027344;-764,7442016601562;-13,863064765930176;0,5477226376533508;0,18064135313034058;0,18652944266796112;0,006422723643481731
1381;-1678,4969482421875;69,7042236328125;79282,6796875;-208,2779083251953;-772,843994140625;-15,416874885559082;0,5211562514305115;0,17489102482795715;0,1775457262992859;0,005880510900169611
1382;-1678,4969482421875;69,7042236328125;79282,6796875;-228,61190795898438;-777,0744018554688;-17,145063400268555;0,5227406024932861;0,17780092358589172;0,1784748136997223;0,0059319790452718735
1383;-1678,4969482421875;69,7042236328125;79282,6796875;-199,2230987548828;-791,0901489257812;-12,970444679260254;0,53022301197052;0,18301478028297424;0,18005195260047913;0,0060670035891234875
1384;-1678,4969482421875;69,7042236328125;79282,6796875;-190,73504638671875;-802,9470825195312;-11,15738296508789;0,5204554796218872;0,18212300539016724;0,17818626761436462;0,005918694660067558
1385;-1678,4969482421875;69,7042236328125;79282,6796875;-199,74221801757812;-806,7066650390625;-11,997093200683594;0,49862906336784363;0,1758449226617813;0,16945171356201172;0,005334003828465939
1386;-1678,4969482421875;69,7042236328125;79282,6796875;-199,0198516845703;-816,7837524414062;-12,046221733093262;0,5023012161254883;0,18300782144069672;0,17376500368118286;0,005549272987991571
1387;-1678,4969482421875;69,7042236328125;79282,6796875;-211,5094451904297;-819,8062744140625;-13,277180671691895;0,49241551756858826;0,18159785866737366;0,16972266137599945;0,00537527073174715
1388;-1678,4969482421875;69,7042236328125;79282,6796875;-220,47471618652344;-825,289794921875;-13,944390296936035;0,47873133420944214;0,17964036762714386;0,16503623127937317;0,005088489502668381
1389;-1678,4969482421875;69,7042236328125;79282,6796875;-210,3423614501953;-830,2759399414062;-12,622564315795898;0,5189136266708374;0,19543038308620453;0,17764721810817719;0,006015516817569733
1390;-1678,4969482421875;69,7042236328125;79282,6796875;-179,6703643798828;-840,16064453125;-7,971227645874023;0,5537311434745789;0,20668204128742218;0,18738366663455963;0,006725973915308714
1391;-1678,4969482421875;69,7042236328125;79282,6796875;-173,25054931640625;-843,0390014648438;-7,567724227905273;0,5593279004096985;0,2099401354789734;0,1884540319442749;0,006847935263067484
1392;-1678,4969482421875;69,7042236328125;79282,6796875;3124,260009765625;768,0369873046875;3008,938232421875;0,5520193576812744;0,21079474687576294;0,18599088490009308;0,006746810860931873
1393;-1678,4969482421875;69,7042236328125;79282,6796875;-204,07553100585938;-823,6921997070312;-11,60880184173584;0,5559084415435791;0,2126564085483551;0,1861649602651596;0,006822005845606327
1394;-1678,4969482421875;69,7042236328125;79282,6796875;-190,0697784423828;-819,7695922851562;-9,887804985046387;0,5588288903236389;0,2174583226442337;0,18695290386676788;0,006943515967577696
1395;-1678,4969482421875;69,7042236328125;79282,6796875;-218,6269073486328;-817,0914916992188;-14,011621475219727;0,56941157579422;0,22491559386253357;0,19009970128536224;0,007218459155410528
1396;-1678,4969482421875;69,7042236328125;79282,6796875;-213,844970703125;-813,6226196289062;-12,828125953674316;0,5669752359390259;0,2284061759710312;0,18910115957260132;0,0072297570295631886
1397;-1678,4969482421875;69,7042236328125;79282,6796875;-222,57467651367188;-809,8935546875;-14,041777610778809;0,554262101650238;0,22455093264579773;0,18379399180412292;0,006982165388762951
1398;-1678,4969482421875;69,7042236328125;79282,6796875;-231,7411346435547;-803,760498046875;-15,670108795166016;0,5576068758964539;0,2290870100259781;0,18428122997283936;0,007104434538632631
1399;-1678,4969482421875;69,7042236328125;79282,6796875;-183,17501831054688;-812,5171508789062;-9,04636001586914;0,5842620134353638;0,24109715223312378;0,19178766012191772;0,007685501594096422
1400;-1678,4969482421875;69,7042236328125;79282,6796875;-208,27174377441406;-799,2711181640625;-13,235495567321777;0,573471188545227;0,2396032065153122;0,18744753301143646;0,0075117540545761585
1401;-1678,4969482421875;69,7042236328125;79282,6796875;-205,33316040039062;-799,4049682617188;-12,943273544311523;0,5863711833953857;0,24835243821144104;0,19085805118083954;0,00783480890095234
1402;-1678,4969482421875;69,7042236328125;79282,6796875;-238,5587921142578;-784,5171508789062;-17,239011764526367;0,595507800579071;0,25232943892478943;0,19223953783512115;0,008044867776334286
1403;-1678,4969482421875;69,7042236328125;79282,6796875;-209,49334716796875;-782,0392456054688;-14,34813117980957;0,5795478820800781;0,24654464423656464;0,18568909168243408;0,007742543239146471
1404;-1678,4969482421875;69,7042236328125;79282,6796875;-184,7868194580078;-781,593017578125;-12,038407325744629;0,5900294184684753;0,2522556781768799;0,18766871094703674;0,007996871136128902
1405;-1678,4969482421875;69,7042236328125;79282,6796875;-227,94076538085938;-771,3919677734375;-18,39178466796875;0,5942419767379761;0,25832614302635193;0,18829666078090668;0,00816164631396532
1406;-1678,4969482421875;69,7042236328125;79282,6796875;-193,6689910888672;-775,267578125;-13,413633346557617;0,5938602685928345;0,25301921367645264;0,18537063896656036;0,008106541819870472
1407;-1678,4969482421875;69,7042236328125;79282,6796875;-201,972412109375;-769,8587646484375;-16,09629249572754;0,5938515663146973;0,2669605314731598;0,18668965995311737;0,008306301198899746
1408;-1678,4969482421875;69,7042236328125;79282,6796875;-202,60928344726562;-764,6102905273438;-16,01470947265625;0,602773129940033;0,2757262587547302;0,18879571557044983;0,00856943242251873
1409;-1678,4969482421875;69,7042236328125;79282,6796875;-194,31544494628906;-752,1323852539062;-15,784006118774414;0,6331681609153748;0,2773115932941437;0,19391579926013947;0,009098454378545284
1410;-1678,4969482421875;69,7042236328125;79282,6796875;-183,13938903808594;-741,6925659179688;-13,96774959564209;0,6192838549613953;0,2795484662055969;0,18967050313949585;0,008945001289248466
1411;-1678,4969482421875;69,7042236328125;79282,6796875;-174,16256713867188;-733,5758666992188;-13,533506393432617;0,6223366260528564;0,2892147898674011;0,19062243402004242;0,00912882573902607
1412;-1678,4969482421875;69,7042236328125;79282,6796875;-209,79969787597656;-716,6956787109375;-18,64092445373535;0,6213416457176208;0,2892757058143616;0,18875478208065033;0,00915928091853857
1413;-1678,4969482421875;69,7042236328125;79282,6796875;-225,6984100341797;-713,8948974609375;-21,680875778198242;0,6476554870605469;0,29939979314804077;0,19459277391433716;0,009721513837575912
1414;-1678,4969482421875;69,7042236328125;79282,6796875;-218,313720703125;-712,2313842773438;-21,091554641723633;0,6511507034301758;0,2990684509277344;0,19355690479278564;0,009819704107940197
1415;-1678,4969482421875;69,7042236328125;79282,6796875;-254,00491333007812;-705,68212890625;-25,910507202148438;0,6433257460594177;0,3050423860549927;0,19159412384033203;0,00980584416538477
1416;-1678,4969482421875;69,7042236328125;79282,6796875;-248,48626708984375;-707,2850341796875;-25,567445755004883;0,6647871136665344;0,31131353974342346;0,1955767571926117;0,010258441790938377
1417;-1678,4969482421875;69,7042236328125;79282,6796875;-289,7598876953125;-690,7989501953125;-31,312612533569336;0,6498143076896667;0,3159225881099701;0,19206205010414124;0,010116485878825188
1418;-1678,4969482421875;69,7042236328125;79282,6796875;-278,70111083984375;-694,278076171875;-29,728416442871094;0,6598153114318848;0,31836968660354614;0,19305747747421265;0,010358422063291073
1419;-1678,4969482421875;69,7042236328125;79282,6796875;-282,78790283203125;-674,2474975585938;-31,43382453918457;0,6554377675056458;0,3229624032974243;0,19178669154644012;0,010385848581790924
1420;-1678,4969482421875;69,7042236328125;79282,6796875;-283,3093566894531;-671,9290161132812;-32,30555725097656;0,6722708940505981;0,3259827792644501;0,19435077905654907;0,010750185698270798
1421;-1678,4969482421875;69,7042236328125;79282,6796875;-320,57958984375;-662,0646362304688;-37,27167892456055;0,6805716753005981;0,3350795805454254;0,1965688019990921;0,011029170826077461
1422;-1678,4969482421875;69,7042236328125;79282,6796875;-310,0162048339844;-668,048583984375;-35,642921447753906;0,665652871131897;0,328067809343338;0,19123519957065582;0,010792672634124756
1423;-1678,4969482421875;69,7042236328125;79282,6796875;-328,7113342285156;-658,6451416015625;-38,70860290527344;0,6584617495536804;0,3372138738632202;0,19073106348514557;0,010810807347297668
1424;-1678,4969482421875;69,7042236328125;79282,6796875;-323,1092224121094;-648,5558471679688;-38,19992446899414;0,6693006157875061;0,3318980634212494;0,19087082147598267;0,011024258099496365
1425;-1678,4969482421875;69,7042236328125;79282,6796875;-312,5724792480469;-648,1370849609375;-36,409210205078125;0,6642085313796997;0,33130502700805664;0,18906432390213013;0,011005248874425888
1426;-1678,4969482421875;69,7042236328125;79282,6796875;-283,8979187011719;-647,0053100585938;-33,478309631347656;0,6671701669692993;0,34236350655555725;0,1911301612854004;0,01121270377188921
1427;-1678,4969482421875;69,7042236328125;79282,6796875;-301,51507568359375;-620,3652954101562;-36,383480072021484;0,6394435167312622;0,32852157950401306;0,1828058809041977;0,010706341825425625
1428;-1678,4969482421875;69,7042236328125;79282,6796875;-321,7392272949219;-606,8218994140625;-38,707218170166016;0,6531013250350952;0,3290926218032837;0,18517978489398956;0,01102052628993988
1429;-1678,4969482421875;69,7042236328125;79282,6796875;-340,0881652832031;-603,6060180664062;-40,1053352355957;0,6379173994064331;0,32675379514694214;0,1816602349281311;0,010816188529133797
1430;-1678,4969482421875;69,7042236328125;79282,6796875;-316,3702087402344;-592,4987182617188;-37,9976921081543;0,6329509615898132;0,32867756485939026;0,1809774786233902;0,010817437432706356
1431;-1678,4969482421875;69,7042236328125;79282,6796875;-319,375732421875;-587,7072143554688;-38,38542175292969;0,6453395485877991;0,3386143743991852;0,1851920783519745;0,011184361763298512
1432;-1678,4969482421875;69,7042236328125;79282,6796875;-372,2583923339844;-578,0939331054688;-44,98343276977539;0,6454238891601562;0,32983845472335815;0,18386688828468323;0,011204216629266739
1433;-1678,4969482421875;69,7042236328125;79282,6796875;-345,5792236328125;-547,4417724609375;-42,824546813964844;0,6406649947166443;0,33496221899986267;0,18410620093345642;0,011232353746891022
1434;-1678,4969482421875;69,7042236328125;79282,6796875;-364,757080078125;-539,2009887695312;-44,46887969970703;0,6442679166793823;0,33202457427978516;0,18476417660713196;0,011356550268828869
1435;-1678,4969482421875;69,7042236328125;79282,6796875;-335,0197448730469;-535,1683349609375;-41,34914779663086;0,6462405920028687;0,3370988070964813;0,18653884530067444;0,01150498166680336
1436;-1678,4969482421875;69,7042236328125;79282,6796875;-343,05316162109375;-512,9733276367188;-42,189491271972656;0,6480295658111572;0,32963505387306213;0,18639959394931793;0,011563898995518684
1437;-1678,4969482421875;69,7042236328125;79282,6796875;-343,8939514160156;-500,2331237792969;-43,079200744628906;0,6452392935752869;0,332696795463562;0,18707698583602905;0,011615678668022156
1438;-1678,4969482421875;69,7042236328125;79282,6796875;-370,6665344238281;-487,6975402832031;-44,782386779785156;0,6468151807785034;0,3293186128139496;0,18780218064785004;0,011700515635311604
1439;-1678,4969482421875;69,7042236328125;79282,6796875;-345,7209167480469;-467,6440734863281;-41,492218017578125;0,6588605642318726;0,33698350191116333;0,19251839816570282;0,012055420316755772
1440;-1678,4969482421875;69,7042236328125;79282,6796875;-367,6969909667969;-452,1873474121094;-44,994384765625;0,6408110857009888;0,32351815700531006;0,18773424625396729;0,011704319156706333
1441;-1678,4969482421875;69,7042236328125;79282,6796875;-328,0618591308594;-426,81292724609375;-41,07209396362305;0,6203594207763672;0,3154645562171936;0,18314702808856964;0,011335832066833973
1442;-1678,4969482421875;69,7042236328125;79282,6796875;-346,0233154296875;-425,6488037109375;-41,92011260986328;0,6281425952911377;0,31043052673339844;0,18551307916641235;0,011518939398229122
1443;-1678,4969482421875;69,7042236328125;79282,6796875;-333,57415771484375;-408,8883361816406;-40,4210090637207;0,6359299421310425;0,32239556312561035;0,190076544880867;0,011831187643110752
1444;-1678,4969482421875;69,7042236328125;79282,6796875;-328,4548034667969;-397,7163391113281;-40,39323806762695;0,64231938123703;0,32651183009147644;0,19339993596076965;0,012054001912474632
1445;-1678,4969482421875;69,7042236328125;79282,6796875;-332,9733581542969;-380,9962158203125;-40,4582405090332;0,6301292777061462;0,31993767619132996;0,1909991353750229;0,011844969354569912
1446;-1678,4969482421875;69,7042236328125;79282,6796875;-323,55804443359375;-363,11126708984375;-39,770416259765625;0,6077671647071838;0,3035246431827545;0,18498347699642181;0,011369469575583935
1447;-1678,4969482421875;69,7042236328125;79282,6796875;-306,7033996582031;-358,1294860839844;-37,13987350463867;0,6130634546279907;0,3052005171775818;0,18784163892269135;0,011551793664693832
1448;-1678,4969482421875;69,7042236328125;79282,6796875;-297,8498840332031;-350,4991149902344;-36,422088623046875;0,6067660450935364;0,3009266257286072;0,18714050948619843;0,011463548988103867
1449;-1678,4969482421875;69,7042236328125;79282,6796875;-309,0572814941406;-346,0511169433594;-37,561622619628906;0,5870225429534912;0,2932664453983307;0,18251492083072662;0,011073771864175797
1450;-1678,4969482421875;69,7042236328125;79282,6796875;-280,7633361816406;-342,0050354003906;-33,729732513427734;0,5853220820426941;0,28808894753456116;0,1828891932964325;0,011067265644669533
1451;-1678,4969482421875;69,7042236328125;79282,6796875;-280,2223815917969;-329,7527770996094;-32,46250915527344;0,5612630248069763;0,27058425545692444;0,17615662515163422;0,010515657253563404
1452;-1678,4969482421875;69,7042236328125;79282,6796875;-287,5011291503906;-327,6759948730469;-33,6147346496582;0,5684376358985901;0,27902454137802124;0,1799236238002777;0,010765845887362957
1453;-1678,4969482421875;69,7042236328125;79282,6796875;-283,3035888671875;-310,5122985839844;-32,523685455322266;0,6040141582489014;0,29391130805015564;0,1922096312046051;0,011641809716820717
1454;-1678,4969482421875;69,7042236328125;79282,6796875;-254,0986328125;-300,1480407714844;-28,847148895263672;0,6106060743331909;0,2926531434059143;0,19523218274116516;0,011825739406049252
1455;-1678,4969482421875;69,7042236328125;79282,6796875;-255,12046813964844;-286,2170104980469;-27,780555725097656;0,5720542073249817;0,2703579366207123;0,18377506732940674;0,010938913561403751
1456;-1678,4969482421875;69,7042236328125;79282,6796875;-240,3655242919922;-276,39288330078125;-25,944971084594727;0,6022334098815918;0,28182750940322876;0,19440674781799316;0,011685444042086601
1457;-1678,4969482421875;69,7042236328125;79282,6796875;-230,1886749267578;-263,09765625;-24,075803756713867;0,5924121141433716;0,27224352955818176;0,1920624077320099;0,011469140648841858
1458;-1678,4969482421875;69,7042236328125;79282,6796875;-234,1368865966797;-263,8363342285156;-23,87087059020996;0,5876003503799438;0,2684992551803589;0,19135302305221558;0,01138280052691698
1459;-1678,4969482421875;69,7042236328125;79282,6796875;-221,4259490966797;-266,1258239746094;-23,075511932373047;0,5907302498817444;0,2644452452659607;0,19315344095230103;0,011465837247669697
1460;-1678,4969482421875;69,7042236328125;79282,6796875;-179,27835083007812;-242,5301513671875;-17,190053939819336;0,5911555886268616;0,26584506034851074;0,19396178424358368;0,011505518108606339
1461;-1678,4969482421875;69,7042236328125;79282,6796875;-185,4447021484375;-247,42979431152344;-18,75061798095703;0,6039944291114807;0,2669888436794281;0,1988680213689804;0,011823727749288082
1462;-1678,4969482421875;69,7042236328125;79282,6796875;-169,0966033935547;-246,35948181152344;-14,6609525680542;0,5820382237434387;0,2569826543331146;0,19207602739334106;0,011309882625937462
1463;-1678,4969482421875;69,7042236328125;79282,6796875;-174,95472717285156;-244,8839111328125;-14,271344184875488;0,5878646969795227;0,25503799319267273;0,19458341598510742;0,011456634849309921
1464;-1678,4969482421875;69,7042236328125;79282,6796875;-149,97564697265625;-231,5157928466797;-12,278983116149902;0,5849688649177551;0,25481775403022766;0,19361966848373413;0,01137574017047882
1465;-1678,4969482421875;69,7042236328125;79282,6796875;-152,9705810546875;-240,05296325683594;-12,434773445129395;0,581949770450592;0,24834883213043213;0,19319182634353638;0,011319453828036785
1466;-1678,4969482421875;69,7042236328125;79282,6796875;-161,8671417236328;-228,7946319580078;-13,10904598236084;0,5856465101242065;0,24597525596618652;0,19492557644844055;0,011408152990043163
1467;-1678,4969482421875;69,7042236328125;79282,6796875;-145,0712890625;-234,04515075683594;-10,23204517364502;0,5681062340736389;0,2362086921930313;0,189326211810112;0,010975532233715057
1468;-1678,4969482421875;69,7042236328125;79282,6796875;-183,80911254882812;-239,5325927734375;-15,198585510253906;0,5843790769577026;0,24042701721191406;0,19514122605323792;0,011360716074705124
1469;-1678,4969482421875;69,7042236328125;79282,6796875;-151,07444763183594;-231,44598388671875;-11,744186401367188;0,5705257058143616;0,23331670463085175;0,19032447040081024;0,011018173769116402
1470;-1678,4969482421875;69,7042236328125;79282,6796875;-150,32763671875;-219,412353515625;-12,040151596069336;0,5493093132972717;0,22299475967884064;0,18230006098747253;0,010479425080120564
1471;-1678,4969482421875;69,7042236328125;79282,6796875;-131,1474609375;-207,07110595703125;-9,594405174255371;0,5714059472084045;0,2301522046327591;0,18984739482402802;0,011010653339326382
1472;-1678,4969482421875;69,7042236328125;79282,6796875;-90,28644561767578;-190,72369384765625;-5,392618179321289;0,554191529750824;0,22018001973628998;0,18293671309947968;0,0105371605604887
1473;-1678,4969482421875;69,7042236328125;79282,6796875;-123,75472259521484;-180,00543212890625;-8,53310775756836;0,5631977915763855;0,22365538775920868;0,18645906448364258;0,010769251734018326
1474;-1678,4969482421875;69,7042236328125;79282,6796875;-117,74176788330078;-168,24668884277344;-8,673595428466797;0,5655804872512817;0,22180230915546417;0,18623334169387817;0,01078724954277277
1475;-1678,4969482421875;69,7042236328125;79282,6796875;-137,114013671875;-164,3076629638672;-11,602021217346191;0,570076048374176;0,22409161925315857;0,18780182301998138;0,010887924581766129
1476;-1678,4969482421875;69,7042236328125;79282,6796875;-125,84080505371094;-153,0559844970703;-9,950286865234375;0,5601009726524353;0,21446262300014496;0,18254929780960083;0,010564466938376427
1477;-1678,4969482421875;69,7042236328125;79282,6796875;-124,97283172607422;-148,22836303710938;-10,616604804992676;0,5461955070495605;0,20735310018062592;0,17720438539981842;0,010191749781370163
1478;-1678,4969482421875;69,7042236328125;79282,6796875;-146,4526824951172;-148,7779541015625;-13,799211502075195;0,553595781326294;0,20709116756916046;0,17838270962238312;0,010310535319149494
1479;-1678,4969482421875;69,7042236328125;79282,6796875;-136,88209533691406;-137,8390655517578;-13,763141632080078;0,5752737522125244;0,21706262230873108;0,18513482809066772;0,010830302722752094
1480;-1678,4969482421875;69,7042236328125;79282,6796875;-137,91331481933594;-124,87775421142578;-14,00333023071289;0,5743499994277954;0,21789485216140747;0,18427684903144836;0,010786890052258968
1481;-1678,4969482421875;69,7042236328125;79282,6796875;-165,1590118408203;-116,3504867553711;-17,13361930847168;0,5707535147666931;0,2135877162218094;0,18161912262439728;0,010637612082064152
1482;-1678,4969482421875;69,7042236328125;79282,6796875;-123,34446716308594;-104,17135620117188;-12,927779197692871;0,5586813688278198;0,20951467752456665;0,17687775194644928;0,010310270823538303
1483;-1678,4969482421875;69,7042236328125;79282,6796875;-137,88656616210938;-93,23377227783203;-15,005270957946777;0,5600237250328064;0,20827607810497284;0,17590726912021637;0,010284332558512688
1484;-1678,4969482421875;69,7042236328125;79282,6796875;-188,64706420898438;-99,8674087524414;-22,790685653686523;0,5643265247344971;0,21042367815971375;0,17617696523666382;0,010346630588173866
1485;-1678,4969482421875;69,7042236328125;79282,6796875;-183,7652587890625;-103,53614044189453;-23,048095703125;0,560900866985321;0,20654229819774628;0,17343834042549133;0,010193537920713425
1486;-1678,4969482421875;69,7042236328125;79282,6796875;-201,42056274414062;-97,70735931396484;-25,669572830200195;0,5610226988792419;0,20614862442016602;0,17211905121803284;0,010140638798475266
1487;-1678,4969482421875;69,7042236328125;79282,6796875;-191,0690155029297;-88,50843811035156;-24,146825790405273;0,5577189922332764;0,20305055379867554;0,1694812774658203;0,009990382939577103
1488;-1678,4969482421875;69,7042236328125;79282,6796875;-197,97178649902344;-89,83425903320312;-26,171415328979492;0,5639317631721497;0,2032889872789383;0,16967448592185974;0,010062094777822495
1489;-1678,4969482421875;69,7042236328125;79282,6796875;-208,5377197265625;-90,60231018066406;-28,06383514404297;0,5547371506690979;0,20160676538944244;0,16575907170772552;0,009800241328775883
1490;-1678,4969482421875;69,7042236328125;79282,6796875;-208,44273376464844;-93,42178344726562;-28,112768173217773;0,542445719242096;0,18933133780956268;0,1595619022846222;0,009382844902575016
1491;-1678,4969482421875;69,7042236328125;79282,6796875;-231,48623657226562;-102,42245483398438;-31,314573287963867;0,5349898934364319;0,18993952870368958;0,15645036101341248;0,009174329228699207
1492;-1678,4969482421875;69,7042236328125;79282,6796875;-236,63412475585938;-104,23587036132812;-32,681575775146484;0,5459191203117371;0,18649537861347198;0,15722011029720306;0,009301545098423958
1493;-1678,4969482421875;69,7042236328125;79282,6796875;-216,90562438964844;-103,93718719482422;-30,535995483398438;0,5529611110687256;0,19774824380874634;0,15905076265335083;0,009473826736211777
1494;-1678,4969482421875;69,7042236328125;79282,6796875;-267,18670654296875;-120,62586975097656;-36,972740173339844;0,559429943561554;0,20436158776283264;0,1600724756717682;0,009587852284312248
1495;-1678,4969482421875;69,7042236328125;79282,6796875;-270,8951416015625;-130,15841674804688;-38,18301010131836;0,5729146003723145;0,20775847136974335;0,16227108240127563;0,009816623292863369
1496;-1678,4969482421875;69,7042236328125;79282,6796875;-296,64801025390625;-137,1710968017578;-41,0972900390625;0,578334629535675;0,2119361013174057;0,16268859803676605;0,009883616119623184
1497;-1678,4969482421875;69,7042236328125;79282,6796875;-311,39227294921875;-132,5076904296875;-43,205833435058594;0,582775890827179;0,2050977498292923;0,1614176481962204;0,00984584167599678
1498;-1678,4969482421875;69,7042236328125;79282,6796875;-270,6934509277344;-131,55670166015625;-38,65269470214844;0,570444643497467;0,20824609696865082;0,15770235657691956;0,009548291563987732
1499;-1678,4969482421875;69,7042236328125;79282,6796875;-275,28759765625;-128,55320739746094;-38,94913101196289;0,5715285539627075;0,20732413232326508;0,15659086406230927;0,009488738141953945
1500;-1678,4969482421875;69,7042236328125;79282,6796875;-315,6399230957031;-146,67825317382812;-45,67399978637695;0,5860114097595215;0,21309125423431396;0,1594352424144745;0,009743914008140564
1501;-1678,4969482421875;69,7042236328125;79282,6796875;-293,5736999511719;-138,1439666748047;-42,13642501831055;0,5794346928596497;0,21038489043712616;0,15651069581508636;0,009516685269773006
1502;-1678,4969482421875;69,7042236328125;79282,6796875;-301,4138488769531;-153,0758056640625;-44,02766036987305;0,5927646160125732;0,20864754915237427;0,1582593470811844;0,009687122888863087
1503;-1678,4969482421875;69,7042236328125;79282,6796875;-293,7776184082031;-159,5156707763672;-43,05718231201172;0,5983088612556458;0,21441997587680817;0,15929460525512695;0,00975953321903944
1504;-1678,4969482421875;69,7042236328125;79282,6796875;-303,6082763671875;-176,29454040527344;-43,99995040893555;0,5895476341247559;0,2059384137392044;0,1555113047361374;0,009451266378164291
1505;-1678,4969482421875;69,7042236328125;79282,6796875;-293,1797180175781;-186,8116455078125;-43,27006530761719;0,5960491895675659;0,21287845075130463;0,15710172057151794;0,009550266899168491
1506;-1678,4969482421875;69,7042236328125;79282,6796875;-293,6814880371094;-191,8037567138672;-42,50079345703125;0,5887287855148315;0,21804729104042053;0,1555497944355011;0,009365009143948555
1507;-1678,4969482421875;69,7042236328125;79282,6796875;-300,9648132324219;-204,1056671142578;-44,336097717285156;0,5973376035690308;0,2012898325920105;0,15506567060947418;0,009332923218607903
1508;-1678,4969482421875;69,7042236328125;79282,6796875;-287,81939697265625;-205,5753173828125;-42,714054107666016;0,6094353795051575;0,226034477353096;0,16026028990745544;0,009663890115916729
1509;-1678,4969482421875;69,7042236328125;79282,6796875;-290,2525329589844;-217,40362548828125;-42,78973388671875;0,6113951206207275;0,22762851417064667;0,1606757938861847;0,009634686633944511
1510;-1678,4969482421875;69,7042236328125;79282,6796875;-288,8848571777344;-220,57247924804688;-42,390140533447266;0,6222447156906128;0,23750518262386322;0,1641244888305664;0,009822506457567215
1511;-1678,4969482421875;69,7042236328125;79282,6796875;-288,25494384765625;-227,0582275390625;-43,04408264160156;0,6206783652305603;0,2246702015399933;0,16241887211799622;0,009642418473958969
1512;-1678,4969482421875;69,7042236328125;79282,6796875;-282,07525634765625;-234,0787811279297;-42,06453323364258;0,594765841960907;0,17912913858890533;0,15233184397220612;0,008730482310056686
1513;-1678,4969482421875;69,7042236328125;79282,6796875;-249,10055541992188;-235,56581115722656;-38,06009292602539;0,5986930727958679;0,19222141802310944;0,15483683347702026;0,008853364735841751
1514;-1678,4969482421875;69,7042236328125;79282,6796875;-291,7583923339844;-240,74424743652344;-42,961421966552734;0,6147765517234802;0,2082255631685257;0,1605559140443802;0,009205537848174572
1515;-1678,4969482421875;69,7042236328125;79282,6796875;-292,1795959472656;-236,24021911621094;-43,63278579711914;0,6161808967590332;0,19861148297786713;0,16068388521671295;0,00908700842410326
1516;-1678,4969482421875;69,7042236328125;79282,6796875;-271,8582763671875;-237,0045166015625;-40,68818283081055;0,6112948060035706;0,19963930547237396;0,1604122817516327;0,0089442552998662
1517;-1678,4969482421875;69,7042236328125;79282,6796875;-309,9992370605469;-252,63204956054688;-45,008338928222656;0,603767991065979;0,1985490620136261;0,1594555675983429;0,008740334771573544
1518;-1678,4969482421875;69,7042236328125;79282,6796875;-310,99462890625;-259,7420959472656;-45,096107482910156;0,6152222752571106;0,21591895818710327;0,16458183526992798;0,009004537016153336
1519;-1678,4969482421875;69,7042236328125;79282,6796875;-324,5047912597656;-264,6339416503906;-46,53413009643555;0,609277606010437;0,20544518530368805;0,16339407861232758;0,008767521940171719
1520;-1678,4969482421875;69,7042236328125;79282,6796875;-320,6927185058594;-272,5074462890625;-45,89095687866211;0,6030409336090088;0,19816818833351135;0,16250482201576233;0,008545232936739922
1521;-1678,4969482421875;69,7042236328125;79282,6796875;-294,9891357421875;-285,94232177734375;-42,26609420776367;0,6077441573143005;0,18659670650959015;0,16416850686073303;0,00848044641315937
1522;-1678,4969482421875;69,7042236328125;79282,6796875;-292,3554382324219;-303,3762512207031;-41,70643615722656;0,6136978268623352;0,19990909099578857;0,1678769588470459;0,008634118363261223
1523;-1678,4969482421875;69,7042236328125;79282,6796875;-328,56732177734375;-305,8765869140625;-46,2822380065918;0,6161505579948425;0,19511626660823822;0,169661283493042;0,008590695448219776
1524;-1678,4969482421875;69,7042236328125;79282,6796875;-274,717529296875;-309,842529296875;-40,08546447753906;0,6300013661384583;0,1888178586959839;0,17441418766975403;0,008720544166862965
1525;-1678,4969482421875;69,7042236328125;79282,6796875;-308,6305236816406;-325,193603515625;-43,12363052368164;0,5851634740829468;0,17944389581680298;0,1637125164270401;0,007824537344276905
1526;-1678,4969482421875;69,7042236328125;79282,6796875;-292,5722961425781;-334,6898498535156;-41,44206619262695;0,6150111556053162;0,1867934614419937;0,17357797920703888;0,008356497623026371
1527;-1678,4969482421875;69,7042236328125;79282,6796875;-290,5024108886719;-346,0199279785156;-41,13254928588867;0,5992612242698669;0,17181074619293213;0,17032316327095032;0,007914693094789982
1528;-1678,4969482421875;69,7042236328125;79282,6796875;-278,0555114746094;-357,473388671875;-38,9320068359375;0,60755455493927;0,17443957924842834;0,17435497045516968;0,008034571073949337
1529;-1678,4969482421875;69,7042236328125;79282,6796875;-269,8994140625;-368,7828674316406;-36,725337982177734;0,5826534628868103;0,17509129643440247;0,1690700203180313;0,007569584064185619
1530;-1678,4969482421875;69,7042236328125;79282,6796875;-254,7950439453125;-375,9319152832031;-34,35150909423828;0,5949714183807373;0,17171168327331543;0,17406029999256134;0,007716629188507795
1531;-1678,4969482421875;69,7042236328125;79282,6796875;-251,42633056640625;-392,6095886230469;-33,55931091308594;0,5722709894180298;0,1546260267496109;0,1687726527452469;0,007132342085242271
1532;-1678,4969482421875;69,7042236328125;79282,6796875;-229,21180725097656;-418,1583557128906;-29,72689437866211;0,5849726796150208;0,1581086963415146;0,17417556047439575;0,007341879885643721
1533;-1678,4969482421875;69,7042236328125;79282,6796875;-214,04615783691406;-426,23675537109375;-27,29792022705078;0,5574527978897095;0,14933006465435028;0,16752585768699646;0,006752736866474152
1534;-1678,4969482421875;69,7042236328125;79282,6796875;-204,32284545898438;-446,9434509277344;-26,00719451904297;0,5723482370376587;0,1577952355146408;0,173653706908226;0,007057895418256521
1535;-1678,4969482421875;69,7042236328125;79282,6796875;-187,5978546142578;-461,3287658691406;-22,878524780273438;0,5560877323150635;0,15642191469669342;0,17025060951709747;0,0067299832589924335
1536;-1678,4969482421875;69,7042236328125;79282,6796875;-206,62159729003906;-475,1475830078125;-24,727989196777344;0,5697282552719116;0,1494694948196411;0,17595434188842773;0,0068534500896930695
1537;-1678,4969482421875;69,7042236328125;79282,6796875;-139,07919311523438;-515,1201171875;-14,942816734313965;0,5541393160820007;0,1524503082036972;0,17258881032466888;0,006594538688659668
1538;-1678,4969482421875;69,7042236328125;79282,6796875;-158,14892578125;-526,180419921875;-16,490516662597656;0,5575895309448242;0,15977069735527039;0,17505809664726257;0,006695999298244715
1539;-1678,4969482421875;69,7042236328125;79282,6796875;-139,8749542236328;-538,1422119140625;-13,6412353515625;0,5544273257255554;0,15694236755371094;0,17546413838863373;0,006586574018001556
1540;-1678,4969482421875;69,7042236328125;79282,6796875;-127,29700469970703;-550,9345703125;-11,655640602111816;0,5528967976570129;0,15892939269542694;0,17627094686031342;0,006551149766892195
1541;-1678,4969482421875;69,7042236328125;79282,6796875;-132,64637756347656;-549,3046264648438;-12,161662101745605;0,5529919266700745;0,1591576486825943;0,17760248482227325;0,006530208047479391
1542;-1678,4969482421875;69,7042236328125;79282,6796875;-88,33856964111328;-558,96533203125;-6,056926250457764;0,5482690930366516;0,1609163135290146;0,177202045917511;0,006436086259782314
1543;-1678,4969482421875;69,7042236328125;79282,6796875;-71,67233276367188;-577,56298828125;-2,9002819061279297;0,54132479429245;0,15696974098682404;0,17624275386333466;0,006251594517379999
1544;-1678,4969482421875;69,7042236328125;79282,6796875;-65,72166442871094;-590,102294921875;-1,2300089597702026;0,5487852096557617;0,16425545513629913;0,17957162857055664;0,006430187728255987
1545;-1678,4969482421875;69,7042236328125;79282,6796875;-53,692298889160156;-611,6340942382812;0,7011845707893372;0,541774332523346;0,16167668998241425;0,17843106389045715;0,006260574795305729
1546;-1678,4969482421875;69,7042236328125;79282,6796875;-60,358970642089844;-625,0167846679688;0,6903090476989746;0,5407339334487915;0,16392938792705536;0,17898830771446228;0,006243486888706684
1547;-1678,4969482421875;69,7042236328125;79282,6796875;-74,14588165283203;-625,2975463867188;-1,2077457904815674;0,5353879928588867;0,16421262919902802;0,1781008392572403;0,006131396163254976
1548;-1678,4969482421875;69,7042236328125;79282,6796875;-67,51631164550781;-635,2857666015625;0,10300404578447342;0,5385939478874207;0,16720683872699738;0,17997966706752777;0,006200471427291632
1549;-1678,4969482421875;69,7042236328125;79282,6796875;-89,15851593017578;-649,0646362304688;-1,8968358039855957;0,540393590927124;0,17182044684886932;0,18101061880588531;0,006253157742321491
1550;-1678,4969482421875;69,7042236328125;79282,6796875;-99,61861419677734;-651,6594848632812;-3,616987943649292;0,540025532245636;0,1717052310705185;0,18194009363651276;0,006239634472876787
1551;-1678,4969482421875;69,7042236328125;79282,6796875;-61,29155731201172;-661,774169921875;1,9959255456924438;0,5258431434631348;0,1688610464334488;0,17786958813667297;0,00593937560915947
1552;-1678,4969482421875;69,7042236328125;79282,6796875;-103,18073272705078;-660,7418212890625;-3,032219171524048;0,5086036324501038;0,16670922935009003;0,17219211161136627;0,005565132014453411
1553;-1678,4969482421875;69,7042236328125;79282,6796875;-117,30416870117188;-664,29833984375;-4,637567043304443;0,5565512776374817;0,18528656661510468;0,18861016631126404;0,006619641091674566
1554;-1678,4969482421875;69,7042236328125;79282,6796875;-123,37234497070312;-666,9104614257812;-5,092004776000977;0,49429476261138916;0,16589073836803436;0,16830214858055115;0,005256611853837967
1555;-1678,4969482421875;69,7042236328125;79282,6796875;-81,7582015991211;-688,33056640625;1,0527162551879883;0,5174962878227234;0,1760227233171463;0,17649532854557037;0,005807484500110149
1556;-1678,4969482421875;69,7042236328125;79282,6796875;-84,4703598022461;-694,8917236328125;0,7058952450752258;0,4887186884880066;0,16851595044136047;0,1670115441083908;0,005156175699084997
1557;-1678,4969482421875;69,7042236328125;79282,6796875;-96,26949310302734;-692,4545288085938;-0,4147188067436218;0,5652094483375549;0,19782394170761108;0,19376298785209656;0,006842992268502712
1558;-1678,4969482421875;69,7042236328125;79282,6796875;-86,9419174194336;-705,7925415039062;1,4568853378295898;0,5601532459259033;0,19614744186401367;0,1887369602918625;0,006629727315157652
1559;-1678,4969482421875;69,7042236328125;79282,6796875;-73,6852035522461;-708,13818359375;3,6144039630889893;0,5062167048454285;0,18223923444747925;0,17338672280311584;0,00563780078664422
1560;-1678,4969482421875;69,7042236328125;79282,6796875;-52,34037780761719;-708,6829223632812;6,01041316986084;0,5005561113357544;0,1834932565689087;0,17183047533035278;0,005545235238969326
1561;-1678,4969482421875;69,7042236328125;79282,6796875;-52,76601028442383;-715,9794921875;6,525973320007324;0,5193683505058289;0,19052596390247345;0,17678533494472504;0,005941996816545725
1562;-1678,4969482421875;69,7042236328125;79282,6796875;-61,53876495361328;-718,8436889648438;5,542707443237305;0,542853057384491;0,20137155055999756;0,1844509094953537;0,006484868470579386
1563;-1678,4969482421875;69,7042236328125;79282,6796875;-46,53461837768555;-727,7208251953125;7,902393341064453;0,5226700901985168;0,1977136880159378;0,17787623405456543;0,006094378884881735
1564;-1678,4969482421875;69,7042236328125;79282,6796875;-36,884788513183594;-735,438720703125;9,37416934967041;0,537293553352356;0,20474614202976227;0,1820940226316452;0,006427808664739132
1565;-1678,4969482421875;69,7042236328125;79282,6796875;-50,528648376464844;-740,5582885742188;7,9111762046813965;0,5440788865089417;0,21298940479755402;0,18500901758670807;0,006641910877078772
1566;-1678,4969482421875;69,7042236328125;79282,6796875;-37,664024353027344;-743,7994995117188;9,954365730285645;0,5614883899688721;0,21751931309700012;0,18881145119667053;0,006985229905694723
1567;-1678,4969482421875;69,7042236328125;79282,6796875;-56,653587341308594;-749,1686401367188;7,319978713989258;0,5499181151390076;0,21828478574752808;0,18518200516700745;0,006811860948801041
1568;-1678,4969482421875;69,7042236328125;79282,6796875;-59,84721374511719;-746,4320678710938;6,498828411102295;0,5656951069831848;0,22491683065891266;0,18920500576496124;0,007153543643653393
1569;-1678,4969482421875;69,7042236328125;79282,6796875;-70,83062744140625;-746,9459838867188;4,56069278717041;0,5671061873435974;0,22329777479171753;0,18770521879196167;0,0071480427868664265
1570;-1678,4969482421875;69,7042236328125;79282,6796875;-105,83903503417969;-737,01416015625;0,2121281921863556;0,5717517137527466;0,2315211445093155;0,18952062726020813;0,007346693426370621
1571;-1678,4969482421875;69,7042236328125;79282,6796875;-80,74388885498047;-751,596435546875;3,4354701042175293;0,5749368667602539;0,23037728667259216;0,18848386406898499;0,007379913702607155
1572;-1678,4969482421875;69,7042236328125;79282,6796875;-121,1697006225586;-745,8624267578125;-1,7703053951263428;0,5774680376052856;0,2381563037633896;0,18950694799423218;0,007540022488683462
1573;-1678,4969482421875;69,7042236328125;79282,6796875;-151,12229919433594;-741,3015747070312;-6,438845157623291;0,5597588419914246;0,2333821952342987;0,18283046782016754;0,007211814634501934
1574;-1678,4969482421875;69,7042236328125;79282,6796875;-164,60792541503906;-742,7604370117188;-7,86474084854126;0,5739367008209229;0,24589598178863525;0,187461256980896;0,007605249527841806
1575;-1678,4969482421875;69,7042236328125;79282,6796875;-161,1049346923828;-743,0524291992188;-7,6427321434021;0,5802345871925354;0,2473437786102295;0,1876128911972046;0,007742841728031635
1576;-1678,4969482421875;69,7042236328125;79282,6796875;-132,50193786621094;-747,2689819335938;-4,334158420562744;0,5825883746147156;0,24868018925189972;0,18681341409683228;0,007814005017280579
1577;-1678,4969482421875;69,7042236328125;79282,6796875;-151,47438049316406;-743,1129760742188;-7,159218788146973;0,5834817290306091;0,2508928179740906;0,18588371574878693;0,00787672121077776
1578;-1678,4969482421875;69,7042236328125;79282,6796875;-158,38632202148438;-731,6004638671875;-9,729083061218262;0,5921984314918518;0,2559080123901367;0,18728280067443848;0,008097547106444836
1579;-1678,4969482421875;69,7042236328125;79282,6796875;-149,58900451660156;-727,791015625;-9,062896728515625;0,5993899703025818;0,2586471736431122;0,18778464198112488;0,00826607458293438
1580;-1678,4969482421875;69,7042236328125;79282,6796875;-143,49179077148438;-718,4426879882812;-8,680930137634277;0,6137322783470154;0,25841668248176575;0,18920844793319702;0,008497779257595539
1581;-1678,4969482421875;69,7042236328125;79282,6796875;-120,4915542602539;-721,6298217773438;-5,513447284698486;0,6047929525375366;0,26989516615867615;0,18794123828411102;0,008539906702935696
1582;-1678,4969482421875;69,7042236328125;79282,6796875;-144,42037963867188;-710,7076416015625;-9,605000495910645;0,6080770492553711;0,26820656657218933;0,18660461902618408;0,008604127913713455
1583;-1678,4969482421875;69,7042236328125;79282,6796875;-178,01800537109375;-698,0928344726562;-13,922642707824707;0,6107537746429443;0,2730117738246918;0,18650338053703308;0,008738706819713116
1584;-1678,4969482421875;69,7042236328125;79282,6796875;-176,44911193847656;-699,428466796875;-14,205788612365723;0,6251324415206909;0,28807371854782104;0,19097088277339935;0,009163829497992992
1585;-1678,4969482421875;69,7042236328125;79282,6796875;-167,67169189453125;-689,6680908203125;-14,133903503417969;0,6358551979064941;0,28490912914276123;0,19084754586219788;0,009338258765637875
1586;-1678,4969482421875;69,7042236328125;79282,6796875;-182,15199279785156;-676,6410522460938;-16,255062103271484;0,6001365780830383;0,28574198484420776;0,18202483654022217;0,00882670097053051
1587;-1678,4969482421875;69,7042236328125;79282,6796875;-185,9615936279297;-659,5927124023438;-17,198026657104492;0,6451679468154907;0,29725784063339233;0,19196033477783203;0,009706323966383934
1588;-1678,4969482421875;69,7042236328125;79282,6796875;-225,728271484375;-653,9716796875;-23,01537322998047;0,647813618183136;0,30888742208480835;0,19328226149082184;0,009910611435770988
1589;-1678,4969482421875;69,7042236328125;79282,6796875;-226,71908569335938;-653,36767578125;-23,821691513061523;0,6399805545806885;0,3145076334476471;0,19132795929908752;0,009880583733320236
1590;-1678,4969482421875;69,7042236328125;79282,6796875;-259,0154113769531;-638,6222534179688;-27,893041610717773;0,6478400230407715;0,3125999867916107;0,1909904032945633;0,010055038146674633
1591;-1678,4969482421875;69,7042236328125;79282,6796875;-300,472900390625;-627,8416748046875;-33,470149993896484;0,653479278087616;0,32572099566459656;0,19336044788360596;0,010311039164662361
1592;-1678,4969482421875;69,7042236328125;79282,6796875;-302,56329345703125;-625,9215087890625;-34,45035171508789;0,6811845302581787;0,3309459090232849;0,1983872652053833;0,010873894207179546
1593;-1678,4969482421875;69,7042236328125;79282,6796875;-300,4436340332031;-618,3344116210938;-35,132442474365234;0,6612310409545898;0,32890626788139343;0,19284109771251678;0,010593175888061523
1594;-1678,4969482421875;69,7042236328125;79282,6796875;-309,0028076171875;-608,3099365234375;-36,526702880859375;0,6558206677436829;0,3271539807319641;0,1902768760919571;0,01055529061704874
1595;-1678,4969482421875;69,7042236328125;79282,6796875;-341,62225341796875;-598,772705078125;-41,36769485473633;0,6690846085548401;0,33760499954223633;0,1938123106956482;0,010925528593361378
1596;-1678,4969482421875;69,7042236328125;79282,6796875;-328,6320495605469;-593,4683837890625;-39,79146957397461;0,6580039858818054;0,331163614988327;0,18945737183094025;0,010759461671113968
1597;-1678,4969482421875;69,7042236328125;79282,6796875;-371,60455322265625;-580,04052734375;-46,09233093261719;0,6621552109718323;0,3270682990550995;0,18862028419971466;0,010866899974644184
1598;-1678,4969482421875;69,7042236328125;79282,6796875;-359,5498352050781;-562,3986206054688;-44,46514129638672;0,6599555015563965;0,3367733657360077;0,18935412168502808;0,010977957397699356
1599;-1678,4969482421875;69,7042236328125;79282,6796875;-391,4623107910156;-552,6774291992188;-48,84838104248047;0,6558870673179626;0,34065964818000793;0,18874314427375793;0,011008800007402897
1600;-1678,4969482421875;69,7042236328125;79282,6796875;-399,23992919921875;-540,748291015625;-50,39744567871094;0,6441969871520996;0,33242738246917725;0,18448860943317413;0,01082246471196413
1601;-1678,4969482421875;69,7042236328125;79282,6796875;-404,1319274902344;-528,731201171875;-51,023658752441406;0,6456822752952576;0,3294377624988556;0,1838686317205429;0,010900277644395828
1602;-1678,4969482421875;69,7042236328125;79282,6796875;-410,2134704589844;-506,7954406738281;-51,837066650390625;0,6482935547828674;0,3334040641784668;0,18489275872707367;0,011051285080611706
1603;-1678,4969482421875;69,7042236328125;79282,6796875;-464,3160095214844;-520,1931762695312;-58,22262954711914;0,6454179286956787;0,3298587501049042;0,18363964557647705;0,01105358824133873
1604;-1678,4969482421875;69,7042236328125;79282,6796875;-405,63140869140625;-502,6595764160156;-51,27824783325195;0,6482580900192261;0,3381465971469879;0,18570101261138916;0,011238038539886475
1605;-1678,4969482421875;69,7042236328125;79282,6796875;-449,8032531738281;-485,0952453613281;-57,69001388549805;0,653347909450531;0,33765336871147156;0,18679651618003845;0,011407129466533661
1606;-1678,4969482421875;69,7042236328125;79282,6796875;-451,9386901855469;-485,73748779296875;-57,606807708740234;0,669157862663269;0,3546057343482971;0,19313523173332214;0,011880186386406422
1607;-1678,4969482421875;69,7042236328125;79282,6796875;-461,2123718261719;-470,3707275390625;-58,58414840698242;0,6501210331916809;0,3414337933063507;0,18752498924732208;0,011531384661793709
1608;-1678,4969482421875;69,7042236328125;79282,6796875;-440,9516906738281;-469,416748046875;-55,98203659057617;0,6746837496757507;0,3464869260787964;0,19388949871063232;0,012093685567378998
1609;-1678,4969482421875;69,7042236328125;79282,6796875;-438,28131103515625;-461,77764892578125;-55,78407669067383;0,6467140913009644;0,3397655487060547;0,18773111701011658;0,011613975279033184
1610;-1678,4969482421875;69,7042236328125;79282,6796875;-443,9470520019531;-454,3273010253906;-56,277645111083984;0,6560165286064148;0,33883926272392273;0,19030480086803436;0,011862124316394329
1611;-1678,4969482421875;69,7042236328125;79282,6796875;-457,94073486328125;-437,3423156738281;-57,871768951416016;0,6589454412460327;0,3358062207698822;0,19137905538082123;0,011975975707173347
1612;-1678,4969482421875;69,7042236328125;79282,6796875;-422,4197998046875;-432,9073791503906;-52,940467834472656;0,6366344094276428;0,3218890428543091;0,18550936877727509;0,011538909748196602
1613;-1678,4969482421875;69,7042236328125;79282,6796875;-442,12506103515625;-428,97528076171875;-54,049110412597656;0,6520476937294006;0,3338678181171417;0,19167155027389526;0,01199143286794424
1614;-1678,4969482421875;69,7042236328125;79282,6796875;-413,13568115234375;-398,4174499511719;-51,76829528808594;0,6339314579963684;0,3278074562549591;0,1878809928894043;0,01168100442737341
1615;-1678,4969482421875;69,7042236328125;79282,6796875;-418,2513427734375;-402,0867614746094;-51,08564758300781;0,6420515179634094;0,32416579127311707;0,1904803216457367;0,011890268884599209
1616;-1678,4969482421875;69,7042236328125;79282,6796875;-384,94842529296875;-396,11981201171875;-47,884552001953125;0,6382536292076111;0,31776678562164307;0,1900843381881714;0,011847450397908688
1617;-1678,4969482421875;69,7042236328125;79282,6796875;-388,19964599609375;-380,42108154296875;-48,67437744140625;0,6134419441223145;0,3095625340938568;0,18445050716400146;0,011386225931346416
1618;-1678,4969482421875;69,7042236328125;79282,6796875;-378,2430725097656;-372,4217529296875;-46,84292984008789;0,6291796565055847;0,31908416748046875;0,19067831337451935;0,011824711225926876
1619;-1678,4969482421875;69,7042236328125;79282,6796875;-362,0172119140625;-356,65673828125;-44,439205169677734;0,635200023651123;0,3203686475753784;0,19366560876369476;0,012019908986985683
1620;-1678,4969482421875;69,7042236328125;79282,6796875;-331,3037414550781;-348,7460632324219;-41,58875274658203;0,6090090870857239;0,31032082438468933;0,1873028725385666;0,011495593003928661
1621;-1678,4969482421875;69,7042236328125;79282,6796875;-321,3822021484375;-325,608642578125;-39,45056915283203;0,6161715984344482;0,30941256880760193;0,19038495421409607;0,011701245792210102
1622;-1678,4969482421875;69,7042236328125;79282,6796875;-325,5184326171875;-309,9777526855469;-39,69895935058594;0,5921403169631958;0,29037731885910034;0,18363644182682037;0,011164933443069458
1623;-1678,4969482421875;69,7042236328125;79282,6796875;-299,8735046386719;-294,6859436035156;-37,31344223022461;0,5831421613693237;0,28471946716308594;0,18201632797718048;0,011003882624208927
1624;-1678,4969482421875;69,7042236328125;79282,6796875;-329,2645263671875;-287,5071105957031;-38,58731460571289;0,5869407057762146;0,2914979159832001;0,1848066747188568;0,011168614961206913
1625;-1678,4969482421875;69,7042236328125;79282,6796875;-299,52752685546875;-287,6484680175781;-35,04011535644531;0,567844033241272;0,2807939350605011;0,1798561066389084;0,010757610201835632
1626;-1678,4969482421875;69,7042236328125;79282,6796875;-325,1657409667969;-289,2398681640625;-38,53811264038086;0,5965064764022827;0,29384398460388184;0,19002316892147064;0,011473163962364197
1627;-1678,4969482421875;69,7042236328125;79282,6796875;-289,5997009277344;-265,525390625;-33,602996826171875;0,6096400022506714;0,29014718532562256;0,1948162317276001;0,011798568069934845
1628;-1678,4969482421875;69,7042236328125;79282,6796875;-292,2925720214844;-265,75311279296875;-34,26200866699219;0,5747103691101074;0,2714361548423767;0,1846185177564621;0,011004664935171604
1629;-1678,4969482421875;69,7042236328125;79282,6796875;-290,0495910644531;-237,57591247558594;-34,059783935546875;0,5926549434661865;0,27651622891426086;0,19128167629241943;0,011458595283329487
1630;-1678,4969482421875;69,7042236328125;79282,6796875;-261,5877685546875;-217,18527221679688;-29,06753158569336;0,5832416415214539;0,26716122031211853;0,18906080722808838;0,01124674454331398
1631;-1678,4969482421875;69,7042236328125;79282,6796875;-289,9985656738281;-237,74449157714844;-31,925235748291016;0,581500768661499;0,26673585176467896;0,18937434256076813;0,01124398410320282
1632;-1678,4969482421875;69,7042236328125;79282,6796875;-241,03399658203125;-214,491455078125;-26,324729919433594;0,5973381996154785;0,27109038829803467;0,19529055058956146;0,01163925789296627
1633;-1678,4969482421875;69,7042236328125;79282,6796875;-243,25057983398438;-200,3366241455078;-26,324119567871094;0,5945624709129333;0,2633378207683563;0,19514164328575134;0,011575748212635517
1634;-1678,4969482421875;69,7042236328125;79282,6796875;-249,2097625732422;-201,44833374023438;-27,237934112548828;0,5890872478485107;0,2622331976890564;0,1938938945531845;0,011474582366645336
1635;-1678,4969482421875;69,7042236328125;79282,6796875;-274,8153991699219;-216,4917449951172;-29,46504020690918;0,5898476839065552;0,2571173310279846;0,19483201205730438;0,011497939936816692
1636;-1678,4969482421875;69,7042236328125;79282,6796875;-277,7884521484375;-212,84442138671875;-28,67006492614746;0,5924713611602783;0,25463250279426575;0,19629913568496704;0,011563527397811413
1637;-1678,4969482421875;69,7042236328125;79282,6796875;-273,0334777832031;-203,29476928710938;-28,97918701171875;0,6178140640258789;0,26541322469711304;0,20491623878479004;0,01218591071665287
1638;-1678,4969482421875;69,7042236328125;79282,6796875;-257,1213073730469;-195,15673828125;-26,215042114257812;0,5873490571975708;0,25080814957618713;0,19497372210025787;0,011455586180090904
1639;-1678,4969482421875;69,7042236328125;79282,6796875;-268,2033996582031;-185,8917999267578;-27,65259552001953;0,5850058197975159;0,2476685643196106;0,19429874420166016;0,011394361965358257
1640;-1678,4969482421875;69,7042236328125;79282,6796875;-259,4781494140625;-177,5311737060547;-25,838350296020508;0,5577884912490845;0,23308065533638;0,1855337768793106;0,010733189061284065
1641;-1678,4969482421875;69,7042236328125;79282,6796875;-249,92401123046875;-158,9349822998047;-25,557228088378906;0,5936099290847778;0,24557776749134064;0,19752094149589539;0,011593155562877655
1642;-1678,4969482421875;69,7042236328125;79282,6796875;-278,02581787109375;-156,41139221191406;-29,48164176940918;0,5698691010475159;0,23410989344120026;0,188887819647789;0,01097938697785139
1643;-1678,4969482421875;69,7042236328125;79282,6796875;-229,43203735351562;-149,44229125976562;-23,896249771118164;0,5542256236076355;0,22512342035770416;0,1842353790998459;0,010612852871418
1644;-1678,4969482421875;69,7042236328125;79282,6796875;-249,34095764160156;-137,35838317871094;-26,051240921020508;0,5554338097572327;0,22381430864334106;0,18452709913253784;0,010628393851220608
1645;-1678,4969482421875;69,7042236328125;79282,6796875;-239,9757537841797;-129,67491149902344;-26,483623504638672;0,5719963908195496;0,2288898229598999;0,1898171603679657;0,011015367694199085
1646;-1678,4969482421875;69,7042236328125;79282,6796875;-244,5437469482422;-127,87890625;-26,131610870361328;0,5726464986801147;0,22784985601902008;0,18975625932216644;0,011010671965777874
1647;-1678,4969482421875;69,7042236328125;79282,6796875;-257,922607421875;-125,34278106689453;-28,16669273376465;0,5810996890068054;0,22966594994068146;0,19199103116989136;0,011190848425030708
1648;-1678,4969482421875;69,7042236328125;79282,6796875;-173,52342224121094;-91,83866882324219;-17,563121795654297;0,5718094706535339;0,22187678515911102;0,18743012845516205;0,010900741443037987
1649;-1678,4969482421875;69,7042236328125;79282,6796875;-233,8537139892578;-107,69734191894531;-24,84995460510254;0,5527017116546631;0,21037434041500092;0,17977070808410645;0,01036950945854187
1650;-1678,4969482421875;69,7042236328125;79282,6796875;-191,74501037597656;-103,63378143310547;-20,953289031982422;0,5605988502502441;0,2135416567325592;0,18205852806568146;0,010553139261901379
1651;-1678,4969482421875;69,7042236328125;79282,6796875;-232,71566772460938;-109,91255187988281;-26,01909828186035;0,5789238214492798;0,22134874761104584;0,1876562535762787;0,01098252646625042
1652;-1678,4969482421875;69,7042236328125;79282,6796875;-175,69227600097656;-96,65902709960938;-19,389503479003906;0,5607187151908875;0,21423806250095367;0,18104082345962524;0,010509826242923737
1653;-1678,4969482421875;69,7042236328125;79282,6796875;-218,7557830810547;-115,41995239257812;-24,696277618408203;0,5564078688621521;0,21156008541584015;0,17861497402191162;0,01036405935883522
1654;-1678,4969482421875;69,7042236328125;79282,6796875;-164,4477081298828;-103,99250030517578;-17,31827163696289;0,5604600310325623;0,21152999997138977;0,1786995679140091;0,010407624766230583
1655;-1678,4969482421875;69,7042236328125;79282,6796875;-169,5391082763672;-98,3779067993164;-19,032840728759766;0,5500402450561523;0,20378343760967255;0,17368391156196594;0,0100838178768754
1656;-1678,4969482421875;69,7042236328125;79282,6796875;-124,00403594970703;-87,78900909423828;-14,09713363647461;0,5807397365570068;0,2167942225933075;0,18256503343582153;0,010782892815768719
1657;-1678,4969482421875;69,7042236328125;79282,6796875;-165,8927764892578;-88,9881362915039;-19,922019958496094;0,5625046491622925;0,20522849261760712;0,1748482882976532;0,010262842290103436
1658;-1678,4969482421875;69,7042236328125;79282,6796875;-112,25552368164062;-93,93584442138672;-14,590904235839844;0,5694745779037476;0,21140016615390778;0,17638422548770905;0,010406916961073875
1659;-1678,4969482421875;69,7042236328125;79282,6796875;-168,31678771972656;-96,03621673583984;-20,4300594329834;0,5547614693641663;0,201949343085289;0,1699000597000122;0,009974272921681404
1660;-1678,4969482421875;69,7042236328125;79282,6796875;-167,64138793945312;-102,75758361816406;-21,491525650024414;0,5680952072143555;0,21095743775367737;0,17328353226184845;0,010265801101922989
1661;-1678,4969482421875;69,7042236328125;79282,6796875;-150,21376037597656;-97,10765075683594;-19,826576232910156;0,5527104735374451;0,20307126641273499;0,16688662767410278;0,009826281107962132
1662;-1678,4969482421875;69,7042236328125;79282,6796875;-131,8006591796875;-90,49443817138672;-17,498769760131836;0,5540739893913269;0,20245014131069183;0,16572915017604828;0,009788362309336662
1663;-1678,4969482421875;69,7042236328125;79282,6796875;-156,3002471923828;-97,92970275878906;-20,66238021850586;0,5527289509773254;0,1921837329864502;0,16248391568660736;0,00961234513670206
1664;-1678,4969482421875;69,7042236328125;79282,6796875;-168,21517944335938;-94,48748779296875;-23,4306640625;0,5267524719238281;0,18084192276000977;0,15317896008491516;0,00892320740967989
1665;-1678,4969482421875;69,7042236328125;79282,6796875;-156,22787475585938;-97,60977172851562;-22,424440383911133;0,5503706932067871;0,19453687965869904;0,15941017866134644;0,009459360502660275
1666;-1678,4969482421875;69,7042236328125;79282,6796875;-133,43389892578125;-75,83393096923828;-20,114845275878906;0,5597014427185059;0,19757536053657532;0,1606421321630478;0,00960501842200756
1667;-1678,4969482421875;69,7042236328125;79282,6796875;-177,90379333496094;-93,3763656616211;-25,45874786376953;0,5643288493156433;0,2043062150478363;0,16122940182685852;0,009683890268206596
1668;-1678,4969482421875;69,7042236328125;79282,6796875;-169,29537963867188;-93,5110092163086;-24,557254791259766;0,568389356136322;0,21724534034729004;0,16257378458976746;0,009776059538125992
1669;-1678,4969482421875;69,7042236328125;79282,6796875;-159,14292907714844;-92,66648864746094;-23,712770462036133;0,5770102739334106;0,21020396053791046;0,16216011345386505;0,009838118217885494
1670;-1678,4969482421875;69,7042236328125;79282,6796875;-162,1805877685547;-107,17886352539062;-24,56352424621582;0,5860593914985657;0,2094850093126297;0,1627608984708786;0,009938069619238377
1671;-1678,4969482421875;69,7042236328125;79282,6796875;-139,74505615234375;-101,66230773925781;-21,928730010986328;0,5843226909637451;0,22124339640140533;0,16262362897396088;0,00990609172731638
1672;-1678,4969482421875;69,7042236328125;79282,6796875;-170,94203186035156;-104,73946380615234;-25,81588363647461;0,5794660449028015;0,21623003482818604;0,15957215428352356;0,009702193550765514
1673;-1678,4969482421875;69,7042236328125;79282,6796875;-163,30784606933594;-107,65779876708984;-25,419294357299805;0,5881143808364868;0,21351902186870575;0,159960076212883;0,009780479595065117
1674;-1678,4969482421875;69,7042236328125;79282,6796875;-164,307861328125;-104,91949462890625;-25,25562858581543;0,5766238570213318;0,21105651557445526;0,1559670865535736;0,00945865549147129
1675;-1678,4969482421875;69,7042236328125;79282,6796875;-147,3239288330078;-101,87872314453125;-23,930679321289062;0,5997751951217651;0,22538501024246216;0,16194941103458405;0,009932875633239746
1676;-1678,4969482421875;69,7042236328125;79282,6796875;-203,56710815429688;-128,68865966796875;-31,253061294555664;0,6005669236183167;0,21402086317539215;0,15973708033561707;0,009795132093131542
1677;-1678,4969482421875;69,7042236328125;79282,6796875;-197,00856018066406;-134,04818725585938;-31,326807022094727;0,5974723100662231;0,21149630844593048;0,1579286754131317;0,009639806114137173
1678;-1678,4969482421875;69,7042236328125;79282,6796875;-201,44776916503906;-141,7260284423828;-31,8139705657959;0,6104950904846191;0,2266273945569992;0,1619524359703064;0,009917350485920906
1679;-1678,4969482421875;69,7042236328125;79282,6796875;-196,2930145263672;-143,28811645507812;-31,894908905029297;0,6237179636955261;0,22754807770252228;0,16436201333999634;0,010097009129822254
1680;-1678,4969482421875;69,7042236328125;79282,6796875;-174,92800903320312;-151,74899291992188;-28,20435905456543;0,5952617526054382;0,20686335861682892;0,1552048772573471;0,009333484806120396
1681;-1678,4969482421875;69,7042236328125;79282,6796875;-207,84918212890625;-163,69642639160156;-32,44661331176758;0,6188642978668213;0,2212456613779068;0,1617567539215088;0,009806714951992035
1682;-1678,4969482421875;69,7042236328125;79282,6796875;-223,26129150390625;-165,3940887451172;-34,83591079711914;0,617081880569458;0,2159162014722824;0,16059108078479767;0,00966020580381155
1683;-1678,4969482421875;69,7042236328125;79282,6796875;-211,8788604736328;-174,7593994140625;-33,3639030456543;0,6017876863479614;0,20279240608215332;0,15574990212917328;0,009204071015119553
1684;-1678,4969482421875;69,7042236328125;79282,6796875;-209,23898315429688;-171,59188842773438;-33,35586929321289;0,5932033658027649;0,1861952543258667;0,15229615569114685;0,008836014196276665
1685;-1678,4969482421875;69,7042236328125;79282,6796875;-241,0780792236328;-187,28692626953125;-37,78632736206055;0,5916434526443481;0,18680782616138458;0,15229889750480652;0,008747815154492855
1686;-1678,4969482421875;69,7042236328125;79282,6796875;-242,0575714111328;-199,35980224609375;-37,50148391723633;0,6035820841789246;0,19908663630485535;0,15658201277256012;0,008998900651931763
1687;-1678,4969482421875;69,7042236328125;79282,6796875;-254,9127960205078;-202,0592803955078;-39,11428451538086;0,6047857999801636;0,1826643943786621;0,15595339238643646;0,008807441219687462
1688;-1678,4969482421875;69,7042236328125;79282,6796875;-218,06137084960938;-211,4490966796875;-34,13240051269531;0,6106945872306824;0,19705630838871002;0,159229576587677;0,008974488824605942
1689;-1678,4969482421875;69,7042236328125;79282,6796875;-230,2276153564453;-217,80426025390625;-35,36527633666992;0,6134193539619446;0,20470108091831207;0,16131135821342468;0,009019833989441395
1690;-1678,4969482421875;69,7042236328125;79282,6796875;-274,4403076171875;-228,77345275878906;-40,61602783203125;0,6134200692176819;0,2071094810962677;0,16241906583309174;0,008975866250693798
1691;-1678,4969482421875;69,7042236328125;79282,6796875;-275,8677062988281;-237,12017822265625;-40,7864990234375;0,6074246764183044;0,18965952098369598;0,1606191247701645;0,008671039715409279
1692;-1678,4969482421875;69,7042236328125;79282,6796875;-243,24227905273438;-246,956787109375;-36,11353302001953;0,6010814905166626;0,19363132119178772;0,16046826541423798;0,008531250059604645
1693;-1678,4969482421875;69,7042236328125;79282,6796875;-268,24658203125;-256,2525634765625;-39,197410583496094;0,6294150352478027;0,21242205798625946;0,16996854543685913;0,009114176966249943
1694;-1678,4969482421875;69,7042236328125;79282,6796875;-278,9146728515625;-265,78680419921875;-40,354305267333984;0,6388595104217529;0,2064381241798401;0,1732105016708374;0,009177044034004211
1695;-1678,4969482421875;69,7042236328125;79282,6796875;-257,7335510253906;-277,590087890625;-37,28215026855469;0,618441641330719;0,19978639483451843;0,16902779042720795;0,008715827018022537
1696;-1678,4969482421875;69,7042236328125;79282,6796875;-246,1703338623047;-286,1553649902344;-35,33841323852539;0,607260525226593;0,1952495127916336;0,16731567680835724;0,008431230671703815
1697;-1678,4969482421875;69,7042236328125;79282,6796875;-279,70733642578125;-293,5144958496094;-41,0724983215332;0,6032560467720032;0,18909287452697754;0,167427197098732;0,008266763761639595
1698;-1678,4969482421875;69,7042236328125;79282,6796875;-235,79644775390625;-319,4951171875;-33,74514389038086;0,6006472110748291;0,17995110154151917;0,16778290271759033;0,0080970898270607
1699;-1678,4969482421875;69,7042236328125;79282,6796875;-285,2504577636719;-319,5650634765625;-40,684226989746094;0,5943464636802673;0,1797606199979782;0,16768422722816467;0,007942778058350086
1700;-1678,4969482421875;69,7042236328125;79282,6796875;-252,24301147460938;-340,515625;-36,11057662963867;0,6029278635978699;0,17710070312023163;0,17148876190185547;0,008022516034543514
1701;-1678,4969482421875;69,7042236328125;79282,6796875;-277,4523620605469;-342,2849426269531;-39,050209045410156;0,5813205242156982;0,16971108317375183;0,16689972579479218;0,0075457836501300335
1702;-1678,4969482421875;69,7042236328125;79282,6796875;-248,81820678710938;-358,7716064453125;-34,357513427734375;0,5943042039871216;0,1735062152147293;0,172250434756279;0,007760251872241497
1703;-1678,4969482421875;69,7042236328125;79282,6796875;-212,28173828125;-373,716796875;-28,99192237854004;0,5525310039520264;0,15746332705020905;0,16154606640338898;0,006848071236163378
1704;-1678,4969482421875;69,7042236328125;79282,6796875;-230,08251953125;-394,7265319824219;-30,615825653076172;0,5617210865020752;0,14643236994743347;0,16551432013511658;0,0068669929169118404
1705;-1678,4969482421875;69,7042236328125;79282,6796875;-217,73611450195312;-399,24652099609375;-28,73739242553711;0,5708099603652954;0,15841953456401825;0,16999788582324982;0,007107303477823734
1706;-1678,4969482421875;69,7042236328125;79282,6796875;-226,52772521972656;-414,2027282714844;-29,22811508178711;0,5639038681983948;0,1543681025505066;0,16949041187763214;0,006915109232068062
1707;-1678,4969482421875;69,7042236328125;79282,6796875;-147,30467224121094;-433,10931396484375;-18,259159088134766;0,5612610578536987;0,1534259021282196;0,1702147275209427;0,006823074072599411
1708;-1678,4969482421875;69,7042236328125;79282,6796875;-163,3277587890625;-450,91375732421875;-20,13402557373047;0,5848017930984497;0,15816785395145416;0,17896480858325958;0,0072322748601436615
1709;-1678,4969482421875;69,7042236328125;79282,6796875;-162,150390625;-457,0787353515625;-19,218589782714844;0,5542778372764587;0,14987555146217346;0,17112672328948975;0,006602521054446697
1710;-1678,4969482421875;69,7042236328125;79282,6796875;-179,90223693847656;-468,783447265625;-21,403289794921875;0,5603774785995483;0,15650224685668945;0,17449964582920074;0,006745316553860903
1711;-1678,4969482421875;69,7042236328125;79282,6796875;-148,05523681640625;-484,30029296875;-16,374343872070312;0,5559741854667664;0,15211094915866852;0,17457503080368042;0,0065924059599637985
1712;-1678,4969482421875;69,7042236328125;79282,6796875;-115,55120849609375;-482,62646484375;-11,452635765075684;0,5474082827568054;0,15281854569911957;0,17321398854255676;0,006422718986868858
1713;-1678,4969482421875;69,7042236328125;79282,6796875;-110,6219711303711;-518,491455078125;-9,43778133392334;0,5492961406707764;0,15528301894664764;0,1751362383365631;0,0064526027999818325
1714;-1678,4969482421875;69,7042236328125;79282,6796875;-136,7752685546875;-523,2698364257812;-13,434948921203613;0,5529811382293701;0,16255155205726624;0,1774604618549347;0,006559746339917183
1715;-1678,4969482421875;69,7042236328125;79282,6796875;-57,67304611206055;-546,6498413085938;-1,9489578008651733;0,5471817255020142;0,16432350873947144;0,17665334045886993;0,006437538657337427
1716;-1678,4969482421875;69,7042236328125;79282,6796875;-52,13471984863281;-560,9067993164062;-0,7724244594573975;0,5409075021743774;0,1566430926322937;0,17607462406158447;0,006240200251340866
1717;-1678,4969482421875;69,7042236328125;79282,6796875;-36,277198791503906;-575,3948974609375;1,7951974868774414;0,5444391369819641;0,1632160246372223;0,17808660864830017;0,0063405949622392654
1718;-1678,4969482421875;69,7042236328125;79282,6796875;-12,165053367614746;-596,910400390625;6,137166500091553;0,5417688488960266;0,1623908430337906;0,17832578718662262;0,006265166215598583
1719;-1678,4969482421875;69,7042236328125;79282,6796875;28,560203552246094;-603,4948120117188;12,015908241271973;0,5461359024047852;0,16719985008239746;0,18054500222206116;0,0063645197078585625
1720;-1678,4969482421875;69,7042236328125;79282,6796875;16,344810485839844;-621,2943115234375;10,555245399475098;0,5404003262519836;0,1658065915107727;0,17968244850635529;0,006233000196516514
1721;-1678,4969482421875;69,7042236328125;79282,6796875;57,12420654296875;-641,5789184570312;16,06336212158203;0,5412269830703735;0,16934186220169067;0,18057706952095032;0,006258503999561071
1722;-1678,4969482421875;69,7042236328125;79282,6796875;21,45270538330078;-635,7830200195312;12,405076026916504;0,5314821004867554;0,16695506870746613;0,17826560139656067;0,006047794595360756
1723;-1678,4969482421875;69,7042236328125;79282,6796875;52,53688049316406;-660,0693359375;16,905010223388672;0,5243472456932068;0,16647349298000336;0,1765860617160797;0,005895691458135843
1724;-1678,4969482421875;69,7042236328125;79282,6796875;85,44234466552734;-684,4967651367188;21,60032844543457;0,5376162528991699;0,17311906814575195;0,18160289525985718;0,006186915561556816
1725;-1678,4969482421875;69,7042236328125;79282,6796875;98,7032699584961;-695,1831665039062;23,810213088989258;0,5291541814804077;0,17293104529380798;0,17917072772979736;0,006016039289534092
1726;-1678,4969482421875;69,7042236328125;79282,6796875;93,23665618896484;-710,5018920898438;23,69939422607422;0,5604800581932068;0,1861025094985962;0,19000007212162018;0,0066887252032756805
1727;-1678,4969482421875;69,7042236328125;79282,6796875;49,67570877075195;-704,6475219726562;18,18037223815918;0,537814199924469;0,1797640025615692;0,18350888788700104;0,006218023132532835
1728;-1678,4969482421875;69,7042236328125;79282,6796875;67,15290069580078;-715,0545654296875;21,300750732421875;0,5300835371017456;0,18044467270374298;0,1803790181875229;0,006071026436984539
1729;-1678,4969482421875;69,7042236328125;79282,6796875;12,394978523254395;-715,9717407226562;14,049185752868652;0,5070587396621704;0,17464616894721985;0,1744973510503769;0,005572647321969271
1730;-1678,4969482421875;69,7042236328125;79282,6796875;-18,36347770690918;-708,5099487304688;10,444592475891113;0,4804205000400543;0,16790297627449036;0,16418002545833588;0,0049523478373885155
1731;-1678,4969482421875;69,7042236328125;79282,6796875;53,76713562011719;-736,49267578125;20,50111198425293;0,557685136795044;0,19570934772491455;0,18839727342128754;0,006622071843594313
1732;-1678,4969482421875;69,7042236328125;79282,6796875;14,106258392333984;-735,3729248046875;15,309752464294434;0,5504792928695679;0,19600583612918854;0,186807781457901;0,006544048897922039
1733;-1678,4969482421875;69,7042236328125;79282,6796875;-60,19232940673828;-726,03173828125;5,052134990692139;0,5349295735359192;0,1912810206413269;0,18068654835224152;0,006151372566819191
1734;-1678,4969482421875;69,7042236328125;79282,6796875;-27,508541107177734;-748,3110961914062;10,095471382141113;0,5132941007614136;0,19117313623428345;0,17617584764957428;0,00585941644385457
1735;-1678,4969482421875;69,7042236328125;79282,6796875;-63,277957916259766;-745,175537109375;5,768949508666992;0,5148570537567139;0,1925131231546402;0,17561620473861694;0,005896489601582289
1736;-1678,4969482421875;69,7042236328125;79282,6796875;-34,57475280761719;-752,6421508789062;10,293807983398438;0,5206440687179565;0,19804084300994873;0,17761766910552979;0,0060663288459181786
1737;-1678,4969482421875;69,7042236328125;79282,6796875;-74,08440399169922;-756,554931640625;4,249447345733643;0,5404602885246277;0,20552124083042145;0,18303394317626953;0,006490771193057299
1738;-1678,4969482421875;69,7042236328125;79282,6796875;-92,87223815917969;-758,5392456054688;2,082350254058838;0,5594696402549744;0,21305252611637115;0,18828678131103516;0,006892072502523661
1739;-1678,4969482421875;69,7042236328125;79282,6796875;-57,54574203491211;-771,58984375;7,3615875244140625;0,5429511070251465;0,21385066211223602;0,18368475139141083;0,0066391522996127605
1740;-1678,4969482421875;69,7042236328125;79282,6796875;-55,70053482055664;-769,3292846679688;7,702553749084473;0,5532392263412476;0,219090074300766;0,18615573644638062;0,006875809282064438
1741;-1678,4969482421875;69,7042236328125;79282,6796875;-25,88921546936035;-779,7709350585938;11,31873607635498;0,5446332097053528;0,22006793320178986;0,18313924968242645;0,006748389918357134
1742;-1678,4969482421875;69,7042236328125;79282,6796875;-70,0615234375;-773,7089233398438;6,001403331756592;0,5548369288444519;0,22249607741832733;0,1847255676984787;0,006951810326427221
1743;-1678,4969482421875;69,7042236328125;79282,6796875;-105,64736938476562;-759,3836059570312;0,4752444922924042;0,5938659906387329;0,23625777661800385;0,19577312469482422;0,007748711854219437
1744;-1678,4969482421875;69,7042236328125;79282,6796875;-177,1895751953125;-749,5908203125;-9,36880874633789;0,5604179501533508;0,2324274480342865;0,18576297163963318;0,0071883187629282475
1745;-1678,4969482421875;69,7042236328125;79282,6796875;-141,30914306640625;-758,2273559570312;-4,714174270629883;0,5797683000564575;0,24340490996837616;0,19134290516376495;0,007634797133505344
1746;-1678,4969482421875;69,7042236328125;79282,6796875;-148,8922119140625;-759,0995483398438;-6,3057661056518555;0,5854133367538452;0,2388046532869339;0,1899743229150772;0,007679909933358431
1747;-1678,4969482421875;69,7042236328125;79282,6796875;-129,7799835205078;-756,748779296875;-3,2065107822418213;0,5687045454978943;0,241706982254982;0,1852908581495285;0,007472485303878784
1748;-1678,4969482421875;69,7042236328125;79282,6796875;-183,76095581054688;-746,810302734375;-10,490203857421875;0,5770122408866882;0,24615558981895447;0,18664759397506714;0,007678265683352947
1749;-1678,4969482421875;69,7042236328125;79282,6796875;-127,14298248291016;-764,5177001953125;-4,344156742095947;0,5804950594902039;0,24872630834579468;0,18636372685432434;0,00778106227517128
1750;-1678,4969482421875;69,7042236328125;79282,6796875;-154,96405029296875;-750,4705810546875;-7,927616119384766;0,58771151304245;0,24933822453022003;0,1865103542804718;0,00792026799172163
1751;-1678,4969482421875;69,7042236328125;79282,6796875;-154,94879150390625;-747,6785888671875;-8,791803359985352;0,5837488174438477;0,25694572925567627;0,1856527179479599;0,007976183667778969
1752;-1678,4969482421875;69,7042236328125;79282,6796875;-196,5821533203125;-739,492431640625;-15,207788467407227;0,5981941819190979;0,25672003626823425;0,1871495246887207;0,008223986253142357
1753;-1678,4969482421875;69,7042236328125;79282,6796875;-173,50489807128906;-746,0241088867188;-12,416685104370117;0,5806441903114319;0,2559988498687744;0,18145886063575745;0,007970334030687809
1754;-1678,4969482421875;69,7042236328125;79282,6796875;-192,3301544189453;-748,13330078125;-15,128826141357422;0,6197670102119446;0,2659514248371124;0,19040849804878235;0,008721889927983284
1755;-1678,4969482421875;69,7042236328125;79282,6796875;-193,43743896484375;-744,8838500976562;-16,03273582458496;0,6010969877243042;0,26314377784729004;0,18408077955245972;0,008434527553617954
1756;-1678,4969482421875;69,7042236328125;79282,6796875;-194,7803955078125;-749,3883056640625;-15,137210845947266;0,6024643182754517;0,27249038219451904;0,18463806807994843;0,008604421280324459
1757;-1678,4969482421875;69,7042236328125;79282,6796875;-198,74542236328125;-743,4142456054688;-17,150833129882812;0,6211992502212524;0,2764955461025238;0,18775372207164764;0,00897751934826374
1758;-1678,4969482421875;69,7042236328125;79282,6796875;-186,8091278076172;-745,520263671875;-15,136804580688477;0,6413757801055908;0,28759482502937317;0,19254498183727264;0,009453865699470043
1759;-1678,4969482421875;69,7042236328125;79282,6796875;-216,14553833007812;-741,1441650390625;-20,030214309692383;0,6262199282646179;0,2875610291957855;0,18774141371250153;0,009264163672924042
1760;-1678,4969482421875;69,7042236328125;79282,6796875;-182,22515869140625;-739,586181640625;-15,778401374816895;0,6363133788108826;0,29812493920326233;0,19032250344753265;0,009575307369232178
1761;-1678,4969482421875;69,7042236328125;79282,6796875;-171,24342346191406;-743,7982177734375;-14,420801162719727;0,6504657864570618;0,30985912680625916;0,19396091997623444;0,009958870708942413
1762;-1678,4969482421875;69,7042236328125;79282,6796875;-169,3043975830078;-742,2942504882812;-15,179097175598145;0,6337324380874634;0,3093579113483429;0,18897445499897003;0,009735040366649628
1763;-1678,4969482421875;69,7042236328125;79282,6796875;-170,605712890625;-723,3214721679688;-14,90977668762207;0,6362324357032776;0,31565675139427185;0,18929074704647064;0,00988086313009262
1764;-1678,4969482421875;69,7042236328125;79282,6796875;-217,3673553466797;-725,1742553710938;-21,638912200927734;0,6556452512741089;0,31277430057525635;0,1910834163427353;0,010237486101686954
1765;-1678,4969482421875;69,7042236328125;79282,6796875;-199,41297912597656;-710,074951171875;-19,741193771362305;0,6724010109901428;0,3284498453140259;0,19612233340740204;0,010704150423407555
1766;-1678,4969482421875;69,7042236328125;79282,6796875;-193,7085418701172;-702,4194946289062;-19,926456451416016;0,6692177653312683;0,33610251545906067;0,1957596093416214;0,010772076435387135
1767;-1678,4969482421875;69,7042236328125;79282,6796875;-211,7390594482422;-694,5079345703125;-22,622364044189453;0,6568334698677063;0,32794860005378723;0,19057264924049377;0,010572527535259724
1768;-1678,4969482421875;69,7042236328125;79282,6796875;-216,32363891601562;-691,2821044921875;-22,88410758972168;0,6662588119506836;0,3384433686733246;0,19337497651576996;0,010875272564589977
1769;-1678,4969482421875;69,7042236328125;79282,6796875;-225,7993927001953;-678,68994140625;-24,970752716064453;0,6637521386146545;0,3328408896923065;0,1908167153596878;0,010862872935831547
1770;-1678,4969482421875;69,7042236328125;79282,6796875;-235,65335083007812;-664,0574951171875;-26,594314575195312;0,6633884906768799;0,34465619921684265;0,1922300010919571;0,011008701287209988
1771;-1678,4969482421875;69,7042236328125;79282,6796875;-221,84188842773438;-662,22900390625;-24,641035079956055;0,6381517648696899;0,3362240493297577;0,1851048469543457;0,010582157410681248
1772;-1678,4969482421875;69,7042236328125;79282,6796875;-227,12548828125;-647,6644287109375;-25,62030792236328;0,6446458101272583;0,32832568883895874;0,18418455123901367;0,010716389864683151
1773;-1678,4969482421875;69,7042236328125;79282,6796875;-292,0784606933594;-635,6183471679688;-33,857086181640625;0,6600662469863892;0,3270352780818939;0,18643324077129364;0,011041441932320595
1774;-1678,4969482421875;69,7042236328125;79282,6796875;-324,4222106933594;-614,5372314453125;-39,415855407714844;0,6483721733093262;0,33709195256233215;0,1857730597257614;0,010997957549989223
1775;-1678,4969482421875;69,7042236328125;79282,6796875;-284,5931701660156;-613,7891235351562;-33,70616149902344;0,6417233347892761;0,3343449532985687;0,18376432359218597;0,010934462770819664
1776;-1678,4969482421875;69,7042236328125;79282,6796875;-296,72198486328125;-612,9863891601562;-35,12384033203125;0,65254807472229;0,3356058597564697;0,18598607182502747;0,011212379671633244
1777;-1678,4969482421875;69,7042236328125;79282,6796875;-296,21221923828125;-605,8118896484375;-35,71603012084961;0,6601251363754272;0,343049019575119;0,18883362412452698;0,011477485299110413
1778;-1678,4969482421875;69,7042236328125;79282,6796875;-331,6145324707031;-581,1084594726562;-40,42543029785156;0,6546815633773804;0,3383713364601135;0,1871432662010193;0,011428498663008213
1779;-1678,4969482421875;69,7042236328125;79282,6796875;-364,1722717285156;-561,5287475585938;-44,64305114746094;0,6354400515556335;0,33398640155792236;0,18290165066719055;0,011129326187074184
1780;-1678,4969482421875;69,7042236328125;79282,6796875;-350,22760009765625;-564,880859375;-42,680301666259766;0,6500195264816284;0,33942368626594543;0,1871369183063507;0,01150980219244957
1781;-1678,4969482421875;69,7042236328125;79282,6796875;-342,6284484863281;-546,1405639648438;-42,18413162231445;0,6482131481170654;0,3326033055782318;0,18620774149894714;0,011508673429489136
1782;-1678,4969482421875;69,7042236328125;79282,6796875;-336,0982971191406;-541,9708251953125;-41,29150390625;0,6553860902786255;0,3316440284252167;0,18823754787445068;0,011710407212376595
1783;-1678,4969482421875;69,7042236328125;79282,6796875;-367,7404479980469;-531,1304931640625;-45,295860290527344;0,6466138362884521;0,32939544320106506;0,18686163425445557;0,011616821400821209
1784;-1678,4969482421875;69,7042236328125;79282,6796875;-396,4990539550781;-528,5181884765625;-47,2462043762207;0,6498779654502869;0,3262557089328766;0,1880161315202713;0,011732383631169796
1785;-1678,4969482421875;69,7042236328125;79282,6796875;-401,9351806640625;-516,7762451171875;-48,11563491821289;0,6493439674377441;0,33480948209762573;0,19012343883514404;0,011864605359733105
1786;-1678,4969482421875;69,7042236328125;79282,6796875;-433,6796875;-502,7052917480469;-52,86784744262695;0,6381577253341675;0,32378461956977844;0,18717637658119202;0,011659593321383
1787;-1678,4969482421875;69,7042236328125;79282,6796875;-414,52978515625;-499,89532470703125;-50,49134826660156;0,6650965809822083;0,3399278223514557;0,19659438729286194;0,012354440055787563
1788;-1678,4969482421875;69,7042236328125;79282,6796875;-403,7093505859375;-488,6264953613281;-48,6992301940918;0,6283997893333435;0,3130529224872589;0,18590199947357178;0,011548565700650215
1789;-1678,4969482421875;69,7042236328125;79282,6796875;-418,4996032714844;-465,7258605957031;-51,38039016723633;0,6343701481819153;0,32634177803993225;0,1901915818452835;0,01182765606790781
1790;-1678,4969482421875;69,7042236328125;79282,6796875;-384,9214782714844;-458,07525634765625;-47,02941131591797;0,6363615989685059;0,32431507110595703;0,19170421361923218;0,011926217935979366
1791;-1678,4969482421875;69,7042236328125;79282,6796875;-400,6983337402344;-452,8839416503906;-49,12558364868164;0,6296988725662231;0,32059964537620544;0,1909739375114441;0,011843734420835972
1792;-1678,4969482421875;69,7042236328125;79282,6796875;-385,8232116699219;-454,784423828125;-45,84504699707031;0,6178612112998962;0,3127468228340149;0,18850374221801758;0,011629528366029263
1793;-1678,4969482421875;69,7042236328125;79282,6796875;-398,87457275390625;-447,5281066894531;-47,786376953125;0,601984977722168;0,30229613184928894;0,1847187876701355;0,0113157257437706
1794;-1678,4969482421875;69,7042236328125;79282,6796875;-377,29150390625;-444,41082763671875;-45,2314453125;0,606435239315033;0,29813382029533386;0,18681730329990387;0,011444446630775928
1795;-1678,4969482421875;69,7042236328125;79282,6796875;-377,3551940917969;-441,4544982910156;-44,01445007324219;0,5886147022247314;0,2891920804977417;0,18261146545410156;0,011088418774306774
1796;-1678,4969482421875;69,7042236328125;79282,6796875;-358,1471252441406;-422,16094970703125;-42,24478530883789;0,5943523049354553;0,2955833673477173;0,18595750629901886;0,011297077871859074
1797;-1678,4969482421875;69,7042236328125;79282,6796875;-404,66192626953125;-426,33770751953125;-45,748477935791016;0,5934667587280273;0,29490578174591064;0,18690428137779236;0,011326887644827366
1798;-1678,4969482421875;69,7042236328125;79282,6796875;-350,27520751953125;-434,3038330078125;-40,034523010253906;0,5799878239631653;0,28415265679359436;0,18355891108512878;0,011041741818189621
1799;-1678,4969482421875;69,7042236328125;79282,6796875;-348,64593505859375;-427,5335388183594;-37,941139221191406;0,5900112390518188;0,28473761677742004;0,18764302134513855;0,011308626271784306
1800;-1678,4969482421875;69,7042236328125;79282,6796875;-362,81982421875;-428,53875732421875;-40,09709167480469;0,5972850918769836;0,2901574671268463;0,19118671119213104;0,011525520123541355
1801;-1678,4969482421875;69,7042236328125;79282,6796875;-294,22650146484375;-399,38641357421875;-31,984169006347656;0,6114152073860168;0,29128918051719666;0,19652847945690155;0,011881152167916298
1802;-1678,4969482421875;69,7042236328125;79282,6796875;-316,80419921875;-392,5704345703125;-33,79399490356445;0,5947917699813843;0,27938905358314514;0,1920526772737503;0,011516244150698185
1803;-1678,4969482421875;69,7042236328125;79282,6796875;-282,25244140625;-369,9190979003906;-29,254127502441406;0,6062105894088745;0,2813499867916107;0,1966046243906021;0,011809135787189007
1804;-1678,4969482421875;69,7042236328125;79282,6796875;-297,78466796875;-390,2926330566406;-29,952762603759766;0,5876503586769104;0,2695532441139221;0,1913963258266449;0,011391140520572662
1805;-1678,4969482421875;69,7042236328125;79282,6796875;-273,5409240722656;-353,9111633300781;-26,913362503051758;0,6064898371696472;0,27277451753616333;0,1983054131269455;0,01185049582272768
1806;-1678,4969482421875;69,7042236328125;79282,6796875;-281,45068359375;-346,9490661621094;-27,889259338378906;0,5872273445129395;0,2616211771965027;0,19272480905056;0,011409427039325237
1807;-1678,4969482421875;69,7042236328125;79282,6796875;-269,342529296875;-339,3359680175781;-25,825023651123047;0,59258633852005;0,263692706823349;0,1950584203004837;0,01155801024287939
1808;-1678,4969482421875;69,7042236328125;79282,6796875;-255,0177764892578;-333,3537292480469;-25,223161697387695;0,5784072875976562;0,25443705916404724;0,190933957695961;0,011227680370211601
1809;-1678,4969482421875;69,7042236328125;79282,6796875;-319,7544860839844;-350,34344482421875;-31,722322463989258;0,5857488512992859;0,25300949811935425;0,19398188591003418;0,01141093298792839
1810;-1678,4969482421875;69,7042236328125;79282,6796875;-304,0924072265625;-331,5003967285156;-29,619897842407227;0,585141122341156;0,24885138869285583;0,19436131417751312;0,01139131747186184
1811;-1678,4969482421875;69,7042236328125;79282,6796875;-322,80035400390625;-328,59375;-32,598045349121094;0,6058011054992676;0,2574879825115204;0,2012902796268463;0,011904077604413033
1812;-1678,4969482421875;69,7042236328125;79282,6796875;-279,63555908203125;-311,19964599609375;-27,43661880493164;0,573173463344574;0,23958268761634827;0,19104500114917755;0,011102130636572838
1813;-1678,4969482421875;69,7042236328125;79282,6796875;-258,55810546875;-284,2686462402344;-24,525318145751953;0,5476905703544617;0,23021799325942993;0,18171429634094238;0,010469571687281132
1814;-1678,4969482421875;69,7042236328125;79282,6796875;-278,9300537109375;-287,3185119628906;-26,89449691772461;0,5692201256752014;0,23412340879440308;0,19015540182590485;0,010991404764354229
1815;-1678,4969482421875;69,7042236328125;79282,6796875;-252,6763916015625;-263,4377136230469;-24,0661563873291;0,5759080052375793;0,23586612939834595;0,19177843630313873;0,0111575648188591
1816;-1678,4969482421875;69,7042236328125;79282,6796875;-226,05780029296875;-232,5782928466797;-20,54349136352539;0,564041256904602;0,22905725240707397;0,18711026012897491;0,010838163085281849
1817;-1678,4969482421875;69,7042236328125;79282,6796875;-267,7875061035156;-246,7055206298828;-26,15117645263672;0,5597718954086304;0,2253628820180893;0,1857413947582245;0,010730125941336155
1818;-1678,4969482421875;69,7042236328125;79282,6796875;-235,81040954589844;-228,40863037109375;-24,44865608215332;0,5757222771644592;0,23039153218269348;0,19107048213481903;0,011105094105005264
1819;-1678,4969482421875;69,7042236328125;79282,6796875;-229,5106201171875;-211,59901428222656;-21,818437576293945;0,5621709823608398;0,22037167847156525;0,1847095638513565;0,010682889260351658
1820;-1678,4969482421875;69,7042236328125;79282,6796875;-221,6087646484375;-204,85020446777344;-20,411317825317383;0,568889856338501;0,2233349084854126;0,18739430606365204;0,010875031352043152
1821;-1678,4969482421875;69,7042236328125;79282,6796875;-229,22544860839844;-206,82203674316406;-22,704273223876953;0,5697343349456787;0,2209138721227646;0,18669159710407257;0,0108503932133317
1822;-1678,4969482421875;69,7042236328125;79282,6796875;-260,1741027832031;-231,06893920898438;-26,47551155090332;0,5709537863731384;0,22112125158309937;0,18677905201911926;0,01086703222244978
1823;-1678,4969482421875;69,7042236328125;79282,6796875;-241,72830200195312;-214,4760284423828;-24,1207275390625;0,5650603771209717;0,21738067269325256;0,18404826521873474;0,010687511414289474
1824;-1678,4969482421875;69,7042236328125;79282,6796875;-202,13241577148438;-197,36058044433594;-20,03577423095703;0,564513087272644;0,21391604840755463;0,18254174292087555;0,010612668469548225
1825;-1678,4969482421875;69,7042236328125;79282,6796875;-228,92250061035156;-196,84030151367188;-24,20011329650879;0,5424767136573792;0,20305146276950836;0,17422710359096527;0,010028425604104996
1826;-1678,4969482421875;69,7042236328125;79282,6796875;-227,98519897460938;-197,39561462402344;-23,110332489013672;0,558598518371582;0,20888030529022217;0,17860442399978638;0,01038398314267397
1827;-1678,4969482421875;69,7042236328125;79282,6796875;-210,00726318359375;-199,40420532226562;-20,875478744506836;0,5775707364082336;0,21613503992557526;0,18379338085651398;0,010801331140100956
1828;-1678,4969482421875;69,7042236328125;79282,6796875;-171,41905212402344;-196,54696655273438;-17,520051956176758;0,5464765429496765;0,2034136950969696;0,1727343648672104;0,010005926713347435
1829;-1678,4969482421875;69,7042236328125;79282,6796875;-198,00462341308594;-200,7903289794922;-21,63718032836914;0,5780088305473328;0,2169608622789383;0,18190670013427734;0,010731219314038754
1830;-1678,4969482421875;69,7042236328125;79282,6796875;-216,23681640625;-199,86712646484375;-23,824291229248047;0,5595309138298035;0,2085055112838745;0,17465929687023163;0,010231487452983856
1831;-1678,4969482421875;69,7042236328125;79282,6796875;-183,65036010742188;-212,19970703125;-21,084962844848633;0,5647879242897034;0,20898441970348358;0,17480984330177307;0,010293200612068176
1832;-1678,4969482421875;69,7042236328125;79282,6796875;-188,99517822265625;-206,63597106933594;-21,505863189697266;0,5693835616111755;0,2122572958469391;0,1751757115125656;0,010359360836446285
1833;-1678,4969482421875;69,7042236328125;79282,6796875;-207,07838439941406;-201,90467834472656;-23,380199432373047;0,5561444163322449;0,20039671659469604;0,1686757653951645;0,00993477925658226
1834;-1678,4969482421875;69,7042236328125;79282,6796875;-151,92623901367188;-196,34927368164062;-17,111623764038086;0,5676084756851196;0,20937347412109375;0,17151303589344025;0,010182453319430351
1835;-1678,4969482421875;69,7042236328125;79282,6796875;-160,88169860839844;-190,75564575195312;-19,26020622253418;0,5525348782539368;0,20215542614459991;0,1653091311454773;0,009754490107297897
1836;-1678,4969482421875;69,7042236328125;79282,6796875;-165,71299743652344;-192,78857421875;-19,6068172454834;0,5457392334938049;0,19089184701442719;0,16059327125549316;0,009460116736590862
1837;-1678,4969482421875;69,7042236328125;79282,6796875;-149,50437927246094;-201,56765747070312;-18,450328826904297;0,5654683113098145;0,2039193958044052;0,16582001745700836;0,00990660022944212
1838;-1678,4969482421875;69,7042236328125;79282,6796875;-151,01734924316406;-207,7432861328125;-20,344675064086914;0,5527493953704834;0,1937834769487381;0,15987053513526917;0,009499885141849518
1839;-1678,4969482421875;69,7042236328125;79282,6796875;-176,38259887695312;-209,1897735595703;-22,966304779052734;0,5597043633460999;0,19707664847373962;0,1605626344680786;0,009601695463061333
1840;-1678,4969482421875;69,7042236328125;79282,6796875;-175,38031005859375;-200,96630859375;-22,55281639099121;0,5562747716903687;0,20119906961917877;0,15889863669872284;0,009494757279753685
1841;-1678,4969482421875;69,7042236328125;79282,6796875;-172,35476684570312;-196,4048309326172;-22,3718204498291;0,5724272727966309;0,21213114261627197;0,16277819871902466;0,009830191731452942
1842;-1678,4969482421875;69,7042236328125;79282,6796875;-206,84010314941406;-212,30767822265625;-26,754779815673828;0,5707074403762817;0,20474490523338318;0,15994994342327118;0,009672032669186592
1843;-1678,4969482421875;69,7042236328125;79282,6796875;-179,25917053222656;-194,90054321289062;-24,138416290283203;0,5844802856445312;0,21000535786151886;0,16246981918811798;0,009910797700285912
1844;-1678,4969482421875;69,7042236328125;79282,6796875;-172,63409423828125;-191,08242797851562;-24,72101402282715;0,5640174746513367;0,2110936939716339;0,1566406488418579;0,009428417310118675
1845;-1678,4969482421875;69,7042236328125;79282,6796875;-217,75128173828125;-198,02590942382812;-29,565662384033203;0,5736439228057861;0,21003614366054535;0,15743477642536163;0,009546193294227123
1846;-1678,4969482421875;69,7042236328125;79282,6796875;-192,6728973388672;-194,15127563476562;-27,474241256713867;0,5787650346755981;0,20790158212184906;0,15713374316692352;0,009556897915899754
1847;-1678,4969482421875;69,7042236328125;79282,6796875;-205,5810546875;-201,5874786376953;-28,88882064819336;0,579766571521759;0,21490512788295746;0,1571766585111618;0,009547894820570946
1848;-1678,4969482421875;69,7042236328125;79282,6796875;-210,13455200195312;-192,46868896484375;-29,042057037353516;0,5843544602394104;0,21026869118213654;0,15658928453922272;0,009531266056001186
1849;-1678,4969482421875;69,7042236328125;79282,6796875;-233,88616943359375;-211,36590576171875;-34,03661346435547;0,5938243269920349;0,21163207292556763;0,15795385837554932;0,009649685584008694
1850;-1678,4969482421875;69,7042236328125;79282,6796875;-243,76150512695312;-214,7283935546875;-35,40274429321289;0,5929355025291443;0,21366339921951294;0,15720365941524506;0,009570726193487644
1851;-1678,4969482421875;69,7042236328125;79282,6796875;-232,2604217529297;-224,89480590820312;-32,85773849487305;0,605426549911499;0,21908143162727356;0,15991449356079102;0,009770137257874012
1852;-1678,4969482421875;69,7042236328125;79282,6796875;-183,2564239501953;-209,37570190429688;-26,747211456298828;0,6108944416046143;0,2279738485813141;0,16160044074058533;0,009853404946625233
1853;-1678,4969482421875;69,7042236328125;79282,6796875;-182,1707000732422;-230,36166381835938;-26,815265655517578;0,5895690321922302;0,20835894346237183;0,15411847829818726;0,009236659854650497
1854;-1678,4969482421875;69,7042236328125;79282,6796875;-183,31719970703125;-239,84422302246094;-27,726078033447266;0,6001445055007935;0,20521984994411469;0,15580545365810394;0,009337176568806171
1855;-1678,4969482421875;69,7042236328125;79282,6796875;-208,71795654296875;-245,02024841308594;-31,34988784790039;0,5933950543403625;0,20240022242069244;0,15384791791439056;0,009118406102061272
1856;-1678,4969482421875;69,7042236328125;79282,6796875;-233,33790588378906;-259,8163146972656;-34,140350341796875;0,5933625102043152;0,19268891215324402;0,15282386541366577;0,00896688736975193
1857;-1678,4969482421875;69,7042236328125;79282,6796875;-221,073974609375;-265,65252685546875;-32,88195037841797;0,5994120240211487;0,19941315054893494;0,15499073266983032;0,009062572382390499
1858;-1678,4969482421875;69,7042236328125;79282,6796875;-228,71401977539062;-274,3629150390625;-33,74093246459961;0,6048529744148254;0,20255959033966064;0,1567927598953247;0,00911699514836073
1859;-1678,4969482421875;69,7042236328125;79282,6796875;-248,29934692382812;-267,7418212890625;-36,254791259765625;0,6029520630836487;0,20095016062259674;0,15660196542739868;0,009002255275845528
1860;-1678,4969482421875;69,7042236328125;79282,6796875;-232,29971313476562;-281,74957275390625;-34,259544372558594;0,6046076416969299;0,20107552409172058;0,15750986337661743;0,008964778855443
1861;-1678,4969482421875;69,7042236328125;79282,6796875;-218,9127197265625;-283,5963439941406;-32,918182373046875;0,6017252206802368;0,19284629821777344;0,1567620187997818;0,008780484087765217
1862;-1678,4969482421875;69,7042236328125;79282,6796875;-242,87269592285156;-304,80364990234375;-35,00717544555664;0,5956368446350098;0,19104456901550293;0,15597465634346008;0,0085946349427104
1863;-1678,4969482421875;69,7042236328125;79282,6796875;-229,6826171875;-306,162353515625;-33,16435623168945;0,6134074926376343;0,19572293758392334;0,1614518016576767;0,00888421107083559
1864;-1678,4969482421875;69,7042236328125;79282,6796875;-267,821044921875;-322,2497253417969;-37,99388122558594;0,6220797896385193;0,2038356065750122;0,1652045100927353;0,00904203113168478
1865;-1678,4969482421875;69,7042236328125;79282,6796875;-244,56109619140625;-334,43597412109375;-34,360557556152344;0,6224873661994934;0,20859220623970032;0,16676509380340576;0,009022198617458344
1866;-1678,4969482421875;69,7042236328125;79282,6796875;-237,74851989746094;-353,6907653808594;-33,12197494506836;0,602803647518158;0,19795450568199158;0,16235975921154022;0,00853453017771244
1867;-1678,4969482421875;69,7042236328125;79282,6796875;-245,51443481445312;-358,9142150878906;-33,41801452636719;0,6103235483169556;0,19614827632904053;0,16536667943000793;0,008599021472036839
1868;-1678,4969482421875;69,7042236328125;79282,6796875;-236,48165893554688;-367,35968017578125;-32,317161560058594;0,6058871746063232;0,19675031304359436;0,16562892496585846;0,00846924539655447
1869;-1678,4969482421875;69,7042236328125;79282,6796875;-252,41294860839844;-379,6219177246094;-34,828067779541016;0,6050975322723389;0,19030694663524628;0,16646288335323334;0,008356266655027866
1870;-1678,4969482421875;69,7042236328125;79282,6796875;-258,9968566894531;-394,97650146484375;-35,58604049682617;0,6096181273460388;0,1927606165409088;0,16925178468227386;0,008403519168496132
1871;-1678,4969482421875;69,7042236328125;79282,6796875;-296,18963623046875;-394,3622741699219;-39,83156204223633;0,6161278486251831;0,19562184810638428;0,1726536750793457;0,008490932174026966
1872;-1678,4969482421875;69,7042236328125;79282,6796875;-242,79537963867188;-402,9554138183594;-33,36244201660156;0,5860787034034729;0,16931764781475067;0,16496089100837708;0,007708682678639889
1873;-1678,4969482421875;69,7042236328125;79282,6796875;-245,1381072998047;-410,2331848144531;-33,93699264526367;0,5879262089729309;0,18144340813159943;0,16754257678985596;0,007793918717652559
1874;-1678,4969482421875;69,7042236328125;79282,6796875;-267,8640441894531;-436,34649658203125;-36,163516998291016;0,5995814800262451;0,17206089198589325;0,17201292514801025;0,007878387346863747
1875;-1678,4969482421875;69,7042236328125;79282,6796875;-285,65863037109375;-427,6849365234375;-38,046016693115234;0,5587636232376099;0,15518620610237122;0,16169412434101105;0,006982405669987202
1876;-1678,4969482421875;69,7042236328125;79282,6796875;-241,30410766601562;-434,8528137207031;-31,643442153930664;0,571943998336792;0,1641409993171692;0,16723668575286865;0,007252201437950134
1877;-1678,4969482421875;69,7042236328125;79282,6796875;-215,6805877685547;-452,6473693847656;-27,67706298828125;0,5723773837089539;0,15826639533042908;0,16880732774734497;0,007168354466557503
1878;-1678,4969482421875;69,7042236328125;79282,6796875;-174,4590301513672;-450,4295959472656;-21,883970260620117;0,5633028149604797;0,15422168374061584;0,16765718162059784;0,006935650948435068
1879;-1678,4969482421875;69,7042236328125;79282,6796875;-219,85476684570312;-466,84320068359375;-27,384389877319336;0,5713512301445007;0,15725930035114288;0,17169912159442902;0,007070329040288925
1880;-1678,4969482421875;69,7042236328125;79282,6796875;-217,19467163085938;-476,7416076660156;-27,155527114868164;0,5554648041725159;0,15272775292396545;0,16846558451652527;0,006718990858644247
1881;-1678,4969482421875;69,7042236328125;79282,6796875;-189,48211669921875;-498,016845703125;-22,523351669311523;0,5477457642555237;0,14867106080055237;0,16760219633579254;0,006510263308882713
1882;-1678,4969482421875;69,7042236328125;79282,6796875;-149,2179412841797;-507,861328125;-17,058874130249023;0,5414174795150757;0,14711099863052368;0,16711267828941345;0,00634984252974391
1883;-1678,4969482421875;69,7042236328125;79282,6796875;-202,5343475341797;-517,4493408203125;-23,803600311279297;0,571578323841095;0,1584492176771164;0,17796793580055237;0,006955903023481369
1884;-1678,4969482421875;69,7042236328125;79282,6796875;-220,52020263671875;-521,4959106445312;-25,403526306152344;0,543356716632843;0,15271641314029694;0,17057473957538605;0,006382271181792021
1885;-1678,4969482421875;69,7042236328125;79282,6796875;-177,95742797851562;-543,27978515625;-19,062183380126953;0,5414324402809143;0,15218818187713623;0,17131392657756805;0,006313371937721968
1886;-1678,4969482421875;69,7042236328125;79282,6796875;-184,72779846191406;-551,3228149414062;-19,341487884521484;0,5479801893234253;0,15779386460781097;0,17465266585350037;0,006455902475863695
1887;-1678,4969482421875;69,7042236328125;79282,6796875;-167,68748474121094;-564,2724609375;-16,36876106262207;0,5384881496429443;0,15701423585414886;0,17283010482788086;0,006249904632568359
1888;-1678,4969482421875;69,7042236328125;79282,6796875;-131,7935791015625;-580,3126831054688;-11,691497802734375;0,5459821820259094;0,15989281237125397;0,17643488943576813;0,0063878437504172325
1889;-1678,4969482421875;69,7042236328125;79282,6796875;-96,59886932373047;-602,1971435546875;-5,936365127563477;0,5498416423797607;0,16259963810443878;0,17880652844905853;0,006457123905420303
1890;-1678,4969482421875;69,7042236328125;79282,6796875;-66,55333709716797;-619,630859375;-1,7310316562652588;0,5433487296104431;0,1638713777065277;0,17765310406684875;0,006325302645564079
1891;-1678,4969482421875;69,7042236328125;79282,6796875;-94,83113861083984;-636,839599609375;-4,747858047485352;0,5391415953636169;0,16376137733459473;0,17731638252735138;0,00622917152941227
1892;-1678,4969482421875;69,7042236328125;79282,6796875;-93,57017517089844;-659,3795776367188;-4,028157711029053;0,5503194332122803;0,16717788577079773;0,18209698796272278;0,0064463079907000065
1893;-1678,4969482421875;69,7042236328125;79282,6796875;-43,512516021728516;-683,528564453125;3,4000089168548584;0,543384313583374;0,1706875115633011;0,1802430897951126;0,006317686755210161
1894;-1678,4969482421875;69,7042236328125;79282,6796875;-53,88877868652344;-693,8837890625;2,3311994075775146;0,5434870719909668;0,16848254203796387;0,18158583343029022;0,006299453321844339
1895;-1678,4969482421875;69,7042236328125;79282,6796875;-7,010991096496582;-712,1234741210938;9,571163177490234;0,5339193940162659;0,16668428480625153;0,1792495995759964;0,006091577932238579
1896;-1678,4969482421875;69,7042236328125;79282,6796875;30,37742805480957;-733,2405395507812;14,864129066467285;0,5431661605834961;0,17222090065479279;0,18295918405056;0,006293531507253647
1897;-1678,4969482421875;69,7042236328125;79282,6796875;62,57781219482422;-765,2529907226562;19,725696563720703;0,5210720896720886;0,16803015768527985;0,17594283819198608;0,005831224378198385
1898;-1678,4969482421875;69,7042236328125;79282,6796875;43,99248504638672;-771,41796875;17,26043128967285;0,5392417907714844;0,176753968000412;0,18241193890571594;0,0062355357222259045
1899;-1678,4969482421875;69,7042236328125;79282,6796875;69,03331756591797;-795,9122924804688;21,38919448852539;0,5571936964988708;0,18528227508068085;0,18874117732048035;0,0066218129359185696
1900;-1678,4969482421875;69,7042236328125;79282,6796875;68,3496322631836;-800,1569213867188;21,583620071411133;0,525923490524292;0,17699536681175232;0,17847970128059387;0,005959383677691221
1901;-1678,4969482421875;69,7042236328125;79282,6796875;78,10824584960938;-813,6904296875;24,000877380371094;0,5097101330757141;0,1728568822145462;0,17434073984622955;0,005627444479614496
1902;-1678,4969482421875;69,7042236328125;79282,6796875;111,73836517333984;-832,7745361328125;28,71014404296875;0,5015055537223816;0,17269156873226166;0,17239734530448914;0,005451093427836895
1903;-1678,4969482421875;69,7042236328125;79282,6796875;108,58968353271484;-841,23974609375;28,69182586669922;0,5269801020622253;0,18476635217666626;0,18158698081970215;0,006007730029523373
1904;-1678,4969482421875;69,7042236328125;79282,6796875;111,50665283203125;-844,2357788085938;29,387805938720703;0,5873717069625854;0,2070593535900116;0,1995290070772171;0,007300542201846838
1905;-1678,4969482421875;69,7042236328125;79282,6796875;125,99552154541016;-859,7821655273438;32,185569763183594;0,5145913362503052;0,18478626012802124;0,17583198845386505;0,005806033033877611
1906;-1678,4969482421875;69,7042236328125;79282,6796875;103,74928283691406;-864,2333984375;29,49600601196289;0,5454226136207581;0,19733239710330963;0,18556953966617584;0,006480999756604433
1907;-1678,4969482421875;69,7042236328125;79282,6796875;99,93672180175781;-883,5657348632812;29,155916213989258;0,537825345993042;0,1964225471019745;0,18254946172237396;0,006323656532913446
1908;-1678,4969482421875;69,7042236328125;79282,6796875;74,8828125;-883,0208740234375;25,61329460144043;0,5577305555343628;0,20300789177417755;0,18773123621940613;0,006692228373140097
1909;-1678,4969482421875;69,7042236328125;79282,6796875;89,16320037841797;-893,1528930664062;28,5830135345459;0,5309836268424988;0,2008819431066513;0,18064352869987488;0,0062713623046875
1910;-1678,4969482421875;69,7042236328125;79282,6796875;63,55552673339844;-898,5199584960938;24,60417366027832;0,555411159992218;0,20974361896514893;0,18749138712882996;0,006779615767300129
1911;-1678,4969482421875;69,7042236328125;79282,6796875;82,44607543945312;-911,8973388671875;27,705617904663086;0,5419012308120728;0,2069849669933319;0,18247728049755096;0,006513883825391531
1912;-1678,4969482421875;69,7042236328125;79282,6796875;83,81196594238281;-910,1055297851562;28,062969207763672;0,5435490012168884;0,2121472954750061;0,18319764733314514;0,0066188061609864235
1913;-1678,4969482421875;69,7042236328125;79282,6796875;48,693904876708984;-903,6190185546875;23,413860321044922;0,5702173113822937;0,22150857746601105;0,19053681194782257;0,00716773746535182
1914;-1678,4969482421875;69,7042236328125;79282,6796875;69,9872055053711;-906,436279296875;26,04489517211914;0,5595274567604065;0,22219710052013397;0,18699239194393158;0,007012263406068087
1915;-1678,4969482421875;69,7042236328125;79282,6796875;57,76209259033203;-907,9286499023438;24,268428802490234;0,5551180839538574;0,22395072877407074;0,18509972095489502;0,006969544570893049
1916;-1678,4969482421875;69,7042236328125;79282,6796875;36,04436492919922;-905,9927978515625;21,148544311523438;0,571840226650238;0,23575881123542786;0,19055652618408203;0,007385412696748972
1917;-1678,4969482421875;69,7042236328125;79282,6796875;22,0181884765625;-904,7847290039062;19,73371696472168;0,5786510109901428;0,24045392870903015;0,19179336726665497;0,007560850121080875
1918;-1678,4969482421875;69,7042236328125;79282,6796875;36,58162307739258;-901,2195434570312;21,068002700805664;0,590019702911377;0,24115638434886932;0,1930052787065506;0,007763696834445
1919;-1678,4969482421875;69,7042236328125;79282,6796875;55,84563446044922;-909,3661499023438;22,971214294433594;0,5764315724372864;0,241923525929451;0,18853791058063507;0,007572704926133156
1920;-1678,4969482421875;69,7042236328125;79282,6796875;44,071598052978516;-903,9089965820312;21,10563850402832;0,5655059218406677;0,23755507171154022;0,1834835261106491;0,007359796203672886
1921;-1678,4969482421875;69,7042236328125;79282,6796875;46,66633605957031;-909,7533569335938;21,928058624267578;0,5875520706176758;0,24660539627075195;0,18897782266139984;0,0078357495367527
1922;-1678,4969482421875;69,7042236328125;79282,6796875;23,791048049926758;-902,9354248046875;18,087081909179688;0,5801243782043457;0,247720405459404;0,18595938384532928;0,007754395250231028
1923;-1678,4969482421875;69,7042236328125;79282,6796875;43,98567199707031;-906,9916381835938;19,99144744873047;0,6029926538467407;0,2614818513393402;0,1924763321876526;0,008293984457850456
1924;-1678,4969482421875;69,7042236328125;79282,6796875;22,792200088500977;-898,2637939453125;16,786067962646484;0,5907111167907715;0,2523731589317322;0,18607786297798157;0,008017505519092083
1925;-1678,4969482421875;69,7042236328125;79282,6796875;22,523387908935547;-906,959228515625;16,28473663330078;0,6002628803253174;0,26404276490211487;0,18903030455112457;0,008334191516041756
1926;-1678,4969482421875;69,7042236328125;79282,6796875;-11,8228178024292;-902,2396850585938;11,406057357788086;0,5993339419364929;0,2669217586517334;0,18776118755340576;0,008382406085729599
1927;-1678,4969482421875;69,7042236328125;79282,6796875;-36,97621536254883;-905,2006225585938;7,617168426513672;0,6082183122634888;0,2682354748249054;0,18826694786548615;0,00856838934123516
1928;-1678,4969482421875;69,7042236328125;79282,6796875;-15,523932456970215;-901,949951171875;10,455281257629395;0,6038213968276978;0,27169889211654663;0,18633396923542023;0,008571337908506393
1929;-1678,4969482421875;69,7042236328125;79282,6796875;-14,029975891113281;-910,1665649414062;10,69348430633545;0,6344976425170898;0,27748847007751465;0,19236129522323608;0,009143386967480183
1930;-1678,4969482421875;69,7042236328125;79282,6796875;-42,967254638671875;-900,0126953125;5,458558559417725;0,6075296401977539;0,2755558490753174;0,18457990884780884;0,008747401647269726
1931;-1678,4969482421875;69,7042236328125;79282,6796875;-43,05329513549805;-893,9002685546875;4,7357354164123535;0,6134911775588989;0,28619176149368286;0,18637874722480774;0,008994518779218197
1932;-1678,4969482421875;69,7042236328125;79282,6796875;-54,400936126708984;-897,1897583007812;2,922722816467285;0,6160414814949036;0,290120005607605;0,18608304858207703;0,009118884801864624
1933;-1678,4969482421875;69,7042236328125;79282,6796875;-64,39302062988281;-896,21826171875;1,1446073055267334;0,6587693095207214;0,3020680546760559;0,19560788571834564;0,009959753602743149
1934;-1678,4969482421875;69,7042236328125;79282,6796875;-14,584376335144043;-898,3280029296875;7,851870059967041;0,6461957097053528;0,3078419864177704;0,19259053468704224;0,009863033890724182
1935;-1678,4969482421875;69,7042236328125;79282,6796875;-39,272605895996094;-908,3258056640625;4,3930745124816895;0,6623366475105286;0,31596317887306213;0,1958928406238556;0,010249392129480839
1936;-1678,4969482421875;69,7042236328125;79282,6796875;-40,559322357177734;-899,6282958984375;4,201467990875244;0,6344031691551208;0,31674206256866455;0,1890692114830017;0,009849471040070057
1937;-1678,4969482421875;69,7042236328125;79282,6796875;-34,4210205078125;-904,4126586914062;5,074174880981445;0,6327731609344482;0,3156200051307678;0,18710209429264069;0,009874335490167141
1938;-1678,4969482421875;69,7042236328125;79282,6796875;-14,629226684570312;-901,8551635742188;6,847606658935547;0,6672124266624451;0,3237403333187103;0,1940438598394394;0,010569962672889233
1939;-1678,4969482421875;69,7042236328125;79282,6796875;-59,85107421875;-899,3175048828125;0,34200549125671387;0,6894386410713196;0,3353129029273987;0,19936569035053253;0,01109402347356081
1940;-1678,4969482421875;69,7042236328125;79282,6796875;-61,65148162841797;-888,08837890625;0,13830123841762543;0,6655313968658447;0,3291889727115631;0,1923704445362091;0,010718084871768951
1941;-1678,4969482421875;69,7042236328125;79282,6796875;-97,8276138305664;-888,4210815429688;-4,992638111114502;0,6587353348731995;0,32877978682518005;0,18993981182575226;0,01067100465297699
1942;-1678,4969482421875;69,7042236328125;79282,6796875;-52,46858215332031;-884,5455322265625;0,6068638563156128;0,6523895859718323;0,3306701183319092;0,18814074993133545;0,010644393973052502
1943;-1678,4969482421875;69,7042236328125;79282,6796875;-8,941863059997559;-900,2969360351562;6,5008673667907715;0,647288978099823;0,3351469933986664;0,18720422685146332;0,010654962621629238
1944;-1678,4969482421875;69,7042236328125;79282,6796875;-30,844867706298828;-894,4224853515625;4,189896583557129;0,6779869198799133;0,34119072556495667;0,19341735541820526;0,011298784986138344
1945;-1678,4969482421875;69,7042236328125;79282,6796875;-32,437225341796875;-882,2153930664062;3,5151965618133545;0,6623010039329529;0,33773887157440186;0,18920257687568665;0,011080062948167324
1946;-1678,4969482421875;69,7042236328125;79282,6796875;-76,50801086425781;-874,3364868164062;-2,377089738845825;0,6575196385383606;0,3244359791278839;0,18536435067653656;0,010964110493659973
1947;-1678,4969482421875;69,7042236328125;79282,6796875;-67,47415161132812;-849,656494140625;-1,5761048793792725;0,6327117681503296;0,3298107981681824;0,1813361942768097;0,010656535625457764
1948;-1678,4969482421875;69,7042236328125;79282,6796875;-62,50775146484375;-844,029052734375;-0,7369251251220703;0,6476937532424927;0,3323778510093689;0,1844487339258194;0,01101350225508213
1949;-1678,4969482421875;69,7042236328125;79282,6796875;-93,26363372802734;-842,3983154296875;-5,1708807945251465;0,6518232226371765;0,33615729212760925;0,1858692467212677;0,011192608624696732
1950;-1678,4969482421875;69,7042236328125;79282,6796875;-136,20628356933594;-832,3674926757812;-11,001309394836426;0,6690548062324524;0,344554603099823;0,19077539443969727;0,01163798663765192
1951;-1678,4969482421875;69,7042236328125;79282,6796875;-158,5259246826172;-828,4699096679688;-13,864928245544434;0,649230420589447;0,34225770831108093;0,1867007315158844;0,011345675215125084
1952;-1678,4969482421875;69,7042236328125;79282,6796875;-179,82159423828125;-813,2984619140625;-17,259958267211914;0,6488189101219177;0,3345218896865845;0,18560434877872467;0,011367296800017357
1953;-1678,4969482421875;69,7042236328125;79282,6796875;-202,5614471435547;-806,0529174804688;-19,799158096313477;0,6435693502426147;0,33106130361557007;0,184425488114357;0,011327316984534264
1954;-1678,4969482421875;69,7042236328125;79282,6796875;-191,1767578125;-795,31201171875;-18,193050384521484;0,6549050211906433;0,3398212790489197;0,18871860206127167;0,011673510074615479
1955;-1678,4969482421875;69,7042236328125;79282,6796875;-243,74456787109375;-779,925537109375;-25,513029098510742;0,6407256722450256;0,33152931928634644;0,18516188859939575;0,011439087800681591
1956;-1678,4969482421875;69,7042236328125;79282,6796875;-247,4969940185547;-770,5139770507812;-24,49638557434082;0,6492348313331604;0,3325733542442322;0,18789321184158325;0,01168149895966053
1957;-1678,4969482421875;69,7042236328125;79282,6796875;-289,29901123046875;-764,08203125;-28,408079147338867;0,6354092359542847;0,32147476077079773;0,18419337272644043;0,01142545510083437
1958;-1678,4969482421875;69,7042236328125;79282,6796875;-275,4033203125;-745,9761962890625;-26,98603630065918;0,6534925103187561;0,3400491178035736;0,19178152084350586;0,01196730975061655
1959;-1678,4969482421875;69,7042236328125;79282,6796875;-260,0600891113281;-730,2892456054688;-27,281997680664062;0,6303970813751221;0,31648755073547363;0,18444854021072388;0,011450202204287052
1960;-1678,4969482421875;69,7042236328125;79282,6796875;-270,7671813964844;-711,5557250976562;-28,027498245239258;0,6339116096496582;0,3241576552391052;0,18739871680736542;0,011649434454739094
1961;-1678,4969482421875;69,7042236328125;79282,6796875;-290,7106018066406;-706,4116821289062;-30,70529556274414;0,6656824946403503;0,3415422737598419;0,19818727672100067;0,012444434687495232
1962;-1678,4969482421875;69,7042236328125;79282,6796875;-307,9868469238281;-681,9384155273438;-33,1494255065918;0,6244263052940369;0,3140128552913666;0,18635325133800507;0,01155123207718134
1963;-1678,4969482421875;69,7042236328125;79282,6796875;-320,2566223144531;-677,3079833984375;-34,59797668457031;0,6460763812065125;0,32126128673553467;0,19373604655265808;0,01209273748099804
1964;-1678,4969482421875;69,7042236328125;79282,6796875;-276,41510009765625;-659,327392578125;-29,329898834228516;0,6318328380584717;0,3205327093601227;0,19150421023368835;0,011878392659127712
1965;-1678,4969482421875;69,7042236328125;79282,6796875;-290,2524719238281;-654,5844116210938;-31,737295150756836;0,6099295616149902;0,3049531579017639;0,185705304145813;0,011419728398323059
1966;-1678,4969482421875;69,7042236328125;79282,6796875;-287,2320556640625;-629,3641967773438;-30,873857498168945;0,6024454832077026;0,29714304208755493;0,1843438744544983;0,011285646818578243
1967;-1678,4969482421875;69,7042236328125;79282,6796875;-279,6228942871094;-645,8111572265625;-29,42771339416504;0,5988460779190063;0,2943885922431946;0,1844891905784607;0,011260796338319778
1968;-1678,4969482421875;69,7042236328125;79282,6796875;-290,94036865234375;-648,6665649414062;-28,698986053466797;0,5967370867729187;0,2925223708152771;0,1850946843624115;0,011268923990428448
1969;-1678,4969482421875;69,7042236328125;79282,6796875;-336,8955078125;-641,4436645507812;-34,744956970214844;0,5852817893028259;0,2867084741592407;0,18280531466007233;0,011060887016355991
1970;-1678,4969482421875;69,7042236328125;79282,6796875;-336,5205078125;-629,3289794921875;-34,774085998535156;0,5714772939682007;0,277780681848526;0,17955252528190613;0,010776565410196781
1971;-1678,4969482421875;69,7042236328125;79282,6796875;-292,3434143066406;-621,5394287109375;-28,711679458618164;0,5929962396621704;0,29116377234458923;0,18772336840629578;0,011345108970999718
1972;-1678,4969482421875;69,7042236328125;79282,6796875;-311,8664245605469;-616,0088500976562;-30,68671989440918;0,5990653038024902;0,2890317142009735;0,19052676856517792;0,011518548242747784
1973;-1678,4969482421875;69,7042236328125;79282,6796875;-273,8087463378906;-589,0718383789062;-25,351932525634766;0,5895398855209351;0,28216075897216797;0,18849723041057587;0,011326628737151623
1974;-1678,4969482421875;69,7042236328125;79282,6796875;-297,0711364746094;-590,6146850585938;-28,972169876098633;0,592989444732666;0,28295662999153137;0,19063380360603333;0,01144593209028244
1975;-1678,4969482421875;69,7042236328125;79282,6796875;-268,2157897949219;-584,6062622070312;-25,767616271972656;0,5971671342849731;0,27846255898475647;0,19276690483093262;0,011562775820493698
1976;-1678,4969482421875;69,7042236328125;79282,6796875;-304,6047668457031;-569,3195190429688;-26,804582595825195;0,5993301868438721;0,2769313156604767;0,19436338543891907;0,011641515418887138
1977;-1678,4969482421875;69,7042236328125;79282,6796875;-269,1560974121094;-565,993408203125;-23,29631996154785;0,5772641897201538;0,26394009590148926;0,188006192445755;0,01113582868129015
1978;-1678,4969482421875;69,7042236328125;79282,6796875;-269,0807800292969;-556,4275512695312;-22,632640838623047;0,5981957912445068;0,2704373300075531;0,19559773802757263;0,011655544862151146
1979;-1678,4969482421875;69,7042236328125;79282,6796875;-274,7729797363281;-547,2813110351562;-21,932470321655273;0,5915600061416626;0,26355791091918945;0,19415335357189178;0,011510435491800308
1980;-1678,4969482421875;69,7042236328125;79282,6796875;-278,1582946777344;-545,9207763671875;-22,207082748413086;0,6051802039146423;0,267190545797348;0,1992819458246231;0,011852825991809368
1981;-1678,4969482421875;69,7042236328125;79282,6796875;-259,7698974609375;-554,993408203125;-21,382015228271484;0,5803411602973938;0,25583937764167786;0,19154737889766693;0,011272490955889225
1982;-1678,4969482421875;69,7042236328125;79282,6796875;-289,22412109375;-543,07080078125;-22,937864303588867;0,5691606402397156;0,24615243077278137;0,18846221268177032;0,011005464941263199
1983;-1678,4969482421875;69,7042236328125;79282,6796875;-302,2001037597656;-522,7701416015625;-24,465181350708008;0,5921013355255127;0,25011205673217773;0,19685769081115723;0,011538944207131863
1984;-1678,4969482421875;69,7042236328125;79282,6796875;-240,34197998046875;-504,5952453613281;-16,648160934448242;0,5702272057533264;0,24276100099086761;0,1893935352563858;0,011037924326956272
1985;-1678,4969482421875;69,7042236328125;79282,6796875;-268,1304931640625;-503,56689453125;-20,00973892211914;0,5788561701774597;0,2435402274131775;0,19257855415344238;0,011247172020375729
1986;-1678,4969482421875;69,7042236328125;79282,6796875;-285,0408935546875;-495,84613037109375;-22,327896118164062;0,586085319519043;0,2432631105184555;0,19547303020954132;0,01141435094177723
1987;-1678,4969482421875;69,7042236328125;79282,6796875;-269,9506530761719;-486,95477294921875;-21,078386306762695;0,5656875967979431;0,2344704270362854;0,18793822824954987;0,010907039977610111
1988;-1678,4969482421875;69,7042236328125;79282,6796875;-256,6717224121094;-484,5841979980469;-19,57984733581543;0,5438830852508545;0,22313326597213745;0,180534228682518;0,010359982028603554
1989;-1678,4969482421875;69,7042236328125;79282,6796875;-300,6180725097656;-466,5357971191406;-24,77712059020996;0,559427797794342;0,2271808534860611;0,18585719168186188;0,010737386532127857
1990;-1678,4969482421875;69,7042236328125;79282,6796875;-262,80511474609375;-463,1591491699219;-20,569034576416016;0,5609497427940369;0,2255372852087021;0,18584738671779633;0,010745564475655556
1991;-1678,4969482421875;69,7042236328125;79282,6796875;-253,04092407226562;-447,0989685058594;-19,95672035217285;0,5576315522193909;0,22217027842998505;0,18444454669952393;0,01064504124224186
1992;-1678,4969482421875;69,7042236328125;79282,6796875;-232,67835998535156;-427,8765869140625;-18,06123161315918;0,5784926414489746;0,22888323664665222;0,19109882414340973;0,011132395826280117
1993;-1678,4969482421875;69,7042236328125;79282,6796875;-243,66539001464844;-425,7882080078125;-18,900772094726562;0,5658024549484253;0,2217443287372589;0,18623711168766022;0,010793803259730339
1994;-1678,4969482421875;69,7042236328125;79282,6796875;-199,51890563964844;-403,7100524902344;-14,124541282653809;0,56538987159729;0,21887429058551788;0,18516653776168823;0,01073597464710474
1995;-1678,4969482421875;69,7042236328125;79282,6796875;-224,05178833007812;-406,64617919921875;-16,569211959838867;0,5714051723480225;0,2201405167579651;0,18661284446716309;0,010858268477022648
1996;-1678,4969482421875;69,7042236328125;79282,6796875;-210,1703643798828;-403,8238220214844;-15,942742347717285;0,5615921020507812;0,21402223408222198;0,1824100911617279;0,010575554333627224
1997;-1678,4969482421875;69,7042236328125;79282,6796875;-142,25331115722656;-383,12896728515625;-6,981884479522705;0,5633586049079895;0,21249644458293915;0,1819515973329544;0,01056603528559208
1998;-1678,4969482421875;69,7042236328125;79282,6796875;-204,96507263183594;-404,59771728515625;-15,343304634094238;0,5510040521621704;0,2120445817708969;0,1782331019639969;0,010280778631567955
1999;-1678,4969482421875;69,7042236328125;79282,6796875;-184,24124145507812;-384,8745422363281;-13,889397621154785;0,5499907732009888;0,2070404589176178;0,1761377900838852;0,010186188854277134
2000;-1678,4969482421875;69,7042236328125;79282,6796875;-149,58924865722656;-380,022216796875;-10,42130184173584;0,5760692954063416;0,2158260941505432;0,18337123095989227;0,010762966237962246
2001;-1678,4969482421875;69,7042236328125;79282,6796875;-128,47708129882812;-365,1260070800781;-7,616945266723633;0,5553587675094604;0,20927774906158447;0,17602486908435822;0,01023514661937952
2002;-1678,4969482421875;69,7042236328125;79282,6796875;-174,73223876953125;-368,24383544921875;-13,120559692382812;0,5797885656356812;0,21754644811153412;0,18246088922023773;0,01076823752373457
2003;-1678,4969482421875;69,7042236328125;79282,6796875;-164,88482666015625;-359,4857482910156;-13,211577415466309;0,5684717297554016;0,21074546873569489;0,17727474868297577;0,0104305325075984
2004;-1678,4969482421875;69,7042236328125;79282,6796875;-152,6448516845703;-362,9298400878906;-12,953746795654297;0,5602703094482422;0,20487827062606812;0,17302073538303375;0,010161510668694973
2005;-1678,4969482421875;69,7042236328125;79282,6796875;-160,0585479736328;-359,19439697265625;-13,60341739654541;0,5566390752792358;0,20562195777893066;0,1709621101617813;0,01003928855061531
2006;-1678,4969482421875;69,7042236328125;79282,6796875;-171,56068420410156;-356,5351257324219;-15,545124053955078;0,5745702981948853;0,21778467297554016;0,17597384750843048;0,010443964041769505
2007;-1678,4969482421875;69,7042236328125;79282,6796875;-171,44630432128906;-351,8943786621094;-15,135802268981934;0,559173047542572;0,20783881843090057;0,1692153364419937;0,009993336163461208
2008;-1678,4969482421875;69,7042236328125;79282,6796875;-170,56399536132812;-348,6561584472656;-16,305286407470703;0,555152952671051;0,19952616095542908;0,16556254029273987;0,009786670096218586
2009;-1678,4969482421875;69,7042236328125;79282,6796875;-165,63555908203125;-354,0696105957031;-15,44588565826416;0,5560917258262634;0,19712400436401367;0,1640194058418274;0,009722704999148846
2010;-1678,4969482421875;69,7042236328125;79282,6796875;-172,09886169433594;-356,7905578613281;-16,998943328857422;0,5389750599861145;0,19293370842933655;0,15785185992717743;0,009274393320083618
2011;-1678,4969482421875;69,7042236328125;79282,6796875;-177,66192626953125;-366,1388854980469;-20,449275970458984;0,5610538721084595;0,20145298540592194;0,16294614970684052;0,009731082245707512
2012;-1678,4969482421875;69,7042236328125;79282,6796875;-206,9626007080078;-364,99700927734375;-23,037919998168945;0,5555323958396912;0,19258087873458862;0,15895673632621765;0,009478751569986343
2013;-1678,4969482421875;69,7042236328125;79282,6796875;-213,60890197753906;-364,22235107421875;-24,047739028930664;0,566907525062561;0,2107038050889969;0,162737637758255;0,009779444895684719
2014;-1678,4969482421875;69,7042236328125;79282,6796875;-207,5552520751953;-351,86724853515625;-23,414325714111328;0,579752504825592;0,2044043093919754;0,16343028843402863;0,009919805452227592
2015;-1678,4969482421875;69,7042236328125;79282,6796875;-202,20103454589844;-366,7328186035156;-22,393831253051758;0,5686885714530945;0,20285099744796753;0,15923015773296356;0,009615197777748108
2016;-1678,4969482421875;69,7042236328125;79282,6796875;-219,86297607421875;-356,9415588378906;-24,56647491455078;0,5687729716300964;0,21040095388889313;0,1589270532131195;0,009596986696124077
2017;-1678,4969482421875;69,7042236328125;79282,6796875;-205,76531982421875;-355,0257873535156;-24,721412658691406;0,5712413787841797;0,21336643397808075;0,15858854353427887;0,009591251611709595
2018;-1678,4969482421875;69,7042236328125;79282,6796875;-204,96031188964844;-346,0491027832031;-24,581880569458008;0,5740319490432739;0,21067504584789276;0,15761132538318634;0,009555975906550884
2019;-1678,4969482421875;69,7042236328125;79282,6796875;-194,58969116210938;-342,2982482910156;-24,73255157470703;0,5816554427146912;0,21363748610019684;0,15853965282440186;0,009652895852923393
2020;-1678,4969482421875;69,7042236328125;79282,6796875;-210,54330444335938;-342,26739501953125;-26,650476455688477;0,574878454208374;0,20973239839076996;0,15541748702526093;0,009415595792233944
2021;-1678,4969482421875;69,7042236328125;79282,6796875;-220,8471221923828;-328,0014953613281;-27,39535903930664;0,5741027593612671;0,19918248057365417;0,1529233306646347;0,00924806296825409
2022;-1678,4969482421875;69,7042236328125;79282,6796875;-226,86419677734375;-342,8227233886719;-28,795459747314453;0,5974892973899841;0,21009720861911774;0,15857861936092377;0,00970592349767685
2023;-1678,4969482421875;69,7042236328125;79282,6796875;-207,14212036132812;-338,9066162109375;-27,065540313720703;0,5883657336235046;0,2115270495414734;0,15592610836029053;0,009463965892791748
2024;-1678,4969482421875;69,7042236328125;79282,6796875;-221,05026245117188;-345,0016784667969;-28,93394660949707;0,5954166054725647;0,2105671465396881;0,15667913854122162;0,00951678678393364
2025;-1678,4969482421875;69,7042236328125;79282,6796875;-211,2053680419922;-335,08087158203125;-27,73369026184082;0,6005406975746155;0,20253656804561615;0,1563151329755783;0,009471745230257511
2026;-1678,4969482421875;69,7042236328125;79282,6796875;-217,30628967285156;-339,1068115234375;-28,445775985717773;0,6089922189712524;0,21636638045310974;0,15933464467525482;0,009662697091698647
2027;-1678,4969482421875;69,7042236328125;79282,6796875;-202,31704711914062;-332,19879150390625;-27,827138900756836;0,6069148778915405;0,21705295145511627;0,15863455832004547;0,009552818723022938
2028;-1678,4969482421875;69,7042236328125;79282,6796875;-245,08998107910156;-347,9688720703125;-33,016300201416016;0,5975613594055176;0,2026061713695526;0,15479819476604462;0,009198242798447609
2029;-1678,4969482421875;69,7042236328125;79282,6796875;-225,4427947998047;-351,1465759277344;-31,04046058654785;0,5890349745750427;0,19236189126968384;0,15180398523807526;0,008885378949344158
2030;-1678,4969482421875;69,7042236328125;79282,6796875;-213,45069885253906;-355,58740234375;-29,311410903930664;0,6205428242683411;0,23102371394634247;0,1630266308784485;0,009674863889813423
2031;-1678,4969482421875;69,7042236328125;79282,6796875;-232,7977752685547;-358,6761474609375;-32,278282165527344;0,6093193292617798;0,202846497297287;0,15781326591968536;0,009200056083500385
2032;-1678,4969482421875;69,7042236328125;79282,6796875;-228,16094970703125;-359,588134765625;-30,918254852294922;0,5956526398658752;0,18638280034065247;0,15354987978935242;0,008746631443500519
2033;-1678,4969482421875;69,7042236328125;79282,6796875;-254,9655303955078;-373,1325378417969;-35,37357711791992;0,6067260503768921;0,20602424442768097;0,15843862295150757;0,009042119607329369
2034;-1678,4969482421875;69,7042236328125;79282,6796875;-223,44952392578125;-378,5028076171875;-30,45920181274414;0,6153882741928101;0,20762738585472107;0,16120392084121704;0,009141669608652592
2035;-1678,4969482421875;69,7042236328125;79282,6796875;-237,2037811279297;-377,0347900390625;-32,95568084716797;0,6244007349014282;0,2142149955034256;0,16465577483177185;0,009286599233746529
2036;-1678,4969482421875;69,7042236328125;79282,6796875;-251,28775024414062;-385,1805725097656;-34,271331787109375;0,6038941144943237;0,2012968361377716;0,15961270034313202;0,008760415017604828
2037;-1678,4969482421875;69,7042236328125;79282,6796875;-275,88031005859375;-399,4375305175781;-36,47661209106445;0,6033359169960022;0,20122843980789185;0,16045719385147095;0,008688604459166527
2038;-1678,4969482421875;69,7042236328125;79282,6796875;-268,33154296875;-404,22100830078125;-35,83002471923828;0,6231651306152344;0,21518173813819885;0,16739654541015625;0,009080241434276104
2039;-1678,4969482421875;69,7042236328125;79282,6796875;-252,8513641357422;-412,75054931640625;-32,9822883605957;0,5951643586158752;0,19460511207580566;0,1601891666650772;0,008373413234949112
2040;-1678,4969482421875;69,7042236328125;79282,6796875;-289,3750305175781;-422,8894958496094;-37,83469009399414;0,6111423373222351;0,1950017362833023;0,16545750200748444;0,00860724039375782
2041;-1678,4969482421875;69,7042236328125;79282,6796875;-301,4830017089844;-440,6628723144531;-38,86832046508789;0,6069654226303101;0,19841618835926056;0,16598132252693176;0,008503342047333717
2042;-1678,4969482421875;69,7042236328125;79282,6796875;-299,4971618652344;-449,4054260253906;-39,59943389892578;0,6021851301193237;0,18809489905834198;0,1655503213405609;0,008290549740195274
2043;-1678,4969482421875;69,7042236328125;79282,6796875;-270,586181640625;-466,1712341308594;-35,34843063354492;0,6040835380554199;0,18901340663433075;0,16755034029483795;0,008278709836304188
2044;-1678,4969482421875;69,7042236328125;79282,6796875;-265,5180969238281;-461,8867492675781;-34,64208984375;0,6090574264526367;0,18219180405139923;0,17003999650478363;0,008261000737547874
2045;-1678,4969482421875;69,7042236328125;79282,6796875;-239,18553161621094;-466,77191162109375;-31,775876998901367;0,5847667455673218;0,17453478276729584;0,16476359963417053;0,007729964796453714
2046;-1678,4969482421875;69,7042236328125;79282,6796875;-256,4391784667969;-477,7998352050781;-34,258487701416016;0,5975565314292908;0,16695033013820648;0,16953213512897491;0,007838064804673195
2047;-1678,4969482421875;69,7042236328125;79282,6796875;-231,57666015625;-495,4112243652344;-30,63698387145996;0,5771925449371338;0,16816449165344238;0,1655898541212082;0,007457554806023836
2048;-1678,4969482421875;69,7042236328125;79282,6796875;-236,37954711914062;-504,1534729003906;-29,669403076171875;0,5913063287734985;0,15982183814048767;0,17088358104228973;0,007578273769468069
2049;-1678,4969482421875;69,7042236328125;79282,6796875;-207,95994567871094;-525,2432250976562;-24,937501907348633;0,6010162234306335;0,17133866250514984;0,175622820854187;0,007811906281858683
2050;-1678,4969482421875;69,7042236328125;79282,6796875;-223,9684295654297;-537,1973876953125;-27,273969650268555;0,574571967124939;0,1474916785955429;0,16915221512317657;0,007089879363775253
2051;-1678,4969482421875;69,7042236328125;79282,6796875;-204,08236694335938;-539,5170288085938;-24,24812126159668;0,574642539024353;0,1556214541196823;0,17096079885959625;0,007143108639866114
2052;-1678,4969482421875;69,7042236328125;79282,6796875;-158,27413940429688;-556,804443359375;-18,187767028808594;0,5506105422973633;0,14469173550605774;0,16528229415416718;0,006583725102245808
2053;-1678,4969482421875;69,7042236328125;79282,6796875;-193,1177215576172;-561,0224609375;-22,64283561706543;0,555435836315155;0,14681275188922882;0,16832853853702545;0,006656112615019083
2054;-1678,4969482421875;69,7042236328125;79282,6796875;-159,00839233398438;-574,0985107421875;-17,693117141723633;0,5485019087791443;0,15657134354114532;0,16780182719230652;0,006591917015612125
2055;-1678,4969482421875;69,7042236328125;79282,6796875;-140,5026092529297;-583,85302734375;-14,57132339477539;0,5455681681632996;0,14897270500659943;0,16833242774009705;0,006440909579396248
2056;-1678,4969482421875;69,7042236328125;79282,6796875;-160,1817169189453;-596,9086303710938;-16,691686630249023;0,5489824414253235;0,15313628315925598;0,17084823548793793;0,006512104999274015
2057;-1678,4969482421875;69,7042236328125;79282,6796875;-187,5065460205078;-602,6257934570312;-19,486873626708984;0,5556910634040833;0,15570347011089325;0,17437796294689178;0,006626655347645283
2058;-1678,4969482421875;69,7042236328125;79282,6796875;-141,55435180664062;-617,2750854492188;-12,889392852783203;0,5534337759017944;0,15588772296905518;0,17502744495868683;0,006558858789503574
2059;-1678,4969482421875;69,7042236328125;79282,6796875;-154,58743286132812;-625,6484985351562;-13,940047264099121;0,5558157563209534;0,15615738928318024;0,17716433107852936;0,006575232837349176
2060;-1678,4969482421875;69,7042236328125;79282,6796875;-193,96153259277344;-628,001220703125;-19,591903686523438;0,550650954246521;0,16005758941173553;0,1767084300518036;0,006499134004116058
2061;-1678,4969482421875;69,7042236328125;79282,6796875;-157,40513610839844;-638,0730590820312;-14,220597267150879;0,5475413203239441;0,1634090393781662;0,17677581310272217;0,006443023681640625
2062;-1678,4969482421875;69,7042236328125;79282,6796875;-169,0569305419922;-636,3325805664062;-15,624137878417969;0,5414095520973206;0,15917852520942688;0,1760893315076828;0,0062778969295322895
2063;-1678,4969482421875;69,7042236328125;79282,6796875;-185,42855834960938;-645,2069091796875;-17,529125213623047;0,5421203374862671;0,15978305041790009;0,1774865835905075;0,006275735329836607
2064;-1678,4969482421875;69,7042236328125;79282,6796875;-161,09840393066406;-651,4454956054688;-13,70163345336914;0,5411442518234253;0,16305837035179138;0,17804697155952454;0,006265536416321993
2065;-1678,4969482421875;69,7042236328125;79282,6796875;-163,58383178710938;-668,9080200195312;-13,237844467163086;0,5381166338920593;0,16702604293823242;0,1777108609676361;0,006213204003870487
2066;-1678,4969482421875;69,7042236328125;79282,6796875;-145,4900665283203;-688,21484375;-10,096007347106934;0,5216474533081055;0,16068962216377258;0,1733856052160263;0,005841257981956005
2067;-1678,4969482421875;69,7042236328125;79282,6796875;-160,78652954101562;-701,2780151367188;-12,016419410705566;0,5429713129997253;0,17091509699821472;0,18106752634048462;0,00630923081189394
2068;-1678,4969482421875;69,7042236328125;79282,6796875;-167,94549560546875;-706,2467041015625;-12,38839340209961;0,5275328159332275;0,1671515852212906;0,17673291265964508;0,005975264590233564
2069;-1678,4969482421875;69,7042236328125;79282,6796875;-162,478759765625;-719,5298461914062;-11,645310401916504;0,5388898253440857;0,17369775474071503;0,18098808825016022;0,006224766373634338
2070;-1678,4969482421875;69,7042236328125;79282,6796875;-128,92230224609375;-738,4135131835938;-6,285693645477295;0,5202222466468811;0,16813701391220093;0,1756063997745514;0,0058206492103636265
2071;-1678,4969482421875;69,7042236328125;79282,6796875;-164,9652099609375;-743,6021118164062;-11,22605037689209;0,5345973372459412;0,17327788472175598;0,1815825253725052;0,006129452493041754
2072;-1678,4969482421875;69,7042236328125;79282,6796875;-134,54360961914062;-755,2870483398438;-6,946778297424316;0,5350300669670105;0,17501716315746307;0,1826823204755783;0,006121944636106491
2073;-1678,4969482421875;69,7042236328125;79282,6796875;-129,12191772460938;-772,3816528320312;-5,290255546569824;0,5050265192985535;0,16770894825458527;0,17309626936912537;0,0054922569543123245
2074;-1678,4969482421875;69,7042236328125;79282,6796875;-131,06138610839844;-786,06494140625;-4,514354228973389;0,5110422968864441;0,17334401607513428;0,17473019659519196;0,005666644312441349
2075;-1678,4969482421875;69,7042236328125;79282,6796875;-105,16094207763672;-811,351318359375;-0,4553622603416443;0,49163493514060974;0,16954556107521057;0,16668623685836792;0,005090838763862848
2076;-1678,4969482421875;69,7042236328125;79282,6796875;-113,27920532226562;-821,7889404296875;-1,3268074989318848;0,5457269549369812;0,19031938910484314;0,1856791228055954;0,006433223839849234
2077;-1678,4969482421875;69,7042236328125;79282,6796875;-69,40026092529297;-845,0857543945312;5,104318618774414;0,5700036883354187;0,2000703364610672;0,19271530210971832;0,006901379209011793
2078;-1678,4969482421875;69,7042236328125;79282,6796875;-67,2364273071289;-858,2280883789062;5,557950496673584;0,49864518642425537;0,18018001317977905;0,17141515016555786;0,005475678946822882
2079;-1678,4969482421875;69,7042236328125;79282,6796875;-36,53251266479492;-867,121826171875;9,811935424804688;0,5089974403381348;0,18446339666843414;0,17346979677677155;0,005680279806256294
2080;-1678,4969482421875;69,7042236328125;79282,6796875;-26,628414154052734;-891,2926635742188;12,150839805603027;0,4971180260181427;0,18649151921272278;0,1713590919971466;0,005499330349266529
2081;-1678,4969482421875;69,7042236328125;79282,6796875;-6,566450595855713;-902,087890625;14,67891788482666;0,5343848466873169;0,197414368391037;0,18121767044067383;0,006275048013776541
2082;-1678,4969482421875;69,7042236328125;79282,6796875;25,874923706054688;-916,6079711914062;19,457109451293945;0,5452238917350769;0,2013508379459381;0,18361857533454895;0,006471725180745125
2083;-1678,4969482421875;69,7042236328125;79282,6796875;22,567127227783203;-925,6652221679688;19,543842315673828;0,539068341255188;0,20394450426101685;0,1821584701538086;0,006433306261897087
2084;-1678,4969482421875;69,7042236328125;79282,6796875;33,742919921875;-943,9556884765625;20,93400764465332;0,5493882894515991;0,20995134115219116;0,18508656322956085;0,006681736093014479
2085;-1678,4969482421875;69,7042236328125;79282,6796875;53,35236358642578;-950,2225341796875;24,17159080505371;0,5418515205383301;0,21066130697727203;0,18241171538829803;0,006569281220436096
2086;-1678,4969482421875;69,7042236328125;79282,6796875;88,17355346679688;-968,6104736328125;28,785253524780273;0,5466251373291016;0,214758962392807;0,18335872888565063;0,006700919941067696
2087;-1678,4969482421875;69,7042236328125;79282,6796875;67,92269897460938;-971,84521484375;26,066959381103516;0,5776914358139038;0,23099486529827118;0,1935245394706726;0,007407824043184519
2088;-1678,4969482421875;69,7042236328125;79282,6796875;95,74816131591797;-987,1153564453125;30,56977081298828;0,5751574635505676;0,2290395200252533;0,19096818566322327;0,0073492759838700294
2089;-1678,4969482421875;69,7042236328125;79282,6796875;114,66743469238281;-996,6942749023438;32,647762298583984;0,5710331201553345;0,23501425981521606;0,19014547765254974;0,007360077928751707
2090;-1678,4969482421875;69,7042236328125;79282,6796875;68,1895523071289;-991,8319091796875;26,072208404541016;0,5865212082862854;0,23386108875274658;0,19191545248031616;0,007596041541546583
2091;-1678,4969482421875;69,7042236328125;79282,6796875;93,77731323242188;-991,0789794921875;29,565542221069336;0,5644112229347229;0,2356615960597992;0,18582013249397278;0,007288828492164612
2092;-1678,4969482421875;69,7042236328125;79282,6796875;106,35769653320312;-998,1921997070312;30,81772804260254;0,594972550868988;0,24543245136737823;0,1935614049434662;0,007901770994067192
2093;-1678,4969482421875;69,7042236328125;79282,6796875;93,16358947753906;-1001,2944946289062;28,464609146118164;0,5980510115623474;0,24505244195461273;0,19259311258792877;0,007955208420753479
2094;-1678,4969482421875;69,7042236328125;79282,6796875;120,85823059082031;-1023,3701782226562;33,02599334716797;0,5924131870269775;0,25174441933631897;0,1912020891904831;0,007969721220433712
2095;-1678,4969482421875;69,7042236328125;79282,6796875;98,99730682373047;-1013,310302734375;28,860469818115234;0,590066134929657;0,2533630132675171;0,18941441178321838;0,007973302155733109
2096;-1678,4969482421875;69,7042236328125;79282,6796875;102,25093841552734;-1015,2731323242188;28,91731834411621;0,5815927386283875;0,25046518445014954;0,18522298336029053;0,007827120833098888
2097;-1678,4969482421875;69,7042236328125;79282,6796875;93,13589477539062;-1008,1296997070312;27,009782791137695;0,5959031581878662;0,258001446723938;0,18841056525707245;0,008165297098457813
2098;-1678,4969482421875;69,7042236328125;79282,6796875;116,68236541748047;-1017,6388549804688;29,869014739990234;0,592798113822937;0,2643148899078369;0,1873987913131714;0,008212482556700706
2099;-1678,4969482421875;69,7042236328125;79282,6796875;97,20683288574219;-1011,5732421875;27,024118423461914;0,6058349013328552;0,2569954991340637;0,1870110183954239;0,008347040973603725
2100;-1678,4969482421875;69,7042236328125;79282,6796875;131,41668701171875;-1019,0194702148438;30,718305587768555;0,5888861417770386;0,2560191750526428;0,1814122200012207;0,008105548098683357
2101;-1678,4969482421875;69,7042236328125;79282,6796875;127,04054260253906;-1013,2490234375;30,31751251220703;0,6118300557136536;0,2677580416202545;0,18714022636413574;0,00863882340490818
2102;-1678,4969482421875;69,7042236328125;79282,6796875;153,59652709960938;-1029,4937744140625;33,643280029296875;0,6001931428909302;0,2789832055568695;0,1853151172399521;0,008615046739578247
2103;-1678,4969482421875;69,7042236328125;79282,6796875;123,89090728759766;-1022,99755859375;29,071210861206055;0,6164904832839966;0,2788005471229553;0,18702594935894012;0,008914007805287838
2104;-1678,4969482421875;69,7042236328125;79282,6796875;97,65443420410156;-1011,8319091796875;24,78469467163086;0,6385908722877502;0,2883809804916382;0,1919412910938263;0,009403657168149948
2105;-1678,4969482421875;69,7042236328125;79282,6796875;123,25806427001953;-1011,0296630859375;27,26189613342285;0,6536613702774048;0,2917565107345581;0,19404272735118866;0,00971206184476614
2106;-1678,4969482421875;69,7042236328125;79282,6796875;99,72232818603516;-1000,8192138671875;23,976160049438477;0,62783282995224;0,2966303825378418;0,18812404572963715;0,009408757090568542
2107;-1678,4969482421875;69,7042236328125;79282,6796875;129,1869354248047;-1007,9617919921875;28,113239288330078;0,6485918760299683;0,30806440114974976;0,19302710890769958;0,009894992224872112
2108;-1678,4969482421875;69,7042236328125;79282,6796875;84,13566589355469;-995,1917724609375;21,6522216796875;0,6353639364242554;0,3113496005535126;0,18955539166927338;0,009761551395058632
2109;-1678,4969482421875;69,7042236328125;79282,6796875;104,96146392822266;-1005,5899047851562;24,388456344604492;0,6792969703674316;0,3191905617713928;0,19827337563037872;0,010595367290079594
2110;-1678,4969482421875;69,7042236328125;79282,6796875;175,02224731445312;-1026,646484375;34,03885269165039;0,660102367401123;0,31568530201911926;0,1922944188117981;0,010312612168490887
2111;-1678,4969482421875;69,7042236328125;79282,6796875;144,83981323242188;-1018,6526489257812;29,232080459594727;0,6672486662864685;0,33005890250205994;0,19523577392101288;0,010610809549689293
2112;-1678,4969482421875;69,7042236328125;79282,6796875;133,78627014160156;-1017,8317260742188;28,36707878112793;0,6589152812957764;0,32744258642196655;0,19182740151882172;0,010517037473618984
2113;-1678,4969482421875;69,7042236328125;79282,6796875;123,89610290527344;-1015,00830078125;25,603248596191406;0,6613894701004028;0,3293182849884033;0,19150575995445251;0,010639632120728493
2114;-1678,4969482421875;69,7042236328125;79282,6796875;93,62035369873047;-1016,6363525390625;21,406478881835938;0,6562724709510803;0,32378503680229187;0,18838286399841309;0,010578032582998276
2115;-1678,4969482421875;69,7042236328125;79282,6796875;115,07490539550781;-1024,1612548828125;23,532697677612305;0,6638155579566956;0,33300891518592834;0,1906622350215912;0,010846084915101528
2116;-1678,4969482421875;69,7042236328125;79282,6796875;86,52383422851562;-1025,7039794921875;20,94501495361328;0,6565862894058228;0,32451745867729187;0,1868171989917755;0,010725904256105423
2117;-1678,4969482421875;69,7042236328125;79282,6796875;44,28883743286133;-1017,4815063476562;15,064118385314941;0,6778567433357239;0,3403925895690918;0,19319678843021393;0,01128591038286686
2118;-1678,4969482421875;69,7042236328125;79282,6796875;44,845848083496094;-1018,0758056640625;15,6445951461792;0,6433352828025818;0,32885807752609253;0,18389096856117249;0,010682881809771061
2119;-1678,4969482421875;69,7042236328125;79282,6796875;20,118295669555664;-1014,6531372070312;11,295454025268555;0,6457654237747192;0,323782742023468;0,1829594522714615;0,01075731124728918
2120;-1678,4969482421875;69,7042236328125;79282,6796875;4,454385757446289;-1013,4205322265625;9,600455284118652;0,6392019987106323;0,3344517946243286;0,18339431285858154;0,01079966127872467
2121;-1678,4969482421875;69,7042236328125;79282,6796875;3,4022934436798096;-1022,5733032226562;10,374129295349121;0,634458065032959;0,3271426260471344;0,1809321641921997;0,010739452205598354
2122;-1678,4969482421875;69,7042236328125;79282,6796875;-8,369071006774902;-1012,5928955078125;7,376950263977051;0,6505854725837708;0,33345121145248413;0,1851135641336441;0,01114705391228199
2123;-1678,4969482421875;69,7042236328125;79282,6796875;20,58197784423828;-1011,0216064453125;11,326678276062012;0,6535809636116028;0,34348124265670776;0,18753542006015778;0,011345169506967068
2124;-1678,4969482421875;69,7042236328125;79282,6796875;15,64604377746582;-1014,94775390625;11,147889137268066;0,6436266303062439;0,3325600028038025;0,18386675417423248;0,011171347461640835
2125;-1678,4969482421875;69,7042236328125;79282,6796875;16,878028869628906;-995,1489868164062;11,714095115661621;0,6478712558746338;0,33702394366264343;0,18578675389289856;0,011356606148183346
2126;-1678,4969482421875;69,7042236328125;79282,6796875;-17,161863327026367;-992,620361328125;7,290110111236572;0,6435641050338745;0,33172059059143066;0,18449340760707855;0,011322181671857834
2127;-1678,4969482421875;69,7042236328125;79282,6796875;28,840635299682617;-996,5736694335938;13,022876739501953;0,6533474922180176;0,33354294300079346;0,18735343217849731;0,011588924564421177
2128;-1678,4969482421875;69,7042236328125;79282,6796875;-12,541796684265137;-991,3720092773438;8,561777114868164;0,6549838185310364;0,33097174763679504;0,18801678717136383;0,011680751107633114
2129;-1678,4969482421875;69,7042236328125;79282,6796875;-31,086597442626953;-981,1399536132812;6,892762184143066;0,6403769850730896;0,3280642628669739;0,18531154096126556;0,011474588885903358
2130;-1678,4969482421875;69,7042236328125;79282,6796875;-59,25213623046875;-964,7894287109375;4,148621559143066;0,6585278511047363;0,3344484865665436;0,1910625547170639;0,01193492766469717
2131;-1678,4969482421875;69,7042236328125;79282,6796875;-48,178314208984375;-965,262939453125;6,22104024887085;0,6475881338119507;0,329351007938385;0,18896281719207764;0,011775529012084007
2132;-1678,4969482421875;69,7042236328125;79282,6796875;-30,134933471679688;-951,095458984375;7,721624851226807;0,6366080641746521;0,3182271420955658;0,18608443439006805;0,011565906926989555
2133;-1678,4969482421875;69,7042236328125;79282,6796875;-22,088146209716797;-951,7172241210938;7,6510090827941895;0,6513336896896362;0,3379693627357483;0,1932092010974884;0,012054454535245895
2134;-1678,4969482421875;69,7042236328125;79282,6796875;-51,70734405517578;-925,6015014648438;4,284752368927002;0,6464894413948059;0,3269420266151428;0,19189146161079407;0,011973240412771702
2135;-1678,4969482421875;69,7042236328125;79282,6796875;-37,251548767089844;-921,822509765625;6,116952896118164;0,6475854516029358;0,3330383002758026;0,19417758285999298;0,012103580869734287
2136;-1678,4969482421875;69,7042236328125;79282,6796875;-108,4745101928711;-899,5538940429688;-3,146821975708008;0,6363863945007324;0,3265461027622223;0,19202159345149994;0,011922341771423817
2137;-1678,4969482421875;69,7042236328125;79282,6796875;-77,24346160888672;-892,0478515625;0,7065749764442444;0,6273967623710632;0,30945995450019836;0,18925543129444122;0,01171090267598629
2138;-1678,4969482421875;69,7042236328125;79282,6796875;-89,26807403564453;-878,7466430664062;-1,1319979429244995;0,6332457661628723;0,32280638813972473;0,1934872716665268;0,011974694207310677
2139;-1678,4969482421875;69,7042236328125;79282,6796875;-75,16983032226562;-851,7162475585938;-0,16748306155204773;0,6231496334075928;0,310617595911026;0,1910354048013687;0,011773969978094101
2140;-1678,4969482421875;69,7042236328125;79282,6796875;-96,8092269897461;-837,3956909179688;-2,3368093967437744;0,6017401218414307;0,2923576533794403;0,1851128339767456;0,011294237338006496
2141;-1678,4969482421875;69,7042236328125;79282,6796875;-93,86338806152344;-832,67578125;-0,2323027104139328;0,595565915107727;0,2962426245212555;0,18512080609798431;0,01125409733504057
2142;-1678,4969482421875;69,7042236328125;79282,6796875;-113,37251281738281;-809,0467529296875;-3,1572048664093018;0,5957868695259094;0,2943898141384125;0,1863071322441101;0,01130759809166193
2143;-1678,4969482421875;69,7042236328125;79282,6796875;-144,08245849609375;-798,17431640625;-5,538712024688721;0,5618510246276855;0,27068230509757996;0,1763877421617508;0,010519797913730145
2144;-1678,4969482421875;69,7042236328125;79282,6796875;-137,57911682128906;-796,4882202148438;-4,628328800201416;0,575252115726471;0,27804356813430786;0,18186256289482117;0,0108989542350173
2145;-1678,4969482421875;69,7042236328125;79282,6796875;-170,45751953125;-783,3815307617188;-8,31849193572998;0,5882471799850464;0,2848561406135559;0,18717488646507263;0,01125815138220787
2146;-1678,4969482421875;69,7042236328125;79282,6796875;-160,68324279785156;-756,4664306640625;-7,293520450592041;0,599279522895813;0,28351452946662903;0,19149133563041687;0,01153761800378561
2147;-1678,4969482421875;69,7042236328125;79282,6796875;-153,30809020996094;-766,5794677734375;-8,600359916687012;0,5979811549186707;0,28407958149909973;0,1922200322151184;0,011553673073649406
2148;-1678,4969482421875;69,7042236328125;79282,6796875;-176,2575225830078;-739,6353149414062;-8,581635475158691;0,5912915468215942;0,27926725149154663;0,19100411236286163;0,011425158940255642
2149;-1678,4969482421875;69,7042236328125;79282,6796875;-179,3567657470703;-724,0849609375;-9,28012466430664;0,6036994457244873;0,2795097231864929;0,1958131343126297;0,011739740148186684
2150;-1678,4969482421875;69,7042236328125;79282,6796875;-176,16734313964844;-721,2772216796875;-8,36463737487793;0,599776566028595;0,2724559009075165;0,19534975290298462;0,011661955155432224
2151;-1678,4969482421875;69,7042236328125;79282,6796875;-171,3180694580078;-707,5269165039062;-7,774480819702148;0,5951927304267883;0,26823437213897705;0,19463865458965302;0,011575284413993359
2152;-1678,4969482421875;69,7042236328125;79282,6796875;-185,53553771972656;-700,295654296875;-8,39721965789795;0,5918696522712708;0,261579304933548;0,19431281089782715;0,011501559056341648
2153;-1678,4969482421875;69,7042236328125;79282,6796875;-170,4351348876953;-687,271240234375;-5,592328071594238;0,5934937000274658;0,2634690999984741;0,1953968107700348;0,01156983245164156
2154;-1678,4969482421875;69,7042236328125;79282,6796875;-147,7891082763672;-676,3789672851562;-3,002033233642578;0,6035909056663513;0,26165059208869934;0,19946683943271637;0,011809011921286583
2155;-1678,4969482421875;69,7042236328125;79282,6796875;-195,59059143066406;-689,4749145507812;-6,63878059387207;0,590529203414917;0,2551068365573883;0,19556266069412231;0,011514554731547832
2156;-1678,4969482421875;69,7042236328125;79282,6796875;-209,35568237304688;-689,1640014648438;-10,56480884552002;0,5892414450645447;0,2491031289100647;0,19588814675807953;0,011467665433883667
2157;-1678,4969482421875;69,7042236328125;79282,6796875;-158,13299560546875;-680,2103881835938;-1,125433325767517;0,5891711115837097;0,2503225803375244;0,1957496553659439;0,011488646268844604
2158;-1678,4969482421875;69,7042236328125;79282,6796875;-151,10496520996094;-672,860107421875;-3,572406053543091;0,5703056454658508;0,24021226167678833;0,18964442610740662;0,011032664217054844
2159;-1678,4969482421875;69,7042236328125;79282,6796875;-134,5266876220703;-655,4287719726562;0,031044257804751396;0,5518994331359863;0,23094184696674347;0,18338195979595184;0,010572501458227634
2160;-1678,4969482421875;69,7042236328125;79282,6796875;-136,03871154785156;-662,9462280273438;-1,6072173118591309;0,5449013113975525;0,22593019902706146;0,18087172508239746;0,010385358706116676
2161;-1678,4969482421875;69,7042236328125;79282,6796875;-159,36544799804688;-656,134033203125;-2,561692953109741;0,5869930386543274;0,24030596017837524;0,19529657065868378;0,011412017978727818
2162;-1678,4969482421875;69,7042236328125;79282,6796875;-130,77462768554688;-633,1967163085938;1,4839073419570923;0,5496483445167542;0,22298982739448547;0,18242648243904114;0,010481096804141998
2163;-1678,4969482421875;69,7042236328125;79282,6796875;-142,76904296875;-629,4894409179688;-2,211921215057373;0,5495149493217468;0,2209566980600357;0,1822584718465805;0,010465476661920547
2164;-1678,4969482421875;69,7042236328125;79282,6796875;-145,04244995117188;-608,5449829101562;-3,6327075958251953;0,5635555982589722;0,22417940199375153;0,18625862896442413;0,010774985887110233
2165;-1678,4969482421875;69,7042236328125;79282,6796875;-137,21347045898438;-600,610107421875;-2,2457001209259033;0,5600732564926147;0,21957390010356903;0,18411199748516083;0,010631505399942398
2166;-1678,4969482421875;69,7042236328125;79282,6796875;-175,277099609375;-594,8206787109375;-7,528071880340576;0,5708450675010681;0,2242857664823532;0,18813440203666687;0,010919487103819847
2167;-1678,4969482421875;69,7042236328125;79282,6796875;-137,1754913330078;-570,4364013671875;-2,851651668548584;0,5706526637077332;0,22112461924552917;0,18696977198123932;0,010862038470804691
2168;-1678,4969482421875;69,7042236328125;79282,6796875;-185,17384338378906;-564,6824951171875;-9,239946365356445;0,5499483346939087;0,21025098860263824;0,17914316058158875;0,010313903912901878
2169;-1678,4969482421875;69,7042236328125;79282,6796875;-129,00172424316406;-529,3257446289062;-1,3516976833343506;0,5691892504692078;0,21825842559337616;0,18521912395954132;0,010768251493573189
2170;-1678,4969482421875;69,7042236328125;79282,6796875;-154,1240692138672;-517,737060546875;-6,170257091522217;0,559516191482544;0,2070857435464859;0,17977668344974518;0,010409115813672543
2171;-1678,4969482421875;69,7042236328125;79282,6796875;-139,02647399902344;-523,3741455078125;-5,853414058685303;0,5822349786758423;0,22155603766441345;0,18776853382587433;0,011011031456291676
2172;-1678,4969482421875;69,7042236328125;79282,6796875;-136,37353515625;-501,055419921875;-5,892215728759766;0,5712242126464844;0,21590781211853027;0,18309776484966278;0,010700314305722713
2173;-1678,4969482421875;69,7042236328125;79282,6796875;-141,82952880859375;-483,87042236328125;-6,376802444458008;0,5666418075561523;0,21457307040691376;0,18078915774822235;0,010555260814726353
2174;-1678,4969482421875;69,7042236328125;79282,6796875;-142,46334838867188;-469,5158386230469;-8,47214126586914;0,548549234867096;0,20195601880550385;0,17296166718006134;0,010029981844127178
2175;-1678,4969482421875;69,7042236328125;79282,6796875;-187,61514282226562;-460,7334289550781;-12,958810806274414;0,5808631181716919;0,2188156247138977;0,1829269379377365;0,010799494571983814
2176;-1678,4969482421875;69,7042236328125;79282,6796875;-209,12257385253906;-455,1966857910156;-17,609920501708984;0,5638036727905273;0,20953217148780823;0,1758778989315033;0,010325278155505657
2177;-1678,4969482421875;69,7042236328125;79282,6796875;-192,3336944580078;-437,7434387207031;-16,243650436401367;0,5632122755050659;0,21039599180221558;0,17464473843574524;0,010267295874655247
2178;-1678,4969482421875;69,7042236328125;79282,6796875;-179,87525939941406;-415,3902282714844;-14,884652137756348;0,5641638040542603;0,20854654908180237;0,1732831746339798;0,010219106450676918
2179;-1678,4969482421875;69,7042236328125;79282,6796875;-196,99815368652344;-404,67095947265625;-17,303852081298828;0,5617982149124146;0,20632728934288025;0,17099729180335999;0,010097051970660686
2180;-1678,4969482421875;69,7042236328125;79282,6796875;-194,25120544433594;-411,0765686035156;-17,47236442565918;0,5454064607620239;0,19475799798965454;0,1638178527355194;0,009605895727872849
2181;-1678,4969482421875;69,7042236328125;79282,6796875;-183,130615234375;-400,7068176269531;-17,15561866760254;0,5524209141731262;0,2023804634809494;0,16530953347682953;0,009752056561410427
2182;-1678,4969482421875;69,7042236328125;79282,6796875;-210,12918090820312;-396,8717041015625;-20,423173904418945;0,5565804243087769;0,19767090678215027;0,1642094999551773;0,009739307686686516
2183;-1678,4969482421875;69,7042236328125;79282,6796875;-221,81080627441406;-406,66473388671875;-23,391803741455078;0,5393480658531189;0,19525378942489624;0,158268541097641;0,009301779791712761
2184;-1678,4969482421875;69,7042236328125;79282,6796875;-167,0880584716797;-385,57342529296875;-17,27610206604004;0,5546348690986633;0,20202262699604034;0,16150127351284027;0,009602096863090992
2185;-1678,4969482421875;69,7042236328125;79282,6796875;-227,71914672851562;-386,09710693359375;-24,891111373901367;0,5556045174598694;0,19432656466960907;0,15921567380428314;0,009496410377323627
2186;-1678,4969482421875;69,7042236328125;79282,6796875;-214,26365661621094;-377,0699768066406;-23,844270706176758;0,5622435808181763;0,19724878668785095;0,15977533161640167;0,009585140272974968
2187;-1678,4969482421875;69,7042236328125;79282,6796875;-192,70556640625;-378,2547302246094;-22,595382690429688;0,5586408376693726;0,20456787943840027;0,1585291475057602;0,009495973587036133
2188;-1678,4969482421875;69,7042236328125;79282,6796875;-195,4945068359375;-370,9663391113281;-21,988279342651367;0,5783423781394958;0,21133512258529663;0,16263456642627716;0,00987214595079422
2189;-1678,4969482421875;69,7042236328125;79282,6796875;-199,41641235351562;-366,3995361328125;-23,025983810424805;0,5774990320205688;0,2147858440876007;0,16153544187545776;0,00980362668633461
2190;-1678,4969482421875;69,7042236328125;79282,6796875;-209,70114135742188;-362,08697509765625;-24,558927536010742;0,5775550007820129;0,20605655014514923;0,1590491533279419;0,0096691083163023
2191;-1678,4969482421875;69,7042236328125;79282,6796875;-226,7497100830078;-366,8024597167969;-27,058086395263672;0,5722494125366211;0,20620372891426086;0,15662133693695068;0,009490755386650562
2192;-1678,4969482421875;69,7042236328125;79282,6796875;-205,0750274658203;-363,8468933105469;-24,835289001464844;0,58230060338974;0,2140132188796997;0,15873287618160248;0,009668063372373581
2193;-1678,4969482421875;69,7042236328125;79282,6796875;-218,47740173339844;-370,99627685546875;-26,822072982788086;0,5774071216583252;0,21107672154903412;0,15615439414978027;0,009474985301494598
2194;-1678,4969482421875;69,7042236328125;79282,6796875;-202,77000427246094;-374,7776794433594;-25,26245880126953;0,5800190567970276;0,20813284814357758;0,15535593032836914;0,009429589845240116
2195;-1678,4969482421875;69,7042236328125;79282,6796875;-248,46676635742188;-387,70648193359375;-31,071762084960938;0,5948085188865662;0,2149195671081543;0,1585829257965088;0,0096912095323205
2196;-1678,4969482421875;69,7042236328125;79282,6796875;-202,01766967773438;-374,9263000488281;-24,870695114135742;0,5857968926429749;0,21235153079032898;0,15545721352100372;0,009418505243957043
2197;-1678,4969482421875;69,7042236328125;79282,6796875;-193,4539337158203;-374,3816833496094;-23,967453002929688;0,6047820448875427;0,22475332021713257;0,16046497225761414;0,009791837073862553
2198;-1678,4969482421875;69,7042236328125;79282,6796875;-197,64956665039062;-385,71466064453125;-25,82559585571289;0,6120427250862122;0,22690270841121674;0,16172003746032715;0,009868529625236988
2199;-1678,4969482421875;69,7042236328125;79282,6796875;-200,22634887695312;-389,55535888671875;-25,432720184326172;0,6201847791671753;0,2302502989768982;0,16342659294605255;0,009967158548533916
2200;-1678,4969482421875;69,7042236328125;79282,6796875;-135,42800903320312;-375,4422912597656;-18,548593521118164;0,6001800298690796;0,21500849723815918;0,15689519047737122;0,009407110512256622
2201;-1678,4969482421875;69,7042236328125;79282,6796875;-169,2050323486328;-383,53857421875;-21,937902450561523;0,6145574450492859;0,22156068682670593;0,1606263518333435;0,00964908953756094
2202;-1678,4969482421875;69,7042236328125;79282,6796875;-193,84857177734375;-391,27911376953125;-25,563684463500977;0,620357871055603;0,23162107169628143;0,162984699010849;0,009748107753694057
2203;-1678,4969482421875;69,7042236328125;79282,6796875;-204,18089294433594;-392,76898193359375;-26,899250030517578;0,620526134967804;0,22216017544269562;0,1620534360408783;0,009617641568183899
2204;-1678,4969482421875;69,7042236328125;79282,6796875;-151,56912231445312;-384,04644775390625;-20,560909271240234;0,5965437293052673;0,1985897421836853;0,15447017550468445;0,00893027987331152
2205;-1678,4969482421875;69,7042236328125;79282,6796875;-189,10862731933594;-388,8387145996094;-25,780858993530273;0,600972592830658;0,19927169382572174;0,1559428721666336;0,008949649520218372
2206;-1678,4969482421875;69,7042236328125;79282,6796875;-177,9635009765625;-389,2117614746094;-24,343647003173828;0,6009674668312073;0,19016215205192566;0,15563221275806427;0,008806080557405949
2207;-1678,4969482421875;69,7042236328125;79282,6796875;-173,8099365234375;-400,15911865234375;-23,328292846679688;0,5959213972091675;0,1918439120054245;0,15526612102985382;0,00866581778973341
2208;-1678,4969482421875;69,7042236328125;79282,6796875;-179,78128051757812;-400,6746520996094;-24,05729103088379;0,6106025576591492;0,19950906932353973;0,1601259559392929;0,008925865404307842
2209;-1678,4969482421875;69,7042236328125;79282,6796875;-199,46432495117188;-409,08380126953125;-26,87611961364746;0,610813558101654;0,20353645086288452;0,16140681505203247;0,008898449130356312
2210;-1678,4969482421875;69,7042236328125;79282,6796875;-153,62185668945312;-392,8575439453125;-20,682416915893555;0,6055832505226135;0,20950078964233398;0,16159063577651978;0,008778747171163559
2211;-1678,4969482421875;69,7042236328125;79282,6796875;-162,21841430664062;-391,2668762207031;-21,765682220458984;0,6198676228523254;0,21167145669460297;0,16625426709651947;0,008992590010166168
2212;-1678,4969482421875;69,7042236328125;79282,6796875;-141,29310607910156;-387,46209716796875;-18,403718948364258;0,6258803009986877;0,21654589474201202;0,16923737525939941;0,009070474654436111
2213;-1678,4969482421875;69,7042236328125;79282,6796875;-171,02960205078125;-388,88751220703125;-22,40496253967285;0,615105926990509;0,19882644712924957;0,166606605052948;0,008700665086507797
2214;-1678,4969482421875;69,7042236328125;79282,6796875;-154,59617614746094;-383,8154296875;-20,365196228027344;0,6017215251922607;0,19659005105495453;0,16442222893238068;0,008390141651034355
2215;-1678,4969482421875;69,7042236328125;79282,6796875;-111,7483139038086;-381,7405090332031;-15,747486114501953;0,6142293214797974;0,19251486659049988;0,16874554753303528;0,008527174592018127
2216;-1678,4969482421875;69,7042236328125;79282,6796875;-125,75746154785156;-394,96246337890625;-17,317855834960938;0,6369062662124634;0,19497354328632355;0,1762840449810028;0,008882422931492329
2217;-1678,4969482421875;69,7042236328125;79282,6796875;-143,8424072265625;-398,59033203125;-19,011817932128906;0,592862069606781;0,1809745728969574;0,1655740588903427;0,007965600118041039
2218;-1678,4969482421875;69,7042236328125;79282,6796875;-125,87550354003906;-404,1031188964844;-17,981454849243164;0,5729185342788696;0,16865450143814087;0,16121050715446472;0,007468030322343111
2219;-1678,4969482421875;69,7042236328125;79282,6796875;-118,1270523071289;-407,505615234375;-17,004180908203125;0,5850042104721069;0,17494934797286987;0,16628707945346832;0,007688505109399557
2220;-1678,4969482421875;69,7042236328125;79282,6796875;-120,50407409667969;-404,9446716308594;-16,633716583251953;0,597450852394104;0,17052733898162842;0,1711391806602478;0,007822840474545956
2221;-1678,4969482421875;69,7042236328125;79282,6796875;-131,11875915527344;-423,5126037597656;-17,024322509765625;0,6026315093040466;0,1585596352815628;0,17389948666095734;0,007743551395833492
2222;-1678,4969482421875;69,7042236328125;79282,6796875;-132,32955932617188;-429,375732421875;-16,555255889892578;0,5709415674209595;0,17036843299865723;0,16693583130836487;0,007278003729879856
2223;-1678,4969482421875;69,7042236328125;79282,6796875;-106,51104736328125;-433,9029846191406;-13,42569637298584;0,5618060827255249;0,15608341991901398;0,16551032662391663;0,006960701663047075
2224;-1678,4969482421875;69,7042236328125;79282,6796875;-96,89849853515625;-444,5454406738281;-11,876215934753418;0,5724809169769287;0,1567821353673935;0,17021909356117249;0,007115090265870094
2225;-1678,4969482421875;69,7042236328125;79282,6796875;-99,9406967163086;-459,35272216796875;-12,02794075012207;0,5651482939720154;0,15289250016212463;0,16960211098194122;0,006916529964655638
2226;-1678,4969482421875;69,7042236328125;79282,6796875;-79,00353240966797;-468,65435791015625;-8,941793441772461;0,5647671222686768;0,15160439908504486;0,1710422784090042;0,006861465983092785
2227;-1678,4969482421875;69,7042236328125;79282,6796875;-70,31291961669922;-482,234375;-7,089401721954346;0,5356918573379517;0,14469264447689056;0,16372202336788177;0,00625249557197094
2228;-1678,4969482421875;69,7042236328125;79282,6796875;-87,61180877685547;-493,1728515625;-8,812171936035156;0,5442231893539429;0,14856554567813873;0,16782402992248535;0,0064118653535842896
2229;-1678,4969482421875;69,7042236328125;79282,6796875;-77,78439331054688;-502,3992919921875;-7,546516418457031;0,5398479104042053;0,14919495582580566;0,16789960861206055;0,00630928622558713
2230;-1678,4969482421875;69,7042236328125;79282,6796875;-93,49396514892578;-500,8325500488281;-8,663602828979492;0,5579639673233032;0,15915343165397644;0,1749390810728073;0,006695218849927187
2231;-1678,4969482421875;69,7042236328125;79282,6796875;-96,12751770019531;-520,0625;-8,678309440612793;0,548093318939209;0,15167829394340515;0,17329087853431702;0,006422077771276236
2232;-1678,4969482421875;69,7042236328125;79282,6796875;-85,6038589477539;-526,6810302734375;-6,505565643310547;0,5424870252609253;0,15508854389190674;0,1727529615163803;0,006328627932816744
2233;-1678,4969482421875;69,7042236328125;79282,6796875;-122,66300201416016;-545,6297607421875;-10,95412540435791;0,5510842800140381;0,15680932998657227;0,17685271799564362;0,006473534740507603
2234;-1678,4969482421875;69,7042236328125;79282,6796875;-78,36736297607422;-558,8006591796875;-4,6391520500183105;0,5404215455055237;0,15912985801696777;0,1744662970304489;0,00627616373822093
2235;-1678,4969482421875;69,7042236328125;79282,6796875;-97,45264434814453;-572,4817504882812;-6,694718837738037;0,5499328374862671;0,1634223312139511;0,178690567612648;0,0064655933529138565
2236;-1678,4969482421875;69,7042236328125;79282,6796875;-82,85359191894531;-581,3619995117188;-4,0941362380981445;0,5436216592788696;0,16386699676513672;0,17765456438064575;0,006331269629299641
2237;-1678,4969482421875;69,7042236328125;79282,6796875;-98,95806121826172;-599,0082397460938;-5,886385440826416;0,5413197875022888;0,1617908477783203;0,17812861502170563;0,006255748216062784
2238;-1678,4969482421875;69,7042236328125;79282,6796875;-80,13145446777344;-601,7398071289062;-2,8117427825927734;0,5423670411109924;0,1654592901468277;0,1792849749326706;0,0062861936166882515
2239;-1678,4969482421875;69,7042236328125;79282,6796875;-85,60491943359375;-616,1785278320312;-3,8135457038879395;0,5367807745933533;0,16580218076705933;0,17828813195228577;0,0061682951636612415
2240;-1678,4969482421875;69,7042236328125;79282,6796875;-72,70702362060547;-619,5057373046875;-1,662493348121643;0,5330392122268677;0,16551469266414642;0,17796143889427185;0,006082405336201191
2241;-1678,4969482421875;69,7042236328125;79282,6796875;-68,84959411621094;-636,3424072265625;-0,39680710434913635;0,528329074382782;0,16505369544029236;0,17728184163570404;0,005976913031190634
2242;-1678,4969482421875;69,7042236328125;79282,6796875;-72,17822265625;-641,5994873046875;-0,40449652075767517;0,5286875367164612;0,16794796288013458;0,1779666692018509;0,005994747392833233
2243;-1678,4969482421875;69,7042236328125;79282,6796875;-74,4159927368164;-659,426025390625;-0,5191333293914795;0,5319741368293762;0,1713513284921646;0,1796416938304901;0,006073473021388054
2244;-1678,4969482421875;69,7042236328125;79282,6796875;-90,7295150756836;-661,6022338867188;-2,3540914058685303;0,5397288203239441;0,1761350780725479;0,18280303478240967;0,00624833395704627
2245;-1678,4969482421875;69,7042236328125;79282,6796875;-97,29908752441406;-673,8239135742188;-2,553745985031128;0,5329843759536743;0,17799338698387146;0,18014401197433472;0,006096152123063803
2246;-1678,4969482421875;69,7042236328125;79282,6796875;-112,77967834472656;-680,8121948242188;-4,264987468719482;0,49463334679603577;0,16482926905155182;0,16900525987148285;0,005275296047329903
2247;-1678,4969482421875;69,7042236328125;79282,6796875;-140,15921020507812;-673,1107177734375;-7,791369438171387;0,5015887022018433;0,16968582570552826;0,17192941904067993;0,005449771881103516
2248;-1678,4969482421875;69,7042236328125;79282,6796875;-106,99361419677734;-680,8397216796875;-2,655517578125;0,48060980439186096;0,16534210741519928;0,16478058695793152;0,0049796137027442455
2249;-1678,4969482421875;69,7042236328125;79282,6796875;-108,09422302246094;-694,9143676757812;-2,9733524322509766;0,49545666575431824;0,17395588755607605;0,1722467690706253;0,005206154193729162
2250;-1678,4969482421875;69,7042236328125;79282,6796875;-118,89371490478516;-705,0344848632812;-3,8561978340148926;0,5233949422836304;0,18747568130493164;0,1817483752965927;0,005868402775377035
2251;-1678,4969482421875;69,7042236328125;79282,6796875;-103,90819549560547;-722,30810546875;-1,3436177968978882;0,52252596616745;0,1861455887556076;0,17758409678936005;0,005934219341725111
2252;-1678,4969482421875;69,7042236328125;79282,6796875;-108,79752349853516;-731,6232299804688;-1,8605784177780151;0,5371912121772766;0,19322624802589417;0,18227988481521606;0,006273665465414524
2253;-1678,4969482421875;69,7042236328125;79282,6796875;-87,47754669189453;-749,4757690429688;1,5577365159988403;0,5292962193489075;0,19639654457569122;0,1814480870962143;0,006202039774507284
2254;-1678,4969482421875;69,7042236328125;79282,6796875;-114,03620147705078;-755,321533203125;-1,519331455230713;0,5237502455711365;0,19587372243404388;0,17879407107830048;0,006098555400967598
2255;-1678,4969482421875;69,7042236328125;79282,6796875;-103,78961181640625;-759,0109252929688;-0,1078190803527832;0,5257715582847595;0,1974138766527176;0,17847540974617004;0,006135774776339531
2256;-1678,4969482421875;69,7042236328125;79282,6796875;-112,48611450195312;-764,9242553710938;-1,1356403827667236;0,5606584548950195;0,2104460597038269;0,18899734318256378;0,006874952465295792
2257;-1678,4969482421875;69,7042236328125;79282,6796875;-86,55677032470703;-775,6239013671875;2,804457426071167;0,5377511978149414;0,20817577838897705;0,18219439685344696;0,006480670068413019
2258;-1678,4969482421875;69,7042236328125;79282,6796875;-95,3364486694336;-778,5254516601562;1,1791778802871704;0,5530356764793396;0,21234503388404846;0,18550457060337067;0,006771378219127655
2259;-1678,4969482421875;69,7042236328125;79282,6796875;-93,57231903076172;-790,41259765625;2,0371506214141846;0,5569232106208801;0,21896889805793762;0,187040776014328;0,0069330353289842606
2260;-1678,4969482421875;69,7042236328125;79282,6796875;-73,18311309814453;-808,7332153320312;4,722871780395508;0,5654046535491943;0,21945051848888397;0,18771329522132874;0,007057799957692623
2261;-1678,4969482421875;69,7042236328125;79282,6796875;-16,735755920410156;-836,6959228515625;13,183835983276367;0,5895199179649353;0,2327321469783783;0,1953394114971161;0,007624129299074411
2262;-1678,4969482421875;69,7042236328125;79282,6796875;-19,75712013244629;-840,6058349609375;11,945854187011719;0,5684504508972168;0,2311374843120575;0,18870876729488373;0,007282453589141369
2263;-1678,4969482421875;69,7042236328125;79282,6796875;-41,179969787597656;-846,1182250976562;9,664929389953613;0,5598993301391602;0,23080945014953613;0,1852322369813919;0,007151638623327017
2264;-1678,4969482421875;69,7042236328125;79282,6796875;-3,455617666244507;-871,864990234375;14,879521369934082;0,5610689520835876;0,23357127606868744;0,18467065691947937;0,007213955279439688
2265;-1678,4969482421875;69,7042236328125;79282,6796875;9,205803871154785;-883,2088012695312;15,565834999084473;0,5803088545799255;0,23987935483455658;0,18903271853923798;0,0076084500178694725
2266;-1678,4969482421875;69,7042236328125;79282,6796875;-1,2767482995986938;-898,3596801757812;14,503750801086426;0,5827827453613281;0,24567840993404388;0,1893889158964157;0,0077346982434391975
2267;-1678,4969482421875;69,7042236328125;79282,6796875;31,138334274291992;-912,925048828125;18,52446746826172;0,5938748121261597;0,24961741268634796;0,19116999208927155;0,007970782928168774
2268;-1678,4969482421875;69,7042236328125;79282,6796875;34,90694808959961;-944,3530883789062;18,8834285736084;0,5918470621109009;0,25647440552711487;0,19060425460338593;0,008037149906158447
2269;-1678,4969482421875;69,7042236328125;79282,6796875;37,825050354003906;-954,3404541015625;18,72890853881836;0,5811322331428528;0,24912434816360474;0,18490521609783173;0,007805190980434418
2270;-1678,4969482421875;69,7042236328125;79282,6796875;-2,4492573738098145;-955,2073974609375;13,567429542541504;0,599458634853363;0,26084598898887634;0,1899162381887436;0,008257899433374405
2271;-1678,4969482421875;69,7042236328125;79282,6796875;79,9176025390625;-991,2095336914062;24,527729034423828;0,6024670600891113;0,2600614130496979;0,1886475831270218;0,008316326886415482
2272;-1678,4969482421875;69,7042236328125;79282,6796875;94,10433959960938;-998,6895141601562;26,145061492919922;0,6111897826194763;0,265738308429718;0,19005078077316284;0,008545899763703346
2273;-1678,4969482421875;69,7042236328125;79282,6796875;103,32780456542969;-996,8585815429688;25,811439514160156;0,6103960275650024;0,2728147804737091;0,18965786695480347;0,008645514957606792
2274;-1678,4969482421875;69,7042236328125;79282,6796875;82,48143768310547;-1002,775146484375;23,317787170410156;0,6199197769165039;0,27661868929862976;0,19077512621879578;0,008870700374245644
2275;-1678,4969482421875;69,7042236328125;79282,6796875;122,46823120117188;-1008,793212890625;28,65738296508789;0,6220235824584961;0,2742871344089508;0,18898726999759674;0,008907878771424294
2276;-1678,4969482421875;69,7042236328125;79282,6796875;68,70085144042969;-1005,182373046875;20,701480865478516;0,6199589371681213;0,2869509160518646;0,18951277434825897;0,009054906666278839
2277;-1678,4969482421875;69,7042236328125;79282,6796875;91,58259582519531;-1015,270263671875;22,93781280517578;0,6477787494659424;0,2894324064254761;0,1940910667181015;0,00955555122345686
2278;-1678,4969482421875;69,7042236328125;79282,6796875;133,1623077392578;-1027,0023193359375;28,835996627807617;0,6150283217430115;0,29215288162231445;0,18620480597019196;0,0091097392141819
2279;-1678,4969482421875;69,7042236328125;79282,6796875;151,0232391357422;-1032,441162109375;30,250930786132812;0,6567513942718506;0,30225661396980286;0,19511474668979645;0,009917737916111946
2280;-1678,4969482421875;69,7042236328125;79282,6796875;127,41228485107422;-1036,749267578125;28,265522003173828;0,6469231247901917;0,30475205183029175;0,19201478362083435;0,009838133119046688
2281;-1678,4969482421875;69,7042236328125;79282,6796875;99,28466796875;-1035,412353515625;23,44084358215332;0,6780176162719727;0,31602737307548523;0,19894586503505707;0,010489876382052898
2282;-1678,4969482421875;69,7042236328125;79282,6796875;122,57415008544922;-1040,7606201171875;26,84134292602539;0,6756364107131958;0,3183659613132477;0,19737625122070312;0,010528753511607647
2283;-1678,4969482421875;69,7042236328125;79282,6796875;86,04033660888672;-1035,320068359375;21,98630142211914;0,6573017239570618;0,3155860900878906;0,19178339838981628;0,010271201841533184
2284;-1678,4969482421875;69,7042236328125;79282,6796875;84,67080688476562;-1040,5250244140625;21,110721588134766;0,6467770338058472;0,3139741122722626;0,18807238340377808;0,010146542452275753
2285;-1678,4969482421875;69,7042236328125;79282,6796875;99,79862976074219;-1060,13427734375;23,760969161987305;0,6750971078872681;0,32668396830558777;0,19478759169578552;0,010778486728668213
2286;-1678,4969482421875;69,7042236328125;79282,6796875;91,17121887207031;-1060,1357421875;22,492477416992188;0,6515214443206787;0,3303239345550537;0,18984630703926086;0,01048130914568901
2287;-1678,4969482421875;69,7042236328125;79282,6796875;101,31829071044922;-1065,065185546875;23,948467254638672;0,6649062633514404;0,3395605683326721;0,19314002990722656;0,0108401570469141
2288;-1678,4969482421875;69,7042236328125;79282,6796875;110,14314270019531;-1061,2608642578125;23,512088775634766;0,6640163064002991;0,3333737254142761;0,19077077507972717;0,010852055624127388
2289;-1678,4969482421875;69,7042236328125;79282,6796875;84,15171813964844;-1049,560546875;21,02226448059082;0,6463873982429504;0,3336668014526367;0,18668799102306366;0,010623235255479813
2290;-1678,4969482421875;69,7042236328125;79282,6796875;53,226932525634766;-1043,9708251953125;17,487253189086914;0,6797484755516052;0,34359461069107056;0,19416126608848572;0,011340520344674587
2291;-1678,4969482421875;69,7042236328125;79282,6796875;55,78620910644531;-1037,30078125;16,895517349243164;0,6571698784828186;0,33355820178985596;0,1873905211687088;0,010954741388559341
2292;-1678,4969482421875;69,7042236328125;79282,6796875;62,853206634521484;-1035,0516357421875;17,86483383178711;0,659662663936615;0,33737021684646606;0,18811842799186707;0,011100083589553833
2293;-1678,4969482421875;69,7042236328125;79282,6796875;76,41204071044922;-1038,9141845703125;19,962594985961914;0,6541090607643127;0,3333933651447296;0,1859896332025528;0,011048633605241776
2294;-1678,4969482421875;69,7042236328125;79282,6796875;77,2989501953125;-1051,586181640625;20,454086303710938;0,6301320791244507;0,3287883698940277;0,1803838014602661;0,010669661685824394
2295;-1678,4969482421875;69,7042236328125;79282,6796875;108,57383728027344;-1049,46044921875;22,992279052734375;0,6517751216888428;0,337739497423172;0,1860729604959488;0,011192107573151588
2296;-1678,4969482421875;69,7042236328125;79282,6796875;79,7546157836914;-1047,857666015625;19,81981658935547;0,6482366919517517;0,34071284532546997;0,1859876662492752;0,011226936243474483
2297;-1678,4969482421875;69,7042236328125;79282,6796875;114,16942596435547;-1058,48583984375;24,949419021606445;0,6451977491378784;0,33622708916664124;0,18477827310562134;0,011218918487429619
2298;-1678,4969482421875;69,7042236328125;79282,6796875;81,54302978515625;-1059,3720703125;21,990604400634766;0,638659656047821;0,3323265314102173;0,18314199149608612;0,011153425090014935
2299;-1678,4969482421875;69,7042236328125;79282,6796875;83,40262603759766;-1060,5819091796875;21,156070709228516;0,6652305126190186;0,3473059833049774;0,19140928983688354;0,01181527879089117
2300;-1678,4969482421875;69,7042236328125;79282,6796875;56,55439758300781;-1060,8604736328125;18,11920928955078;0,6375704407691956;0,3297668695449829;0,1835089921951294;0,011273983865976334
2301;-1678,4969482421875;69,7042236328125;79282,6796875;44,75455856323242;-1041,2794189453125;15,894021034240723;0,6676855087280273;0,3361281752586365;0,19145959615707397;0,011945226229727268
2302;-1678,4969482421875;69,7042236328125;79282,6796875;43,041786193847656;-1050,56982421875;18,335378646850586;0,6427876949310303;0,33032241463661194;0,1861548125743866;0,011530904099345207
2303;-1678,4969482421875;69,7042236328125;79282,6796875;19,93759536743164;-1048,74267578125;14,233003616333008;0,6642226576805115;0,33833256363868713;0,19286054372787476;0,012064307928085327
2304;-1678,4969482421875;69,7042236328125;79282,6796875;54,180641174316406;-1065,98828125;20,293437957763672;0,6606317162513733;0,3376120328903198;0,19300249218940735;0,012071187607944012
2305;-1678,4969482421875;69,7042236328125;79282,6796875;20,042709350585938;-1059,32666015625;15,579631805419922;0,6413206458091736;0,33109766244888306;0,18890036642551422;0,011744300834834576
2306;-1678,4969482421875;69,7042236328125;79282,6796875;54,113746643066406;-1070,019287109375;20,690881729125977;0,6368109583854675;0,32105717062950134;0,18769125640392303;0,011666743084788322
2307;-1678,4969482421875;69,7042236328125;79282,6796875;18,43947410583496;-1048,457275390625;15,613471031188965;0,6573647856712341;0,3379093408584595;0,19583065807819366;0,012245796620845795
2308;-1678,4969482421875;69,7042236328125;79282,6796875;59,60890579223633;-1058,39111328125;21,982044219970703;0,6430249810218811;0,32870185375213623;0,19259941577911377;0,011986173689365387
2309;-1678,4969482421875;69,7042236328125;79282,6796875;67,00479125976562;-1061,8634033203125;22,630355834960938;0,624276340007782;0,3166869878768921;0,1879786252975464;0,01161914225667715
2310;-1678,4969482421875;69,7042236328125;79282,6796875;73,33604431152344;-1049,4468994140625;21,383548736572266;0,6272000670433044;0,31488320231437683;0,18982894718647003;0,011737958528101444
2311;-1678,4969482421875;69,7042236328125;79282,6796875;43,526123046875;-1044,51123046875;19,205751419067383;0,6135869026184082;0,30866700410842896;0,18710105121135712;0,011498682200908661
2312;-1678,4969482421875;69,7042236328125;79282,6796875;25,34714698791504;-1033,6201171875;16,940893173217773;0,6085850596427917;0,29675599932670593;0,18600454926490784;0,011389205232262611
2313;-1678,4969482421875;69,7042236328125;79282,6796875;13,718663215637207;-1033,033935546875;15,301451683044434;0,5897297859191895;0,28740110993385315;0,18156158924102783;0,011016318574547768
2314;-1678,4969482421875;69,7042236328125;79282,6796875;-5,631677627563477;-1030,3331298828125;13,298761367797852;0,5932426452636719;0,2892678678035736;0,18398545682430267;0,011165016330778599
2315;-1678,4969482421875;69,7042236328125;79282,6796875;-3,3106436729431152;-1024,9942626953125;15,441614151000977;0,5924325585365295;0,2913154661655426;0,18521954119205475;0,01121800858527422
2316;-1678,4969482421875;69,7042236328125;79282,6796875;-38,7819938659668;-1000,4515380859375;11,344012260437012;0,5904369950294495;0,29247432947158813;0,1859859824180603;0,011232327669858932
2317;-1678,4969482421875;69,7042236328125;79282,6796875;-32,901424407958984;-981,2245483398438;10,397178649902344;0,5860573649406433;0,2907359004020691;0,18580399453639984;0,011173774488270283
2318;-1678,4969482421875;69,7042236328125;79282,6796875;-28,903181076049805;-975,0360717773438;11,769973754882812;0,6001144647598267;0,2910718619823456;0,19103579223155975;0,011532517150044441
2319;-1678,4969482421875;69,7042236328125;79282,6796875;-44,67803192138672;-952,7431640625;10,665923118591309;0,6010616421699524;0,2924458682537079;0,19249670207500458;0,011592729017138481
2320;-1678,4969482421875;69,7042236328125;79282,6796875;-56,94021224975586;-950,5699462890625;8,815853118896484;0,5926138758659363;0,2823546528816223;0,19057729840278625;0,011422271840274334
2321;-1678,4969482421875;69,7042236328125;79282,6796875;-33,34223937988281;-929,865234375;12,509204864501953;0,5992897748947144;0,2802523076534271;0,19355377554893494;0,011601484380662441
2322;-1678,4969482421875;69,7042236328125;79282,6796875;-45,92802810668945;-936,243408203125;11,764002799987793;0,5865549445152283;0,26943543553352356;0,19026125967502594;0,01131721306592226
2323;-1678,4969482421875;69,7042236328125;79282,6796875;-69,08698272705078;-925,5973510742188;10,187962532043457;0,5807996988296509;0,264182984828949;0,18921522796154022;0,011203162372112274
2324;-1678,4969482421875;69,7042236328125;79282,6796875;-74,22578430175781;-898,1993408203125;9,52997875213623;0,5882855653762817;0,2652369737625122;0,19241826236248016;0,011404601857066154
2325;-1678,4969482421875;69,7042236328125;79282,6796875;-70,64450073242188;-895,1023559570312;9,324869155883789;0,5875542759895325;0,2621925473213196;0,19288037717342377;0,011404751800000668
2326;-1678,4969482421875;69,7042236328125;79282,6796875;-47,99214553833008;-889,3937377929688;12,637161254882812;0,60650634765625;0,2671979069709778;0,19977766275405884;0,011868774890899658
2327;-1678,4969482421875;69,7042236328125;79282,6796875;-77,10344696044922;-877,4797973632812;8,673108100891113;0,5967671871185303;0,26190367341041565;0,19705504179000854;0,011653111316263676
2328;-1678,4969482421875;69,7042236328125;79282,6796875;-79,72174072265625;-868,6463012695312;8,511393547058105;0,5891576409339905;0,2543228268623352;0,19513094425201416;0,01147550530731678
2329;-1678,4969482421875;69,7042236328125;79282,6796875;-93,17705535888672;-855,1921997070312;8,191914558410645;0,5638673901557922;0,2433389574289322;0,18688665330410004;0,010871524922549725
2330;-1678,4969482421875;69,7042236328125;79282,6796875;-69,17768859863281;-852,0201416015625;10,861921310424805;0,566830039024353;0,24129079282283783;0,18823985755443573;0,010943557135760784
2331;-1678,4969482421875;69,7042236328125;79282,6796875;-106,05870056152344;-851,6399536132812;5,210026264190674;0,5825731158256531;0,24408134818077087;0,1939982771873474;0,011323940940201283
2332;-1678,4969482421875;69,7042236328125;79282,6796875;-80,65937042236328;-840,853515625;8,427019119262695;0,5811029076576233;0,24407808482646942;0,19271209836006165;0,01125126238912344
2333;-1678,4969482421875;69,7042236328125;79282,6796875;-74,88648986816406;-833,7918701171875;9,607755661010742;0,5971246957778931;0,24723030626773834;0,1983238160610199;0,01164412871003151
2334;-1678,4969482421875;69,7042236328125;79282,6796875;-132,64317321777344;-789,119873046875;4,569496154785156;0,5511277914047241;0,2257443219423294;0,18303200602531433;0,01052922010421753
2335;-1678,4969482421875;69,7042236328125;79282,6796875;-101,20953369140625;-797,7062377929688;5,749301910400391;0,5513914227485657;0,22355538606643677;0,18274614214897156;0,010510881431400776
2336;-1678,4969482421875;69,7042236328125;79282,6796875;-119,8596420288086;-790,6779174804688;3,4253883361816406;0,5623810887336731;0,22619101405143738;0,1866898238658905;0,010781065560877323
2337;-1678,4969482421875;69,7042236328125;79282,6796875;-106,36660766601562;-770,1538696289062;4,748741149902344;0,5774579644203186;0,23056147992610931;0,19146397709846497;0,011128603480756283
2338;-1678,4969482421875;69,7042236328125;79282,6796875;-70,01420593261719;-758,5630493164062;8,373259544372559;0,5488653779029846;0,21621344983577728;0,18095192313194275;0,01038816012442112
2339;-1678,4969482421875;69,7042236328125;79282,6796875;-87,4646987915039;-754,576171875;7,554989337921143;0,5603848695755005;0,21874864399433136;0,18417693674564362;0,010638526640832424
2340;-1678,4969482421875;69,7042236328125;79282,6796875;-84,00675201416016;-747,2835083007812;8,440491676330566;0,562719464302063;0,2198270708322525;0,18494752049446106;0,010688897222280502
2341;-1678,4969482421875;69,7042236328125;79282,6796875;-46,70529556274414;-738,6299438476562;11,229954719543457;0,5729332566261292;0,2229081690311432;0,18773025274276733;0,01090670470148325
2342;-1678,4969482421875;69,7042236328125;79282,6796875;-71,2961654663086;-723,5424194335938;7,874011516571045;0,57599937915802;0,22270680963993073;0,1878858059644699;0,010945647954940796
2343;-1678,4969482421875;69,7042236328125;79282,6796875;-77,66166687011719;-717,4816284179688;7,002079010009766;0,5716472268104553;0,21925516426563263;0,18543343245983124;0,010797807946801186
2344;-1678,4969482421875;69,7042236328125;79282,6796875;-56,10366439819336;-719,369140625;8,516777038574219;0,581605076789856;0,22295081615447998;0,1878955066204071;0,011002717539668083
2345;-1678,4969482421875;69,7042236328125;79282,6796875;-74,82291412353516;-701,1007080078125;5,057819366455078;0,5576318502426147;0,208120197057724;0,17816367745399475;0,010342356748878956
2346;-1678,4969482421875;69,7042236328125;79282,6796875;-58,0546760559082;-680,4067993164062;7,429564476013184;0,5633162260055542;0,21262459456920624;0,17955398559570312;0,010462547652423382
2347;-1678,4969482421875;69,7042236328125;79282,6796875;-51,79290771484375;-662,0203857421875;7,823680400848389;0,563887357711792;0,2152266651391983;0,17916172742843628;0,01044867280870676
2348;-1678,4969482421875;69,7042236328125;79282,6796875;-60,61442947387695;-664,3211059570312;7,641422271728516;0,5621525645256042;0,2120027393102646;0,1770235151052475;0,010343736037611961
2349;-1678,4969482421875;69,7042236328125;79282,6796875;-36,214630126953125;-661,92626953125;8,992371559143066;0,5693531632423401;0,21225593984127045;0,177666574716568;0,010448293760418892
2350;-1678,4969482421875;69,7042236328125;79282,6796875;-40,4388313293457;-660,5601806640625;7,2879862785339355;0,5581298470497131;0,2038230448961258;0,17222367227077484;0,010096757672727108
2351;-1678,4969482421875;69,7042236328125;79282,6796875;-17,275632858276367;-647,122314453125;10,572335243225098;0,557103157043457;0,20570634305477142;0,1709977686405182;0,01003583800047636
2352;-1678,4969482421875;69,7042236328125;79282,6796875;15,543004989624023;-632,43701171875;14,94293212890625;0,5561790466308594;0,20394878089427948;0,16915687918663025;0,009945088997483253
2353;-1678,4969482421875;69,7042236328125;79282,6796875;10,100570678710938;-624,1837158203125;12,613682746887207;0,5614594221115112;0,20805266499519348;0,16970975697040558;0,010027455165982246
2354;-1678,4969482421875;69,7042236328125;79282,6796875;-14,746955871582031;-611,2286376953125;8,971104621887207;0,5502917766571045;0,19885040819644928;0,16417339444160461;0,009667004458606243
2355;-1678,4969482421875;69,7042236328125;79282,6796875;-7,72137451171875;-608,2020874023438;9,289667129516602;0,5501489043235779;0,19752149283885956;0,16253486275672913;0,009591239504516125
2356;-1678,4969482421875;69,7042236328125;79282,6796875;8,292350769042969;-589,3684692382812;11,119976997375488;0,5452440977096558;0,1917056143283844;0,15910273790359497;0,00937835406512022
2357;-1678,4969482421875;69,7042236328125;79282,6796875;19,304168701171875;-580,975341796875;11,738943099975586;0,5570975542068481;0,19254428148269653;0,1606658548116684;0,009558077901601791
2358;-1678,4969482421875;69,7042236328125;79282,6796875;9,543693542480469;-571,617431640625;9,992660522460938;0,5565729141235352;0,19394102692604065;0,1593097746372223;0,009494946338236332
2359;-1678,4969482421875;69,7042236328125;79282,6796875;2,715209722518921;-555,1277465820312;8,725454330444336;0,587300181388855;0,21060997247695923;0,1674276888370514;0,010174654424190521
2360;-1678,4969482421875;69,7042236328125;79282,6796875;25,794410705566406;-541,1143188476562;9,31309986114502;0,578424870967865;0,21919600665569305;0,1650993525981903;0,009980546310544014
2361;-1678,4969482421875;69,7042236328125;79282,6796875;-12,04263687133789;-529,179931640625;5,033088207244873;0,5767565965652466;0,20533044636249542;0,1613692194223404;0,009780763648450375
2362;-1678,4969482421875;69,7042236328125;79282,6796875;-2,03879976272583;-510,1380920410156;5,199722766876221;0,569131076335907;0,20752398669719696;0,1585538387298584;0,009570412337779999
2363;-1678,4969482421875;69,7042236328125;79282,6796875;-18,000566482543945;-497,29949951171875;3,063350200653076;0,5836911201477051;0,21797235310077667;0,16197893023490906;0,00986027903854847
2364;-1678,4969482421875;69,7042236328125;79282,6796875;-17,755510330200195;-486,4737548828125;2,051408052444458;0,5778940916061401;0,21761184930801392;0,1593570113182068;0,00966374110430479
2365;-1678,4969482421875;69,7042236328125;79282,6796875;-16,590085983276367;-468,97998046875;2,6212687492370605;0,5876969695091248;0,21252553164958954;0,159690260887146;0,00975131243467331
2366;-1678,4969482421875;69,7042236328125;79282,6796875;-64,98040008544922;-482,671875;-3,802595853805542;0,5909180641174316;0,20556336641311646;0,15841685235500336;0,009685436263680458
2367;-1678,4969482421875;69,7042236328125;79282,6796875;-70,635498046875;-473,14453125;-5,294190406799316;0,5971378684043884;0,22199925780296326;0,16088047623634338;0,00984931644052267
2368;-1678,4969482421875;69,7042236328125;79282,6796875;-57,01982879638672;-469,68701171875;-5,081061840057373;0,596998393535614;0,21238723397254944;0,15869785845279694;0,009702404029667377
2369;-1678,4969482421875;69,7042236328125;79282,6796875;-73,68050384521484;-464,65704345703125;-7,578263759613037;0,6047568321228027;0,21379506587982178;0,15977656841278076;0,009783881716430187
2370;-1678,4969482421875;69,7042236328125;79282,6796875;-98,27850341796875;-454,7196350097656;-10,262423515319824;0,5932125449180603;0,20504237711429596;0,15549010038375854;0,009423109702765942
2371;-1678,4969482421875;69,7042236328125;79282,6796875;-121,12950134277344;-451,8154296875;-13,726841926574707;0,5883033275604248;0,21962612867355347;0,15560436248779297;0,009353655390441418
2372;-1678,4969482421875;69,7042236328125;79282,6796875;-106,87259674072266;-449,65631103515625;-11,735734939575195;0,6046823859214783;0,20921047031879425;0,15752017498016357;0,009519785642623901
2373;-1678,4969482421875;69,7042236328125;79282,6796875;-107,29896545410156;-441,1835021972656;-12,154951095581055;0,6007799506187439;0,20998026430606842;0,15643902122974396;0,009378657676279545
2374;-1678,4969482421875;69,7042236328125;79282,6796875;-101,89328002929688;-452,3582458496094;-12,063422203063965;0,612511157989502;0,22925253212451935;0,16103391349315643;0,009653003886342049
2375;-1678,4969482421875;69,7042236328125;79282,6796875;-95,85700225830078;-455,41583251953125;-10,940266609191895;0,6196897625923157;0,23145517706871033;0,16278290748596191;0,009726968593895435
2376;-1678,4969482421875;69,7042236328125;79282,6796875;-102,8094711303711;-458,4783935546875;-13,644333839416504;0,6282629370689392;0,23072953522205353;0,16466908156871796;0,009810961782932281
2377;-1678,4969482421875;69,7042236328125;79282,6796875;-94,81822967529297;-448,15435791015625;-12,238359451293945;0,587019145488739;0,18445804715156555;0,15094074606895447;0,008634484373033047
2378;-1678,4969482421875;69,7042236328125;79282,6796875;-100,91804504394531;-438,897705078125;-12,606545448303223;0,5974884629249573;0,19153790175914764;0,1543915569782257;0,008817048743367195
2379;-1678,4969482421875;69,7042236328125;79282,6796875;-118,1717529296875;-449,2479248046875;-15,103556632995605;0,605361819267273;0,20034559071063995;0,15754109621047974;0,008965112268924713
2380;-1678,4969482421875;69,7042236328125;79282,6796875;-128,5677490234375;-440,9443664550781;-16,33078384399414;0,6229387521743774;0,21076224744319916;0,1631908118724823;0,009294162504374981
2381;-1678,4969482421875;69,7042236328125;79282,6796875;-119,16207122802734;-437,1909484863281;-15,351369857788086;0,6091040968894958;0,20816434919834137;0,16049543023109436;0,008959758095443249
2382;-1678,4969482421875;69,7042236328125;79282,6796875;-127,4737777709961;-444,83343505859375;-16,39621925354004;0,6160144209861755;0,20057515799999237;0,1623663455247879;0,008963513188064098
2383;-1678,4969482421875;69,7042236328125;79282,6796875;-112,14326477050781;-441,77392578125;-14,316906929016113;0,6070100665092468;0,20191338658332825;0,16130824387073517;0,00875099841505289
2384;-1678,4969482421875;69,7042236328125;79282,6796875;-108,34859466552734;-449,282958984375;-13,074104309082031;0,6104314923286438;0,2038407325744629;0,16335460543632507;0,008765029720962048
2385;-1678,4969482421875;69,7042236328125;79282,6796875;-109,31859588623047;-449,9012756347656;-13,543736457824707;0,6259363889694214;0,21155604720115662;0,16888265311717987;0,009036692790687084
2386;-1678,4969482421875;69,7042236328125;79282,6796875;-116,60844421386719;-444,85552978515625;-14,030750274658203;0,6138748526573181;0,18888531625270844;0,16563516855239868;0,008595667779445648
2387;-1678,4969482421875;69,7042236328125;79282,6796875;-117,31180572509766;-441,12469482421875;-14,518997192382812;0,6037827730178833;0,1913013905286789;0,16460736095905304;0,008386281318962574
2388;-1678,4969482421875;69,7042236328125;79282,6796875;-87,91416931152344;-438,77484130859375;-11,173772811889648;0,6111496686935425;0,1930130422115326;0,16798469424247742;0,008475122973322868
2389;-1678,4969482421875;69,7042236328125;79282,6796875;-128,3426055908203;-448,7151184082031;-16,567977905273438;0,5880074501037598;0,18656665086746216;0,16311539709568024;0,00796680897474289
2390;-1678,4969482421875;69,7042236328125;79282,6796875;-103,00439453125;-444,07293701171875;-12,708752632141113;0,5996833443641663;0,17727525532245636;0,16718603670597076;0,008050957694649696
2391;-1678,4969482421875;69,7042236328125;79282,6796875;-58,39076614379883;-444,4178466796875;-8,357434272766113;0,6042454838752747;0,183203786611557;0,17023007571697235;0,008131287060678005
2392;-1678,4969482421875;69,7042236328125;79282,6796875;-102,54316711425781;-461,21063232421875;-13,42033863067627;0,6061370372772217;0,17705006897449493;0,17212581634521484;0,008068904280662537
2393;-1678,4969482421875;69,7042236328125;79282,6796875;-67,55571746826172;-461,59088134765625;-9,044818878173828;0,5888630747795105;0,16721583902835846;0,16863511502742767;0,007643969729542732
2394;-1678,4969482421875;69,7042236328125;79282,6796875;-55,67779541015625;-453,8116149902344;-6,484806060791016;0,6065585613250732;0,17338493466377258;0,17540289461612701;0,007956682704389095
2395;-1678,4969482421875;69,7042236328125;79282,6796875;-64,47590637207031;-453,6434020996094;-7,124052047729492;0,5756061673164368;0,15647844970226288;0,16783703863620758;0,0072367824614048
2396;-1678,4969482421875;69,7042236328125;79282,6796875;-28,25562858581543;-448,309326171875;-2,580573797225952;0,5800065398216248;0,16375523805618286;0,17087996006011963;0,007342217490077019
2397;-1678,4969482421875;69,7042236328125;79282,6796875;-56,727256774902344;-451,64483642578125;-6,547145366668701;0,5657516121864319;0,14639268815517426;0,16802728176116943;0,006889676209539175
2398;-1678,4969482421875;69,7042236328125;79282,6796875;-28,776830673217773;-444,84063720703125;-2,4500248432159424;0,5691097378730774;0,15511760115623474;0,17073947191238403;0,007003254257142544
2399;-1678,4969482421875;69,7042236328125;79282,6796875;-37,49753189086914;-442,62017822265625;-4,210666179656982;0,5654824376106262;0,16052967309951782;0,1712968945503235;0,006958215031772852
2400;-1678,4969482421875;69,7042236328125;79282,6796875;-27,016769409179688;-445,593017578125;-1,8744847774505615;0,539042055606842;0,14697736501693726;0,16469578444957733;0,0063331457786262035
2401;-1678,4969482421875;69,7042236328125;79282,6796875;-24,62257957458496;-450,08087158203125;-1,395628809928894;0,5487089157104492;0,14837004244327545;0,1691303253173828;0,006486027967184782
2402;-1678,4969482421875;69,7042236328125;79282,6796875;-14,3148193359375;-446,0902099609375;0,17148101329803467;0,5433221459388733;0,1469021886587143;0,16891050338745117;0,006345490925014019
2403;-1678,4969482421875;69,7042236328125;79282,6796875;-27,48907470703125;-451,3515319824219;-0,5287807583808899;0,554023027420044;0,15117722749710083;0,17368817329406738;0,006545127369463444
2404;-1678,4969482421875;69,7042236328125;79282,6796875;-18,389881134033203;-448,084716796875;0,9546235799789429;0,5575461387634277;0,15633603930473328;0,17614959180355072;0,006630605086684227
2405;-1678,4969482421875;69,7042236328125;79282,6796875;-39,95506286621094;-449,5723571777344;-1,7205042839050293;0,5401901006698608;0,15069733560085297;0,1720266193151474;0,006244270130991936
2406;-1678,4969482421875;69,7042236328125;79282,6796875;0,8670576810836792;-445,6487121582031;4,259799957275391;0,5494932532310486;0,15399675071239471;0,17627407610416412;0,006410888861864805
2407;-1678,4969482421875;69,7042236328125;79282,6796875;-21,129301071166992;-462,601318359375;1,5215504169464111;0,5430277585983276;0,15421868860721588;0,17543324828147888;0,006276501342654228
2408;-1678,4969482421875;69,7042236328125;79282,6796875;-27,088441848754883;-474,9375915527344;1,595738410949707;0,5411596298217773;0,15843309462070465;0,17585740983486176;0,006261562462896109
2409;-1678,4969482421875;69,7042236328125;79282,6796875;6,242425441741943;-474,9503479003906;5,838569641113281;0,5466216206550598;0,16028963029384613;0,17878860235214233;0,00635272404178977
2410;-1678,4969482421875;69,7042236328125;79282,6796875;-6,707038402557373;-498,7835998535156;4,038979530334473;0,5378038287162781;0,16034185886383057;0,1768890917301178;0,006175296381115913
2411;-1678,4969482421875;69,7042236328125;79282,6796875;14,389700889587402;-498,392578125;7,954573631286621;0,545901358127594;0,16325590014457703;0,18062761425971985;0,006325199734419584
2412;-1678,4969482421875;69,7042236328125;79282,6796875;3,029489517211914;-512,4307861328125;6,663169860839844;0,525640606880188;0,1601121425628662;0,17472408711910248;0,005911111366003752
2413;-1678,4969482421875;69,7042236328125;79282,6796875;22,82797622680664;-525,7626342773438;9,667193412780762;0,5396984815597534;0,1659606546163559;0,18028554320335388;0,006204674951732159
2414;-1678,4969482421875;69,7042236328125;79282,6796875;22,568944931030273;-533,6524047851562;10,207072257995605;0,5350306034088135;0,1679651439189911;0,17928463220596313;0,006121906451880932
2415;-1678,4969482421875;69,7042236328125;79282,6796875;17,292421340942383;-533,7112426757812;9,608750343322754;0,513843297958374;0,16136381030082703;0,17323176562786102;0,005653912201523781
2416;-1678,4969482421875;69,7042236328125;79282,6796875;24,898605346679688;-550,1502075195312;11,023852348327637;0,5270334482192993;0,1696101576089859;0,17788472771644592;0,0059612165205180645
2417;-1678,4969482421875;69,7042236328125;79282,6796875;39,513221740722656;-552,872314453125;13,611778259277344;0,53790283203125;0,17548364400863647;0,18203933537006378;0,006202953401952982
2418;-1678,4969482421875;69,7042236328125;79282,6796875;64,35762023925781;-559,8629760742188;17,070465087890625;0,5421883463859558;0,17801548540592194;0,1844862550497055;0,00628655357286334
2419;-1678,4969482421875;69,7042236328125;79282,6796875;30,013338088989258;-576,5130004882812;12,663408279418945;0,5133541822433472;0,170622318983078;0,17547671496868134;0,00568018713966012
2420;-1678,4969482421875;69,7042236328125;79282,6796875;69,75190734863281;-583,3065795898438;19,04795265197754;0,525298535823822;0,17873448133468628;0,17829161882400513;0,005944792181253433
2421;-1678,4969482421875;69,7042236328125;79282,6796875;52,4913215637207;-588,5880737304688;17,165191650390625;0,5025545954704285;0,1725897192955017;0,17288033664226532;0,0054660579189658165
2422;-1678,4969482421875;69,7042236328125;79282,6796875;65,59064483642578;-595,2217407226562;18,809587478637695;0,5257316827774048;0,18291498720645905;0,1783016324043274;0,005947946570813656
2423;-1678,4969482421875;69,7042236328125;79282,6796875;67,2994155883789;-609,6224975585938;20,045181274414062;0,5079779624938965;0,18159602582454681;0,17613466084003448;0,005562573205679655
2424;-1678,4969482421875;69,7042236328125;79282,6796875;45,450496673583984;-620,1118774414062;16,951065063476562;0,5074899196624756;0,18432806432247162;0,17546431720256805;0,0056368568912148476
2425;-1678,4969482421875;69,7042236328125;79282,6796875;55,00782775878906;-633,4537963867188;18,476200103759766;0,5042247176170349;0,1862158328294754;0,17418015003204346;0,005607283674180508
2426;-1678,4969482421875;69,7042236328125;79282,6796875;59,16017150878906;-637,5585327148438;19,139028549194336;0,5474779605865479;0,19998587667942047;0,1860576868057251;0,006542221177369356
2427;-1678,4969482421875;69,7042236328125;79282,6796875;59,16371154785156;-642,9353637695312;19,831274032592773;0,5044034123420715;0,19057315587997437;0,17306502163410187;0,005683300085365772
2428;-1678,4969482421875;69,7042236328125;79282,6796875;73,0113296508789;-671,2144165039062;22,067283630371094;0,5333191156387329;0,19886459410190582;0,18046246469020844;0,0062645128928124905
2429;-1678,4969482421875;69,7042236328125;79282,6796875;65,59038543701172;-679,4071044921875;21,342809677124023;0,5452942252159119;0,2064909189939499;0,18444029986858368;0,006573646329343319
2430;-1678,4969482421875;69,7042236328125;79282,6796875;28,835641860961914;-687,1950073242188;16,56226348876953;0,5558648705482483;0,21095900237560272;0,18691594898700714;0,006794773042201996
2431;-1678,4969482421875;69,7042236328125;79282,6796875;35,05564880371094;-698,7890625;18,1795711517334;0,5481019020080566;0,21460983157157898;0,18513691425323486;0,006727283820509911
2432;-1678,4969482421875;69,7042236328125;79282,6796875;50,37478256225586;-698,2950439453125;19,59783935546875;0,546334445476532;0,21564911305904388;0,18372128903865814;0,006711844354867935
2433;-1678,4969482421875;69,7042236328125;79282,6796875;-2,334258794784546;-709,0801391601562;12,475441932678223;0,5568363070487976;0,2215709686279297;0,1864151954650879;0,0069633726961910725
2434;-1678,4969482421875;69,7042236328125;79282,6796875;-7,946684837341309;-713,7838134765625;12,131547927856445;0,5608119964599609;0,2247258871793747;0,18678615987300873;0,0070716580376029015
2435;-1678,4969482421875;69,7042236328125;79282,6796875;3,91033673286438;-734,2781372070312;13,563056945800781;0,564132571220398;0,2301645576953888;0,18753519654273987;0,00719964224845171
2436;-1678,4969482421875;69,7042236328125;79282,6796875;15,439022064208984;-743,7852783203125;14,988924026489258;0,5632417798042297;0,23016418516635895;0,18586450815200806;0,007193136028945446
2437;-1678,4969482421875;69,7042236328125;79282,6796875;22,007583618164062;-761,1951293945312;16,081867218017578;0,5632332563400269;0,23409168422222137;0,18534669280052185;0,007253224961459637
2438;-1678,4969482421875;69,7042236328125;79282,6796875;-0,6347829103469849;-766,5415649414062;12,645102500915527;0,5753077268600464;0,23914548754692078;0,18780219554901123;0,007521340157836676
2439;-1678,4969482421875;69,7042236328125;79282,6796875;19,512130737304688;-768,3040771484375;15,130654335021973;0,5706123113632202;0,24496640264987946;0,1865479201078415;0,007527476642280817
2440;-1678,4969482421875;69,7042236328125;79282,6796875;12,101428985595703;-778,7642211914062;14,266237258911133;0,5900644063949585;0,24555984139442444;0,18948379158973694;0,007858854718506336
2441;-1678,4969482421875;69,7042236328125;79282,6796875;20,36949348449707;-785,3507080078125;14,804815292358398;0,6064022183418274;0,2551952600479126;0,19369599223136902;0,008250102400779724
2442;-1678,4969482421875;69,7042236328125;79282,6796875;31,6541805267334;-790,9138793945312;16,04913330078125;0,5889754891395569;0,2550204396247864;0,18807102739810944;0,007998844608664513
2443;-1678,4969482421875;69,7042236328125;79282,6796875;52,98424530029297;-796,845458984375;18,351198196411133;0,5877000093460083;0,25630509853363037;0,1863911747932434;0,00801691971719265
2444;-1678,4969482421875;69,7042236328125;79282,6796875;42,24140167236328;-804,3615112304688;16,274991989135742;0,5937572121620178;0,25934508442878723;0,18671604990959167;0,008174051530659199
2445;-1678,4969482421875;69,7042236328125;79282,6796875;42,35747528076172;-819,1805419921875;15,747113227844238;0,6091012954711914;0,2731389105319977;0,19133374094963074;0,008595090359449387
2446;-1678,4969482421875;69,7042236328125;79282,6796875;51,48431396484375;-826,954833984375;16,82748794555664;0,5972476005554199;0,2607910633087158;0,1844037026166916;0,008299428038299084
2447;-1678,4969482421875;69,7042236328125;79282,6796875;42,74222946166992;-831,5386962890625;15,647049903869629;0,6169852614402771;0,2641417384147644;0,18768678605556488;0,008667325600981712
2448;-1678,4969482421875;69,7042236328125;79282,6796875;59,89094543457031;-843,4762573242188;18,211515426635742;0,6253917813301086;0,2791801393032074;0,1908549815416336;0,009018469601869583
2449;-1678,4969482421875;69,7042236328125;79282,6796875;22,191255569458008;-846,6598510742188;12,757431030273438;0,6318113207817078;0,28271985054016113;0,1912343055009842;0,00919658038765192
2450;-1678,4969482421875;69,7042236328125;79282,6796875;61,774269104003906;-860,8760986328125;17,439565658569336;0,618573009967804;0,28823524713516235;0,18789665400981903;0,009086636826395988
2451;-1678,4969482421875;69,7042236328125;79282,6796875;50,910186767578125;-875,202392578125;15,912610054016113;0,6084256172180176;0,29364874958992004;0,185312420129776;0,00901377759873867
2452;-1678,4969482421875;69,7042236328125;79282,6796875;43,80723190307617;-893,8222045898438;14,519087791442871;0,6503376960754395;0,3054211735725403;0,1946008801460266;0,009850007481873035
2453;-1678,4969482421875;69,7042236328125;79282,6796875;21,88228416442871;-916,459716796875;11,9891996383667;0,6461494565010071;0,30349910259246826;0,19173215329647064;0,00981784425675869
2454;-1678,4969482421875;69,7042236328125;79282,6796875;45,15039825439453;-944,3685913085938;14,878283500671387;0,6448715329170227;0,3127288818359375;0,19178509712219238;0,009930316358804703
2455;-1678,4969482421875;69,7042236328125;79282,6796875;32,21490478515625;-955,8041381835938;13,884842872619629;0,6394726037979126;0,3161015212535858;0,1899196356534958;0,009924220852553844
2456;-1678,4969482421875;69,7042236328125;79282,6796875;36,391021728515625;-981,45166015625;14,38806438446045;0,6500368118286133;0,31686314940452576;0,1906866431236267;0,010165728628635406
2457;-1678,4969482421875;69,7042236328125;79282,6796875;30,91016387939453;-991,1140747070312;13,551407814025879;0,6707072854042053;0,32971447706222534;0,19592013955116272;0,010670074261724949
2458;-1678,4969482421875;69,7042236328125;79282,6796875;53,094268798828125;-1003,3832397460938;16,801254272460938;0,6604597568511963;0,32760515809059143;0,19222117960453033;0,010546840727329254
2459;-1678,4969482421875;69,7042236328125;79282,6796875;35,184120178222656;-1000,7324829101562;13,538505554199219;0,6502341032028198;0,327465683221817;0,18908363580703735;0,010441044345498085
2460;-1678,4969482421875;69,7042236328125;79282,6796875;66,77207946777344;-1016,0770263671875;18,43955421447754;0,6806340217590332;0,33807042241096497;0,19584853947162628;0,011096671223640442
2461;-1678,4969482421875;69,7042236328125;79282,6796875;44,1246452331543;-1019,7628784179688;14,512421607971191;0,6802696585655212;0,33713167905807495;0,19462202489376068;0,011155064217746258
2462;-1678,4969482421875;69,7042236328125;79282,6796875;51,425811767578125;-1043,42626953125;16,626636505126953;0,6608682870864868;0,33938199281692505;0,19054223597049713;0,010913767851889133
2463;-1678,4969482421875;69,7042236328125;79282,6796875;59,31797790527344;-1050,6378173828125;17,029327392578125;0,6621801853179932;0,33867859840393066;0,18991543352603912;0,011004269123077393
2464;-1678,4969482421875;69,7042236328125;79282,6796875;73,7099838256836;-1058,3319091796875;20,133607864379883;0,6655927300453186;0,34130531549453735;0,19044612348079681;0,0111544169485569
2465;-1678,4969482421875;69,7042236328125;79282,6796875;86,52622985839844;-1066,4100341796875;20,986650466918945;0,6685698628425598;0,34200266003608704;0,1906633973121643;0,01128583773970604
2466;-1678,4969482421875;69,7042236328125;79282,6796875;92,5346450805664;-1077,76220703125;22,268409729003906;0,6403437852859497;0,335542231798172;0,18377913534641266;0,010820924304425716
2467;-1678,4969482421875;69,7042236328125;79282,6796875;90,38504028320312;-1071,4541015625;22,5394287109375;0,6277298331260681;0,3251973092556;0,17926017940044403;0,010600303299725056
2468;-1678,4969482421875;69,7042236328125;79282,6796875;92,93619537353516;-1087,187255859375;22,1427001953125;0,6502493023872375;0,33356860280036926;0,18503060936927795;0,011135217733681202
2469;-1678,4969482421875;69,7042236328125;79282,6796875;107,85187530517578;-1098,1800537109375;23,818557739257812;0,6649684309959412;0,340620756149292;0,18920612335205078;0,011523731052875519
2470;-1678,4969482421875;69,7042236328125;79282,6796875;107,07056427001953;-1106,3076171875;24,920557022094727;0,6623431444168091;0,341118186712265;0,18899030983448029;0,011560446582734585
2471;-1678,4969482421875;69,7042236328125;79282,6796875;119,43421173095703;-1120,9571533203125;26,467180252075195;0,6757485270500183;0,34554627537727356;0,19274690747261047;0,011910679750144482
2472;-1678,4969482421875;69,7042236328125;79282,6796875;105,55683898925781;-1130,90283203125;25,211156845092773;0,6449037790298462;0,33979544043540955;0,18607337772846222;0,011393111199140549
2473;-1678,4969482421875;69,7042236328125;79282,6796875;136,01414489746094;-1136,555419921875;28,392650604248047;0,6424680948257446;0,33169010281562805;0,1848105490207672;0,011373601853847504
2474;-1678,4969482421875;69,7042236328125;79282,6796875;94,30965423583984;-1135,079345703125;25,90205192565918;0,6689377427101135;0,33538100123405457;0,19160649180412292;0,011958316899836063
2475;-1678,4969482421875;69,7042236328125;79282,6796875;103,0087661743164;-1137,8587646484375;26,552085876464844;0,6350225210189819;0,32420411705970764;0,1835857629776001;0,011341230012476444
2476;-1678,4969482421875;69,7042236328125;79282,6796875;83,46991729736328;-1131,1832275390625;26,557558059692383;0,6347696185112;0,32507380843162537;0,1845555305480957;0,011421223171055317
2477;-1678,4969482421875;69,7042236328125;79282,6796875;95,68421936035156;-1157,44580078125;27,452749252319336;0,6630597710609436;0,33950018882751465;0,19380487501621246;0,01212637685239315
2478;-1678,4969482421875;69,7042236328125;79282,6796875;75,84223937988281;-1123,2479248046875;25,320106506347656;0,6380685567855835;0,32275110483169556;0,18703487515449524;0,011622916907072067
2479;-1678,4969482421875;69,7042236328125;79282,6796875;127,93744659423828;-1146,74169921875;30,544944763183594;0,6256393790245056;0,3174091875553131;0,18465742468833923;0,011426174081861973
2480;-1678,4969482421875;69,7042236328125;79282,6796875;159,82110595703125;-1151,2264404296875;34,59429931640625;0,6478852033615112;0,335842490196228;0,19336214661598206;0,012040270492434502
2481;-1678,4969482421875;69,7042236328125;79282,6796875;143,3416290283203;-1143,667236328125;33,39882278442383;0,6500328779220581;0,3329853415489197;0,19478358328342438;0,012142468243837357
2482;-1678,4969482421875;69,7042236328125;79282,6796875;140,5661163330078;-1138,7032470703125;33,038761138916016;0,6345569491386414;0,312185138463974;0,18998318910598755;0,011782249435782433
2483;-1678,4969482421875;69,7042236328125;79282,6796875;177,6210174560547;-1140,556640625;37,790164947509766;0,6325386166572571;0,3162347078323364;0,1913040578365326;0,011844409629702568
2484;-1678,4969482421875;69,7042236328125;79282,6796875;172,80113220214844;-1122,30078125;38,35544967651367;0,6239214539527893;0,3136593699455261;0,1902281939983368;0,011726150289177895
2485;-1678,4969482421875;69,7042236328125;79282,6796875;183,1392364501953;-1117,7999267578125;38,3787727355957;0,6135668754577637;0,30709853768348694;0,18827462196350098;0,011546307243406773
2486;-1678,4969482421875;69,7042236328125;79282,6796875;182,42050170898438;-1115,2022705078125;38,90666580200195;0,600896418094635;0,2954903244972229;0,18522872030735016;0,01128540001809597
2487;-1678,4969482421875;69,7042236328125;79282,6796875;120,72112274169922;-1114,0098876953125;33,51211929321289;0,5974817872047424;0,29238733649253845;0,18538562953472137;0,01126175932586193
2488;-1678,4969482421875;69,7042236328125;79282,6796875;134,32920837402344;-1132,7716064453125;36,46553421020508;0,5826608538627625;0,2845441997051239;0,18202409148216248;0,010968519374728203
2489;-1678,4969482421875;69,7042236328125;79282,6796875;133,5682830810547;-1132,8731689453125;35,811012268066406;0,5681189298629761;0,2741691768169403;0,17847250401973724;0,010660064406692982
2490;-1678,4969482421875;69,7042236328125;79282,6796875;187,91629028320312;-1151,3358154296875;43,21223449707031;0,6031500101089478;0,29335612058639526;0,1908845603466034;0,011547601781785488
2491;-1678,4969482421875;69,7042236328125;79282,6796875;124,86634063720703;-1127,8411865234375;37,02926254272461;0,5936310887336731;0,28665679693222046;0,18892674148082733;0,011365577578544617
2492;-1678,4969482421875;69,7042236328125;79282,6796875;148,3459014892578;-1130,0350341796875;38,971710205078125;0,5946381688117981;0,28125202655792236;0,19009405374526978;0,0114107271656394
2493;-1678,4969482421875;69,7042236328125;79282,6796875;135,1635284423828;-1127,0264892578125;35,29278564453125;0,603900134563446;0,2839759290218353;0,19409224390983582;0,011667980812489986
2494;-1678,4969482421875;69,7042236328125;79282,6796875;129,3776092529297;-1121,6080322265625;37,91483688354492;0,5981826782226562;0,2795523703098297;0,19322612881660461;0,011564083397388458
2495;-1678,4969482421875;69,7042236328125;79282,6796875;115,9370346069336;-1126,2147216796875;38,18234634399414;0,5975891947746277;0,27469053864479065;0,19387881457805634;0,011569909751415253
2496;-1678,4969482421875;69,7042236328125;79282,6796875;132,18190002441406;-1141,7557373046875;40,74333572387695;0,5952256917953491;0,27073824405670166;0,19395169615745544;0,01153599750250578
2497;-1678,4969482421875;69,7042236328125;79282,6796875;102,13362121582031;-1132,1236572265625;36,27370834350586;0,602254331111908;0,26996973156929016;0,19703792035579681;0,011721846647560596
2498;-1678,4969482421875;69,7042236328125;79282,6796875;100,80313873291016;-1124,2359619140625;36,05398941040039;0,5946953892707825;0,26285603642463684;0,19530850648880005;0,011553916148841381
2499;-1678,4969482421875;69,7042236328125;79282,6796875;79,66632080078125;-1121,179443359375;33,789833068847656;0,587640643119812;0,25593915581703186;0,19369779527187347;0,01139175146818161
2500;-1678,4969482421875;69,7042236328125;79282,6796875;121,5429916381836;-1122,89404296875;39,273677825927734;0,5838358402252197;0,2527161240577698;0,1930014044046402;0,011316180229187012
2501;-1678,4969482421875;69,7042236328125;79282,6796875;86,90862274169922;-1123,2275390625;35,83434295654297;0,5816803574562073;0,2509227991104126;0,19267596304416656;0,011283067986369133
2502;-1678,4969482421875;69,7042236328125;79282,6796875;77,8204116821289;-1101,1304931640625;36,13748550415039;0,5909455418586731;0,25693726539611816;0,19561681151390076;0,011492859572172165
2503;-1678,4969482421875;69,7042236328125;79282,6796875;67,08662414550781;-1097,0845947265625;33,633453369140625;0,5827184319496155;0,2472374141216278;0,1936265528202057;0,011317865923047066
2504;-1678,4969482421875;69,7042236328125;79282,6796875;92,09506225585938;-1091,4464111328125;34,82526779174805;0,5680749416351318;0,23868222534656525;0,18896444141864777;0,010961071588099003
2505;-1678,4969482421875;69,7042236328125;79282,6796875;44,017459869384766;-1081,544677734375;31,00695037841797;0,5626538395881653;0,23360519111156464;0,18748044967651367;0,010823865421116352
2506;-1678,4969482421875;69,7042236328125;79282,6796875;64,01583099365234;-1080,4713134765625;31,40193748474121;0,6014919877052307;0,24829532206058502;0,20006412267684937;0,011751044541597366
2507;-1678,4969482421875;69,7042236328125;79282,6796875;28,36628532409668;-1065,0244140625;28,195140838623047;0,5725700855255127;0,23401862382888794;0,19052796065807343;0,01104927621781826
2508;-1678,4969482421875;69,7042236328125;79282,6796875;20,124876022338867;-1047,384521484375;26,10748863220215;0,5542462468147278;0,22459810972213745;0,18428082764148712;0,010589614510536194
2509;-1678,4969482421875;69,7042236328125;79282,6796875;4,6297287940979;-1046,08447265625;23,0941219329834;0,5584706664085388;0,22448380291461945;0,18545585870742798;0,010677407495677471
2510;-1678,4969482421875;69,7042236328125;79282,6796875;-3,1253116130828857;-1033,2354736328125;23,634477615356445;0,5709892511367798;0,22776338458061218;0,1892877072095871;0,010961739346385002
2511;-1678,4969482421875;69,7042236328125;79282,6796875;-13,945755958557129;-1025,472900390625;21,708473205566406;0,5747607350349426;0,2275809347629547;0,19008231163024902;0,011030550114810467
2512;-1678,4969482421875;69,7042236328125;79282,6796875;-16,143301010131836;-1014,5120239257812;22,197742462158203;0,5711878538131714;0,22421905398368835;0,18822446465492249;0,01091310940682888
2513;-1678,4969482421875;69,7042236328125;79282,6796875;1,3358309268951416;-1001,4800415039062;21,377399444580078;0,5536739826202393;0,21394939720630646;0,18123798072338104;0,010434630326926708
2514;-1678,4969482421875;69,7042236328125;79282,6796875;1,3719605207443237;-1001,031982421875;21,742258071899414;0,5772156119346619;0,2233041375875473;0,18876126408576965;0,01099273283034563
2515;-1678,4969482421875;69,7042236328125;79282,6796875;-38,46978759765625;-989,265869140625;15,345276832580566;0,5810257196426392;0,22396714985370636;0,18932019174098969;0,011056292802095413
2516;-1678,4969482421875;69,7042236328125;79282,6796875;-50,276485443115234;-976,3526611328125;14,823680877685547;0,5726615786552429;0,22117707133293152;0,18607963621616364;0,010829093866050243
2517;-1678,4969482421875;69,7042236328125;79282,6796875;-1,0237311124801636;-966,0040283203125;19,213293075561523;0,5432748794555664;0,20477262139320374;0,1747121959924698;0,010041830129921436
2518;-1678,4969482421875;69,7042236328125;79282,6796875;-37,20659255981445;-948,7684936523438;13,01788330078125;0,5541132688522339;0,20826102793216705;0,17728301882743835;0,010267958976328373
2519;-1678,4969482421875;69,7042236328125;79282,6796875;-48,95643615722656;-931,92041015625;12,290831565856934;0,5625747442245483;0,21148398518562317;0,1790834367275238;0,010433899238705635
2520;-1678,4969482421875;69,7042236328125;79282,6796875;-22,252138137817383;-921,6713256835938;13,409017562866211;0,5852317810058594;0,21995793282985687;0,18523100018501282;0,010929983109235764
2521;-1678,4969482421875;69,7042236328125;79282,6796875;-48,01692581176758;-905,485595703125;11,83932113647461;0,5507304072380066;0,20225341618061066;0,17239175736904144;0,010022610425949097
2522;-1678,4969482421875;69,7042236328125;79282,6796875;-41,17876052856445;-890,9445190429688;12,400667190551758;0,5654383897781372;0,2073766142129898;0,17578372359275818;0,010322725400328636
2523;-1678,4969482421875;69,7042236328125;79282,6796875;-41,79402542114258;-890,478515625;9,624650955200195;0,5623624920845032;0,20370803773403168;0,17317946255207062;0,010178141295909882
2524;-1678,4969482421875;69,7042236328125;79282,6796875;-40,88337707519531;-872,6175537109375;10,428252220153809;0,5635378956794739;0,20804467797279358;0,17288126051425934;0,010185803286731243
2525;-1678,4969482421875;69,7042236328125;79282,6796875;-52,22154235839844;-862,1600952148438;9,395400047302246;0,5672637820243835;0,21156994998455048;0,17299865186214447;0,010232087224721909
2526;-1678,4969482421875;69,7042236328125;79282,6796875;-33,37774658203125;-860,0299682617188;10,29576587677002;0,5581764578819275;0,2049456387758255;0,16833442449569702;0,009934463538229465
2527;-1678,4969482421875;69,7042236328125;79282,6796875;-45,73512268066406;-838,0562133789062;7,500319480895996;0,546363353729248;0,20161110162734985;0,1635434776544571;0,009601704776287079
2528;-1678,4969482421875;69,7042236328125;79282,6796875;-55,600337982177734;-821,7285766601562;7,3684587478637695;0,5352270007133484;0,18802671134471893;0,1574472188949585;0,009203332476317883
2529;-1678,4969482421875;69,7042236328125;79282,6796875;-30,845516204833984;-827,6519165039062;8,886635780334473;0,5625258088111877;0,20417678356170654;0,16497007012367249;0,00982969906181097
2530;-1678,4969482421875;69,7042236328125;79282,6796875;-28,52982521057129;-817,8504028320312;8,628534317016602;0,5553118586540222;0,2046610713005066;0,16185536980628967;0,009615949355065823
2531;-1678,4969482421875;69,7042236328125;79282,6796875;-23,239274978637695;-805,26513671875;8,823349952697754;0,5624228715896606;0,20111611485481262;0,1615980714559555;0,009668819606304169
2532;-1678,4969482421875;69,7042236328125;79282,6796875;-16,692005157470703;-790,9830322265625;9,060530662536621;0,5624780058860779;0,20278877019882202;0,16041192412376404;0,009613090194761753
2533;-1678,4969482421875;69,7042236328125;79282,6796875;5,4159088134765625;-793,8013305664062;10,788515090942383;0,5616980791091919;0,20884525775909424;0,15965719521045685;0,009565360844135284
2534;-1678,4969482421875;69,7042236328125;79282,6796875;11,425226211547852;-789,6018676757812;11,456949234008789;0,5727940201759338;0,20972731709480286;0,16094756126403809;0,009726819582283497
2535;-1678,4969482421875;69,7042236328125;79282,6796875;13,823857307434082;-779,7216186523438;12,093790054321289;0,5794835090637207;0,19720764458179474;0,1594698280096054;0,009683327749371529
2536;-1678,4969482421875;69,7042236328125;79282,6796875;10,770195007324219;-776,3300170898438;11,15542984008789;0,5939948558807373;0,217087984085083;0,16408459842205048;0,01005250122398138
2537;-1678,4969482421875;69,7042236328125;79282,6796875;12,427156448364258;-756,388427734375;11,208200454711914;0,5776835680007935;0,20893771946430206;0,15804098546504974;0,009595043025910854
2538;-1678,4969482421875;69,7042236328125;79282,6796875;10,586284637451172;-755,6569213867188;9,35777473449707;0,5832380056381226;0,20911669731140137;0,1581440567970276;0,009631034918129444
2539;-1678,4969482421875;69,7042236328125;79282,6796875;-9,0798978805542;-738,85009765625;8,307952880859375;0,5727667808532715;0,20462030172348022;0,1541394591331482;0,009316658601164818
2540;-1678,4969482421875;69,7042236328125;79282,6796875;23,93434715270996;-730,2821655273438;11,148629188537598;0,6015753149986267;0,21892188489437103;0,1613711565732956;0,009903413243591785
2541;-1678,4969482421875;69,7042236328125;79282,6796875;30,72065544128418;-725,7329711914062;11,376029014587402;0,5872932076454163;0,21051926910877228;0,15622924268245697;0,009489896707236767
2542;-1678,4969482421875;69,7042236328125;79282,6796875;42,16410446166992;-720,2986450195312;12,772347450256348;0,604174017906189;0,22022484242916107;0,1603531688451767;0,009806030429899693
2543;-1678,4969482421875;69,7042236328125;79282,6796875;56,66994094848633;-710,4489135742188;14,297538757324219;0,6026424765586853;0,22445833683013916;0,15983721613883972;0,009725559502840042
2544;-1678,4969482421875;69,7042236328125;79282,6796875;83,4259262084961;-698,3814086914062;16,297218322753906;0,5928831100463867;0,19981929659843445;0,1541844606399536;0,009283977560698986
2545;-1678,4969482421875;69,7042236328125;79282,6796875;77,28724670410156;-689,9264526367188;16,031496047973633;0,6184574961662292;0,22773870825767517;0,1626332700252533;0,009894791059195995
2546;-1678,4969482421875;69,7042236328125;79282,6796875;89,29914855957031;-672,9298095703125;16,808788299560547;0,6093961000442505;0,22354048490524292;0,15981648862361908;0,009618443436920643
2547;-1678,4969482421875;69,7042236328125;79282,6796875;93,31578063964844;-670,9892578125;17,772708892822266;0,5993928909301758;0,21262620389461517;0,15617947280406952;0,009281079284846783
2548;-1678,4969482421875;69,7042236328125;79282,6796875;102,99871826171875;-652,9540405273438;18,437856674194336;0,6119852662086487;0,22303830087184906;0,1600683480501175;0,00951362494379282
2549;-1678,4969482421875;69,7042236328125;79282,6796875;103,34660339355469;-656,5377807617188;17,96256446838379;0,6243043541908264;0,23073799908161163;0,16371886432170868;0,00971948355436325
2550;-1678,4969482421875;69,7042236328125;79282,6796875;106,72088623046875;-640,3381958007812;18,047962188720703;0,6105644702911377;0,20671893656253815;0,15836124122142792;0,009228750132024288
2551;-1678,4969482421875;69,7042236328125;79282,6796875;122,7909927368164;-627,7352294921875;19,491077423095703;0,5856436491012573;0,176761195063591;0,15028460323810577;0,008457866497337818
2552;-1678,4969482421875;69,7042236328125;79282,6796875;93,4263687133789;-619,6796264648438;15,916337013244629;0,5838555693626404;0,1837366372346878;0,15103285014629364;0,008427094668149948
2553;-1678,4969482421875;69,7042236328125;79282,6796875;113,58240509033203;-615,8513793945312;17,843008041381836;0,5958048701286316;0,19405242800712585;0,15534545481204987;0,008662307634949684
2554;-1678,4969482421875;69,7042236328125;79282,6796875;127,05831909179688;-611,1168823242188;19,793325424194336;0,5952861309051514;0,18397559225559235;0,155147522687912;0,00850511435419321
2555;-1678,4969482421875;69,7042236328125;79282,6796875;112,59500885009766;-597,9976196289062;17,96451759338379;0,6019803881645203;0,19786575436592102;0,15874113142490387;0,008676986210048199
2556;-1678,4969482421875;69,7042236328125;79282,6796875;101,47276306152344;-602,2877197265625;16,658491134643555;0,6133449673652649;0,2163626253604889;0,163929283618927;0,008945770561695099
2557;-1678,4969482421875;69,7042236328125;79282,6796875;103,4761962890625;-589,239990234375;17,879989624023438;0,6182317733764648;0,20375937223434448;0,16516612470149994;0,008889422751963139
2558;-1678,4969482421875;69,7042236328125;79282,6796875;120,07501220703125;-586,4190063476562;19,51118278503418;0,6137969493865967;0,2147362232208252;0,16606499254703522;0,0088197635486722
2559;-1678,4969482421875;69,7042236328125;79282,6796875;126,34071350097656;-574,726806640625;20,366456985473633;0,5994864702224731;0,1888752430677414;0,16194860637187958;0,008330401964485645
2560;-1678,4969482421875;69,7042236328125;79282,6796875;104,11133575439453;-572,965087890625;16,87506103515625;0,602725088596344;0,19895710051059723;0,16474278271198273;0,0084072295576334
2561;-1678,4969482421875;69,7042236328125;79282,6796875;117,84477233886719;-559,4281005859375;18,11332893371582;0,6169185042381287;0,19459053874015808;0,169477179646492;0,008574986830353737
2562;-1678,4969482421875;69,7042236328125;79282,6796875;98,3021240234375;-554,860595703125;15,426311492919922;0,5755705237388611;0,1778644174337387;0,1593160480260849;0,007665752898901701
2563;-1678,4969482421875;69,7042236328125;79282,6796875;92,83182525634766;-550,0685424804688;14,563835144042969;0,6314414143562317;0,1905491054058075;0,176143616437912;0,008690527640283108
2564;-1678,4969482421875;69,7042236328125;79282,6796875;105,68953704833984;-539,2940063476562;15,059529304504395;0,6102659106254578;0,17279982566833496;0,17132417857646942;0,008130760863423347
2565;-1678,4969482421875;69,7042236328125;79282,6796875;94,40123748779297;-541,9576416015625;13,570709228515625;0,5766715407371521;0,16966351866722107;0,16371724009513855;0,007486448157578707
2566;-1678,4969482421875;69,7042236328125;79282,6796875;104,9476547241211;-541,5087890625;15,131380081176758;0,5955836176872253;0,16699622571468353;0,17040087282657623;0,007745673879981041
2567;-1678,4969482421875;69,7042236328125;79282,6796875;115,2003173828125;-523,81884765625;17,40753173828125;0,5943788290023804;0,17632515728473663;0,17199890315532684;0,007766174152493477
2568;-1678,4969482421875;69,7042236328125;79282,6796875;88,63922119140625;-523,2285766601562;13,768506050109863;0,5624293684959412;0,15253877639770508;0,16391071677207947;0,006965250708162785
2569;-1678,4969482421875;69,7042236328125;79282,6796875;78,12042999267578;-517,4763793945312;12,679339408874512;0,5654924511909485;0,14863590896129608;0,166303813457489;0,006940429098904133
2570;-1678,4969482421875;69,7042236328125;79282,6796875;75,21673583984375;-508,4479675292969;11,796871185302734;0,5567885637283325;0,1559414267539978;0,16551397740840912;0,006825806573033333
2571;-1678,4969482421875;69,7042236328125;79282,6796875;72,45243835449219;-510,0604248046875;11,751630783081055;0,5693838000297546;0,15200874209403992;0,17072540521621704;0,006970195099711418
2572;-1678,4969482421875;69,7042236328125;79282,6796875;56,21596145629883;-506,5730285644531;9,821749687194824;0,5543424487113953;0,15329062938690186;0,1678289771080017;0,006692226510494947
2573;-1678,4969482421875;69,7042236328125;79282,6796875;68,39322662353516;-491,1065673828125;11,42916202545166;0,5636555552482605;0,1574670970439911;0,17217819392681122;0,006861470639705658
2574;-1678,4969482421875;69,7042236328125;79282,6796875;87,68905639648438;-474,9423828125;14,557964324951172;0,5389748215675354;0,1474381536245346;0,16605153679847717;0,0062994877807796
2575;-1678,4969482421875;69,7042236328125;79282,6796875;63,461891174316406;-481,96380615234375;11,359676361083984;0,5773857831954956;0,15942180156707764;0,17943209409713745;0,00705131096765399
2576;-1678,4969482421875;69,7042236328125;79282,6796875;39,360103607177734;-484,4761047363281;8,483535766601562;0,5406057238578796;0,14841525256633759;0,16942614316940308;0,006280915345996618
2577;-1678,4969482421875;69,7042236328125;79282,6796875;30,3837947845459;-485,87890625;8,022513389587402;0,5537933111190796;0,15231813490390778;0,17497414350509644;0,0065209404565393925
2578;-1678,4969482421875;69,7042236328125;79282,6796875;31,08822250366211;-483,5909729003906;8,759078979492188;0,546759307384491;0,15402868390083313;0,17403702437877655;0,006390133406966925
2579;-1678,4969482421875;69,7042236328125;79282,6796875;34,17546463012695;-486,37603759765625;9,08471965789795;0,5468863248825073;0,15937678515911102;0,17523598670959473;0,006415545474737883
2580;-1678,4969482421875;69,7042236328125;79282,6796875;26,197710037231445;-488,5475158691406;8,135104179382324;0,54725182056427;0,15814366936683655;0,17665788531303406;0,006388583220541477
2581;-1678,4969482421875;69,7042236328125;79282,6796875;60,10234451293945;-487,82257080078125;12,766620635986328;0,5391608476638794;0,16113026440143585;0,17498290538787842;0,006239356938749552
2582;-1678,4969482421875;69,7042236328125;79282,6796875;62,58805465698242;-490,1408996582031;13,579922676086426;0,5439985990524292;0,15931931138038635;0,17789623141288757;0,006294195540249348
2583;-1678,4969482421875;69,7042236328125;79282,6796875;67,49983215332031;-490,1191101074219;14,191898345947266;0,5536522269248962;0,17048005759716034;0,18163754045963287;0,006538472604006529
2584;-1678,4969482421875;69,7042236328125;79282,6796875;68,60287475585938;-485,5705261230469;14,939631462097168;0,5300619602203369;0,16096951067447662;0,17511850595474243;0,006013417616486549
2585;-1678,4969482421875;69,7042236328125;79282,6796875;52,96893310546875;-493,6674499511719;12,978455543518066;0,5301789045333862;0,16089841723442078;0,176243394613266;0,006000712048262358
2586;-1678,4969482421875;69,7042236328125;79282,6796875;39,92241287231445;-492,6365051269531;10,903548240661621;0,5250409841537476;0,16292136907577515;0,1751614511013031;0,005904095247387886
2587;-1678,4969482421875;69,7042236328125;79282,6796875;61,83909606933594;-473,6381530761719;14,645269393920898;0,5316247940063477;0,1680578887462616;0,17789629101753235;0,006051927339285612
2588;-1678,4969482421875;69,7042236328125;79282,6796875;40,115291595458984;-472,3236389160156;12,043805122375488;0,5353653430938721;0,17047716677188873;0,17996516823768616;0,006134842988103628
2589;-1678,4969482421875;69,7042236328125;79282,6796875;24,341875076293945;-472,0299072265625;9,921557426452637;0,5245441198348999;0,16841909289360046;0,17710238695144653;0,005905478727072477
2590;-1678,4969482421875;69,7042236328125;79282,6796875;-843,349853515625;-79,05168151855469;22,734994888305664;0,5512683391571045;0,18084046244621277;0,18617898225784302;0,006487715058028698
2591;-1678,4969482421875;69,7042236328125;79282,6796875;27,534095764160156;-466,1652526855469;11,112942695617676;0,5220949053764343;0,17240771651268005;0,17715847492218018;0,0058712163008749485
2592;-1678,4969482421875;69,7042236328125;79282,6796875;12,781454086303711;-475,7142333984375;8,878775596618652;0,5363773703575134;0,17824093997478485;0,1832820326089859;0,00616798922419548
2593;-1678,4969482421875;69,7042236328125;79282,6796875;26,502439498901367;-470,27337646484375;11,363200187683105;0,5428115129470825;0,18432146310806274;0,18462419509887695;0,006342711392790079
2594;-1678,4969482421875;69,7042236328125;79282,6796875;-2,052018404006958;-480,3531799316406;7,759746551513672;0,5262165069580078;0,18054185807704926;0,18124133348464966;0,005951447878032923
2595;-1678,4969482421875;69,7042236328125;79282,6796875;39,576377868652344;-478,1094970703125;13,164929389953613;0,5508230924606323;0,19254879653453827;0,1900961846113205;0,0064555867575109005
2596;-1678,4969482421875;69,7042236328125;79282,6796875;27,892534255981445;-480,8066711425781;12,52840805053711;0,5257142782211304;0,18730969727039337;0,18170221149921417;0,005979758687317371
2597;-1678,4969482421875;69,7042236328125;79282,6796875;22,90172004699707;-483,811767578125;11,839073181152344;0,5322079658508301;0,1909710317850113;0,18218819797039032;0,006200059317052364
2598;-1678,4969482421875;69,7042236328125;79282,6796875;15,107637405395508;-481,7480773925781;11,176054954528809;0,5607332587242126;0,19959725439548492;0,1890365481376648;0,006697543431073427
2599;-1678,4969482421875;69,7042236328125;79282,6796875;17,072465896606445;-479,6781311035156;11,602592468261719;0,5032155513763428;0,18617181479930878;0,17234459519386292;0,005614723078906536
2600;-1678,4969482421875;69,7042236328125;79282,6796875;12,270663261413574;-479,4631652832031;10,849655151367188;0,5351632237434387;0,20047664642333984;0,18294216692447662;0,006344661582261324
2601;-1678,4969482421875;69,7042236328125;79282,6796875;36,40974426269531;-470,57318115234375;14,12574291229248;0,5341987013816833;0,2007255256175995;0,18147385120391846;0,006323120091110468
2602;-1678,4969482421875;69,7042236328125;79282,6796875;17,36005973815918;-473,90191650390625;11,943973541259766;0,5246051549911499;0,20067189633846283;0,17828035354614258;0,006159431766718626
2603;-1678,4969482421875;69,7042236328125;79282,6796875;39,4327507019043;-469,1102294921875;14,669693946838379;0,5386794209480286;0,20835615694522858;0,18253235518932343;0,006493173539638519
2604;-1678,4969482421875;69,7042236328125;79282,6796875;13,058845520019531;-471,4615783691406;11,362635612487793;0,5414982438087463;0,20856605470180511;0,18191826343536377;0,006528985686600208
2605;-1678,4969482421875;69,7042236328125;79282,6796875;32,60602569580078;-451,4888000488281;13,416305541992188;0,5477622747421265;0,21342851221561432;0,1834781914949417;0,0066995928063988686
2606;-1678,4969482421875;69,7042236328125;79282,6796875;58,658203125;-451,20574951171875;17,219682693481445;0,5591259002685547;0,22184447944164276;0,18707041442394257;0,007001062855124474
2607;-1678,4969482421875;69,7042236328125;79282,6796875;50,734718322753906;-447,3486022949219;16,46320152282715;0,5735592842102051;0,22649802267551422;0,1902054399251938;0,007289973087608814
2608;-1678,4969482421875;69,7042236328125;79282,6796875;68,23627471923828;-441,23699951171875;18,417757034301758;0,5687803626060486;0,23089298605918884;0,18885394930839539;0,007280407939106226
2609;-1678,4969482421875;69,7042236328125;79282,6796875;72,26065826416016;-439,85711669921875;18,428936004638672;0,5735722184181213;0,23612245917320251;0,18979984521865845;0,0074285902082920074
2610;-1678,4969482421875;69,7042236328125;79282,6796875;41,56760787963867;-438,8297119140625;14,015230178833008;0,5865351557731628;0,2394183725118637;0,19206266105175018;0,0076856454834342
2611;-1678,4969482421875;69,7042236328125;79282,6796875;63,49662399291992;-420,9475402832031;15,912284851074219;0,5700275301933289;0,23902739584445953;0,18667231500148773;0,007433414924889803
2612;-1678,4969482421875;69,7042236328125;79282,6796875;88,49362182617188;-405,9896545410156;18,76094627380371;0,6025834679603577;0,2519465386867523;0,1955205798149109;0,00811244547367096
2613;-1678,4969482421875;69,7042236328125;79282,6796875;48,5887451171875;-408,26837158203125;13,984238624572754;0,5805773735046387;0,24574044346809387;0,18749621510505676;0,0077143176458776
2614;-1678,4969482421875;69,7042236328125;79282,6796875;57,56325912475586;-416,4440612792969;14,457744598388672;0,5746136903762817;0,24709565937519073;0,184844970703125;0,007655697874724865
2615;-1678,4969482421875;69,7042236328125;79282,6796875;85,13169860839844;-409,8229675292969;17,655170440673828;0,5860409140586853;0,24812452495098114;0,18600015342235565;0,007862826809287071
2616;-1678,4969482421875;69,7042236328125;79282,6796875;121,2597885131836;-392,9433288574219;21,7324275970459;0,5847212672233582;0,25153762102127075;0,18479761481285095;0,007907425053417683
2617;-1678,4969482421875;69,7042236328125;79282,6796875;100,53184509277344;-402,1203308105469;17,44740867614746;0,6147618293762207;0,2636673152446747;0,19239574670791626;0,008545763790607452
2618;-1678,4969482421875;69,7042236328125;79282,6796875;111,18678283691406;-397,545166015625;19,714353561401367;0,6250805854797363;0,26498204469680786;0,1932065486907959;0,008740243501961231
2619;-1678,4969482421875;69,7042236328125;79282,6796875;108,29763793945312;-396,0877990722656;18,271764755249023;0,5980100631713867;0,2678060233592987;0,1861780732870102;0,008393198251724243
2620;-1678,4969482421875;69,7042236328125;79282,6796875;110,8086166381836;-400,7572021484375;18,0094051361084;0,5914401412010193;0,2712632417678833;0,18380922079086304;0,008358785882592201
2621;-1678,4969482421875;69,7042236328125;79282,6796875;137,39491271972656;-405,0245056152344;22,61144256591797;0,6148512363433838;0,2708548903465271;0,18699169158935547;0,008753042668104172
2622;-1678,4969482421875;69,7042236328125;79282,6796875;166,55770874023438;-410,0597839355469;25,07282829284668;0,6311964988708496;0,2840433120727539;0,19144852459430695;0,00919430237263441
2623;-1678,4969482421875;69,7042236328125;79282,6796875;171,46434020996094;-410,8221435546875;25,81406593322754;0,6451650857925415;0,2890779972076416;0,1936720460653305;0,009504207409918308
2624;-1678,4969482421875;69,7042236328125;79282,6796875;165,89920043945312;-416,84228515625;25,316099166870117;0,6522164940834045;0,29318174719810486;0,1942519247531891;0,009700463153421879
2625;-1678,4969482421875;69,7042236328125;79282,6796875;151,98583984375;-414,6026611328125;22,94680404663086;0,643425464630127;0,2943933606147766;0,19102568924427032;0,009625295177102089
2626;-1678,4969482421875;69,7042236328125;79282,6796875;145,65965270996094;-413,6086120605469;21,8785400390625;0,645512044429779;0,3037852942943573;0,1917448490858078;0,009802019223570824
2627;-1678,4969482421875;69,7042236328125;79282,6796875;157,7540283203125;-426,37255859375;23,663637161254883;0,6688739657402039;0,31157320737838745;0,1963958740234375;0,01029702927917242
2628;-1678,4969482421875;69,7042236328125;79282,6796875;172,1353302001953;-420,3832092285156;25,669477462768555;0,6797935962677002;0,3182169795036316;0,1983373910188675;0,010586164891719818
2629;-1678,4969482421875;69,7042236328125;79282,6796875;179,97010803222656;-411,80419921875;26,5096378326416;0,658084511756897;0,32361966371536255;0,1937030553817749;0,010340813547372818
2630;-1678,4969482421875;69,7042236328125;79282,6796875;209,00650024414062;-408,1204833984375;29,526752471923828;0,6478632688522339;0,3230133354663849;0,19022583961486816;0,010226408950984478
2631;-1678,4969482421875;69,7042236328125;79282,6796875;231,18133544921875;-405,6055908203125;31,750328063964844;0,646567165851593;0,32370859384536743;0,1888391077518463;0,010272623971104622
2632;-1678,4969482421875;69,7042236328125;79282,6796875;206,2611846923828;-387,84600830078125;28,798765182495117;0,6550676822662354;0,33525076508522034;0,19162362813949585;0,010562382638454437
2633;-1678,4969482421875;69,7042236328125;79282,6796875;206,5857391357422;-396,65478515625;28,70130729675293;0,6494784951210022;0,32309699058532715;0,1870407611131668;0,010448632761836052
2634;-1678,4969482421875;69,7042236328125;79282,6796875;237,18936157226562;-412,86505126953125;32,79142379760742;0,6609418988227844;0,3330342173576355;0,19018782675266266;0,010785945691168308
2635;-1678,4969482421875;69,7042236328125;79282,6796875;248,0937042236328;-403,0176086425781;33,310970306396484;0,638189435005188;0,32503753900527954;0,18348945677280426;0,010408619418740273
2636;-1678,4969482421875;69,7042236328125;79282,6796875;229,36166381835938;-407,33111572265625;32,1417350769043;0,648120641708374;0,33448225259780884;0,1864767074584961;0,010719111189246178
2637;-1678,4969482421875;69,7042236328125;79282,6796875;245,51065063476562;-425,4598693847656;33,847713470458984;0,6611241698265076;0,33478158712387085;0,18836301565170288;0,011018593795597553
2638;-1678,4969482421875;69,7042236328125;79282,6796875;257,4339599609375;-431,6473083496094;35,68878173828125;0,6442573666572571;0,32377347350120544;0,1826341152191162;0,010715299285948277
2639;-1678,4969482421875;69,7042236328125;79282,6796875;250,09481811523438;-437,2501220703125;34,73903274536133;0,6567568778991699;0,3313111364841461;0,1860918402671814;0,011065746657550335
2640;-1678,4969482421875;69,7042236328125;79282,6796875;286,7364807128906;-441,2986755371094;39,81303024291992;0,6394509673118591;0,3257441520690918;0,1815662831068039;0,010797209106385708
2641;-1678,4969482421875;69,7042236328125;79282,6796875;289,9009704589844;-449,1344299316406;41,45743942260742;0,6346130967140198;0,333072304725647;0,18189750611782074;0,010840553790330887
2642;-1678,4969482421875;69,7042236328125;79282,6796875;296,6335754394531;-444,3819580078125;41,78779220581055;0,6571031808853149;0,3423135578632355;0,18793034553527832;0,011383108794689178
2643;-1678,4969482421875;69,7042236328125;79282,6796875;283,7413330078125;-454,87860107421875;40,34123229980469;0,6510319113731384;0,35057517886161804;0,18838855624198914;0,01139560155570507
2644;-1678,4969482421875;69,7042236328125;79282,6796875;285,0818786621094;-461,36370849609375;41,09632873535156;0,642196774482727;0,34193307161331177;0,18542742729187012;0,011264989152550697
2645;-1678,4969482421875;69,7042236328125;79282,6796875;304,1724548339844;-471,3507080078125;43,49159240722656;0,653674840927124;0,336904913187027;0,1873002052307129;0,011523616500198841
2646;-1678,4969482421875;69,7042236328125;79282,6796875;267,63665771484375;-477,5252990722656;40,95246887207031;0,6428079605102539;0,33876997232437134;0,18596626818180084;0,011415583081543446
2647;-1678,4969482421875;69,7042236328125;79282,6796875;275,0109558105469;-477,68115234375;40,01982116699219;0,6663678884506226;0,3345363438129425;0,19087274372577667;0,011896178126335144
2648;-1678,4969482421875;69,7042236328125;79282,6796875;280,30938720703125;-492,697998046875;40,96625900268555;0,6480942964553833;0,33732399344444275;0,18827754259109497;0,011664128862321377
2649;-1678,4969482421875;69,7042236328125;79282,6796875;258,2714538574219;-497,0843200683594;39,311946868896484;0,6427456140518188;0,3243010938167572;0,18611274659633636;0,011553974822163582
2650;-1678,4969482421875;69,7042236328125;79282,6796875;270,7896728515625;-509,8959045410156;41,70698547363281;0,6313347220420837;0,31225353479385376;0,18294061720371246;0,01132453978061676
2651;-1678,4969482421875;69,7042236328125;79282,6796875;244,56178283691406;-509,8296813964844;37,757843017578125;0,6338739991188049;0,3185437023639679;0,18547117710113525;0,011506127193570137
2652;-1678,4969482421875;69,7042236328125;79282,6796875;240,59397888183594;-523,5451049804688;37,88114547729492;0,6215440630912781;0,31494444608688354;0,18334859609603882;0,011326516978442669
2653;-1678,4969482421875;69,7042236328125;79282,6796875;224,6107940673828;-535,2144165039062;36,308135986328125;0,6428543329238892;0,32690611481666565;0,19102062284946442;0,011891180649399757
2654;-1678,4969482421875;69,7042236328125;79282,6796875;221,7442169189453;-548,9498291015625;35,8491325378418;0,6281681060791016;0,31544727087020874;0,18743996322155;0,011609003879129887
2655;-1678,4969482421875;69,7042236328125;79282,6796875;182,07154846191406;-537,3029174804688;30,52231216430664;0,6249142289161682;0,3104046881198883;0,18739236891269684;0,011586847715079784
2656;-1678,4969482421875;69,7042236328125;79282,6796875;174,52664184570312;-546,7874145507812;29,84231185913086;0,6166085600852966;0,3109467625617981;0,18674683570861816;0,011500954627990723
2657;-1678,4969482421875;69,7042236328125;79282,6796875;147,9534454345703;-550,9196166992188;26,575468063354492;0,6355748176574707;0,3206283152103424;0,19387871026992798;0,012004705145955086
2658;-1678,4969482421875;69,7042236328125;79282,6796875;176,71546936035156;-559,4039916992188;31,176851272583008;0,6053916215896606;0,30266499519348145;0,18572275340557098;0,011360605247318745
2659;-1678,4969482421875;69,7042236328125;79282,6796875;176,72999572753906;-565,6414184570312;30,93080711364746;0,6130430102348328;0,306374728679657;0,1894059032201767;0,011599759571254253
2660;-1678,4969482421875;69,7042236328125;79282,6796875;164,49559020996094;-566,4603881835938;29,95050048828125;0,6036025285720825;0,2979928255081177;0,18749463558197021;0,011423501186072826
2661;-1678,4969482421875;69,7042236328125;79282,6796875;151,1352081298828;-570,8421020507812;28,33586883544922;0,584221601486206;0,29055967926979065;0,182905912399292;0,011036459356546402
2662;-1678,4969482421875;69,7042236328125;79282,6796875;145,0503692626953;-589,4535522460938;28,691652297973633;0,5837161540985107;0,2903621196746826;0,18397042155265808;0,011073434725403786
2663;-1678,4969482421875;69,7042236328125;79282,6796875;161,46453857421875;-595,6285400390625;30,995502471923828;0,5696254372596741;0,27814140915870667;0,18034091591835022;0,010769440792500973
2664;-1678,4969482421875;69,7042236328125;79282,6796875;155,59584045410156;-604,0479125976562;31,473121643066406;0,5841645002365112;0,2839977741241455;0,18602405488491058;0,011153623461723328
2665;-1678,4969482421875;69,7042236328125;79282,6796875;185,86122131347656;-616,8338623046875;36,00677490234375;0,5761436820030212;0,2781270742416382;0,18445102870464325;0,010995989665389061
2666;-1678,4969482421875;69,7042236328125;79282,6796875;187,23985290527344;-625,5928344726562;36,74508285522461;0,5945084691047668;0,2815260589122772;0,19116489589214325;0,011455487459897995
2667;-1678,4969482421875;69,7042236328125;79282,6796875;228,60121154785156;-630,1300048828125;42,039222717285156;0,583990752696991;0,27262336015701294;0,18864451348781586;0,011228088289499283
2668;-1678,4969482421875;69,7042236328125;79282,6796875;198,87405395507812;-630,9421997070312;38,72401809692383;0,5761231780052185;0,26739048957824707;0,1869717538356781;0,011070371605455875
2669;-1678,4969482421875;69,7042236328125;79282,6796875;204,7909698486328;-633,0250244140625;39,47237014770508;0,589106023311615;0,2697224020957947;0,19197651743888855;0,011400044895708561
2670;-1678,4969482421875;69,7042236328125;79282,6796875;204,9976348876953;-632,3294677734375;40,30123519897461;0,5896804332733154;0,2659478485584259;0,19291698932647705;0,011429741978645325
2671;-1678,4969482421875;69,7042236328125;79282,6796875;233,93641662597656;-638,7188110351562;44,84473419189453;0,5886440277099609;0,263545423746109;0,19325749576091766;0,011422148905694485
2672;-1678,4969482421875;69,7042236328125;79282,6796875;225,3020782470703;-633,3141479492188;43,35356521606445;0,5848302245140076;0,2566084563732147;0,1927063763141632;0,011336102150380611
2673;-1678,4969482421875;69,7042236328125;79282,6796875;242,40235900878906;-639,8381958007812;46,652587890625;0,5822716355323792;0,25546786189079285;0,1922886073589325;0,011292239651083946
2674;-1678,4969482421875;69,7042236328125;79282,6796875;253,13473510742188;-632,8845825195312;47,64662170410156;0,5881417989730835;0,25009965896606445;0,1951178014278412;0,011409313417971134
2675;-1678,4969482421875;69,7042236328125;79282,6796875;239,60635375976562;-620,3021850585938;46,33901596069336;0,5966825485229492;0,25197431445121765;0,19839604198932648;0,011627741158008575
2676;-1678,4969482421875;69,7042236328125;79282,6796875;261,7724914550781;-625,4345703125;49,4005126953125;0,5885204076766968;0,25077641010284424;0,19536344707012177;0,011450217105448246
2677;-1678,4969482421875;69,7042236328125;79282,6796875;277,0179443359375;-624,5007934570312;51,284706115722656;0,5673874616622925;0,23819349706172943;0,18876372277736664;0,010939821600914001
2678;-1678,4969482421875;69,7042236328125;79282,6796875;245,78089904785156;-617,2950439453125;46,983951568603516;0,5990651845932007;0,2485710084438324;0,19964036345481873;0,011702417396008968
2679;-1678,4969482421875;69,7042236328125;79282,6796875;279,5612487792969;-624,174560546875;52,051422119140625;0,5279690623283386;0,2189655900001526;0,17488251626491547;0,009926989674568176
2680;-1678,4969482421875;69,7042236328125;79282,6796875;317,48004150390625;-630,9761352539062;57,54270553588867;0,5689496397972107;0,23264841735363007;0,18886308372020721;0,010936356149613857
2681;-1678,4969482421875;69,7042236328125;79282,6796875;276,9258728027344;-612,6752319335938;51,34916305541992;0,5416350364685059;0,21914854645729065;0,17927034199237823;0,010242350399494171
2682;-1678,4969482421875;69,7042236328125;79282,6796875;265,9700927734375;-616,9834594726562;50,560546875;0,5492420196533203;0,22025257349014282;0,1819988638162613;0,010432352311909199
2683;-1678,4969482421875;69,7042236328125;79282,6796875;284,9477844238281;-615,1634521484375;51,33546447753906;0,5596548318862915;0,22413907945156097;0,18615518510341644;0,010677860118448734
2684;-1678,4969482421875;69,7042236328125;79282,6796875;260,9667663574219;-603,6944580078125;47,9517707824707;0,5541703701019287;0,2186838984489441;0,18297947943210602;0,010512982495129108
2685;-1678,4969482421875;69,7042236328125;79282,6796875;258,9132080078125;-593,6069946289062;48,28059387207031;0,569161057472229;0,2230505645275116;0,1874486804008484;0,010851457715034485
2686;-1678,4969482421875;69,7042236328125;79282,6796875;262,36328125;-595,3362426757812;48,571189880371094;0,5666077136993408;0,2182537168264389;0,1852751076221466;0,010726161301136017
2687;-1678,4969482421875;69,7042236328125;79282,6796875;294,1827392578125;-599,1777954101562;52,62851333618164;0,5763749480247498;0,22255006432533264;0,18838085234165192;0,010956878773868084
2688;-1678,4969482421875;69,7042236328125;79282,6796875;275,4954833984375;-587,0298461914062;48,3291015625;0,5598068237304688;0,21392208337783813;0,1819419413805008;0,010514786466956139
2689;-1678,4969482421875;69,7042236328125;79282,6796875;293,07373046875;-590,4067993164062;51,603721618652344;0,5732903480529785;0,2193668782711029;0,18580348789691925;0,010814054869115353
2690;-1678,4969482421875;69,7042236328125;79282,6796875;291,2225646972656;-581,7798461914062;51,07157897949219;0,5550888776779175;0,21083027124404907;0,17884458601474762;0,010330405086278915
2691;-1678,4969482421875;69,7042236328125;79282,6796875;283,09307861328125;-572,9163818359375;50,102272033691406;0,5550285577774048;0,210281103849411;0,17789430916309357;0,010289453901350498
2692;-1678,4969482421875;69,7042236328125;79282,6796875;292,3704833984375;-564,5088500976562;50,62165451049805;0,5708726048469543;0,2114439159631729;0,18109090626239777;0,010586192831397057
2693;-1678,4969482421875;69,7042236328125;79282,6796875;281,676025390625;-557,5491943359375;47,82218933105469;0,5611236095428467;0,20827260613441467;0,1770782768726349;0,010320302098989487
2694;-1678,4969482421875;69,7042236328125;79282,6796875;285,9282531738281;-551,3236083984375;47,96772766113281;0,5673425197601318;0,21491645276546478;0,178701251745224;0,010455227456986904
2695;-1678,4969482421875;69,7042236328125;79282,6796875;306,64117431640625;-553,0814819335938;50,02518844604492;0,5661075115203857;0,20701438188552856;0,17582981288433075;0,010317391715943813
2696;-1678,4969482421875;69,7042236328125;79282,6796875;329,92791748046875;-548,7474975585938;52,8327751159668;0,5617069005966187;0,2074025720357895;0,17355695366859436;0,01017849426716566
2697;-1678,4969482421875;69,7042236328125;79282,6796875;297,8178405761719;-539,5833129882812;48,66743087768555;0,5596767663955688;0,20641855895519257;0,17159053683280945;0,010076157748699188
2698;-1678,4969482421875;69,7042236328125;79282,6796875;284,3059387207031;-543,3998413085938;46,021541595458984;0,5739423036575317;0,2157280445098877;0,17521236836910248;0,01038401573896408
2699;-1678,4969482421875;69,7042236328125;79282,6796875;296,3965148925781;-536,4673461914062;46,62543487548828;0,5661506652832031;0,21137025952339172;0,17118899524211884;0,010130208916962147
2700;-1678,4969482421875;69,7042236328125;79282,6796875;290,36151123046875;-532,9120483398438;45,62307357788086;0,5594579577445984;0,19629204273223877;0,16585464775562286;0,00981074944138527
2701;-1678,4969482421875;69,7042236328125;79282,6796875;287,9955139160156;-536,08056640625;44,94975280761719;0,5459645390510559;0,19586332142353058;0,1610821634531021;0,009472544305026531
2702;-1678,4969482421875;69,7042236328125;79282,6796875;301,6159362792969;-537,7261962890625;45,58282470703125;0,5376496315002441;0,1811683475971222;0,15559479594230652;0,00910841953009367
2703;-1678,4969482421875;69,7042236328125;79282,6796875;316,01483154296875;-538,0436401367188;47,52397537231445;0,5564069151878357;0,19086971879005432;0,1600550264120102;0,009508929215371609
2704;-1678,4969482421875;69,7042236328125;79282,6796875;331,1675720214844;-536,1192626953125;49,010353088378906;0,562618613243103;0,19117476046085358;0,16015422344207764;0,009565910324454308
2705;-1678,4969482421875;69,7042236328125;79282,6796875;284,6481628417969;-516,1461791992188;43,49789810180664;0,5497089624404907;0,192247673869133;0,15582725405693054;0,009255286306142807
2706;-1678,4969482421875;69,7042236328125;79282,6796875;303,2683410644531;-513,6793823242188;44,49141311645508;0,5715330243110657;0,2036653310060501;0,1610945165157318;0,009713346138596535
2707;-1678,4969482421875;69,7042236328125;79282,6796875;310,9164123535156;-518,907958984375;45,771697998046875;0,5709627270698547;0,20154833793640137;0,1592789888381958;0,009612133726477623
2708;-1678,4969482421875;69,7042236328125;79282,6796875;306,6426086425781;-517,5233764648438;44,34153366088867;0,5878949761390686;0,21020101010799408;0,1629725843667984;0,009940008632838726
2709;-1678,4969482421875;69,7042236328125;79282,6796875;331,27960205078125;-496,4836120605469;46,689056396484375;0,5683091282844543;0,2069174349308014;0,15675590932369232;0,009450282901525497
2710;-1678,4969482421875;69,7042236328125;79282,6796875;329,4673156738281;-489,15533447265625;46,753623962402344;0,5831989049911499;0,20980630815029144;0,15927289426326752;0,009692699648439884
2711;-1678,4969482421875;69,7042236328125;79282,6796875;284,47589111328125;-474,3177795410156;40,09312057495117;0,5866491198539734;0,21281009912490845;0,15927332639694214;0,00970898475497961
2712;-1678,4969482421875;69,7042236328125;79282,6796875;309,927490234375;-472,7894592285156;43,496482849121094;0,606368899345398;0,2208460122346878;0,16360050439834595;0,010071058757603168
2713;-1678,4969482421875;69,7042236328125;79282,6796875;313,67620849609375;-467,7973327636719;43,10951232910156;0,5945916175842285;0,220738023519516;0,15994444489479065;0,009762147441506386
2714;-1678,4969482421875;69,7042236328125;79282,6796875;297,74334716796875;-443,95635986328125;40,02067565917969;0,5989891290664673;0,2109343409538269;0,15877336263656616;0,009702437557280064
2715;-1678,4969482421875;69,7042236328125;79282,6796875;319,6791687011719;-440,6698913574219;42,76958084106445;0,5992604494094849;0,2147083431482315;0,15849263966083527;0,009657618589699268
2716;-1678,4969482421875;69,7042236328125;79282,6796875;277,48211669921875;-420,4563903808594;36,671478271484375;0,6091327667236328;0,22350752353668213;0,16106389462947845;0,00983294565230608
2717;-1678,4969482421875;69,7042236328125;79282,6796875;301,67095947265625;-418,3993835449219;39,35237503051758;0,6061381101608276;0,21335171163082123;0,1586073338985443;0,009625897742807865
2718;-1678,4969482421875;69,7042236328125;79282,6796875;285,8629455566406;-401,93011474609375;36,59648132324219;0,5911070108413696;0,1943003535270691;0,1527196317911148;0,009119701571762562
2719;-1678,4969482421875;69,7042236328125;79282,6796875;326,2335510253906;-393,1468200683594;41,29015350341797;0,5992147922515869;0,21498675644397736;0,15653352439403534;0,009355632588267326
2720;-1678,4969482421875;69,7042236328125;79282,6796875;320,4054260253906;-379,70458984375;39,73542022705078;0,6136565208435059;0,22363688051700592;0,1605234146118164;0,009612193331122398
2721;-1678,4969482421875;69,7042236328125;79282,6796875;322,9908447265625;-366,7070617675781;40,42226791381836;0,5971677303314209;0,19428278505802155;0,1536826491355896;0,009013484232127666
2722;-1678,4969482421875;69,7042236328125;79282,6796875;312,0199890136719;-365,728759765625;38,49806594848633;0,6118253469467163;0,21795964241027832;0,1595427244901657;0,009393570944666862
2723;-1678,4969482421875;69,7042236328125;79282,6796875;303,1904296875;-360,8802795410156;37,014678955078125;0,6026980876922607;0,19328099489212036;0,15527264773845673;0,008966758847236633
2724;-1678,4969482421875;69,7042236328125;79282,6796875;289,2561340332031;-346,3689880371094;34,777774810791016;0,5864111185073853;0,1726704239845276;0,15012723207473755;0,008423320017755032
2725;-1678,4969482421875;69,7042236328125;79282,6796875;285,73614501953125;-327,2851867675781;34,215614318847656;0,614109992980957;0,1960514634847641;0,15911711752414703;0,00905944500118494
2726;-1678,4969482421875;69,7042236328125;79282,6796875;247,88206481933594;-326,88995361328125;28,974843978881836;0,5970233678817749;0,19356796145439148;0,15562793612480164;0,008674290031194687
2727;-1678,4969482421875;69,7042236328125;79282,6796875;261,3683166503906;-313,100830078125;30,816259384155273;0,5963374376296997;0,18807709217071533;0,1557752639055252;0,008553325198590755
2728;-1678,4969482421875;69,7042236328125;79282,6796875;228,5775909423828;-296,5685729980469;26,365427017211914;0,5977176427841187;0,18817326426506042;0,15701696276664734;0,008519496768712997
2729;-1678,4969482421875;69,7042236328125;79282,6796875;211,32164001464844;-283,96417236328125;23,778446197509766;0,6177254319190979;0,2035440057516098;0,1640065461397171;0,00893570389598608
2730;-1678,4969482421875;69,7042236328125;79282,6796875;216,40875244140625;-267,42510986328125;24,435903549194336;0,608453094959259;0,19159525632858276;0,1619727909564972;0,00861932523548603
2731;-1678,4969482421875;69,7042236328125;79282,6796875;252,65878295898438;-260,35211181640625;29,20954704284668;0,598639726638794;0,19450870156288147;0,16094282269477844;0,008408697322010994
2732;-1678,4969482421875;69,7042236328125;79282,6796875;236,07884216308594;-232,5869903564453;26,661531448364258;0,6156097650527954;0,19500358402729034;0,16645529866218567;0,008657870814204216
2733;-1678,4969482421875;69,7042236328125;79282,6796875;234,7137908935547;-241,43600463867188;26,319093704223633;0,6173824071884155;0,1982666701078415;0,1684761792421341;0,008659562095999718
2734;-1678,4969482421875;69,7042236328125;79282,6796875;206,57611083984375;-221,4453887939453;23,009140014648438;0,6227983236312866;0,19323480129241943;0,17101126909255981;0,008662713691592216
2735;-1678,4969482421875;69,7042236328125;79282,6796875;220,7001953125;-219,00697326660156;24,41747283935547;0,5828215479850769;0,18161097168922424;0,16149269044399261;0,00782039575278759
2736;-1678,4969482421875;69,7042236328125;79282,6796875;248,86221313476562;-209,7236785888672;28,204334259033203;0,5920789241790771;0,1763184517621994;0,1651230901479721;0,007894808426499367
2737;-1678,4969482421875;69,7042236328125;79282,6796875;228,29002380371094;-187,49234008789062;24,96241569519043;0,6047279834747314;0,1858396828174591;0,17049077153205872;0,008146321401000023
2738;-1678,4969482421875;69,7042236328125;79282,6796875;248,0398712158203;-175,0550079345703;27,022714614868164;0,6078087687492371;0,1684514582157135;0,17221570014953613;0,007998976856470108
2739;-1678,4969482421875;69,7042236328125;79282,6796875;241,4970245361328;-164,53004455566406;26,72924041748047;0,5861718654632568;0,1699981540441513;0,16796879470348358;0,007608653977513313
2740;-1678,4969482421875;69,7042236328125;79282,6796875;247,07855224609375;-169,63397216796875;27,992719650268555;0,5725849270820618;0,16832125186920166;0,16572032868862152;0,007314614485949278
2741;-1678,4969482421875;69,7042236328125;79282,6796875;230,6329345703125;-174,7679443359375;25,932409286499023;0,5867325663566589;0,16868552565574646;0,17133192718029022;0,007527833804488182
2742;-1678,4969482421875;69,7042236328125;79282,6796875;242,05918884277344;-160,54164123535156;27,522390365600586;0,5781270265579224;0,16109752655029297;0,1702859103679657;0,007274320814758539
2743;-1678,4969482421875;69,7042236328125;79282,6796875;261,6791687011719;-157,4591827392578;30,17853546142578;0,5722830295562744;0,1634766310453415;0,17022493481636047;0,007157564163208008
2744;-1678,4969482421875;69,7042236328125;79282,6796875;255,13946533203125;-150,78762817382812;29,82186508178711;0,5644754767417908;0,14747288823127747;0,16925190389156342;0,006832059007138014
2745;-1678,4969482421875;69,7042236328125;79282,6796875;277,34228515625;-139,91075134277344;32,772884368896484;0,5481665134429932;0,1467820703983307;0,16592322289943695;0,006512870546430349
2746;-1678,4969482421875;69,7042236328125;79282,6796875;287,0195007324219;-137,29296875;34,00386047363281;0,5622776746749878;0,15324072539806366;0,17175394296646118;0,0067885820753872395
2747;-1678,4969482421875;69,7042236328125;79282,6796875;291,7624206542969;-135,91061401367188;35,19011306762695;0,5786287188529968;0,15480868518352509;0,17830362915992737;0,007042687386274338
2748;-1678,4969482421875;69,7042236328125;79282,6796875;263,9227600097656;-138,9938507080078;31,617895126342773;0,5367260575294495;0,14836031198501587;0,16682952642440796;0,006231851875782013
2749;-1678,4969482421875;69,7042236328125;79282,6796875;269,2933044433594;-120,17390441894531;32,76518249511719;0,5577087998390198;0,15693029761314392;0,17475171387195587;0,0066563705913722515
2750;-1678,4969482421875;69,7042236328125;79282,6796875;291,88922119140625;-115,98579406738281;35,8836784362793;0,5448154211044312;0,1516660451889038;0,1720885932445526;0,006350415758788586
2751;-1678,4969482421875;69,7042236328125;79282,6796875;289,1309814453125;-102,39264678955078;35,48450469970703;0,5460510849952698;0,1571274995803833;0,17370960116386414;0,006396772339940071
2752;-1678,4969482421875;69,7042236328125;79282,6796875;300,7639465332031;-89,27584838867188;36,39872360229492;0,5468142032623291;0,15954376757144928;0,17516286671161652;0,006406223867088556
2753;-1678,4969482421875;69,7042236328125;79282,6796875;301,3927001953125;-76,16230010986328;36,88439178466797;0,540215790271759;0,15284983813762665;0,17445091903209686;0,006201031152158976
2754;-1678,4969482421875;69,7042236328125;79282,6796875;279,5390625;-68,35212707519531;34,2075309753418;0,5492761135101318;0,16125263273715973;0,17837640643119812;0,006422093138098717
2755;-1678,4969482421875;69,7042236328125;79282,6796875;327,67474365234375;-43,25166702270508;40,49005889892578;0,5519726276397705;0,16405518352985382;0,18028639256954193;0,006471811328083277
2756;-1678,4969482421875;69,7042236328125;79282,6796875;319,4386901855469;-27,61963653564453;39,214603424072266;0,5358072519302368;0,15895672142505646;0,1761476993560791;0,006114686373621225
2757;-1678,4969482421875;69,7042236328125;79282,6796875;309,0800476074219;-18,000064849853516;38,64781951904297;0,5381601452827454;0,16356821358203888;0,1777099370956421;0,006179232150316238
2758;-1678,4969482421875;69,7042236328125;79282,6796875;288,63385009765625;-13,044098854064941;35,691802978515625;0,536457359790802;0,16447466611862183;0,1780771166086197;0,006140153855085373
2759;-1678,4969482421875;69,7042236328125;79282,6796875;282,58905029296875;1,9432555437088013;34,36854553222656;0,5273412466049194;0,1627773642539978;0,17595556378364563;0,005941213574260473
2760;-1678,4969482421875;69,7042236328125;79282,6796875;287,7619323730469;26,409008026123047;35,42866134643555;0,5398434996604919;0,1696883589029312;0,18072247505187988;0,00621694466099143
2761;-1678,4969482421875;69,7042236328125;79282,6796875;263,08563232421875;29,0460205078125;31,82485008239746;0,5412505269050598;0,1699223518371582;0,1823476254940033;0,006227840203791857
2762;-1678,4969482421875;69,7042236328125;79282,6796875;245,79742431640625;35,69208908081055;30,025901794433594;0,5295395255088806;0,16956771910190582;0,17881949245929718;0,006003799848258495
2763;-1678,4969482421875;69,7042236328125;79282,6796875;218,0906219482422;42,02642059326172;26,36126136779785;0,525027334690094;0,17005297541618347;0,17798840999603271;0,005914416164159775
2764;-1678,4969482421875;69,7042236328125;79282,6796875;220,46481323242188;53,74234390258789;26,76498794555664;0,5151301622390747;0,17065420746803284;0,1744680404663086;0,005703562870621681
2765;-1678,4969482421875;69,7042236328125;79282,6796875;192,3354034423828;58,28946304321289;23,299192428588867;0,4785464406013489;0,15783894062042236;0,1642473191022873;0,004859120585024357
2766;-1678,4969482421875;69,7042236328125;79282,6796875;191,8428955078125;67,74005126953125;23,262493133544922;0,5261867046356201;0,17874477803707123;0,17878492176532745;0,005972856655716896
2767;-1678,4969482421875;69,7042236328125;79282,6796875;188,77593994140625;61,7000846862793;23,839069366455078;0,4889817535877228;0,16811269521713257;0,1665063202381134;0,005115249659866095
2768;-1678,4969482421875;69,7042236328125;79282,6796875;197,76971435546875;78,58346557617188;24,304443359375;0,5342445373535156;0,18627505004405975;0,18295052647590637;0,0061923363246023655
2769;-1678,4969482421875;69,7042236328125;79282,6796875;200,6157989501953;81,99342346191406;25,002058029174805;0,5280749797821045;0,1871052384376526;0,18120288848876953;0,006081834901124239
2770;-1678,4969482421875;69,7042236328125;79282,6796875;170,13230895996094;74,4126968383789;21,07457733154297;0,5400152802467346;0,19165107607841492;0,18307460844516754;0,006295633502304554
2771;-1678,4969482421875;69,7042236328125;79282,6796875;157,5502471923828;81,21028900146484;19,18718910217285;0,5042920708656311;0,18381735682487488;0,1727837473154068;0,005609902553260326
2772;-1678,4969482421875;69,7042236328125;79282,6796875;163,4366455078125;85,45344543457031;20,25883674621582;0,5218525528907776;0,19231939315795898;0,1783408671617508;0,006019746884703636
2773;-1678,4969482421875;69,7042236328125;79282,6796875;174,14971923828125;96,58565521240234;21,62451171875;0,5188605785369873;0,19308273494243622;0,1767878532409668;0,0059652263298630714
2774;-1678,4969482421875;69,7042236328125;79282,6796875;158,59991455078125;89,57747650146484;19,77468490600586;0,5342428088188171;0,20081661641597748;0,18153101205825806;0,006324357818812132
2775;-1678,4969482421875;69,7042236328125;79282,6796875;152,1239013671875;88,33464050292969;19,186180114746094;0,5270398855209351;0,20194226503372192;0,17924374341964722;0,0062166014686226845
2776;-1678,4969482421875;69,7042236328125;79282,6796875;164,4098358154297;90,60427856445312;20,93034553527832;0,5397542119026184;0,2087373286485672;0,18290168046951294;0,006514144130051136
2777;-1678,4969482421875;69,7042236328125;79282,6796875;154,2454376220703;85,67418670654297;20,0116024017334;0,5511250495910645;0,21558642387390137;0,18620675802230835;0,006787697318941355
2778;-1678,4969482421875;69,7042236328125;79282,6796875;160,03363037109375;80,70060729980469;20,304716110229492;0,5439413189888;0,21415819227695465;0,18286707997322083;0,006651854608207941
2779;-1678,4969482421875;69,7042236328125;79282,6796875;160,9861602783203;80,55589294433594;20,378015518188477;0,5700404047966003;0,22264505922794342;0,18975676596164703;0,007177622523158789
2780;-1678,4969482421875;69,7042236328125;79282,6796875;135,49612426757812;66,71967315673828;17,621013641357422;0,5450003147125244;0,22031626105308533;0,18214626610279083;0,006757507100701332
2781;-1678,4969482421875;69,7042236328125;79282,6796875;139,70887756347656;69,46066284179688;17,62660026550293;0,5678331255912781;0,22984850406646729;0,18841232359409332;0,0072523499839007854
2782;-1678,4969482421875;69,7042236328125;79282,6796875;135,52989196777344;66,36518859863281;17,53192138671875;0,5945128202438354;0,23873776197433472;0,19527103006839752;0,007788092829287052
2783;-1678,4969482421875;69,7042236328125;79282,6796875;146,57821655273438;59,782039642333984;18,080230712890625;0,5754562020301819;0,23417432606220245;0,18829144537448883;0,007441762834787369
2784;-1678,4969482421875;69,7042236328125;79282,6796875;139,57568359375;47,84762191772461;17,73641586303711;0,5858663320541382;0,24482393264770508;0,19169560074806213;0,007751844823360443
2785;-1678,4969482421875;69,7042236328125;79282,6796875;118,23967742919922;39,57182312011719;15,209413528442383;0,5772131085395813;0,2439134269952774;0,18794460594654083;0,007621360942721367
2786;-1678,4969482421875;69,7042236328125;79282,6796875;116,0751953125;29,115320205688477;15,07894515991211;0,5678067207336426;0,24238857626914978;0,18388180434703827;0,007470796350389719
2787;-1678,4969482421875;69,7042236328125;79282,6796875;117,49889373779297;22,232934951782227;14,424249649047852;0,5750946998596191;0,24876996874809265;0,18538028001785278;0,007681984920054674
2788;-1678,4969482421875;69,7042236328125;79282,6796875;141,593017578125;24,399555206298828;17,09916114807129;0,600092351436615;0,2562876045703888;0,1910022497177124;0,008183608762919903
2789;-1678,4969482421875;69,7042236328125;79282,6796875;114,84119415283203;14,540725708007812;13,378800392150879;0,5879626274108887;0,2578834295272827;0,18698908388614655;0,008037504740059376
2790;-1678,4969482421875;69,7042236328125;79282,6796875;125,99462127685547;20,124282836914062;14,8668794631958;0,5796968936920166;0,2584984600543976;0,18363210558891296;0,007938367314636707
2791;-1678,4969482421875;69,7042236328125;79282,6796875;144,84039306640625;22,296066284179688;16,704591751098633;0,6125468611717224;0,272220253944397;0,1920754313468933;0,008635876700282097
2792;-1678,4969482421875;69,7042236328125;79282,6796875;196,15830993652344;37,75407028198242;23,142045974731445;0,623724639415741;0,2757408320903778;0,19348140060901642;0,008877906948328018
2793;-1678,4969482421875;69,7042236328125;79282,6796875;186,6965789794922;28,010072708129883;21,079198837280273;0,6245989799499512;0,2690417766571045;0,19052249193191528;0,008841031230986118
2794;-1678,4969482421875;69,7042236328125;79282,6796875;222,8888702392578;37,98681640625;25,512174606323242;0,6092042326927185;0,27464357018470764;0,1866627037525177;0,008707821369171143
2795;-1678,4969482421875;69,7042236328125;79282,6796875;199,70895385742188;25,499984741210938;22,53296661376953;0,6295695900917053;0,2916913628578186;0,19281363487243652;0,009241550229489803
2796;-1678,4969482421875;69,7042236328125;79282,6796875;213,57041931152344;29,73194694519043;23,799129486083984;0,6247705817222595;0,2850746810436249;0,18871478736400604;0,009142936207354069
2797;-1678,4969482421875;69,7042236328125;79282,6796875;207,66331481933594;26,476581573486328;23,29843521118164;0,6072642207145691;0,2922869324684143;0,18498051166534424;0,008972326293587685
2798;-1678,4969482421875;69,7042236328125;79282,6796875;181,35922241210938;16,107933044433594;19,502016067504883;0,646395206451416;0,3068699836730957;0,19431601464748383;0,009787638671696186
2799;-1678,4969482421875;69,7042236328125;79282,6796875;187,44387817382812;17,814861297607422;20,278549194335938;0,6463711261749268;0,3076675236225128;0,1928337812423706;0,00984587986022234
2800;-1678,4969482421875;69,7042236328125;79282,6796875;184,64761352539062;18,6220760345459;19,281583786010742;0,653110146522522;0,30743375420570374;0,1925513744354248;0,010004960000514984
2801;-1678,4969482421875;69,7042236328125;79282,6796875;176,3880615234375;7,46278190612793;18,72633171081543;0,6687667369842529;0,3124848008155823;0,19514597952365875;0,010354738682508469
2802;-1678,4969482421875;69,7042236328125;79282,6796875;187,1507110595703;1,158831238746643;20,057388305664062;0,640820324420929;0,3172025978565216;0,18917378783226013;0,010000869631767273
2803;-1678,4969482421875;69,7042236328125;79282,6796875;189,6127166748047;-7,7190423011779785;20,14952850341797;0,6667022109031677;0,32787638902664185;0,19496700167655945;0,01057427003979683
2804;-1678,4969482421875;69,7042236328125;79282,6796875;194,68765258789062;-11,186567306518555;20,07875633239746;0,6561952233314514;0,3277592658996582;0,1916274130344391;0,010462281294167042
2805;-1678,4969482421875;69,7042236328125;79282,6796875;173,23464965820312;-22,413719177246094;17,35186767578125;0,6632646322250366;0,3254190981388092;0,1913149654865265;0,010627827607095242
2806;-1678,4969482421875;69,7042236328125;79282,6796875;179,0227508544922;-21,336618423461914;18,435483932495117;0,6521035432815552;0,33093422651290894;0,18920792639255524;0,010549374856054783
2807;-1678,4969482421875;69,7042236328125;79282,6796875;175,99798583984375;-24,302553176879883;17,893444061279297;0,6459226608276367;0,33453619480133057;0,1877918541431427;0,010535098612308502
2808;-1678,4969482421875;69,7042236328125;79282,6796875;165,27098083496094;-29,187131881713867;16,206707000732422;0,6654994487762451;0,33586570620536804;0,19085699319839478;0,010953882709145546
2809;-1678,4969482421875;69,7042236328125;79282,6796875;155,6078643798828;-43,81783676147461;14,785355567932129;0,6757554411888123;0,3390005826950073;0,19264745712280273;0,011224078945815563
2810;-1678,4969482421875;69,7042236328125;79282,6796875;177,12091064453125;-46,39228439331055;17,722768783569336;0,6559678912162781;0,3378993570804596;0,1880815029144287;0,010949921794235706
2811;-1678,4969482421875;69,7042236328125;79282,6796875;192,41566467285156;-62,16859817504883;19,8259334564209;0,6710962653160095;0,33991700410842896;0,19081547856330872;0,011299487203359604
2812;-1678,4969482421875;69,7042236328125;79282,6796875;176,8142852783203;-87,24734497070312;19,227693557739258;0,6281724572181702;0,3304286003112793;0,1805749535560608;0,010557003319263458
2813;-1678,4969482421875;69,7042236328125;79282,6796875;165,06398010253906;-97,0235366821289;17,905672073364258;0,6388987898826599;0,33154764771461487;0,18258346617221832;0,010831731371581554
2814;-1678,4969482421875;69,7042236328125;79282,6796875;160,7457275390625;-107,96231079101562;17,661231994628906;0,6419564485549927;0,3298434317111969;0,18277113139629364;0,010949443094432354
2815;-1678,4969482421875;69,7042236328125;79282,6796875;182,4453887939453;-124,7999496459961;20,48311424255371;0,6361796855926514;0,34105902910232544;0,18370774388313293;0,010991454124450684
2816;-1678,4969482421875;69,7042236328125;79282,6796875;191,14735412597656;-140,91920471191406;22,195905685424805;0,668421745300293;0,3396680951118469;0,18989436328411102;0,011643665842711926
2817;-1678,4969482421875;69,7042236328125;79282,6796875;202,4765167236328;-142,49066162109375;23,953794479370117;0,6350868344306946;0,3312131464481354;0,1821776032447815;0,01106637716293335
2818;-1678,4969482421875;69,7042236328125;79282,6796875;156,9599609375;-165,45358276367188;18,158647537231445;0,6713950634002686;0,34394511580467224;0,19202303886413574;0,011893073096871376
2819;-1678,4969482421875;69,7042236328125;79282,6796875;164,6513214111328;-188,7099609375;21,052364349365234;0,6417710185050964;0,33243319392204285;0,18469977378845215;0,011355661787092686
2820;-1678,4969482421875;69,7042236328125;79282,6796875;153,22207641601562;-200,371337890625;19,881593704223633;0,6627339124679565;0,3403131663799286;0,1909591257572174;0,011874029412865639
2821;-1678,4969482421875;69,7042236328125;79282,6796875;183,52198791503906;-221,21185302734375;22,88755226135254;0,6628146171569824;0,33929452300071716;0,19163556396961212;0,011949025094509125
2822;-1678,4969482421875;69,7042236328125;79282,6796875;181,9167022705078;-244,75555419921875;24,789775848388672;0,6577499508857727;0,33391624689102173;0,19068264961242676;0,011898571625351906
2823;-1678,4969482421875;69,7042236328125;79282,6796875;179,1822509765625;-251,6702117919922;24,2340087890625;0,6234915256500244;0,31932342052459717;0,1821189969778061;0,011238309554755688
2824;-1678,4969482421875;69,7042236328125;79282,6796875;175,4573211669922;-261,9087219238281;23,84939193725586;0,6311339735984802;0,32177111506462097;0,18520639836788177;0,011476801708340645
2825;-1678,4969482421875;69,7042236328125;79282,6796875;203,6915283203125;-280,80712890625;28,184635162353516;0,6458970904350281;0,3252175748348236;0,19016599655151367;0,011854860000312328
2826;-1678,4969482421875;69,7042236328125;79282,6796875;214,68016052246094;-297,4872131347656;29,579383850097656;0,6392931938171387;0,3351380527019501;0,19113317131996155;0,011857529170811176
2827;-1678,4969482421875;69,7042236328125;79282,6796875;220,45242309570312;-312,8936462402344;31,47960662841797;0,645287811756134;0,32531288266181946;0,1925879418849945;0,011997988447546959
2828;-1678,4969482421875;69,7042236328125;79282,6796875;248,54486083984375;-328,64544677734375;35,67573928833008;0,630598783493042;0,31956347823143005;0,18970294296741486;0,011748156510293484
2829;-1678,4969482421875;69,7042236328125;79282,6796875;272,64129638671875;-346,68505859375;39,11371994018555;0,6353657245635986;0,31933870911598206;0,19219635426998138;0,011911227367818356
2830;-1678,4969482421875;69,7042236328125;79282,6796875;281,21270751953125;-350,8666076660156;40,07841873168945;0,6225675940513611;0,31708818674087524;0,19010719656944275;0,011708113364875317
2831;-1678,4969482421875;69,7042236328125;79282,6796875;304,275146484375;-363,9485778808594;43,937374114990234;0,6050168871879578;0,29575735330581665;0,18485596776008606;0,011294801719486713
2832;-1678,4969482421875;69,7042236328125;79282,6796875;330,21807861328125;-375,680419921875;48,27399444580078;0,5866807103157043;0,28742676973342896;0,18063856661319733;0,01093675009906292
2833;-1678,4969482421875;69,7042236328125;79282,6796875;326,9509582519531;-374,2855224609375;47,71831512451172;0,58552485704422;0,2877773344516754;0,18166355788707733;0,010978654026985168
2834;-1678,4969482421875;69,7042236328125;79282,6796875;350,9210205078125;-384,59088134765625;51,60688400268555;0,5680462718009949;0,2798662483692169;0,1775338351726532;0,01062597893178463
2835;-1678,4969482421875;69,7042236328125;79282,6796875;339,5408630371094;-390,15936279296875;50,47466278076172;0,5825827717781067;0,2893430292606354;0,18347486853599548;0,011029670014977455
2836;-1678,4969482421875;69,7042236328125;79282,6796875;356,4308166503906;-393,20416259765625;53,61592102050781;0,5727694630622864;0,28322333097457886;0,1814543604850769;0,010837892070412636
2837;-1678,4969482421875;69,7042236328125;79282,6796875;351,2852478027344;-394,40966796875;53,36590576171875;0,5845407843589783;0,2815150022506714;0,18589156866073608;0,01113796979188919
2838;-1678,4969482421875;69,7042236328125;79282,6796875;362,86883544921875;-403,49444580078125;54,94308090209961;0,5853778719902039;0,283430278301239;0,1873479187488556;0,011201567947864532
2839;-1678,4969482421875;69,7042236328125;79282,6796875;342,244873046875;-408,8753356933594;52,576786041259766;0,6009229421615601;0,28534311056137085;0,19315804541110992;0,01159539632499218
2840;-1678,4969482421875;69,7042236328125;79282,6796875;338,5627746582031;-405,85546875;52,34090805053711;0,5975508689880371;0,27975037693977356;0,1929556131362915;0,011541992425918579
2841;-1678,4969482421875;69,7042236328125;79282,6796875;325,6587219238281;-418,6372985839844;51,31880187988281;0,583242654800415;0,26676464080810547;0,18912936747074127;0,011214015074074268
2842;-1678,4969482421875;69,7042236328125;79282,6796875;321,2913513183594;-416,1506042480469;51,265846252441406;0,5938571691513062;0,27279824018478394;0,19345498085021973;0,011504688300192356
2843;-1678,4969482421875;69,7042236328125;79282,6796875;338,1787109375;-435,63214111328125;55,02831268310547;0,595736026763916;0,27070948481559753;0,19482173025608063;0,011567212641239166
2844;-1678,4969482421875;69,7042236328125;79282,6796875;315,3574523925781;-435,58770751953125;51,635162353515625;0,5879363417625427;0,2611505091190338;0,19301053881645203;0,011390583589673042
2845;-1678,4969482421875;69,7042236328125;79282,6796875;322,80987548828125;-448,4996032714844;52,733863830566406;0,5779678821563721;0,25255900621414185;0,190435990691185;0,011154881678521633
2846;-1678,4969482421875;69,7042236328125;79282,6796875;332,2696838378906;-460,2685546875;55,098899841308594;0,5854695439338684;0,2549173831939697;0,1934228241443634;0,011356605216860771
2847;-1678,4969482421875;69,7042236328125;79282,6796875;310,8917541503906;-455,2198486328125;52,15283203125;0,6085209250450134;0,2620474398136139;0,20157837867736816;0,011918642558157444
2848;-1678,4969482421875;69,7042236328125;79282,6796875;296,2131042480469;-469,8381652832031;50,50971984863281;0,5646968483924866;0,24211592972278595;0,18732120096683502;0,010873815044760704
2849;-1678,4969482421875;69,7042236328125;79282,6796875;289,1968994140625;-474,73455810546875;50,54793930053711;0,5995234251022339;0,2533371150493622;0,19936788082122803;0,01171356625854969
2850;-1678,4969482421875;69,7042236328125;79282,6796875;301,9613952636719;-482,050537109375;52,43166732788086;0,5832354426383972;0,24626904726028442;0,19371482729911804;0,011314772069454193
2851;-1678,4969482421875;69,7042236328125;79282,6796875;297,6561584472656;-492,1866760253906;52,03908157348633;0,5827938914299011;0,24366959929466248;0,1935732513666153;0,011293910443782806
2852;-1678,4969482421875;69,7042236328125;79282,6796875;287,804931640625;-494,2559509277344;50,87937545776367;0,5705429315567017;0,23675437271595;0,18899765610694885;0,010954894125461578
2853;-1678,4969482421875;69,7042236328125;79282,6796875;334,6280517578125;-515,1380004882812;57,09848403930664;0,5676566958427429;0,23211219906806946;0,1886157989501953;0,010911986231803894
2854;-1678,4969482421875;69,7042236328125;79282,6796875;351,35107421875;-530,17919921875;59,45948791503906;0,534910261631012;0,21654704213142395;0,17735905945301056;0,010089683346450329
2855;-1678,4969482421875;69,7042236328125;79282,6796875;361,3750915527344;-551,4672241210938;61,86507797241211;0,5674463510513306;0,22804421186447144;0,1885400414466858;0,010881784372031689
2856;-1678,4969482421875;69,7042236328125;79282,6796875;377,2893371582031;-559,0723876953125;62,3848876953125;0,5543431639671326;0,2204113006591797;0,18341614305973053;0,01053205132484436
2857;-1678,4969482421875;69,7042236328125;79282,6796875;382,81866455078125;-574,3181762695312;64,93021392822266;0,5666462779045105;0,22331717610359192;0,1869957447052002;0,010803291574120522
2858;-1678,4969482421875;69,7042236328125;79282,6796875;376,948974609375;-581,5418090820312;63,3477897644043;0,5713071823120117;0,22485221922397614;0,18853719532489777;0,010906285606324673
2859;-1678,4969482421875;69,7042236328125;79282,6796875;388,7091369628906;-596,8881225585938;65,46342468261719;0,5504624843597412;0,21246904134750366;0,18015612661838531;0,010338179767131805
2860;-1678,4969482421875;69,7042236328125;79282,6796875;399,9934997558594;-611,4874267578125;66,70654296875;0,5497434735298157;0,21085846424102783;0,17930413782596588;0,01029135286808014
2861;-1678,4969482421875;69,7042236328125;79282,6796875;376,4071350097656;-616,3792114257812;63,487186431884766;0,5621551871299744;0,2124137133359909;0,18212060630321503;0,010532453656196594
2862;-1678,4969482421875;69,7042236328125;79282,6796875;357,85247802734375;-620,2974243164062;61,370941162109375;0,5632783770561218;0,21530435979366302;0,1825135201215744;0,010566762648522854
2863;-1678,4969482421875;69,7042236328125;79282,6796875;375,1671142578125;-632,8804931640625;62,74565124511719;0,5655412077903748;0,2086607962846756;0,1809074729681015;0,010503259487450123
2864;-1678,4969482421875;69,7042236328125;79282,6796875;352,763427734375;-634,2317504882812;59,924442291259766;0,5603808760643005;0,20541606843471527;0,17822514474391937;0,0103393429890275
2865;-1678,4969482421875;69,7042236328125;79282,6796875;333,3226318359375;-643,22509765625;57,87872314453125;0,5728723406791687;0,21295085549354553;0,18185998499393463;0,010638068430125713
2866;-1678,4969482421875;69,7042236328125;79282,6796875;309,3414001464844;-636,74267578125;53,60835647583008;0,5591539144515991;0,20035673677921295;0,17514880001544952;0,010189114138484001
2867;-1678,4969482421875;69,7042236328125;79282,6796875;329,33319091796875;-644,28369140625;55,55760192871094;0,5557156205177307;0,20398201048374176;0,17386752367019653;0,010122429579496384
2868;-1678,4969482421875;69,7042236328125;79282,6796875;328,30718994140625;-651,0552978515625;54,875648498535156;0,5631945729255676;0,209980309009552;0,1755833774805069;0,010279464535415173
2869;-1678,4969482421875;69,7042236328125;79282,6796875;305,76373291015625;-653,5283203125;51,408775329589844;0,560182511806488;0,20635166764259338;0,17297326028347015;0,010138425044715405
2870;-1678,4969482421875;69,7042236328125;79282,6796875;305,0246887207031;-653,0335083007812;51,48383331298828;0,5719161033630371;0,21161116659641266;0,1754152774810791;0,010368091985583305
2871;-1678,4969482421875;69,7042236328125;79282,6796875;309,2189025878906;-656,1583862304688;52,2182502746582;0,5533236265182495;0,20150896906852722;0,16786345839500427;0,009846661239862442
2872;-1678,4969482421875;69,7042236328125;79282,6796875;308,4001770019531;-652,773193359375;50,539066314697266;0,5605269074440002;0,20826822519302368;0,16929389536380768;0,00998816266655922
2873;-1678,4969482421875;69,7042236328125;79282,6796875;311,0675048828125;-647,938720703125;50,79971694946289;0,5473241209983826;0,19836026430130005;0,16315245628356934;0,009578815661370754
2874;-1678,4969482421875;69,7042236328125;79282,6796875;308,8038635253906;-644,489501953125;49,94314956665039;0,5570628643035889;0,19099418818950653;0,16305500268936157;0,00964734423905611
2875;-1678,4969482421875;69,7042236328125;79282,6796875;325,791259765625;-641,1019897460938;51,29058837890625;0,556791365146637;0,20185212790966034;0,16310037672519684;0,009673415683209896
2876;-1678,4969482421875;69,7042236328125;79282,6796875;307,57904052734375;-628,880859375;48,6094856262207;0,5459396243095398;0,192183256149292;0,15769381821155548;0,009310458786785603
2877;-1678,4969482421875;69,7042236328125;79282,6796875;309,70416259765625;-625,6248779296875;47,98806381225586;0,5473281741142273;0,191555455327034;0,15653254091739655;0,009266922250390053
2878;-1678,4969482421875;69,7042236328125;79282,6796875;271,1240234375;-603,9989013671875;42,56126022338867;0,5820978283882141;0,21160733699798584;0,1660885363817215;0,010057522915303707
2879;-1678,4969482421875;69,7042236328125;79282,6796875;272,68914794921875;-601,8173828125;42,375457763671875;0,5909200310707092;0,21927642822265625;0,1677388995885849;0,010215912014245987
2880;-1678,4969482421875;69,7042236328125;79282,6796875;288,2647705078125;-603,03125;44,412025451660156;0,5696617364883423;0,20763319730758667;0,1597798466682434;0,009631085209548473
2881;-1678,4969482421875;69,7042236328125;79282,6796875;249,67713928222656;-590,9464111328125;38,73589324951172;0,5709415674209595;0,20812523365020752;0,158797025680542;0,009589056484401226
2882;-1678,4969482421875;69,7042236328125;79282,6796875;301,9476318359375;-594,7540893554688;45,182125091552734;0,5842233896255493;0,20922411978244781;0,16065624356269836;0,009783808141946793
2883;-1678,4969482421875;69,7042236328125;79282,6796875;276,329345703125;-586,3011474609375;41,491085052490234;0,5821545124053955;0,20573897659778595;0,1584886908531189;0,009642686694860458
2884;-1678,4969482421875;69,7042236328125;79282,6796875;329,61767578125;-597,031005859375;47,7051887512207;0,5885224938392639;0,2119971066713333;0,15954871475696564;0,009734909981489182
2885;-1678,4969482421875;69,7042236328125;79282,6796875;323,08282470703125;-593,99267578125;47,169097900390625;0,5907102227210999;0,2083471119403839;0,15847402811050415;0,009673171676695347
2886;-1678,4969482421875;69,7042236328125;79282,6796875;314,9056091308594;-602,1275024414062;45,58246994018555;0,5847094655036926;0,20883342623710632;0,15620067715644836;0,009484900161623955
2887;-1678,4969482421875;69,7042236328125;79282,6796875;301,8441162109375;-592,267333984375;43,078895568847656;0,6019663214683533;0,21480809152126312;0,1598779559135437;0,009785041213035583
2888;-1678,4969482421875;69,7042236328125;79282,6796875;331,5928649902344;-599,7725219726562;47,239715576171875;0,5999597311019897;0,20989657938480377;0,15802665054798126;0,009630360640585423
2889;-1678,4969482421875;69,7042236328125;79282,6796875;335,5582275390625;-592,8845825195312;47,2445182800293;0,6069437265396118;0,22146852314472198;0,16028878092765808;0,009770175442099571
2890;-1678,4969482421875;69,7042236328125;79282,6796875;295,5471496582031;-582,2362670898438;41,112667083740234;0,6040586829185486;0,20204369723796844;0,15682820975780487;0,009492304176092148
2891;-1678,4969482421875;69,7042236328125;79282,6796875;299,179443359375;-583,0408325195312;42,35271453857422;0,6111707091331482;0,2277771532535553;0,16096031665802002;0,009738731198012829
2892;-1678,4969482421875;69,7042236328125;79282,6796875;337,6069030761719;-585,6407470703125;46,518001556396484;0,6073164343833923;0,20640432834625244;0,157343789935112;0,009437328204512596
2893;-1678,4969482421875;69,7042236328125;79282,6796875;332,7079772949219;-584,4298095703125;45,62797927856445;0,6222359538078308;0,22917363047599792;0,1630283147096634;0,00980354379862547
2894;-1678,4969482421875;69,7042236328125;79282,6796875;364,5933837890625;-584,0995483398438;50,214454650878906;0,5893221497535706;0,18958283960819244;0,15143734216690063;0,008824133314192295
2895;-1678,4969482421875;69,7042236328125;79282,6796875;329,2729797363281;-582,64697265625;45,134761810302734;0,5986244678497314;0,18732590973377228;0,15349411964416504;0,008902344852685928
2896;-1678,4969482421875;69,7042236328125;79282,6796875;334,0342102050781;-578,163330078125;45,746700286865234;0,5960305333137512;0,1933218240737915;0,15377123653888702;0,008841712027788162
2897;-1678,4969482421875;69,7042236328125;79282,6796875;349,1725769042969;-572,2803344726562;46,977664947509766;0,6021811962127686;0,1954706460237503;0,15578855574131012;0,008902043104171753
2898;-1678,4969482421875;69,7042236328125;79282,6796875;371,6018371582031;-588,33740234375;50,4329719543457;0,6238424181938171;0,2089851349592209;0,16254141926765442;0,00932738371193409
2899;-1678,4969482421875;69,7042236328125;79282,6796875;397,4556884765625;-593,6163330078125;54,05797576904297;0,6104892492294312;0,19854295253753662;0,15918877720832825;0,008940199390053749
2900;-1678,4969482421875;69,7042236328125;79282,6796875;369,6827392578125;-599,1233520507812;50,60212707519531;0,6189536452293396;0,2103721648454666;0,16298963129520416;0,00911812111735344
2901;-1678,4969482421875;69,7042236328125;79282,6796875;403,8153991699219;-593,8629150390625;55,244136810302734;0,6208921074867249;0,21839390695095062;0,16499854624271393;0,009139902889728546
2902;-1678,4969482421875;69,7042236328125;79282,6796875;393,573486328125;-578,9837036132812;53,57976531982422;0,626320481300354;0,21122659742832184;0,16668754816055298;0,009128019213676453
2903;-1678,4969482421875;69,7042236328125;79282,6796875;410,1296691894531;-566,6171264648438;55,69938659667969;0,6171892881393433;0,19515100121498108;0,16437889635562897;0,008783984929323196
2904;-1678,4969482421875;69,7042236328125;79282,6796875;407,4238586425781;-571,5567626953125;55,3264274597168;0,618567705154419;0,19187022745609283;0,16572783887386322;0,008723280392587185
2905;-1678,4969482421875;69,7042236328125;79282,6796875;395,77239990234375;-547,9170532226562;53,80725860595703;0,6284695267677307;0,18715877830982208;0,1692332774400711;0,008793758228421211
2906;-1678,4969482421875;69,7042236328125;79282,6796875;432,33184814453125;-550,8041381835938;58,6306037902832;0,6030887365341187;0,19355887174606323;0,1646028310060501;0,008356142789125443
2907;-1678,4969482421875;69,7042236328125;79282,6796875;386,1259765625;-548,4559326171875;52,785640716552734;0,6120752096176147;0,18982292711734772;0,16811679303646088;0,008435905911028385
2908;-1678,4969482421875;69,7042236328125;79282,6796875;418,9298095703125;-535,5582275390625;56,797122955322266;0,6076273918151855;0,18872375786304474;0,16837070882320404;0,008298658765852451
2909;-1678,4969482421875;69,7042236328125;79282,6796875;427,70611572265625;-524,986083984375;57,50764083862305;0,6032674312591553;0,18120265007019043;0,16837356984615326;0,008115009404718876
2910;-1678,4969482421875;69,7042236328125;79282,6796875;454,7392272949219;-510,1753845214844;60,966163635253906;0,5902696251869202;0,16788507997989655;0,16585779190063477;0,007729748729616404
2911;-1678,4969482421875;69,7042236328125;79282,6796875;452,32794189453125;-496,0375061035156;60,43927764892578;0,6013566255569458;0,17714132368564606;0,17083771526813507;0,007957501336932182
2912;-1678,4969482421875;69,7042236328125;79282,6796875;439,8708190917969;-487,08087158203125;59,01946258544922;0,5963461995124817;0,1768287718296051;0,1710726022720337;0,007826999761164188
2913;-1678,4969482421875;69,7042236328125;79282,6796875;455,5370178222656;-477,31292724609375;61,3602180480957;0,5885211825370789;0,16517320275306702;0,17012247443199158;0,007550317794084549
2914;-1678,4969482421875;69,7042236328125;79282,6796875;443,10968017578125;-453,54119873046875;59,65439224243164;0,5996230840682983;0,16694055497646332;0,17496484518051147;0,007714385632425547
2915;-1678,4969482421875;69,7042236328125;79282,6796875;481,1194152832031;-453,7623596191406;64,42118835449219;0,5500376224517822;0,1416345089673996;0,16176539659500122;0,006582833360880613
2916;-1678,4969482421875;69,7042236328125;79282,6796875;453,733154296875;-427,5567321777344;60,76777267456055;0,5808174014091492;0,1585717499256134;0,1726456880569458;0,007245465647429228
2917;-1678,4969482421875;69,7042236328125;79282,6796875;459,6993713378906;-409,93548583984375;61,847354888916016;0,5717378258705139;0,15440985560417175;0,17150425910949707;0,007015850394964218
2918;-1678,4969482421875;69,7042236328125;79282,6796875;468,47259521484375;-390,59515380859375;62,86486053466797;0,5592008829116821;0,1505974382162094;0,16927847266197205;0,006730451714247465
2919;-1678,4969482421875;69,7042236328125;79282,6796875;462,6448059082031;-377,82257080078125;61,86014175415039;0,563715934753418;0,1595132201910019;0,17223337292671204;0,00686170207336545
2920;-1678,4969482421875;69,7042236328125;79282,6796875;424,2103576660156;-357,04290771484375;57,38871765136719;0,5648549795150757;0,1516089141368866;0,17408089339733124;0,006772924680262804
2921;-1678,4969482421875;69,7042236328125;79282,6796875;433,4421081542969;-349,3802795410156;58,069557189941406;0,5609951615333557;0,15131916105747223;0,17437896132469177;0,0066733574494719505
2922;-1678,4969482421875;69,7042236328125;79282,6796875;391,4916076660156;-335,4991455078125;52,8581657409668;0,5462720394134521;0,15439994633197784;0,17117853462696075;0,006422447971999645
2923;-1678,4969482421875;69,7042236328125;79282,6796875;382,95220947265625;-327,8395080566406;51,59754943847656;0,5479207038879395;0,15380172431468964;0,1730821281671524;0,006419877987354994
2924;-1678,4969482421875;69,7042236328125;79282,6796875;379,2207946777344;-312,1990966796875;51,7321891784668;0,5520069599151611;0,15475906431674957;0,17572614550590515;0,006473375018686056
2925;-1678,4969482421875;69,7042236328125;79282,6796875;353,3761901855469;-299,9864501953125;48,25994873046875;0,5527582168579102;0,157635897397995;0,17722760140895844;0,006490960717201233
2926;-1678,4969482421875;69,7042236328125;79282,6796875;362,576171875;-286,0812683105469;49,186763763427734;0,5342909097671509;0,1563616693019867;0,172380268573761;0,00612123915925622
2927;-1678,4969482421875;69,7042236328125;79282,6796875;305,63214111328125;-285,6165771484375;41,74870300292969;0,5485950708389282;0,16426262259483337;0,17806093394756317;0,006429987493902445
2928;-1678,4969482421875;69,7042236328125;79282,6796875;337,9021301269531;-269,51153564453125;46,47333908081055;0,5424639582633972;0,15941794216632843;0,17736414074897766;0,006257132161408663
2929;-1678,4969482421875;69,7042236328125;79282,6796875;288,77392578125;-269,01776123046875;40,6168212890625;0,5426087379455566;0,16258658468723297;0,17837263643741608;0,006270633544772863
2930;-1678,4969482421875;69,7042236328125;79282,6796875;310,6609802246094;-240,37542724609375;43,091773986816406;0,5347134470939636;0,16046231985092163;0,17682866752147675;0,0060881064273417
2931;-1678,4969482421875;69,7042236328125;79282,6796875;308,9001159667969;-239,72256469726562;43,0378532409668;0,535442054271698;0,16169753670692444;0,17806875705718994;0,006093250587582588
2932;-1678,4969482421875;69,7042236328125;79282,6796875;271,64398193359375;-222,98385620117188;37,59351348876953;0,5327308177947998;0,16275756061077118;0,17805685102939606;0,006038100458681583
2933;-1678,4969482421875;69,7042236328125;79282,6796875;248,6121826171875;-223,42074584960938;34,975440979003906;0,5290550589561462;0,16507092118263245;0,17741943895816803;0,005979371722787619
2934;-1678,4969482421875;69,7042236328125;79282,6796875;283,8896789550781;-202,5043487548828;39,14414978027344;0,5272891521453857;0,16476020216941833;0,17787005007266998;0,0059218695387244225
2935;-1678,4969482421875;69,7042236328125;79282,6796875;235,7743682861328;-200,76123046875;33,173667907714844;0,5440065860748291;0,17610648274421692;0,18330776691436768;0,006321812979876995
2936;-1678,4969482421875;69,7042236328125;79282,6796875;234,61514282226562;-191,47088623046875;33,058345794677734;0,5056635737419128;0,16443084180355072;0,17128776013851166;0,005487328395247459
2937;-1678,4969482421875;69,7042236328125;79282,6796875;267,49945068359375;-172,44175720214844;37,56123733520508;0,5244885087013245;0,17417901754379272;0,17749837040901184;0,00590840307995677
2938;-1678,4969482421875;69,7042236328125;79282,6796875;192,75511169433594;-171,1810760498047;27,69327163696289;0,5395364165306091;0,18064241111278534;0,18348947167396545;0,006257406901568174
2939;-1678,4969482421875;69,7042236328125;79282,6796875;190,67367553710938;-176,8270721435547;28,243921279907227;0,5088921189308167;0,17254595458507538;0,17358209192752838;0,005603127647191286
2940;-1678,4969482421875;69,7042236328125;79282,6796875;151,94964599609375;-168,29959106445312;22,823305130004883;0,549186110496521;0,189121276140213;0,18639284372329712;0,006474574562162161
2941;-1678,4969482421875;69,7042236328125;79282,6796875;152,79660034179688;-149,17625427246094;23,20513153076172;0,41413620114326477;0,1457671970129013;0,1454233080148697;0,002858659252524376
2942;-1678,4969482421875;69,7042236328125;79282,6796875;136,94952392578125;-155,70010375976562;21,278148651123047;0,4533649981021881;0,161457821726799;0,1563694328069687;0,004348682705312967
2943;-1678,4969482421875;69,7042236328125;79282,6796875;134,00448608398438;-143,6527862548828;21,165424346923828;0,5088621973991394;0,1836126446723938;0,17491216957569122;0,005696107167750597
2944;-1678,4969482421875;69,7042236328125;79282,6796875;137,5428924560547;-125,96719360351562;20,79967498779297;0,5089937448501587;0,1879419982433319;0,17581570148468018;0,0057104649022221565
2945;-1678,4969482421875;69,7042236328125;79282,6796875;149,9840850830078;-105,25834655761719;21,95524024963379;0,5686018466949463;0,20466934144496918;0,19167619943618774;0,006903737783432007
2946;-1678,4969482421875;69,7042236328125;79282,6796875;143,7924041748047;-92,37515258789062;21,4049072265625;0,5409669876098633;0,19698970019817352;0,18230675160884857;0,006327992770820856
2947;-1678,4969482421875;69,7042236328125;79282,6796875;140,8399200439453;-75,57962036132812;21,12364959716797;0,5321658849716187;0,20040448009967804;0,18091189861297607;0,006285148672759533
2948;-1678,4969482421875;69,7042236328125;79282,6796875;134,98451232910156;-57,58909225463867;19,630172729492188;0,5166844725608826;0,19886153936386108;0,1759955883026123;0,006000142078846693
2949;-1678,4969482421875;69,7042236328125;79282,6796875;120,63616180419922;-47,06673049926758;17,447187423706055;0,5280807614326477;0,2025698572397232;0,17835280299186707;0,006229739170521498
2950;-1678,4969482421875;69,7042236328125;79282,6796875;116,01696014404297;-34,40949249267578;17,333473205566406;0,544005274772644;0,21382968127727509;0,1840950846672058;0,006649956572800875
2951;-1678,4969482421875;69,7042236328125;79282,6796875;77,01229095458984;-29,098896026611328;11,590633392333984;0,5707962512969971;0,22295711934566498;0,19136390089988708;0,0072012911550700665
2952;-1678,4969482421875;69,7042236328125;79282,6796875;87,92710876464844;-10,8615140914917;12,42162799835205;0,5575103759765625;0,2226416915655136;0,18696430325508118;0,006987707689404488
2953;-1678,4969482421875;69,7042236328125;79282,6796875;77,86974334716797;-1,4581302404403687;11,690569877624512;0,5569056868553162;0,22638797760009766;0,18647073209285736;0,00702804746106267
2954;-1678,4969482421875;69,7042236328125;79282,6796875;76,65217590332031;9,159014701843262;10,488685607910156;0,5704085826873779;0,22581258416175842;0,18795961141586304;0,0072320131585001945
2955;-1678,4969482421875;69,7042236328125;79282,6796875;68,12849426269531;20,785112380981445;8,750502586364746;0,5620775818824768;0,23000596463680267;0,18571440875530243;0,007174117956310511
2956;-1678,4969482421875;69,7042236328125;79282,6796875;44,72489929199219;22,20109748840332;5,5911173820495605;0,5621129274368286;0,23260314762592316;0,1849088966846466;0,007218845188617706
2957;-1678,4969482421875;69,7042236328125;79282,6796875;52,64583206176758;32,33637237548828;6,489910125732422;0,5788165330886841;0,23694416880607605;0,18825572729110718;0,007544736843556166
2958;-1678,4969482421875;69,7042236328125;79282,6796875;60,30702209472656;44,614471435546875;7,531375408172607;0,5821632146835327;0,24477985501289368;0,1893087476491928;0,007712718099355698
2959;-1678,4969482421875;69,7042236328125;79282,6796875;54,222286224365234;53,07589340209961;6,010458946228027;0,5870830416679382;0,2480277270078659;0,18958093225955963;0,007846130058169365
2960;-1678,4969482421875;69,7042236328125;79282,6796875;65,59904479980469;56,04548645019531;7,308768272399902;0,5777032971382141;0,24642464518547058;0,18548671901226044;0,007697415538132191
2961;-1678,4969482421875;69,7042236328125;79282,6796875;77,19695281982422;67,8738021850586;7,730585098266602;0,6064959168434143;0,25961461663246155;0,19323964416980743;0,008324685506522655
2962;-1678,4969482421875;69,7042236328125;79282,6796875;87,4469223022461;81,74221801757812;8,484213829040527;0,5911731719970703;0,25468942523002625;0,18705806136131287;0,008050693199038506
2963;-1678,4969482421875;69,7042236328125;79282,6796875;106,57495880126953;81,18560028076172;10,985945701599121;0,597312331199646;0,26775261759757996;0,18957608938217163;0,00831576343625784
2964;-1678,4969482421875;69,7042236328125;79282,6796875;89,28296661376953;84,50933074951172;8,255181312561035;0,5973755717277527;0,2606199085712433;0,18634697794914246;0,008269868791103363
2965;-1678,4969482421875;69,7042236328125;79282,6796875;107,38322448730469;83,79833984375;10,044482231140137;0,5937495231628418;0,26292696595191956;0,18435664474964142;0,00827013049274683
2966;-1678,4969482421875;69,7042236328125;79282,6796875;96,02557373046875;75,9717788696289;8,501949310302734;0,571685254573822;0,26806607842445374;0,17908352613449097;0,008001327514648438
2967;-1678,4969482421875;69,7042236328125;79282,6796875;127,92152404785156;79,48099517822266;12,26501750946045;0,6016408801078796;0,27305036783218384;0,1848071813583374;0,008575673215091228
2968;-1678,4969482421875;69,7042236328125;79282,6796875;156,3783416748047;80,19674682617188;15,714329719543457;0,6233048439025879;0,2784830331802368;0,18880920112133026;0,009008970111608505
2969;-1678,4969482421875;69,7042236328125;79282,6796875;118,66365814208984;55,42338180541992;11,330605506896973;0,6321942806243896;0,2861920893192291;0,1905614137649536;0,009274696931242943
2970;-1678,4969482421875;69,7042236328125;79282,6796875;152,71307373046875;62,11593246459961;15,145703315734863;0,6243970394134521;0,29593607783317566;0,18928685784339905;0,009288142435252666
2971;-1678,4969482421875;69,7042236328125;79282,6796875;185,1088104248047;57,03568649291992;19,327348709106445;0,6395571827888489;0,29454341530799866;0,1904175579547882;0,009562624618411064
2972;-1678,4969482421875;69,7042236328125;79282,6796875;168,65042114257812;42,868717193603516;17,23841667175293;0,6360053420066833;0,30503007769584656;0,19024772942066193;0,00965513102710247
2973;-1678,4969482421875;69,7042236328125;79282,6796875;181,98251342773438;42,1735954284668;18,571020126342773;0,6634790301322937;0,30830806493759155;0,19481907784938812;0,010175682604312897
2974;-1678,4969482421875;69,7042236328125;79282,6796875;161,83485412597656;39,50910186767578;15,87228775024414;0,6374496817588806;0,31424087285995483;0,1893797218799591;0,009863116778433323
2975;-1678,4969482421875;69,7042236328125;79282,6796875;230,07313537597656;49,09050369262695;24,6835994720459;0,63592129945755;0,31920355558395386;0,1886533498764038;0,009927709586918354
2976;-1678,4969482421875;69,7042236328125;79282,6796875;222,26565551757812;50,78252410888672;23,47944450378418;0,6532468795776367;0,32893723249435425;0,1926213800907135;0,010351384989917278
2977;-1678,4969482421875;69,7042236328125;79282,6796875;251,82131958007812;51,23056411743164;26,273494720458984;0,6820199489593506;0,33330127596855164;0,19769112765789032;0,01092779915779829
2978;-1678,4969482421875;69,7042236328125;79282,6796875;211,29124450683594;35,39373779296875;21,538291931152344;0,6519299149513245;0,3319580852985382;0,1904895305633545;0,010481711477041245
2979;-1678,4969482421875;69,7042236328125;79282,6796875;220,63722229003906;30,07011604309082;22,514352798461914;0,6689910888671875;0,3302976191043854;0,1922796666622162;0,010824318043887615
2980;-1678,4969482421875;69,7042236328125;79282,6796875;254,24107360839844;25,550275802612305;26,747669219970703;0,6511867046356201;0,3329048454761505;0,1884380429983139;0,010610576719045639
2981;-1678,4969482421875;69,7042236328125;79282,6796875;240,5995635986328;15,577672958374023;25,587812423706055;0,6596927642822266;0,3298422396183014;0,18857096135616302;0,010802949778735638
2982;-1678,4969482421875;69,7042236328125;79282,6796875;247,2882537841797;17,68213653564453;26,286954879760742;0,6723551750183105;0,3382250666618347;0,19183439016342163;0,011152897030115128
2983;-1678,4969482421875;69,7042236328125;79282,6796875;284,8979187011719;22,19407081604004;31,074708938598633;0,6430038809776306;0,32984769344329834;0,18407253921031952;0,010659211315214634
2984;-1678,4969482421875;69,7042236328125;79282,6796875;261,4840087890625;5,73410701751709;28,051326751708984;0,6338316798210144;0,3320539891719818;0,18229517340660095;0,010587549768388271
2985;-1678,4969482421875;69,7042236328125;79282,6796875;303,8348388671875;21,88943099975586;33,884056091308594;0,6299965977668762;0,3283631205558777;0,18049542605876923;0,010565473698079586
2986;-1678,4969482421875;69,7042236328125;79282,6796875;303,6523742675781;19,396146774291992;33,890220642089844;0,6390728950500488;0,32555362582206726;0,18147656321525574;0,010777818039059639
2987;-1678,4969482421875;69,7042236328125;79282,6796875;251,59303283691406;10,519043922424316;27,353601455688477;0,6423580050468445;0,33161094784736633;0,1831374615430832;0,010960688814520836
2988;-1678,4969482421875;69,7042236328125;79282,6796875;246,57643127441406;6,549874305725098;26,2819766998291;0,6550427079200745;0,34033164381980896;0,18718428909778595;0,011325151659548283
2989;-1678,4969482421875;69,7042236328125;79282,6796875;287,40460205078125;16,247840881347656;31,85747718811035;0,642844557762146;0,3325574994087219;0,18359984457492828;0,011128324083983898
2990;-1678,4969482421875;69,7042236328125;79282,6796875;265,72637939453125;25,45806884765625;28,747941970825195;0,6495588421821594;0,34576794505119324;0,1874910295009613;0,011411983519792557
2991;-1678,4969482421875;69,7042236328125;79282,6796875;252,74583435058594;13,668107986450195;27,549997329711914;0,6413180232048035;0,33847737312316895;0,18501128256320953;0,011296781711280346
2992;-1678,4969482421875;69,7042236328125;79282,6796875;279,3371276855469;27,22551155090332;32,06013870239258;0,6480675339698792;0,3337410092353821;0,18611998856067657;0,011466287076473236
2993;-1678,4969482421875;69,7042236328125;79282,6796875;275,7995300292969;30,057937622070312;31,365644454956055;0,6288183331489563;0,3262842297554016;0,18162870407104492;0,011140435002744198
2994;-1678,4969482421875;69,7042236328125;79282,6796875;240,43081665039062;16,995071411132812;26,03927993774414;0,6276392936706543;0,320506751537323;0,18126286566257477;0,011157556436955929
2995;-1678,4969482421875;69,7042236328125;79282,6796875;182,0546417236328;2,544593334197998;19,82896614074707;0,6318960189819336;0,32437360286712646;0,1836279332637787;0,011346031911671162
2996;-1678,4969482421875;69,7042236328125;79282,6796875;215,57254028320312;12,96180534362793;24,064281463623047;0,6383964419364929;0,3197976350784302;0,18535929918289185;0,011506379581987858
2997;-1678,4969482421875;69,7042236328125;79282,6796875;215,6092987060547;-1,327275037765503;23,988243103027344;0,6377436518669128;0,32664039731025696;0,18724003434181213;0,011625058948993683
2998;-1678,4969482421875;69,7042236328125;79282,6796875;198,643798828125;-16,479848861694336;23,04754066467285;0,632482647895813;0,3275369703769684;0,18729665875434875;0,011606089770793915
2999;-1678,4969482421875;69,7042236328125;79282,6796875;191,65232849121094;-20,32750701904297;21,89006996154785;0,6463593244552612;0,33678120374679565;0,19286257028579712;0,01200112234801054
