"B2 AOI1";;;;;;;;;;
"Index [1]";"X [mm]";"Y [mm]";"Z [mm]";"U [mm]";"V [mm]";"W [mm]";"Sigma_X [mm]";"Sigma_Y [mm]";"Sigma_Z [mm]";"sigma [pixel]"
0;1655,503173828125;703,3214111328125;41519,81640625;0,0;0,0;0,0;0,4987989664077759;0,24924838542938232;0,1370960772037506;0,014480389654636383
1;1655,503173828125;703,3214111328125;41519,81640625;-32,570648193359375;-7,870986461639404;0,25794535875320435;0,694085955619812;0,30924561619758606;0,17972488701343536;0,009317616000771523
2;1655,503173828125;703,3214111328125;41519,81640625;-8,223576545715332;0,713520348072052;0,3382604122161865;0,6744423508644104;0,30335208773612976;0,17526112496852875;0,008797811344265938
3;1655,503173828125;703,3214111328125;41519,81640625;-4,48867130279541;4,518415451049805;0,4807973802089691;0,6854797005653381;0,307531476020813;0,17847777903079987;0,009117895737290382
4;1655,503173828125;703,3214111328125;41519,81640625;-8,71962833404541;10,38362979888916;0,3893372714519501;0,7025335431098938;0,3073827624320984;0,18267019093036652;0,009647049009799957
5;1655,503173828125;703,3214111328125;41519,81640625;-16,203956604003906;8,478084564208984;0,7178664207458496;0,7010734677314758;0,3085724115371704;0,1829209178686142;0,009612979367375374
6;1655,503173828125;703,3214111328125;41519,81640625;-8,891515731811523;19,626956939697266;1,4176573753356934;0,7094593644142151;0,30339041352272034;0,18476581573486328;0,009893138892948627
7;1655,503173828125;703,3214111328125;41519,81640625;-24,22047996520996;16,7666015625;3,9943063259124756;0,6971632838249207;0,2966166138648987;0,1819036602973938;0,009584597311913967
8;1655,503173828125;703,3214111328125;41519,81640625;-31,593852996826172;20,47909927368164;3,0846292972564697;0,6986534595489502;0,29681482911109924;0,18274982273578644;0,00965063739567995
9;1655,503173828125;703,3214111328125;41519,81640625;5,0410284996032715;32,490718841552734;1,564550518989563;0,6919488310813904;0,2937530279159546;0,18148325383663177;0,009484981186687946
10;1655,503173828125;703,3214111328125;41519,81640625;-2,5117578506469727;40,672996520996094;1,1818360090255737;0,7195782661437988;0,29873666167259216;0,18857359886169434;0,010252660140395164
11;1655,503173828125;703,3214111328125;41519,81640625;2,521487236022949;44,8920783996582;0,09288454800844193;0,7136844396591187;0,2951100170612335;0,18743237853050232;0,010112231597304344
12;1655,503173828125;703,3214111328125;41519,81640625;3,8860652446746826;51,69572067260742;-0,7355688214302063;0,716611385345459;0,2921530604362488;0,18828363716602325;0,010198638774454594
13;1655,503173828125;703,3214111328125;41519,81640625;17,83248519897461;59,80879211425781;-0,22017168998718262;0,7237063646316528;0,2936994433403015;0,19053037464618683;0,010404837317764759
14;1655,503173828125;703,3214111328125;41519,81640625;4,72108268737793;70,6875991821289;-0,03164266422390938;0,7366338968276978;0,29654279351234436;0,19420243799686432;0,0107575673609972
15;1655,503173828125;703,3214111328125;41519,81640625;10,319629669189453;78,55815887451172;1,212928295135498;0,7414608001708984;0,2918172776699066;0,19523149728775024;0,010863608680665493
16;1655,503173828125;703,3214111328125;41519,81640625;13,87055778503418;83,0110092163086;3,4743828773498535;0,7387011051177979;0,29460111260414124;0,19548948109149933;0,010819604620337486
17;1655,503173828125;703,3214111328125;41519,81640625;-18,883195877075195;86,9805679321289;1,953877568244934;0,7249520421028137;0,2839444577693939;0,19171170890331268;0,010454846546053886
18;1655,503173828125;703,3214111328125;41519,81640625;7,498750686645508;94,91008758544922;2,375833749771118;0,7627608180046082;0,29499977827072144;0,20173369348049164;0,01145038940012455
19;1655,503173828125;703,3214111328125;41519,81640625;18,529338836669922;105,76615142822266;-0,37544190883636475;0,766944944858551;0,2921292185783386;0,20271573960781097;0,011525399051606655
20;1655,503173828125;703,3214111328125;41519,81640625;28,598426818847656;117,48739624023438;-0,7565545439720154;0,7786511182785034;0,29699456691741943;0,20634129643440247;0,01185651309788227
21;1655,503173828125;703,3214111328125;41519,81640625;-7,3333892822265625;121,69571685791016;0,6069837808609009;0,7717852592468262;0,2914612889289856;0,20454035699367523;0,011665713973343372
22;1655,503173828125;703,3214111328125;41519,81640625;-16,083690643310547;127,56836700439453;1,2345128059387207;0,7694981098175049;0,2893337607383728;0,20417900383472443;0,011606111191213131
23;1655,503173828125;703,3214111328125;41519,81640625;-5,309691905975342;136,95867919921875;0,7970624566078186;0,7523705959320068;0,28153735399246216;0,1998361349105835;0,011150902137160301
24;1655,503173828125;703,3214111328125;41519,81640625;-12,109844207763672;151,66787719726562;-0,7384764552116394;0,7969708442687988;0,2941027581691742;0,2112862765789032;0,01226050965487957
25;1655,503173828125;703,3214111328125;41519,81640625;-40,79821014404297;163,45654296875;1,8928560018539429;0,7916471362113953;0,2905237376689911;0,20991988480091095;0,012108014896512032
26;1655,503173828125;703,3214111328125;41519,81640625;-2,458099365234375;168,30511474609375;0,659129798412323;0,7858431935310364;0,2867802679538727;0,20837444067001343;0,011935722082853317
27;1655,503173828125;703,3214111328125;41519,81640625;-7,203324794769287;175,89686584472656;2,2827651500701904;0,7916955351829529;0,2874048352241516;0,20991429686546326;0,012073922902345657
28;1655,503173828125;703,3214111328125;41519,81640625;-21,068620681762695;185,70986938476562;1,6496469974517822;0,8113757371902466;0,2930585443973541;0,214945450425148;0,012533861212432384
29;1655,503173828125;703,3214111328125;41519,81640625;5,875692367553711;187,98582458496094;0,7689952254295349;0,827157735824585;0,2973954975605011;0,21902693808078766;0,01291455328464508
30;1655,503173828125;703,3214111328125;41519,81640625;-11,34335994720459;200,38404846191406;0,9003311991691589;0,7983906269073486;0,2857652008533478;0,2112613320350647;0,012146536260843277
31;1655,503173828125;703,3214111328125;41519,81640625;-29,65170669555664;204,0572967529297;2,0175528526306152;0,8345024585723877;0,2980602979660034;0,2205723375082016;0,01302239391952753
32;1655,503173828125;703,3214111328125;41519,81640625;-40,59398651123047;211,58392333984375;-0,2775324285030365;0,842814564704895;0,30031245946884155;0,22252820432186127;0,013191011734306812
33;1655,503173828125;703,3214111328125;41519,81640625;-37,6121826171875;226,41888427734375;0,4629835784435272;0,817794680595398;0,2910394072532654;0,21566112339496613;0,012494047172367573
34;1655,503173828125;703,3214111328125;41519,81640625;-30,02876853942871;222,9650421142578;-0,8645825386047363;0,8742391467094421;0,3090217411518097;0,23022916913032532;0,013910818845033646
35;1655,503173828125;703,3214111328125;41519,81640625;-32,56468963623047;231,78240966796875;1,537611484527588;0,8620885610580444;0,3057333827018738;0,226697638630867;0,013546084985136986
36;1655,503173828125;703,3214111328125;41519,81640625;-28,54599952697754;231,73866271972656;2,6661577224731445;0,835041344165802;0,29308250546455383;0,21915505826473236;0,012861963361501694
37;1655,503173828125;703,3214111328125;41519,81640625;-42,21567916870117;244,73541259765625;2,281287670135498;0,8463351130485535;0,29650232195854187;0,2216821163892746;0,013099548406898975
38;1655,503173828125;703,3214111328125;41519,81640625;-52,1757698059082;255,03921508789062;0,32408732175827026;0,8551192283630371;0,30406448245048523;0,2237144261598587;0,01319789793342352
39;1655,503173828125;703,3214111328125;41519,81640625;-56,155052185058594;267,90496826171875;-0,6025731563568115;0,8675034046173096;0,303478479385376;0,22626203298568726;0,013525902293622494
40;1655,503173828125;703,3214111328125;41519,81640625;-66,06317138671875;279,63238525390625;-0,9245554804801941;0,8776658177375793;0,30731427669525146;0,2283959686756134;0,013719871640205383
41;1655,503173828125;703,3214111328125;41519,81640625;-78,60833740234375;284,7998046875;-1,0907549858093262;0,8749427199363708;0,30807748436927795;0,22722846269607544;0,01358465664088726
42;1655,503173828125;703,3214111328125;41519,81640625;-64,13623046875;291,45428466796875;0,08171529322862625;0,8920564651489258;0,3131960332393646;0,2310338020324707;0,013957188464701176
43;1655,503173828125;703,3214111328125;41519,81640625;-64,63914489746094;302,0507507324219;-3,198772668838501;0,8859131336212158;0,3117493689060211;0,22887013852596283;0,01374470628798008
44;1655,503173828125;703,3214111328125;41519,81640625;-77,27472686767578;305,7778015136719;-2,7568812370300293;0,8872857689857483;0,3131001889705658;0,22864647209644318;0,01371366623789072
45;1655,503173828125;703,3214111328125;41519,81640625;-76,3156967163086;320,794677734375;-2,880312204360962;0,904888927936554;0,31937479972839355;0,23252059519290924;0,014084612019360065
46;1655,503173828125;703,3214111328125;41519,81640625;-85,04905700683594;324,5819091796875;-2,0701775550842285;0,8939364552497864;0,30915775895118713;0,2285630702972412;0,013781473971903324
47;1655,503173828125;703,3214111328125;41519,81640625;-107,94733428955078;342,5506286621094;-0,45549699664115906;0,8958178162574768;0,31423482298851013;0,22866594791412354;0,013751575723290443
48;1655,503173828125;703,3214111328125;41519,81640625;-78,93013763427734;337,9151306152344;-2,1673200130462646;0,9124903082847595;0,3189995586872101;0,23211117088794708;0,014092308469116688
49;1655,503173828125;703,3214111328125;41519,81640625;-74,11246490478516;345,2496337890625;-4,475530624389648;0,9060395359992981;0,31474170088768005;0,22957804799079895;0,013877063058316708
50;1655,503173828125;703,3214111328125;41519,81640625;-78,35472106933594;354,0584716796875;-4,4571614265441895;0,905142068862915;0,3230235278606415;0,22934094071388245;0,013751194812357426
51;1655,503173828125;703,3214111328125;41519,81640625;-63,679443359375;358,1176452636719;-5,9993109703063965;0,8936686515808105;0,31337735056877136;0,22524257004261017;0,01343519613146782
52;1655,503173828125;703,3214111328125;41519,81640625;-107,30567169189453;374,45428466796875;-5,3984456062316895;0,9163628220558167;0,32233360409736633;0,23032468557357788;0,013910409063100815
53;1655,503173828125;703,3214111328125;41519,81640625;-113,52604675292969;386,57196044921875;-7,692325115203857;0,9192212820053101;0,32150959968566895;0,230155810713768;0,013912580907344818
54;1655,503173828125;703,3214111328125;41519,81640625;-102,5431137084961;389,608642578125;-7,304777145385742;0,9358011484146118;0,3259025514125824;0,2334539145231247;0,01423169206827879
55;1655,503173828125;703,3214111328125;41519,81640625;-135,51162719726562;406,21038818359375;-5,376547336578369;0,9128504991531372;0,320263147354126;0,22727403044700623;0,01361722033470869
56;1655,503173828125;703,3214111328125;41519,81640625;-141,40977478027344;406,9350891113281;-8,522726058959961;0,9346585869789124;0,3276839256286621;0,23200950026512146;0,014059712179005146
57;1655,503173828125;703,3214111328125;41519,81640625;-130,01248168945312;409,5400390625;-8,680845260620117;0,9613739848136902;0,3340659439563751;0,237679585814476;0,014601603150367737
58;1655,503173828125;703,3214111328125;41519,81640625;-139,12525939941406;419,00335693359375;-7,862139701843262;0,9342278838157654;0,31807753443717957;0,2296779900789261;0,013898288831114769
59;1655,503173828125;703,3214111328125;41519,81640625;-157,85543823242188;422,39239501953125;-7,450542449951172;0,9575016498565674;0,33048495650291443;0,23526865243911743;0,014362884685397148
60;1655,503173828125;703,3214111328125;41519,81640625;-160,68600463867188;428,1910400390625;-8,90074348449707;0,9721962809562683;0,3340863883495331;0,23816050589084625;0,014614801853895187
61;1655,503173828125;703,3214111328125;41519,81640625;-160,31564331054688;427,5486755371094;-8,834613800048828;0,945727527141571;0,32217851281166077;0,23086866736412048;0,013938815332949162
62;1655,503173828125;703,3214111328125;41519,81640625;-174,30291748046875;431,3474426269531;-10,765633583068848;0,9321686625480652;0,31547772884368896;0,22688311338424683;0,013552778400480747
63;1655,503173828125;703,3214111328125;41519,81640625;-141,05682373046875;425,24737548828125;-10,814019203186035;0,9498118758201599;0,32808589935302734;0,23153097927570343;0,013889046385884285
64;1655,503173828125;703,3214111328125;41519,81640625;-168,2930450439453;434,3218078613281;-10,599258422851562;0,9506746530532837;0,31911394000053406;0,23033812642097473;0,013814467005431652
65;1655,503173828125;703,3214111328125;41519,81640625;-138,26626586914062;427,07965087890625;-13,49479866027832;0,9845463037490845;0,3399965763092041;0,23937423527240753;0,01451613288372755
66;1655,503173828125;703,3214111328125;41519,81640625;-138,80352783203125;430,8758850097656;-10,829789161682129;0,9661574363708496;0,3354235589504242;0,2349165678024292;0,01403329148888588
67;1655,503173828125;703,3214111328125;41519,81640625;-131,7529296875;430,3592834472656;-10,081318855285645;0,9804416298866272;0,3377283215522766;0,23792730271816254;0,014272704720497131
68;1655,503173828125;703,3214111328125;41519,81640625;-125,220703125;437,0948486328125;-8,851036071777344;0,9671838283538818;0,3249260187149048;0,23362091183662415;0,013886488974094391
69;1655,503173828125;703,3214111328125;41519,81640625;-108,61522674560547;436,7814636230469;-9,70677375793457;0,995429277420044;0,3439682424068451;0,24164722859859467;0,014454296790063381
70;1655,503173828125;703,3214111328125;41519,81640625;-125,12879180908203;438,4322509765625;-10,099686622619629;0,9786240458488464;0,33436572551727295;0,23716624081134796;0,01400604099035263
71;1655,503173828125;703,3214111328125;41519,81640625;-116,28623962402344;439,20159912109375;-9,20340633392334;0,9853962659835815;0,32539936900138855;0,23750749230384827;0,014047008939087391
72;1655,503173828125;703,3214111328125;41519,81640625;-100,50423431396484;431,0615539550781;-10,145767211914062;0,9842401742935181;0,3309347331523895;0,2382182776927948;0,013974099420011044
73;1655,503173828125;703,3214111328125;41519,81640625;-74,53972625732422;428,2618103027344;-11,844281196594238;1,0074254274368286;0,33743876218795776;0,24397188425064087;0,014398584142327309
74;1655,503173828125;703,3214111328125;41519,81640625;-57,62247848510742;418,8938903808594;-11,520332336425781;1,0342304706573486;0,35698401927948;0,2523057758808136;0,014926587231457233
75;1655,503173828125;703,3214111328125;41519,81640625;-75,51141357421875;420,2897644042969;-8,927863121032715;1,0092474222183228;0,33724838495254517;0,2451581209897995;0,014297093264758587
76;1655,503173828125;703,3214111328125;41519,81640625;-49,13575744628906;411,7268981933594;-10,14928913116455;1,01023268699646;0,3386106789112091;0,24609027802944183;0,014255579560995102
77;1655,503173828125;703,3214111328125;41519,81640625;-63,83041000366211;410,06292724609375;-7,534250736236572;0,999700665473938;0,332548052072525;0,24378250539302826;0,01395781897008419
78;1655,503173828125;703,3214111328125;41519,81640625;-97,70284271240234;414,13323974609375;-7,015758037567139;1,040234088897705;0,3378980755805969;0,2532350420951843;0,014707771129906178
79;1655,503173828125;703,3214111328125;41519,81640625;-102,487548828125;412,3594970703125;-6,020645618438721;1,0145152807235718;0,3267945945262909;0,24733662605285645;0,014102227054536343
80;1655,503173828125;703,3214111328125;41519,81640625;-105,71197509765625;414,7811279296875;-5,611374378204346;1,0473843812942505;0,33969205617904663;0,25651583075523376;0,014729741029441357
81;1655,503173828125;703,3214111328125;41519,81640625;-52,34888458251953;394,0812683105469;-6,608276844024658;1,0539735555648804;0,34016063809394836;0,25880205631256104;0,01479665283113718
82;1655,503173828125;703,3214111328125;41519,81640625;-36,32562255859375;393,3487548828125;-7,423339366912842;1,055088996887207;0,3323608934879303;0,2588675916194916;0,01471173670142889
83;1655,503173828125;703,3214111328125;41519,81640625;-59,99149703979492;397,4855041503906;-4,877873420715332;1,0378869771957397;0,32733166217803955;0,2557072341442108;0,014315655454993248
84;1655,503173828125;703,3214111328125;41519,81640625;-58,865962982177734;399,4083251953125;-2,560260057449341;1,0611183643341064;0,34663787484169006;0,26430070400238037;0,014794700779020786
85;1655,503173828125;703,3214111328125;41519,81640625;-33,94405746459961;394,7193298339844;-4,35692024230957;1,0531691312789917;0,34671300649642944;0,2638815939426422;0,014589416794478893
86;1655,503173828125;703,3214111328125;41519,81640625;-57,965797424316406;396,97210693359375;-0,9729093313217163;1,073427677154541;0,34143492579460144;0,26833006739616394;0,014892647042870522
87;1655,503173828125;703,3214111328125;41519,81640625;-13,253376007080078;390,5460510253906;-2,750653028488159;1,072281837463379;0,324954628944397;0,2668367922306061;0,014703488908708096
88;1655,503173828125;703,3214111328125;41519,81640625;-16,955810546875;395,952880859375;-2,0651097297668457;1,0785578489303589;0,3421838879585266;0,2720067799091339;0,014896657317876816
89;1655,503173828125;703,3214111328125;41519,81640625;12,45114517211914;385,9199523925781;-2,4258315563201904;1,0796136856079102;0,3390901982784271;0,2730429172515869;0,014852840453386307
90;1655,503173828125;703,3214111328125;41519,81640625;-18,44414520263672;388,2222900390625;-1,5566275119781494;1,1091641187667847;0,3647012412548065;0,28455618023872375;0,015470345504581928
91;1655,503173828125;703,3214111328125;41519,81640625;11,912311553955078;372,9577941894531;-2,416810989379883;1,0988996028900146;0,35442373156547546;0,2821832299232483;0,015198870562016964
92;1655,503173828125;703,3214111328125;41519,81640625;27,92430877685547;366,5267028808594;0,009598786942660809;1,1363273859024048;0,36215370893478394;0,2925374507904053;0,01586758717894554
93;1655,503173828125;703,3214111328125;41519,81640625;34,2069206237793;361,9913024902344;0,6794106960296631;1,0959477424621582;0,34746211767196655;0,28325119614601135;0,015036704018712044
94;1655,503173828125;703,3214111328125;41519,81640625;6,136099338531494;360,0797119140625;1,4501599073410034;1,110310435295105;0,35685107111930847;0,2892352044582367;0,015305806882679462
95;1655,503173828125;703,3214111328125;41519,81640625;-5,410756587982178;361,22491455078125;4,677107810974121;1,1587010622024536;0,36189526319503784;0,3014972507953644;0,01614299789071083
96;1655,503173828125;703,3214111328125;41519,81640625;-40,11064529418945;364,6787109375;2,837908983230591;1,1460882425308228;0,3627069294452667;0,3005269765853882;0,01590704545378685
97;1655,503173828125;703,3214111328125;41519,81640625;-29,448196411132812;356,35589599609375;3,651334285736084;1,1703567504882812;0,36924999952316284;0,3081689476966858;0,016332698985934258
98;1655,503173828125;703,3214111328125;41519,81640625;10,960051536560059;345,8111267089844;-0,056834813207387924;1,155148983001709;0,3662850558757782;0,3059607446193695;0,016030581668019295
99;1655,503173828125;703,3214111328125;41519,81640625;11,147168159484863;337,3493957519531;0,4015338718891144;1,1448742151260376;0,36037477850914;0,3041470944881439;0,015795521438121796
100;1655,503173828125;703,3214111328125;41519,81640625;20,462799072265625;329,1439208984375;5,493903160095215;1,1878643035888672;0,3738865256309509;0,31699201464653015;0,01658451557159424
101;1655,503173828125;703,3214111328125;41519,81640625;13,52297592163086;326,96246337890625;4,165552139282227;1,1827841997146606;0,3722076416015625;0,3170141875743866;0,016469696536660194
102;1655,503173828125;703,3214111328125;41519,81640625;-1,1036536693572998;324,60125732421875;4,326075553894043;1,1903464794158936;0,36727431416511536;0,3188609778881073;0,016531014814972878
103;1655,503173828125;703,3214111328125;41519,81640625;10,342966079711914;315,70367431640625;3,1694278717041016;1,161271095275879;0,3625846803188324;0,31321898102760315;0,016011489555239677
104;1655,503173828125;703,3214111328125;41519,81640625;5,615575790405273;310,828857421875;3,31192946434021;1,1786609888076782;0,370121031999588;0,31959837675094604;0,01633940450847149
105;1655,503173828125;703,3214111328125;41519,81640625;0,9052765369415283;298,7576599121094;6,764862060546875;1,2022192478179932;0,3778918385505676;0,32726702094078064;0,016769492998719215
106;1655,503173828125;703,3214111328125;41519,81640625;16,815414428710938;285,2864990234375;10,112916946411133;1,1706982851028442;0,3646802306175232;0,31897106766700745;0,016142509877681732
107;1655,503173828125;703,3214111328125;41519,81640625;-4,173719882965088;277,1726989746094;5,9399213790893555;1,2050063610076904;0,37855464220046997;0,3301442265510559;0,016799641773104668
108;1655,503173828125;703,3214111328125;41519,81640625;4,092160224914551;279,17095947265625;5,269985198974609;1,2079851627349854;0,3798214793205261;0,3320043385028839;0,016850054264068604
109;1655,503173828125;703,3214111328125;41519,81640625;4,1769585609436035;273,4325866699219;2,8061068058013916;1,1767665147781372;0,3715299069881439;0,3246998190879822;0,016277240589261055
110;1655,503173828125;703,3214111328125;41519,81640625;-8,774604797363281;263,0608215332031;6,5301713943481445;1,2276382446289062;0,3889128267765045;0,3399256467819214;0,017228465527296066
111;1655,503173828125;703,3214111328125;41519,81640625;3,431469678878784;248,1728973388672;6,161212921142578;1,237452745437622;0,3905598819255829;0,3428570330142975;0,017388878390192986
112;1655,503173828125;703,3214111328125;41519,81640625;-1,4173725843429565;243,08204650878906;8,29051399230957;1,1930965185165405;0,3764961361885071;0,3310382664203644;0,01656653732061386
113;1655,503173828125;703,3214111328125;41519,81640625;-40,456138610839844;238,98648071289062;7,498175144195557;1,2124965190887451;0,3873133659362793;0,3385775089263916;0,016975149512290955
114;1655,503173828125;703,3214111328125;41519,81640625;-6,671810626983643;235,7276611328125;7,559174537658691;1,2337350845336914;0,3927665948867798;0,34423699975013733;0,017350107431411743
115;1655,503173828125;703,3214111328125;41519,81640625;-5,309159278869629;225,45677185058594;8,444657325744629;1,2489913702011108;0,4000187814235687;0,34967198967933655;0,017660990357398987
116;1655,503173828125;703,3214111328125;41519,81640625;-7,84097146987915;214,80996704101562;6,704406261444092;1,2425974607467651;0,3987707495689392;0,3481738269329071;0,017552530393004417
117;1655,503173828125;703,3214111328125;41519,81640625;-2,6810834407806396;208,73289489746094;9,993293762207031;1,210204005241394;0,389993280172348;0,3396906554698944;0,016977716237306595
118;1655,503173828125;703,3214111328125;41519,81640625;-22,305011749267578;202,47021484375;13,127482414245605;1,2950257062911987;0,42030248045921326;0,36505863070487976;0,018580801784992218
119;1655,503173828125;703,3214111328125;41519,81640625;2,3182592391967773;184,93634033203125;8,153000831604004;1,222167730331421;0,39662519097328186;0,343267023563385;0,017227759584784508
120;1655,503173828125;703,3214111328125;41519,81640625;-22,48634147644043;164,92799377441406;4,771255970001221;1,2230157852172852;0,3992326259613037;0,34440645575523376;0,017289338633418083
121;1655,503173828125;703,3214111328125;41519,81640625;-7,164003372192383;156,25485229492188;7,533899307250977;1,2155399322509766;0,39866840839385986;0,3425135910511017;0,017179321497678757
122;1655,503173828125;703,3214111328125;41519,81640625;-5,213840484619141;150,00338745117188;8,1698637008667;1,2248070240020752;0,4036520719528198;0,3456149995326996;0,01738904044032097
123;1655,503173828125;703,3214111328125;41519,81640625;-21,767656326293945;138,48243713378906;4,174167156219482;1,2345612049102783;0,40866580605506897;0,3488115668296814;0,017609158530831337
124;1655,503173828125;703,3214111328125;41519,81640625;-17,934019088745117;122,0340576171875;4,352936267852783;1,2242531776428223;0,4086591303348541;0,3441322445869446;0,017410028725862503
125;1655,503173828125;703,3214111328125;41519,81640625;-10,31414794921875;130,3152618408203;3,753918170928955;1,2265784740447998;0,4099319875240326;0,34643203020095825;0,017532549798488617
126;1655,503173828125;703,3214111328125;41519,81640625;-7,6435465812683105;124,63375091552734;7,997951030731201;1,2413710355758667;0,4182693064212799;0,34964719414711;0,01783525012433529
127;1655,503173828125;703,3214111328125;41519,81640625;-0,2601620554924011;118,0630111694336;9,417881965637207;1,213936686515808;0,4124487042427063;0,34120211005210876;0,01735696569085121
128;1655,503173828125;703,3214111328125;41519,81640625;-7,646162986755371;111,22949981689453;10,4376220703125;1,217689871788025;0,41688841581344604;0,3417818546295166;0,0174656193703413
129;1655,503173828125;703,3214111328125;41519,81640625;-7,070305824279785;110,27044677734375;6,6906304359436035;1,1736499071121216;0,40508702397346497;0,32889795303344727;0,016686193645000458
130;1655,503173828125;703,3214111328125;41519,81640625;-8,317903518676758;93,0718765258789;8,21448802947998;1,198486566543579;0,4156295955181122;0,33571717143058777;0,017208123579621315
131;1655,503173828125;703,3214111328125;41519,81640625;10,215473175048828;93,85104370117188;7,402678489685059;1,1984106302261353;0,41760632395744324;0,33542600274086;0,017262760549783707
132;1655,503173828125;703,3214111328125;41519,81640625;29,64656639099121;84,4953842163086;7,3089141845703125;1,209892988204956;0,420472651720047;0,33895841240882874;0,01753745973110199
133;1655,503173828125;703,3214111328125;41519,81640625;24,44245719909668;74,08348083496094;9,813002586364746;1,1763026714324951;0,41741055250167847;0,32773178815841675;0,016944115981459618
134;1655,503173828125;703,3214111328125;41519,81640625;54,4391975402832;72,92322540283203;10,79472827911377;1,17449152469635;0,4190772473812103;0,3267107605934143;0,01696944609284401
135;1655,503173828125;703,3214111328125;41519,81640625;70,4689712524414;74,41061401367188;6,902858734130859;1,1474348306655884;0,40847834944725037;0,3191133141517639;0,016515545547008514
136;1655,503173828125;703,3214111328125;41519,81640625;49,87401580810547;54,477787017822266;6,826645374298096;1,1664859056472778;0,4249047636985779;0,3226959705352783;0,016924867406487465
137;1655,503173828125;703,3214111328125;41519,81640625;47,57753372192383;53,30978012084961;6,816703796386719;1,1397156715393066;0,41737100481987;0,314663290977478;0,01648108661174774
138;1655,503173828125;703,3214111328125;41519,81640625;25,936603546142578;39,634944915771484;8,365939140319824;1,106490135192871;0,40950334072113037;0,3045709431171417;0,01589769311249256
139;1655,503173828125;703,3214111328125;41519,81640625;77,27540588378906;50,10708236694336;6,588809490203857;1,1260267496109009;0,4193681478500366;0,30919942259788513;0,01634172536432743
140;1655,503173828125;703,3214111328125;41519,81640625;43,58723449707031;36,39155197143555;5,242717266082764;1,1181379556655884;0,41949549317359924;0,3062039315700531;0,016255350783467293
141;1655,503173828125;703,3214111328125;41519,81640625;67,31369018554688;40,20555114746094;2,8744328022003174;1,1048141717910767;0,41793644428253174;0,301674485206604;0,016062932088971138
142;1655,503173828125;703,3214111328125;41519,81640625;63,22664260864258;43,65544509887695;6,4790449142456055;1,1023935079574585;0,42738044261932373;0,2995823919773102;0,01604338549077511
143;1655,503173828125;703,3214111328125;41519,81640625;25,934494018554688;16,236949920654297;8,162223815917969;1,0736395120620728;0,4191005825996399;0,29096290469169617;0,01555722113698721
144;1655,503173828125;703,3214111328125;41519,81640625;43,58399200439453;28,248016357421875;9,516672134399414;1,0554554462432861;0,4124385416507721;0,28536245226860046;0,015282344073057175
145;1655,503173828125;703,3214111328125;41519,81640625;31,016904830932617;25,051605224609375;6,948930263519287;1,0695056915283203;0,41559693217277527;0,2885804772377014;0,015646889805793762
146;1655,503173828125;703,3214111328125;41519,81640625;10,493480682373047;16,663108825683594;11,746149063110352;1,0469350814819336;0,41460758447647095;0,2813624143600464;0,015255413949489594
147;1655,503173828125;703,3214111328125;41519,81640625;53,36714553833008;27,348203659057617;8,665501594543457;1,0529227256774902;0,41874900460243225;0,28214308619499207;0,015450751408934593
148;1655,503173828125;703,3214111328125;41519,81640625;47,396846771240234;20,043161392211914;7,9353346824646;1,0206893682479858;0,4092625379562378;0,27263328433036804;0,014873168431222439
149;1655,503173828125;703,3214111328125;41519,81640625;31,612598419189453;16,12066078186035;7,686925888061523;1,0067505836486816;0,40964311361312866;0,2679806649684906;0,014652243815362453
150;1655,503173828125;703,3214111328125;41519,81640625;42,51814651489258;9,534085273742676;7,167462348937988;0,9892343282699585;0,4076078534126282;0,26246339082717896;0,014356774277985096
151;1655,503173828125;703,3214111328125;41519,81640625;32,083595275878906;1,196603536605835;6,759922981262207;0,9731806516647339;0,4020949602127075;0,25746938586235046;0,014104926958680153
152;1655,503173828125;703,3214111328125;41519,81640625;37,10945510864258;-3,661708354949951;4,8834686279296875;0,955646812915802;0,39793136715888977;0,2520841956138611;0,013810470700263977
153;1655,503173828125;703,3214111328125;41519,81640625;4,6584272384643555;-17,74126625061035;5,237907886505127;0,9532148838043213;0,4047963619232178;0,2506830096244812;0,013802194967865944
154;1655,503173828125;703,3214111328125;41519,81640625;20,038036346435547;-19,49620246887207;4,1302714347839355;0,9190998077392578;0,38958436250686646;0,24107970297336578;0,013173315674066544
155;1655,503173828125;703,3214111328125;41519,81640625;3,0775632858276367;-28,911090850830078;4,480501651763916;0,9221482872962952;0,39133742451667786;0,2412458062171936;0,013314859941601753
156;1655,503173828125;703,3214111328125;41519,81640625;7,440187931060791;-22,881681442260742;4,405160903930664;0,927839994430542;0,3945175111293793;0,2421111762523651;0,013510999269783497
157;1655,503173828125;703,3214111328125;41519,81640625;-10,035890579223633;-30,490564346313477;5,036068439483643;0,9039751887321472;0,3917880356311798;0,23535919189453125;0,013046924024820328
158;1655,503173828125;703,3214111328125;41519,81640625;16,157527923583984;-24,527347564697266;4,073370933532715;0,8803152441978455;0,37448105216026306;0,22857488691806793;0,012620990164577961
159;1655,503173828125;703,3214111328125;41519,81640625;-12,405808448791504;-29,79997444152832;5,400664329528809;0,863775372505188;0,37696373462677;0,22392109036445618;0,012310795485973358
160;1655,503173828125;703,3214111328125;41519,81640625;-4,880030632019043;-36,14394760131836;3,0656187534332275;0,8350509405136108;0,36097559332847595;0,21595071256160736;0,011736675165593624
161;1655,503173828125;703,3214111328125;41519,81640625;-4,825888633728027;-32,57843780517578;4,74556827545166;0,8407371640205383;0,3712039291858673;0,21717819571495056;0,01192253828048706
162;1655,503173828125;703,3214111328125;41519,81640625;-16,33356285095215;-36,319915771484375;4,094001293182373;0,8425115942955017;0,3722988963127136;0,21726775169372559;0,012031287886202335
163;1655,503173828125;703,3214111328125;41519,81640625;-31,036958694458008;-43,480316162109375;4,751699447631836;0,786389946937561;0,34925952553749084;0,2025321125984192;0,010792205110192299
164;1655,503173828125;703,3214111328125;41519,81640625;-24,90249252319336;-41,58525085449219;3,79577374458313;0,7803433537483215;0,3476088047027588;0,20073539018630981;0,01071067713201046
165;1655,503173828125;703,3214111328125;41519,81640625;-31,840381622314453;-40,76860809326172;0,8384771943092346;0,7758115530014038;0,3454420268535614;0,19932754337787628;0,010664193890988827
166;1655,503173828125;703,3214111328125;41519,81640625;-20,875516891479492;-45,20405578613281;2,9521877765655518;0,7862734794616699;0,3550103008747101;0,20203201472759247;0,010962176136672497
167;1655,503173828125;703,3214111328125;41519,81640625;-22,45942497253418;-38,19792938232422;1,9948190450668335;0,7931498885154724;0,3549759089946747;0,2035096436738968;0,01119962614029646
168;1655,503173828125;703,3214111328125;41519,81640625;-14,963542938232422;-37,509002685546875;0,7137629389762878;0,7613913416862488;0,34099557995796204;0,1952664703130722;0,010491617023944855
169;1655,503173828125;703,3214111328125;41519,81640625;-31,40920639038086;-32,4389533996582;1,1743375062942505;0,7377045154571533;0,3311142921447754;0,18917378783226013;0,009955652989447117
170;1655,503173828125;703,3214111328125;41519,81640625;-31,657331466674805;-34,000953674316406;0,6074353456497192;0,7324883937835693;0,3310530185699463;0,18794989585876465;0,009877149015665054
171;1655,503173828125;703,3214111328125;41519,81640625;-42,84929656982422;-29,298215866088867;3,157576084136963;0,7350209355354309;0,3315475583076477;0,18859750032424927;0,009996248409152031
172;1655,503173828125;703,3214111328125;41519,81640625;-32,11204528808594;-17,48866844177246;1,4147748947143555;0,7193227410316467;0,32329684495925903;0,1845741719007492;0,00964532420039177
173;1655,503173828125;703,3214111328125;41519,81640625;-33,47010040283203;-14,318731307983398;2,3385753631591797;0,73386150598526;0,33025726675987244;0,18845000863075256;0,010070707648992538
174;1655,503173828125;703,3214111328125;41519,81640625;-13,138891220092773;-7,908508777618408;1,5799179077148438;0,7205395102500916;0,32509222626686096;0,18524405360221863;0,009775380603969097
175;1655,503173828125;703,3214111328125;41519,81640625;-23,532527923583984;-2,4462924003601074;1,013002872467041;0,712915301322937;0,3217032253742218;0,18348552286624908;0,00962224043905735
176;1655,503173828125;703,3214111328125;41519,81640625;-36,332008361816406;2,948364019393921;1,2609325647354126;0,7105735540390015;0,31986215710639954;0,18306460976600647;0,00960646104067564
177;1655,503173828125;703,3214111328125;41519,81640625;-60,431724548339844;4,8699727058410645;2,481224298477173;0,6898930668830872;0,31222444772720337;0,17813387513160706;0,009092940017580986
178;1655,503173828125;703,3214111328125;41519,81640625;-20,390832901000977;16,497941970825195;0,3799867630004883;0,7145496010780334;0,3188187777996063;0,18446031212806702;0,009798767976462841
179;1655,503173828125;703,3214111328125;41519,81640625;-32,07683563232422;15,095929145812988;1,4996360540390015;0,6698187589645386;0,2968977391719818;0,17307470738887787;0,008611436933279037
180;1655,503173828125;703,3214111328125;41519,81640625;-18,195308685302734;20,797168731689453;-0,7625861763954163;0,6979798078536987;0,30517494678497314;0,18036586046218872;0,009431201033294201
181;1655,503173828125;703,3214111328125;41519,81640625;-23,799671173095703;24,545743942260742;-2,105412006378174;0,6930848360061646;0,30458080768585205;0,17961172759532928;0,009341119788587093
182;1655,503173828125;703,3214111328125;41519,81640625;-45,483577728271484;30,268795013427734;-1,8715713024139404;0,696855902671814;0,30624642968177795;0,18100416660308838;0,00947529636323452
183;1655,503173828125;703,3214111328125;41519,81640625;-38,152496337890625;33,03273391723633;-1,8211308717727661;0,6984929442405701;0,3058954179286957;0,1817745864391327;0,009548299014568329
184;1655,503173828125;703,3214111328125;41519,81640625;-34,230411529541016;36,128379821777344;-1,677114725112915;0,6930103898048401;0,30437028408050537;0,18089145421981812;0,009414197877049446
185;1655,503173828125;703,3214111328125;41519,81640625;-32,637779235839844;43,25651550292969;-1,443272352218628;0,7091935873031616;0,30079469084739685;0,1846017986536026;0,00989210419356823
186;1655,503173828125;703,3214111328125;41519,81640625;-53,18122100830078;50,33488845825195;-1,4928898811340332;0,6940909028053284;0,30057594180107117;0,18174859881401062;0,009497455321252346
187;1655,503173828125;703,3214111328125;41519,81640625;-65,77165222167969;55,4465446472168;0,2617235481739044;0,7183958292007446;0,3044443130493164;0,18798008561134338;0,010190124623477459
188;1655,503173828125;703,3214111328125;41519,81640625;-47,25998306274414;67,83027648925781;-2,02404522895813;0,702877402305603;0,29729658365249634;0,18437670171260834;0,00979316234588623
189;1655,503173828125;703,3214111328125;41519,81640625;-35,497840881347656;72,65293884277344;-2,4038078784942627;0,7268438935279846;0,29997164011001587;0,19043435156345367;0,010453635826706886
190;1655,503173828125;703,3214111328125;41519,81640625;-66,60626220703125;71,90355682373047;-1,11436927318573;0,731166660785675;0,3048011064529419;0,19242870807647705;0,010567165911197662
191;1655,503173828125;703,3214111328125;41519,81640625;-65,73907470703125;73,21653747558594;-2,351147413253784;0,7401280403137207;0,3011666536331177;0,19454093277454376;0,010834012180566788
192;1655,503173828125;703,3214111328125;41519,81640625;-51,24646759033203;81,68510437011719;-0,8533501029014587;0,7205484509468079;0,2934214472770691;0,1899479478597641;0,010328595526516438
193;1655,503173828125;703,3214111328125;41519,81640625;-73,32400512695312;87,27059173583984;-0,15989014506340027;0,7278657555580139;0,2933873236179352;0,19206979870796204;0,010532451793551445
194;1655,503173828125;703,3214111328125;41519,81640625;-56,34492492675781;90,38021087646484;-0,9217643141746521;0,7542077898979187;0,29643386602401733;0,19867150485515594;0,011210518889129162
195;1655,503173828125;703,3214111328125;41519,81640625;-56,02544403076172;98,65654754638672;3,0858254432678223;0,728665828704834;0,2867961525917053;0,1924958974123001;0,010555834509432316
196;1655,503173828125;703,3214111328125;41519,81640625;-34,28080368041992;110,45207977294922;-3,1371638774871826;0,7810341119766235;0,3025001287460327;0,20623867213726044;0,011915135197341442
197;1655,503173828125;703,3214111328125;41519,81640625;-56,473045349121094;109,06290435791016;-0,4265507161617279;0,7808351516723633;0,3011895716190338;0,20653118193149567;0,011916267685592175
198;1655,503173828125;703,3214111328125;41519,81640625;-55,62972640991211;113,5472183227539;1,3264440298080444;0,7914725542068481;0,30037474632263184;0,2091629058122635;0,012157424353063107
199;1655,503173828125;703,3214111328125;41519,81640625;-22,358938217163086;115,35282897949219;-1,513163447380066;0,770639955997467;0,29182761907577515;0,20401796698570251;0,011631054803729057
200;1655,503173828125;703,3214111328125;41519,81640625;-38,04328918457031;115,73572540283203;-1,2286442518234253;0,7859024405479431;0,2965483069419861;0,20835237205028534;0,012031316757202148
201;1655,503173828125;703,3214111328125;41519,81640625;-46,857383728027344;127,58330535888672;-0,24815841019153595;0,7840849161148071;0,29113468527793884;0,20750337839126587;0,01190213393419981
202;1655,503173828125;703,3214111328125;41519,81640625;-37,876686096191406;140,99029541015625;-0,4773356318473816;0,7913106679916382;0,2936035394668579;0,2097894251346588;0,012132530100643635
203;1655,503173828125;703,3214111328125;41519,81640625;-25,54424285888672;144,0198211669922;-1,5974345207214355;0,8226411938667297;0,3022461235523224;0,2178792804479599;0,012876614928245544
204;1655,503173828125;703,3214111328125;41519,81640625;-32,109901428222656;152,23641967773438;0,03915435075759888;0,8036981225013733;0,294325590133667;0,21303775906562805;0,012401588261127472
205;1655,503173828125;703,3214111328125;41519,81640625;-44,062530517578125;156,64297485351562;-0,626363217830658;0,8020142912864685;0,29215580224990845;0,21256430447101593;0,012333201244473457
206;1655,503173828125;703,3214111328125;41519,81640625;-35,48923110961914;165,0892791748047;0,03662688285112381;0,8306846618652344;0,30107709765434265;0,22002193331718445;0,013021925464272499
207;1655,503173828125;703,3214111328125;41519,81640625;-37,409950256347656;175,29586791992188;1,108172059059143;0,8196690082550049;0,29561731219291687;0,21725718677043915;0,012765062041580677
208;1655,503173828125;703,3214111328125;41519,81640625;-44,34604263305664;186,26419067382812;-1,0464776754379272;0,8232356905937195;0,2958187460899353;0,2179349660873413;0,012804151512682438
209;1655,503173828125;703,3214111328125;41519,81640625;-46,34950256347656;183,8818817138672;0,36789670586586;0,8348016142845154;0,29838827252388;0,22087934613227844;0,013080895878374577
210;1655,503173828125;703,3214111328125;41519,81640625;-49,13582229614258;192,33282470703125;1,0202463865280151;0,822067141532898;0,2920261025428772;0,2173350751399994;0,012739535421133041
211;1655,503173828125;703,3214111328125;41519,81640625;-63,555381774902344;202,78163146972656;0,7609688639640808;0,8145772814750671;0,28983524441719055;0,21503566205501556;0,012471511960029602
212;1655,503173828125;703,3214111328125;41519,81640625;-60,75529098510742;219,72720336914062;-0,38033759593963623;0,8472570180892944;0,3025382161140442;0,22336891293525696;0,013212496414780617
213;1655,503173828125;703,3214111328125;41519,81640625;-59,552066802978516;230,61431884765625;-2,8243491649627686;0,8645841479301453;0,307449072599411;0,22763755917549133;0,013636687770485878
214;1655,503173828125;703,3214111328125;41519,81640625;-68,14822387695312;250,0789794921875;-1,263488531112671;0,8741307258605957;0,30796778202056885;0,2297639399766922;0,013866197317838669
215;1655,503173828125;703,3214111328125;41519,81640625;-55,79911422729492;260,8106689453125;-3,3647191524505615;0,8533191680908203;0,3016777038574219;0,22393985092639923;0,01328697893768549
216;1655,503173828125;703,3214111328125;41519,81640625;-74,38229370117188;269,12982177734375;-4,952590465545654;0,8667866587638855;0,30582547187805176;0,22703884541988373;0,01358121819794178
217;1655,503173828125;703,3214111328125;41519,81640625;-74,00746154785156;275,0106506347656;-2,9229912757873535;0,8570795655250549;0,2987733483314514;0,22390533983707428;0,013321569189429283
218;1655,503173828125;703,3214111328125;41519,81640625;-88,922119140625;290,80145263671875;-2,5185792446136475;0,8802869319915771;0,3072760999202728;0,22948378324508667;0,013838103041052818
219;1655,503173828125;703,3214111328125;41519,81640625;-100,71287536621094;298,96002197265625;-4,822539806365967;0,8716264963150024;0,3071346580982208;0,226847842335701;0,0135513786226511
220;1655,503173828125;703,3214111328125;41519,81640625;-109,97054290771484;316,3309631347656;-3,6885833740234375;0,8980414867401123;0,3146013617515564;0,23305897414684296;0,014158491045236588
221;1655,503173828125;703,3214111328125;41519,81640625;-107,77880859375;319,873291015625;-5,613048076629639;0,8902574777603149;0,31325802206993103;0,23052725195884705;0,013905812054872513
222;1655,503173828125;703,3214111328125;41519,81640625;-122,52185821533203;330,4145202636719;-3,552988290786743;0,8854925632476807;0,30988970398902893;0,2285766750574112;0,01374355610460043
223;1655,503173828125;703,3214111328125;41519,81640625;-132,93385314941406;337,62567138671875;-3,42592453956604;0,8687306642532349;0,30060428380966187;0,22339361906051636;0,013289314694702625
224;1655,503173828125;703,3214111328125;41519,81640625;-128,33416748046875;344,39532470703125;-4,69166374206543;0,8882238864898682;0,3140050172805786;0,22819821536540985;0,013670708984136581
225;1655,503173828125;703,3214111328125;41519,81640625;-136,72671508789062;352,37664794921875;-2,863471746444702;0,8994098901748657;0,31867608428001404;0,2304432988166809;0,013878782279789448
226;1655,503173828125;703,3214111328125;41519,81640625;-112,0748519897461;352,1007995605469;-5,534623622894287;0,8993110656738281;0,3176586925983429;0,22964884340763092;0,013820528984069824
227;1655,503173828125;703,3214111328125;41519,81640625;-108,22167205810547;360,5582275390625;-4,9492506980896;0,9075318574905396;0,32014602422714233;0,23100264370441437;0,013958501629531384
228;1655,503173828125;703,3214111328125;41519,81640625;-98,38349151611328;364,90887451171875;-4,664636611938477;0,9091269373893738;0,32443439960479736;0,23099488019943237;0,013909402303397655
229;1655,503173828125;703,3214111328125;41519,81640625;-97,46357727050781;366,4649963378906;-5,974812030792236;0,9270567297935486;0,3265358507633209;0,23445190489292145;0,014293954707682133
230;1655,503173828125;703,3214111328125;41519,81640625;-96,57001495361328;375,1894226074219;-5,162089824676514;0,952285647392273;0,3424797058105469;0,24070052802562714;0,014795391820371151
231;1655,503173828125;703,3214111328125;41519,81640625;-82,08480072021484;376,3267822265625;-5,722522735595703;0,9361526370048523;0,326922208070755;0,23501351475715637;0,01437434647232294
232;1655,503173828125;703,3214111328125;41519,81640625;-79,63682556152344;381,99017333984375;-7,304010391235352;0,9282797574996948;0,3167966306209564;0,2316293567419052;0,01411396637558937
233;1655,503173828125;703,3214111328125;41519,81640625;-92,22936248779297;387,5097961425781;-7,463695526123047;0,9154893159866333;0,31788331270217896;0,22822709381580353;0,013748782686889172
234;1655,503173828125;703,3214111328125;41519,81640625;-73,62033081054688;387,8109436035156;-7,400185585021973;0,9175097346305847;0,3134690225124359;0,22754673659801483;0,013722463510930538
235;1655,503173828125;703,3214111328125;41519,81640625;-97,16808319091797;396,766845703125;-6,962026596069336;0,940019965171814;0,3359801173210144;0,23391394317150116;0,014159531332552433
236;1655,503173828125;703,3214111328125;41519,81640625;-99,6478500366211;400,7981262207031;-5,94776725769043;0,9257307052612305;0,3214270770549774;0,22876887023448944;0,01376996748149395
237;1655,503173828125;703,3214111328125;41519,81640625;-106,66548919677734;408,1799011230469;-7,1741414070129395;0,9678682684898376;0,3341830372810364;0,23835796117782593;0,014659930020570755
238;1655,503173828125;703,3214111328125;41519,81640625;-95,38201141357422;406,75439453125;-9,006677627563477;0,9542467594146729;0,32347655296325684;0,2337811291217804;0,014262865297496319
239;1655,503173828125;703,3214111328125;41519,81640625;-98,8544692993164;405,9736633300781;-9,560097694396973;0,9702887535095215;0,3356286585330963;0,23786751925945282;0,01456522848457098
240;1655,503173828125;703,3214111328125;41519,81640625;-118,33838653564453;414,1572265625;-8,177827835083008;0,9622808694839478;0,3312775492668152;0,2352326512336731;0,014307531528174877
241;1655,503173828125;703,3214111328125;41519,81640625;-114,6763916015625;419,1031494140625;-8,938705444335938;0,9668515920639038;0,3293294906616211;0,2355087250471115;0,014327356591820717
242;1655,503173828125;703,3214111328125;41519,81640625;-106,18449401855469;415,84185791015625;-9,38578987121582;0,969312310218811;0,3388829231262207;0,23670920729637146;0,014321308583021164
243;1655,503173828125;703,3214111328125;41519,81640625;-107,58817291259766;420,54193115234375;-10,319482803344727;0,9337821006774902;0,3209054172039032;0,22707194089889526;0,013436222448945045
244;1655,503173828125;703,3214111328125;41519,81640625;-123,42816162109375;426,8042297363281;-9,416887283325195;0,9658331871032715;0,3291398584842682;0,2342708557844162;0,01408269815146923
245;1655,503173828125;703,3214111328125;41519,81640625;-120,38628387451172;421,7626647949219;-9,9228515625;1,0004905462265015;0,35348308086395264;0,2439940869808197;0,014791165478527546
246;1655,503173828125;703,3214111328125;41519,81640625;-118,62450408935547;426,1676940917969;-9,201690673828125;0,9830067753791809;0,32707422971725464;0,2371259182691574;0,014285431243479252
247;1655,503173828125;703,3214111328125;41519,81640625;-130,3072509765625;428,14642333984375;-7,881593704223633;0,9533759355545044;0,3290857672691345;0,2313699722290039;0,013586584478616714
248;1655,503173828125;703,3214111328125;41519,81640625;-149,04196166992188;433,3136901855469;-8,825169563293457;0,9788907766342163;0,3417138457298279;0,23807251453399658;0,014086560346186161
249;1655,503173828125;703,3214111328125;41519,81640625;-151,9120635986328;433,75006103515625;-8,59671688079834;0,9965147376060486;0,32679077982902527;0,23976169526576996;0,014338822104036808
250;1655,503173828125;703,3214111328125;41519,81640625;-135,98736572265625;431,5816955566406;-9,78543758392334;1,0040169954299927;0,3510836362838745;0,2445511519908905;0,014494371600449085
251;1655,503173828125;703,3214111328125;41519,81640625;-147,61447143554688;438,1015319824219;-10,43470573425293;0,9939401149749756;0,33991801738739014;0,2413311004638672;0,014194606803357601
252;1655,503173828125;703,3214111328125;41519,81640625;-84,68197631835938;429,8600158691406;-12,34405517578125;0,999607503414154;0,3357184827327728;0,24220961332321167;0,014232795685529709
253;1655,503173828125;703,3214111328125;41519,81640625;-118,55955505371094;433,6938171386719;-9,936016082763672;0,9959543347358704;0,3384750485420227;0,24225328862667084;0,014094909653067589
254;1655,503173828125;703,3214111328125;41519,81640625;-125,53946685791016;435,56390380859375;-10,43204402923584;0,9972518682479858;0,32983672618865967;0,24180376529693604;0,014030937105417252
255;1655,503173828125;703,3214111328125;41519,81640625;-134,7771759033203;437,5274353027344;-11,067001342773438;1,0122264623641968;0,3384656608104706;0,24648374319076538;0,014295879751443863
256;1655,503173828125;703,3214111328125;41519,81640625;-125,13977813720703;436,1576843261719;-11,460213661193848;1,0228122472763062;0,33704981207847595;0,24900057911872864;0,014436387456953526
257;1655,503173828125;703,3214111328125;41519,81640625;-122,1087646484375;437,2599792480469;-10,164987564086914;1,0243821144104004;0,32564255595207214;0,2484212964773178;0,014342916198074818
258;1655,503173828125;703,3214111328125;41519,81640625;-121,0222396850586;438,7299499511719;-9,016387939453125;1,0257500410079956;0,3286639451980591;0,24986040592193604;0,014328484423458576
259;1655,503173828125;703,3214111328125;41519,81640625;-106,57592010498047;434,0158386230469;-8,242925643920898;1,0518109798431396;0,34103113412857056;0,25761640071868896;0,014824610203504562
260;1655,503173828125;703,3214111328125;41519,81640625;-116,42779541015625;429,51800537109375;-8,74298095703125;1,0246001482009888;0,3256654143333435;0,25090256333351135;0,0141754737123847
261;1655,503173828125;703,3214111328125;41519,81640625;-105,31546020507812;423,1411437988281;-4,737936496734619;1,0474721193313599;0,3336952328681946;0,25756797194480896;0,014589215628802776
262;1655,503173828125;703,3214111328125;41519,81640625;-105,60257720947266;417,2711486816406;-8,42403793334961;1,025354027748108;0,3368087708950043;0,2546344995498657;0,014130212366580963
263;1655,503173828125;703,3214111328125;41519,81640625;-87,6153793334961;410,73699951171875;-6,668161392211914;1,033033847808838;0,33080780506134033;0,25633108615875244;0,014200123026967049
264;1655,503173828125;703,3214111328125;41519,81640625;-101,69629669189453;410,4362487792969;-7,073186874389648;1,05531907081604;0,34687840938568115;0,2643619179725647;0,014640267007052898
265;1655,503173828125;703,3214111328125;41519,81640625;-84,15930938720703;401,5647888183594;-5,2923150062561035;1,080409288406372;0,33970603346824646;0,2694968283176422;0,015014051459729671
266;1655,503173828125;703,3214111328125;41519,81640625;-68,33454132080078;399,7606201171875;-5,748030662536621;1,0549161434173584;0,3370836079120636;0,26517343521118164;0,01449257880449295
267;1655,503173828125;703,3214111328125;41519,81640625;-66,2721939086914;398,8701477050781;-3,247123956680298;1,108506679534912;0,3580280840396881;0,28055939078330994;0,015528474934399128
268;1655,503173828125;703,3214111328125;41519,81640625;-37,15610122680664;386,3665771484375;-1,7821152210235596;1,0895377397537231;0,3495664596557617;0,2767135500907898;0,015097718685865402
269;1655,503173828125;703,3214111328125;41519,81640625;-52,58637237548828;389,15777587890625;-0,44060778617858887;1,1101635694503784;0,3560667634010315;0,28330954909324646;0,015459463931620121
270;1655,503173828125;703,3214111328125;41519,81640625;-43,18070983886719;379,13897705078125;-1,2637330293655396;1,0990735292434692;0,34724366664886475;0,2809995412826538;0,01517255138605833
271;1655,503173828125;703,3214111328125;41519,81640625;-24,933300018310547;376,8349609375;0,4851529896259308;1,1043015718460083;0,34151801466941833;0,28251081705093384;0,015185290016233921
272;1655,503173828125;703,3214111328125;41519,81640625;-9,09769058227539;368,66387939453125;-1,8003617525100708;1,1122541427612305;0,35364633798599243;0,2875726819038391;0,015367268584668636
273;1655,503173828125;703,3214111328125;41519,81640625;-8,588250160217285;366,8899230957031;-2,576847553253174;1,098602294921875;0,35526689887046814;0,28649431467056274;0,01508911233395338
274;1655,503173828125;703,3214111328125;41519,81640625;-6,835930824279785;356,71966552734375;-2,4360532760620117;1,128884196281433;0,3547575771808624;0,2940382957458496;0,015597249381244183
275;1655,503173828125;703,3214111328125;41519,81640625;1,7005009651184082;347,3553161621094;0,3914009928703308;1,1740823984146118;0,3766520917415619;0,30868664383888245;0,016472840681672096
276;1655,503173828125;703,3214111328125;41519,81640625;-3,2614333629608154;350,8021545410156;1,3373217582702637;1,1700531244277954;0,3727158308029175;0,3086383640766144;0,01635274663567543
277;1655,503173828125;703,3214111328125;41519,81640625;4,904239177703857;351,35296630859375;2,6135380268096924;1,1572811603546143;0,3571414351463318;0,30457183718681335;0,016002748161554337
278;1655,503173828125;703,3214111328125;41519,81640625;30,96463966369629;332,03045654296875;-2,8890810012817383;1,16315758228302;0,36317718029022217;0,308316171169281;0,016124825924634933
279;1655,503173828125;703,3214111328125;41519,81640625;24,111879348754883;329,74053955078125;2,265371322631836;1,171067476272583;0,3722078800201416;0,31310415267944336;0,016293952241539955
280;1655,503173828125;703,3214111328125;41519,81640625;35,85786437988281;311,44342041015625;5,99209451675415;1,189401626586914;0,37072643637657166;0,31792518496513367;0,016568029299378395
281;1655,503173828125;703,3214111328125;41519,81640625;29,813600540161133;318,3887634277344;3,8329989910125732;1,1928352117538452;0,3780020773410797;0,32147568464279175;0,016659490764141083
282;1655,503173828125;703,3214111328125;41519,81640625;8,849268913269043;314,51885986328125;7,416860580444336;1,2140063047409058;0,3801317512989044;0,3275303542613983;0,017004182562232018
283;1655,503173828125;703,3214111328125;41519,81640625;20,235286712646484;308,7982177734375;9,921235084533691;1,205600380897522;0,37724828720092773;0,32645195722579956;0,016831550747156143
284;1655,503173828125;703,3214111328125;41519,81640625;11,002984046936035;306,0431213378906;6,253194808959961;1,2015585899353027;0,3801937997341156;0,3275229334831238;0,016777073964476585
285;1655,503173828125;703,3214111328125;41519,81640625;37,338165283203125;287,71539306640625;3,318282127380371;1,2237683534622192;0,3874742090702057;0,33480754494667053;0,017181508243083954
286;1655,503173828125;703,3214111328125;41519,81640625;38,970008850097656;286,24554443359375;1,2343944311141968;1,2408679723739624;0,3918929398059845;0,3403455913066864;0,017481015995144844
287;1655,503173828125;703,3214111328125;41519,81640625;40,134761810302734;277,1541442871094;5,983903408050537;1,2273739576339722;0,39171555638313293;0,33875465393066406;0,01725301332771778
288;1655,503173828125;703,3214111328125;41519,81640625;54,21541976928711;276,061767578125;8,07915210723877;1,222924828529358;0,38481682538986206;0,33692699670791626;0,0171230286359787
289;1655,503173828125;703,3214111328125;41519,81640625;16,186120986938477;267,07305908203125;7,573324203491211;1,2700644731521606;0,3962841033935547;0,34970659017562866;0,017928434535861015
290;1655,503173828125;703,3214111328125;41519,81640625;18,0284423828125;276,2595520019531;9,359663009643555;1,2388031482696533;0,3909595310688019;0,34311458468437195;0,017415137961506844
291;1655,503173828125;703,3214111328125;41519,81640625;19,720399856567383;259,46533203125;6,5423383712768555;1,2200764417648315;0,3871835470199585;0,3392066955566406;0,017092332243919373
292;1655,503173828125;703,3214111328125;41519,81640625;32,921875;242,6110382080078;6,393421649932861;1,2304941415786743;0,39117804169654846;0,342801958322525;0,01728973165154457
293;1655,503173828125;703,3214111328125;41519,81640625;46,8626823425293;235,2039337158203;8,656700134277344;1,2529737949371338;0,39733564853668213;0,3489227592945099;0,017677688971161842
294;1655,503173828125;703,3214111328125;41519,81640625;16,299936294555664;222,3130340576172;7,132700443267822;1,2161303758621216;0,387238472700119;0,33940044045448303;0,01702389493584633
295;1655,503173828125;703,3214111328125;41519,81640625;12,903141975402832;220,40878295898438;5,447734355926514;1,231289267539978;0,39625832438468933;0,34568068385124207;0,01736290566623211
296;1655,503173828125;703,3214111328125;41519,81640625;1,9903199672698975;217,29501342773438;6,0267438888549805;1,2289127111434937;0,39618805050849915;0,3451762795448303;0,017329305410385132
297;1655,503173828125;703,3214111328125;41519,81640625;3,3996763229370117;213,019775390625;9,357992172241211;1,2281144857406616;0,398709237575531;0,34645912051200867;0,017351267859339714
298;1655,503173828125;703,3214111328125;41519,81640625;29,183155059814453;200,3237762451172;9,676004409790039;1,2496776580810547;0,40568146109580994;0,3515671491622925;0,017748141661286354
299;1655,503173828125;703,3214111328125;41519,81640625;-3,507392168045044;192,8785858154297;9,289094924926758;1,2285887002944946;0,4008130729198456;0,3462880253791809;0,0173950158059597
300;1655,503173828125;703,3214111328125;41519,81640625;1,6563657522201538;202,4794158935547;9,642868995666504;1,2380297183990479;0,40582144260406494;0,34971320629119873;0,017606331035494804
301;1655,503173828125;703,3214111328125;41519,81640625;-12,221477508544922;180,48960876464844;12,498563766479492;1,2205158472061157;0,4017592668533325;0,34412214159965515;0,017299190163612366
302;1655,503173828125;703,3214111328125;41519,81640625;-11,853080749511719;177,4930877685547;8,319327354431152;1,2271015644073486;0,4060365557670593;0,345881849527359;0,017450373619794846
303;1655,503173828125;703,3214111328125;41519,81640625;-23,614534378051758;166,4364471435547;8,357401847839355;1,2170921564102173;0,40461933612823486;0,34345152974128723;0,01730821095407009
304;1655,503173828125;703,3214111328125;41519,81640625;-14,55949878692627;162,26307678222656;4,775160789489746;1,2201083898544312;0,40819260478019714;0,34385618567466736;0,017395080998539925
305;1655,503173828125;703,3214111328125;41519,81640625;-14,196062088012695;155,5874481201172;4,403958320617676;1,2117491960525513;0,40790101885795593;0,34127169847488403;0,017277903854846954
306;1655,503173828125;703,3214111328125;41519,81640625;-28,93488883972168;142,0977020263672;6,517508029937744;1,2261662483215332;0,41631704568862915;0,3445720970630646;0,0175701342523098
307;1655,503173828125;703,3214111328125;41519,81640625;-50,32568359375;128,27528381347656;7,837155818939209;1,2389847040176392;0,42365068197250366;0,3478477895259857;0,017849188297986984
308;1655,503173828125;703,3214111328125;41519,81640625;-37,392982482910156;120,88428497314453;5,14139461517334;1,225522756576538;0,4186195135116577;0,3448975086212158;0,017676260322332382
309;1655,503173828125;703,3214111328125;41519,81640625;-46,66128921508789;104,98516082763672;4,640965938568115;1,1957175731658936;0,4111252725124359;0,3360151946544647;0,017164010554552078
310;1655,503173828125;703,3214111328125;41519,81640625;-27,643003463745117;111,2375717163086;7,814723968505859;1,2075066566467285;0,417947918176651;0,3387887477874756;0,017434967681765556
311;1655,503173828125;703,3214111328125;41519,81640625;18,166685104370117;113,37101745605469;7,22341251373291;1,216042160987854;0,4240477681159973;0,34052151441574097;0,017645837739109993
312;1655,503173828125;703,3214111328125;41519,81640625;5,354973316192627;102,99211120605469;8,036317825317383;1,197165608406067;0,4219258725643158;0,3342929780483246;0,017340485006570816
313;1655,503173828125;703,3214111328125;41519,81640625;24,62253761291504;96,63715362548828;9,896265029907227;1,1731384992599487;0,4171215891838074;0,3268151581287384;0,016939401626586914
314;1655,503173828125;703,3214111328125;41519,81640625;-2,1622095108032227;77,79525756835938;9,099845886230469;1,1921318769454956;0,43250447511672974;0,3305061459541321;0,017315112054347992
315;1655,503173828125;703,3214111328125;41519,81640625;6,092672824859619;86,70035552978516;5,90097188949585;1,1994534730911255;0,4291309714317322;0,33322209119796753;0,017562592402100563
316;1655,503173828125;703,3214111328125;41519,81640625;8,658097267150879;80,6260757446289;8,28293228149414;1,1531680822372437;0,41248878836631775;0,31995463371276855;0,016729669645428658
317;1655,503173828125;703,3214111328125;41519,81640625;-4,1103105545043945;76,93235778808594;7,805325508117676;1,16542387008667;0,4278753101825714;0,3215435743331909;0,017029039561748505
318;1655,503173828125;703,3214111328125;41519,81640625;-17,808591842651367;71,09148406982422;9,20239543914795;1,1600412130355835;0,43216389417648315;0,3188870847225189;0,016975197941064835
319;1655,503173828125;703,3214111328125;41519,81640625;-57,026615142822266;48,66508865356445;9,92029857635498;1,1204980611801147;0,42135995626449585;0,307129442691803;0,01627967320382595
320;1655,503173828125;703,3214111328125;41519,81640625;-7,12245512008667;52,328704833984375;7,638911724090576;1,1148216724395752;0,415281742811203;0,30535513162612915;0,016250867396593094
321;1655,503173828125;703,3214111328125;41519,81640625;-20,255157470703125;47,43993377685547;6,042632579803467;1,119118332862854;0,42196351289749146;0,3054518401622772;0,016401784494519234
322;1655,503173828125;703,3214111328125;41519,81640625;-37,50840759277344;34,527198791503906;8,480510711669922;1,0757697820663452;0,4109429717063904;0,29255786538124084;0,015614346601068974
323;1655,503173828125;703,3214111328125;41519,81640625;-30,067609786987305;26,25179100036621;7,177701950073242;1,0994118452072144;0,4292750656604767;0,2976756691932678;0,016123611479997635
324;1655,503173828125;703,3214111328125;41519,81640625;-44,32505798339844;19,742982864379883;7,505196571350098;1,0497050285339355;0,4143693149089813;0,2832823097705841;0,015209370292723179
325;1655,503173828125;703,3214111328125;41519,81640625;-54,002845764160156;6,657522678375244;10,139395713806152;1,0625531673431396;0,42287546396255493;0,28585973381996155;0,01552942767739296
326;1655,503173828125;703,3214111328125;41519,81640625;-15,889017105102539;16,190279006958008;7,6777729988098145;1,040463924407959;0,4091297686100006;0,27940964698791504;0,015185531228780746
327;1655,503173828125;703,3214111328125;41519,81640625;-11,87572956085205;10,6181640625;7,492045879364014;1,0230408906936646;0,4074847400188446;0,273752361536026;0,014899558387696743
328;1655,503173828125;703,3214111328125;41519,81640625;0,5556216835975647;10,24996280670166;6,11875581741333;1,0335161685943604;0,4176023006439209;0,27558016777038574;0,015173092484474182
329;1655,503173828125;703,3214111328125;41519,81640625;17,330615997314453;10,206136703491211;6,201364517211914;1,0048326253890991;0,41230541467666626;0,2670079469680786;0,01464766077697277
330;1655,503173828125;703,3214111328125;41519,81640625;12,96934986114502;7,762767791748047;6,5480756759643555;0,979124903678894;0,40158671140670776;0,2594614624977112;0,014202775433659554
331;1655,503173828125;703,3214111328125;41519,81640625;17,192035675048828;7,582597255706787;6,496182918548584;0,979418933391571;0,40619373321533203;0,2587282359600067;0,014271684922277927
332;1655,503173828125;703,3214111328125;41519,81640625;29,263660430908203;8,58808422088623;4,925121784210205;0,9671676158905029;0,3995567858219147;0,25479546189308167;0,014098976738750935
333;1655,503173828125;703,3214111328125;41519,81640625;38,61119079589844;5,521925449371338;4,182095527648926;0,9643563628196716;0,40309661626815796;0,25330519676208496;0,01410598587244749
334;1655,503173828125;703,3214111328125;41519,81640625;-8,366581916809082;-14,397665023803711;5,245047569274902;0,9329256415367126;0,3927372395992279;0,2443753033876419;0,013512389734387398
335;1655,503173828125;703,3214111328125;41519,81640625;-14,087776184082031;-15,806005477905273;5,731062889099121;0,939110279083252;0,39522290229797363;0,24533364176750183;0,01371805090457201
336;1655,503173828125;703,3214111328125;41519,81640625;-16,036678314208984;-15,96875286102295;5,66109037399292;0,9177297949790955;0,3923223316669464;0,2391630858182907;0,013320840895175934
337;1655,503173828125;703,3214111328125;41519,81640625;13,197572708129883;-13,046181678771973;3,5516128540039062;0,8955767154693604;0,3865894377231598;0,23285634815692902;0,01290398184210062
338;1655,503173828125;703,3214111328125;41519,81640625;18,072723388671875;-15,570464134216309;2,870391368865967;0,9009017944335938;0,38984230160713196;0,23372064530849457;0,013091317377984524
339;1655,503173828125;703,3214111328125;41519,81640625;-1,0821495056152344;-17,830081939697266;3,735799551010132;0,8650524020195007;0,37129825353622437;0,223871111869812;0,012375944294035435
340;1655,503173828125;703,3214111328125;41519,81640625;5,433707237243652;-17,278295516967773;3,6015732288360596;0,8685789704322815;0,3769121468067169;0,22439831495285034;0,01252072025090456
341;1655,503173828125;703,3214111328125;41519,81640625;7,726400375366211;-16,031179428100586;3,027053117752075;0,8806523084640503;0,3845921456813812;0,2271474301815033;0,01285226084291935
342;1655,503173828125;703,3214111328125;41519,81640625;-2,489957332611084;-28,284770965576172;4,473740577697754;0,856212317943573;0,37273970246315;0,22043150663375854;0,012378646060824394
343;1655,503173828125;703,3214111328125;41519,81640625;7,6837944984436035;-19,35160255432129;1,499411702156067;0,8316669464111328;0,3659506142139435;0,21390125155448914;0,011878353543579578
344;1655,503173828125;703,3214111328125;41519,81640625;11,510856628417969;-22,795211791992188;0,8200467824935913;0,8130185604095459;0,34879061579704285;0,20849007368087769;0,011482501402497292
345;1655,503173828125;703,3214111328125;41519,81640625;7,131141662597656;-17,3424129486084;1,933553695678711;0,8045278787612915;0,36287975311279297;0,20676948130130768;0,011344530619680882
346;1655,503173828125;703,3214111328125;41519,81640625;8,44163703918457;-17,633140563964844;0,6505588889122009;0,7772072553634644;0,3462120294570923;0,19938954710960388;0,010775981470942497
347;1655,503173828125;703,3214111328125;41519,81640625;6,53424596786499;-16,922744750976562;2,117274761199951;0,8017842769622803;0,35892802476882935;0,20563904941082;0,011417106725275517
348;1655,503173828125;703,3214111328125;41519,81640625;7,620561122894287;-16,511743545532227;1,5515176057815552;0,7794114947319031;0,3486029803752899;0,19979611039161682;0,010944748297333717
349;1655,503173828125;703,3214111328125;41519,81640625;21,834741592407227;-15,210201263427734;-0,5987581014633179;0,7525889873504639;0,33792489767074585;0,19294925034046173;0,010342682711780071
350;1655,503173828125;703,3214111328125;41519,81640625;4,392067909240723;-15,379704475402832;0,03718887269496918;0,749055027961731;0,34099411964416504;0,1923174262046814;0,010292261838912964
351;1655,503173828125;703,3214111328125;41519,81640625;31,893789291381836;-10,322844505310059;-1,406220555305481;0,7627401947975159;0,34097820520401;0,19551466405391693;0,010704836808145046
352;1655,503173828125;703,3214111328125;41519,81640625;36,04212951660156;-10,644745826721191;-2,260814905166626;0,7453451752662659;0,33204522728919983;0,19106881320476532;0,010323476046323776
353;1655,503173828125;703,3214111328125;41519,81640625;14,994321823120117;-11,197173118591309;-1,3682045936584473;0,7289489507675171;0,3314388394355774;0,18743270635604858;0,009940157644450665
354;1655,503173828125;703,3214111328125;41519,81640625;-18,09033966064453;-14,815857887268066;1,109539270401001;0,7232231497764587;0,322196900844574;0,1856849640607834;0,009855519980192184
355;1655,503173828125;703,3214111328125;41519,81640625;-7,988119125366211;-10,45429801940918;0,6872904300689697;0,7147647738456726;0,32031646370887756;0,1838487982749939;0,009681916795670986
356;1655,503173828125;703,3214111328125;41519,81640625;21,81092643737793;-4,384326934814453;-1,6650586128234863;0,7176847457885742;0,31749799847602844;0,1845402717590332;0,009800735861063004
357;1655,503173828125;703,3214111328125;41519,81640625;11,312104225158691;0,4437238574028015;-1,6844552755355835;0,7282820343971252;0,3243620991706848;0,18770849704742432;0,010120043531060219
358;1655,503173828125;703,3214111328125;41519,81640625;29,15937042236328;3,4863929748535156;-2,5788276195526123;0,7229411005973816;0,3202853798866272;0,18651297688484192;0,010024383664131165
359;1655,503173828125;703,3214111328125;41519,81640625;-10,381454467773438;1,4527274370193481;-0,46111994981765747;0,7288547158241272;0,32627224922180176;0,18866728246212006;0,010189755819737911
360;1655,503173828125;703,3214111328125;41519,81640625;10,892690658569336;18,152116775512695;0,8198678493499756;0,6862787008285522;0,3045975863933563;0,17779625952243805;0,00912030041217804
361;1655,503173828125;703,3214111328125;41519,81640625;2,9863362312316895;15,229726791381836;-0,3341694474220276;0,6897087693214417;0,3055199980735779;0,17902566492557526;0,009245756082236767
362;1655,503173828125;703,3214111328125;41519,81640625;-2,977081060409546;23,367830276489258;1,4004621505737305;0,703138530254364;0,3040570318698883;0,18228691816329956;0,00964283011853695
363;1655,503173828125;703,3214111328125;41519,81640625;11,794058799743652;27,30019760131836;-2,3996384143829346;0,7106682658195496;0,31073543429374695;0,18498913943767548;0,009869735687971115
364;1655,503173828125;703,3214111328125;41519,81640625;-31,169845581054688;28,815593719482422;2,4559226036071777;0,707558274269104;0,30506935715675354;0,18425269424915314;0,009826692752540112
365;1655,503173828125;703,3214111328125;41519,81640625;4,0016045570373535;46,833099365234375;1,1891963481903076;0,7011523246765137;0,2986963391304016;0,18272022902965546;0,009678030386567116
366;1655,503173828125;703,3214111328125;41519,81640625;25,640342712402344;53,37480163574219;-3,3520796298980713;0,7158094644546509;0,30722951889038086;0,18725968897342682;0,01008552499115467
367;1655,503173828125;703,3214111328125;41519,81640625;3,9119272232055664;52,806251525878906;-1,6534292697906494;0,7239442467689514;0,30469104647636414;0,1893116682767868;0,010337374173104763
368;1655,503173828125;703,3214111328125;41519,81640625;1,219869613647461;59,554874420166016;-3,264028549194336;0,7375632524490356;0,3074617385864258;0,19310718774795532;0,010715486481785774
369;1655,503173828125;703,3214111328125;41519,81640625;-26,351926803588867;60,50310134887695;0,4194606840610504;0,7568801045417786;0,31038224697113037;0,19818620383739471;0,011233270168304443
370;1655,503173828125;703,3214111328125;41519,81640625;-21,390464782714844;73,9307861328125;0,15323220193386078;0,7349697947502136;0,30044808983802795;0,19287891685962677;0,010682315565645695
371;1655,503173828125;703,3214111328125;41519,81640625;-46,28475570678711;76,81500244140625;1,4257789850234985;0,7400526404380798;0,29940706491470337;0,1944083571434021;0,01082660723477602
372;1655,503173828125;703,3214111328125;41519,81640625;-13,261202812194824;78,83473205566406;-0,2910442352294922;0,7277745008468628;0,29356083273887634;0,19160720705986023;0,01051683072000742
373;1655,503173828125;703,3214111328125;41519,81640625;-34,36561584472656;93,09739685058594;-1,1235954761505127;0,7579839825630188;0,29927054047584534;0,19935958087444305;0,01129736565053463
374;1655,503173828125;703,3214111328125;41519,81640625;-22,309606552124023;95,29386901855469;-0,10817711800336838;0,7438080906867981;0,2966019809246063;0,1964910328388214;0,010956956073641777
375;1655,503173828125;703,3214111328125;41519,81640625;-26,746753692626953;104,99442291259766;0,7452660202980042;0,7877189517021179;0,3047884404659271;0,2074975073337555;0,012061016634106636
376;1655,503173828125;703,3214111328125;41519,81640625;-14,39696979522705;115,85173797607422;0,610336184501648;0,7549794316291809;0,2929675877094269;0,19946616888046265;0,011242380365729332
377;1655,503173828125;703,3214111328125;41519,81640625;-25,376296997070312;113,31584167480469;-0,8088768124580383;0,7559412717819214;0,2904207110404968;0,19981856644153595;0,011254998855292797
378;1655,503173828125;703,3214111328125;41519,81640625;-31,456768035888672;123,78089904785156;0,46298879384994507;0,7690247893333435;0,29428547620773315;0,20359192788600922;0,011608147993683815
379;1655,503173828125;703,3214111328125;41519,81640625;-11,30691146850586;125,71378326416016;-2,416482925415039;0,7643537521362305;0,29097798466682434;0,2025967836380005;0,011485887691378593
380;1655,503173828125;703,3214111328125;41519,81640625;-34,2840576171875;133,99085998535156;-1,754367709159851;0,7744054794311523;0,2913725972175598;0,205177903175354;0,011722862720489502
381;1655,503173828125;703,3214111328125;41519,81640625;-32,745792388916016;135,70657348632812;-0,7629435062408447;0,7783874869346619;0,2899276614189148;0,20615988969802856;0,011787054128944874
382;1655,503173828125;703,3214111328125;41519,81640625;-35,269962310791016;149,28900146484375;0,6265013217926025;0,8090257048606873;0,30036303400993347;0,21452298760414124;0,012588725425302982
383;1655,503173828125;703,3214111328125;41519,81640625;-16,421184539794922;158,67189025878906;-5,020634651184082;0,8039553761482239;0,2958245575428009;0,21303103864192963;0,012416074983775616
384;1655,503173828125;703,3214111328125;41519,81640625;-1,493630290031433;155,8118133544922;-4,384410858154297;0,7777961492538452;0,28569117188453674;0,20641888678073883;0,01176724024116993
385;1655,503173828125;703,3214111328125;41519,81640625;-35,70362091064453;169,59817504882812;0,5463367104530334;0,8090832829475403;0,29536065459251404;0,2147032469511032;0,012548819184303284
386;1655,503173828125;703,3214111328125;41519,81640625;-27,589696884155273;178,80520629882812;-1,3624751567840576;0,8077492713928223;0,292844295501709;0,21396946907043457;0,012435346841812134
387;1655,503173828125;703,3214111328125;41519,81640625;-25,561830520629883;183,932373046875;-2,9376001358032227;0,8184706568717957;0,2953002452850342;0,21695299446582794;0,012737198732793331
388;1655,503173828125;703,3214111328125;41519,81640625;-31,180259704589844;192,13214111328125;-1,4943444728851318;0,8110834956169128;0,2918536365032196;0,21466489136219025;0,012460575439035892
389;1655,503173828125;703,3214111328125;41519,81640625;-33,370662689208984;205,80792236328125;-2,009760618209839;0,8304142355918884;0,2972993552684784;0,21971052885055542;0,012964003719389439
390;1655,503173828125;703,3214111328125;41519,81640625;-38,25055694580078;216,42648315429688;-2,896268844604492;0,826541006565094;0,2946382462978363;0,21849893033504486;0,012839913368225098
391;1655,503173828125;703,3214111328125;41519,81640625;-57,400089263916016;232,69894409179688;-1,159001111984253;0,8419256806373596;0,29973527789115906;0,22230283915996552;0,013179087080061436
392;1655,503173828125;703,3214111328125;41519,81640625;-50,136863708496094;240,14376831054688;-0,7654193043708801;0,832244873046875;0,294370174407959;0,21949589252471924;0,012921103276312351
393;1655,503173828125;703,3214111328125;41519,81640625;-70,79304504394531;250,2646484375;-3,018934965133667;0,8614067435264587;0,30494198203086853;0,2268621176481247;0,01359645277261734
394;1655,503173828125;703,3214111328125;41519,81640625;-74,90322875976562;258,6751708984375;-1,3271803855895996;0,8383088111877441;0,29489728808403015;0,22042380273342133;0,012995856814086437
395;1655,503173828125;703,3214111328125;41519,81640625;-99,14356231689453;270,2783203125;-0,4576505720615387;0,8480037450790405;0,3009926676750183;0,22266653180122375;0,013141813687980175
396;1655,503173828125;703,3214111328125;41519,81640625;-92,87693786621094;277,6551818847656;-2,192011833190918;0,8544171452522278;0,3021029531955719;0,2239253669977188;0,013277634046971798
397;1655,503173828125;703,3214111328125;41519,81640625;-87,18196105957031;279,4026184082031;-2,6474504470825195;0,8784428834915161;0,30819371342658997;0,22969189286231995;0,013852464035153389
398;1655,503173828125;703,3214111328125;41519,81640625;-103,6612548828125;288,20782470703125;-0,865921676158905;0,8761487603187561;0,3115488588809967;0,22880251705646515;0,013696321286261082
399;1655,503173828125;703,3214111328125;41519,81640625;-111,65817260742188;296,7649841308594;-3,83345890045166;0,8758261203765869;0,3112585246562958;0,228220596909523;0,013641449622809887
400;1655,503173828125;703,3214111328125;41519,81640625;-135,58384704589844;317,3939208984375;-3,798713445663452;0,8937068581581116;0,31605327129364014;0,23226262629032135;0,014052940532565117
401;1655,503173828125;703,3214111328125;41519,81640625;-134,2046356201172;322,5435485839844;-3,138566493988037;0,8889603018760681;0,31136634945869446;0,23028455674648285;0,013904854655265808
402;1655,503173828125;703,3214111328125;41519,81640625;-132,90084838867188;332,8482971191406;-3,30912446975708;0,8864929676055908;0,30808353424072266;0,22889970242977142;0,013800528831779957
403;1655,503173828125;703,3214111328125;41519,81640625;-134,41075134277344;336,62255859375;-6,458374977111816;0,8881639242172241;0,3106682598590851;0,22882503271102905;0,013775793835520744
404;1655,503173828125;703,3214111328125;41519,81640625;-155,69595336914062;351,4211120605469;-4,899044513702393;0,8806908130645752;0,3089416027069092;0,22631937265396118;0,013529705815017223
405;1655,503173828125;703,3214111328125;41519,81640625;-165,3179931640625;362,4219055175781;-5,029851913452148;0,9091413021087646;0,3163788318634033;0,23276612162590027;0,014167457818984985
406;1655,503173828125;703,3214111328125;41519,81640625;-128,3474884033203;367,8599548339844;-6,4128007888793945;0,9162726402282715;0,31972765922546387;0,23395127058029175;0,014274818822741508
407;1655,503173828125;703,3214111328125;41519,81640625;-149,14028930664062;376,19110107421875;-6,477287769317627;0,9042602181434631;0,31597447395324707;0,2302124798297882;0,013924459926784039
408;1655,503173828125;703,3214111328125;41519,81640625;-120,09314727783203;380,0173645019531;-7,357729911804199;0,9023270606994629;0,3209744095802307;0,22947104275226593;0,013785871677100658
409;1655,503173828125;703,3214111328125;41519,81640625;-124,98839569091797;386,40924072265625;-7,854612350463867;0,9200528264045715;0,32198473811149597;0,23281699419021606;0,014170347712934017
410;1655,503173828125;703,3214111328125;41519,81640625;-117,01332092285156;387,2150573730469;-6,111532688140869;0,9325650930404663;0,3304085433483124;0,23559892177581787;0,014390354976058006
411;1655,503173828125;703,3214111328125;41519,81640625;-132,6863250732422;388,8216857910156;-7,0685625076293945;0,93027663230896;0,3243670165538788;0,23383037745952606;0,014278347603976727
412;1655,503173828125;703,3214111328125;41519,81640625;-135,6988983154297;400,7745056152344;-6,413527011871338;0,9359161853790283;0,32700029015541077;0,2345828413963318;0,014342037960886955
413;1655,503173828125;703,3214111328125;41519,81640625;-138,1497802734375;408,98089599609375;-7,898069858551025;0,9251593351364136;0,325156033039093;0,23135720193386078;0,014016756787896156
414;1655,503173828125;703,3214111328125;41519,81640625;-163,157958984375;419,0878601074219;-8,229312896728516;0,9367222189903259;0,3255588412284851;0,23320667445659637;0,014220433309674263
415;1655,503173828125;703,3214111328125;41519,81640625;-152,1383819580078;421,7687072753906;-9,265456199645996;0,938642144203186;0,3254879117012024;0,23293395340442657;0,01419374905526638
416;1655,503173828125;703,3214111328125;41519,81640625;-141,17039489746094;421,4002685546875;-9,49277114868164;0,9214236736297607;0,31823691725730896;0,2278895229101181;0,01372136827558279
417;1655,503173828125;703,3214111328125;41519,81640625;-127,00359344482422;424,1373291015625;-9,965337753295898;0,93299400806427;0,32791587710380554;0,2307167500257492;0,01391517836600542
418;1655,503173828125;703,3214111328125;41519,81640625;-124,01583099365234;421,4359130859375;-9,523941040039062;0,916527509689331;0,31647440791130066;0,22548747062683105;0,013462013565003872
419;1655,503173828125;703,3214111328125;41519,81640625;-145,9608917236328;437,8310546875;-9,606797218322754;0,9385559558868408;0,33102351427078247;0,231111541390419;0,013897789642214775
420;1655,503173828125;703,3214111328125;41519,81640625;-140,58880615234375;435,54522705078125;-10,985058784484863;0,9501360058784485;0,3320170044898987;0,2331269532442093;0,014094645157456398
421;1655,503173828125;703,3214111328125;41519,81640625;-141,71107482910156;435,7829284667969;-10,515376091003418;0,974704921245575;0,3358539938926697;0,23815609514713287;0,014569795690476894
422;1655,503173828125;703,3214111328125;41519,81640625;-159,09521484375;437,6418151855469;-10,867720603942871;0,9355530738830566;0,3147374391555786;0,227328822016716;0,013598641380667686
423;1655,503173828125;703,3214111328125;41519,81640625;-155,03834533691406;432,73895263671875;-10,879014015197754;0,966073751449585;0,33100610971450806;0,23505398631095886;0,014225946739315987
424;1655,503173828125;703,3214111328125;41519,81640625;-157,6371612548828;435,0362548828125;-10,776331901550293;0,9678022861480713;0,33251771330833435;0,23527801036834717;0,014192743226885796
425;1655,503173828125;703,3214111328125;41519,81640625;-167,11683654785156;437,28076171875;-10,037701606750488;0,9695097208023071;0,3313182294368744;0,23524099588394165;0,014154056087136269
426;1655,503173828125;703,3214111328125;41519,81640625;-170,39027404785156;439,6435852050781;-11,07573413848877;0,9565925002098083;0,33371400833129883;0,23276646435260773;0,013797251507639885
427;1655,503173828125;703,3214111328125;41519,81640625;-174,95257568359375;443,6462707519531;-12,432236671447754;0,9968520998954773;0,3466871380805969;0,24232904613018036;0,014620848931372166
428;1655,503173828125;703,3214111328125;41519,81640625;-178,22866821289062;445,15850830078125;-12,569374084472656;0,9596157073974609;0,335295170545578;0,23344923555850983;0,01371762901544571
429;1655,503173828125;703,3214111328125;41519,81640625;-187,56588745117188;451,5617980957031;-12,232416152954102;0,9627946615219116;0,31819671392440796;0,23195360600948334;0,013685689307749271
430;1655,503173828125;703,3214111328125;41519,81640625;-166,70932006835938;449,3479309082031;-12,030608177185059;1,0002409219741821;0,34222736954689026;0,24255318939685822;0,014466212131083012
431;1655,503173828125;703,3214111328125;41519,81640625;-145,7297821044922;446,64874267578125;-12,496594429016113;0,9848812222480774;0,3324882686138153;0,23842297494411469;0,014051566831767559
432;1655,503173828125;703,3214111328125;41519,81640625;-154,6027374267578;451,2452087402344;-10,553986549377441;1,0015897750854492;0,32404935359954834;0,24088528752326965;0,014278740622103214
433;1655,503173828125;703,3214111328125;41519,81640625;-140,86795043945312;448,69415283203125;-12,434487342834473;1,008958101272583;0,3309933841228485;0,24355469644069672;0,014392713084816933
434;1655,503173828125;703,3214111328125;41519,81640625;-143,1081085205078;451,597412109375;-10,125960350036621;1,11086106300354;0,41650691628456116;0,275892049074173;0,016521457582712173
435;1655,503173828125;703,3214111328125;41519,81640625;-128,16798400878906;449,1163330078125;-8,479264259338379;1,0367686748504639;0,34490787982940674;0,25178852677345276;0,014864628203213215
436;1655,503173828125;703,3214111328125;41519,81640625;-114,33430480957031;450,95977783203125;-9,949548721313477;0,9922665357589722;0,33383575081825256;0,24203531444072723;0,013870731927454472
437;1655,503173828125;703,3214111328125;41519,81640625;-109,88072204589844;448,1244201660156;-9,744608879089355;1,0346896648406982;0,3431454002857208;0,2523260712623596;0,014689057134091854
438;1655,503173828125;703,3214111328125;41519,81640625;-142,0789337158203;452,0946044921875;-9,786467552185059;1,0027064085006714;0,3240024745464325;0,24401073157787323;0,013922183774411678
439;1655,503173828125;703,3214111328125;41519,81640625;-134,0288848876953;447,9342346191406;-10,12190055847168;1,0337882041931152;0,34121277928352356;0,2533492147922516;0,014541427604854107
440;1655,503173828125;703,3214111328125;41519,81640625;-118,0141830444336;443,9256896972656;-8,72839069366455;1,024316430091858;0,32864734530448914;0,2505018711090088;0,014242890290915966
441;1655,503173828125;703,3214111328125;41519,81640625;-112,3368911743164;439,4628601074219;-5,8317646980285645;1,0792109966278076;0,3462582528591156;0,26484426856040955;0,015296487137675285
442;1655,503173828125;703,3214111328125;41519,81640625;-123,18999481201172;432,0213928222656;-6,34355354309082;1,0452598333358765;0,3392148017883301;0,2580304741859436;0,014580567367374897
443;1655,503173828125;703,3214111328125;41519,81640625;-136,5806121826172;439,5736999511719;-7,687856197357178;1,055469036102295;0,3382040560245514;0,260942280292511;0,014712920412421227
444;1655,503173828125;703,3214111328125;41519,81640625;-131,47894287109375;437,2979736328125;-7,356612205505371;1,060293197631836;0,3400500416755676;0,2632569670677185;0,014760860241949558
445;1655,503173828125;703,3214111328125;41519,81640625;-111,78153991699219;433,613037109375;-6,594285488128662;1,0749008655548096;0,34430018067359924;0,2679577171802521;0,01500074565410614
446;1655,503173828125;703,3214111328125;41519,81640625;-116,77352905273438;434,0557556152344;-4,660747528076172;1,0586316585540771;0,33807119727134705;0,2649179697036743;0,014622332528233528
447;1655,503173828125;703,3214111328125;41519,81640625;-123,44613647460938;431,60992431640625;-6,6552557945251465;1,0793949365615845;0,35169488191604614;0,2724410891532898;0,01502515934407711
448;1655,503173828125;703,3214111328125;41519,81640625;-104,35041046142578;425,2073059082031;-6,935841083526611;1,0685096979141235;0,33984270691871643;0,2696498930454254;0,014723150990903378
449;1655,503173828125;703,3214111328125;41519,81640625;-94,77892303466797;426,4836730957031;-6,2067179679870605;1,099106788635254;0,35646113753318787;0,2797936499118805;0,015320356003940105
450;1655,503173828125;703,3214111328125;41519,81640625;-127,17040252685547;430,0567321777344;-4,388477802276611;1,0933334827423096;0,35632264614105225;0,27996698021888733;0,015170464292168617
451;1655,503173828125;703,3214111328125;41519,81640625;-126,4265365600586;417,9413146972656;-1,763537883758545;1,0792474746704102;0,3402276635169983;0,27582189440727234;0,014797237701714039
452;1655,503173828125;703,3214111328125;41519,81640625;-127,73265075683594;405,6611633300781;-4,72544002532959;1,1308035850524902;0,3646082580089569;0,29177966713905334;0,015811413526535034
453;1655,503173828125;703,3214111328125;41519,81640625;-106,32604217529297;403,0390930175781;-5,927802562713623;1,1238057613372803;0,344512939453125;0,28840330243110657;0,015519693493843079
454;1655,503173828125;703,3214111328125;41519,81640625;-132,50509643554688;405,0517578125;-4,20412540435791;1,144587755203247;0,3686944246292114;0,2982139587402344;0,01600523106753826
455;1655,503173828125;703,3214111328125;41519,81640625;-87,90541076660156;391,7139587402344;-2,452768087387085;1,1374791860580444;0,36132264137268066;0,29692667722702026;0,015809567645192146
456;1655,503173828125;703,3214111328125;41519,81640625;-99,21480560302734;383,4251708984375;-2,883551836013794;1,1251932382583618;0,3521854877471924;0,2942052185535431;0,015511601231992245
457;1655,503173828125;703,3214111328125;41519,81640625;-115,53882598876953;380,82635498046875;-0,20971406996250153;1,1285862922668457;0,350212961435318;0,2959403395652771;0,015527632087469101
458;1655,503173828125;703,3214111328125;41519,81640625;-97,07990264892578;374,0263977050781;0,9130001664161682;1,1549564599990845;0,3543678820133209;0,30351269245147705;0,015966283157467842
459;1655,503173828125;703,3214111328125;41519,81640625;-78,91433715820312;367,5760192871094;-1,6190224885940552;1,1367138624191284;0,36105185747146606;0,30239567160606384;0,015686767175793648
460;1655,503173828125;703,3214111328125;41519,81640625;-94,98542785644531;363,7195129394531;1,690527319908142;1,17507803440094;0,3659305274486542;0,31257811188697815;0,016344845294952393
461;1655,503173828125;703,3214111328125;41519,81640625;-68,35328674316406;351,361083984375;0,5590136051177979;1,155845284461975;0,3605709969997406;0,30890464782714844;0,01596866548061371
462;1655,503173828125;703,3214111328125;41519,81640625;-83,44204711914062;344,1321716308594;3,550095558166504;1,1752972602844238;0,3759603500366211;0,3173523545265198;0,016373613849282265
463;1655,503173828125;703,3214111328125;41519,81640625;-71,62474060058594;341,8415832519531;0,5515271425247192;1,2160760164260864;0,3753429651260376;0,3267934322357178;0,0170168224722147
464;1655,503173828125;703,3214111328125;41519,81640625;-83,63255310058594;328,7698059082031;1,0417829751968384;1,1952807903289795;0,37867045402526855;0,3245592713356018;0,01670076511800289
465;1655,503173828125;703,3214111328125;41519,81640625;-56,19291687011719;322,2757568359375;2,3392961025238037;1,1743688583374023;0,36599329113960266;0,3186728060245514;0,016251061111688614
466;1655,503173828125;703,3214111328125;41519,81640625;-82,37970733642578;325,9209289550781;2,186283588409424;1,214712142944336;0,379361629486084;0,3309146761894226;0,016993481665849686
467;1655,503173828125;703,3214111328125;41519,81640625;-72,20358276367188;318,8244323730469;10,614458084106445;1,1985090970993042;0,3780767619609833;0,32847535610198975;0,01671605557203293
468;1655,503173828125;703,3214111328125;41519,81640625;-79,48756408691406;305,81036376953125;4,253008842468262;1,2238962650299072;0,3893555700778961;0,33730772137641907;0,01720455475151539
469;1655,503173828125;703,3214111328125;41519,81640625;-48,87382888793945;296,9391784667969;3,4498348236083984;1,2330228090286255;0,3887020945549011;0,3398009240627289;0,017338452860713005
470;1655,503173828125;703,3214111328125;41519,81640625;-52,67448806762695;302,8653869628906;8,383977890014648;1,2008837461471558;0,37778612971305847;0,33151164650917053;0,016730662435293198
471;1655,503173828125;703,3214111328125;41519,81640625;-57,389976501464844;297,3529968261719;8,51756763458252;1,2099233865737915;0,3815363049507141;0,3349681794643402;0,0169020127505064
472;1655,503173828125;703,3214111328125;41519,81640625;-56,00334167480469;290,36114501953125;6,10219144821167;1,2364717721939087;0,3964381217956543;0,3451146185398102;0,01744602434337139
473;1655,503173828125;703,3214111328125;41519,81640625;-52,6208610534668;284,2040100097656;3,899153709411621;1,2312018871307373;0,3966377079486847;0,3449515700340271;0,017359614372253418
474;1655,503173828125;703,3214111328125;41519,81640625;-56,55631637573242;279,98291015625;0,9952957630157471;1,218010425567627;0,3877563774585724;0,3398973047733307;0,017083894461393356
475;1655,503173828125;703,3214111328125;41519,81640625;-74,54289245605469;272,79107666015625;4,67283821105957;1,2404063940048218;0,39379405975341797;0,34582847356796265;0,017468491569161415
476;1655,503173828125;703,3214111328125;41519,81640625;-79,74223327636719;271,8623352050781;3,370488405227661;1,2651699781417847;0,40678006410598755;0,3551778793334961;0,01799885928630829
477;1655,503173828125;703,3214111328125;41519,81640625;-72,42130279541016;268,9345703125;7,059308052062988;1,2309460639953613;0,39317554235458374;0,34389322996139526;0,017306780442595482
478;1655,503173828125;703,3214111328125;41519,81640625;-93,85596466064453;258,45050048828125;9,421945571899414;1,24565589427948;0,4016832113265991;0,34982559084892273;0,017651112750172615
479;1655,503173828125;703,3214111328125;41519,81640625;-75,70854949951172;241,19017028808594;6,5956292152404785;1,2075746059417725;0,3911486268043518;0,3396569490432739;0,016976162791252136
480;1655,503173828125;703,3214111328125;41519,81640625;-102,5189437866211;228,6322021484375;9,707444190979004;1,2527011632919312;0,4077383279800415;0,3529880940914154;0,01783943362534046
481;1655,503173828125;703,3214111328125;41519,81640625;-97,63248443603516;231,0929412841797;6,977889537811279;1,2088171243667603;0,3948459327220917;0,3402954638004303;0,017040999606251717
482;1655,503173828125;703,3214111328125;41519,81640625;-106,50218200683594;226,22628784179688;4,622194766998291;1,1985652446746826;0,3933943510055542;0,33725669980049133;0,016869232058525085
483;1655,503173828125;703,3214111328125;41519,81640625;-118,8649673461914;211,04774475097656;9,714101791381836;1,2114357948303223;0,3997543454170227;0,34128808975219727;0,017146792262792587
484;1655,503173828125;703,3214111328125;41519,81640625;-123,60466766357422;202,49267578125;8,283137321472168;1,2249466180801392;0,40567177534103394;0,3466368317604065;0,017455942928791046
485;1655,503173828125;703,3214111328125;41519,81640625;-68,35580444335938;215,6554412841797;6,765865802764893;1,2218133211135864;0,406899094581604;0,3451462686061859;0,01742708310484886
486;1655,503173828125;703,3214111328125;41519,81640625;-103,6278305053711;186,80377197265625;2,3027069568634033;1,2723479270935059;0,42590761184692383;0,3593204915523529;0,018401101231575012
487;1655,503173828125;703,3214111328125;41519,81640625;-79,38106536865234;198,15155029296875;0,6059190034866333;1,2499897480010986;0,42011797428131104;0,3531319200992584;0,01803206466138363
488;1655,503173828125;703,3214111328125;41519,81640625;-97,65653228759766;179,5574493408203;5,543458938598633;1,2121504545211792;0,40963584184646606;0,34212708473205566;0,017365626990795135
489;1655,503173828125;703,3214111328125;41519,81640625;-116,72908782958984;175,10757446289062;4,315405368804932;1,2204487323760986;0,416385680437088;0,34348195791244507;0,01755785010755062
490;1655,503173828125;703,3214111328125;41519,81640625;-84,77046203613281;173,383056640625;2,8918910026550293;1,1927975416183472;0,40466782450675964;0,33694133162498474;0,017070986330509186
491;1655,503173828125;703,3214111328125;41519,81640625;-105,58971405029297;158,364501953125;5,1341705322265625;1,228964924812317;0,4198055863380432;0,3464348018169403;0,017810150980949402
492;1655,503173828125;703,3214111328125;41519,81640625;-79,58676147460938;160,12213134765625;3,474349021911621;1,2269259691238403;0,4280148148536682;0,3436351418495178;0,01781299151480198
493;1655,503173828125;703,3214111328125;41519,81640625;-104,25775146484375;142,57078552246094;9,699689865112305;1,2251302003860474;0,42649102210998535;0,34342679381370544;0,017844509333372116
494;1655,503173828125;703,3214111328125;41519,81640625;-78,34253692626953;128,71157836914062;1,139946699142456;1,1826534271240234;0,4164845049381256;0,3304806053638458;0,017095312476158142
495;1655,503173828125;703,3214111328125;41519,81640625;-106,50257873535156;118,9864501953125;4,467973232269287;1,1493067741394043;0,409817636013031;0,32010525465011597;0,016507936641573906
496;1655,503173828125;703,3214111328125;41519,81640625;-73,52403259277344;110,07760620117188;5,016136646270752;1,1681907176971436;0,4181220233440399;0,3249138295650482;0,0169280543923378
497;1655,503173828125;703,3214111328125;41519,81640625;-119,06997680664062;94,02799224853516;7,250820159912109;1,1698963642120361;0,422630250453949;0,32452163100242615;0,01701643131673336
498;1655,503173828125;703,3214111328125;41519,81640625;-63,52054214477539;105,32351684570312;4,4025044441223145;1,159815788269043;0,42195719480514526;0,32096970081329346;0,016884146258234978
499;1655,503173828125;703,3214111328125;41519,81640625;-101,28279113769531;88,76214599609375;3,3067009449005127;1,1283029317855835;0,4216454327106476;0,3105018734931946;0,01629725657403469
500;1655,503173828125;703,3214111328125;41519,81640625;-70,46434020996094;87,51847839355469;7,719398021697998;1,1080833673477173;0,4078725278377533;0,30519288778305054;0,01600663550198078
501;1655,503173828125;703,3214111328125;41519,81640625;-24,057809829711914;93,2554931640625;4,249814033508301;1,111484169960022;0,4212873578071594;0,30439263582229614;0,01610426791012287
502;1655,503173828125;703,3214111328125;41519,81640625;-24,036579132080078;79,93278503417969;5,958364486694336;1,130169153213501;0,42250514030456543;0,3094741106033325;0,01656453311443329
503;1655,503173828125;703,3214111328125;41519,81640625;-53,67741012573242;71,52286529541016;7,271028518676758;1,118902325630188;0,4280347228050232;0,30496707558631897;0,01639304868876934
504;1655,503173828125;703,3214111328125;41519,81640625;-69,91748046875;62,700950622558594;5,885920524597168;1,09565269947052;0,4190678894519806;0,297987163066864;0,016018519178032875
505;1655,503173828125;703,3214111328125;41519,81640625;-65,93206787109375;55,20035934448242;4,318124771118164;1,1244298219680786;0,4285118579864502;0,3051787316799164;0,016656391322612762
506;1655,503173828125;703,3214111328125;41519,81640625;-41,435874938964844;51,711910247802734;3,578253746032715;1,0835129022598267;0,42245402932167053;0,29277193546295166;0,015909705311059952
507;1655,503173828125;703,3214111328125;41519,81640625;-54,488887786865234;48,69490051269531;4,496091365814209;1,0611412525177002;0,4171234369277954;0,28581881523132324;0,015533759258687496
508;1655,503173828125;703,3214111328125;41519,81640625;-68,66533660888672;31,434249877929688;4,301116466522217;1,0585755109786987;0,4163181185722351;0,2843588590621948;0,015557430684566498
509;1655,503173828125;703,3214111328125;41519,81640625;-56,691062927246094;36,04075622558594;5,755588531494141;1,0248169898986816;0,41161298751831055;0,27420127391815186;0,014933151192963123
510;1655,503173828125;703,3214111328125;41519,81640625;-36,35177993774414;37,802215576171875;6,624350547790527;1,018241047859192;0,4109697937965393;0,27163437008857727;0,014871759340167046
511;1655,503173828125;703,3214111328125;41519,81640625;-33,47721481323242;38,17025375366211;4,166348934173584;1,0160150527954102;0,4046691060066223;0,2704339623451233;0,014905284158885479
512;1655,503173828125;703,3214111328125;41519,81640625;-25,098155975341797;34,073097229003906;3,096446990966797;0,9649097323417664;0,39581620693206787;0,25582635402679443;0,013911847956478596
513;1655,503173828125;703,3214111328125;41519,81640625;-54,770023345947266;19,863061904907227;3,4221150875091553;1,0165395736694336;0,42184725403785706;0,26868367195129395;0,015032767318189144
514;1655,503173828125;703,3214111328125;41519,81640625;-45,16345977783203;19,90155029296875;2,3050718307495117;0,9793766140937805;0,41358131170272827;0,2580678164958954;0,014315439388155937
515;1655,503173828125;703,3214111328125;41519,81640625;-67,1701431274414;16,309492111206055;2,6165003776550293;0,9491556882858276;0,39339709281921387;0,24950140714645386;0,013794447295367718
516;1655,503173828125;703,3214111328125;41519,81640625;-55,684722900390625;16,458375930786133;4,618067741394043;0,9368349313735962;0,39286866784095764;0,2455713152885437;0,013599390164017677
517;1655,503173828125;703,3214111328125;41519,81640625;-36,685848236083984;22,46603012084961;1,6771736145019531;0,9479246139526367;0,39759644865989685;0,24781997501850128;0,013908207416534424
518;1655,503173828125;703,3214111328125;41519,81640625;-64,67158508300781;9,845651626586914;2,949336528778076;0,9114997982978821;0,3888983130455017;0,23771236836910248;0,013188064098358154
519;1655,503173828125;703,3214111328125;41519,81640625;-77,87398529052734;7,1910786628723145;2,054518222808838;0,8931844830513;0,3774874210357666;0,23232883214950562;0,012861030176281929
520;1655,503173828125;703,3214111328125;41519,81640625;-55,2896842956543;10,235310554504395;3,9925832748413086;0,8994795680046082;0,38807573914527893;0,2335052490234375;0,013059519231319427
521;1655,503173828125;703,3214111328125;41519,81640625;-59,62409591674805;4,610139846801758;2,0323221683502197;0,8998732566833496;0,39521393179893494;0,23322103917598724;0,013106508180499077
522;1655,503173828125;703,3214111328125;41519,81640625;-74,80084228515625;-8,510085105895996;2,5476841926574707;0,8607316613197327;0,3760283291339874;0,222586527466774;0,012332783080637455
523;1655,503173828125;703,3214111328125;41519,81640625;-76,7220458984375;-6,158674240112305;3,3236207962036133;0,8584847450256348;0,37641263008117676;0,2216225564479828;0,012347145937383175
524;1655,503173828125;703,3214111328125;41519,81640625;-45,067909240722656;4,072910785675049;1,0998730659484863;0,8653780817985535;0,37781575322151184;0,22296039760112762;0,01257180143147707
525;1655,503173828125;703,3214111328125;41519,81640625;-9,271952629089355;5,494308948516846;0,496089369058609;0,8323161005973816;0,3716639280319214;0,21437479555606842;0,011860957369208336
526;1655,503173828125;703,3214111328125;41519,81640625;-4,757221698760986;4,535503387451172;0,48850327730178833;0,8385421633720398;0,36975643038749695;0,21552643179893494;0,01208779588341713
527;1655,503173828125;703,3214111328125;41519,81640625;-28,3930606842041;-3,1207637786865234;1,4582444429397583;0,7914819121360779;0,35384276509284973;0,20338281989097595;0,01104352530092001
528;1655,503173828125;703,3214111328125;41519,81640625;-7,4876227378845215;2,919184923171997;0,7570034861564636;0,7709397673606873;0,34878793358802795;0,19809964299201965;0,010597452521324158
529;1655,503173828125;703,3214111328125;41519,81640625;18,40258026123047;4,456627368927002;-1,457198977470398;0,7876237034797668;0,3534800708293915;0,20212016999721527;0,011067178100347519
530;1655,503173828125;703,3214111328125;41519,81640625;31,950313568115234;5,715649604797363;-3,440516233444214;0,7721932530403137;0,34728220105171204;0,19809703528881073;0,010752593167126179
531;1655,503173828125;703,3214111328125;41519,81640625;4,863097190856934;0,06309983879327774;-1,0795077085494995;0,7632248401641846;0,34597986936569214;0,19588857889175415;0,010579186491668224
532;1655,503173828125;703,3214111328125;41519,81640625;35,08857727050781;9,937320709228516;-0,8357599377632141;0,763460099697113;0,335681289434433;0,1953609138727188;0,010646621696650982
533;1655,503173828125;703,3214111328125;41519,81640625;0,6305347084999084;6,014972686767578;0,6419007778167725;0,7505605220794678;0,33915746212005615;0,19260680675506592;0,010379052720963955
534;1655,503173828125;703,3214111328125;41519,81640625;-7,7908244132995605;2,1975619792938232;-1,0570893287658691;0,7591091990470886;0,3370837867259979;0,19451048970222473;0,010653040371835232
535;1655,503173828125;703,3214111328125;41519,81640625;-7,281243324279785;3,4621448516845703;1,2666938304901123;0,7478367686271667;0,3366183936595917;0,19201619923114777;0,01041354425251484
536;1655,503173828125;703,3214111328125;41519,81640625;1,097639799118042;8,38849925994873;0,3597263693809509;0,73797607421875;0,32900890707969666;0,1894245445728302;0,010218966752290726
537;1655,503173828125;703,3214111328125;41519,81640625;7,722033977508545;1,3296035528182983;0,8419806361198425;0,720436155796051;0,3230487108230591;0,1852370947599411;0,009812821634113789
538;1655,503173828125;703,3214111328125;41519,81640625;-7,147954940795898;6,562370300292969;0,7829674482345581;0,6999047994613647;0,3187936544418335;0,18054300546646118;0,009299032390117645
539;1655,503173828125;703,3214111328125;41519,81640625;13,385894775390625;8,640872955322266;-0,6274425387382507;0,7190278172492981;0,32019734382629395;0,18519645929336548;0,009864519350230694
540;1655,503173828125;703,3214111328125;41519,81640625;-11,305506706237793;13,454792976379395;0,39018121361732483;0,7056834101676941;0,3112548589706421;0,1818155199289322;0,00954908411949873
541;1655,503173828125;703,3214111328125;41519,81640625;-20,47763442993164;8,041581153869629;2,136472463607788;0,6905832290649414;0,3043980896472931;0,17821775376796722;0,009177589789032936
542;1655,503173828125;703,3214111328125;41519,81640625;10,80140209197998;15,0930757522583;1,5534743070602417;0,6944090127944946;0,30828627943992615;0,1797289252281189;0,009325896389782429
543;1655,503173828125;703,3214111328125;41519,81640625;4,044421672821045;22,593917846679688;-0,4455663859844208;0,7160342931747437;0,31280314922332764;0,18528211116790771;0,009941057302057743
544;1655,503173828125;703,3214111328125;41519,81640625;3,9530537128448486;28,061420440673828;0,9198734760284424;0,7178369164466858;0,30967605113983154;0,18581756949424744;0,01001871656626463
545;1655,503173828125;703,3214111328125;41519,81640625;-4,998779773712158;31,784555435180664;1,369188666343689;0,721265971660614;0,3135053217411041;0,1873392015695572;0,010143022984266281
546;1655,503173828125;703,3214111328125;41519,81640625;-0,17262674868106842;35,18914794921875;-1,7754063606262207;0,7085370421409607;0,3083885908126831;0,1845186948776245;0,009831186383962631
547;1655,503173828125;703,3214111328125;41519,81640625;15,676851272583008;40,888954162597656;-1,225917935371399;0,7088314294815063;0,30656853318214417;0,18488505482673645;0,009867467917501926
548;1655,503173828125;703,3214111328125;41519,81640625;4,835582256317139;50,229774475097656;-2,0889220237731934;0,7222205996513367;0,30569571256637573;0,18823470175266266;0,01025465689599514
549;1655,503173828125;703,3214111328125;41519,81640625;-6,563512325286865;52,42741394042969;-2,178879499435425;0,7020072340965271;0,3031064569950104;0,18403837084770203;0,009710275568068027
550;1655,503173828125;703,3214111328125;41519,81640625;-16,635021209716797;57,916751861572266;0,7278468012809753;0,7293902039527893;0,3037821054458618;0,190629243850708;0,0104885408654809
551;1655,503173828125;703,3214111328125;41519,81640625;-22,925390243530273;67,84138488769531;0,7436102032661438;0,7151075005531311;0,2975039780139923;0,18737022578716278;0,010131015442311764
552;1655,503173828125;703,3214111328125;41519,81640625;-22,52045440673828;65,15919494628906;2,2177107334136963;0,7184782028198242;0,29459184408187866;0,1883198469877243;0,010228605940937996
553;1655,503173828125;703,3214111328125;41519,81640625;-23,285083770751953;75,23807525634766;1,4358184337615967;0,740751326084137;0,30267173051834106;0,19457398355007172;0,010840321891009808
554;1655,503173828125;703,3214111328125;41519,81640625;-20,162307739257812;86,52140045166016;-0,810070812702179;0,7436520457267761;0,29845669865608215;0,19527943432331085;0,010915824212133884
555;1655,503173828125;703,3214111328125;41519,81640625;-13,374610900878906;93,11481475830078;-3,0257115364074707;0,7444940805435181;0,2997192442417145;0,19612398743629456;0,010961951687932014
556;1655,503173828125;703,3214111328125;41519,81640625;-34,48527145385742;101,51404571533203;1,7769229412078857;0,7376051545143127;0,2947688698768616;0,19457875192165375;0,010790095664560795
557;1655,503173828125;703,3214111328125;41519,81640625;-10,560575485229492;109,17301177978516;-3,6198177337646484;0,7484564185142517;0,2939874529838562;0,19734710454940796;0,01106566283851862
558;1655,503173828125;703,3214111328125;41519,81640625;-26,579830169677734;117,42227172851562;-1,1912291049957275;0,7661582231521606;0,29735270142555237;0,2020816206932068;0,011520524509251118
559;1655,503173828125;703,3214111328125;41519,81640625;-29,07123565673828;123,15741729736328;-1,6504056453704834;0,7652238011360168;0,2935442626476288;0,2018800973892212;0,011471433565020561
560;1655,503173828125;703,3214111328125;41519,81640625;-48,495426177978516;129,3072967529297;-2,372234582901001;0,7686644792556763;0,2969602346420288;0,2035410851240158;0,011607467196881771
561;1655,503173828125;703,3214111328125;41519,81640625;-17,13385772705078;143,65023803710938;-2,6080923080444336;0,7804116010665894;0,2977820038795471;0,2066125124692917;0,011899805627763271
562;1655,503173828125;703,3214111328125;41519,81640625;-38,27757263183594;145,69793701171875;-0,5035380721092224;0,7656763792037964;0,2896393835544586;0,2027871012687683;0,011502972804009914
563;1655,503173828125;703,3214111328125;41519,81640625;-32,7102165222168;156,9934844970703;-1,6565701961517334;0,7705253958702087;0,290141224861145;0,20429764688014984;0,011632169596850872
564;1655,503173828125;703,3214111328125;41519,81640625;-38,925506591796875;161,0843505859375;-1,2664737701416016;0,7818005084991455;0,291705846786499;0,20725512504577637;0,01190220657736063
565;1655,503173828125;703,3214111328125;41519,81640625;-37,317317962646484;163,60499572753906;-0,340951532125473;0,7999480366706848;0,29654061794281006;0,21212232112884521;0,012355801649391651
566;1655,503173828125;703,3214111328125;41519,81640625;-46,4899787902832;173,2287139892578;-1,0994465351104736;0,7975443601608276;0,29378023743629456;0,211501345038414;0,012275745160877705
567;1655,503173828125;703,3214111328125;41519,81640625;-39,32393264770508;190,4032745361328;-0,2798413038253784;0,7827199697494507;0,28688690066337585;0,20764388144016266;0,011883093044161797
568;1655,503173828125;703,3214111328125;41519,81640625;-14,954547882080078;189,2930908203125;-0,6792335510253906;0,8043203353881836;0,2927304208278656;0,2131481021642685;0,012383387424051762
569;1655,503173828125;703,3214111328125;41519,81640625;-24,173593521118164;194,55892944335938;-2,742929458618164;0,8130743503570557;0,2946004569530487;0,21545185148715973;0,01259551104158163
570;1655,503173828125;703,3214111328125;41519,81640625;-55,89393997192383;203,853271484375;-0,3073076009750366;0,8145279884338379;0,2937614321708679;0,21579903364181519;0,012620633468031883
571;1655,503173828125;703,3214111328125;41519,81640625;-55,14503860473633;218,51480102539062;-2,1909563541412354;0,7926356792449951;0,2845413088798523;0,20988266170024872;0,012029032222926617
572;1655,503173828125;703,3214111328125;41519,81640625;-63,19529342651367;225,4519500732422;-2,710859537124634;0,8183236122131348;0,2930205166339874;0,2164541482925415;0,012638931162655354
573;1655,503173828125;703,3214111328125;41519,81640625;-67,55170440673828;223,9393768310547;-2,5256664752960205;0,8321037292480469;0,29775503277778625;0,21985620260238647;0,01292287278920412
574;1655,503173828125;703,3214111328125;41519,81640625;-77,63420104980469;237,03848266601562;-0,10108180344104767;0,8233433961868286;0,2920741140842438;0,2173895239830017;0,012726969085633755
575;1655,503173828125;703,3214111328125;41519,81640625;-65,2105941772461;240,9200897216797;0,18755881488323212;0,8340049386024475;0,29625892639160156;0,2199070006608963;0,012930686585605145
576;1655,503173828125;703,3214111328125;41519,81640625;-91,57560729980469;255,8776092529297;-3,2532126903533936;0,8263039588928223;0,29202839732170105;0,21757368743419647;0,012713856995105743
577;1655,503173828125;703,3214111328125;41519,81640625;-102,02430725097656;272,09722900390625;-1,9875456094741821;0,8290225863456726;0,2911902666091919;0,2179267555475235;0,01275971345603466
578;1655,503173828125;703,3214111328125;41519,81640625;-104,73076629638672;276,7199401855469;-1,8686442375183105;0,860129714012146;0,30459973216056824;0,2257879227399826;0,013457474298775196
579;1655,503173828125;703,3214111328125;41519,81640625;-93,8692398071289;281,7386474609375;-2,536281108856201;0,8406047224998474;0,29619476199150085;0,22022902965545654;0,01293772179633379
580;1655,503173828125;703,3214111328125;41519,81640625;-129,669189453125;296,4333801269531;-1,7318412065505981;0,8568315505981445;0,3005230724811554;0,2239953726530075;0,013314083218574524
581;1655,503173828125;703,3214111328125;41519,81640625;-114,74669647216797;305,05126953125;-4,546177387237549;0,8645561337471008;0,30463698506355286;0,22560256719589233;0,013439609669148922
582;1655,503173828125;703,3214111328125;41519,81640625;-122,98271942138672;306,9976501464844;-4,592527389526367;0,8697396516799927;0,309603214263916;0,22661934792995453;0,013472612015902996
583;1655,503173828125;703,3214111328125;41519,81640625;-126,4018325805664;315,820068359375;-3,0915653705596924;0,8655896782875061;0,3056311011314392;0,224887877702713;0,013352594338357449
584;1655,503173828125;703,3214111328125;41519,81640625;-127,51361846923828;318,128173828125;-4,884189128875732;0,8888666033744812;0,3113613724708557;0,23022082448005676;0,013894805684685707
585;1655,503173828125;703,3214111328125;41519,81640625;-117,1239013671875;326,5310363769531;-5,115870952606201;0,8797094225883484;0,31355199217796326;0,22759811580181122;0,01356177031993866
586;1655,503173828125;703,3214111328125;41519,81640625;-149,20330810546875;341,1652526855469;-3,541239023208618;0,8743506073951721;0,30233603715896606;0,22499980032444;0,013443410396575928
587;1655,503173828125;703,3214111328125;41519,81640625;-131,94879150390625;354,61114501953125;-4,7300124168396;0,9019443988800049;0,3147997558116913;0,23163574934005737;0,014044537208974361
588;1655,503173828125;703,3214111328125;41519,81640625;-140,62403869628906;360,4742431640625;-7,002579689025879;0,8992711305618286;0,3162393569946289;0,23045001924037933;0,013910826295614243
589;1655,503173828125;703,3214111328125;41519,81640625;-65,4613037109375;349,4770202636719;-7,665902137756348;0,8663392663002014;0,3022122085094452;0,22117196023464203;0,013053658418357372
590;1655,503173828125;703,3214111328125;41519,81640625;-99,32776641845703;357,8817443847656;-8,005375862121582;0,8926643133163452;0,3178521692752838;0,22770777344703674;0,013598756864666939
591;1655,503173828125;703,3214111328125;41519,81640625;-149,1325225830078;381,4769592285156;-4,265047073364258;0,8934915661811829;0,313169002532959;0,22683371603488922;0,013589420355856419
592;1655,503173828125;703,3214111328125;41519,81640625;-129,096923828125;389,2076416015625;-7,304858207702637;0,8991112112998962;0,3122209906578064;0,22730718553066254;0,013667935505509377
593;1655,503173828125;703,3214111328125;41519,81640625;-111,33951568603516;392,2893371582031;-5,5760602951049805;0,9196439385414124;0,32114559412002563;0,23192599415779114;0,014088068157434464
594;1655,503173828125;703,3214111328125;41519,81640625;-110,27204895019531;396,9764099121094;-6,947921276092529;0,9245081543922424;0,3219118118286133;0,23234499990940094;0,014135955832898617
595;1655,503173828125;703,3214111328125;41519,81640625;-113,29963684082031;407,9157409667969;-7,067138195037842;0,9242103695869446;0,3255876302719116;0,2318977564573288;0,01405385322868824
596;1655,503173828125;703,3214111328125;41519,81640625;-107,58514404296875;411,8476867675781;-8,784040451049805;0,91680908203125;0,32201486825942993;0,22926054894924164;0,013811776414513588
597;1655,503173828125;703,3214111328125;41519,81640625;-99,02989959716797;410,7184143066406;-7,887762546539307;0,9480640292167664;0,32480984926223755;0,23559707403182983;0,014466939494013786
598;1655,503173828125;703,3214111328125;41519,81640625;-104,5675048828125;418,058837890625;-9,434463500976562;0,9132668375968933;0,31592753529548645;0,22657586634159088;0,013594443909823895
599;1655,503173828125;703,3214111328125;41519,81640625;-113,48812103271484;421,4604797363281;-8,656553268432617;0,9330129027366638;0,3200182616710663;0,23055119812488556;0,013981537893414497
600;1655,503173828125;703,3214111328125;41519,81640625;-120,4639892578125;429,4228820800781;-10,528958320617676;0,9359612464904785;0,3278742730617523;0,2313508540391922;0,013978879898786545
601;1655,503173828125;703,3214111328125;41519,81640625;-109,06503295898438;426,364013671875;-10,287300109863281;0,9377930760383606;0,3273005187511444;0,23109838366508484;0,013950156979262829
602;1655,503173828125;703,3214111328125;41519,81640625;-119,0581283569336;433,0846252441406;-11,02607536315918;0,9140525460243225;0,31337499618530273;0,22411642968654633;0,013325386680662632
603;1655,503173828125;703,3214111328125;41519,81640625;-141,52906799316406;442,582275390625;-11,048320770263672;0,9299795627593994;0,32298046350479126;0,22796858847141266;0,013624120503664017
604;1655,503173828125;703,3214111328125;41519,81640625;-139,03489685058594;444,844970703125;-9,795767784118652;0,9419744610786438;0,32467877864837646;0,23017995059490204;0,013827946037054062
605;1655,503173828125;703,3214111328125;41519,81640625;-120,29637145996094;443,6737365722656;-11,116783142089844;0,9370421171188354;0,3242480456829071;0,22870907187461853;0,013641885481774807
606;1655,503173828125;703,3214111328125;41519,81640625;-120,64167022705078;442,62237548828125;-11,893546104431152;0,9687367677688599;0,33495843410491943;0,23605084419250488;0,014287441037595272
607;1655,503173828125;703,3214111328125;41519,81640625;-131,6400146484375;444,9479675292969;-11,784988403320312;0,9594720005989075;0,3286013901233673;0,23311756551265717;0,01400088518857956
608;1655,503173828125;703,3214111328125;41519,81640625;-156,6156005859375;453,0043029785156;-9,683182716369629;0,9439792037010193;0,31760555505752563;0,2284376621246338;0,01356893964111805
609;1655,503173828125;703,3214111328125;41519,81640625;-150,0113983154297;453,2485046386719;-12,69843578338623;0,9513155817985535;0,31517016887664795;0,22943724691867828;0,013645571656525135
610;1655,503173828125;703,3214111328125;41519,81640625;-156,410888671875;452,4422607421875;-8,243108749389648;0,967799961566925;0,3179318904876709;0,2329464852809906;0,013923924416303635
611;1655,503173828125;703,3214111328125;41519,81640625;-132,6918487548828;442,68603515625;-11,329849243164062;0,9627607464790344;0,31960734724998474;0,2320656031370163;0,013759579509496689
612;1655,503173828125;703,3214111328125;41519,81640625;-125,91744995117188;441,3754577636719;-12,262815475463867;0,9835131168365479;0,32137438654899597;0,23643682897090912;0,014116405509412289
613;1655,503173828125;703,3214111328125;41519,81640625;-159,3963623046875;449,4587707519531;-12,37185001373291;0,9768433570861816;0,33337166905403137;0,2367001622915268;0,0139547660946846
614;1655,503173828125;703,3214111328125;41519,81640625;-141,8640899658203;447,5136413574219;-13,497035026550293;0,961072564125061;0,32653453946113586;0,23285071551799774;0,013533619232475758
615;1655,503173828125;703,3214111328125;41519,81640625;-122,32079315185547;440,9336242675781;-11,223542213439941;0,9818921685218811;0,32207247614860535;0,2366197258234024;0,013885729014873505
616;1655,503173828125;703,3214111328125;41519,81640625;-122,94864654541016;444,3782043457031;-10,394455909729004;1,0046159029006958;0,33509695529937744;0,2431245744228363;0,014327230863273144
617;1655,503173828125;703,3214111328125;41519,81640625;-126,21025085449219;444,5160217285156;-12,082893371582031;1,028680443763733;0,3553793132305145;0,2510123550891876;0,014805241487920284
618;1655,503173828125;703,3214111328125;41519,81640625;-98,8296127319336;430,96337890625;-9,74325180053711;1,0190638303756714;0,339391827583313;0,2474004626274109;0,014499294571578503
619;1655,503173828125;703,3214111328125;41519,81640625;-118,90796661376953;443,7767028808594;-12,134632110595703;1,0555177927017212;0,34759682416915894;0,25626665353775024;0,015173666179180145
620;1655,503173828125;703,3214111328125;41519,81640625;-114,85879516601562;438,534423828125;-9,539789199829102;0,986976146697998;0,32588332891464233;0,24032406508922577;0,013681131415069103
621;1655,503173828125;703,3214111328125;41519,81640625;-117,57994842529297;446,0195007324219;-8,684454917907715;1,0275646448135376;0,3316252827644348;0,24981646239757538;0,014439377002418041
622;1655,503173828125;703,3214111328125;41519,81640625;-121,31993865966797;442,7770080566406;-9,978348731994629;1,00241219997406;0,33165866136550903;0,2455735057592392;0,01389063335955143
623;1655,503173828125;703,3214111328125;41519,81640625;-96,31641387939453;431,46044921875;-9,25993537902832;1,0224488973617554;0,3340717554092407;0,25068363547325134;0,014237075112760067
624;1655,503173828125;703,3214111328125;41519,81640625;-104,49404907226562;435,0452575683594;-5,112448215484619;1,0375690460205078;0,3467054069042206;0,2563951015472412;0,014519128948450089
625;1655,503173828125;703,3214111328125;41519,81640625;-98,10690307617188;437,5472717285156;-8,762772560119629;1,0670312643051147;0,34017306566238403;0,26224902272224426;0,014989234507083893
626;1655,503173828125;703,3214111328125;41519,81640625;-92,9661636352539;429,2104187011719;-7,153972148895264;1,0468263626098633;0,3255647122859955;0,2570868730545044;0,014476724900305271
627;1655,503173828125;703,3214111328125;41519,81640625;-79,66893005371094;429,8815612792969;-8,445368766784668;1,0587706565856934;0,350290447473526;0,2641918361186981;0,014780037105083466
628;1655,503173828125;703,3214111328125;41519,81640625;-126,96282958984375;443,4968566894531;-9,318821907043457;1,0598939657211304;0,3439147472381592;0,26456862688064575;0,014726179651916027
629;1655,503173828125;703,3214111328125;41519,81640625;-113,04409790039062;435,3760986328125;-9,582955360412598;1,0579633712768555;0,34099191427230835;0,26489487290382385;0,014628257602453232
630;1655,503173828125;703,3214111328125;41519,81640625;-119,37443542480469;433,4575500488281;-5,965621471405029;1,0627726316452026;0,35240036249160767;0,26885032653808594;0,014711590483784676
631;1655,503173828125;703,3214111328125;41519,81640625;-107,73759460449219;433,2243347167969;-10,865506172180176;1,079974889755249;0,34814873337745667;0,27289488911628723;0,014978309161961079
632;1655,503173828125;703,3214111328125;41519,81640625;-89,66544342041016;426,7349853515625;-2,6757469177246094;1,0876951217651367;0,36037424206733704;0,2777182459831238;0,015120607800781727
633;1655,503173828125;703,3214111328125;41519,81640625;-96,04196166992188;416,7392578125;-2,2418034076690674;1,1355098485946655;0,35740843415260315;0,28827351331710815;0,01592678390443325
634;1655,503173828125;703,3214111328125;41519,81640625;-77,19649505615234;417,27191162109375;-4,48506498336792;1,1291550397872925;0,3663753271102905;0,2898457944393158;0,015830619260668755
635;1655,503173828125;703,3214111328125;41519,81640625;-105,0745620727539;414,583740234375;-3,8807058334350586;1,142706036567688;0,3634830117225647;0,293547660112381;0,01601540856063366
636;1655,503173828125;703,3214111328125;41519,81640625;-84,48367309570312;406,39349365234375;-5,150000095367432;1,093306064605713;0,34947752952575684;0,28252342343330383;0,015029331669211388
637;1655,503173828125;703,3214111328125;41519,81640625;-103,62749481201172;414,3627624511719;-7,439853668212891;1,1358317136764526;0,36229413747787476;0,2948210835456848;0,015819700434803963
638;1655,503173828125;703,3214111328125;41519,81640625;-92,59762573242188;412,09814453125;-5,102132320404053;1,1365219354629517;0,3617352843284607;0,29630717635154724;0,015796054154634476
639;1655,503173828125;703,3214111328125;41519,81640625;-75,66102600097656;399,051513671875;-3,14927077293396;1,094085693359375;0,3484989404678345;0,2866783142089844;0,014941689558327198
640;1655,503173828125;703,3214111328125;41519,81640625;-84,5488052368164;394,69525146484375;-3,3992760181427;1,1531553268432617;0,36769357323646545;0,30367743968963623;0,016059819608926773
641;1655,503173828125;703,3214111328125;41519,81640625;-84,47281646728516;402,1635437011719;-0,7945308685302734;1,1502606868743896;0,35762807726860046;0,30265650153160095;0,015918830409646034
642;1655,503173828125;703,3214111328125;41519,81640625;-74,21660614013672;385,5805358886719;-2,72159743309021;1,1800203323364258;0,3673008680343628;0,3119829595088959;0,016457505524158478
643;1655,503173828125;703,3214111328125;41519,81640625;-83,03666687011719;382,4637145996094;-1,7513636350631714;1,196373462677002;0,36479082703590393;0,31626173853874207;0,016665568575263023
644;1655,503173828125;703,3214111328125;41519,81640625;-57,864986419677734;369,6957702636719;0,5028683543205261;1,1758047342300415;0,365604430437088;0,3135395646095276;0,016334054991602898
645;1655,503173828125;703,3214111328125;41519,81640625;-108,38961029052734;368,9920654296875;-2,3652756214141846;1,1872040033340454;0,37491559982299805;0,31909337639808655;0,016573218628764153
646;1655,503173828125;703,3214111328125;41519,81640625;-76,91358184814453;363,25616455078125;-0,5684027671813965;1,198089599609375;0,37156715989112854;0,3219086229801178;0,016704969108104706
647;1655,503173828125;703,3214111328125;41519,81640625;-78,26090240478516;357,07232666015625;-1,9203606843948364;1,1979994773864746;0,38005149364471436;0,3249833285808563;0,016756081953644753
648;1655,503173828125;703,3214111328125;41519,81640625;-69,27584075927734;358,02154541015625;1,4835138320922852;1,1953346729278564;0,37798401713371277;0,3252141773700714;0,016684137284755707
649;1655,503173828125;703,3214111328125;41519,81640625;-61,578704833984375;333,82989501953125;6,09783935546875;1,2683693170547485;0,39588233828544617;0,3450862467288971;0,017971379682421684
650;1655,503173828125;703,3214111328125;41519,81640625;-126,4080581665039;329,7840881347656;4,67185115814209;1,2370930910110474;0,3833306133747101;0,3369779884815216;0,017358839511871338
651;1655,503173828125;703,3214111328125;41519,81640625;-87,7145767211914;328,74066162109375;1,5596287250518799;1,1998507976531982;0,3736504316329956;0,3282496929168701;0,01668797805905342
652;1655,503173828125;703,3214111328125;41519,81640625;-99,45880126953125;327,4483642578125;1,4735262393951416;1,223312497138977;0,3869204521179199;0,33717048168182373;0,017171109095215797
653;1655,503173828125;703,3214111328125;41519,81640625;-98,40341186523438;316,2601318359375;0,21858763694763184;1,1895426511764526;0,3688744604587555;0,32658547163009644;0,01645672135055065
654;1655,503173828125;703,3214111328125;41519,81640625;-105,2416763305664;286,39404296875;0,448930025100708;1,2214266061782837;0,38635313510894775;0,3382827341556549;0,017127782106399536
655;1655,503173828125;703,3214111328125;41519,81640625;-123,35253143310547;282,40484619140625;10,025213241577148;1,2500600814819336;0,3978758752346039;0,3476891815662384;0,017673175781965256
656;1655,503173828125;703,3214111328125;41519,81640625;-88,80423736572266;273,1942138671875;3,368013620376587;1,2023524045944214;0,38581326603889465;0,3361016511917114;0,016810845583677292
657;1655,503173828125;703,3214111328125;41519,81640625;-87,27371978759766;273,9635009765625;6,7503581047058105;1,2510707378387451;0,3990814983844757;0,3493245244026184;0,017699262127280235
658;1655,503173828125;703,3214111328125;41519,81640625;-68,18098449707031;269,0784912109375;4,271583080291748;1,22312331199646;0,3875814378261566;0,3406762480735779;0,017142340540885925
659;1655,503173828125;703,3214111328125;41519,81640625;-66,4749755859375;265,7798156738281;4,081421375274658;1,242374300956726;0,3975125849246979;0,3478088974952698;0,017551850527524948
660;1655,503173828125;703,3214111328125;41519,81640625;-65,8950424194336;245,29193115234375;1,8506639003753662;1,2026575803756714;0,3873613774776459;0,33794260025024414;0,016851797699928284
661;1655,503173828125;703,3214111328125;41519,81640625;-82,10702514648438;241,38771057128906;3,374329090118408;1,226340413093567;0,3936583995819092;0,3433961570262909;0,0172575730830431
662;1655,503173828125;703,3214111328125;41519,81640625;-113,20540618896484;232,2693634033203;7,4223127365112305;1,2491238117218018;0,4050135910511017;0,3520081043243408;0,017751730978488922
663;1655,503173828125;703,3214111328125;41519,81640625;-87,34640502929688;230,01321411132812;5,104245185852051;1,2001457214355469;0,38977718353271484;0,3377457559108734;0,016850784420967102
664;1655,503173828125;703,3214111328125;41519,81640625;-80,76282501220703;221,643798828125;5,685143947601318;1,2604129314422607;0,4125608503818512;0,35724711418151855;0,018019385635852814
665;1655,503173828125;703,3214111328125;41519,81640625;-75,09608459472656;227,71841430664062;9,506278991699219;1,2541205883026123;0,41098594665527344;0,35329487919807434;0,017894960939884186
666;1655,503173828125;703,3214111328125;41519,81640625;-73,627685546875;213,48345947265625;5,366569995880127;1,2307167053222656;0,40530648827552795;0,34805163741111755;0,017519043758511543
667;1655,503173828125;703,3214111328125;41519,81640625;-130,67587280273438;200,66021728515625;6,441344261169434;1,2466416358947754;0,41268688440322876;0,3515835702419281;0,01782730221748352
668;1655,503173828125;703,3214111328125;41519,81640625;-73,6717300415039;216,89097595214844;4,600762844085693;1,2243953943252563;0,40702447295188904;0,3459188938140869;0,017463192343711853
669;1655,503173828125;703,3214111328125;41519,81640625;-78,95233917236328;193,3495330810547;6,476066589355469;1,2564772367477417;0,4206621050834656;0,35410916805267334;0,0180748850107193
670;1655,503173828125;703,3214111328125;41519,81640625;-87,81652069091797;182,0715789794922;9,225028991699219;1,2359191179275513;0,41582921147346497;0,3484308123588562;0,01774292066693306
671;1655,503173828125;703,3214111328125;41519,81640625;-92,47714233398438;178,11746215820312;6,581267833709717;1,2074693441390991;0,410473108291626;0,33924075961112976;0,017226364463567734
672;1655,503173828125;703,3214111328125;41519,81640625;-100,5765380859375;174,14324951171875;4,917873382568359;1,2165899276733398;0,41299208998680115;0,34301066398620605;0,017475519329309464
673;1655,503173828125;703,3214111328125;41519,81640625;-98,68616485595703;165,14683532714844;1,8648449182510376;1,2118065357208252;0,4143403172492981;0,34109675884246826;0,017430689185857773
674;1655,503173828125;703,3214111328125;41519,81640625;-68,8883056640625;173,2992401123047;1,879705786705017;1,220146656036377;0,4215010702610016;0,3424901068210602;0,017623456194996834
675;1655,503173828125;703,3214111328125;41519,81640625;-84,54199981689453;166,1663360595703;5,83491325378418;1,1865501403808594;0,4123193025588989;0,33269792795181274;0,017045849934220314
676;1655,503173828125;703,3214111328125;41519,81640625;-83,31613159179688;161,6087646484375;5,830277919769287;1,21434485912323;0,4201970398426056;0,34104394912719727;0,017624247819185257
677;1655,503173828125;703,3214111328125;41519,81640625;-88,45130157470703;147,48681640625;3,0336697101593018;1,2083256244659424;0,42920783162117004;0,3369620740413666;0,0175325870513916
678;1655,503173828125;703,3214111328125;41519,81640625;-75,9074935913086;141,17616271972656;1,9517802000045776;1,2029917240142822;0,4268714487552643;0,33554330468177795;0,017513854429125786
679;1655,503173828125;703,3214111328125;41519,81640625;-54,07899856567383;142,2301025390625;5,799106121063232;1,1699198484420776;0,4179289937019348;0,3256728947162628;0,01694404147565365
680;1655,503173828125;703,3214111328125;41519,81640625;-111,20548248291016;121,41077423095703;7,071832180023193;1,1328765153884888;0,40860602259635925;0,3145277500152588;0,016290796920657158
681;1655,503173828125;703,3214111328125;41519,81640625;-63,59539031982422;126,80143737792969;6,490658760070801;1,138683795928955;0,41651612520217896;0,3150106370449066;0,016449781134724617
682;1655,503173828125;703,3214111328125;41519,81640625;-80,4345932006836;120,3736572265625;7,137853145599365;1,127017617225647;0,41515251994132996;0,3110644817352295;0,016287079080939293
683;1655,503173828125;703,3214111328125;41519,81640625;-73,48336029052734;110,2268295288086;4,779847145080566;1,1185894012451172;0,4171085059642792;0,30774566531181335;0,01617785356938839
684;1655,503173828125;703,3214111328125;41519,81640625;-64,6043472290039;108,2426528930664;7,424753665924072;1,1232435703277588;0,4194466471672058;0,30847880244255066;0,01634121686220169
685;1655,503173828125;703,3214111328125;41519,81640625;-56,03388214111328;103,09349060058594;2,3671185970306396;1,1108628511428833;0,4218416213989258;0,30388206243515015;0,016147786751389503
686;1655,503173828125;703,3214111328125;41519,81640625;-93,80322265625;83,48482513427734;2,4788520336151123;1,0981413125991821;0,41184577345848083;0,300246924161911;0,01598650962114334
687;1655,503173828125;703,3214111328125;41519,81640625;-114,40493774414062;67,43202209472656;7,560830593109131;1,1172012090682983;0,4289701282978058;0,30403220653533936;0,016411608085036278
688;1655,503173828125;703,3214111328125;41519,81640625;-77,30445098876953;70,34830474853516;7,224873065948486;1,0804492235183716;0,4141826927661896;0,29339882731437683;0,015769053250551224
689;1655,503173828125;703,3214111328125;41519,81640625;-101,11508178710938;45,470069885253906;4,157932758331299;1,082927942276001;0,4181465804576874;0,29316484928131104;0,01588735170662403
690;1655,503173828125;703,3214111328125;41519,81640625;-101,62773895263672;48,96534729003906;9,72214412689209;1,0792176723480225;0,41616201400756836;0,29141664505004883;0,01588238775730133
691;1655,503173828125;703,3214111328125;41519,81640625;-66,42352294921875;50,30462646484375;5,421871185302734;1,0722484588623047;0,4275335967540741;0,28809645771980286;0,015788299962878227
692;1655,503173828125;703,3214111328125;41519,81640625;-71,17697143554688;40,2419319152832;5,626305103302002;1,0444061756134033;0,4106421172618866;0,2801066040992737;0,015325316227972507
693;1655,503173828125;703,3214111328125;41519,81640625;-72,78522491455078;36,42625427246094;5,643278121948242;1,035894513130188;0,4222617745399475;0,2765163779258728;0,015184464864432812
694;1655,503173828125;703,3214111328125;41519,81640625;-66,71522521972656;29,697952270507812;6,581228733062744;1,0023984909057617;0,40709662437438965;0,26689937710762024;0,014598735608160496
695;1655,503173828125;703,3214111328125;41519,81640625;-50,31343460083008;26,501323699951172;4,250749588012695;1,0133440494537354;0,4141702353954315;0,26899006962776184;0,014891555532813072
696;1655,503173828125;703,3214111328125;41519,81640625;-56,930973052978516;18,146467208862305;4,316450595855713;1,001423716545105;0,4100881814956665;0,2650614082813263;0,014723187312483788
697;1655,503173828125;703,3214111328125;41519,81640625;-53,59344482421875;6,858588218688965;4,9713053703308105;0,9560237526893616;0,4019269347190857;0,25218215584754944;0,013821614906191826
698;1655,503173828125;703,3214111328125;41519,81640625;-47,661983489990234;-4,316467761993408;4,643972873687744;0,9571903347969055;0,39842483401298523;0,25184789299964905;0,013940710574388504
699;1655,503173828125;703,3214111328125;41519,81640625;-43,226844787597656;-5,540698051452637;4,274528980255127;0,9139941930770874;0,39141541719436646;0,23976948857307434;0,013059411197900772
700;1655,503173828125;703,3214111328125;41519,81640625;-39,678524017333984;-6,950289249420166;6,083559036254883;0,9799600839614868;0,41042742133140564;0,2564184069633484;0,014561723917722702
701;1655,503173828125;703,3214111328125;41519,81640625;-23,64558219909668;-7,1496076583862305;3,9410042762756348;0,9199281930923462;0,38640281558036804;0,2400713413953781;0,013356572017073631
702;1655,503173828125;703,3214111328125;41519,81640625;-29,1348934173584;-8,164941787719727;4,155961990356445;0,9022543430328369;0,38524767756462097;0,2349032163619995;0,013037689961493015
703;1655,503173828125;703,3214111328125;41519,81640625;-6,518985271453857;-4,179586887359619;2,3868601322174072;0,8828026652336121;0,3892518877983093;0,2294464111328125;0,012627562507987022
704;1655,503173828125;703,3214111328125;41519,81640625;-35,91062927246094;-13,008074760437012;2,4957480430603027;0,8547509908676147;0,3743511140346527;0,2216455340385437;0,012105287984013557
705;1655,503173828125;703,3214111328125;41519,81640625;-28,950790405273438;-8,664342880249023;2,669964551925659;0,8665675520896912;0,3771899342536926;0,22419719398021698;0,012445825152099133
706;1655,503173828125;703,3214111328125;41519,81640625;-37,26091384887695;-12,96066665649414;3,9619436264038086;0,8485071063041687;0,3681275248527527;0,21906296908855438;0,012108763679862022
707;1655,503173828125;703,3214111328125;41519,81640625;-31,27400016784668;-10,607434272766113;1,2940245866775513;0,8490224480628967;0,37610816955566406;0,2190144658088684;0,012166901491582394
708;1655,503173828125;703,3214111328125;41519,81640625;-5,947107791900635;-2,514050006866455;1,9340829849243164;0,830166220664978;0,3637085556983948;0,21368271112442017;0,011816305108368397
709;1655,503173828125;703,3214111328125;41519,81640625;-26,04888153076172;-6,719844341278076;2,4315836429595947;0,8310729265213013;0,35917380452156067;0,21342699229717255;0,011894535273313522
710;1655,503173828125;703,3214111328125;41519,81640625;-10,06330394744873;-0,19341722130775452;2,5825061798095703;0,8163236975669861;0,35922643542289734;0,20960673689842224;0,011620336212217808
711;1655,503173828125;703,3214111328125;41519,81640625;-26,73744773864746;-1,8427492380142212;3,019327402114868;0,8021448850631714;0,35114869475364685;0,2056683599948883;0,011343813501298428
712;1655,503173828125;703,3214111328125;41519,81640625;-24,12783432006836;3,4796340465545654;1,9686864614486694;0,7654436826705933;0,34381723403930664;0,19647732377052307;0,010515568777918816
713;1655,503173828125;703,3214111328125;41519,81640625;-43,50544738769531;-1,7009037733078003;2,071120500564575;0,7431126832962036;0,33913132548332214;0,19090470671653748;0,010004634037613869
714;1655,503173828125;703,3214111328125;41519,81640625;-5,6235480308532715;8,812760353088379;0,42995449900627136;0,7579821944236755;0,3395630419254303;0,19433964788913727;0,01044788584113121
715;1655,503173828125;703,3214111328125;41519,81640625;-20,746299743652344;4,815852642059326;1,9103931188583374;0,7430980205535889;0,3292153477668762;0,1902965009212494;0,010122536681592464
716;1655,503173828125;703,3214111328125;41519,81640625;-33,88591003417969;5,928286552429199;2,5927109718322754;0,7500409483909607;0,33841827511787415;0,1924365907907486;0,010355005972087383
717;1655,503173828125;703,3214111328125;41519,81640625;-11,508076667785645;14,780406951904297;1,6412428617477417;0,72544264793396;0,3296571671962738;0,18633300065994263;0,00977984257042408
718;1655,503173828125;703,3214111328125;41519,81640625;2,5396997928619385;28,92243194580078;-1,1911596059799194;0,7345309257507324;0,3323284983634949;0,18868368864059448;0,010063488967716694
719;1655,503173828125;703,3214111328125;41519,81640625;10,018985748291016;25,529890060424805;-0,5753703117370605;0,7083761692047119;0,3228340744972229;0,1822649985551834;0,009429717436432838
720;1655,503173828125;703,3214111328125;41519,81640625;-30,52506446838379;28,213214874267578;-3,046595811843872;0,7100082635879517;0,32440757751464844;0,18293353915214539;0,009508498944342136
721;1655,503173828125;703,3214111328125;41519,81640625;2,3727810382843018;32,641700744628906;-1,032410979270935;0,705225944519043;0,316744327545166;0,1815306395292282;0,009448056109249592
722;1655,503173828125;703,3214111328125;41519,81640625;-18,422060012817383;32,843204498291016;-1,7206677198410034;0,6958032846450806;0,3114529848098755;0,1792737990617752;0,009238987229764462
723;1655,503173828125;703,3214111328125;41519,81640625;-42,617835998535156;31,750497817993164;-0,4875759184360504;0,702195942401886;0,31459182500839233;0,1812266707420349;0,009451894089579582
724;1655,503173828125;703,3214111328125;41519,81640625;0,887887179851532;39,68339157104492;-0,32437095046043396;0,7143727540969849;0,3192456066608429;0,18462999165058136;0,009809923358261585
725;1655,503173828125;703,3214111328125;41519,81640625;-20,936735153198242;41,87779998779297;-2,9839134216308594;0,6795138120651245;0,30253708362579346;0,17586536705493927;0,008912783116102219
726;1655,503173828125;703,3214111328125;41519,81640625;-9,48697566986084;37,67741012573242;2,0031628608703613;0,6888326406478882;0,30447736382484436;0,178461953997612;0,009206557646393776
727;1655,503173828125;703,3214111328125;41519,81640625;-2,86468505859375;42,765342712402344;0,22716912627220154;0,6942047476768494;0,30480390787124634;0,18007495999336243;0,00938787218183279
728;1655,503173828125;703,3214111328125;41519,81640625;-23,633403778076172;34,09285354614258;1,8814953565597534;0,7006190419197083;0,30617281794548035;0,1820320039987564;0,009593047201633453
729;1655,503173828125;703,3214111328125;41519,81640625;-15,969809532165527;38,438114166259766;0,7170636653900146;0,6947240829467773;0,2988796830177307;0,18051017820835114;0,009456646628677845
730;1655,503173828125;703,3214111328125;41519,81640625;-21,764537811279297;43,90858459472656;0,7805418372154236;0,6890721321105957;0,3002557158470154;0,17984800040721893;0,009330952540040016
731;1655,503173828125;703,3214111328125;41519,81640625;-9,330801963806152;45,344905853271484;0,47430476546287537;0,7019153237342834;0,3041307032108307;0,18351876735687256;0,009697609581053257
732;1655,503173828125;703,3214111328125;41519,81640625;-21,131101608276367;43,53939437866211;0,11317823827266693;0,7021745443344116;0,2965641915798187;0,18333375453948975;0,009738755412399769
733;1655,503173828125;703,3214111328125;41519,81640625;-18,83481216430664;45,10336685180664;0,136257603764534;0,7197868824005127;0,3008727431297302;0,188129261136055;0,010234043933451176
734;1655,503173828125;703,3214111328125;41519,81640625;-16,161481857299805;54,81535339355469;-0,7061724662780762;0,6976349949836731;0,29552462697029114;0,1832357943058014;0,009651103988289833
735;1655,503173828125;703,3214111328125;41519,81640625;2,637918710708618;60,18681335449219;1,6807385683059692;0,702796995639801;0,29453927278518677;0,1847791224718094;0,009811102412641048
736;1655,503173828125;703,3214111328125;41519,81640625;-4,103357791900635;63,382633209228516;-0,38595321774482727;0,7114033699035645;0,2932395935058594;0,1870424598455429;0,010062536224722862
737;1655,503173828125;703,3214111328125;41519,81640625;-18,749290466308594;68,29360961914062;1,258470892906189;0,726147472858429;0,29574599862098694;0,19105885922908783;0,010468419641256332
738;1655,503173828125;703,3214111328125;41519,81640625;-12,384932518005371;75,64824676513672;3,9008922576904297;0,7210330367088318;0,289996862411499;0,1898212432861328;0,010334005579352379
739;1655,503173828125;703,3214111328125;41519,81640625;8,208373069763184;75,63121032714844;-1,6575255393981934;0,7304301857948303;0,2915768027305603;0,19255580008029938;0,010594717226922512
740;1655,503173828125;703,3214111328125;41519,81640625;17,792789459228516;81,45687103271484;1,4505493640899658;0,7155188322067261;0,2849910855293274;0,18905134499073029;0,010204387828707695
741;1655,503173828125;703,3214111328125;41519,81640625;20,207624435424805;90,0020980834961;2,716130495071411;0,7163390517234802;0,28271013498306274;0,1894453465938568;0,010227014310657978
742;1655,503173828125;703,3214111328125;41519,81640625;-5,1619744300842285;93,69096374511719;3,6916022300720215;0,7357276082038879;0,2864266037940979;0,19456437230110168;0,010739143006503582
743;1655,503173828125;703,3214111328125;41519,81640625;21,40810203552246;103,7812271118164;-0,6792776584625244;0,7328290939331055;0,2826758623123169;0,1939215213060379;0,01065091136842966
744;1655,503173828125;703,3214111328125;41519,81640625;18,886978149414062;108,46394348144531;2,2949976921081543;0,734478235244751;0,28209352493286133;0,19464953243732452;0,010702826082706451
745;1655,503173828125;703,3214111328125;41519,81640625;13,690740585327148;119,70677947998047;1,7667276859283447;0,7497108578681946;0,28449103236198425;0,19863072037696838;0,01108630932867527
746;1655,503173828125;703,3214111328125;41519,81640625;21,23457145690918;126,41120147705078;1,3389110565185547;0,7522037625312805;0,28307634592056274;0,1993529498577118;0,011134881526231766
747;1655,503173828125;703,3214111328125;41519,81640625;-0,0853002518415451;133,94384765625;3,6431119441986084;0,7593353390693665;0,2834738790988922;0,20127277076244354;0,011302905157208443
748;1655,503173828125;703,3214111328125;41519,81640625;-21,694169998168945;152,57594299316406;2,5272250175476074;0,751560628414154;0,2791346609592438;0,19934822618961334;0,011089830659329891
749;1655,503173828125;703,3214111328125;41519,81640625;16,01180076599121;157,5449981689453;0,8902463912963867;0,7773003578186035;0,2858014702796936;0,20595669746398926;0,011704850941896439
750;1655,503173828125;703,3214111328125;41519,81640625;-19,886581420898438;173,1411590576172;2,49701189994812;0,7839735150337219;0,28768792748451233;0,20802424848079681;0,011921188794076443
751;1655,503173828125;703,3214111328125;41519,81640625;-20,996536254882812;175,2002716064453;1,8955479860305786;0,774834156036377;0,2824355959892273;0,205480694770813;0,011644166894257069
752;1655,503173828125;703,3214111328125;41519,81640625;-32,520751953125;194,1590118408203;1,3535617589950562;0,7779743075370789;0,28202930092811584;0,20619802176952362;0,011685697361826897
753;1655,503173828125;703,3214111328125;41519,81640625;4,545233249664307;197,79115295410156;-3,97399640083313;0,784543514251709;0,28291812539100647;0,2079572230577469;0,011865353211760521
754;1655,503173828125;703,3214111328125;41519,81640625;-49,25339126586914;218,27984619140625;2,24151873588562;0,7902073860168457;0,28382235765457153;0,20923808217048645;0,011958824470639229
755;1655,503173828125;703,3214111328125;41519,81640625;-47,77975082397461;240,25245666503906;0,30870378017425537;0,8012357950210571;0,2869075834751129;0,21195249259471893;0,012195236049592495
756;1655,503173828125;703,3214111328125;41519,81640625;-42,42264175415039;237,64556884765625;3,0861940383911133;0,8165163397789001;0,29145547747612;0,21580776572227478;0,01256075780838728
757;1655,503173828125;703,3214111328125;41519,81640625;-49,01670837402344;241,9633331298828;0,3229816257953644;0,8068259358406067;0,2874523401260376;0,21301224827766418;0,012255845591425896
758;1655,503173828125;703,3214111328125;41519,81640625;-34,23265075683594;254,0867462158203;1,9598305225372314;0,7857921719551086;0,27789726853370667;0,20723073184490204;0,011707443743944168
759;1655,503173828125;703,3214111328125;41519,81640625;-30,143667221069336;257,1119689941406;0,8604978919029236;0,8344382643699646;0,29697343707084656;0,21975524723529816;0,012866402976214886
760;1655,503173828125;703,3214111328125;41519,81640625;-76,24797821044922;262,68865966796875;1,9613664150238037;0,8071998357772827;0,28510740399360657;0,2122475504875183;0,012161577120423317
761;1655,503173828125;703,3214111328125;41519,81640625;-30,12476921081543;277,6979064941406;-2,052828788757324;0,8137635588645935;0,28750723600387573;0,21362712979316711;0,012275725603103638
762;1655,503173828125;703,3214111328125;41519,81640625;-97,9203109741211;299,3962707519531;1,2538491487503052;0,8095396161079407;0,28307151794433594;0,21204636991024017;0,012169127352535725
763;1655,503173828125;703,3214111328125;41519,81640625;-88,10747528076172;297,6716613769531;0,015482611022889614;0,8301119804382324;0,2916017770767212;0,21705691516399384;0,012627426534891129
764;1655,503173828125;703,3214111328125;41519,81640625;-60,65876770019531;308,067626953125;-3,9219164848327637;0,8334815502166748;0,29355037212371826;0,2175189107656479;0,01264666486531496
765;1655,503173828125;703,3214111328125;41519,81640625;-71,65193176269531;315,3834533691406;-2,1629302501678467;0,8316065669059753;0,2921321988105774;0,2165168672800064;0,012556325644254684
766;1655,503173828125;703,3214111328125;41519,81640625;-74,22509002685547;323,3291931152344;-2,7287166118621826;0,8362461924552917;0,293578565120697;0,21720170974731445;0,012623123824596405
767;1655,503173828125;703,3214111328125;41519,81640625;-104,02830505371094;330,81658935546875;-2,2682676315307617;0,8515363335609436;0,29997962713241577;0,22068418562412262;0,012946565635502338
768;1655,503173828125;703,3214111328125;41519,81640625;-55,178436279296875;325,39276123046875;-4,691169261932373;0,8760803937911987;0,30998459458351135;0,22654429078102112;0,013496048748493195
769;1655,503173828125;703,3214111328125;41519,81640625;-103,44483184814453;337,7786865234375;-2,9344418048858643;0,8623879551887512;0,3027205169200897;0,22224590182304382;0,01311933621764183
770;1655,503173828125;703,3214111328125;41519,81640625;-89,32679748535156;341,9045715332031;-4,35233736038208;0,8495036959648132;0,29828643798828125;0,2183159589767456;0,012731757946312428
771;1655,503173828125;703,3214111328125;41519,81640625;-107,49959564208984;342,7645568847656;-0,8196256160736084;0,8610147833824158;0,30142563581466675;0,22056765854358673;0,012972014024853706
772;1655,503173828125;703,3214111328125;41519,81640625;-79,8686752319336;355,2834777832031;-4,466074466705322;0,881754994392395;0,313365638256073;0,22555962204933167;0,013391048647463322
773;1655,503173828125;703,3214111328125;41519,81640625;-63,38084411621094;347,0468444824219;-2,9597561359405518;0,8836515545845032;0,30589938163757324;0,22473497688770294;0,013423383235931396
774;1655,503173828125;703,3214111328125;41519,81640625;-84,12718963623047;356,6251220703125;-3,3022897243499756;0,874764084815979;0,3101499676704407;0,22237150371074677;0,013098382391035557
775;1655,503173828125;703,3214111328125;41519,81640625;-68,31385040283203;360,23663330078125;-5,290429592132568;0,8869166374206543;0,31374314427375793;0,2247057855129242;0,013341778889298439
776;1655,503173828125;703,3214111328125;41519,81640625;-95,52165222167969;369,86480712890625;-2,2131197452545166;0,8639063239097595;0,2980870306491852;0,21755902469158173;0,01274570170789957
777;1655,503173828125;703,3214111328125;41519,81640625;-116,737548828125;381,9883728027344;-5,822822570800781;0,9119020700454712;0,31998568773269653;0,22939248383045197;0,013830346055328846
778;1655,503173828125;703,3214111328125;41519,81640625;-84,37760925292969;379,035888671875;-4,368185997009277;0,8870152235031128;0,3123168349266052;0,22253988683223724;0,01315267849713564
779;1655,503173828125;703,3214111328125;41519,81640625;-44,000282287597656;376,41461181640625;-6,594261169433594;0,8828710317611694;0,31031566858291626;0,22078004479408264;0,012983813881874084
780;1655,503173828125;703,3214111328125;41519,81640625;-74,78829956054688;389,5915222167969;-4,99517822265625;0,9163855910301208;0,32407712936401367;0,22867925465106964;0,013721024617552757
781;1655,503173828125;703,3214111328125;41519,81640625;-71,45169830322266;392,1275329589844;-5,278656482696533;0,9197165966033936;0,3274838328361511;0,22908064723014832;0,013721204362809658
782;1655,503173828125;703,3214111328125;41519,81640625;-92,52306365966797;398,6090393066406;-4,9127092361450195;0,9123454689979553;0,3166724145412445;0,22579506039619446;0,013495993800461292
783;1655,503173828125;703,3214111328125;41519,81640625;-94,17560577392578;404,53607177734375;-7,872354984283447;0,8949589133262634;0,31207767128944397;0,22104988992214203;0,013005818240344524
784;1655,503173828125;703,3214111328125;41519,81640625;-95,35083770751953;408,5563049316406;-7,262147426605225;0,9275412559509277;0,32094207406044006;0,22825732827186584;0,01370890624821186
785;1655,503173828125;703,3214111328125;41519,81640625;-83,627197265625;405,86273193359375;-8,253792762756348;0,9222687482833862;0,3168899714946747;0,22618050873279572;0,013512787409126759
786;1655,503173828125;703,3214111328125;41519,81640625;-80,68559265136719;410,5445251464844;-8,861948013305664;0,9218483567237854;0,31105557084083557;0,22495950758457184;0,013422401621937752
787;1655,503173828125;703,3214111328125;41519,81640625;-95,87266540527344;416,47698974609375;-8,623629570007324;0,9110303521156311;0,3109757900238037;0,22225125133991241;0,013104046694934368
788;1655,503173828125;703,3214111328125;41519,81640625;-92,30989837646484;422,8913269042969;-9,412952423095703;0,9232023358345032;0,3127291202545166;0,2245407998561859;0,013311030343174934
789;1655,503173828125;703,3214111328125;41519,81640625;-80,20500946044922;426,0494384765625;-8,397863388061523;0,9452291131019592;0,32599103450775146;0,23019157350063324;0,013747571967542171
790;1655,503173828125;703,3214111328125;41519,81640625;-81,14212036132812;435,18988037109375;-9,679197311401367;0,9410956501960754;0,3192020058631897;0,22825877368450165;0,013573354110121727
791;1655,503173828125;703,3214111328125;41519,81640625;-73,68717956542969;435,1194152832031;-11,151915550231934;0,933789849281311;0,31034407019615173;0,22549228370189667;0,013320248574018478
792;1655,503173828125;703,3214111328125;41519,81640625;-69,24044036865234;441,2444152832031;-11,060600280761719;0,9393773674964905;0,3220501244068146;0,22782352566719055;0,013392379507422447
793;1655,503173828125;703,3214111328125;41519,81640625;-71,37813568115234;441,68218994140625;-7,800524711608887;0,966271162033081;0,3316785395145416;0,23427867889404297;0,013925670646131039
794;1655,503173828125;703,3214111328125;41519,81640625;-93,48141479492188;450,4920959472656;-12,698848724365234;0,9347431063652039;0,31332463026046753;0,2256557196378708;0,013134654611349106
795;1655,503173828125;703,3214111328125;41519,81640625;-63,17436981201172;446,94921875;-13,5847749710083;0,9890514016151428;0,336561381816864;0,23941291868686676;0,014278825372457504
796;1655,503173828125;703,3214111328125;41519,81640625;-80,66622924804688;450,611328125;-13,572903633117676;0,9734418988227844;0,33247044682502747;0,2358839213848114;0,01386769488453865
797;1655,503173828125;703,3214111328125;41519,81640625;-91,23223114013672;455,612548828125;-10,296923637390137;0,9614313840866089;0,32305726408958435;0,23244303464889526;0,013521384447813034
798;1655,503173828125;703,3214111328125;41519,81640625;-94,7031021118164;464,6404724121094;-12,150090217590332;0,9747573733329773;0,3267117738723755;0,2357901632785797;0,013743392191827297
799;1655,503173828125;703,3214111328125;41519,81640625;-125,03103637695312;467,8316955566406;-10,75947093963623;0,9975883364677429;0,3340685963630676;0,24158738553524017;0,014168630354106426
800;1655,503173828125;703,3214111328125;41519,81640625;-94,95113372802734;457,103759765625;-11,017186164855957;1,017319679260254;0,3444159924983978;0,2472662776708603;0,014532778412103653
801;1655,503173828125;703,3214111328125;41519,81640625;-86,61768341064453;457,150146484375;-12,629939079284668;0,9958917498588562;0,326246440410614;0,2410404235124588;0,01397342886775732
802;1655,503173828125;703,3214111328125;41519,81640625;-69,19001007080078;453,4765625;-7,49769926071167;0,9842707514762878;0,3116653263568878;0,23728671669960022;0,013608425855636597
803;1655,503173828125;703,3214111328125;41519,81640625;-43,658302307128906;446,86810302734375;-12,266061782836914;0,9999642372131348;0,3277733325958252;0,24317125976085663;0,013934943825006485
804;1655,503173828125;703,3214111328125;41519,81640625;-71,0442886352539;455,3481750488281;-11,971240997314453;1,0043171644210815;0,321279376745224;0,2438000589609146;0,013928081840276718
805;1655,503173828125;703,3214111328125;41519,81640625;-85,69245910644531;466,3406982421875;-11,360895156860352;1,0061067342758179;0,32562828063964844;0,24549350142478943;0,013927108608186245
806;1655,503173828125;703,3214111328125;41519,81640625;-82,45645141601562;463,4918212890625;-9,256515502929688;1,0262171030044556;0,33122459053993225;0,25108784437179565;0,014283280819654465
807;1655,503173828125;703,3214111328125;41519,81640625;-109,9182357788086;469,763427734375;-8,164384841918945;1,0099934339523315;0,3222530782222748;0,24744731187820435;0,013873397372663021
808;1655,503173828125;703,3214111328125;41519,81640625;-91,72899627685547;474,23675537109375;-8,6229829788208;1,0288432836532593;0,33051598072052;0,25333091616630554;0,014220593497157097
809;1655,503173828125;703,3214111328125;41519,81640625;-103,88741302490234;483,48443603515625;-6,38265323638916;1,030380368232727;0,32799798250198364;0,2542685866355896;0,014184811152517796
810;1655,503173828125;703,3214111328125;41519,81640625;-91,18193054199219;496,4839172363281;-6,3797502517700195;1,0346964597702026;0,33211103081703186;0,2567911744117737;0,01423683576285839
811;1655,503173828125;703,3214111328125;41519,81640625;-136,7613525390625;490,0211486816406;-9,970574378967285;1,0687984228134155;0,3414599895477295;0,2661628723144531;0,014869489707052708
812;1655,503173828125;703,3214111328125;41519,81640625;-114,72994232177734;482,9748229980469;-6,739510536193848;1,0518465042114258;0,34124234318733215;0,2639063894748688;0,014506314881145954
813;1655,503173828125;703,3214111328125;41519,81640625;-115,53609466552734;481,1783142089844;-7,75728178024292;1,028355360031128;0,3250580430030823;0,2578742802143097;0,013944233767688274
814;1655,503173828125;703,3214111328125;41519,81640625;-101,8348617553711;488,78582763671875;-7,071260929107666;1,0849239826202393;0,35416510701179504;0,27510523796081543;0,015088665299117565
815;1655,503173828125;703,3214111328125;41519,81640625;-115,85919952392578;475,5762023925781;-5,459256172180176;1,085962176322937;0,3358015716075897;0,2737295925617218;0,014959120191633701
816;1655,503173828125;703,3214111328125;41519,81640625;-152,44973754882812;483,9387512207031;-3,354645013809204;1,0888299942016602;0,34696030616760254;0,2774149179458618;0,01504371128976345
817;1655,503173828125;703,3214111328125;41519,81640625;-135,2880859375;487,6722717285156;-6,354729652404785;1,1051175594329834;0,3468182384967804;0,28207582235336304;0,015292705968022346
818;1655,503173828125;703,3214111328125;41519,81640625;-141,07449340820312;479,3534851074219;-4,874411582946777;1,0998185873031616;0,3521720767021179;0,28326669335365295;0,015193368308246136
819;1655,503173828125;703,3214111328125;41519,81640625;-137,41653442382812;475,45098876953125;0,14155834913253784;1,1156589984893799;0,35523104667663574;0,28842398524284363;0,015455950051546097
820;1655,503173828125;703,3214111328125;41519,81640625;-106,47261810302734;468,8218688964844;-5,512803554534912;1,1524219512939453;0,36424654722213745;0,2989411950111389;0,016115525737404823
821;1655,503173828125;703,3214111328125;41519,81640625;-142,67884826660156;471,0823974609375;-4,360321521759033;1,1449925899505615;0,3568808138370514;0,29758942127227783;0,01590736396610737
822;1655,503173828125;703,3214111328125;41519,81640625;-161,97561645507812;469,28619384765625;-2,9868478775024414;1,1624895334243774;0,3671165704727173;0,3044399321079254;0,01624402031302452
823;1655,503173828125;703,3214111328125;41519,81640625;-115,91572570800781;460,9051818847656;-1,2315205335617065;1,138179063796997;0,358182430267334;0,2992700934410095;0,015745384618639946
824;1655,503173828125;703,3214111328125;41519,81640625;-111,02986907958984;459,8731994628906;2,381161689758301;1,1635786294937134;0,37090760469436646;0,30827540159225464;0,016230886802077293
825;1655,503173828125;703,3214111328125;41519,81640625;-142,5287322998047;468,8349914550781;-3,5864710807800293;1,18636155128479;0,3718191981315613;0,314558744430542;0,01659785956144333
826;1655,503173828125;703,3214111328125;41519,81640625;-111,49803924560547;456,39776611328125;-1,7118359804153442;1,1724433898925781;0,3684799373149872;0,3124610185623169;0,016322344541549683
827;1655,503173828125;703,3214111328125;41519,81640625;-129,69126892089844;464,94903564453125;-5,4368815422058105;1,1641123294830322;0,35881465673446655;0,31019046902656555;0,016088996082544327
828;1655,503173828125;703,3214111328125;41519,81640625;-133,80374145507812;465,2347106933594;-6,695745468139648;1,1547971963882446;0,35759076476097107;0,3093065619468689;0,015911560505628586
829;1655,503173828125;703,3214111328125;41519,81640625;-116,55142974853516;462,0690612792969;-6,723954200744629;1,1636098623275757;0,3552194833755493;0,3118244409561157;0,016008032485842705
830;1655,503173828125;703,3214111328125;41519,81640625;-138,87957763671875;463,47772216796875;-7,667813301086426;1,1903356313705444;0,3736423850059509;0,3224153220653534;0,016587844118475914
831;1655,503173828125;703,3214111328125;41519,81640625;-137,78045654296875;460,6448974609375;-3,044424057006836;1,210067868232727;0,37627366185188293;0,328154593706131;0,01690833643078804
832;1655,503173828125;703,3214111328125;41519,81640625;-119,49224853515625;464,2855224609375;-2,9325780868530273;1,1527122259140015;0,366489440202713;0,3155868649482727;0,01588437706232071
833;1655,503173828125;703,3214111328125;41519,81640625;-157,0452423095703;473,3622741699219;-2,8556289672851562;1,1953353881835938;0,37135738134384155;0,32618752121925354;0,016610197722911835
834;1655,503173828125;703,3214111328125;41519,81640625;-168,39686584472656;467,0624694824219;-5,401465892791748;1,1995904445648193;0,3800930082798004;0,3302324712276459;0,016749000176787376
835;1655,503173828125;703,3214111328125;41519,81640625;-174,3548583984375;458,1812744140625;-5,691703796386719;1,2125754356384277;0,3876155912876129;0,3357032835483551;0,01700701005756855
836;1655,503173828125;703,3214111328125;41519,81640625;-152,78201293945312;450,2771301269531;-4,882878303527832;1,2313461303710938;0,390410453081131;0,340872198343277;0,0173314418643713
837;1655,503173828125;703,3214111328125;41519,81640625;-181,6952362060547;449,6982421875;-7,34971809387207;1,2105828523635864;0,38266512751579285;0,33550703525543213;0,016934191808104515
838;1655,503173828125;703,3214111328125;41519,81640625;-163,75335693359375;438,0694580078125;-3,237299919128418;1,213365077972412;0,3855476677417755;0,3375563323497772;0,01700226590037346
839;1655,503173828125;703,3214111328125;41519,81640625;-130,12461853027344;431,0383605957031;-3,7398152351379395;1,2228987216949463;0,38650456070899963;0,33995386958122253;0,017150063067674637
840;1655,503173828125;703,3214111328125;41519,81640625;-126,9417495727539;424,7091369628906;-3,286977529525757;1,2146586179733276;0,3896624445915222;0,3402523696422577;0,017059169709682465
841;1655,503173828125;703,3214111328125;41519,81640625;-163,10751342773438;432,18060302734375;0,5107709169387817;1,2264809608459473;0,39169907569885254;0,3430798351764679;0,017262469977140427
842;1655,503173828125;703,3214111328125;41519,81640625;-150,83128356933594;425,35345458984375;0,11937989294528961;1,219341516494751;0,3910287022590637;0,34187427163124084;0,017150340601801872
843;1655,503173828125;703,3214111328125;41519,81640625;-180,5314483642578;410,374267578125;-1,7770767211914062;1,223618507385254;0,3921358585357666;0,34269440174102783;0,017216015607118607
844;1655,503173828125;703,3214111328125;41519,81640625;-181,9742431640625;403,8770446777344;-2,8615927696228027;1,210766315460205;0,39003583788871765;0,3398115634918213;0,017008867114782333
845;1655,503173828125;703,3214111328125;41519,81640625;-162,43553161621094;403,6488342285156;-8,43116283416748;1,240610122680664;0,40220773220062256;0,34930893778800964;0,017601968720555305
846;1655,503173828125;703,3214111328125;41519,81640625;-152,7638702392578;387,6000061035156;-1,0270227193832397;1,2076706886291504;0,393279492855072;0,3405606746673584;0,017018383368849754
847;1655,503173828125;703,3214111328125;41519,81640625;-137,46961975097656;374,8075866699219;-0,6788539290428162;1,220064401626587;0,39855217933654785;0,3435225784778595;0,017253611236810684
848;1655,503173828125;703,3214111328125;41519,81640625;-123,8719711303711;379,2440490722656;-1,6438454389572144;1,2411412000656128;0,40768569707870483;0,3508268892765045;0,01769813522696495
849;1655,503173828125;703,3214111328125;41519,81640625;-141,33746337890625;378,9775085449219;-1,1467201709747314;1,1859931945800781;0,39127856492996216;0,3350406587123871;0,016695084050297737
850;1655,503173828125;703,3214111328125;41519,81640625;-138,56854248046875;356,2767639160156;-0,8447069525718689;1,21267569065094;0,4016839563846588;0,34318745136260986;0,017231373116374016
851;1655,503173828125;703,3214111328125;41519,81640625;-165,2526092529297;348,453857421875;-2,925853967666626;1,1953307390213013;0,3989722430706024;0,3367758095264435;0,016919730231165886
852;1655,503173828125;703,3214111328125;41519,81640625;-130,17385864257812;345,9715270996094;-0,8873209357261658;1,2101918458938599;0,405108779668808;0,341839075088501;0,01725212298333645
853;1655,503173828125;703,3214111328125;41519,81640625;-123,59272766113281;343,5816955566406;1,1592998504638672;1,2078508138656616;0,4060695469379425;0,3412317931652069;0,01724820025265217
854;1655,503173828125;703,3214111328125;41519,81640625;-107,50196838378906;330,0693054199219;2,338014602661133;1,240195393562317;0,4192274510860443;0,3500496745109558;0,017893193289637566
855;1655,503173828125;703,3214111328125;41519,81640625;-101,89079284667969;325,67535400390625;-0,09627477824687958;1,1971940994262695;0,40894314646720886;0,33678603172302246;0,01712283119559288
856;1655,503173828125;703,3214111328125;41519,81640625;-111,05642700195312;317,06024169921875;-3,2091305255889893;1,1945277452468872;0,4099232852458954;0,33593159914016724;0,017124135047197342
857;1655,503173828125;703,3214111328125;41519,81640625;-97,06954956054688;321,23883056640625;0,40083906054496765;1,2059881687164307;0,4153400957584381;0,33904126286506653;0,017389114946126938
858;1655,503173828125;703,3214111328125;41519,81640625;-114,81037902832031;305,081787109375;-0,11929523199796677;1,18633234500885;0,41536790132522583;0,33194252848625183;0,017048606649041176
859;1655,503173828125;703,3214111328125;41519,81640625;-129,14637756347656;296,06854248046875;-0,7527490258216858;1,2042983770370483;0,4219885468482971;0,3370635211467743;0,01745528168976307
860;1655,503173828125;703,3214111328125;41519,81640625;-127,55928802490234;299,2738037109375;0,06933773308992386;1,1674410104751587;0,4115164279937744;0,32623419165611267;0,01681254617869854
861;1655,503173828125;703,3214111328125;41519,81640625;-113,02207946777344;306,4528503417969;-3,016310453414917;1,1412684917449951;0,4056764245033264;0,318185031414032;0,01636675000190735
862;1655,503173828125;703,3214111328125;41519,81640625;-140,07191467285156;288,15704345703125;-1,3367656469345093;1,191214919090271;0,42925235629081726;0,33095914125442505;0,01736307330429554
863;1655,503173828125;703,3214111328125;41519,81640625;-133,88880920410156;283,3594055175781;-0,7326993942260742;1,159878134727478;0,42055460810661316;0,32162046432495117;0,016831617802381516
864;1655,503173828125;703,3214111328125;41519,81640625;-153,34376525878906;270,8318786621094;-3,624525785446167;1,135636568069458;0,41771432757377625;0,31379127502441406;0,016415229067206383
865;1655,503173828125;703,3214111328125;41519,81640625;-130,1107940673828;271,179443359375;-1,422104001045227;1,149352788925171;0,4225211441516876;0,31721818447113037;0,01675407402217388
866;1655,503173828125;703,3214111328125;41519,81640625;-134,7848663330078;269,4087219238281;1,4848392009735107;1,1116516590118408;0,41553962230682373;0,30560043454170227;0,016074592247605324
867;1655,503173828125;703,3214111328125;41519,81640625;-144,20675659179688;278,79962158203125;1,1379188299179077;1,1118226051330566;0,41934850811958313;0,3047846257686615;0,01613878272473812
868;1655,503173828125;703,3214111328125;41519,81640625;-133,70025634765625;280,7559509277344;-0,07924153655767441;1,0855767726898193;0,4124215841293335;0,2967863082885742;0,015694456174969673
869;1655,503173828125;703,3214111328125;41519,81640625;-123,02236938476562;264,857177734375;-0,569603443145752;1,083467721939087;0,4134381115436554;0,29546964168548584;0,015722472220659256
870;1655,503173828125;703,3214111328125;41519,81640625;-118,67303466796875;264,8871765136719;0,22755764424800873;1,0829455852508545;0,413720965385437;0,29463401436805725;0,015783770009875298
871;1655,503173828125;703,3214111328125;41519,81640625;-112,84288024902344;259,0725402832031;-0,44634535908699036;1,0693942308425903;0,41359660029411316;0,28992557525634766;0,015579679049551487
872;1655,503173828125;703,3214111328125;41519,81640625;-97,25682830810547;258,56646728515625;-0,12689463794231415;1,074547290802002;0,42240220308303833;0,29020941257476807;0,01573464274406433
873;1655,503173828125;703,3214111328125;41519,81640625;-97,01557922363281;248,66848754882812;0,6415129899978638;1,0834755897521973;0,42381808161735535;0,2919864356517792;0,015997925773262978
874;1655,503173828125;703,3214111328125;41519,81640625;-100,11149597167969;246,87889099121094;-0,9268984198570251;1,0216060876846313;0,40340423583984375;0,27439817786216736;0,014825277961790562
875;1655,503173828125;703,3214111328125;41519,81640625;-91,83502197265625;238,34950256347656;-2,5499355792999268;1,0431296825408936;0,4149042069911957;0,2792864739894867;0,01533099077641964
876;1655,503173828125;703,3214111328125;41519,81640625;-101,22695922851562;233,60263061523438;-1,2607008218765259;1,0201873779296875;0,4046125113964081;0,27240410447120667;0,014936546795070171
877;1655,503173828125;703,3214111328125;41519,81640625;-130,35281372070312;225,83224487304688;0,8186401128768921;0,9795190095901489;0,3999975919723511;0,2604699432849884;0,014159911312162876
878;1655,503173828125;703,3214111328125;41519,81640625;-112,0532455444336;226,8743438720703;0,32002946734428406;0,9938478469848633;0,41226351261138916;0,2634003758430481;0,014505457133054733
879;1655,503173828125;703,3214111328125;41519,81640625;-94,75460052490234;213,79367065429688;0,005828677676618099;0,9795946478843689;0,4094749093055725;0,25885966420173645;0,014279686845839024
880;1655,503173828125;703,3214111328125;41519,81640625;-101,7379150390625;210,1714324951172;0,15113887190818787;0,9327909350395203;0,3928297758102417;0,24578379094600677;0,013371996581554413
881;1655,503173828125;703,3214111328125;41519,81640625;-96,89337158203125;206,1664276123047;1,1977207660675049;0,9170026183128357;0,38654425740242004;0,24097123742103577;0,013112474232912064
882;1655,503173828125;703,3214111328125;41519,81640625;-112,43994140625;189,65234375;1,1090244054794312;0,9392112493515015;0,3968998193740845;0,2461342215538025;0,013655812479555607
883;1655,503173828125;703,3214111328125;41519,81640625;-67,7461929321289;201,0347900390625;-0,6488621234893799;0,9111703634262085;0,3869607746601105;0,23815412819385529;0,013125025667250156
884;1655,503173828125;703,3214111328125;41519,81640625;-94,14665222167969;189,0491943359375;0,06581065058708191;0,9291030168533325;0,3992154002189636;0,24224071204662323;0,013564337976276875
885;1655,503173828125;703,3214111328125;41519,81640625;-79,33892059326172;185,68197631835938;0,5960745215415955;0,8875953555107117;0,38717660307884216;0,23091405630111694;0,012718060053884983
886;1655,503173828125;703,3214111328125;41519,81640625;-67,19205474853516;180,18038940429688;-1,400006890296936;0,8682823181152344;0,3729197382926941;0,22529642283916473;0,012386750429868698
887;1655,503173828125;703,3214111328125;41519,81640625;-47,45656967163086;189,4521942138672;-1,4317506551742554;0,8469632267951965;0,3680514991283417;0,21934454143047333;0,011968967504799366
888;1655,503173828125;703,3214111328125;41519,81640625;-35,2116813659668;172,95872497558594;-0,025894567370414734;0,8195323944091797;0,3641781508922577;0,21198949217796326;0,011387829668819904
889;1655,503173828125;703,3214111328125;41519,81640625;-64,77935028076172;160,29173278808594;0,2639308571815491;0,8541659712791443;0,37575259804725647;0,2204476147890091;0,012255477719008923
890;1655,503173828125;703,3214111328125;41519,81640625;-3,4695305824279785;172,2599639892578;-0,5807611346244812;0,8181605339050293;0,3645421266555786;0,21092958748340607;0,011485922150313854
891;1655,503173828125;703,3214111328125;41519,81640625;-25,044227600097656;158,42636108398438;-0,05442572757601738;0,8208875060081482;0,36654865741729736;0,21134929358959198;0,011610549874603748
892;1655,503173828125;703,3214111328125;41519,81640625;-28,216989517211914;162,92568969726562;0,45282822847366333;0,7994550466537476;0,3555614650249481;0,20551367104053497;0,011182449758052826
893;1655,503173828125;703,3214111328125;41519,81640625;-16,39783477783203;163,42552185058594;-1,7463340759277344;0,7916945815086365;0,3524784743785858;0,2033025473356247;0,011058910749852657
894;1655,503173828125;703,3214111328125;41519,81640625;28,199687957763672;171,54774475097656;-4,219454765319824;0,7538400292396545;0,3433677852153778;0,1937505453824997;0,010178875178098679
895;1655,503173828125;703,3214111328125;41519,81640625;-41,236839294433594;164,47210693359375;-1,399239182472229;0,7592877149581909;0,33780309557914734;0,1946493685245514;0,010387763381004333
896;1655,503173828125;703,3214111328125;41519,81640625;3,4390363693237305;178,45790100097656;-4,002848148345947;0,736580491065979;0,3346492648124695;0,18908940255641937;0,009870432317256927
897;1655,503173828125;703,3214111328125;41519,81640625;8,838166236877441;183,2656707763672;-3,9305899143218994;0,7434000372886658;0,3304310142993927;0,19041265547275543;0,01010008342564106
898;1655,503173828125;703,3214111328125;41519,81640625;16,59640884399414;189,9804229736328;-7,026233196258545;0,7080680727958679;0,3246857225894928;0,18192161619663239;0,009238128550350666
899;1655,503173828125;703,3214111328125;41519,81640625;23,24396514892578;191,31893920898438;-7,212367057800293;0,7137839198112488;0,3251420557498932;0,18331530690193176;0,00944495014846325
900;1655,503173828125;703,3214111328125;41519,81640625;12,51844596862793;189,77268981933594;-5,212971210479736;0,7064761519432068;0,3184453547000885;0,18131861090660095;0,00930679403245449
901;1655,503173828125;703,3214111328125;41519,81640625;11,44283390045166;193,3970489501953;-5,805208206176758;0,7048017382621765;0,32500267028808594;0,1814976930618286;0,009282250888645649
902;1655,503173828125;703,3214111328125;41519,81640625;31,846553802490234;205,9425048828125;-6,241796016693115;0,6824917793273926;0,3094142973423004;0,17555789649486542;0,008755755610764027
903;1655,503173828125;703,3214111328125;41519,81640625;20,789060592651367;204,41114807128906;-5,603264331817627;0,6875497102737427;0,3109854459762573;0,17700830101966858;0,008941598236560822
904;1655,503173828125;703,3214111328125;41519,81640625;22,40253448486328;203,46730041503906;-2,8794455528259277;0,6615414619445801;0,30247896909713745;0,17078089714050293;0,008255983702838421
905;1655,503173828125;703,3214111328125;41519,81640625;38,33097839355469;208,1468505859375;-8,035400390625;0,6733042597770691;0,30687737464904785;0,17401233315467834;0,00862475112080574
906;1655,503173828125;703,3214111328125;41519,81640625;22,20197868347168;203,2667236328125;-3,8604183197021484;0,6655486226081848;0,29886212944984436;0,17195743322372437;0,008453793823719025
907;1655,503173828125;703,3214111328125;41519,81640625;-3,9981532096862793;202,18556213378906;-3,7553765773773193;0,659612238407135;0,2904408872127533;0,17027434706687927;0,008281064219772816
908;1655,503173828125;703,3214111328125;41519,81640625;23,267284393310547;203,88577270507812;-1,9693493843078613;0,6620465517044067;0,2988809049129486;0,17185819149017334;0,008422967977821827
909;1655,503173828125;703,3214111328125;41519,81640625;15,09914779663086;209,52244567871094;-1,1675699949264526;0,6646998524665833;0,29731908440589905;0,1726914942264557;0,008537366054952145
910;1655,503173828125;703,3214111328125;41519,81640625;34,70475769042969;214,1631317138672;-2,529578447341919;0,6619257926940918;0,2956123650074005;0,172329381108284;0,008485686033964157
911;1655,503173828125;703,3214111328125;41519,81640625;36,763458251953125;228,3387451171875;-3,2389979362487793;0,6557762026786804;0,28747260570526123;0,17065945267677307;0,008339923806488514
912;1655,503173828125;703,3214111328125;41519,81640625;31,520000457763672;225,76559448242188;-3,6739501953125;0,6718676090240479;0,2930390536785126;0,17515148222446442;0,008834430947899818
913;1655,503173828125;703,3214111328125;41519,81640625;12,772472381591797;224,5989532470703;-1,2799183130264282;0,666819155216217;0,29200708866119385;0,17440390586853027;0,008709280751645565
914;1655,503173828125;703,3214111328125;41519,81640625;31,94975471496582;234,7168426513672;-1,7951897382736206;0,6714033484458923;0,28893613815307617;0,17558515071868896;0,008870312012732029
915;1655,503173828125;703,3214111328125;41519,81640625;59,9995231628418;246,4081268310547;-2,7947494983673096;0,6772827506065369;0,29134708642959595;0,17760229110717773;0,009052221663296223
916;1655,503173828125;703,3214111328125;41519,81640625;74,67169189453125;244,46630859375;-3,694340229034424;0,6812363266944885;0,28703299164772034;0,17853021621704102;0,009185225702822208
917;1655,503173828125;703,3214111328125;41519,81640625;56,527069091796875;244,6637420654297;-0,8485844135284424;0,6812933087348938;0,28672724962234497;0,179011270403862;0,009205988608300686
918;1655,503173828125;703,3214111328125;41519,81640625;39,98064041137695;246,52870178222656;-0,27737748622894287;0,6889964938163757;0,28471001982688904;0,18099188804626465;0,00942852720618248
919;1655,503173828125;703,3214111328125;41519,81640625;45,52846145629883;242,7447509765625;-3,4374475479125977;0,6918343305587769;0,2851954996585846;0,1821717619895935;0,009525557979941368
920;1655,503173828125;703,3214111328125;41519,81640625;48,77630615234375;246,94268798828125;-0,7909335494041443;0,6908663511276245;0,2815552353858948;0,18206678330898285;0,009504448622465134
921;1655,503173828125;703,3214111328125;41519,81640625;43,807682037353516;250,6244354248047;-2,880545139312744;0,6933695673942566;0,2800597548484802;0,18294277787208557;0,00957943033427
922;1655,503173828125;703,3214111328125;41519,81640625;91,14308166503906;258,321533203125;-4,663956642150879;0,7092593312263489;0,2819896638393402;0,18711310625076294;0,01000890787690878
923;1655,503173828125;703,3214111328125;41519,81640625;84,58294677734375;254,46038818359375;-3,4424147605895996;0,7006937861442566;0,2787227928638458;0,185359388589859;0,009792347438633442
924;1655,503173828125;703,3214111328125;41519,81640625;38,63461685180664;266,0822448730469;-1,1938402652740479;0,7020394206047058;0,2754245400428772;0,18571852147579193;0,009813993237912655
925;1655,503173828125;703,3214111328125;41519,81640625;54,951961517333984;269,5619201660156;-1,2336277961730957;0,7216201424598694;0,28003403544425964;0,19097556173801422;0,01034756749868393
926;1655,503173828125;703,3214111328125;41519,81640625;64,56853485107422;279,2704772949219;-1,298899531364441;0,7250906229019165;0,2793143689632416;0,1920798271894455;0,010440222918987274
927;1655,503173828125;703,3214111328125;41519,81640625;75,99901580810547;291,5676574707031;-4,20124626159668;0,7165271639823914;0,27317509055137634;0,1898435801267624;0,010175051167607307
928;1655,503173828125;703,3214111328125;41519,81640625;73,51321411132812;290,1554260253906;-3,171004056930542;0,7408151626586914;0,2795058488845825;0,19626866281032562;0,010818257927894592
929;1655,503173828125;703,3214111328125;41519,81640625;45,20840835571289;300,568359375;-2,082162618637085;0,7399688959121704;0,27724239230155945;0,1961437463760376;0,010779749602079391
930;1655,503173828125;703,3214111328125;41519,81640625;42,06840133666992;308,5897216796875;-1,8778992891311646;0,7351996302604675;0,273956298828125;0,19501768052577972;0,01064449455589056
931;1655,503173828125;703,3214111328125;41519,81640625;49,555023193359375;315,1912841796875;0,08256206661462784;0,7444148659706116;0,27506375312805176;0,19739657640457153;0,010854295454919338
932;1655,503173828125;703,3214111328125;41519,81640625;67,40769958496094;313,5426940917969;-1,6828649044036865;0,7326010465621948;0,26923632621765137;0,1943284571170807;0,010512680746614933
933;1655,503173828125;703,3214111328125;41519,81640625;51,09156799316406;317,25225830078125;-1,2703365087509155;0,7465426921844482;0,2726189196109772;0,19796715676784515;0,010866417549550533
934;1655,503173828125;703,3214111328125;41519,81640625;60,485939025878906;326,3335876464844;-0,18075384199619293;0,7574073076248169;0,2749970853328705;0,20073874294757843;0,011115003377199173
935;1655,503173828125;703,3214111328125;41519,81640625;45,8028678894043;333,9063415527344;1,1984813213348389;0,7587257623672485;0,2741495668888092;0,20103979110717773;0,011132868938148022
936;1655,503173828125;703,3214111328125;41519,81640625;52,7310676574707;345,89923095703125;-0,07955790311098099;0,7767165899276733;0,27946415543556213;0,20565615594387054;0,01157538965344429
937;1655,503173828125;703,3214111328125;41519,81640625;53,26499557495117;364,53948974609375;-1,1563820838928223;0,7743098139762878;0,2776096761226654;0,20486551523208618;0,01146253477782011
938;1655,503173828125;703,3214111328125;41519,81640625;41,06510925292969;381,3643493652344;-0,48568761348724365;0,7806513905525208;0,2788981795310974;0,2063758373260498;0,011602061800658703
939;1655,503173828125;703,3214111328125;41519,81640625;56,8270263671875;384,1065368652344;-4,494835376739502;0,7894275188446045;0,28042709827423096;0,20851874351501465;0,011839470826089382
940;1655,503173828125;703,3214111328125;41519,81640625;44,90690231323242;403,0221862792969;-3,609074354171753;0,7876114249229431;0,2798752188682556;0,20776692032814026;0,011705455370247364
941;1655,503173828125;703,3214111328125;41519,81640625;17,516704559326172;413,6483154296875;-2,6696507930755615;0,8035233616828918;0,2844834625720978;0,21169060468673706;0,012108548544347286
942;1655,503173828125;703,3214111328125;41519,81640625;53,79907989501953;421,4333801269531;-6,352509498596191;0,818695604801178;0,28900671005249023;0,2153618335723877;0,01246990729123354
943;1655,503173828125;703,3214111328125;41519,81640625;52,821495056152344;432,3404235839844;-6,9856109619140625;0,8152803778648376;0,28797346353530884;0,21412746608257294;0,01231873594224453
944;1655,503173828125;703,3214111328125;41519,81640625;43,31362533569336;440,72503662109375;-7,909938335418701;0,811861515045166;0,28445878624916077;0,2127951681613922;0,01222284510731697
945;1655,503173828125;703,3214111328125;41519,81640625;31,753376007080078;453,9835510253906;-7,358712196350098;0,8173441290855408;0,288199782371521;0,21388782560825348;0,012273089960217476
946;1655,503173828125;703,3214111328125;41519,81640625;13,787307739257812;464,92596435546875;-6,916937351226807;0,8161012530326843;0,2855874001979828;0,21304011344909668;0,012227267026901245
947;1655,503173828125;703,3214111328125;41519,81640625;6,56032133102417;470,37701416015625;-7,561436176300049;0,8272586464881897;0,290347158908844;0,21551954746246338;0,01245014276355505
948;1655,503173828125;703,3214111328125;41519,81640625;-17,547550201416016;485,4314880371094;-6,978946685791016;0,8376516699790955;0,2962443232536316;0,2178417146205902;0,012627983465790749
949;1655,503173828125;703,3214111328125;41519,81640625;-12,909842491149902;488,8344421386719;-9,295385360717773;0,8467323184013367;0,29851821064949036;0,21961922943592072;0,012825148180127144
950;1655,503173828125;703,3214111328125;41519,81640625;-24,2200927734375;500,17572021484375;-9,299497604370117;0,8516302108764648;0,2986583709716797;0,22023041546344757;0,012914846651256084
951;1655,503173828125;703,3214111328125;41519,81640625;-34,24597930908203;510,9311218261719;-8,426684379577637;0,8560003042221069;0,29988473653793335;0,22074733674526215;0,012972199358046055
952;1655,503173828125;703,3214111328125;41519,81640625;-53,066410064697266;520,9921875;-8,403681755065918;0,861815869808197;0,30299699306488037;0,22170139849185944;0,013051770627498627
953;1655,503173828125;703,3214111328125;41519,81640625;-47,433746337890625;523,5607299804688;-7,321863174438477;0,858002245426178;0,30383339524269104;0,220242440700531;0,01287160161882639
954;1655,503173828125;703,3214111328125;41519,81640625;-56,68170928955078;530,6848754882812;-9,090882301330566;0,8588562607765198;0,3012745678424835;0,2196018248796463;0,012862441129982471
955;1655,503173828125;703,3214111328125;41519,81640625;-47,666133880615234;540,2308349609375;-10,350457191467285;0,8664867281913757;0,302698016166687;0,22078430652618408;0,013001245446503162
956;1655,503173828125;703,3214111328125;41519,81640625;-32,57071304321289;543,3805541992188;-10,898285865783691;0,8651610612869263;0,3028639853000641;0,21981169283390045;0,012899521738290787
957;1655,503173828125;703,3214111328125;41519,81640625;-23,31147575378418;545,0097045898438;-10,85676383972168;0,8590725064277649;0,29968419671058655;0,217497780919075;0,012688285671174526
958;1655,503173828125;703,3214111328125;41519,81640625;-53,015769958496094;556,5569458007812;-10,90343952178955;0,8732185959815979;0,30470579862594604;0,22039127349853516;0,01297562476247549
959;1655,503173828125;703,3214111328125;41519,81640625;-65,86209106445312;560,308349609375;-11,262375831604004;0,8713555932044983;0,30761146545410156;0,21954236924648285;0,012838813476264477
960;1655,503173828125;703,3214111328125;41519,81640625;-53,4111328125;561,1480712890625;-10,450502395629883;0,8878940939903259;0,3158646523952484;0,22324058413505554;0,01316689420491457
961;1655,503173828125;703,3214111328125;41519,81640625;-50,24725341796875;560,6025390625;-10,303435325622559;0,8807993531227112;0,3047824800014496;0,21999186277389526;0,012965777888894081
962;1655,503173828125;703,3214111328125;41519,81640625;-55,015621185302734;569,4536743164062;-10,431469917297363;0,8830533027648926;0,3031771183013916;0,21966005861759186;0,012956133112311363
963;1655,503173828125;703,3214111328125;41519,81640625;-65,2603530883789;573,41455078125;-11,311561584472656;0,8863366842269897;0,31155475974082947;0,22052156925201416;0,01294245757162571
964;1655,503173828125;703,3214111328125;41519,81640625;-61,913063049316406;576,738525390625;-11,951203346252441;0,8851862549781799;0,3067132830619812;0,21917060017585754;0,012858915142714977
965;1655,503173828125;703,3214111328125;41519,81640625;-57,18068313598633;574,6741943359375;-11,7598237991333;0,8982637524604797;0,31562113761901855;0,2222481667995453;0,013089891523122787
966;1655,503173828125;703,3214111328125;41519,81640625;-74,6481704711914;583,4517211914062;-11,319969177246094;0,885854184627533;0,30964571237564087;0,2184508889913559;0,012720492668449879
967;1655,503173828125;703,3214111328125;41519,81640625;-89,16547393798828;587,7352905273438;-11,60454273223877;0,8890416026115417;0,3039292097091675;0,21798284351825714;0,012741283513605595
968;1655,503173828125;703,3214111328125;41519,81640625;-55,94194412231445;577,2880249023438;-12,286482810974121;0,927649736404419;0,3244215250015259;0,22771601378917694;0,01357347797602415
969;1655,503173828125;703,3214111328125;41519,81640625;-54,06771469116211;581,126220703125;-13,792078971862793;0,9114282727241516;0,31152743101119995;0,22248171269893646;0,01312466524541378
970;1655,503173828125;703,3214111328125;41519,81640625;-61,48377990722656;588,2120361328125;-11,102993965148926;0,9073668718338013;0,3145211637020111;0,22156403958797455;0,012950238771736622
971;1655,503173828125;703,3214111328125;41519,81640625;-54,78706359863281;589,3407592773438;-13,961854934692383;0,9092903137207031;0,3092971742153168;0,22100511193275452;0,012926890514791012
972;1655,503173828125;703,3214111328125;41519,81640625;-79,58753204345703;602,0463256835938;-14,806840896606445;0,9150704741477966;0,31541040539741516;0,2225782722234726;0,012986559420824051
973;1655,503173828125;703,3214111328125;41519,81640625;-95,71066284179688;611,2944946289062;-13,762243270874023;0,9205363988876343;0,31479206681251526;0,22336342930793762;0,013042169623076916
974;1655,503173828125;703,3214111328125;41519,81640625;-70,60161590576172;606,6874389648438;-13,224088668823242;0,925412654876709;0,31266069412231445;0,22389675676822662;0,013079077936708927
975;1655,503173828125;703,3214111328125;41519,81640625;-69,02940368652344;609,20751953125;-14,71158218383789;0,9086471796035767;0,3068925142288208;0,21969550848007202;0,012618661858141422
976;1655,503173828125;703,3214111328125;41519,81640625;-56,64900207519531;608,0180053710938;-15,813850402832031;0,9602134227752686;0,32457858324050903;0,23212644457817078;0,013719704933464527
977;1655,503173828125;703,3214111328125;41519,81640625;-98,540771484375;620,9954223632812;-13,552704811096191;0,9296141862869263;0,31265369057655334;0,22453126311302185;0,012957445345818996
978;1655,503173828125;703,3214111328125;41519,81640625;-86,75354766845703;624,0364379882812;-14,047816276550293;0,9541991949081421;0,3173081576824188;0,23008346557617188;0,013432186096906662
979;1655,503173828125;703,3214111328125;41519,81640625;-48,931907653808594;616,9242553710938;-15,262880325317383;0,9532024264335632;0,3185366690158844;0,2301775962114334;0,013344623148441315
980;1655,503173828125;703,3214111328125;41519,81640625;-60,72245788574219;623,6631469726562;-15,630573272705078;0,941335141658783;0,3147381842136383;0,227542906999588;0,013010980561375618
981;1655,503173828125;703,3214111328125;41519,81640625;-42,32986831665039;627,7006225585938;-16,895458221435547;0,9656128883361816;0,31139010190963745;0,23220419883728027;0,013440748676657677
982;1655,503173828125;703,3214111328125;41519,81640625;-61,672401428222656;633,62353515625;-15,783164024353027;0,9814800024032593;0,3266043961048126;0,2377018928527832;0,013757282868027687
983;1655,503173828125;703,3214111328125;41519,81640625;-74,89176177978516;637,7198486328125;-15,761953353881836;0,9721179604530334;0,3127976357936859;0,23443564772605896;0,013449142687022686
984;1655,503173828125;703,3214111328125;41519,81640625;-58,98735809326172;633,7640380859375;-15,162403106689453;1,001846432685852;0,32248538732528687;0,2421240210533142;0,014015769585967064
985;1655,503173828125;703,3214111328125;41519,81640625;-63,75368118286133;641,6055297851562;-16,672687530517578;1,015304446220398;0,34363046288490295;0,24829939007759094;0,014301406219601631
986;1655,503173828125;703,3214111328125;41519,81640625;-43,20184326171875;632,4288330078125;-17,573755264282227;0,9881333708763123;0,32120397686958313;0,24045529961585999;0,01362193375825882
987;1655,503173828125;703,3214111328125;41519,81640625;-106,20706176757812;644,503662109375;-14,607940673828125;1,0077742338180542;0,32880643010139465;0,24613231420516968;0,013980453833937645
988;1655,503173828125;703,3214111328125;41519,81640625;-97,5990982055664;639,42236328125;-13,327875137329102;0,9960411190986633;0,3195120692253113;0,2432740181684494;0,013652428984642029
989;1655,503173828125;703,3214111328125;41519,81640625;-97,59573364257812;639,9761962890625;-15,318158149719238;0,9947472214698792;0,3151666522026062;0,24323859810829163;0,013551338575780392
990;1655,503173828125;703,3214111328125;41519,81640625;-99,44538116455078;641,5196533203125;-15,279757499694824;1,0301451683044434;0,3330835998058319;0,25378474593162537;0,014261558651924133
991;1655,503173828125;703,3214111328125;41519,81640625;-118,15174102783203;642,393310546875;-14,100549697875977;1,0237510204315186;0,33066999912261963;0,2531481683254242;0,014075156301259995
992;1655,503173828125;703,3214111328125;41519,81640625;-65,95637512207031;629,4606323242188;-15,140008926391602;1,049649715423584;0,34494447708129883;0,26150938868522644;0,014577125199139118
993;1655,503173828125;703,3214111328125;41519,81640625;-108,50088500976562;639,2449340820312;-13,77231502532959;1,0435352325439453;0,3382264971733093;0,2603881359100342;0,01438349299132824
994;1655,503173828125;703,3214111328125;41519,81640625;-110,57335662841797;632,9220581054688;-13,946601867675781;1,01310133934021;0,33216148614883423;0,25451692938804626;0,013715642504394054
995;1655,503173828125;703,3214111328125;41519,81640625;-107,8719711303711;625,37939453125;-12,870049476623535;1,0572513341903687;0,34241247177124023;0,2661716639995575;0,014564194716513157
996;1655,503173828125;703,3214111328125;41519,81640625;-113,23571014404297;627,918701171875;-13,99071216583252;1,0588537454605103;0,33723145723342896;0,2669331431388855;0,014525983482599258
997;1655,503173828125;703,3214111328125;41519,81640625;-121,62378692626953;627,8567504882812;-10,267350196838379;1,1063272953033447;0,36058562994003296;0,2815591096878052;0,015463447198271751
998;1655,503173828125;703,3214111328125;41519,81640625;-126,4009017944336;627,2757568359375;-10,105232238769531;1,0782145261764526;0,3602907657623291;0,27722999453544617;0,014878959394991398
999;1655,503173828125;703,3214111328125;41519,81640625;-126,34956359863281;619,5894165039062;-11,558643341064453;1,093669056892395;0,34987208247184753;0,28001707792282104;0,015102534554898739
1000;1655,503173828125;703,3214111328125;41519,81640625;-129,40859985351562;615,142822265625;-11,624420166015625;1,071204423904419;0,34171801805496216;0,2754693329334259;0,01461603119969368
1001;1655,503173828125;703,3214111328125;41519,81640625;-109,13019561767578;601,1669921875;-10,930806159973145;1,1022416353225708;0,3456440269947052;0,2838596701622009;0,015159395523369312
1002;1655,503173828125;703,3214111328125;41519,81640625;-125,30062866210938;597,286865234375;-10,890811920166016;1,1240527629852295;0,35097935795783997;0,29065683484077454;0,015537788160145283
1003;1655,503173828125;703,3214111328125;41519,81640625;-121,94673919677734;587,7483520507812;-8,091535568237305;1,1266690492630005;0,35959592461586;0,29413115978240967;0,015604306012392044
1004;1655,503173828125;703,3214111328125;41519,81640625;-143,6903076171875;578,0365600585938;-8,040522575378418;1,1107953786849976;0,3539946377277374;0,2913278043270111;0,015263939276337624
1005;1655,503173828125;703,3214111328125;41519,81640625;-132,7288360595703;565,2628173828125;-10,188810348510742;1,1391901969909668;0,3526694178581238;0,2983502149581909;0,015718545764684677
1006;1655,503173828125;703,3214111328125;41519,81640625;-139,26766967773438;561,669677734375;-9,802645683288574;1,1340421438217163;0,36141860485076904;0,3003210127353668;0,015661653131246567
1007;1655,503173828125;703,3214111328125;41519,81640625;-149,9833984375;560,2695922851562;-6,6156134605407715;1,1393547058105469;0,359851598739624;0,30252861976623535;0,015723073855042458
1008;1655,503173828125;703,3214111328125;41519,81640625;-144,7109375;551,9864501953125;-3,221994161605835;1,1607264280319214;0,36059316992759705;0,30843469500541687;0,01606534607708454
1009;1655,503173828125;703,3214111328125;41519,81640625;-123,66785430908203;550,8546752929688;-8,193754196166992;1,1469532251358032;0,35355833172798157;0,3055499494075775;0,01576346717774868
1010;1655,503173828125;703,3214111328125;41519,81640625;-154,7543182373047;548,1531982421875;-8,79053783416748;1,1503468751907349;0,36704036593437195;0,31029921770095825;0,01589183136820793
1011;1655,503173828125;703,3214111328125;41519,81640625;-168,2180938720703;551,0684204101562;-4,986949920654297;1,1819965839385986;0,372142493724823;0,31909582018852234;0,016448387876152992
1012;1655,503173828125;703,3214111328125;41519,81640625;-139,83058166503906;537,4603271484375;-4,603185176849365;1,1482508182525635;0,35741084814071655;0,3102929890155792;0,015768233686685562
1013;1655,503173828125;703,3214111328125;41519,81640625;-157,5851593017578;522,5901489257812;-4,314774513244629;1,1683259010314941;0,36142921447753906;0,3163529634475708;0,0161111019551754
1014;1655,503173828125;703,3214111328125;41519,81640625;-195,6649627685547;519,1870727539062;-3,8989369869232178;1,1882230043411255;0,3780127465724945;0,3253154158592224;0,016551723703742027
1015;1655,503173828125;703,3214111328125;41519,81640625;-149,5355987548828;515,1434326171875;-0,5783274173736572;1,1923952102661133;0,3738715648651123;0,3261856138706207;0,016582384705543518
1016;1655,503173828125;703,3214111328125;41519,81640625;-185,37452697753906;517,1048583984375;-5,614750385284424;1,163087248802185;0,3667736351490021;0,3196709156036377;0,016044195741415024
1017;1655,503173828125;703,3214111328125;41519,81640625;-184,43051147460938;503,031005859375;-1,709990382194519;1,2081518173217773;0,3783940076828003;0,3322512209415436;0,016853423789143562
1018;1655,503173828125;703,3214111328125;41519,81640625;-163,22982788085938;501,6258544921875;-2,6474661827087402;1,1925203800201416;0,3810229003429413;0,33094099164009094;0,01661786623299122
1019;1655,503173828125;703,3214111328125;41519,81640625;-162,7964324951172;505,46453857421875;-5,681162357330322;1,1985948085784912;0,3761805295944214;0,3312796354293823;0,016672182828187943
1020;1655,503173828125;703,3214111328125;41519,81640625;-143,4623565673828;500,6656494140625;-4,499792575836182;1,2087866067886353;0,3859254717826843;0,3368414640426636;0,016921257600188255
1021;1655,503173828125;703,3214111328125;41519,81640625;-173,27584838867188;483,90606689453125;-5,4636125564575195;1,1992768049240112;0,3748152554035187;0,3317755460739136;0,01663273572921753
1022;1655,503173828125;703,3214111328125;41519,81640625;-137,052978515625;484,141357421875;-1,8566995859146118;1,2438632249832153;0,39963626861572266;0,34861624240875244;0,01759444735944271
1023;1655,503173828125;703,3214111328125;41519,81640625;-197,48435974121094;474,5911560058594;-4,542059898376465;1,1970934867858887;0,38114455342292786;0,3342612385749817;0,016693932935595512
1024;1655,503173828125;703,3214111328125;41519,81640625;-184,34022521972656;470,8094787597656;-3,2888805866241455;1,1668404340744019;0,37633392214775085;0,3281782567501068;0,01617448963224888
1025;1655,503173828125;703,3214111328125;41519,81640625;-202,2349090576172;472,30517578125;-5,106163024902344;1,2320995330810547;0,3956965506076813;0,34547850489616394;0,017381029203534126
1026;1655,503173828125;703,3214111328125;41519,81640625;-174,5836181640625;469,87420654296875;-0,19410650432109833;1,2037323713302612;0,3893965780735016;0,33891287446022034;0,016898028552532196
1027;1655,503173828125;703,3214111328125;41519,81640625;-184,27027893066406;457,7252502441406;-2,9782497882843018;1,2048135995864868;0,3912777304649353;0,3397548198699951;0,016941744834184647
1028;1655,503173828125;703,3214111328125;41519,81640625;-172,172119140625;455,71917724609375;2,2111287117004395;1,244502305984497;0,40559735894203186;0,3512454628944397;0,017700597643852234
1029;1655,503173828125;703,3214111328125;41519,81640625;-170,822998046875;449,3587646484375;-0,47327038645744324;1,1947637796401978;0,3902762234210968;0,33614349365234375;0,01677512377500534
1030;1655,503173828125;703,3214111328125;41519,81640625;-151,98992919921875;439,03448486328125;-2,064253091812134;1,1637494564056396;0,3822173476219177;0,3280664086341858;0,016236286610364914
1031;1655,503173828125;703,3214111328125;41519,81640625;-137,07810974121094;425,3924865722656;-2,6243906021118164;1,2380216121673584;0,40833979845046997;0,3508993089199066;0,017671754583716393
1032;1655,503173828125;703,3214111328125;41519,81640625;-161,6331024169922;405,1005859375;-0,7962965369224548;1,2445708513259888;0,41236624121665955;0,3521724045276642;0,017824815586209297
1033;1655,503173828125;703,3214111328125;41519,81640625;-140,7890625;406,2320556640625;1,085105061531067;1,2302855253219604;0,4101107716560364;0,3473674952983856;0,017586613073945045
1034;1655,503173828125;703,3214111328125;41519,81640625;-128,5582275390625;397,9920654296875;-4,235901355743408;1,2524614334106445;0,4190078377723694;0,3540673851966858;0,018043529242277145
1035;1655,503173828125;703,3214111328125;41519,81640625;-172,6195068359375;382,8670349121094;-0,7165005207061768;1,2163821458816528;0,4098550081253052;0,34315550327301025;0,017406152561306953
1036;1655,503173828125;703,3214111328125;41519,81640625;-115,85831451416016;382,83514404296875;-2,7171692848205566;1,1667770147323608;0,3943610191345215;0,32939720153808594;0,016512339934706688
1037;1655,503173828125;703,3214111328125;41519,81640625;-96,4952163696289;380,7806091308594;-1,90641188621521;1,206363558769226;0,4119446277618408;0,33945193886756897;0,017300961539149284
1038;1655,503173828125;703,3214111328125;41519,81640625;-141,1201171875;355,0085144042969;0,14925695955753326;1,183892846107483;0,405914843082428;0,33304548263549805;0,016927121207118034
1039;1655,503173828125;703,3214111328125;41519,81640625;-144,07730102539062;356,1295166015625;-0,18901149928569794;1,1966930627822876;0,4148433804512024;0,3356267511844635;0,017209306359291077
1040;1655,503173828125;703,3214111328125;41519,81640625;-140,67347717285156;346,7283935546875;-1,1828187704086304;1,1636767387390137;0,4028010964393616;0,3267107307910919;0,0166387427598238
1041;1655,503173828125;703,3214111328125;41519,81640625;-149,2308349609375;340,7547912597656;-0,12455235421657562;1,1899471282958984;0,4168165624141693;0,3329930901527405;0,017190882936120033
1042;1655,503173828125;703,3214111328125;41519,81640625;-104,94361877441406;340,2649841308594;-1,0967577695846558;1,182673454284668;0,41676798462867737;0,33040669560432434;0,01710868999361992
1043;1655,503173828125;703,3214111328125;41519,81640625;-113,61946868896484;329,04632568359375;-0,23304453492164612;1,2024223804473877;0,432710200548172;0,33418458700180054;0,01750488020479679
1044;1655,503173828125;703,3214111328125;41519,81640625;-117,26636505126953;319,81219482421875;-0,10994857549667358;1,1641005277633667;0,4210815727710724;0,32303816080093384;0,0168511513620615
1045;1655,503173828125;703,3214111328125;41519,81640625;-100,90479278564453;314,4090881347656;-0,5831030011177063;1,1556118726730347;0,4227464199066162;0,3197495937347412;0,01673961617052555
1046;1655,503173828125;703,3214111328125;41519,81640625;-123,55415344238281;295,6632080078125;2,8297531604766846;1,1304354667663574;0,4189992845058441;0,311768501996994;0,016304848715662956
1047;1655,503173828125;703,3214111328125;41519,81640625;-96,28349304199219;283,7646484375;0,4899275004863739;1,1209166049957275;0,4111364185810089;0,30926990509033203;0,016216788440942764
1048;1655,503173828125;703,3214111328125;41519,81640625;-115,88287353515625;273,908935546875;5,536034107208252;1,0961403846740723;0,4090370237827301;0,30119848251342773;0,01578892394900322
1049;1655,503173828125;703,3214111328125;41519,81640625;-110,63892364501953;268,24078369140625;1,4718230962753296;1,0816725492477417;0,40512874722480774;0,29656001925468445;0,015573671087622643
1050;1655,503173828125;703,3214111328125;41519,81640625;-114,34949493408203;256,3916320800781;1,7562661170959473;1,0848912000656128;0,4104066789150238;0,2965044677257538;0,015700846910476685
1051;1655,503173828125;703,3214111328125;41519,81640625;-89,01835632324219;255,49253845214844;0,568676769733429;1,0854095220565796;0,4192199110984802;0,2953549325466156;0,015754543244838715
1052;1655,503173828125;703,3214111328125;41519,81640625;-108,67704010009766;240,47390747070312;0,8337160348892212;1,0724024772644043;0,407928466796875;0,29160308837890625;0,01559031568467617
1053;1655,503173828125;703,3214111328125;41519,81640625;-100,02142333984375;243,6267547607422;1,282012701034546;1,0286725759506226;0,3992633819580078;0,278520792722702;0,014779387973248959
1054;1655,503173828125;703,3214111328125;41519,81640625;-62,92197799682617;238,88148498535156;0,058249011635780334;1,0399861335754395;0,4064667820930481;0,2807173728942871;0,015076077543199062
1055;1655,503173828125;703,3214111328125;41519,81640625;-78,07349395751953;230,28662109375;0,12547582387924194;1,053717017173767;0,41232362389564514;0,2836464047431946;0,01542508415877819
1056;1655,503173828125;703,3214111328125;41519,81640625;-73,78794860839844;227,61021423339844;-0,3290862739086151;1,0154417753219604;0,40699657797813416;0,2721787989139557;0,014706923626363277
1057;1655,503173828125;703,3214111328125;41519,81640625;-98,32899475097656;212,59039306640625;1,7181545495986938;0,9904375672340393;0,3968171179294586;0,26475924253463745;0,014273383654654026
1058;1655,503173828125;703,3214111328125;41519,81640625;-63,15039825439453;218,14871215820312;-0,914867103099823;1,0120598077774048;0,4077606201171875;0,26970377564430237;0,014788320288062096
1059;1655,503173828125;703,3214111328125;41519,81640625;-65,3415298461914;211,66932678222656;-1,7115036249160767;1,008122205734253;0,4073858857154846;0,2678416967391968;0,01478048786520958
1060;1655,503173828125;703,3214111328125;41519,81640625;-53,636104583740234;208,90438842773438;1,7950847148895264;0,9897996783256531;0,4086661636829376;0,26203206181526184;0,014458191581070423
1061;1655,503173828125;703,3214111328125;41519,81640625;-16,760955810546875;210,8497772216797;-0,037643253803253174;0,9605841040611267;0,4008709788322449;0,25351211428642273;0,01391553319990635
1062;1655,503173828125;703,3214111328125;41519,81640625;-39,10820770263672;210,3791046142578;2,2747256755828857;0,9180598855018616;0,3841097056865692;0,24160699546337128;0,013091023080050945
1063;1655,503173828125;703,3214111328125;41519,81640625;-37,9730110168457;195,49363708496094;-0,5085691809654236;0,8950623869895935;0,3783112168312073;0,23488202691078186;0,012660043314099312
1064;1655,503173828125;703,3214111328125;41519,81640625;-36,87464141845703;189,1814727783203;0,42825284600257874;0,888567328453064;0,3815782964229584;0,2325470745563507;0,012572364881634712
1065;1655,503173828125;703,3214111328125;41519,81640625;-37,55704879760742;189,8528289794922;1,1192198991775513;0,8868945837020874;0,3787958323955536;0,23151084780693054;0,012617661617696285
1066;1655,503173828125;703,3214111328125;41519,81640625;-7,249362468719482;182,4536895751953;0,7882973551750183;0,8576647639274597;0,3725685477256775;0,22336189448833466;0,012024972587823868
1067;1655,503173828125;703,3214111328125;41519,81640625;-0,7495182156562805;182,7853546142578;-0,69678795337677;0,8487705588340759;0,37134599685668945;0,220559760928154;0,011888755485415459
1068;1655,503173828125;703,3214111328125;41519,81640625;-12,987070083618164;179,10855102539062;-0,5518134832382202;0,851405143737793;0,37124189734458923;0,2207280546426773;0,012022762559354305
1069;1655,503173828125;703,3214111328125;41519,81640625;12,908514022827148;184,50949096679688;-0,9614832401275635;0,8310517072677612;0,3645186126232147;0,21503767371177673;0,01162559725344181
1070;1655,503173828125;703,3214111328125;41519,81640625;-15,838380813598633;174,66305541992188;0,6637779474258423;0,825950026512146;0,36361420154571533;0,21332699060440063;0,011572690680623055
1071;1655,503173828125;703,3214111328125;41519,81640625;8,551705360412598;177,05360412597656;-1,358588695526123;0,805756688117981;0,3577004671096802;0,2078152745962143;0,011162841692566872
1072;1655,503173828125;703,3214111328125;41519,81640625;42,04608917236328;183,84619140625;-2,563504457473755;0,7570147514343262;0,34148669242858887;0,19511030614376068;0,010048605501651764
1073;1655,503173828125;703,3214111328125;41519,81640625;28,5347843170166;171,75344848632812;-1,6205263137817383;0,7818233966827393;0,34473535418510437;0,20095118880271912;0,010723022744059563
1074;1655,503173828125;703,3214111328125;41519,81640625;41,11675262451172;173,6729278564453;-0,8051944971084595;0,7706927061080933;0,3481857180595398;0,1981692910194397;0,010503504425287247
1075;1655,503173828125;703,3214111328125;41519,81640625;56,60091781616211;178,0692596435547;-2,073391914367676;0,7509909272193909;0,3378295600414276;0,1928553581237793;0,010087299160659313
1076;1655,503173828125;703,3214111328125;41519,81640625;-18,373680114746094;161,45433044433594;1,2176244258880615;0,7484954595565796;0,3442152440547943;0,19242271780967712;0,010047419928014278
1077;1655,503173828125;703,3214111328125;41519,81640625;40,937461853027344;178,4079132080078;-2,1545262336730957;0,7205851674079895;0,3296129107475281;0,18507952988147736;0,00942324660718441
1078;1655,503173828125;703,3214111328125;41519,81640625;4,054263591766357;169,2351531982422;0,48163625597953796;0,7207896709442139;0,3270632028579712;0,18494988977909088;0,00949167925864458
1079;1655,503173828125;703,3214111328125;41519,81640625;46,82223892211914;181,162109375;-1,0990607738494873;0,7186816334724426;0,3239113688468933;0,1842753142118454;0,009491495788097382
1080;1655,503173828125;703,3214111328125;41519,81640625;44,47456359863281;181,567138671875;1,514812707901001;0,687895655632019;0,3172033429145813;0,17683644592761993;0,008719244971871376
1081;1655,503173828125;703,3214111328125;41519,81640625;58,71861267089844;183,45779418945312;-1,2599098682403564;0,6949887275695801;0,3162250518798828;0,17847950756549835;0,008970165625214577
1082;1655,503173828125;703,3214111328125;41519,81640625;32,956626892089844;170,2081756591797;-0,42116448283195496;0,67134690284729;0,31099751591682434;0,17288710176944733;0,008360005915164948
1083;1655,503173828125;703,3214111328125;41519,81640625;63,43253707885742;177,10275268554688;-0,6615354418754578;0,6765304803848267;0,3051433265209198;0,17382298409938812;0,008555197156965733
1084;1655,503173828125;703,3214111328125;41519,81640625;40,459163665771484;181,16172790527344;-0,6759089231491089;0,6728528738021851;0,30617576837539673;0,173250213265419;0,008508467115461826
1085;1655,503173828125;703,3214111328125;41519,81640625;53,043392181396484;176,80816650390625;2,3054685592651367;0,6451109647750854;0,29744279384613037;0,16661714017391205;0,007753256242722273
1086;1655,503173828125;703,3214111328125;41519,81640625;42,180572509765625;178,45477294921875;2,291006326675415;0,6519871354103088;0,2971111834049225;0,16838698089122772;0,008000308647751808
1087;1655,503173828125;703,3214111328125;41519,81640625;88,65723419189453;185,38204956054688;-2,0618526935577393;0,6420033574104309;0,29703977704048157;0,1664523184299469;0,007725964765995741
1088;1655,503173828125;703,3214111328125;41519,81640625;107,00180053710938;186,40084838867188;-2,5502538681030273;0,6492637395858765;0,29765453934669495;0,16844163835048676;0,007985689677298069
1089;1655,503173828125;703,3214111328125;41519,81640625;46,29290008544922;180,37344360351562;2,294578790664673;0,6602317690849304;0,2974969446659088;0,17121030390262604;0,008355668745934963
1090;1655,503173828125;703,3214111328125;41519,81640625;84,94136810302734;186,64334106445312;1,9256750345230103;0,658638060092926;0,29772844910621643;0,17125791311264038;0,008332124911248684
1091;1655,503173828125;703,3214111328125;41519,81640625;81,00039672851562;182,80322265625;1,3819576501846313;0,6521684527397156;0,2905440032482147;0,16959819197654724;0,00819064024835825
1092;1655,503173828125;703,3214111328125;41519,81640625;73,90469360351562;181,0092010498047;0,8340582847595215;0,6562409996986389;0,2894352078437805;0,170814648270607;0,008340337313711643
1093;1655,503173828125;703,3214111328125;41519,81640625;87,45262908935547;192,35650634765625;-0,5525692105293274;0,6475152969360352;0,28439417481422424;0,1688653528690338;0,00811163429170847
1094;1655,503173828125;703,3214111328125;41519,81640625;78,06698608398438;194,857177734375;0,7329093813896179;0,6698845028877258;0,29299160838127136;0,17504504323005676;0,008782850578427315
1095;1655,503173828125;703,3214111328125;41519,81640625;79,31893157958984;201,31361389160156;1,9047214984893799;0,6715871691703796;0,2924061417579651;0,17584247887134552;0,00885072536766529
1096;1655,503173828125;703,3214111328125;41519,81640625;79,52389526367188;208,13063049316406;1,455143928527832;0,6640954613685608;0,2852748930454254;0,17399148643016815;0,008669649250805378
1097;1655,503173828125;703,3214111328125;41519,81640625;82,03477478027344;208,95042419433594;0,5422346591949463;0,6662316918373108;0,2842099368572235;0,174843430519104;0,008749608881771564
1098;1655,503173828125;703,3214111328125;41519,81640625;100,43545532226562;219,90478515625;0,815911591053009;0,6841238141059875;0,28534066677093506;0,17938047647476196;0,009264632128179073
1099;1655,503173828125;703,3214111328125;41519,81640625;82,62740325927734;221,7183837890625;-1,5349574089050293;0,6631275415420532;0,2759511470794678;0,17430230975151062;0,008677387610077858
1100;1655,503173828125;703,3214111328125;41519,81640625;90,9596939086914;230,94786071777344;-1,732999324798584;0,6768920421600342;0,2807171642780304;0,17832845449447632;0,009097466245293617
1101;1655,503173828125;703,3214111328125;41519,81640625;111,23478698730469;232,03611755371094;-1,973497748374939;0,692760705947876;0,28331345319747925;0,1825886219739914;0,00955104734748602
1102;1655,503173828125;703,3214111328125;41519,81640625;86,86944580078125;237,81137084960938;-2,6627256870269775;0,7032942771911621;0,28282564878463745;0,1853368878364563;0,009837123565375805
1103;1655,503173828125;703,3214111328125;41519,81640625;104,41969299316406;245,06752014160156;-1,1442676782608032;0,6969667077064514;0,2785687744617462;0,18397320806980133;0,009668705053627491
1104;1655,503173828125;703,3214111328125;41519,81640625;104,16246032714844;246,44712829589844;-2,001070499420166;0,6899896264076233;0,2734833359718323;0,18234962224960327;0,009468757547438145
1105;1655,503173828125;703,3214111328125;41519,81640625;104,62078094482422;252,8736572265625;-0,7315892577171326;0,7058773636817932;0,27801209688186646;0,18681704998016357;0,00992528721690178
1106;1655,503173828125;703,3214111328125;41519,81640625;119,56257629394531;262,7171936035156;-1,246688961982727;0,7186520099639893;0,2797768712043762;0,19026122987270355;0,01026795245707035
1107;1655,503173828125;703,3214111328125;41519,81640625;105,31975555419922;264,05889892578125;-0,9785909652709961;0,7260690927505493;0,2803521156311035;0,19238713383674622;0,010465594008564949
1108;1655,503173828125;703,3214111328125;41519,81640625;103,82450866699219;275,5837707519531;-0,6434595584869385;0,7289043664932251;0,2768179774284363;0,19293369352817535;0,010484881699085236
1109;1655,503173828125;703,3214111328125;41519,81640625;114,14654541015625;283,3407287597656;-0,23442789912223816;0,7308934926986694;0,27611157298088074;0,19366715848445892;0,010544444434344769
1110;1655,503173828125;703,3214111328125;41519,81640625;127,94619750976562;289,87255859375;0,438404381275177;0,746602475643158;0,2794765532016754;0,1978348046541214;0,010945540852844715
1111;1655,503173828125;703,3214111328125;41519,81640625;129,4315185546875;295,3644714355469;-0,21757811307907104;0,7288358807563782;0,27138641476631165;0,1932756006717682;0,01044789794832468
1112;1655,503173828125;703,3214111328125;41519,81640625;108,96868133544922;311,9141540527344;1,308422565460205;0,7489728331565857;0,2767118811607361;0,1985878199338913;0,010972635820508003
1113;1655,503173828125;703,3214111328125;41519,81640625;115,127197265625;323,70172119140625;-2,1425182819366455;0,7617824673652649;0,2792654037475586;0,20187094807624817;0,011262370273470879
1114;1655,503173828125;703,3214111328125;41519,81640625;128,21034240722656;327,813232421875;-2,278024435043335;0,7533421516418457;0,2748352885246277;0,19967599213123322;0,011018016375601292
1115;1655,503173828125;703,3214111328125;41519,81640625;117,64714050292969;341,5110168457031;-3,447230577468872;0,7729156613349915;0,280487596988678;0,2047901451587677;0,011517643928527832
1116;1655,503173828125;703,3214111328125;41519,81640625;96,62313842773438;349,40301513671875;-2,222111940383911;0,7626002430915833;0,27550777792930603;0,2019188404083252;0,011159062385559082
1117;1655,503173828125;703,3214111328125;41519,81640625;107,64830780029297;362,46966552734375;-2,8308331966400146;0,7698003053665161;0,2767719626426697;0,20383331179618835;0,011393954046070576
1118;1655,503173828125;703,3214111328125;41519,81640625;103,48774719238281;366,92828369140625;-5,894497871398926;0,7846519351005554;0,28102588653564453;0,20759251713752747;0,011750857345759869
1119;1655,503173828125;703,3214111328125;41519,81640625;87,52381134033203;375,2915344238281;-2,1403157711029053;0,7886389493942261;0,28102684020996094;0,2084999829530716;0,011847171001136303
1120;1655,503173828125;703,3214111328125;41519,81640625;81,01587677001953;382,44586181640625;-3,0407629013061523;0,7905881404876709;0,28064021468162537;0,2087877243757248;0,011863285675644875
1121;1655,503173828125;703,3214111328125;41519,81640625;79,56127166748047;391,43817138671875;-3,6020398139953613;0,7967888712882996;0,28302106261253357;0,2101409137248993;0,011944099329411983
1122;1655,503173828125;703,3214111328125;41519,81640625;89,7095718383789;403,67822265625;-2,876586675643921;0,8001569509506226;0,2837828993797302;0,2107487916946411;0,011984048411250114
1123;1655,503173828125;703,3214111328125;41519,81640625;67,39698028564453;406,9904479980469;-3,708012342453003;0,7966973185539246;0,2810174524784088;0,20950956642627716;0,011879982426762581
1124;1655,503173828125;703,3214111328125;41519,81640625;53,846343994140625;425,5317077636719;-1,8103077411651611;0,8228752613067627;0,29102322459220886;0,2160581797361374;0,012494842521846294
1125;1655,503173828125;703,3214111328125;41519,81640625;53,35025405883789;431,0055847167969;-2,3408305644989014;0,8240343332290649;0,29296162724494934;0,2160363644361496;0,012424681335687637
1126;1655,503173828125;703,3214111328125;41519,81640625;43,130950927734375;445,5015869140625;-2,357578992843628;0,840360164642334;0,2950271964073181;0,21976813673973083;0,012881609611213207
1127;1655,503173828125;703,3214111328125;41519,81640625;52,35662841796875;452,2591247558594;-4,481202125549316;0,834886372089386;0,29277193546295166;0,21786028146743774;0,012690691277384758
1128;1655,503173828125;703,3214111328125;41519,81640625;18,570240020751953;460,22906494140625;-4,495737552642822;0,8308824300765991;0,29143017530441284;0,21633346378803253;0,012530948035418987
1129;1655,503173828125;703,3214111328125;41519,81640625;32,48780822753906;467,2727355957031;-6,488563537597656;0,8399463891983032;0,2960522770881653;0,2182495892047882;0,01268716435879469
1130;1655,503173828125;703,3214111328125;41519,81640625;30,908166885375977;472,21575927734375;-6,172856330871582;0,8492472767829895;0,3008643090724945;0,22020874917507172;0,012848344631493092
1131;1655,503173828125;703,3214111328125;41519,81640625;26,97773551940918;479,91729736328125;-5,849854469299316;0,8358790874481201;0,29175928235054016;0,21590876579284668;0,01250526588410139
1132;1655,503173828125;703,3214111328125;41519,81640625;46,609413146972656;487,7115478515625;-5,789121627807617;0,8567790389060974;0,30450719594955444;0,22105242311954498;0,012915920466184616
1133;1655,503173828125;703,3214111328125;41519,81640625;8,929122924804688;503,81256103515625;-5,8944010734558105;0,8792071342468262;0,3137703239917755;0,22629113495349884;0,01341331098228693
1134;1655,503173828125;703,3214111328125;41519,81640625;14,647825241088867;497,39874267578125;-6,473729133605957;0,8414630889892578;0,29395267367362976;0,21549347043037415;0,012463451363146305
1135;1655,503173828125;703,3214111328125;41519,81640625;29,266836166381836;503,7655944824219;-5,630341053009033;0,845054566860199;0,2933759391307831;0,2156209796667099;0,012508641928434372
1136;1655,503173828125;703,3214111328125;41519,81640625;38,44962692260742;504,1181640625;-7,458973407745361;0,877045214176178;0,3042733073234558;0,22306503355503082;0,01324425358325243
1137;1655,503173828125;703,3214111328125;41519,81640625;35,40360641479492;514,4507446289062;-6,39805793762207;0,8758365511894226;0,3063376247882843;0,22225382924079895;0,013139358721673489
1138;1655,503173828125;703,3214111328125;41519,81640625;22,327375411987305;529,79345703125;-6,750614643096924;0,8662800192832947;0,3019571006298065;0,2190430611371994;0,012840739451348782
1139;1655,503173828125;703,3214111328125;41519,81640625;16,317750930786133;531,6959228515625;-6,6514177322387695;0,8720245957374573;0,31090590357780457;0,22038932144641876;0,012862017378211021
1140;1655,503173828125;703,3214111328125;41519,81640625;1,8869577646255493;542,4915771484375;-7,7080535888671875;0,8826273679733276;0,30449286103248596;0,2214701622724533;0,013117130845785141
1141;1655,503173828125;703,3214111328125;41519,81640625;-1,8424502611160278;548,4619140625;-9,011481285095215;0,8908595442771912;0,3163697123527527;0,22365038096904755;0,013209918513894081
1142;1655,503173828125;703,3214111328125;41519,81640625;4,716083526611328;554,9593505859375;-8,668312072753906;0,8856268525123596;0,31017085909843445;0,22124825417995453;0,013033941388130188
1143;1655,503173828125;703,3214111328125;41519,81640625;7,741452217102051;552,2146606445312;-9,8113431930542;0,9103028178215027;0,3169195055961609;0,22654320299625397;0,013563895598053932
1144;1655,503173828125;703,3214111328125;41519,81640625;12,234585762023926;558,1828002929688;-9,408758163452148;0,9073896408081055;0,31972867250442505;0,22553293406963348;0,01341163832694292
1145;1655,503173828125;703,3214111328125;41519,81640625;-9,060077667236328;566,906982421875;-8,43980884552002;0,919772744178772;0,3220559060573578;0,227765291929245;0,013639609329402447
1146;1655,503173828125;703,3214111328125;41519,81640625;-30,981792449951172;567,7422485351562;-8,35515308380127;0,9122931361198425;0,31201285123825073;0,22454509139060974;0,013395172543823719
1147;1655,503173828125;703,3214111328125;41519,81640625;12,170716285705566;565,4613647460938;-9,954381942749023;0,8934751749038696;0,3093602657318115;0,219736248254776;0,012871406972408295
1148;1655,503173828125;703,3214111328125;41519,81640625;-1,4271165132522583;572,1941528320312;-10,099738121032715;0,9079169034957886;0,3235029876232147;0,2237488478422165;0,013111449778079987
1149;1655,503173828125;703,3214111328125;41519,81640625;-39,467193603515625;587,6522827148438;-9,048666000366211;0,8991854190826416;0,3127560019493103;0,22028298676013947;0,012855449691414833
1150;1655,503173828125;703,3214111328125;41519,81640625;0,4210463762283325;583,8191528320312;-10,378464698791504;0,9325053691864014;0,3232913911342621;0,22788065671920776;0,013568509370088577
1151;1655,503173828125;703,3214111328125;41519,81640625;19,023012161254883;576,1770629882812;-12,507681846618652;0,8986244797706604;0,3108493685722351;0,21914079785346985;0,012696130201220512
1152;1655,503173828125;703,3214111328125;41519,81640625;-14,402800559997559;593,6969604492188;-12,165367126464844;0,932088315486908;0,32377490401268005;0,2271178513765335;0,013408206403255463
1153;1655,503173828125;703,3214111328125;41519,81640625;-9,123648643493652;591,59033203125;-10,811172485351562;0,9052988290786743;0,30971869826316833;0,21975748240947723;0,012709961272776127
1154;1655,503173828125;703,3214111328125;41519,81640625;-5,688706874847412;595,8372192382812;-10,736093521118164;0,921740710735321;0,3205276429653168;0,22415564954280853;0,013015731237828732
1155;1655,503173828125;703,3214111328125;41519,81640625;-26,99584197998047;596,4668579101562;-11,052181243896484;0,9143528342247009;0,310134619474411;0,2212563157081604;0,012775324285030365
1156;1655,503173828125;703,3214111328125;41519,81640625;-15,341124534606934;598,8742065429688;-9,064841270446777;0,9401431679725647;0,31833094358444214;0,22733238339424133;0,013293049298226833
1157;1655,503173828125;703,3214111328125;41519,81640625;-22,0645694732666;608,9800415039062;-9,123346328735352;0,9494794607162476;0,32355546951293945;0,22982396185398102;0,013433356769382954
1158;1655,503173828125;703,3214111328125;41519,81640625;-19,896591186523438;613,8963012695312;-12,413063049316406;0,9261399507522583;0,31304946541786194;0,22390060126781464;0,012828954495489597
1159;1655,503173828125;703,3214111328125;41519,81640625;-18,632001876831055;615,4520263671875;-11,605026245117188;0,9472808837890625;0,3158549666404724;0,22857297956943512;0,013229726813733578
1160;1655,503173828125;703,3214111328125;41519,81640625;-14,201611518859863;614,1664428710938;-12,732954025268555;0,9428210854530334;0,31095391511917114;0,22724184393882751;0,013052327558398247
1161;1655,503173828125;703,3214111328125;41519,81640625;-17,332483291625977;615,1301879882812;-13,292436599731445;0,9399685263633728;0,30507394671440125;0,22616474330425262;0,012905075214803219
1162;1655,503173828125;703,3214111328125;41519,81640625;-13,734259605407715;616,3519897460938;-13,942211151123047;0,9522067904472351;0,30994701385498047;0,22955085337162018;0,013111301697790623
1163;1655,503173828125;703,3214111328125;41519,81640625;-19,770475387573242;622,1751098632812;-13,948948860168457;0,9812260866165161;0,3201879858970642;0,23706254363059998;0,013676264323294163
1164;1655,503173828125;703,3214111328125;41519,81640625;-39,450439453125;623,0806884765625;-14,727745056152344;0,9783810377120972;0,31083765625953674;0,23573672771453857;0,0135103240609169
1165;1655,503173828125;703,3214111328125;41519,81640625;-50,0242805480957;618,6399536132812;-12,013071060180664;0,9527987241744995;0,30335110425949097;0,23018832504749298;0,012904847972095013
1166;1655,503173828125;703,3214111328125;41519,81640625;-52,579471588134766;624,1649780273438;-13,4151611328125;0,9669560790061951;0,3175179958343506;0,23555730283260345;0,013184687122702599
1167;1655,503173828125;703,3214111328125;41519,81640625;-40,43247604370117;623,3833618164062;-15,309484481811523;0,9747908711433411;0,3176356554031372;0,23782451450824738;0,013286132365465164
1168;1655,503173828125;703,3214111328125;41519,81640625;-27,066640853881836;623,5421752929688;-13,387263298034668;0,9768841862678528;0,3276517391204834;0,2404491901397705;0,01328666415065527
1169;1655,503173828125;703,3214111328125;41519,81640625;-20,673267364501953;613,0184326171875;-13,795978546142578;0,9794623851776123;0,3151845932006836;0,2399962693452835;0,013254402205348015
1170;1655,503173828125;703,3214111328125;41519,81640625;-49,304691314697266;615,3935546875;-14,50460433959961;1,0116798877716064;0,3302958607673645;0,24950188398361206;0,013894733041524887
1171;1655,503173828125;703,3214111328125;41519,81640625;-43,75080871582031;610,2732543945312;-10,518001556396484;1,0093739032745361;0,3267626464366913;0,2495037466287613;0,013780340552330017
1172;1655,503173828125;703,3214111328125;41519,81640625;-86,78047180175781;611,0042724609375;-9,738024711608887;1,0127450227737427;0,32795536518096924;0,2513929307460785;0,013797979801893234
1173;1655,503173828125;703,3214111328125;41519,81640625;-52,357879638671875;607,4542236328125;-9,68309497833252;1,0287106037139893;0,34223970770835876;0,2578630745410919;0,014100654050707817
1174;1655,503173828125;703,3214111328125;41519,81640625;-82,01565551757812;608,5358276367188;-13,509416580200195;1,0343189239501953;0,3286292254924774;0,2580605745315552;0,014115286991000175
1175;1655,503173828125;703,3214111328125;41519,81640625;-33,88014221191406;595,9100952148438;-8,259344100952148;1,0241986513137817;0,3304353654384613;0,25748857855796814;0,013880188576877117
1176;1655,503173828125;703,3214111328125;41519,81640625;-72,28973388671875;603,37841796875;-9,863080978393555;1,045957326889038;0,3460846245288849;0,2655943036079407;0,014302962459623814
1177;1655,503173828125;703,3214111328125;41519,81640625;-61,39932632446289;597,9404907226562;-8,049803733825684;1,0410054922103882;0,32810166478157043;0,26301294565200806;0,014101395383477211
1178;1655,503173828125;703,3214111328125;41519,81640625;-51,33125686645508;592,1383056640625;-8,078713417053223;1,0589711666107178;0,3366140127182007;0,269322007894516;0,014434953220188618
1179;1655,503173828125;703,3214111328125;41519,81640625;-59,796546936035156;582,6307983398438;-10,053614616394043;1,0896031856536865;0,34814485907554626;0,2787923216819763;0,015013168565928936
1180;1655,503173828125;703,3214111328125;41519,81640625;-66,53382873535156;580,3785400390625;-10,343146324157715;1,0680934190750122;0,33290189504623413;0,27328062057495117;0,014504415914416313
1181;1655,503173828125;703,3214111328125;41519,81640625;-99,02394104003906;578,9313354492188;-8,246249198913574;1,0832582712173462;0,3410431146621704;0,2791246175765991;0,01478809118270874
1182;1655,503173828125;703,3214111328125;41519,81640625;-96,30404663085938;582,4130249023438;-6,455178260803223;1,120226502418518;0,3620929419994354;0,29173246026039124;0,01552160270512104
1183;1655,503173828125;703,3214111328125;41519,81640625;-74,03682708740234;570,9541625976562;-9,028526306152344;1,0866644382476807;0,3415478467941284;0,2827264070510864;0,0147883715108037
1184;1655,503173828125;703,3214111328125;41519,81640625;-99,94220733642578;571,6980590820312;-5,698775768280029;1,0922772884368896;0,35397329926490784;0,2875223755836487;0,014908167533576488
1185;1655,503173828125;703,3214111328125;41519,81640625;-98,9620361328125;563,25830078125;-7,633544445037842;1,0893712043762207;0,3424740135669708;0,2862551212310791;0,014785862527787685
1186;1655,503173828125;703,3214111328125;41519,81640625;-105,93561553955078;562,30029296875;-7,458679676055908;1,120078682899475;0,35823753476142883;0,29689785838127136;0,015386211685836315
1187;1655,503173828125;703,3214111328125;41519,81640625;-105,1904525756836;551,8279418945312;-6,961208820343018;1,131284236907959;0,35927680134773254;0,30081766843795776;0,015568170696496964
1188;1655,503173828125;703,3214111328125;41519,81640625;-108,33871459960938;543,0819702148438;-3,2739992141723633;1,107412576675415;0,3455115258693695;0,29462817311286926;0,015052273869514465
1189;1655,503173828125;703,3214111328125;41519,81640625;-97,9373779296875;531,768310546875;-5,848321437835693;1,1731715202331543;0,37184351682662964;0,3146842122077942;0,016321754083037376
1190;1655,503173828125;703,3214111328125;41519,81640625;-130,14173889160156;535,4852905273438;-5,4598917961120605;1,1807212829589844;0,37125346064567566;0,31747087836265564;0,01642725244164467
1191;1655,503173828125;703,3214111328125;41519,81640625;-99,51077270507812;527,0687255859375;-3,2990682125091553;1,1672700643539429;0,3616348206996918;0,31400445103645325;0,01611575484275818
1192;1655,503173828125;703,3214111328125;41519,81640625;-95,22307586669922;520,751953125;-4,977293491363525;1,1692280769348145;0,3702607750892639;0,3175165057182312;0,016197040677070618
1193;1655,503173828125;703,3214111328125;41519,81640625;-116,42076873779297;521,9088745117188;-4,985032558441162;1,1549707651138306;0,3644333779811859;0,3145318627357483;0,015907907858490944
1194;1655,503173828125;703,3214111328125;41519,81640625;-107,10810852050781;512,443115234375;-3,168428421020508;1,1891498565673828;0,3703652024269104;0,3238160014152527;0,01650044322013855
1195;1655,503173828125;703,3214111328125;41519,81640625;-95,73338317871094;500,6485595703125;-0,5781565308570862;1,175032615661621;0,3701152205467224;0,32202184200286865;0,016262684017419815
1196;1655,503173828125;703,3214111328125;41519,81640625;-105,2416763305664;496,1189270019531;2,1920180320739746;1,1943401098251343;0,37444862723350525;0,3278277814388275;0,016599945724010468
1197;1655,503173828125;703,3214111328125;41519,81640625;-89,99967956542969;482,7638854980469;4,542369842529297;1,1681327819824219;0,3659805655479431;0,3214019536972046;0,016101492568850517
1198;1655,503173828125;703,3214111328125;41519,81640625;-99,6016616821289;480,57421875;-0,4920380711555481;1,2034541368484497;0,37957340478897095;0,33262330293655396;0,016777081415057182
1199;1655,503173828125;703,3214111328125;41519,81640625;-99,3653793334961;467,7999267578125;-3,780874013900757;1,1952210664749146;0,377225399017334;0,3310927450656891;0,01662280783057213
1200;1655,503173828125;703,3214111328125;41519,81640625;-107,81645202636719;468,297607421875;-0,4243803322315216;1,2117912769317627;0,38601329922676086;0,3374612033367157;0,01695995032787323
1201;1655,503173828125;703,3214111328125;41519,81640625;-75,05176544189453;444,74761962890625;0,48191577196121216;1,2186626195907593;0,39038553833961487;0,34068867564201355;0,01710427924990654
1202;1655,503173828125;703,3214111328125;41519,81640625;-76,56112670898438;441,0024108886719;-2,0372467041015625;1,2138547897338867;0,38796737790107727;0,33935999870300293;0,017011504620313644
1203;1655,503173828125;703,3214111328125;41519,81640625;-76,37812042236328;440,5183410644531;-0,4718208611011505;1,2109448909759521;0,3868199586868286;0,338591605424881;0,016953833401203156
1204;1655,503173828125;703,3214111328125;41519,81640625;-95,61219024658203;424,066162109375;-1,4762256145477295;1,2062784433364868;0,3875751197338104;0,33836203813552856;0,016895798966288567
1205;1655,503173828125;703,3214111328125;41519,81640625;-69,20947265625;422,5564880371094;0,854645848274231;1,1940786838531494;0,38358885049819946;0,33456718921661377;0,0166636873036623
1206;1655,503173828125;703,3214111328125;41519,81640625;-86,40038299560547;414,6980895996094;1,4737119674682617;1,2338038682937622;0,40016859769821167;0,3478018343448639;0,017457498237490654
1207;1655,503173828125;703,3214111328125;41519,81640625;-91,60111999511719;413,2203674316406;1,8189152479171753;1,2343089580535889;0,40133434534072876;0,34796804189682007;0,01748422533273697
1208;1655,503173828125;703,3214111328125;41519,81640625;-97,60490417480469;394,11907958984375;2,819924831390381;1,2181020975112915;0,39788955450057983;0,3441353142261505;0,017213575541973114
1209;1655,503173828125;703,3214111328125;41519,81640625;-74,61243438720703;396,6186218261719;2,8616814613342285;1,2231172323226929;0,4007920026779175;0,34501126408576965;0,01732540875673294
1210;1655,503173828125;703,3214111328125;41519,81640625;-82,98870086669922;385,266845703125;1,8000023365020752;1,2327954769134521;0,4058503210544586;0,3477250933647156;0,0175322238355875
1211;1655,503173828125;703,3214111328125;41519,81640625;-76,74420928955078;384,1244812011719;2,787618398666382;1,2069900035858154;0,39908239245414734;0,3412187993526459;0,017093908041715622
1212;1655,503173828125;703,3214111328125;41519,81640625;-86,57705688476562;379,9245300292969;-1,4603849649429321;1,181596040725708;0,3930859863758087;0,3332778215408325;0,016646644100546837
1213;1655,503173828125;703,3214111328125;41519,81640625;-78,03453063964844;376,51068115234375;2,051335334777832;1,2086340188980103;0,4034132957458496;0,3416123390197754;0,017197690904140472
1214;1655,503173828125;703,3214111328125;41519,81640625;-92,07923126220703;361,3252868652344;3,0016260147094727;1,2000232934951782;0,4037964642047882;0,33821818232536316;0,017068607732653618
1215;1655,503173828125;703,3214111328125;41519,81640625;-98,28384399414062;353,58270263671875;3,375908136367798;1,189889907836914;0,4023704528808594;0,33535680174827576;0,01692325808107853
1216;1655,503173828125;703,3214111328125;41519,81640625;-97,02749633789062;348,82684326171875;1,7821004390716553;1,2138196229934692;0,41423967480659485;0,3412509858608246;0,017406415194272995
1217;1655,503173828125;703,3214111328125;41519,81640625;-89,32009887695312;342,4726257324219;1,353345513343811;1,151459813117981;0,39540788531303406;0,3234427571296692;0,01628161408007145
1218;1655,503173828125;703,3214111328125;41519,81640625;-105,41767883300781;328,6755676269531;3,853445291519165;1,2043873071670532;0,4202418029308319;0,3367308974266052;0,017282046377658844
1219;1655,503173828125;703,3214111328125;41519,81640625;-91,70734405517578;330,1384582519531;3,7631609439849854;1,1460586786270142;0,3973967432975769;0,3214499056339264;0,016278130933642387
1220;1655,503173828125;703,3214111328125;41519,81640625;-95,81011962890625;322,81512451171875;2,6358988285064697;1,1413044929504395;0,4005940556526184;0,31907734274864197;0,01623617857694626
1221;1655,503173828125;703,3214111328125;41519,81640625;-92,28502655029297;314,23492431640625;4,147332191467285;1,1552937030792236;0,40765589475631714;0,32255154848098755;0,016558261588215828
1222;1655,503173828125;703,3214111328125;41519,81640625;-74,9471664428711;312,8659362792969;2,8532097339630127;1,156891942024231;0,4141783118247986;0,32181066274642944;0,016632547602057457
1223;1655,503173828125;703,3214111328125;41519,81640625;-74,2153091430664;300,41986083984375;2,365877389907837;1,1369948387145996;0,4036138951778412;0,3166421353816986;0,016316747292876244
1224;1655,503173828125;703,3214111328125;41519,81640625;-74,611328125;288,1582336425781;2,449073314666748;1,1208505630493164;0,4071561396121979;0,31046295166015625;0,016061384230852127
1225;1655,503173828125;703,3214111328125;41519,81640625;-78,01643371582031;270,5043640136719;2,5924131870269775;1,1115257740020752;0,4077904224395752;0,3070162236690521;0,01593805104494095
1226;1655,503173828125;703,3214111328125;41519,81640625;-62,43512725830078;266,5508117675781;3,8410584926605225;1,098576307296753;0,407370388507843;0,3025292754173279;0,015744006261229515
1227;1655,503173828125;703,3214111328125;41519,81640625;-55,592079162597656;252,95602416992188;2,1355950832366943;1,1083225011825562;0,4083908498287201;0,3050134778022766;0,016008662059903145
1228;1655,503173828125;703,3214111328125;41519,81640625;-61,91885757446289;240,34193420410156;3,391383171081543;1,103389859199524;0,4136991500854492;0,30239513516426086;0,015972180292010307
1229;1655,503173828125;703,3214111328125;41519,81640625;-72,7208023071289;226,6425323486328;4,256883144378662;1,0669008493423462;0,4079228341579437;0,29113250970840454;0,015304812230169773
1230;1655,503173828125;703,3214111328125;41519,81640625;-81,81680297851562;220,27606201171875;2,6374876499176025;1,084154486656189;0,4154573380947113;0,29516494274139404;0,015720877796411514
1231;1655,503173828125;703,3214111328125;41519,81640625;-71,88118743896484;213,52687072753906;4,085197925567627;1,0609033107757568;0,406183660030365;0,28820040822029114;0,015337812714278698
1232;1655,503173828125;703,3214111328125;41519,81640625;-45,709228515625;204,61032104492188;5,763331890106201;1,047737956047058;0,410597026348114;0,28333255648612976;0,01512573566287756
1233;1655,503173828125;703,3214111328125;41519,81640625;-29,448619842529297;200,25611877441406;4,594966411590576;1,0701115131378174;0,4253220558166504;0,28833961486816406;0,015619281679391861
1234;1655,503173828125;703,3214111328125;41519,81640625;-9,404685974121094;201,4657440185547;6,344937324523926;1,0313522815704346;0,41096219420433044;0,27713704109191895;0,01493413932621479
1235;1655,503173828125;703,3214111328125;41519,81640625;-7,140974998474121;192,46788024902344;7,046737194061279;0,9976423382759094;0,4045725464820862;0,2670687139034271;0,014302951283752918
1236;1655,503173828125;703,3214111328125;41519,81640625;1,4926990270614624;185,65542602539062;3,5066771507263184;0,9902835488319397;0,3991994559764862;0,26447832584381104;0,014247776940464973
1237;1655,503173828125;703,3214111328125;41519,81640625;16,972423553466797;187,4626007080078;4,4701995849609375;0,9854884743690491;0,4042799770832062;0,26224222779273987;0,014202172867953777
1238;1655,503173828125;703,3214111328125;41519,81640625;-5,205039024353027;178,7599334716797;4,70126485824585;0,9676066040992737;0,39407798647880554;0,2568303942680359;0,013922471553087234
1239;1655,503173828125;703,3214111328125;41519,81640625;-12,413304328918457;168,05075073242188;4,532297134399414;0,9553460478782654;0,3993145823478699;0,2526407241821289;0,013710380531847477
1240;1655,503173828125;703,3214111328125;41519,81640625;31,79982566833496;166,07498168945312;5,287143230438232;0,9511499404907227;0,3985363841056824;0,25081866979599;0,013701193034648895
1241;1655,503173828125;703,3214111328125;41519,81640625;35,540775299072266;164,61431884765625;4,198934078216553;0,9143850207328796;0,387066513299942;0,24041369557380676;0,01298877876251936
1242;1655,503173828125;703,3214111328125;41519,81640625;33,8389892578125;154,6520233154297;2,749724864959717;0,880575954914093;0,37734735012054443;0,23087525367736816;0,012319334782660007
1243;1655,503173828125;703,3214111328125;41519,81640625;28,767887115478516;145,9503631591797;4,02853536605835;0,8863881230354309;0,3793427646160126;0,23178952932357788;0,012525300495326519
1244;1655,503173828125;703,3214111328125;41519,81640625;47,063575744628906;141,41046142578125;2,748652935028076;0,8672134876251221;0,3749031722545624;0,22620949149131775;0,01216729823499918
1245;1655,503173828125;703,3214111328125;41519,81640625;29,261829376220703;136,40567016601562;3,1338322162628174;0,8408287763595581;0,36776670813560486;0,218824103474617;0,011636802926659584
1246;1655,503173828125;703,3214111328125;41519,81640625;25,638582229614258;133,6817169189453;3,2239491939544678;0,8365526795387268;0,36948469281196594;0,2172575145959854;0,01159573346376419
1247;1655,503173828125;703,3214111328125;41519,81640625;24,819984436035156;135,79722595214844;2,7417376041412354;0,8289307355880737;0,36965322494506836;0,21488037705421448;0,011475827544927597
1248;1655,503173828125;703,3214111328125;41519,81640625;35,532508850097656;139,2606201171875;3,492888927459717;0,826300859451294;0,36802780628204346;0,21376721560955048;0,011494539678096771
1249;1655,503173828125;703,3214111328125;41519,81640625;39,78327560424805;138,23390197753906;1,2561135292053223;0,7936558723449707;0,3563304841518402;0,2050199955701828;0,010801357217133045
1250;1655,503173828125;703,3214111328125;41519,81640625;53,47644805908203;140,25576782226562;2,088456392288208;0,7814263105392456;0,34910890460014343;0,20148125290870667;0,010591141879558563
1251;1655,503173828125;703,3214111328125;41519,81640625;44,09792709350586;138,8630828857422;1,1090457439422607;0,7679937481880188;0,34325042366981506;0,19772517681121826;0,010333292186260223
1252;1655,503173828125;703,3214111328125;41519,81640625;35,53642272949219;145,2548065185547;1,6651723384857178;0,7874095439910889;0,3550219237804413;0,2025688886642456;0,010850955732166767
1253;1655,503173828125;703,3214111328125;41519,81640625;41,41541290283203;147,6963653564453;1,122979760169983;0,7359896898269653;0,3376813232898712;0,18937915563583374;0,009640905074775219
1254;1655,503173828125;703,3214111328125;41519,81640625;22,537918090820312;144,9912109375;1,2468976974487305;0,7322390675544739;0,33353811502456665;0,1881614774465561;0,009622704237699509
1255;1655,503173828125;703,3214111328125;41519,81640625;51,71597671508789;155,07760620117188;0,3097915053367615;0,7255999445915222;0,3323665261268616;0,1864306479692459;0,009507065638899803
1256;1655,503173828125;703,3214111328125;41519,81640625;51,00885009765625;160,01589965820312;-0,3883694112300873;0,7106878161430359;0,3279667794704437;0,1826597899198532;0,00917139183729887
1257;1655,503173828125;703,3214111328125;41519,81640625;67,44775390625;159,3934783935547;-0,8644851446151733;0,713336169719696;0,32921284437179565;0,1833280622959137;0,009295032359659672
1258;1655,503173828125;703,3214111328125;41519,81640625;52,46476745605469;157,72691345214844;-1,9886701107025146;0,6955649256706238;0,3174497187137604;0,17858047783374786;0,008899274282157421
1259;1655,503173828125;703,3214111328125;41519,81640625;65,65524291992188;158,59730529785156;-1,2126010656356812;0,6997190117835999;0,319953978061676;0,17974096536636353;0,00906339380890131
1260;1655,503173828125;703,3214111328125;41519,81640625;36,2559928894043;151,9276123046875;1,0244052410125732;0,6753344535827637;0,31138333678245544;0,1737382709980011;0,008448288775980473
1261;1655,503173828125;703,3214111328125;41519,81640625;56,02647399902344;159,12998962402344;-0,06324238330125809;0,6702610850334167;0,3111651837825775;0,17272070050239563;0,00834491103887558
1262;1655,503173828125;703,3214111328125;41519,81640625;48,03294372558594;157,1807861328125;0,4732241630554199;0,6687741279602051;0,3067028522491455;0,17226234078407288;0,008367696776986122
1263;1655,503173828125;703,3214111328125;41519,81640625;44,7785758972168;157,54991149902344;2,2815141677856445;0,6555922627449036;0,2987600266933441;0,16894041001796722;0,008036759681999683
1264;1655,503173828125;703,3214111328125;41519,81640625;60,52061080932617;160,79745483398438;1,1512081623077393;0,6463608145713806;0,2964226305484772;0,16694149374961853;0,007813218049705029
1265;1655,503173828125;703,3214111328125;41519,81640625;62,90150833129883;164,0777587890625;0,8193730711936951;0,6743634939193726;0,307394415140152;0,17432080209255219;0,008652809076011181
1266;1655,503173828125;703,3214111328125;41519,81640625;92,6011734008789;167,86447143554688;-1,998358130455017;0,6582849621772766;0,3003157377243042;0,17050106823444366;0,008238833397626877
1267;1655,503173828125;703,3214111328125;41519,81640625;70,01512145996094;162,92881774902344;-1,3444613218307495;0,6491939425468445;0,29528892040252686;0,16841579973697662;0,008015269413590431
1268;1655,503173828125;703,3214111328125;41519,81640625;69,44674682617188;160,54820251464844;0,12110912054777145;0,6495347619056702;0,29421940445899963;0,16877099871635437;0,008059795014560223
1269;1655,503173828125;703,3214111328125;41519,81640625;88,576904296875;161,06346130371094;-0,8297367691993713;0,6514762043952942;0,29434725642204285;0,16961076855659485;0,00814368762075901
1270;1655,503173828125;703,3214111328125;41519,81640625;82,81192779541016;165,15316772460938;-0,5267474055290222;0,6579172611236572;0,29396989941596985;0,17141897976398468;0,008369379676878452
1271;1655,503173828125;703,3214111328125;41519,81640625;115,34339141845703;165,8605194091797;0,12376372516155243;0,6316580772399902;0,28071004152297974;0,16486403346061707;0,0076242294162511826
1272;1655,503173828125;703,3214111328125;41519,81640625;116,2356948852539;164,72865295410156;-0,08033369481563568;0,6631619334220886;0,2907138466835022;0,17317689955234528;0,008583849295973778
1273;1655,503173828125;703,3214111328125;41519,81640625;109,25459289550781;162,03453063964844;-0,7870344519615173;0,650857150554657;0,28574639558792114;0,17047655582427979;0,008245136588811874
1274;1655,503173828125;703,3214111328125;41519,81640625;108,86321258544922;163,80218505859375;2,067201852798462;0,6716721057891846;0,288770854473114;0,17583054304122925;0,008876639418303967
1275;1655,503173828125;703,3214111328125;41519,81640625;119,01373291015625;169,11354064941406;0,3828796148300171;0,6585049033164978;0,2819150686264038;0,172756627202034;0,008517375215888023
1276;1655,503173828125;703,3214111328125;41519,81640625;137,33010864257812;173,58140563964844;0,8305239677429199;0,6740489602088928;0,28330034017562866;0,17681185901165009;0,008977732621133327
1277;1655,503173828125;703,3214111328125;41519,81640625;140,02188110351562;178,03758239746094;0,580435037612915;0,664599597454071;0,27774086594581604;0,17467011511325836;0,00871901586651802
1278;1655,503173828125;703,3214111328125;41519,81640625;138,96482849121094;179,46652221679688;2,5050711631774902;0,6859020590782166;0,2832055985927582;0,1804250329732895;0,009340202435851097
1279;1655,503173828125;703,3214111328125;41519,81640625;127,58903503417969;182,30104064941406;2,4663946628570557;0,6809588074684143;0,2774074673652649;0,179227814078331;0,009194793179631233
1280;1655,503173828125;703,3214111328125;41519,81640625;149,89906311035156;192,4856719970703;0,8659704923629761;0,6955416798591614;0,2814409136772156;0,18337032198905945;0,009623308666050434
1281;1655,503173828125;703,3214111328125;41519,81640625;140,2760009765625;203,32464599609375;0,6402271389961243;0,7033019065856934;0,2816460132598877;0,18559418618679047;0,00984147097915411
1282;1655,503173828125;703,3214111328125;41519,81640625;141,25531005859375;214,1094207763672;0,6571125388145447;0,6964170336723328;0,2760293781757355;0,18394076824188232;0,0096426447853446
1283;1655,503173828125;703,3214111328125;41519,81640625;135,41757202148438;213,23251342773438;0,13072729110717773;0,7140573859214783;0,279621958732605;0,1886795312166214;0,010125291533768177
1284;1655,503173828125;703,3214111328125;41519,81640625;129,24246215820312;224,24658203125;1,2795568704605103;0,7218925952911377;0,2820882201194763;0,19117137789726257;0,010357637889683247
1285;1655,503173828125;703,3214111328125;41519,81640625;151,54249572753906;232,46363830566406;-1,3352270126342773;0,7202787399291992;0,27940842509269714;0,1909579038619995;0,010312248021364212
1286;1655,503173828125;703,3214111328125;41519,81640625;129,91404724121094;239,98960876464844;0,4406730532646179;0,7417946457862854;0,28239303827285767;0,1963781863451004;0,010852321051061153
1287;1655,503173828125;703,3214111328125;41519,81640625;137,2725067138672;248,3945770263672;0,7086005210876465;0,7447261810302734;0,2814638614654541;0,19729603826999664;0,010923178866505623
1288;1655,503173828125;703,3214111328125;41519,81640625;142,5965118408203;256,51800537109375;-1,0294374227523804;0,7416854500770569;0,27844998240470886;0,1966223418712616;0,010830671526491642
1289;1655,503173828125;703,3214111328125;41519,81640625;138,8933868408203;260,8621826171875;0,5801562070846558;0,7379580140113831;0,27561190724372864;0,19581058621406555;0,010730436071753502
1290;1655,503173828125;703,3214111328125;41519,81640625;112,66393280029297;273,6710205078125;1,092582106590271;0,7716293334960938;0,2838898301124573;0,20429609715938568;0,011509002186357975
1291;1655,503173828125;703,3214111328125;41519,81640625;126,30874633789062;288,6099853515625;-1,8220289945602417;0,7594811916351318;0,2790467143058777;0,20140233635902405;0,01124527957290411
1292;1655,503173828125;703,3214111328125;41519,81640625;104,21061706542969;306,8998718261719;-0,38644325733184814;0,7738092541694641;0,28258922696113586;0,20518088340759277;0,011606446467339993
1293;1655,503173828125;703,3214111328125;41519,81640625;110,38445281982422;313,4497375488281;-1,2166509628295898;0,7722304463386536;0,28045761585235596;0,20473521947860718;0,011545427143573761
1294;1655,503173828125;703,3214111328125;41519,81640625;91,43891143798828;325,595947265625;-1,0696402788162231;0,7916603684425354;0,28596487641334534;0,2097807377576828;0,012028167955577374
1295;1655,503173828125;703,3214111328125;41519,81640625;98,81845092773438;325,08258056640625;-1,1259536743164062;0,8029088377952576;0,28904810547828674;0,21248117089271545;0,012227600440382957
1296;1655,503173828125;703,3214111328125;41519,81640625;59,91268539428711;353,40673828125;-2,061647891998291;0,8099863529205322;0,2905094623565674;0,21424046158790588;0,01239419262856245
1297;1655,503173828125;703,3214111328125;41519,81640625;59,83440017700195;353,9199523925781;-1,7526211738586426;0,8162990212440491;0,29176607728004456;0,21574006974697113;0,012530595064163208
1298;1655,503173828125;703,3214111328125;41519,81640625;71,78187561035156;363,0281982421875;-2,01407527923584;0,8125324249267578;0,28923505544662476;0,2145421952009201;0,012410536408424377
1299;1655,503173828125;703,3214111328125;41519,81640625;37,1356201171875;377,318359375;-0,4460105001926422;0,8124469518661499;0,2881663143634796;0,21426501870155334;0,012377257458865643
1300;1655,503173828125;703,3214111328125;41519,81640625;52,7169189453125;386,4494323730469;0,08560562133789062;0,8404601216316223;0,29778599739074707;0,22134524583816528;0,013047674670815468
1301;1655,503173828125;703,3214111328125;41519,81640625;37,15909957885742;401,2318115234375;-0,882099449634552;0,8091289401054382;0,2861155569553375;0,2127622365951538;0,012188541702926159
1302;1655,503173828125;703,3214111328125;41519,81640625;21,68987464904785;413,6666564941406;-1,006672739982605;0,8146653175354004;0,2856820523738861;0,21380497515201569;0,01232954952865839
1303;1655,503173828125;703,3214111328125;41519,81640625;43,93694305419922;416,1719665527344;-2,068009614944458;0,8177022337913513;0,2886647880077362;0,21426403522491455;0,012310382910072803
1304;1655,503173828125;703,3214111328125;41519,81640625;20,844512939453125;420,1749572753906;0,8987730145454407;0,8610095977783203;0,30434736609458923;0,22518426179885864;0,013366598635911942
1305;1655,503173828125;703,3214111328125;41519,81640625;34,314640045166016;423,148681640625;-0,9643738865852356;0,8711970448493958;0,3076309263706207;0,22735583782196045;0,013573779724538326
1306;1655,503173828125;703,3214111328125;41519,81640625;36,197757720947266;436,7169494628906;-3,046107053756714;0,8503374457359314;0,30027151107788086;0,22141186892986298;0,012990995310246944
1307;1655,503173828125;703,3214111328125;41519,81640625;47,87367248535156;439,4900817871094;-2,4882900714874268;0,8702856302261353;0,30447709560394287;0,22590592503547668;0,013469316996634007
1308;1655,503173828125;703,3214111328125;41519,81640625;44,77377700805664;449,0867919921875;-2,087693929672241;0,8583329916000366;0,30157026648521423;0,22229987382888794;0,013101311400532722
1309;1655,503173828125;703,3214111328125;41519,81640625;37,225711822509766;461,5396728515625;-3,15389084815979;0,8883494138717651;0,31244704127311707;0,2294708788394928;0,013786382973194122
1310;1655,503173828125;703,3214111328125;41519,81640625;41,940818786621094;458,0407409667969;-3,368945360183716;0,8635275959968567;0,30393660068511963;0,2224448323249817;0,013107070699334145
1311;1655,503173828125;703,3214111328125;41519,81640625;45,02089309692383;461,12493896484375;-2,9299919605255127;0,8614041805267334;0,30263248085975647;0,2212119847536087;0,012997609563171864
1312;1655,503173828125;703,3214111328125;41519,81640625;32,99124526977539;466,8135986328125;-2,568838357925415;0,8877482414245605;0,3082011938095093;0,22702474892139435;0,013608923181891441
1313;1655,503173828125;703,3214111328125;41519,81640625;54,20693588256836;469,0629577636719;-3,2429990768432617;0,8831615447998047;0,30434128642082214;0,22497116029262543;0,01343862060457468
1314;1655,503173828125;703,3214111328125;41519,81640625;46,14722442626953;476,00054931640625;-3,891357898712158;0,8647157549858093;0,3023729920387268;0,21989955008029938;0,012899728491902351
1315;1655,503173828125;703,3214111328125;41519,81640625;39,2938346862793;491,6371765136719;-6,071834564208984;0,8874814510345459;0,3106030225753784;0,22498489916324615;0,013395590707659721
1316;1655,503173828125;703,3214111328125;41519,81640625;51,38064956665039;492,9878234863281;-5,718163013458252;0,8954389095306396;0,3133203685283661;0,2262626439332962;0,013521774671971798
1317;1655,503173828125;703,3214111328125;41519,81640625;28,193483352661133;506,9918518066406;-3,66133451461792;0,8937453031539917;0,31189465522766113;0,22503140568733215;0,01341444905847311
1318;1655,503173828125;703,3214111328125;41519,81640625;26,834346771240234;515,3518676757812;-3,794768810272217;0,898411214351654;0,31433573365211487;0,22554926574230194;0,01345470268279314
1319;1655,503173828125;703,3214111328125;41519,81640625;17,92243766784668;525,8331909179688;-5,833695888519287;0,9069777131080627;0,3175436854362488;0,22699345648288727;0,01358856726437807
1320;1655,503173828125;703,3214111328125;41519,81640625;38,37717056274414;527,0842895507812;-6,7991862297058105;0,8829221725463867;0,3051704168319702;0,21991217136383057;0,012946157716214657
1321;1655,503173828125;703,3214111328125;41519,81640625;46,26741409301758;534,1193237304688;-6,5732421875;0,9020827412605286;0,31517723202705383;0,224319726228714;0,0133277652785182
1322;1655,503173828125;703,3214111328125;41519,81640625;30,75149917602539;538,0087890625;-6,594607830047607;0,9131328463554382;0,32463839650154114;0,22696232795715332;0,01349857822060585
1323;1655,503173828125;703,3214111328125;41519,81640625;22,31338882446289;542,6707763671875;-6,560841083526611;0,9189867377281189;0,3245680630207062;0,22756898403167725;0,013573323376476765
1324;1655,503173828125;703,3214111328125;41519,81640625;46,07746505737305;544,6668701171875;-7,93500280380249;0,9126300811767578;0,31567543745040894;0,22470544278621674;0,013361088931560516
1325;1655,503173828125;703,3214111328125;41519,81640625;12,96550178527832;561,523193359375;-7,511526107788086;0,9207865595817566;0,31685584783554077;0,22596774995326996;0,013478212989866734
1326;1655,503173828125;703,3214111328125;41519,81640625;11,801336288452148;564,1646728515625;-7,458144664764404;0,9193177223205566;0,3167249262332916;0,22511403262615204;0,013368027284741402
1327;1655,503173828125;703,3214111328125;41519,81640625;-6,076071262359619;570,919921875;-9,046588897705078;0,9335196018218994;0,325043648481369;0,2284826934337616;0,013621070422232151
1328;1655,503173828125;703,3214111328125;41519,81640625;-12,00912857055664;571,0850219726562;-8,995038032531738;0,9232984781265259;0,3199416697025299;0,22538308799266815;0,013308156281709671
1329;1655,503173828125;703,3214111328125;41519,81640625;-5,249040126800537;575,024169921875;-10,269699096679688;0,9471681118011475;0,3239879608154297;0,23034608364105225;0,013780331239104271
1330;1655,503173828125;703,3214111328125;41519,81640625;-8,677227020263672;574,1771240234375;-10,273077011108398;0,9205400347709656;0,31567633152008057;0,2236444503068924;0,01309394370764494
1331;1655,503173828125;703,3214111328125;41519,81640625;-21,682315826416016;580,0760498046875;-9,684879302978516;0,9445145130157471;0,31992965936660767;0,22873862087726593;0,013563912361860275
1332;1655,503173828125;703,3214111328125;41519,81640625;2,4553816318511963;576,8740844726562;-11,116816520690918;0,927746057510376;0,3224160075187683;0,22547337412834167;0,013105710968375206
1333;1655,503173828125;703,3214111328125;41519,81640625;-0,3181993365287781;577,650146484375;-11,369481086730957;0,9419690370559692;0,3220992386341095;0,22816681861877441;0,013360626064240932
1334;1655,503173828125;703,3214111328125;41519,81640625;-5,812528610229492;581,7635498046875;-11,75521183013916;0,9159098267555237;0,3094590902328491;0,2213394194841385;0,012686135247349739
1335;1655,503173828125;703,3214111328125;41519,81640625;-6,419897556304932;586,2058715820312;-11,335734367370605;0,9712774157524109;0,3220949172973633;0,2339741736650467;0,013842025771737099
1336;1655,503173828125;703,3214111328125;41519,81640625;-6,4617180824279785;590,0455322265625;-11,754230499267578;0,9413760304450989;0,30625563859939575;0,2261057198047638;0,013091946952044964
1337;1655,503173828125;703,3214111328125;41519,81640625;-0,2615046203136444;588,0482788085938;-12,958379745483398;0,9591211080551147;0,3146933913230896;0,23085586726665497;0,013422798365354538
1338;1655,503173828125;703,3214111328125;41519,81640625;8,55558967590332;581,6654052734375;-11,970315933227539;0,9564419984817505;0,3148205876350403;0,23056846857070923;0,013297215104103088
1339;1655,503173828125;703,3214111328125;41519,81640625;-15,403046607971191;588,4476318359375;-11,055960655212402;0,9708280563354492;0,3302927017211914;0,23578457534313202;0,013565697707235813
1340;1655,503173828125;703,3214111328125;41519,81640625;5,041165828704834;580,2482299804688;-11,122857093811035;0,9667443037033081;0,330576628446579;0,23543426394462585;0,013404278084635735
1341;1655,503173828125;703,3214111328125;41519,81640625;2,6670501232147217;581,0221557617188;-10,756803512573242;0,9691952466964722;0,32322797179222107;0,23539410531520844;0,013381308875977993
1342;1655,503173828125;703,3214111328125;41519,81640625;-11,857442855834961;588,8613891601562;-10,852442741394043;0,9920687079429626;0,31663164496421814;0,2395750880241394;0,013751263730227947
1343;1655,503173828125;703,3214111328125;41519,81640625;5,291576385498047;582,2566528320312;-12,52075481414795;0,988518238067627;0,32441478967666626;0,24056118726730347;0,013653366826474667
1344;1655,503173828125;703,3214111328125;41519,81640625;-29,053726196289062;586,490966796875;-11,503334045410156;0,9913167953491211;0,3311524987220764;0,2427762895822525;0,013664361089468002
1345;1655,503173828125;703,3214111328125;41519,81640625;-2,421543836593628;574,7401123046875;-11,489444732666016;0,9978458881378174;0,33421435952186584;0,24529655277729034;0,013742010109126568
1346;1655,503173828125;703,3214111328125;41519,81640625;-27,6713924407959;574,751953125;-11,846009254455566;1,004258394241333;0,32283639907836914;0,24578066170215607;0,013775554485619068
1347;1655,503173828125;703,3214111328125;41519,81640625;-11,46579647064209;566,327392578125;-11,564875602722168;1,0215275287628174;0,33866190910339355;0,25243768095970154;0,014114921912550926
1348;1655,503173828125;703,3214111328125;41519,81640625;-20,18193817138672;563,0006103515625;-9,63036060333252;0,9985020160675049;0,33101576566696167;0,24772681295871735;0,013568771071732044
1349;1655,503173828125;703,3214111328125;41519,81640625;-24,561166763305664;562,205322265625;-6,662454605102539;1,0323522090911865;0,3390031158924103;0,2567119896411896;0,014216835610568523
1350;1655,503173828125;703,3214111328125;41519,81640625;-5,67435884475708;549,7568359375;-8,001044273376465;1,0075041055679321;0,32045453786849976;0,2500569224357605;0,013610218651592731
1351;1655,503173828125;703,3214111328125;41519,81640625;-1,595615029335022;549,1618041992188;-6,982208728790283;1,0199984312057495;0,3367222845554352;0,2561882436275482;0,01385555136948824
1352;1655,503173828125;703,3214111328125;41519,81640625;6,406611919403076;544,84716796875;-7,503984451293945;1,0264135599136353;0,3336751163005829;0,2582032084465027;0,01392735168337822
1353;1655,503173828125;703,3214111328125;41519,81640625;-2,076993227005005;543,3757934570312;-6,93754243850708;1,0431445837020874;0,3325078785419464;0,26263681054115295;0,014198624528944492
1354;1655,503173828125;703,3214111328125;41519,81640625;10,110477447509766;536,9894409179688;-4,142211437225342;1,084437608718872;0,34486517310142517;0,2742394804954529;0,014974727295339108
1355;1655,503173828125;703,3214111328125;41519,81640625;-5,815450668334961;535,54248046875;-3,6311371326446533;1,065094232559204;0,33855682611465454;0,27066338062286377;0,014547357335686684
1356;1655,503173828125;703,3214111328125;41519,81640625;2,1319868564605713;526,7371826171875;-1,257361888885498;1,0878517627716064;0,3445115089416504;0,27762964367866516;0,014950094744563103
1357;1655,503173828125;703,3214111328125;41519,81640625;-17,474388122558594;516,5862426757812;-2,004110813140869;1,0668823719024658;0,3411165773868561;0,2742007374763489;0,014511708170175552
1358;1655,503173828125;703,3214111328125;41519,81640625;9,192410469055176;503,7730712890625;-2,681698799133301;1,0857868194580078;0,3376064896583557;0,27887800335884094;0,014797729440033436
1359;1655,503173828125;703,3214111328125;41519,81640625;28,66285514831543;511,9732666015625;-4,062151908874512;1,1105009317398071;0,35567739605903625;0,28844818472862244;0,015302581712603569
1360;1655,503173828125;703,3214111328125;41519,81640625;25,68451690673828;509,3597412109375;-3,4645087718963623;1,0992368459701538;0,3470778167247772;0,28609907627105713;0,015024669468402863
1361;1655,503173828125;703,3214111328125;41519,81640625;41,50898742675781;501,289794921875;-1,3530020713806152;1,0930705070495605;0,34557464718818665;0,286001980304718;0,014875343069434166
1362;1655,503173828125;703,3214111328125;41519,81640625;55,85835647583008;491,9305114746094;-0,24806292355060577;1,1142786741256714;0,35164421796798706;0,29287901520729065;0,015256448648869991
1363;1655,503173828125;703,3214111328125;41519,81640625;60,314697265625;491,1197204589844;-2,4421913623809814;1,1092660427093506;0,3527200222015381;0,2934812605381012;0,0151451975107193
1364;1655,503173828125;703,3214111328125;41519,81640625;38,757774353027344;488,3360900878906;-1,1913641691207886;1,1452137231826782;0,3615647852420807;0,3039500415325165;0,015800710767507553
1365;1655,503173828125;703,3214111328125;41519,81640625;34,04652404785156;484,6723327636719;0,20086127519607544;1,1281626224517822;0,3510779142379761;0,2998162806034088;0,015420458279550076
1366;1655,503173828125;703,3214111328125;41519,81640625;70,97396850585938;473,9642333984375;0,38600558042526245;1,126702904701233;0,34210404753685;0,2990565896034241;0,015298381447792053
1367;1655,503173828125;703,3214111328125;41519,81640625;64,7352294921875;479,956298828125;1,4643702507019043;1,1860735416412354;0,36647629737854004;0,31741851568222046;0,016448361799120903
1368;1655,503173828125;703,3214111328125;41519,81640625;55,1201171875;471,4792785644531;3,0346710681915283;1,175093173980713;0,37336400151252747;0,31797122955322266;0,016302714124321938
1369;1655,503173828125;703,3214111328125;41519,81640625;44,62446212768555;459,15325927734375;3,2851688861846924;1,1465880870819092;0,3555223047733307;0,3095507025718689;0,015691492706537247
1370;1655,503173828125;703,3214111328125;41519,81640625;36,129913330078125;455,7509460449219;5,672912120819092;1,1773816347122192;0,3675961196422577;0,3196070194244385;0,016276469454169273
1371;1655,503173828125;703,3214111328125;41519,81640625;31,61655044555664;442,4637756347656;5,909348964691162;1,1363887786865234;0,3509335517883301;0,30861490964889526;0,015461417846381664
1372;1655,503173828125;703,3214111328125;41519,81640625;9,798646926879883;443,94732666015625;3,9407601356506348;1,1747466325759888;0,37383657693862915;0,32282763719558716;0,016255738213658333
1373;1655,503173828125;703,3214111328125;41519,81640625;47,544586181640625;438,33740234375;1,9966084957122803;1,1572617292404175;0,35823479294776917;0,3163335919380188;0,015839600935578346
1374;1655,503173828125;703,3214111328125;41519,81640625;48,54985427856445;426,2649841308594;4,707730293273926;1,1928273439407349;0,370057612657547;0,3270741403102875;0,016495686024427414
1375;1655,503173828125;703,3214111328125;41519,81640625;39,925079345703125;416,7077331542969;7,651177406311035;1,2137832641601562;0,38735899329185486;0,3367806375026703;0,016982698813080788
1376;1655,503173828125;703,3214111328125;41519,81640625;35,987510681152344;413,8298034667969;4,9784159660339355;1,2081162929534912;0,38241076469421387;0,3349473476409912;0,016853585839271545
1377;1655,503173828125;703,3214111328125;41519,81640625;50,734317779541016;399,19989013671875;5,41815185546875;1,1854327917099;0,374477744102478;0,3289351761341095;0,016421809792518616
1378;1655,503173828125;703,3214111328125;41519,81640625;35,848026275634766;400,0570068359375;4,973708629608154;1,2467691898345947;0,3969486653804779;0,34752699732780457;0,01758573018014431
1379;1655,503173828125;703,3214111328125;41519,81640625;27,603769302368164;394,51348876953125;5,959682941436768;1,208810806274414;0,38817131519317627;0,3386419117450714;0,016916368156671524
1380;1655,503173828125;703,3214111328125;41519,81640625;43,47819900512695;381,08099365234375;6,914784908294678;1,2325271368026733;0,3925847113132477;0,34393155574798584;0,017315156757831573
1381;1655,503173828125;703,3214111328125;41519,81640625;12,366015434265137;372,9791564941406;5,364715099334717;1,2101242542266846;0,38812923431396484;0,33888867497444153;0,016943909227848053
1382;1655,503173828125;703,3214111328125;41519,81640625;25,86998748779297;370,9172058105469;8,727411270141602;1,2230274677276611;0,39527836441993713;0,3440130650997162;0,01722375862300396
1383;1655,503173828125;703,3214111328125;41519,81640625;22,604015350341797;367,2896423339844;2,905742645263672;1,1995409727096558;0,3875654339790344;0,3365960419178009;0,016782866790890694
1384;1655,503173828125;703,3214111328125;41519,81640625;38,58222579956055;354,955078125;6,6015095710754395;1,21394681930542;0,39407745003700256;0,341017484664917;0,017074013128876686
1385;1655,503173828125;703,3214111328125;41519,81640625;0,9024997353553772;350,5229797363281;7,974313735961914;1,2263245582580566;0,4005447030067444;0,3456488251686096;0,017351943999528885
1386;1655,503173828125;703,3214111328125;41519,81640625;10,951444625854492;339,7265319824219;10,667442321777344;1,2263877391815186;0,40222829580307007;0,3452281057834625;0,017367053776979446
1387;1655,503173828125;703,3214111328125;41519,81640625;12,430910110473633;333,21099853515625;7,911550521850586;1,2097665071487427;0,39888623356819153;0,3406491279602051;0,017092140391469002
1388;1655,503173828125;703,3214111328125;41519,81640625;14,256978034973145;326,4103088378906;4,429982662200928;1,2227199077606201;0,4060201048851013;0,3431544899940491;0,017320098355412483
1389;1655,503173828125;703,3214111328125;41519,81640625;5,027091026306152;324,2508544921875;3,140498161315918;1,1967171430587769;0,39917850494384766;0,3368854224681854;0,016918692737817764
1390;1655,503173828125;703,3214111328125;41519,81640625;5,694481372833252;319,3436279296875;6,445380687713623;1,2037535905838013;0,4022275507450104;0,34012332558631897;0,017104409635066986
1391;1655,503173828125;703,3214111328125;41519,81640625;18,79349708557129;303,2077331542969;5,485182285308838;1,1960238218307495;0,40350282192230225;0,33668991923332214;0,01699303276836872
1392;1655,503173828125;703,3214111328125;41519,81640625;-11,149234771728516;295,26324462890625;8,525031089782715;1,2124515771865845;0,41067877411842346;0,34150761365890503;0,017350617796182632
1393;1655,503173828125;703,3214111328125;41519,81640625;-15,149177551269531;287,850341796875;4,545555114746094;1,1990020275115967;0,4114343523979187;0,33631443977355957;0,017121819779276848
1394;1655,503173828125;703,3214111328125;41519,81640625;-36,98749542236328;280,66168212890625;2,871401071548462;1,1947052478790283;0,41341567039489746;0,33459752798080444;0,017085673287510872
1395;1655,503173828125;703,3214111328125;41519,81640625;-86,1277084350586;276,26300048828125;3,138463258743286;1,197606086730957;0,4166686236858368;0,33524447679519653;0,017201649025082588
1396;1655,503173828125;703,3214111328125;41519,81640625;-78,35433959960938;267,8738708496094;6,209704399108887;1,1422799825668335;0,39939433336257935;0,3195171654224396;0,016215786337852478
1397;1655,503173828125;703,3214111328125;41519,81640625;-50,446224212646484;255,18995666503906;7,163039684295654;1,1442241668701172;0,4028673768043518;0,31955304741859436;0,016308052465319633
1398;1655,503173828125;703,3214111328125;41519,81640625;-54,75313186645508;258,4218444824219;4,9073896408081055;1,1279144287109375;0,39964455366134644;0,3144831657409668;0,01605217158794403
1399;1655,503173828125;703,3214111328125;41519,81640625;-42,526283264160156;244,6311492919922;6,6382317543029785;1,1342867612838745;0,404562771320343;0,315656453371048;0,016232900321483612
1400;1655,503173828125;703,3214111328125;41519,81640625;-59,16472625732422;239,93313598632812;5,891658306121826;1,1144343614578247;0,40629228949546814;0,30855506658554077;0,015887215733528137
1401;1655,503173828125;703,3214111328125;41519,81640625;-63,106266021728516;228,51434326171875;7,132903099060059;1,1085940599441528;0,40482062101364136;0,30660682916641235;0,015850165858864784
1402;1655,503173828125;703,3214111328125;41519,81640625;-54,295066833496094;227,53851318359375;5,533058166503906;1,1112070083618164;0,41117218136787415;0,3063022196292877;0,01595320552587509
1403;1655,503173828125;703,3214111328125;41519,81640625;-51,42145919799805;224,95191955566406;4,637456893920898;1,111178994178772;0,414388507604599;0,305528849363327;0,016018487513065338
1404;1655,503173828125;703,3214111328125;41519,81640625;-76,46437072753906;216,50454711914062;5,111856937408447;1,097698450088501;0,4084042012691498;0,30143749713897705;0,015836121514439583
1405;1655,503173828125;703,3214111328125;41519,81640625;-72,90865325927734;219,1779022216797;5,273085594177246;1,0923329591751099;0,41309598088264465;0,2987825274467468;0,015789205208420753
1406;1655,503173828125;703,3214111328125;41519,81640625;-63,98524856567383;211,69769287109375;5,466581344604492;1,0573139190673828;0,3996688723564148;0,28863194584846497;0,015172078274190426
1407;1655,503173828125;703,3214111328125;41519,81640625;-62,047950744628906;205,87420654296875;5,5827860832214355;1,0882023572921753;0,41669291257858276;0,29600444436073303;0,01585051603615284
1408;1655,503173828125;703,3214111328125;41519,81640625;-55,01708221435547;199,5868377685547;5,372308731079102;1,0238609313964844;0,39549678564071655;0,27761685848236084;0,01463788840919733
1409;1655,503173828125;703,3214111328125;41519,81640625;-73,2658462524414;189,65792846679688;3,3119070529937744;1,0269393920898438;0,40915676951408386;0,2770406901836395;0,014730422757565975
1410;1655,503173828125;703,3214111328125;41519,81640625;-61,884788513183594;188,6859893798828;5,060595512390137;1,0142526626586914;0,40017956495285034;0,2731609046459198;0,01458153035491705
1411;1655,503173828125;703,3214111328125;41519,81640625;-88,3033676147461;176,3175048828125;5,577916145324707;1,0214827060699463;0,40976884961128235;0,2740723192691803;0,01478487066924572
1412;1655,503173828125;703,3214111328125;41519,81640625;-78,19805145263672;172,20716857910156;4,859327793121338;0,9819053411483765;0,39888468384742737;0,26255375146865845;0,014044022187590599
1413;1655,503173828125;703,3214111328125;41519,81640625;-59,02448654174805;171,3290252685547;5,049182415008545;0,9855056405067444;0,40444087982177734;0,26266515254974365;0,014181287959218025
1414;1655,503173828125;703,3214111328125;41519,81640625;-71,06824493408203;165,84307861328125;6,445044040679932;0,985644519329071;0,4038405418395996;0,2619950473308563;0,014273207634687424
1415;1655,503173828125;703,3214111328125;41519,81640625;-39,851600646972656;166,54403686523438;4,084644794464111;0,9555445313453674;0,3969493508338928;0,25314584374427795;0,013709984719753265
1416;1655,503173828125;703,3214111328125;41519,81640625;-58,30172348022461;147,9753875732422;5,442476749420166;0,9498606324195862;0,38726916909217834;0,251043438911438;0,013681458309292793
1417;1655,503173828125;703,3214111328125;41519,81640625;-19,26974868774414;155,15016174316406;4,201671600341797;0,9311221241950989;0,39450180530548096;0,2451828122138977;0,01332615502178669
1418;1655,503173828125;703,3214111328125;41519,81640625;-42,09762191772461;138,09036254882812;5,8903985023498535;0,9254590272903442;0,39039817452430725;0,24303565919399261;0,013297167606651783
1419;1655,503173828125;703,3214111328125;41519,81640625;-27,15029525756836;137,86288452148438;4,471502304077148;0,9073036909103394;0,38608911633491516;0,237601637840271;0,012975306250154972
1420;1655,503173828125;703,3214111328125;41519,81640625;-35,632999420166016;135,35511779785156;5,249537944793701;0,8966334462165833;0,38596993684768677;0,23418653011322021;0,012804369442164898
1421;1655,503173828125;703,3214111328125;41519,81640625;-8,449239730834961;137,46029663085938;3,721675157546997;0,8637291789054871;0,3772979974746704;0,22506080567836761;0,012137966230511665
1422;1655,503173828125;703,3214111328125;41519,81640625;-7,72042989730835;132,81495666503906;1,4286694526672363;0,8551967144012451;0,3780142664909363;0,22235950827598572;0,011998223140835762
1423;1655,503173828125;703,3214111328125;41519,81640625;2,4302871227264404;132,3478546142578;1,2507541179656982;0,8229727149009705;0,3634602725505829;0,21350052952766418;0,011358268558979034
1424;1655,503173828125;703,3214111328125;41519,81640625;12,324254035949707;131,3599090576172;2,559661865234375;0,8282482028007507;0,36786046624183655;0,21446074545383453;0,011540350504219532
1425;1655,503173828125;703,3214111328125;41519,81640625;42,65190505981445;135,43267822265625;1,7961387634277344;0,815695583820343;0,3664877414703369;0,21090729534626007;0,011300577782094479
1426;1655,503173828125;703,3214111328125;41519,81640625;31,533802032470703;132,43023681640625;1,3858025074005127;0,8133360147476196;0,3619832396507263;0,2098316252231598;0,011338585987687111
1427;1655,503173828125;703,3214111328125;41519,81640625;36,3261604309082;126,8595962524414;0,752719521522522;0,7720143795013428;0,34649521112442017;0,19894275069236755;0,010423364117741585
1428;1655,503173828125;703,3214111328125;41519,81640625;49,293277740478516;127,81497192382812;-0,2589195668697357;0,7757631540298462;0,34384533762931824;0,19947761297225952;0,010585124604403973
1429;1655,503173828125;703,3214111328125;41519,81640625;53,25868225097656;129,354736328125;1,874281644821167;0,7570595741271973;0,34068572521209717;0,19462528824806213;0,010187079198658466
1430;1655,503173828125;703,3214111328125;41519,81640625;66,98583221435547;130,87844848632812;-0,3368094265460968;0,7661120295524597;0,3441188633441925;0,19673387706279755;0,010472269728779793
1431;1655,503173828125;703,3214111328125;41519,81640625;46,32154083251953;127,31791687011719;2,024601936340332;0,7472137808799744;0,33813774585723877;0,19185394048690796;0,01006278581917286
1432;1655,503173828125;703,3214111328125;41519,81640625;35,14469528198242;115,87371826171875;3,403388738632202;0,7391346096992493;0,33846724033355713;0,1898869127035141;0,009902742691338062
1433;1655,503173828125;703,3214111328125;41519,81640625;49,553646087646484;120,76614379882812;2,311659574508667;0,7197437286376953;0,32829973101615906;0,18480132520198822;0,00947827659547329
1434;1655,503173828125;703,3214111328125;41519,81640625;90,57286834716797;128,83218383789062;0,7452992796897888;0,7006407380104065;0,32262274622917175;0,18007220327854156;0,009024969302117825
1435;1655,503173828125;703,3214111328125;41519,81640625;67,88140869140625;124,51158905029297;0,39498868584632874;0,7111494541168213;0,321935772895813;0,1824961006641388;0,00936831720173359
1436;1655,503173828125;703,3214111328125;41519,81640625;77,59710693359375;125,54077911376953;-0,9970943927764893;0,6930398941040039;0,31983402371406555;0,17831945419311523;0,008923208341002464
1437;1655,503173828125;703,3214111328125;41519,81640625;80,09806060791016;128,76004028320312;-1,9464952945709229;0,6954482197761536;0,31721094250679016;0,1788313388824463;0,009052213281393051
1438;1655,503173828125;703,3214111328125;41519,81640625;76,88784790039062;127,506591796875;-0,2881830036640167;0,678693413734436;0,31066960096359253;0,17476937174797058;0,008643514476716518
1439;1655,503173828125;703,3214111328125;41519,81640625;52,92363739013672;129,71595764160156;-0,15659700334072113;0,6690952777862549;0,3058100640773773;0,17247366905212402;0,008423952385783195
1440;1655,503173828125;703,3214111328125;41519,81640625;50,85407638549805;128,5760040283203;0,7922149896621704;0,6848679184913635;0,3112299144268036;0,17665717005729675;0,008905570022761822
1441;1655,503173828125;703,3214111328125;41519,81640625;73,55677795410156;139,66680908203125;0,3923441767692566;0,6605261564254761;0,2983933091163635;0,17051835358142853;0,00826830230653286
1442;1655,503173828125;703,3214111328125;41519,81640625;88,61016845703125;143,4392852783203;-1,4701389074325562;0,6625493764877319;0,30108410120010376;0,1714896410703659;0,008364656008780003
1443;1655,503173828125;703,3214111328125;41519,81640625;82,32881927490234;143,6018524169922;0,5330761075019836;0,6726256012916565;0,2994064688682556;0,17393547296524048;0,008692046627402306
1444;1655,503173828125;703,3214111328125;41519,81640625;83,94487762451172;146,0931854248047;0,1744987964630127;0,6649224758148193;0,2991882860660553;0,1725785881280899;0,008507132530212402
1445;1655,503173828125;703,3214111328125;41519,81640625;77,14035034179688;141,52474975585938;-0,6902323961257935;0,6592409014701843;0,2948281466960907;0,17134900391101837;0,008382134139537811
1446;1655,503173828125;703,3214111328125;41519,81640625;99,82112121582031;145,7518310546875;-1,336776614189148;0,6682870984077454;0,297481894493103;0,17400570213794708;0,008667772635817528
1447;1655,503173828125;703,3214111328125;41519,81640625;98,69129180908203;150,93743896484375;-1,7541018724441528;0,6646889448165894;0,29345837235450745;0,17329524457454681;0,008599973283708096
1448;1655,503173828125;703,3214111328125;41519,81640625;91,20841217041016;153,74424743652344;-0,6276586055755615;0,6694269776344299;0,2935047149658203;0,17481018602848053;0,008761521428823471
1449;1655,503173828125;703,3214111328125;41519,81640625;99,38412475585938;155,95001220703125;-1,2396960258483887;0,6800149083137512;0,29707399010658264;0,17796790599822998;0,009072249755263329
1450;1655,503173828125;703,3214111328125;41519,81640625;88,84735107421875;157,3282012939453;0,1843915432691574;0,6817635297775269;0,2905096709728241;0,17821599543094635;0,009160998277366161
1451;1655,503173828125;703,3214111328125;41519,81640625;86,93234252929688;166,50379943847656;1,3753960132598877;0,6927017569541931;0,29442960023880005;0,1815193146467209;0,009485933929681778
1452;1655,503173828125;703,3214111328125;41519,81640625;60,55809020996094;167,52517700195312;-0,590366542339325;0,6775914430618286;0,28893041610717773;0,1781727820634842;0,009074135683476925
1453;1655,503173828125;703,3214111328125;41519,81640625;104,46749114990234;175,65087890625;-0,6318801641464233;0,6905333995819092;0,2875823974609375;0,18139176070690155;0,009461561217904091
1454;1655,503173828125;703,3214111328125;41519,81640625;92,3760757446289;176,9669189453125;0,18181145191192627;0,7066726088523865;0,2893639802932739;0,1856430470943451;0,009912341833114624
1455;1655,503173828125;703,3214111328125;41519,81640625;86,81971740722656;185,27235412597656;0,6351159811019897;0,683251142501831;0,27828970551490784;0,1798429787158966;0,009265688247978687
1456;1655,503173828125;703,3214111328125;41519,81640625;96,39755249023438;189,7133331298828;0,3307638466358185;0,7159395217895508;0,2901783287525177;0,18882539868354797;0,010189898312091827
1457;1655,503173828125;703,3214111328125;41519,81640625;103,37971496582031;199,3415985107422;0,3168080151081085;0,7334749102592468;0,29300615191459656;0,19350172579288483;0,01066386979073286
1458;1655,503173828125;703,3214111328125;41519,81640625;114,5656967163086;212,37884521484375;1,1313992738723755;0,7295945286750793;0,2869923710823059;0,192469522356987;0,010547934100031853
1459;1655,503173828125;703,3214111328125;41519,81640625;95,65557098388672;209,39588928222656;2,674021005630493;0,7249733805656433;0,28426870703697205;0,1916491687297821;0,010438255965709686
1460;1655,503173828125;703,3214111328125;41519,81640625;94,11311340332031;217,5430450439453;1,549396276473999;0,7339286804199219;0,28450629115104675;0,19409872591495514;0,01066973339766264
1461;1655,503173828125;703,3214111328125;41519,81640625;120,50337982177734;222,9882049560547;0,5774904489517212;0,7213498950004578;0,2768755257129669;0,19087694585323334;0,010305477306246758
1462;1655,503173828125;703,3214111328125;41519,81640625;109,29399108886719;230,2109375;1,6773067712783813;0,7432786822319031;0,2810117304325104;0,19653649628162384;0,010846104472875595
1463;1655,503173828125;703,3214111328125;41519,81640625;109,44591522216797;231,37921142578125;2,5936439037323;0,7404859066009521;0,2785826325416565;0,19602543115615845;0,010774851776659489
1464;1655,503173828125;703,3214111328125;41519,81640625;110,3802719116211;237,27838134765625;-0,4283011555671692;0,7558764219284058;0,2826716899871826;0,20025111734867096;0,01119297742843628
1465;1655,503173828125;703,3214111328125;41519,81640625;83,45094299316406;245,3088836669922;0,4401892423629761;0,7553848028182983;0,2811974585056305;0,20031815767288208;0,011186009272933006
1466;1655,503173828125;703,3214111328125;41519,81640625;107,08891296386719;257,9879455566406;-0,021837979555130005;0,7611823081970215;0,28177687525749207;0,20197774469852448;0,011335928924381733
1467;1655,503173828125;703,3214111328125;41519,81640625;96,7582778930664;275,19189453125;-3,0532352924346924;0,7608407735824585;0,27896595001220703;0,20167402923107147;0,011255772784352303
1468;1655,503173828125;703,3214111328125;41519,81640625;93,30187225341797;284,06304931640625;-2,5759756565093994;0,7780747413635254;0,2836066484451294;0,2061905860900879;0,011686738580465317
1469;1655,503173828125;703,3214111328125;41519,81640625;80,11048126220703;292,5188293457031;1,5958131551742554;0,7861499786376953;0,28514009714126587;0,20831111073493958;0,011883990839123726
1470;1655,503173828125;703,3214111328125;41519,81640625;74,05590057373047;300,38067626953125;-1,47903573513031;0,7704570889472961;0,2781125009059906;0,2040645033121109;0,011426831595599651
1471;1655,503173828125;703,3214111328125;41519,81640625;81,38124084472656;307,5752868652344;-1,422120451927185;0,7906135320663452;0,283841609954834;0,209359809756279;0,011971548199653625
1472;1655,503173828125;703,3214111328125;41519,81640625;56,47147750854492;321,6032409667969;2,629093885421753;0,7981041669845581;0,2865791618824005;0,21099591255187988;0,012013006024062634
1473;1655,503173828125;703,3214111328125;41519,81640625;43,367767333984375;327,7981872558594;0,8190699815750122;0,799848735332489;0,2860579490661621;0,21131756901741028;0,012060684151947498
1474;1655,503173828125;703,3214111328125;41519,81640625;66,53955841064453;343,23846435546875;0,16129370033740997;0,7877293229103088;0,27950769662857056;0,20795726776123047;0,011775124818086624
1475;1655,503173828125;703,3214111328125;41519,81640625;52,77679443359375;347,4843444824219;-0,06225625425577164;0,8088098764419556;0,28615397214889526;0,2132321447134018;0,012287256307899952
1476;1655,503173828125;703,3214111328125;41519,81640625;57,731048583984375;356,3562316894531;0,3305692672729492;0,809427797794342;0,28580737113952637;0,2130773514509201;0,012254436500370502
1477;1655,503173828125;703,3214111328125;41519,81640625;40,458492279052734;370,7760009765625;1,5100927352905273;0,8357847332954407;0,2967984676361084;0,2196940779685974;0,01283549889922142
1478;1655,503173828125;703,3214111328125;41519,81640625;13,561630249023438;377,4187927246094;0,7587001919746399;0,8115458488464355;0,2859319746494293;0,21290777623653412;0,01220225915312767
1479;1655,503173828125;703,3214111328125;41519,81640625;23,754253387451172;386,1214599609375;-0,164821594953537;0,8325594663619995;0,29501649737358093;0,21806789934635162;0,01265676785260439
1480;1655,503173828125;703,3214111328125;41519,81640625;34,113319396972656;396,25982666015625;-2,3518970012664795;0,852008044719696;0,29923009872436523;0,2226075679063797;0,013150353915989399
1481;1655,503173828125;703,3214111328125;41519,81640625;13,193367004394531;409,4143371582031;-0,09999953955411911;0,83249831199646;0,29130759835243225;0,2169801890850067;0,012611539103090763
1482;1655,503173828125;703,3214111328125;41519,81640625;8,220030784606934;414,5887756347656;-0,08284025639295578;0,8618376851081848;0,3060271739959717;0,22432543337345123;0,013240683823823929
1483;1655,503173828125;703,3214111328125;41519,81640625;3,6749284267425537;436,2250671386719;-2,3599603176116943;0,8635845184326172;0,3049328923225403;0,22413431107997894;0,013255736790597439
1484;1655,503173828125;703,3214111328125;41519,81640625;-6,2239203453063965;447,3106689453125;-2,838865280151367;0,85704505443573;0,30182400345802307;0,22180776298046112;0,013042428530752659
1485;1655,503173828125;703,3214111328125;41519,81640625;-12,125521659851074;456,0418701171875;-3,0677831172943115;0,8606184124946594;0,3040321469306946;0,22217920422554016;0,013062762096524239
1486;1655,503173828125;703,3214111328125;41519,81640625;-10,111723899841309;462,2847900390625;-0,06175575032830238;0,8671761751174927;0,301690012216568;0,22292155027389526;0,013208196498453617
1487;1655,503173828125;703,3214111328125;41519,81640625;5,081892490386963;466,58819580078125;-3,9752423763275146;0,8531309366226196;0,2993473410606384;0,21882323920726776;0,01277210284024477
1488;1655,503173828125;703,3214111328125;41519,81640625;3,699077844619751;471,4299011230469;-3,6489791870117188;0,8631544709205627;0,2993113100528717;0,22045429050922394;0,012986733578145504
1489;1655,503173828125;703,3214111328125;41519,81640625;-5,123990058898926;477,6921081542969;-1,7892473936080933;0,8830336928367615;0,3116329610347748;0,22522883117198944;0,013382155448198318
1490;1655,503173828125;703,3214111328125;41519,81640625;-4,82455587387085;481,45989990234375;-3,515209913253784;0,8842114806175232;0,31062042713165283;0,22469569742679596;0,013354599475860596
1491;1655,503173828125;703,3214111328125;41519,81640625;-22,674013137817383;489,95269775390625;-0,32506462931632996;0,8959558606147766;0,3145458996295929;0,2269316166639328;0,013576675206422806
1492;1655,503173828125;703,3214111328125;41519,81640625;4,491262435913086;482,8153991699219;-3,5668702125549316;0,8930936455726624;0,3136965036392212;0,22548265755176544;0,013436614535748959
1493;1655,503173828125;703,3214111328125;41519,81640625;13,628131866455078;495,7551574707031;-5,6930460929870605;0,8866294622421265;0,3090483546257019;0,2229148894548416;0,013218590058386326
1494;1655,503173828125;703,3214111328125;41519,81640625;-8,174671173095703;507,6015319824219;-5,111588954925537;0,8757415413856506;0,306704580783844;0,21959896385669708;0,012873105704784393
1495;1655,503173828125;703,3214111328125;41519,81640625;-31,529178619384766;514,3575439453125;-5,945416450500488;0,9053900241851807;0,320746511220932;0,22665663063526154;0,013510306365787983
1496;1655,503173828125;703,3214111328125;41519,81640625;-34,31352615356445;519,68701171875;-6,123987197875977;0,9115526676177979;0,32382312417030334;0,22759196162223816;0,013582986779510975
1497;1655,503173828125;703,3214111328125;41519,81640625;-28,969694137573242;526,6250610351562;-5,814952850341797;0,9189789891242981;0,32223817706108093;0,22835057973861694;0,013702110387384892
1498;1655,503173828125;703,3214111328125;41519,81640625;-5,032992362976074;525,6428833007812;-7,923128128051758;0,9058742523193359;0,30985739827156067;0,223662868142128;0,013324595987796783
1499;1655,503173828125;703,3214111328125;41519,81640625;-36,866172790527344;542,0220336914062;-5,403438091278076;0,9123064279556274;0,3166145086288452;0,22507739067077637;0,013399524614214897
1500;1655,503173828125;703,3214111328125;41519,81640625;-30,02022933959961;540,257568359375;-7,830249786376953;0,9261342883110046;0,32458195090293884;0,22822262346744537;0,013644950464367867
1501;1655,503173828125;703,3214111328125;41519,81640625;-34,709983825683594;545,454345703125;-6,819698333740234;0,9120488166809082;0,31280946731567383;0,22347360849380493;0,013243897818028927
1502;1655,503173828125;703,3214111328125;41519,81640625;-14,686614990234375;543,5400390625;-7,304757118225098;0,9042417407035828;0,3113434612751007;0,22118665277957916;0,012983174994587898
1503;1655,503173828125;703,3214111328125;41519,81640625;-40,75166702270508;551,4533081054688;-8,239956855773926;0,9118400812149048;0,31034713983535767;0,2221895009279251;0,013087394647300243
1504;1655,503173828125;703,3214111328125;41519,81640625;-53,14320373535156;555,8094482421875;-8,464582443237305;0,9149891138076782;0,31499677896499634;0,22294946014881134;0,013083693571388721
1505;1655,503173828125;703,3214111328125;41519,81640625;-32,99129104614258;551,9170532226562;-7,761297225952148;0,9205910563468933;0,3144456446170807;0,22368356585502625;0,013139044865965843
1506;1655,503173828125;703,3214111328125;41519,81640625;-50,16957092285156;555,9622802734375;-9,874085426330566;0,9435217380523682;0,3228308856487274;0,22902531921863556;0,013589286245405674
1507;1655,503173828125;703,3214111328125;41519,81640625;-49,39362716674805;554,5965576171875;-9,179018020629883;0,9418590664863586;0,3247469365596771;0,22869665920734406;0,013476630672812462
1508;1655,503173828125;703,3214111328125;41519,81640625;-42,49271011352539;558,6375122070312;-10,67967700958252;0,9337474703788757;0,32230204343795776;0,2266213297843933;0,013213452883064747
1509;1655,503173828125;703,3214111328125;41519,81640625;-22,632368087768555;560,7467041015625;-9,99909782409668;0,9554104804992676;0,31948259472846985;0,23052330315113068;0,013614458031952381
1510;1655,503173828125;703,3214111328125;41519,81640625;-20,138797760009766;562,0130004882812;-10,021732330322266;0,9269530773162842;0,3112218379974365;0,22378875315189362;0,01290352363139391
1511;1655,503173828125;703,3214111328125;41519,81640625;-16,090612411499023;566,6209106445312;-9,848490715026855;0,9643117189407349;0,32931753993034363;0,233571857213974;0,013677162118256092
1512;1655,503173828125;703,3214111328125;41519,81640625;10,095459938049316;563,7446899414062;-10,961533546447754;0,9610282778739929;0,3223509192466736;0,23216290771961212;0,013520746491849422
1513;1655,503173828125;703,3214111328125;41519,81640625;-14,835115432739258;568,6371459960938;-11,40283203125;0,9792362451553345;0,3400109112262726;0,23831278085708618;0,013863109983503819
1514;1655,503173828125;703,3214111328125;41519,81640625;-6,361213684082031;561,490478515625;-9,833882331848145;0,9646845459938049;0,32643723487854004;0,23393504321575165;0,013462958857417107
1515;1655,503173828125;703,3214111328125;41519,81640625;23,61997413635254;555,972412109375;-12,496315002441406;0,9770777225494385;0,3317532539367676;0,237474724650383;0,013665703125298023
1516;1655,503173828125;703,3214111328125;41519,81640625;-11,284148216247559;561,0553588867188;-8,05453872680664;1,0132404565811157;0,33443689346313477;0,2454311102628708;0,014345357194542885
1517;1655,503173828125;703,3214111328125;41519,81640625;-3,9105124473571777;559,25390625;-7,943835258483887;1,001077651977539;0,3373810350894928;0,24398237466812134;0,01404176838696003
1518;1655,503173828125;703,3214111328125;41519,81640625;-10,354259490966797;550,9048461914062;-7,217849254608154;0,9893026947975159;0,3206227123737335;0,2399534434080124;0,013682029210031033
1519;1655,503173828125;703,3214111328125;41519,81640625;-6,321937084197998;550,2070922851562;-8,219460487365723;0,9953577518463135;0,32162636518478394;0,24196569621562958;0,013742412440478802
1520;1655,503173828125;703,3214111328125;41519,81640625;-0,5972998738288879;551,1781616210938;-9,292740821838379;1,00851309299469;0,3203965723514557;0,2451549619436264;0,013927438296377659
1521;1655,503173828125;703,3214111328125;41519,81640625;-30,883312225341797;553,9676513671875;-5,751086235046387;1,011983871459961;0,32734543085098267;0,2476467788219452;0,01396979670971632
1522;1655,503173828125;703,3214111328125;41519,81640625;-17,06015396118164;541,0728149414062;-6,61715030670166;1,0002373456954956;0,3312627971172333;0,2467820644378662;0,013686790131032467
1523;1655,503173828125;703,3214111328125;41519,81640625;13,185201644897461;532,5994873046875;-9,149033546447754;1,0052436590194702;0,3198607861995697;0,24706979095935822;0,013688510283827782
1524;1655,503173828125;703,3214111328125;41519,81640625;-8,51900577545166;532,4702758789062;-9,715279579162598;1,0502744913101196;0,34558019042015076;0,2608799338340759;0,014607003889977932
1525;1655,503173828125;703,3214111328125;41519,81640625;1,5861166715621948;525,7748413085938;-5,534552574157715;1,048882007598877;0,3480769991874695;0,2621081471443176;0,014529653824865818
1526;1655,503173828125;703,3214111328125;41519,81640625;5,622582912445068;522,1165771484375;-6,251216411590576;1,04996657371521;0,3430812656879425;0,26273512840270996;0,014481401070952415
1527;1655,503173828125;703,3214111328125;41519,81640625;17,03740882873535;523,4861450195312;-10,854957580566406;1,0483454465866089;0,34125110507011414;0,2633490562438965;0,014392499811947346
1528;1655,503173828125;703,3214111328125;41519,81640625;41,44194793701172;518,3798828125;-7,6739325523376465;1,071922779083252;0,3486090898513794;0,2705053389072418;0,014817757532000542
1529;1655,503173828125;703,3214111328125;41519,81640625;71,0534439086914;504,0841979980469;-5,700551986694336;1,0840768814086914;0,35698333382606506;0,27562981843948364;0,015027759596705437
1530;1655,503173828125;703,3214111328125;41519,81640625;62,0545654296875;504,09649658203125;-9,397045135498047;1,0665332078933716;0,34445297718048096;0,2714329659938812;0,014607305638492107
1531;1655,503173828125;703,3214111328125;41519,81640625;58,8621940612793;506,4869079589844;-6,420810222625732;1,0901468992233276;0,3432478606700897;0,2774101793766022;0,014990781433880329
1532;1655,503173828125;703,3214111328125;41519,81640625;81,83251190185547;492,3937072753906;-5,952730178833008;1,1402716636657715;0,3656245768070221;0,292721152305603;0,015960603952407837
1533;1655,503173828125;703,3214111328125;41519,81640625;71,13165283203125;488,8708801269531;-7,240906238555908;1,100372314453125;0,34542590379714966;0,2826858460903168;0,015106730163097382
1534;1655,503173828125;703,3214111328125;41519,81640625;93,00497436523438;476,8179931640625;-4,768815517425537;1,1032549142837524;0,3609016239643097;0,2873877286911011;0,01518724113702774
1535;1655,503173828125;703,3214111328125;41519,81640625;98,9714126586914;462,1690979003906;-5,204001426696777;1,0993579626083374;0,3535848557949066;0,2867845892906189;0,015057149343192577
1536;1655,503173828125;703,3214111328125;41519,81640625;93,037353515625;469,23724365234375;-2,262890338897705;1,118947982788086;0,3547073304653168;0,2924628257751465;0,015384946018457413
1537;1655,503173828125;703,3214111328125;41519,81640625;89,23623657226562;453,71014404296875;1,0389915704727173;1,136177659034729;0,3577490448951721;0,2980113923549652;0,01567237637937069
1538;1655,503173828125;703,3214111328125;41519,81640625;95,33937072753906;442,6929626464844;1,4785875082015991;1,141436219215393;0,36251500248908997;0,3014390766620636;0,01576288230717182
1539;1655,503173828125;703,3214111328125;41519,81640625;99,57759094238281;429,63433837890625;2,868514060974121;1,168793797492981;0,36295557022094727;0,3085894286632538;0,016200950369238853
1540;1655,503173828125;703,3214111328125;41519,81640625;97,35130310058594;410,19580078125;4,099069595336914;1,1410316228866577;0,35265418887138367;0,30232855677604675;0,015641937032341957
1541;1655,503173828125;703,3214111328125;41519,81640625;93,90547943115234;408,3808288574219;0,250745564699173;1,163576602935791;0,3625955581665039;0,3102695643901825;0,01606917195022106
1542;1655,503173828125;703,3214111328125;41519,81640625;126,61890411376953;406,0954284667969;0,5077239871025085;1,1769901514053345;0,3640543818473816;0,31464582681655884;0,016277337446808815
1543;1655,503173828125;703,3214111328125;41519,81640625;98,53633880615234;404,38946533203125;5,608376979827881;1,1722197532653809;0,36510857939720154;0,31519994139671326;0,016192572191357613
1544;1655,503173828125;703,3214111328125;41519,81640625;118,91666412353516;398,6100158691406;3,541872262954712;1,188339114189148;0,36991560459136963;0,32075032591819763;0,016475334763526917
1545;1655,503173828125;703,3214111328125;41519,81640625;106,15911102294922;397,0785217285156;4,325736999511719;1,1745678186416626;0,3664435148239136;0,3184036314487457;0,016212403774261475
1546;1655,503173828125;703,3214111328125;41519,81640625;133,4842071533203;387,4588317871094;5,132506847381592;1,1817920207977295;0,3698565661907196;0,32176846265792847;0,016345098614692688
1547;1655,503173828125;703,3214111328125;41519,81640625;132,176513671875;382,9427490234375;7,47705078125;1,193414330482483;0,3774915933609009;0,3270131051540375;0,016581587493419647
1548;1655,503173828125;703,3214111328125;41519,81640625;114,9581527709961;375,0866394042969;7,614095211029053;1,1743435859680176;0,3678286075592041;0,3218379616737366;0,01619068719446659
1549;1655,503173828125;703,3214111328125;41519,81640625;124,64502716064453;359,24493408203125;6,2635297775268555;1,2058666944503784;0,3829202353954315;0,3328436613082886;0,016812827438116074
1550;1655,503173828125;703,3214111328125;41519,81640625;110,81383514404297;356,6559143066406;9,168734550476074;1,1917530298233032;0,37739500403404236;0,3294922113418579;0,016539249569177628
1551;1655,503173828125;703,3214111328125;41519,81640625;128,64157104492188;337,39990234375;7,301888942718506;1,2190167903900146;0,3840456008911133;0,33713299036026;0,01702289842069149
1552;1655,503173828125;703,3214111328125;41519,81640625;106,38677215576172;328,20721435546875;5,154051303863525;1,2214267253875732;0,38572201132774353;0,33867132663726807;0,017073925584554672
1553;1655,503173828125;703,3214111328125;41519,81640625;124,33589172363281;314,0184631347656;6,555373668670654;1,2244267463684082;0,39034515619277954;0,3413107991218567;0,01716855727136135
1554;1655,503173828125;703,3214111328125;41519,81640625;120,3731460571289;320,8172607421875;4,557620048522949;1,2100557088851929;0,3830586075782776;0,3364892601966858;0,016864420846104622
1555;1655,503173828125;703,3214111328125;41519,81640625;104,3413314819336;315,490966796875;9,704680442810059;1,2611844539642334;0,40468743443489075;0,3532673120498657;0,017875248566269875
1556;1655,503173828125;703,3214111328125;41519,81640625;71,60096740722656;307,027099609375;6,896325588226318;1,2219792604446411;0,39070025086402893;0,3414776027202606;0,017131337895989418
1557;1655,503173828125;703,3214111328125;41519,81640625;92,45124816894531;303,662841796875;7,804940223693848;1,2312067747116089;0,39559853076934814;0,3447664678096771;0,017326798290014267
1558;1655,503173828125;703,3214111328125;41519,81640625;69,18312072753906;298,97369384765625;10,256416320800781;1,2124419212341309;0,39127856492996216;0,3399478793144226;0,017004553228616714
1559;1655,503173828125;703,3214111328125;41519,81640625;69,37298583984375;290,6876220703125;8,155405044555664;1,186927318572998;0,3850380480289459;0,33334097266197205;0,016563257202506065
1560;1655,503173828125;703,3214111328125;41519,81640625;55,58392333984375;282,8404235839844;5,404043674468994;1,229541540145874;0,4000644385814667;0,34430086612701416;0,017322422936558723
1561;1655,503173828125;703,3214111328125;41519,81640625;41,72142791748047;279,0774230957031;7,298651695251465;1,2464351654052734;0,4085829555988312;0,3512011170387268;0,017736997455358505
1562;1655,503173828125;703,3214111328125;41519,81640625;53,96811294555664;267,8631896972656;7,067054271697998;1,2255293130874634;0,40369272232055664;0,34558477997779846;0,017386367544531822
1563;1655,503173828125;703,3214111328125;41519,81640625;21,376420974731445;263,6768493652344;4,850888729095459;1,236471176147461;0,40941500663757324;0,3486121892929077;0,01762155257165432
1564;1655,503173828125;703,3214111328125;41519,81640625;29,92313575744629;258,37750244140625;6,475452899932861;1,2437779903411865;0,41412535309791565;0,35055893659591675;0,017791206017136574
1565;1655,503173828125;703,3214111328125;41519,81640625;43,5817756652832;252,4674835205078;3,341660499572754;1,1901131868362427;0,3988216817378998;0,33511245250701904;0,01683034375309944
1566;1655,503173828125;703,3214111328125;41519,81640625;22,37662696838379;248,10153198242188;7,146768093109131;1,215228796005249;0,4094039797782898;0,34220895171165466;0,017343711107969284
1567;1655,503173828125;703,3214111328125;41519,81640625;25,584566116333008;239,87095642089844;4,750812530517578;1,1638411283493042;0,39427193999290466;0,3276241421699524;0,016423869878053665
1568;1655,503173828125;703,3214111328125;41519,81640625;31,34084129333496;235,9508514404297;6,932726860046387;1,1814032793045044;0,4052843749523163;0,33124977350234985;0,016778992488980293
1569;1655,503173828125;703,3214111328125;41519,81640625;19,267980575561523;221,06422424316406;5,138331413269043;1,1925820112228394;0,41159918904304504;0,33420461416244507;0,01704326458275318
1570;1655,503173828125;703,3214111328125;41519,81640625;23,583290100097656;225,69039916992188;5,294491767883301;1,1912392377853394;0,40979433059692383;0,3346213102340698;0,017086533829569817
1571;1655,503173828125;703,3214111328125;41519,81640625;10,333332061767578;217,8006134033203;4,858275890350342;1,1851814985275269;0,4111086130142212;0,33219414949417114;0,01702495850622654
1572;1655,503173828125;703,3214111328125;41519,81640625;-5,574695587158203;208,47433471679688;6,190417766571045;1,1912325620651245;0,41813960671424866;0,33284133672714233;0,017190471291542053
1573;1655,503173828125;703,3214111328125;41519,81640625;-5,8672051429748535;204,03001403808594;3,417180061340332;1,1675008535385132;0,41705039143562317;0,32477623224258423;0,016774538904428482
1574;1655,503173828125;703,3214111328125;41519,81640625;5,634161472320557;204,0698699951172;5,444674491882324;1,1451770067214966;0,4085102081298828;0,3185912072658539;0,0164287518709898
1575;1655,503173828125;703,3214111328125;41519,81640625;11,071739196777344;201,7629852294922;4,556743621826172;1,1220968961715698;0,40710723400115967;0,31089073419570923;0,016031403094530106
1576;1655,503173828125;703,3214111328125;41519,81640625;6,086185932159424;196,6863555908203;6,017277240753174;1,1403710842132568;0,40859219431877136;0,3163785934448242;0,016454851254820824
1577;1655,503173828125;703,3214111328125;41519,81640625;-16,68587303161621;181,0006103515625;4,303648948669434;1,1230608224868774;0,4089808464050293;0,310310035943985;0,01618778333067894
1578;1655,503173828125;703,3214111328125;41519,81640625;-10,531289100646973;175,8240966796875;4,605770587921143;1,1397234201431274;0,4154907763004303;0,3143547475337982;0,016573430970311165
1579;1655,503173828125;703,3214111328125;41519,81640625;-22,082721710205078;165,93565368652344;3,966359853744507;1,1137378215789795;0,40760594606399536;0,306444376707077;0,016129305586218834
1580;1655,503173828125;703,3214111328125;41519,81640625;-7,894501686096191;169,4950714111328;2,930696964263916;1,100181221961975;0,4102471172809601;0,30139344930648804;0,015938973054289818
1581;1655,503173828125;703,3214111328125;41519,81640625;-25,090578079223633;164,0632781982422;6,805370807647705;1,1022604703903198;0,41799795627593994;0,3007497489452362;0,016043681651353836
1582;1655,503173828125;703,3214111328125;41519,81640625;-24,98965835571289;154,5364532470703;6,059443473815918;1,1012612581253052;0,42472776770591736;0,29928457736968994;0,016078224405646324
1583;1655,503173828125;703,3214111328125;41519,81640625;-9,023473739624023;156,31320190429688;6,021138668060303;1,0558993816375732;0,40611228346824646;0,28636401891708374;0,015268846414983273
1584;1655,503173828125;703,3214111328125;41519,81640625;-6,032551288604736;153,5929412841797;2,343580722808838;1,0599919557571411;0,4153645634651184;0,2862955629825592;0,015409832820296288
1585;1655,503173828125;703,3214111328125;41519,81640625;-17,372556686401367;151,4612274169922;3,7049331665039062;1,0553532838821411;0,42059019207954407;0,2839560806751251;0,015369555912911892
1586;1655,503173828125;703,3214111328125;41519,81640625;-12,523889541625977;147,11798095703125;5,424575328826904;1,0254895687103271;0,40795302391052246;0,2752365171909332;0,014864524826407433
1587;1655,503173828125;703,3214111328125;41519,81640625;-26,23731231689453;141,41273498535156;4,5105299949646;1,0365972518920898;0,416483610868454;0,2772948145866394;0,015156876295804977
1588;1655,503173828125;703,3214111328125;41519,81640625;-12,092187881469727;134,05799865722656;3,8859755992889404;0,9916640520095825;0,3984701633453369;0,26452717185020447;0,01432516984641552
1589;1655,503173828125;703,3214111328125;41519,81640625;-11,640486717224121;127,51968383789062;2,2352988719940186;0,9969081282615662;0,4065932631492615;0,26499444246292114;0,014499730430543423
1590;1655,503173828125;703,3214111328125;41519,81640625;-26,7679386138916;122,9775619506836;4,328732490539551;0,973945677280426;0,4045112431049347;0,25798842310905457;0,014080425724387169
1591;1655,503173828125;703,3214111328125;41519,81640625;-27,015138626098633;123,57337951660156;3,7629833221435547;0,9686487317085266;0,40311625599861145;0,25585100054740906;0,014052877202630043
1592;1655,503173828125;703,3214111328125;41519,81640625;-8,015363693237305;117,05183410644531;2,544011116027832;0,9629727005958557;0,4013991951942444;0,2536301910877228;0,014016344211995602
1593;1655,503173828125;703,3214111328125;41519,81640625;-21,81676483154297;120,67575073242188;2,4235339164733887;0,9329445958137512;0,3943684995174408;0,24499432742595673;0,013446258381009102
1594;1655,503173828125;703,3214111328125;41519,81640625;-47,73701858520508;106,29167938232422;1,3715697526931763;0,9379774332046509;0,39688819646835327;0,2456539422273636;0,013634582981467247
1595;1655,503173828125;703,3214111328125;41519,81640625;-27,66535186767578;116,07300567626953;1,8627246618270874;0,9069622159004211;0,3912197947502136;0,23691271245479584;0,01302023883908987
1596;1655,503173828125;703,3214111328125;41519,81640625;-39,83905792236328;108,92990112304688;1,8689789772033691;0,8861275315284729;0,3818798065185547;0,23089377582073212;0,01265333965420723
1597;1655,503173828125;703,3214111328125;41519,81640625;-41,847930908203125;103,4047622680664;0,8044726252555847;0,8767449855804443;0,37860986590385437;0,22790074348449707;0,012521590106189251
1598;1655,503173828125;703,3214111328125;41519,81640625;-40,14108657836914;97,57837677001953;1,1679480075836182;0,8657010793685913;0,37739792466163635;0,22456297278404236;0,012341700494289398
1599;1655,503173828125;703,3214111328125;41519,81640625;-52,863914489746094;96,85440063476562;1,750159502029419;0,8408378958702087;0,3681873381137848;0,2176733911037445;0,011853469535708427
1600;1655,503173828125;703,3214111328125;41519,81640625;-70,83634185791016;91,00273132324219;4,012006759643555;0,8469690680503845;0,3713741600513458;0,21883292496204376;0,012063292786478996
1601;1655,503173828125;703,3214111328125;41519,81640625;-67,37734985351562;85,7825698852539;1,0100393295288086;0,8148693442344666;0,35905539989471436;0,21019451320171356;0,01139390841126442
1602;1655,503173828125;703,3214111328125;41519,81640625;-79,09294128417969;88,71501159667969;3,2147133350372314;0,8090285658836365;0,3616107106208801;0,20850929617881775;0,011311618611216545
1603;1655,503173828125;703,3214111328125;41519,81640625;-49,54987335205078;91,39403533935547;1,1748985052108765;0,7972337603569031;0,3605259954929352;0,20532992482185364;0,01108122430741787
1604;1655,503173828125;703,3214111328125;41519,81640625;-60,17694091796875;87,7427978515625;1,4233005046844482;0,797076940536499;0,3513580560684204;0,20469139516353607;0,011172469705343246
1605;1655,503173828125;703,3214111328125;41519,81640625;-42,70526123046875;92,02581024169922;-0,9168958067893982;0,760261058807373;0,34273701906204224;0,1953487992286682;0,010337374173104763
1606;1655,503173828125;703,3214111328125;41519,81640625;-46,57510757446289;91,04126739501953;-0,19022516906261444;0,7521205544471741;0,3418465554714203;0,1932433843612671;0,010188983753323555
1607;1655,503173828125;703,3214111328125;41519,81640625;-46,82090759277344;92,12540435791016;0,18648160994052887;0,7358213663101196;0,3351936340332031;0,1890043169260025;0,009841716848313808
1608;1655,503173828125;703,3214111328125;41519,81640625;-29,589393615722656;100,90009307861328;-1,4568538665771484;0,7240013480186462;0,3271133303642273;0,18577946722507477;0,009604128077626228
1609;1655,503173828125;703,3214111328125;41519,81640625;-28,489343643188477;106,3971939086914;-4,800179481506348;0,7190489172935486;0,32884255051612854;0,18472380936145782;0,009523467160761356
1610;1655,503173828125;703,3214111328125;41519,81640625;-58,923526763916016;103,61450958251953;-3,8562026023864746;0,7102351784706116;0,32730233669281006;0,18265846371650696;0,009335342794656754
1611;1655,503173828125;703,3214111328125;41519,81640625;-29,580406188964844;114,46646118164062;-5,442349433898926;0,7133851647377014;0,3229086697101593;0,18319633603096008;0,009491602890193462
1612;1655,503173828125;703,3214111328125;41519,81640625;-24,8850154876709;118,92317962646484;-3,491422176361084;0,6995314955711365;0,3176644444465637;0,17983147501945496;0,009176155552268028
1613;1655,503173828125;703,3214111328125;41519,81640625;-46,46298599243164;110,50299072265625;-3,2676174640655518;0,680839478969574;0,31388843059539795;0,17551842331886292;0,008703312836587429
1614;1655,503173828125;703,3214111328125;41519,81640625;-13,07579231262207;126,69055938720703;-4,519186973571777;0,6867648959159851;0,3116286098957062;0,17690370976924896;0,008927819319069386
1615;1655,503173828125;703,3214111328125;41519,81640625;-16,994108200073242;133,8199462890625;-6,10391902923584;0,671175479888916;0,30572178959846497;0,17321522533893585;0,008540162816643715
1616;1655,503173828125;703,3214111328125;41519,81640625;-34,13752365112305;134,45924377441406;-2,4321095943450928;0,6770275235176086;0,3077830374240875;0,1749638170003891;0,00874414760619402
1617;1655,503173828125;703,3214111328125;41519,81640625;-25,854351043701172;137,34327697753906;-4,478525161743164;0,6654805541038513;0,3004697859287262;0,17212620377540588;0,008465943858027458
1618;1655,503173828125;703,3214111328125;41519,81640625;-23,01447296142578;140,2921905517578;-3,32725191116333;0,6907477378845215;0,30995213985443115;0,17885616421699524;0,009202154353260994
1619;1655,503173828125;703,3214111328125;41519,81640625;-10,682296752929688;143,71047973632812;-5,050180435180664;0,6921143531799316;0,30767250061035156;0,17934967577457428;0,009282300248742104
1620;1655,503173828125;703,3214111328125;41519,81640625;-12,259207725524902;138,05126953125;-3,337948799133301;0,6721717119216919;0,294683039188385;0,17422141134738922;0,008757387287914753
1621;1655,503173828125;703,3214111328125;41519,81640625;-20,257110595703125;138,39816284179688;-3,157834053039551;0,6697699427604675;0,29333555698394775;0,17398373782634735;0,008726848289370537
1622;1655,503173828125;703,3214111328125;41519,81640625;-7,757563591003418;136,63209533691406;-0,5642341375350952;0,6782379746437073;0,2999219596385956;0,17689110338687897;0,008986147120594978
1623;1655,503173828125;703,3214111328125;41519,81640625;-12,348864555358887;139,82383728027344;1,2624495029449463;0,6857280731201172;0,2988925874233246;0,17891885340213776;0,009232849813997746
1624;1655,503173828125;703,3214111328125;41519,81640625;19,525129318237305;153,87014770507812;-1,723359227180481;0,6781280636787415;0,29272300004959106;0,1771453619003296;0,009049718268215656
1625;1655,503173828125;703,3214111328125;41519,81640625;-1,900633692741394;164,60501098632812;0,45498284697532654;0,6768578290939331;0,29225990176200867;0,17732107639312744;0,009032288566231728
1626;1655,503173828125;703,3214111328125;41519,81640625;37,31896209716797;163,35311889648438;-2,541607141494751;0,6779535412788391;0,2908519208431244;0,17793235182762146;0,009080911055207253
1627;1655,503173828125;703,3214111328125;41519,81640625;43,971107482910156;166,6822967529297;1,1682296991348267;0,6938757300376892;0,2911033630371094;0,18197141587734222;0,009549218229949474
1628;1655,503173828125;703,3214111328125;41519,81640625;33,40940475463867;165,38681030273438;2,9987494945526123;0,6900584697723389;0,2852770984172821;0,18105533719062805;0,009448320604860783
1629;1655,503173828125;703,3214111328125;41519,81640625;27,99884033203125;166,49464416503906;0,9301576614379883;0,6992686986923218;0,2858867645263672;0,1836567521095276;0,009712164290249348
1630;1655,503173828125;703,3214111328125;41519,81640625;62,502716064453125;183,95091247558594;0,1988321989774704;0,701026201248169;0,28541290760040283;0,1845167726278305;0,009780587628483772
1631;1655,503173828125;703,3214111328125;41519,81640625;47,03729248046875;175,60354614257812;-1,3715072870254517;0,7183706164360046;0,289625346660614;0,18929804861545563;0,010262367315590382
1632;1655,503173828125;703,3214111328125;41519,81640625;36,76499557495117;175,41036987304688;0,8282565474510193;0,6972584128379822;0,27956733107566833;0,1840728372335434;0,009689312428236008
1633;1655,503173828125;703,3214111328125;41519,81640625;49,64191818237305;177,2962646484375;1,2264598608016968;0,7230635285377502;0,28626635670661926;0,19097979366779327;0,010397671721875668
1634;1655,503173828125;703,3214111328125;41519,81640625;53,404029846191406;191,12643432617188;-1,1720049381256104;0,7290936708450317;0,28265997767448425;0,19234004616737366;0,010507166385650635
1635;1655,503173828125;703,3214111328125;41519,81640625;30,51544761657715;202,6131134033203;2,5930705070495605;0,7213216423988342;0,281419962644577;0,19100676476955414;0,010353182442486286
1636;1655,503173828125;703,3214111328125;41519,81640625;50,224754333496094;209,20790100097656;-0,19237764179706573;0,7470225095748901;0,287483811378479;0,197776198387146;0,011027686297893524
1637;1655,503173828125;703,3214111328125;41519,81640625;53,63510513305664;211,12889099121094;1,6043461561203003;0,7324557900428772;0,27812424302101135;0,19384877383708954;0,010588932782411575
1638;1655,503173828125;703,3214111328125;41519,81640625;60,75556182861328;223,57455444335938;1,399272084236145;0,7386638522148132;0,2791529595851898;0,1957368701696396;0,010770484805107117
1639;1655,503173828125;703,3214111328125;41519,81640625;68,61273193359375;223,31808471679688;-0,903973400592804;0,7594214677810669;0,2842329442501068;0,20122699439525604;0,011301105841994286
1640;1655,503173828125;703,3214111328125;41519,81640625;57,50756072998047;233,35098266601562;0,025126727297902107;0,7504531741142273;0,2797246277332306;0,19907301664352417;0,011068389751017094
1641;1655,503173828125;703,3214111328125;41519,81640625;38,691978454589844;245,91763305664062;0,2675471603870392;0,770883321762085;0,2844337224960327;0,204329252243042;0,011560287326574326
1642;1655,503173828125;703,3214111328125;41519,81640625;76,24264526367188;251,63552856445312;-4,234732151031494;0,7579841613769531;0,2784288823604584;0,20104563236236572;0,011218749918043613
1643;1655,503173828125;703,3214111328125;41519,81640625;46,555850982666016;254,76930236816406;-1,2387713193893433;0,7848054766654968;0,28587591648101807;0,20787562429904938;0,011835288256406784
1644;1655,503173828125;703,3214111328125;41519,81640625;9,5206937789917;272,9427490234375;0,6553509831428528;0,7781628966331482;0,28238075971603394;0,20626099407672882;0,011696302331984043
1645;1655,503173828125;703,3214111328125;41519,81640625;13,14854621887207;276,2727355957031;1,7604568004608154;0,7736943364143372;0,2793574631214142;0,2049500048160553;0,011530143208801746
1646;1655,503173828125;703,3214111328125;41519,81640625;4,606205940246582;289,0185546875;-3,7402453422546387;0,797788143157959;0,2871856987476349;0,21108698844909668;0,012075652368366718
1647;1655,503173828125;703,3214111328125;41519,81640625;10,031051635742188;280,7654724121094;-1,1565905809402466;0,8042311668395996;0,2883163392543793;0,21269680559635162;0,012244992889463902
1648;1655,503173828125;703,3214111328125;41519,81640625;12,93310260772705;300,7723083496094;-2,7149007320404053;0,8184583783149719;0,29239359498023987;0,21628154814243317;0,012589657679200172
1649;1655,503173828125;703,3214111328125;41519,81640625;1,6030927896499634;309,5611877441406;-2,0221986770629883;0,8019856214523315;0,28514358401298523;0,21172384917736053;0,012142956256866455
1650;1655,503173828125;703,3214111328125;41519,81640625;-9,240921974182129;327,77886962890625;-1,8028193712234497;0,7974251508712769;0,2824310064315796;0,2102528065443039;0,011990007944405079
1651;1655,503173828125;703,3214111328125;41519,81640625;8,30831241607666;331,1478576660156;-3,706744432449341;0,8302003145217896;0,29422909021377563;0,21857690811157227;0,012779029086232185
1652;1655,503173828125;703,3214111328125;41519,81640625;-9,293740272521973;359,6123962402344;-3,261417865753174;0,8128339648246765;0,2846636474132538;0,2136143147945404;0,012340215966105461
1653;1655,503173828125;703,3214111328125;41519,81640625;-7,485389709472656;367,4422607421875;-3,2380692958831787;0,8311063647270203;0,2950016260147095;0,2181275486946106;0,012674706988036633
1654;1655,503173828125;703,3214111328125;41519,81640625;-16,050338745117188;377,2608337402344;-4,491971492767334;0,8161951303482056;0,2887607216835022;0,2137961983680725;0,01225003506988287
1655;1655,503173828125;703,3214111328125;41519,81640625;-8,020881652832031;385,02764892578125;-3,4521372318267822;0,8432900309562683;0,2937071621417999;0,22026631236076355;0,012968822382390499
1656;1655,503173828125;703,3214111328125;41519,81640625;-26,222959518432617;396,4674072265625;-6,184443473815918;0,8353477120399475;0,29426252841949463;0,2178516685962677;0,012669953517615795
1657;1655,503173828125;703,3214111328125;41519,81640625;-41,987640380859375;406,54351806640625;-7,097276210784912;0,8610469102859497;0,3053194582462311;0,22413396835327148;0,01324242539703846
1658;1655,503173828125;703,3214111328125;41519,81640625;-53,90216827392578;420,8050231933594;-7,0172200202941895;0,8532169461250305;0,30040237307548523;0,22143769264221191;0,013019132427871227
1659;1655,503173828125;703,3214111328125;41519,81640625;-75,26829528808594;436,8497009277344;-4,725369453430176;0,8629973530769348;0,3026011884212494;0,22331714630126953;0,01322217844426632
1660;1655,503173828125;703,3214111328125;41519,81640625;-73,10063934326172;441,9742736816406;-5,778936862945557;0,8593767285346985;0,3002554774284363;0,22169649600982666;0,013080660253763199
1661;1655,503173828125;703,3214111328125;41519,81640625;-57,057193756103516;441,7434387207031;-8,533844947814941;0,8791605234146118;0,3079090416431427;0,22619052231311798;0,013506242074072361
1662;1655,503173828125;703,3214111328125;41519,81640625;-66,73724365234375;455,31085205078125;-6,98348331451416;0,8679946064949036;0,3048478960990906;0,2227136343717575;0,013161057606339455
1663;1655,503173828125;703,3214111328125;41519,81640625;-73,82673645019531;457,7646789550781;-6,761472225189209;0,8782790303230286;0,30805614590644836;0,22463463246822357;0,013357184827327728
1664;1655,503173828125;703,3214111328125;41519,81640625;-73,84378814697266;459,4472961425781;-8,905362129211426;0,8881330490112305;0,3117610812187195;0,22645989060401917;0,013533184304833412
1665;1655,503173828125;703,3214111328125;41519,81640625;-80,48724365234375;466,6891784667969;-5,311562538146973;0,8959366679191589;0,3163282573223114;0,22787167131900787;0,013648184016346931
1666;1655,503173828125;703,3214111328125;41519,81640625;-92,90940856933594;479,26788330078125;-6,714645862579346;0,8929846286773682;0,31481680274009705;0,2263556718826294;0,013511395081877708
1667;1655,503173828125;703,3214111328125;41519,81640625;-95,23698425292969;491,4839172363281;-6,381840705871582;0,8902093768119812;0,3075560927391052;0,22439263761043549;0,013398434035480022
1668;1655,503173828125;703,3214111328125;41519,81640625;-72,89723205566406;484,2845458984375;-7,46057653427124;0,8953903913497925;0,31870776414871216;0,225777268409729;0,013412442058324814
1669;1655,503173828125;703,3214111328125;41519,81640625;-75,28660583496094;495,9881286621094;-7,791064262390137;0,9194535613059998;0,3224044442176819;0,23066988587379456;0,01394579652696848
1670;1655,503173828125;703,3214111328125;41519,81640625;-71,89600372314453;499,2822265625;-8,764193534851074;0,9341166615486145;0,3290717303752899;0,233750581741333;0,014216601848602295
1671;1655,503173828125;703,3214111328125;41519,81640625;-85,454345703125;507,1181335449219;-7,66475248336792;0,9006983637809753;0,313321590423584;0,22431467473506927;0,013359601609408855
1672;1655,503173828125;703,3214111328125;41519,81640625;-57,39414978027344;504,15179443359375;-8,781291961669922;0,9108556509017944;0,3085325062274933;0,225345641374588;0,013524738140404224
1673;1655,503173828125;703,3214111328125;41519,81640625;-56,537452697753906;506,36968994140625;-10,756797790527344;0,9166093468666077;0,3205825388431549;0,2270900011062622;0,013586340472102165
1674;1655,503173828125;703,3214111328125;41519,81640625;-58,636505126953125;502,3460388183594;-8,933338165283203;0,9102083444595337;0,3118319809436798;0,22421127557754517;0,013365041464567184
1675;1655,503173828125;703,3214111328125;41519,81640625;-90,17776489257812;515,4094848632812;-10,529733657836914;0,920685350894928;0,31709352135658264;0,22635672986507416;0,013534938916563988
1676;1655,503173828125;703,3214111328125;41519,81640625;-86,78604888916016;515,9475708007812;-10,379071235656738;0,9315980076789856;0,3216330111026764;0,22855103015899658;0,013711606152355671
1677;1655,503173828125;703,3214111328125;41519,81640625;-69,86841583251953;510,48260498046875;-9,848983764648438;0,9363939166069031;0,3202398419380188;0,22886857390403748;0,013741775415837765
1678;1655,503173828125;703,3214111328125;41519,81640625;-46,91632843017578;505,3907775878906;-11,039834976196289;0,9123342633247375;0,3040796220302582;0,22165018320083618;0,013097207061946392
1679;1655,503173828125;703,3214111328125;41519,81640625;-59,56614303588867;516,1226196289062;-11,211200714111328;0,9727234244346619;0,3329482674598694;0,23684073984622955;0,014405682682991028
1680;1655,503173828125;703,3214111328125;41519,81640625;-67,67284393310547;519,9157104492188;-10,952442169189453;0,9128893613815308;0,3068082928657532;0,22127318382263184;0,012964445166289806
1681;1655,503173828125;703,3214111328125;41519,81640625;-30,220613479614258;512,7025146484375;-9,145533561706543;0,9468093514442444;0,32300370931625366;0,2297324389219284;0,01366857998073101
1682;1655,503173828125;703,3214111328125;41519,81640625;-51,21681213378906;521,42041015625;-11,95766830444336;0,9183709621429443;0,3076454699039459;0,2219349443912506;0,012937163934111595
1683;1655,503173828125;703,3214111328125;41519,81640625;-20,12322998046875;515,565673828125;-12,905435562133789;0,9555898308753967;0,32278576493263245;0,23107121884822845;0,013709013350307941
1684;1655,503173828125;703,3214111328125;41519,81640625;-53,24634552001953;525,35205078125;-12,362680435180664;0,9837746620178223;0,34209907054901123;0,23900103569030762;0,014274446293711662
1685;1655,503173828125;703,3214111328125;41519,81640625;-62,718536376953125;530,6014404296875;-12,925707817077637;0,9532472491264343;0,31622830033302307;0,22965987026691437;0,013492443598806858
1686;1655,503173828125;703,3214111328125;41519,81640625;-65,91390991210938;529,4019165039062;-10,727743148803711;0,9689258933067322;0,3295916020870209;0,2345091998577118;0,013785824179649353
1687;1655,503173828125;703,3214111328125;41519,81640625;-50,04729461669922;531,2677001953125;-12,43768310546875;0,960060715675354;0,3281567692756653;0,23270609974861145;0,013517530634999275
1688;1655,503173828125;703,3214111328125;41519,81640625;-37,06538391113281;529,7960815429688;-12,877176284790039;0,9691811203956604;0,32969048619270325;0,23492451012134552;0,013645662926137447
1689;1655,503173828125;703,3214111328125;41519,81640625;-49,22487258911133;529,194091796875;-10,900374412536621;0,9759210348129272;0,32665300369262695;0,23614473640918732;0,013712100684642792
1690;1655,503173828125;703,3214111328125;41519,81640625;-31,889232635498047;526,6072998046875;-11,866705894470215;0,9811826944351196;0,32402467727661133;0,23719733953475952;0,013742937706410885
1691;1655,503173828125;703,3214111328125;41519,81640625;-33,631710052490234;526,5776977539062;-10,222479820251465;0,97271329164505;0,3245353698730469;0,23603229224681854;0,013500425033271313
1692;1655,503173828125;703,3214111328125;41519,81640625;-39,99794006347656;523,4049682617188;-11,817405700683594;1,0075491666793823;0,33787623047828674;0,24526196718215942;0,014187075197696686
1693;1655,503173828125;703,3214111328125;41519,81640625;-26,97054672241211;525,5437622070312;-12,814416885375977;1,0023607015609741;0,3211255371570587;0,24254246056079865;0,013949339278042316
1694;1655,503173828125;703,3214111328125;41519,81640625;-11,350150108337402;524,6358032226562;-12,055242538452148;1,0134533643722534;0,32618385553359985;0,24610257148742676;0,014125747606158257
1695;1655,503173828125;703,3214111328125;41519,81640625;22,000085830688477;520,930419921875;-12,538886070251465;0,9833568334579468;0,32262682914733887;0,24038107693195343;0,013454915955662727
1696;1655,503173828125;703,3214111328125;41519,81640625;6,192627429962158;516,5408935546875;-11,328855514526367;1,0193383693695068;0,33950531482696533;0,25074639916419983;0,014169715344905853
1697;1655,503173828125;703,3214111328125;41519,81640625;10,15256118774414;530,15380859375;-12,150796890258789;1,0324093103408813;0,3360782861709595;0,2537470757961273;0,014353909529745579
1698;1655,503173828125;703,3214111328125;41519,81640625;27,26401710510254;513,3905029296875;-7,738802433013916;1,0571887493133545;0,3478253483772278;0,2613740861415863;0,014817438088357449
1699;1655,503173828125;703,3214111328125;41519,81640625;29,46015167236328;521,5359497070312;-7,912639617919922;1,0467274188995361;0,339098185300827;0,259054034948349;0,014524525962769985
1700;1655,503173828125;703,3214111328125;41519,81640625;34,23154067993164;510,7266540527344;-5,263749599456787;1,0611766576766968;0,3454299569129944;0,26400113105773926;0,01477078441530466
1701;1655,503173828125;703,3214111328125;41519,81640625;16,138660430908203;516,8837890625;-9,034334182739258;1,0700517892837524;0,3417157530784607;0,26639318466186523;0,014863917604088783
1702;1655,503173828125;703,3214111328125;41519,81640625;5,199310779571533;519,0763549804688;-7,983218193054199;1,0586010217666626;0,33657631278038025;0,2645217478275299;0,014576765708625317
1703;1655,503173828125;703,3214111328125;41519,81640625;-7,588120460510254;516,955078125;-4,857027530670166;1,0853043794631958;0,34332436323165894;0,2722057104110718;0,015048405155539513
1704;1655,503173828125;703,3214111328125;41519,81640625;26,741352081298828;508,03106689453125;-5,505316257476807;1,050732135772705;0,3388631045818329;0,2658250331878662;0,014344900846481323
1705;1655,503173828125;703,3214111328125;41519,81640625;19,760517120361328;500,87689208984375;-9,633933067321777;1,0775271654129028;0,35265541076660156;0,27479517459869385;0,014856562949717045
1706;1655,503173828125;703,3214111328125;41519,81640625;28,80230712890625;497,0610046386719;-1,6472910642623901;1,0955538749694824;0,3500540554523468;0,2794114947319031;0,015136069618165493
1707;1655,503173828125;703,3214111328125;41519,81640625;1,513095736503601;499,7452087402344;-0,41911041736602783;1,0812839269638062;0,3347415328025818;0,27540743350982666;0,014750177972018719
1708;1655,503173828125;703,3214111328125;41519,81640625;8,682897567749023;482,7431335449219;-2,8164823055267334;1,1068333387374878;0,34185895323753357;0,28320324420928955;0,015202059410512447
1709;1655,503173828125;703,3214111328125;41519,81640625;29,076723098754883;466,5115661621094;2,779257297515869;1,1078627109527588;0,35152924060821533;0,2864731252193451;0,015247269533574581
1710;1655,503173828125;703,3214111328125;41519,81640625;39,603668212890625;460,3802490234375;0,2751808762550354;1,1067261695861816;0,3586597144603729;0,2889517843723297;0,015220343135297298
1711;1655,503173828125;703,3214111328125;41519,81640625;91,50891876220703;439,8507080078125;2,8404314517974854;1,1327159404754639;0,35817715525627136;0,29565414786338806;0,01565377414226532
1712;1655,503173828125;703,3214111328125;41519,81640625;41,24991989135742;450,8487854003906;5,883152961730957;1,1310076713562012;0,3527297377586365;0,2957969605922699;0,015559452585875988
1713;1655,503173828125;703,3214111328125;41519,81640625;57,91278839111328;426,8500061035156;5,636959075927734;1,1319833993911743;0,3506998121738434;0,29707080125808716;0,015534096397459507
1714;1655,503173828125;703,3214111328125;41519,81640625;63,21314239501953;433,5274963378906;3,4943277835845947;1,1631355285644531;0,367005318403244;0,30795183777809143;0,01614527590572834
1715;1655,503173828125;703,3214111328125;41519,81640625;86,3470230102539;421,3075866699219;1,9300330877304077;1,1902780532836914;0,3788665235042572;0,317269504070282;0,016652880236506462
1716;1655,503173828125;703,3214111328125;41519,81640625;70,95057678222656;410,69598388671875;-0,308811217546463;1,171775460243225;0,36247414350509644;0,31168752908706665;0,016208352521061897
1717;1655,503173828125;703,3214111328125;41519,81640625;74,17147827148438;406,5159606933594;1,655701994895935;1,1786402463912964;0,3673623502254486;0,31543099880218506;0,01633939892053604
1718;1655,503173828125;703,3214111328125;41519,81640625;110,70126342773438;389,1790466308594;-0,7386593222618103;1,1692558526992798;0,36169156432151794;0,3136506676673889;0,016122689470648766
1719;1655,503173828125;703,3214111328125;41519,81640625;104,16668701171875;379,0500183105469;0,4430426359176636;1,1818270683288574;0,3741963505744934;0,3201710879802704;0,01640615426003933
1720;1655,503173828125;703,3214111328125;41519,81640625;101,01150512695312;381,2876892089844;3,0161869525909424;1,187150001525879;0,37101101875305176;0,3217548429965973;0,016458459198474884
1721;1655,503173828125;703,3214111328125;41519,81640625;132,7453155517578;354,0113830566406;5,519552230834961;1,1927801370620728;0,3710925877094269;0,3240356147289276;0,016535237431526184
1722;1655,503173828125;703,3214111328125;41519,81640625;107,24451446533203;362,1953125;11,273765563964844;1,189394235610962;0,371107816696167;0,32443368434906006;0,01647089794278145
1723;1655,503173828125;703,3214111328125;41519,81640625;113,04126739501953;366,5243835449219;11,331886291503906;1,1828362941741943;0,3680770993232727;0,3233575224876404;0,016329515725374222
1724;1655,503173828125;703,3214111328125;41519,81640625;126,5394515991211;363,34686279296875;10,492862701416016;1,2221453189849854;0,3849331736564636;0,3362669348716736;0,017093120142817497
1725;1655,503173828125;703,3214111328125;41519,81640625;100,741943359375;360,63641357421875;10,023983001708984;1,2530745267868042;0,3994665741920471;0,3470686078071594;0,01769660972058773
1726;1655,503173828125;703,3214111328125;41519,81640625;96,6050033569336;346,3571472167969;6,293485641479492;1,2113767862319946;0,37978214025497437;0,3343011736869812;0,01686319150030613
1727;1655,503173828125;703,3214111328125;41519,81640625;114,01757049560547;342,6073913574219;4,404561519622803;1,233147144317627;0,39293044805526733;0,3430148959159851;0,01732802763581276
1728;1655,503173828125;703,3214111328125;41519,81640625;110,74752807617188;325,58648681640625;6,2534894943237305;1,221858024597168;0,3916827440261841;0,3413001298904419;0,017136871814727783
1729;1655,503173828125;703,3214111328125;41519,81640625;87,86068725585938;316,1915588378906;4,943436622619629;1,2401288747787476;0,3968752324581146;0,3466004729270935;0,017475804314017296
1730;1655,503173828125;703,3214111328125;41519,81640625;98,64346313476562;328,2782897949219;5,568072319030762;1,2100374698638916;0,38981398940086365;0,33962589502334595;0,016940061002969742
1731;1655,503173828125;703,3214111328125;41519,81640625;99,77552795410156;317,8575439453125;8,558128356933594;1,2556264400482178;0,39868104457855225;0,3494972884654999;0,01767914928495884
1732;1655,503173828125;703,3214111328125;41519,81640625;67,75035095214844;295,42376708984375;5,934287071228027;1,2600734233856201;0,4074042737483978;0,35459285974502563;0,017899122089147568
1733;1655,503173828125;703,3214111328125;41519,81640625;50,4303092956543;308,5774230957031;10,03854751586914;1,243011474609375;0,4018107056617737;0,3493107557296753;0,01758766360580921
1734;1655,503173828125;703,3214111328125;41519,81640625;79,2078628540039;291,473876953125;8,489571571350098;1,2216342687606812;0,396454393863678;0,34369489550590515;0,017217544838786125
1735;1655,503173828125;703,3214111328125;41519,81640625;63,324066162109375;292,9305725097656;5,056097507476807;1,251341700553894;0,4069404900074005;0,35109585523605347;0,017748385667800903
1736;1655,503173828125;703,3214111328125;41519,81640625;60,081851959228516;286,78094482421875;6,369128227233887;1,2488481998443604;0,40921303629875183;0,3530469536781311;0,01779068633913994
1737;1655,503173828125;703,3214111328125;41519,81640625;35,97219467163086;278,9699401855469;4,151737689971924;1,2428110837936401;0,40878763794898987;0,3513757884502411;0,017709530889987946
1738;1655,503173828125;703,3214111328125;41519,81640625;61,724796295166016;285,87335205078125;4,44755744934082;1,2384878396987915;0,40933626890182495;0,3494149148464203;0,017653942108154297
1739;1655,503173828125;703,3214111328125;41519,81640625;76,49895477294922;285,3747253417969;6,602338790893555;1,2199491262435913;0,40549835562705994;0,343870609998703;0,017341045662760735
1740;1655,503173828125;703,3214111328125;41519,81640625;46,5615119934082;288,82830810546875;5,6078996658325195;1,2659821510314941;0,4224216043949127;0,35744214057922363;0,01824207976460457
1741;1655,503173828125;703,3214111328125;41519,81640625;21,069589614868164;277,0045166015625;3,5304653644561768;1,218217372894287;0,4091731905937195;0,34344619512557983;0,017393942922353745
1742;1655,503173828125;703,3214111328125;41519,81640625;18,81494903564453;260,2131652832031;2,629682779312134;1,2193049192428589;0,41071704030036926;0,34413862228393555;0,017460167407989502
1743;1655,503173828125;703,3214111328125;41519,81640625;12,428424835205078;244,56947326660156;6,341676712036133;1,2368710041046143;0,42126044631004333;0,34780389070510864;0,017822502180933952
1744;1655,503173828125;703,3214111328125;41519,81640625;-1,4927339553833008;250,65896606445312;7,577307224273682;1,2307783365249634;0,4197390377521515;0,34647852182388306;0,017766810953617096
1745;1655,503173828125;703,3214111328125;41519,81640625;12,796360969543457;242,07447814941406;4,793569564819336;1,182504653930664;0,40642568469047546;0,3322361409664154;0,0169072262942791
1746;1655,503173828125;703,3214111328125;41519,81640625;8,219452857971191;235,11163330078125;6,214148998260498;1,1965887546539307;0,41549980640411377;0,3352806270122528;0,017222002148628235
1747;1655,503173828125;703,3214111328125;41519,81640625;4,8792338371276855;217,62423706054688;6,188750267028809;1,2063608169555664;0,4234163165092468;0,33708709478378296;0,017451204359531403
1748;1655,503173828125;703,3214111328125;41519,81640625;16,31964874267578;227,9959259033203;5,129617691040039;1,1843411922454834;0,4186798930168152;0,3303569555282593;0,01709463819861412
1749;1655,503173828125;703,3214111328125;41519,81640625;16,119613647460938;203,2303466796875;3,4648709297180176;1,1591380834579468;0,4110676646232605;0,3230009973049164;0,016679175198078156
1750;1655,503173828125;703,3214111328125;41519,81640625;-2,855607032775879;195,56900024414062;5,201972484588623;1,1829273700714111;0,4218951463699341;0,3290064036846161;0,017192132771015167
1751;1655,503173828125;703,3214111328125;41519,81640625;-0,08578076958656311;183,78868103027344;6,1825666427612305;1,1359871625900269;0,4075756072998047;0,3152698874473572;0,016352294012904167
1752;1655,503173828125;703,3214111328125;41519,81640625;16,038022994995117;184,01019287109375;6,6384735107421875;1,1327035427093506;0,41451966762542725;0,31291013956069946;0,016345340758562088
1753;1655,503173828125;703,3214111328125;41519,81640625;9,569355964660645;175,75942993164062;5,235296249389648;1,1271264553070068;0,4166569709777832;0,3104657232761383;0,01629822514951229
1754;1655,503173828125;703,3214111328125;41519,81640625;12,450948715209961;172,7551727294922;4,735415458679199;1,1076223850250244;0,41186442971229553;0,3043598234653473;0,015988696366548538
1755;1655,503173828125;703,3214111328125;41519,81640625;14,611204147338867;170,1687469482422;5,068742752075195;1,1220793724060059;0,41574612259864807;0,3079111576080322;0,0163420420140028
1756;1655,503173828125;703,3214111328125;41519,81640625;-4,240351676940918;160,86351013183594;5,703205585479736;1,136364221572876;0,4283333122730255;0,3105466067790985;0,016682827845215797
1757;1655,503173828125;703,3214111328125;41519,81640625;3,145777463912964;161,59315490722656;4,9026408195495605;1,0866742134094238;0,4145739674568176;0,29593396186828613;0,015779264271259308
1758;1655,503173828125;703,3214111328125;41519,81640625;-9,992215156555176;150,73944091796875;8,324292182922363;1,0778785943984985;0,4139953851699829;0,29266542196273804;0,0156767126172781
1759;1655,503173828125;703,3214111328125;41519,81640625;-1,6293259859085083;145,9687042236328;2,0017447471618652;1,0770928859710693;0,41525936126708984;0,2916316092014313;0,015735702589154243
1760;1655,503173828125;703,3214111328125;41519,81640625;18,20326042175293;148,57162475585938;2,383735179901123;1,0451648235321045;0,40908703207969666;0,28190314769744873;0,015164702199399471
1761;1655,503173828125;703,3214111328125;41519,81640625;23,2014102935791;147,83218383789062;3,613779067993164;1,0241748094558716;0,4067126512527466;0,2752249538898468;0,014805980026721954
1762;1655,503173828125;703,3214111328125;41519,81640625;3,4031169414520264;135,58059692382812;7,501601219177246;1,0558470487594604;0,4189125597476959;0,28297749161720276;0,015523198060691357
1763;1655,503173828125;703,3214111328125;41519,81640625;8,745932579040527;128,10675048828125;4,462972640991211;1,0034681558609009;0,4069957733154297;0,26786649227142334;0,014519992284476757
1764;1655,503173828125;703,3214111328125;41519,81640625;1,2993959188461304;123,1681137084961;4,801899433135986;1,0450074672698975;0,41591760516166687;0,27840396761894226;0,015460002236068249
1765;1655,503173828125;703,3214111328125;41519,81640625;-19,946338653564453;117,24177551269531;3,41611647605896;0,9855195879936218;0,4049510359764099;0,2614639699459076;0,014299924485385418
1766;1655,503173828125;703,3214111328125;41519,81640625;-12,332061767578125;114,2745361328125;4,873741149902344;0,9603530764579773;0,3901646137237549;0,2541390359401703;0,013859132304787636
1767;1655,503173828125;703,3214111328125;41519,81640625;-1,3888179063796997;116,94017791748047;4,123940467834473;0,9540704488754272;0,39829355478286743;0,2515797019004822;0,013787316158413887
1768;1655,503173828125;703,3214111328125;41519,81640625;-8,231809616088867;115,37367248535156;2,4195921421051025;0,9354442954063416;0,3949172794818878;0,24594484269618988;0,013460228219628334
1769;1655,503173828125;703,3214111328125;41519,81640625;-3,014521598815918;116,81847381591797;3,575749158859253;0,9514187574386597;0,40625083446502686;0,24944382905960083;0,013851574622094631
1770;1655,503173828125;703,3214111328125;41519,81640625;20,279821395874023;123,73876190185547;0,9652971625328064;0,9095948338508606;0,38801687955856323;0,23785312473773956;0,013053931295871735
1771;1655,503173828125;703,3214111328125;41519,81640625;11,155506134033203;125,5880355834961;0,2407381385564804;0,8998816609382629;0,38938602805137634;0,23473526537418365;0,012898562476038933
1772;1655,503173828125;703,3214111328125;41519,81640625;-33,646846771240234;114,6782455444336;1,0578389167785645;0,8670447468757629;0,3710809051990509;0,22558414936065674;0,012270676903426647
1773;1655,503173828125;703,3214111328125;41519,81640625;-53,46971893310547;110,2724838256836;1,500260353088379;0,866876482963562;0,374952495098114;0,22504988312721252;0,012334208004176617
1774;1655,503173828125;703,3214111328125;41519,81640625;-24,250869750976562;120,98938751220703;-0,607182502746582;0,842686653137207;0,3705767095088959;0,21839149296283722;0,01184744480997324
1775;1655,503173828125;703,3214111328125;41519,81640625;-20,438810348510742;119,07916259765625;-1,1476918458938599;0,832169771194458;0,366789311170578;0,21525201201438904;0,011680926196277142
1776;1655,503173828125;703,3214111328125;41519,81640625;-17,865087509155273;125,26802825927734;-2,276487112045288;0,8161504864692688;0,35829752683639526;0,21067333221435547;0,011386482045054436
1777;1655,503173828125;703,3214111328125;41519,81640625;-35,373619079589844;117,56477355957031;-1,817539095878601;0,8239042162895203;0,36245301365852356;0,2123234122991562;0,011633764952421188
1778;1655,503173828125;703,3214111328125;41519,81640625;-77,93358612060547;113,56395721435547;-1,0125874280929565;0,784400224685669;0,3456530272960663;0,20184221863746643;0,010765720158815384
1779;1655,503173828125;703,3214111328125;41519,81640625;-56,26093673706055;116,0354232788086;-1,5640852451324463;0,7677802443504333;0,34804996848106384;0,19765719771385193;0,01041039265692234
1780;1655,503173828125;703,3214111328125;41519,81640625;-64,63485717773438;113,0242919921875;0,08839873969554901;0,7681719660758972;0,34519433975219727;0,19743163883686066;0,010497105307877064
1781;1655,503173828125;703,3214111328125;41519,81640625;-35,635658264160156;121,5836410522461;-2,584336996078491;0,7605281472206116;0,34067267179489136;0,19524528086185455;0,010373755358159542
1782;1655,503173828125;703,3214111328125;41519,81640625;-39,28779220581055;123,3453140258789;-2,4744253158569336;0,7365437746047974;0,335115522146225;0,18921174108982086;0,009826949797570705
1783;1655,503173828125;703,3214111328125;41519,81640625;-27,892913818359375;127,25927734375;-1,6739943027496338;0,7298609614372253;0,33242595195770264;0,18744227290153503;0,00971519947052002
1784;1655,503173828125;703,3214111328125;41519,81640625;-37,010196685791016;123,4275894165039;-3,3858959674835205;0,733332097530365;0,33112868666648865;0,18815065920352936;0,009866669774055481
1785;1655,503173828125;703,3214111328125;41519,81640625;-66,6341552734375;120,9690933227539;-2,353527069091797;0,7222403883934021;0,322289377450943;0,18509477376937866;0,009629673324525356
1786;1655,503173828125;703,3214111328125;41519,81640625;-34,49821090698242;132,78887939453125;-2,445315361022949;0,7121543884277344;0,3226628303527832;0,182843416929245;0,009427073411643505
1787;1655,503173828125;703,3214111328125;41519,81640625;-37,49151611328125;128,51840209960938;-3,385251998901367;0,7045765519142151;0,3202665150165558;0,18106211721897125;0,009277845732867718
1788;1655,503173828125;703,3214111328125;41519,81640625;-56,35408020019531;128,65985107421875;-1,7491549253463745;0,6997373700141907;0,3161284029483795;0,17982837557792664;0,00919976457953453
1789;1655,503173828125;703,3214111328125;41519,81640625;-44,01740646362305;132,73892211914062;-1,2541954517364502;0,6797056794166565;0,308917760848999;0,17498110234737396;0,008702072314918041
1790;1655,503173828125;703,3214111328125;41519,81640625;-41,01606369018555;134,157470703125;-0,7710378170013428;0,6633261442184448;0,30033719539642334;0,17089371383190155;0,008283210918307304
1791;1655,503173828125;703,3214111328125;41519,81640625;-6,393196105957031;141,52574157714844;-2,2478115558624268;0,6927523016929626;0,3089425563812256;0,17837880551815033;0,009147850796580315
1792;1655,503173828125;703,3214111328125;41519,81640625;-0,787738025188446;144,47496032714844;-2,210871696472168;0,6589351892471313;0,29832199215888977;0,1702876091003418;0,008248056285083294
1793;1655,503173828125;703,3214111328125;41519,81640625;2,150707483291626;153,04197692871094;-4,833583354949951;0,6708658933639526;0,3033275306224823;0,17365938425064087;0,008624362759292126
1794;1655,503173828125;703,3214111328125;41519,81640625;-9,832143783569336;152,4352264404297;-3,22023868560791;0,660478949546814;0,29504522681236267;0,17102383077144623;0,00836879201233387
1795;1655,503173828125;703,3214111328125;41519,81640625;-22,145538330078125;150,4075469970703;-1,934017539024353;0,6745461821556091;0,300518661737442;0,17497818171977997;0,008806153200566769
1796;1655,503173828125;703,3214111328125;41519,81640625;-13,46078872680664;162,19064331054688;-0,4956962466239929;0,6658759117126465;0,2949250340461731;0,1729813665151596;0,00859634205698967
1797;1655,503173828125;703,3214111328125;41519,81640625;6,327838897705078;169,41310119628906;-0,812467634677887;0,6766546964645386;0,29702305793762207;0,17597398161888123;0,008933023549616337
1798;1655,503173828125;703,3214111328125;41519,81640625;29,283267974853516;188,3506622314453;-1,8331528902053833;0,6826838850975037;0,29451704025268555;0,17752327024936676;0,009123243391513824
1799;1655,503173828125;703,3214111328125;41519,81640625;19,810035705566406;197,51751708984375;-2,284183979034424;0,6877484321594238;0,2959907054901123;0,17924188077449799;0,009297573007643223
1800;1655,503173828125;703,3214111328125;41519,81640625;50,97365188598633;192,23545837402344;-3,4452567100524902;0,7201781868934631;0,30304697155952454;0,18754427134990692;0,01019306480884552
1801;1655,503173828125;703,3214111328125;41519,81640625;19,43789291381836;197,84381103515625;-2,0375101566314697;0,7135959267616272;0,3033173084259033;0,1866345852613449;0,010047261603176594
1802;1655,503173828125;703,3214111328125;41519,81640625;1,4894613027572632;195,0609893798828;1,212763786315918;0,7068988084793091;0,2953961193561554;0,18489950895309448;0,009887156076729298
1803;1655,503173828125;703,3214111328125;41519,81640625;42,97589111328125;216,70816040039062;0,041686322540044785;0,7254381775856018;0,3024637997150421;0,19021780788898468;0,010405164211988449
1804;1655,503173828125;703,3214111328125;41519,81640625;20,940465927124023;207,2478485107422;3,034147024154663;0,6965093612670898;0,287986695766449;0,18290209770202637;0,00963908713310957
1805;1655,503173828125;703,3214111328125;41519,81640625;4,592165946960449;213,04396057128906;2,0766689777374268;0,7146037220954895;0,2963915169239044;0,18829570710659027;0,01013752818107605
1806;1655,503173828125;703,3214111328125;41519,81640625;20,62336540222168;218,08155822753906;-0,10898135602474213;0,7316226363182068;0,29741472005844116;0,19266727566719055;0,010611648671329021
1807;1655,503173828125;703,3214111328125;41519,81640625;33,053218841552734;220,9616241455078;0,38188958168029785;0,7349302172660828;0,2921934425830841;0,1933383196592331;0,010687245056033134
1808;1655,503173828125;703,3214111328125;41519,81640625;52,15571212768555;242,84814453125;1,3873934745788574;0,7542693614959717;0,2967795431613922;0,19860206544399261;0,011201253160834312
1809;1655,503173828125;703,3214111328125;41519,81640625;51,971195220947266;241,1559295654297;0,18153217434883118;0,7392048835754395;0,2922385036945343;0,19532017409801483;0,010831649415194988
1810;1655,503173828125;703,3214111328125;41519,81640625;71,80718231201172;251,1357421875;-3,0627245903015137;0,7557116746902466;0,2903689742088318;0,1991519033908844;0,011192919686436653
1811;1655,503173828125;703,3214111328125;41519,81640625;76,75091552734375;250,79458618164062;0,8703775405883789;0,7558345794677734;0,29178786277770996;0,19985273480415344;0,011256429366767406
1812;1655,503173828125;703,3214111328125;41519,81640625;50,25346755981445;248,09286499023438;1,1956225633621216;0,7648561000823975;0,2899791896343231;0,20200033485889435;0,011430633254349232
1813;1655,503173828125;703,3214111328125;41519,81640625;67,15477752685547;261,3141784667969;1,2783305644989014;0,778023898601532;0,2933017313480377;0,20569904148578644;0,011782107874751091
1814;1655,503173828125;703,3214111328125;41519,81640625;25,12317657470703;262,486572265625;2,7234647274017334;0,7694147825241089;0,2894825041294098;0,20377697050571442;0,011577152647078037
1815;1655,503173828125;703,3214111328125;41519,81640625;48,45454788208008;259,4504699707031;1,8410745859146118;0,7660211324691772;0,2875067889690399;0,20320649445056915;0,011500239372253418
1816;1655,503173828125;703,3214111328125;41519,81640625;22,17438316345215;272,14337158203125;1,650923252105713;0,8015279173851013;0,29790106415748596;0,2125467211008072;0,012391884811222553
1817;1655,503173828125;703,3214111328125;41519,81640625;15,625692367553711;287,59954833984375;3,5688865184783936;0,7831171154975891;0,28989192843437195;0,20787732303142548;0,011917369440197945
1818;1655,503173828125;703,3214111328125;41519,81640625;29,438920974731445;289,15155029296875;2,5206263065338135;0,7957305908203125;0,2914271354675293;0,21090029180049896;0,012183266691863537
1819;1655,503173828125;703,3214111328125;41519,81640625;39,61728286743164;292,6849365234375;-0,7289093732833862;0,8145459294319153;0,29686209559440613;0,21592548489570618;0,012657521292567253
1820;1655,503173828125;703,3214111328125;41519,81640625;23,877613067626953;308,515625;-1,9943912029266357;0,8033232688903809;0,2912120521068573;0,21284586191177368;0,012333144433796406
1821;1655,503173828125;703,3214111328125;41519,81640625;38,8001594543457;327,453125;-4,494607925415039;0,8051239848136902;0,29057061672210693;0,2132032960653305;0,012340180575847626
1822;1655,503173828125;703,3214111328125;41519,81640625;8,652811050415039;328,8774719238281;-1,0801442861557007;0,821019172668457;0,29491472244262695;0,21734870970249176;0,01274323184043169
1823;1655,503173828125;703,3214111328125;41519,81640625;21,951892852783203;335,2415466308594;1,2032803297042847;0,8322412967681885;0,2982713282108307;0,220084547996521;0,0129689397290349
1824;1655,503173828125;703,3214111328125;41519,81640625;3,138474225997925;347,4959716796875;-1,9181792736053467;0,8241679072380066;0,2934141457080841;0,2178240716457367;0,012768897227942944
1825;1655,503173828125;703,3214111328125;41519,81640625;3,035125255584717;356,274169921875;0,17784903943538666;0,8420917391777039;0,30077236890792847;0,22224362194538116;0,013123932294547558
1826;1655,503173828125;703,3214111328125;41519,81640625;-22,400859832763672;366,4011535644531;-3,2566049098968506;0,8601493835449219;0,3056350350379944;0,2267540693283081;0,013572572730481625
1827;1655,503173828125;703,3214111328125;41519,81640625;-18,258211135864258;383,1099853515625;-3,9264469146728516;0,8527051210403442;0,3044357895851135;0,22449184954166412;0,01328636147081852
1828;1655,503173828125;703,3214111328125;41519,81640625;-38,45962142944336;399,3111877441406;-2,582223892211914;0,8575240969657898;0,3041515350341797;0,22540272772312164;0,013413334265351295
1829;1655,503173828125;703,3214111328125;41519,81640625;-65,3667221069336;413,3766784667969;-0,31952980160713196;0,854720950126648;0,3011210858821869;0,2242410033941269;0,013326384127140045
1830;1655,503173828125;703,3214111328125;41519,81640625;-73,2186279296875;426,9696960449219;-2,7979283332824707;0,8484719395637512;0,29933348298072815;0,2221970409154892;0,013109504245221615
1831;1655,503173828125;703,3214111328125;41519,81640625;-65,85900115966797;439,22186279296875;-1,5920590162277222;0,867671012878418;0,3046748638153076;0,2267160564661026;0,013557669706642628
1832;1655,503173828125;703,3214111328125;41519,81640625;-73,11597442626953;447,7953796386719;-1,8440622091293335;0,8694862723350525;0,3045887351036072;0,22665853798389435;0,013555600307881832
1833;1655,503173828125;703,3214111328125;41519,81640625;-69,71125030517578;454,85260009765625;-3,8420310020446777;0,8921838998794556;0,31176963448524475;0,23198944330215454;0,014061100780963898
1834;1655,503173828125;703,3214111328125;41519,81640625;-97,73896789550781;458,3189392089844;-4,79919958114624;0,8760945200920105;0,31146079301834106;0,22753633558750153;0,013561098836362362
1835;1655,503173828125;703,3214111328125;41519,81640625;-102,0737075805664;469,0611877441406;-5,538619518280029;0,8795963525772095;0,30743733048439026;0,227545827627182;0,013643746264278889
1836;1655,503173828125;703,3214111328125;41519,81640625;-90,95230865478516;485,41998291015625;-5,007781982421875;0,8723574280738831;0,30708643794059753;0,2251952886581421;0,01339111477136612
1837;1655,503173828125;703,3214111328125;41519,81640625;-79,86408996582031;490,0201721191406;-7,91597318649292;0,9028472304344177;0,3210042417049408;0,2326214611530304;0,01405783835798502
1838;1655,503173828125;703,3214111328125;41519,81640625;-86,37779998779297;497,0821533203125;-8,080792427062988;0,9230520129203796;0,3264382779598236;0,23702067136764526;0,014500192366540432
1839;1655,503173828125;703,3214111328125;41519,81640625;-95,08776092529297;499,4135437011719;-8,872554779052734;0,9024488925933838;0,3177585303783417;0,23093409836292267;0,013950170017778873
1840;1655,503173828125;703,3214111328125;41519,81640625;-122,28724670410156;513,224853515625;-6,191226005554199;0,8948513865470886;0,31601443886756897;0,22836072742938995;0,01369758602231741
1841;1655,503173828125;703,3214111328125;41519,81640625;-148,5186004638672;534,3956909179688;-6,5670647621154785;0,9213474988937378;0,32000118494033813;0,23396366834640503;0,014286364428699017
1842;1655,503173828125;703,3214111328125;41519,81640625;-139,18524169921875;536,0786743164062;-8,672072410583496;0,9311551451683044;0,3246704638004303;0,23579470813274384;0,014449636451900005
1843;1655,503173828125;703,3214111328125;41519,81640625;-134,3720703125;538,7815551757812;-9,181943893432617;0,8954954147338867;0,31645333766937256;0,2263965755701065;0,013517036102712154
1844;1655,503173828125;703,3214111328125;41519,81640625;-156,9207763671875;553,508544921875;-9,695577621459961;0,9165223240852356;0,329245924949646;0,23146116733551025;0,0139291537925601
1845;1655,503173828125;703,3214111328125;41519,81640625;-162,66229248046875;557,2562866210938;-8,842499732971191;0,9251933693885803;0,326717346906662;0,2324143350124359;0,014097423292696476
1846;1655,503173828125;703,3214111328125;41519,81640625;-149,1826934814453;563,5669555664062;-10,78278636932373;0,9253427982330322;0,31888318061828613;0,23099985718727112;0,014038634486496449
1847;1655,503173828125;703,3214111328125;41519,81640625;-164,69480895996094;567,7701416015625;-11,007128715515137;0,9456793665885925;0,3242700397968292;0,23518553376197815;0,014432826079428196
1848;1655,503173828125;703,3214111328125;41519,81640625;-186,46836853027344;579,3579711914062;-10,732346534729004;0,9470229744911194;0,32767555117607117;0,23508237302303314;0,014395774342119694
1849;1655,503173828125;703,3214111328125;41519,81640625;-167,10720825195312;574,0223999023438;-10,462084770202637;0,9188103079795837;0,3171117603778839;0,22733275592327118;0,013668715953826904
1850;1655,503173828125;703,3214111328125;41519,81640625;-167,06674194335938;580,1113891601562;-12,044757843017578;0,9776393175125122;0,337273508310318;0,24119693040847778;0,01493692398071289
1851;1655,503173828125;703,3214111328125;41519,81640625;-111,93878173828125;566,0133056640625;-12,925889015197754;0,9399994611740112;0,3281814455986023;0,23170389235019684;0,0140112629160285
1852;1655,503173828125;703,3214111328125;41519,81640625;-127,54780578613281;572,8613891601562;-11,591568946838379;0,9460140466690063;0,33546045422554016;0,2331751585006714;0,014066502451896667
1853;1655,503173828125;703,3214111328125;41519,81640625;-115,11431121826172;577,1895141601562;-11,32413387298584;0,9606159329414368;0,3297838568687439;0,23506508767604828;0,014322929084300995
1854;1655,503173828125;703,3214111328125;41519,81640625;-113,99342346191406;574,5653076171875;-14,389763832092285;0,9296477437019348;0,3158276081085205;0,2266440987586975;0,013537895865738392
1855;1655,503173828125;703,3214111328125;41519,81640625;-138,44924926757812;583,5338745117188;-12,053072929382324;0,9216898083686829;0,32411783933639526;0,2255314588546753;0,013271758332848549
1856;1655,503173828125;703,3214111328125;41519,81640625;-108,01551055908203;577,3807983398438;-12,694928169250488;0,9541065096855164;0,32418110966682434;0,23179073631763458;0,013940132223069668
1857;1655,503173828125;703,3214111328125;41519,81640625;-98,86446380615234;577,9827270507812;-12,150566101074219;0,9730392694473267;0,34445297718048096;0,2377086579799652;0,01430016290396452
1858;1655,503173828125;703,3214111328125;41519,81640625;-76,93923950195312;576,0833740234375;-14,716445922851562;0,9679978489875793;0,34183821082115173;0,2361510992050171;0,014109581708908081
1859;1655,503173828125;703,3214111328125;41519,81640625;-95,90971374511719;578,8076171875;-12,628605842590332;0,9458102583885193;0,32767555117607117;0,22979731857776642;0,01353078056126833
1860;1655,503173828125;703,3214111328125;41519,81640625;-85,15310668945312;573,78662109375;-11,990755081176758;0,9698059558868408;0,33432331681251526;0,23531664907932281;0,013995079323649406
1861;1655,503173828125;703,3214111328125;41519,81640625;-78,74518585205078;578,707275390625;-13,378643989562988;0,9419670701026917;0,3148241341114044;0,22729133069515228;0,013280537910759449
1862;1655,503173828125;703,3214111328125;41519,81640625;-55,35886001586914;571,1945190429688;-12,830998420715332;0,9670853018760681;0,3189149498939514;0,23283477127552032;0,013747785240411758
1863;1655,503173828125;703,3214111328125;41519,81640625;-88,43696594238281;579,2550048828125;-12,500994682312012;0,9726723432540894;0,3290351927280426;0,23533102869987488;0,013824728317558765
1864;1655,503173828125;703,3214111328125;41519,81640625;-100,85517120361328;578,110595703125;-10,819079399108887;0,9616872072219849;0,32372188568115234;0,23265014588832855;0,013507066294550896
1865;1655,503173828125;703,3214111328125;41519,81640625;-114,68843078613281;585,8704223632812;-11,617390632629395;0,9906186461448669;0,3313347101211548;0,23963598906993866;0,014061716385185719
1866;1655,503173828125;703,3214111328125;41519,81640625;-65,93070220947266;580,6887817382812;-11,778094291687012;0,993241548538208;0,33463412523269653;0,2409396469593048;0,01405557245016098
1867;1655,503173828125;703,3214111328125;41519,81640625;-67,53427124023438;577,3668823242188;-11,366909980773926;1,0363274812698364;0,36001908779144287;0,25333961844444275;0,0149276377633214
1868;1655,503173828125;703,3214111328125;41519,81640625;-69,86009216308594;580,76953125;-12,640670776367188;1,0068613290786743;0,32800689339637756;0,24365675449371338;0,014168326742947102
1869;1655,503173828125;703,3214111328125;41519,81640625;-78,48883056640625;581,6543579101562;-10,188955307006836;1,0111083984375;0,3304896652698517;0,24540485441684723;0,01419780682772398
1870;1655,503173828125;703,3214111328125;41519,81640625;-56,68291091918945;573,9855346679688;-10,084290504455566;1,0279669761657715;0,33707210421562195;0,250304251909256;0,014490743167698383
1871;1655,503173828125;703,3214111328125;41519,81640625;-33,36735534667969;576,9568481445312;-12,17922592163086;0,9823770523071289;0,32374176383018494;0,24013438820838928;0,013472574763000011
1872;1655,503173828125;703,3214111328125;41519,81640625;-61,09848403930664;584,279296875;-9,794523239135742;1,021644115447998;0,3262854218482971;0,2490614801645279;0,014193722978234291
1873;1655,503173828125;703,3214111328125;41519,81640625;-85,28719329833984;594,9598999023438;-10,361364364624023;1,0411938428878784;0,3480895161628723;0,25695109367370605;0,014605077914893627
1874;1655,503173828125;703,3214111328125;41519,81640625;-57,08671569824219;580,2963256835938;-9,80424690246582;1,0272916555404663;0,3438413739204407;0,2545349895954132;0,014256516471505165
1875;1655,503173828125;703,3214111328125;41519,81640625;-62,70500564575195;582,4406127929688;-5,835832118988037;1,034005045890808;0,3407926559448242;0,25642073154449463;0,014323989860713482
1876;1655,503173828125;703,3214111328125;41519,81640625;-43,974281311035156;585,3533325195312;-8,847783088684082;1,0504145622253418;0,34185436367988586;0,2609255313873291;0,014591067098081112
1877;1655,503173828125;703,3214111328125;41519,81640625;-10,858146667480469;574,2131958007812;-9,75114631652832;1,0780366659164429;0,339304655790329;0,26721569895744324;0,015028760768473148
1878;1655,503173828125;703,3214111328125;41519,81640625;-72,67507934570312;576,9005126953125;-9,291207313537598;1,0482466220855713;0,32958516478538513;0,2609367370605469;0,014386666938662529
1879;1655,503173828125;703,3214111328125;41519,81640625;-69,88494873046875;567,0492553710938;-5,765822410583496;1,04154634475708;0,3309858441352844;0,2609974145889282;0,01422390341758728
1880;1655,503173828125;703,3214111328125;41519,81640625;-56,51546096801758;571,7696533203125;-8,384354591369629;1,0676201581954956;0,33808591961860657;0,26861074566841125;0,014694898389279842
1881;1655,503173828125;703,3214111328125;41519,81640625;-21,565032958984375;565,3031005859375;-4,701050758361816;1,079237699508667;0,33247700333595276;0,27139005064964294;0,014816761948168278
1882;1655,503173828125;703,3214111328125;41519,81640625;-62,56404495239258;555,7191162109375;-3,865877389907837;1,0825456380844116;0,3374483287334442;0,2741703689098358;0,014870015904307365
1883;1655,503173828125;703,3214111328125;41519,81640625;-58,07526779174805;546,2973022460938;-6,59982442855835;1,0932368040084839;0,3466087281703949;0,27918463945388794;0,015076176263391972
1884;1655,503173828125;703,3214111328125;41519,81640625;-84,58297729492188;552,9862060546875;-2,1861307621002197;1,1197725534439087;0,35776951909065247;0,2878456115722656;0,015569224022328854
1885;1655,503173828125;703,3214111328125;41519,81640625;-56,877105712890625;543,8001708984375;-4,604124546051025;1,0955809354782104;0,34801575541496277;0,2827030122280121;0,015049463137984276
1886;1655,503173828125;703,3214111328125;41519,81640625;-46,211360931396484;536,4359741210938;-3,0917105674743652;1,120534896850586;0,3610416650772095;0,29147809743881226;0,015524310991168022
1887;1655,503173828125;703,3214111328125;41519,81640625;-36,2041130065918;531,3847045898438;-1,7620518207550049;1,1427160501480103;0,35174357891082764;0,2958732843399048;0,01581178978085518
1888;1655,503173828125;703,3214111328125;41519,81640625;10,386943817138672;526,2138061523438;-5,454616546630859;1,1414741277694702;0,3685568869113922;0,3000599443912506;0,015866240486502647
1889;1655,503173828125;703,3214111328125;41519,81640625;-8,685957908630371;524,8103637695312;-3,47926664352417;1,1560094356536865;0,36658650636672974;0,3041617274284363;0,016082780435681343
1890;1655,503173828125;703,3214111328125;41519,81640625;-5,266209602355957;506,2291564941406;-4,081893444061279;1,1286720037460327;0,35684359073638916;0,29820218682289124;0,015526331961154938
1891;1655,503173828125;703,3214111328125;41519,81640625;-52,8387451171875;502,25823974609375;-9,08946704864502;1,1563092470169067;0,36891573667526245;0,3075954020023346;0,016048559918999672
1892;1655,503173828125;703,3214111328125;41519,81640625;-12,180208206176758;500,0311584472656;-0,7467783689498901;1,1519625186920166;0,3639999032020569;0,30716538429260254;0,015922818332910538
1893;1655,503173828125;703,3214111328125;41519,81640625;-0,3611506223678589;474,9815979003906;0,0558926947414875;1,173117995262146;0,35905852913856506;0,3118816316127777;0,016206514090299606
1894;1655,503173828125;703,3214111328125;41519,81640625;9,036306381225586;470,19036865234375;3,6815853118896484;1,180040717124939;0,37530747056007385;0,3179427981376648;0,0164275411516428
1895;1655,503173828125;703,3214111328125;41519,81640625;22,648937225341797;464,8468933105469;-0,9203557968139648;1,1959766149520874;0,3706884980201721;0,3215177357196808;0,016638336703181267
1896;1655,503173828125;703,3214111328125;41519,81640625;3,7717068195343018;469,447509765625;-2,8180387020111084;1,1940819025039673;0,37176159024238586;0,32260921597480774;0,016603803262114525
1897;1655,503173828125;703,3214111328125;41519,81640625;20,313095092773438;447,1690368652344;2,4182522296905518;1,136409878730774;0,3575618267059326;0,30901896953582764;0,015535508282482624
1898;1655,503173828125;703,3214111328125;41519,81640625;6,995172023773193;447,0376892089844;2,6713902950286865;1,2030119895935059;0,37986519932746887;0,3286135196685791;0,016788410022854805
1899;1655,503173828125;703,3214111328125;41519,81640625;12,252760887145996;434,7756652832031;-3,794052839279175;1,1924986839294434;0,3794935643672943;0,3275763988494873;0,01660204865038395
1900;1655,503173828125;703,3214111328125;41519,81640625;19,258323669433594;431,4608459472656;-1,8896256685256958;1,2232589721679688;0,38545316457748413;0,33607158064842224;0,017141349613666534
1901;1655,503173828125;703,3214111328125;41519,81640625;22,029659271240234;430,5000305175781;1,5383421182632446;1,2555443048477173;0,391683965921402;0,34478163719177246;0,01767856255173683
1902;1655,503173828125;703,3214111328125;41519,81640625;32,02632141113281;422,1177062988281;2,5063016414642334;1,2477304935455322;0,39259734749794006;0,3443964719772339;0,017570633441209793
1903;1655,503173828125;703,3214111328125;41519,81640625;11,065971374511719;412,7981872558594;0,5442636013031006;1,2222176790237427;0,38904982805252075;0,33947688341140747;0,01714334636926651
1904;1655,503173828125;703,3214111328125;41519,81640625;19,07408332824707;409,1835632324219;2,724409818649292;1,214163064956665;0,38473644852638245;0,33727335929870605;0,016977459192276
1905;1655,503173828125;703,3214111328125;41519,81640625;32,11874008178711;399,51898193359375;9,53769302368164;1,2135661840438843;0,38709691166877747;0,33851614594459534;0,01699007675051689
1906;1655,503173828125;703,3214111328125;41519,81640625;19,68043327331543;399,944091796875;1,9280834197998047;1,2289519309997559;0,3918505311012268;0,343101441860199;0,017275042831897736
1907;1655,503173828125;703,3214111328125;41519,81640625;9,992816925048828;388,1352844238281;1,5392186641693115;1,2186787128448486;0,38985100388526917;0,34096136689186096;0,01710101217031479
1908;1655,503173828125;703,3214111328125;41519,81640625;-4,339173793792725;383,0185546875;2,441460371017456;1,2553935050964355;0,4036042392253876;0,3522389829158783;0,017802156507968903
1909;1655,503173828125;703,3214111328125;41519,81640625;2,7720887660980225;377,0035705566406;3,4968698024749756;1,2237902879714966;0,3931259214878082;0,34290093183517456;0,017210645601153374
1910;1655,503173828125;703,3214111328125;41519,81640625;6,241946220397949;379,1419982910156;4,000944137573242;1,1920280456542969;0,3850007951259613;0,3347970247268677;0,01665502041578293
1911;1655,503173828125;703,3214111328125;41519,81640625;8,041025161743164;369,5546875;2,582305908203125;1,2508453130722046;0,40567150712013245;0,3516656458377838;0,017762642353773117
1912;1655,503173828125;703,3214111328125;41519,81640625;-20,427248001098633;356,0744323730469;1,1505364179611206;1,221160650253296;0,3984900414943695;0,3445831835269928;0,017262626439332962
1913;1655,503173828125;703,3214111328125;41519,81640625;10,569425582885742;356,82763671875;7,006321430206299;1,2449032068252563;0,4078952670097351;0,3516201376914978;0,017730936408042908
1914;1655,503173828125;703,3214111328125;41519,81640625;3,4575979709625244;350,0181579589844;7,839067459106445;1,2433050870895386;0,40905657410621643;0,3507668673992157;0,01772225834429264
1915;1655,503173828125;703,3214111328125;41519,81640625;-15,51363754272461;342,4635925292969;4,497547149658203;1,2569447755813599;0,41556957364082336;0,35466545820236206;0,018006186932325363
1916;1655,503173828125;703,3214111328125;41519,81640625;1,5219533443450928;342,056884765625;6,980175495147705;1,222114086151123;0,40609627962112427;0,34485000371932983;0,01739724539220333
1917;1655,503173828125;703,3214111328125;41519,81640625;-12,484861373901367;333,2430419921875;3,3023898601531982;1,2462502717971802;0,4164298176765442;0,3515036702156067;0,017880896106362343
1918;1655,503173828125;703,3214111328125;41519,81640625;-20,44928741455078;337,96435546875;4,420055866241455;1,2127937078475952;0,4053891599178314;0,34333041310310364;0,017298348248004913
1919;1655,503173828125;703,3214111328125;41519,81640625;-24,89238929748535;327,5821533203125;4,757657051086426;1,2499067783355713;0,4235422909259796;0,3515762686729431;0,018014293164014816
1920;1655,503173828125;703,3214111328125;41519,81640625;-19,77548599243164;324,9805908203125;6,004571914672852;1,1916313171386719;0,4065866768360138;0,33484646677970886;0,01697690784931183
1921;1655,503173828125;703,3214111328125;41519,81640625;-25,344867706298828;309,6617431640625;6,752252578735352;1,1639389991760254;0,3964335024356842;0,3279305696487427;0,01650635525584221
1922;1655,503173828125;703,3214111328125;41519,81640625;-15,181955337524414;308,44537353515625;4,450173854827881;1,1753333806991577;0,40487903356552124;0,3300313353538513;0,01677311770617962
1923;1655,503173828125;703,3214111328125;41519,81640625;-21,973909378051758;291,0831604003906;5,355497360229492;1,207381010055542;0,42127931118011475;0,3378519117832184;0,017409835010766983
1924;1655,503173828125;703,3214111328125;41519,81640625;-10,512654304504395;282,49249267578125;1,6663572788238525;1,1643495559692383;0,40722325444221497;0,32577601075172424;0,016665272414684296
1925;1655,503173828125;703,3214111328125;41519,81640625;-40,837303161621094;269,997314453125;3,524475336074829;1,1544020175933838;0,4073469936847687;0,32225698232650757;0,016527127474546432
1926;1655,503173828125;703,3214111328125;41519,81640625;-10,875787734985352;259,6250915527344;2,528294801712036;1,1698477268218994;0,4202395975589752;0,32512781023979187;0,01684693992137909
1927;1655,503173828125;703,3214111328125;41519,81640625;-19,387645721435547;261,9615478515625;7,095113277435303;1,1545876264572144;0,4142186641693115;0,3208716809749603;0,016639811918139458
1928;1655,503173828125;703,3214111328125;41519,81640625;-10,724184036254883;257,63916015625;2,0842912197113037;1,1311078071594238;0,4078335464000702;0,3138020932674408;0,016252238303422928
1929;1655,503173828125;703,3214111328125;41519,81640625;-56,2014274597168;244,66212463378906;2,70875883102417;1,1277318000793457;0,413980633020401;0,3115531802177429;0,01623333804309368
1930;1655,503173828125;703,3214111328125;41519,81640625;-48,23789978027344;241,96719360351562;4,572420597076416;1,1300090551376343;0,40977269411087036;0,31240367889404297;0,01635223999619484
1931;1655,503173828125;703,3214111328125;41519,81640625;-61,066444396972656;233,84593200683594;2,8497555255889893;1,1120065450668335;0,41630974411964417;0,30550527572631836;0,016047561541199684
1932;1655,503173828125;703,3214111328125;41519,81640625;-72,68756103515625;226,89132690429688;1,2921048402786255;1,0957173109054565;0,4075302481651306;0,30082622170448303;0,015815792605280876
1933;1655,503173828125;703,3214111328125;41519,81640625;-83,80393981933594;234,29840087890625;5,466452598571777;1,0911881923675537;0,40846216678619385;0,29876628518104553;0,01579267904162407
1934;1655,503173828125;703,3214111328125;41519,81640625;-81,8326416015625;230,7837677001953;2,511133909225464;1,0776230096817017;0,40909409523010254;0,2939712405204773;0,015590865164995193
1935;1655,503173828125;703,3214111328125;41519,81640625;-123,57231903076172;221,2074432373047;4,302565574645996;1,0653297901153564;0,4112069606781006;0,28948959708213806;0,015405875630676746
1936;1655,503173828125;703,3214111328125;41519,81640625;-116,43097686767578;216,9791259765625;4,829333782196045;1,071267008781433;0,41040074825286865;0,29063180088996887;0,015604821033775806
1937;1655,503173828125;703,3214111328125;41519,81640625;-113,89783477783203;209,37033081054688;4,949005603790283;1,0447293519973755;0,4127611517906189;0,28199729323387146;0,015120156109333038
1938;1655,503173828125;703,3214111328125;41519,81640625;-131,79396057128906;201,8109893798828;4,784684658050537;1,0416040420532227;0,4116693139076233;0,2804585099220276;0,015141503885388374
1939;1655,503173828125;703,3214111328125;41519,81640625;-145,42825317382812;188,18580627441406;2,914527177810669;1,025984525680542;0,4056665897369385;0,2755245268344879;0,014905805699527264
1940;1655,503173828125;703,3214111328125;41519,81640625;-143,4273223876953;184,14230346679688;3,8851256370544434;1,0131498575210571;0,39997395873069763;0,27134180068969727;0,014715584926307201
1941;1655,503173828125;703,3214111328125;41519,81640625;-132,88050842285156;187,3867645263672;2,3130319118499756;0,9829733967781067;0,4021463394165039;0,262046754360199;0,014144052751362324
1942;1655,503173828125;703,3214111328125;41519,81640625;-91,21902465820312;196,9651336669922;0,027103852480649948;0,9988551139831543;0,41058915853500366;0,2655079662799835;0,014542769640684128
1943;1655,503173828125;703,3214111328125;41519,81640625;-87,89568328857422;193,1785125732422;1,290585994720459;0,9761714339256287;0,3983842432498932;0,2588157057762146;0,014164919033646584
1944;1655,503173828125;703,3214111328125;41519,81640625;-83,79267120361328;192,2257080078125;1,145723819732666;0,9643900990486145;0,40277397632598877;0,25480523705482483;0,013969280757009983
1945;1655,503173828125;703,3214111328125;41519,81640625;-99,17816925048828;185,20912170410156;2,20708966255188;0,9315392971038818;0,3925749361515045;0,24540705978870392;0,013346816413104534
1946;1655,503173828125;703,3214111328125;41519,81640625;-91,73812103271484;173,60108947753906;1,57310950756073;0,9529306888580322;0,4022228717803955;0,2503579556941986;0,01387334056198597
1947;1655,503173828125;703,3214111328125;41519,81640625;-67,9909439086914;178,34829711914062;2,120934009552002;0,9146693348884583;0,38675206899642944;0,2396537810564041;0,013137654401361942
1948;1655,503173828125;703,3214111328125;41519,81640625;-43,26577377319336;180,0435791015625;1,1722517013549805;0,8817791938781738;0,37664324045181274;0,23043175041675568;0,012488223612308502
1949;1655,503173828125;703,3214111328125;41519,81640625;-58,29475402832031;174,67076110839844;2,064617156982422;0,8818842172622681;0,37977978587150574;0,2298937439918518;0,01255541667342186
1950;1655,503173828125;703,3214111328125;41519,81640625;-54,2091178894043;178,9517364501953;0,43796414136886597;0,8702006936073303;0,37677815556526184;0,22631631791591644;0,012364543974399567
1951;1655,503173828125;703,3214111328125;41519,81640625;-49,720130920410156;172,5533447265625;0,1238989382982254;0,8647456169128418;0,3798898160457611;0,22446611523628235;0,012293416075408459
1952;1655,503173828125;703,3214111328125;41519,81640625;-49,66224670410156;165,14010620117188;0,7154973745346069;0,8283901214599609;0,3582768738269806;0,21446605026721954;0,011558572761714458
1953;1655,503173828125;703,3214111328125;41519,81640625;-40,7490348815918;172,94110107421875;1,9304232597351074;0,8432365655899048;0,365182101726532;0,21785879135131836;0,01196676678955555
1954;1655,503173828125;703,3214111328125;41519,81640625;-48,94768524169922;166,09210205078125;1,1098933219909668;0,7992380261421204;0,3565455675125122;0,2063763588666916;0,010998096317052841
1955;1655,503173828125;703,3214111328125;41519,81640625;-13,733940124511719;167,16432189941406;-0,34227994084358215;0,812678337097168;0,3615170121192932;0,20948149263858795;0,011382119730114937
1956;1655,503173828125;703,3214111328125;41519,81640625;-27,670162200927734;168,42462158203125;-2,079714059829712;0,7801292538642883;0,35160428285598755;0,20095862448215485;0,010665953159332275
1957;1655,503173828125;703,3214111328125;41519,81640625;-12,603785514831543;165,35238647460938;-1,677325963973999;0,7878509759902954;0,35065776109695435;0,20253050327301025;0,0109268669039011
1958;1655,503173828125;703,3214111328125;41519,81640625;-14,279027938842773;167,67308044433594;-3,9985744953155518;0,7798362970352173;0,35077911615371704;0,20040930807590485;0,01078813336789608
1959;1655,503173828125;703,3214111328125;41519,81640625;-39,32664108276367;166,74391174316406;-3,0723469257354736;0,7808954119682312;0,3487376570701599;0,20040442049503326;0,01088168565183878
1960;1655,503173828125;703,3214111328125;41519,81640625;-33,82394790649414;173,95729064941406;-2,7115931510925293;0,7604194283485413;0,3406411409378052;0,19507484138011932;0,010441121645271778
1961;1655,503173828125;703,3214111328125;41519,81640625;-53,65734100341797;168,41636657714844;-2,834735155105591;0,7585155963897705;0,34024012088775635;0,19452616572380066;0,010450918227434158
1962;1655,503173828125;703,3214111328125;41519,81640625;-40,71149826049805;169,50436401367188;-2,1618754863739014;0,7555959224700928;0,3383384943008423;0,19370871782302856;0,010435701347887516
1963;1655,503173828125;703,3214111328125;41519,81640625;-44,916770935058594;166,8589324951172;0,7397679686546326;0,7463375926017761;0,33543339371681213;0,19141089916229248;0,010257752612233162
1964;1655,503173828125;703,3214111328125;41519,81640625;-41,04213333129883;169,4038543701172;-0,8127920627593994;0,715750515460968;0,3262522220611572;0,18389393389225006;0,009519939310848713
1965;1655,503173828125;703,3214111328125;41519,81640625;-49,81655502319336;158,3585205078125;1,753780722618103;0,7235333323478699;0,3282804489135742;0,18590199947357178;0,00977444276213646
1966;1655,503173828125;703,3214111328125;41519,81640625;-6,783112525939941;171,15179443359375;-3,7202272415161133;0,7065287828445435;0,3181436061859131;0,1815079152584076;0,009382533840835094
1967;1655,503173828125;703,3214111328125;41519,81640625;29,293643951416016;182,32847595214844;-3,314345121383667;0,7186157703399658;0,320234090089798;0,18455468118190765;0,009747002273797989
1968;1655,503173828125;703,3214111328125;41519,81640625;0,605042576789856;180,15887451171875;-4,0468034744262695;0,7004920840263367;0,3163609802722931;0,1804051697254181;0,009312545880675316
1969;1655,503173828125;703,3214111328125;41519,81640625;-24,095264434814453;178,62908935546875;0,2044454663991928;0,707952082157135;0,31355512142181396;0,18211953341960907;0,00955270417034626
1970;1655,503173828125;703,3214111328125;41519,81640625;-20,26593589782715;178,53111267089844;0,7913126945495605;0,7110353708267212;0,3220977485179901;0,18374328315258026;0,009654621593654156
1971;1655,503173828125;703,3214111328125;41519,81640625;-19,524717330932617;181,9381561279297;1,8826241493225098;0,733680784702301;0,32970884442329407;0,18972353637218475;0,010277596302330494
1972;1655,503173828125;703,3214111328125;41519,81640625;-2,805402994155884;178,89468383789062;-1,1889758110046387;0,6833614110946655;0,3039756417274475;0,17679792642593384;0,009009238332509995
1973;1655,503173828125;703,3214111328125;41519,81640625;-5,015470027923584;185,32980346679688;1,7608122825622559;0,7129042744636536;0,31058835983276367;0,18427614867687225;0,009841571561992168
1974;1655,503173828125;703,3214111328125;41519,81640625;0,13630615174770355;193,84429931640625;1,291408658027649;0,721552848815918;0,31532955169677734;0,18700043857097626;0,010105663910508156
1975;1655,503173828125;703,3214111328125;41519,81640625;23,678712844848633;205,8026580810547;-6,251266956329346;0,6930729746818542;0,3025800585746765;0,18000428378582;0,009375347755849361
1976;1655,503173828125;703,3214111328125;41519,81640625;-13,85031509399414;205,69033813476562;-0,958895206451416;0,7183034420013428;0,3095666170120239;0,18665221333503723;0,010084050707519054
1977;1655,503173828125;703,3214111328125;41519,81640625;6,9916462898254395;213,48284912109375;-3,66729474067688;0,7059887051582336;0,30463987588882446;0,1839509755373001;0,009782258421182632
1978;1655,503173828125;703,3214111328125;41519,81640625;-10,611618995666504;214,43238830566406;-0,5451539158821106;0,7132822871208191;0,30689314007759094;0,18626204133033752;0,009998722933232784
1979;1655,503173828125;703,3214111328125;41519,81640625;12,093025207519531;224,68350219726562;-1,9697668552398682;0,7264319062232971;0,30994564294815063;0,18995730578899384;0,010367918759584427
1980;1655,503173828125;703,3214111328125;41519,81640625;2,0674753189086914;233,1260986328125;-1,4721167087554932;0,7016605138778687;0,29608771204948425;0,18366269767284393;0,009740114212036133
1981;1655,503173828125;703,3214111328125;41519,81640625;-3,1878340244293213;239,22372436523438;-3,130894422531128;0,7157096862792969;0,2957724928855896;0,1872277706861496;0,010126953013241291
1982;1655,503173828125;703,3214111328125;41519,81640625;27,93449592590332;248,58673095703125;-6,3553242683410645;0,7360316514968872;0,3019861578941345;0,1928488165140152;0,010689805261790752
1983;1655,503173828125;703,3214111328125;41519,81640625;15,849547386169434;242,34600830078125;-4,689404487609863;0,7554203867912292;0,30781370401382446;0,19825145602226257;0,011211135424673557
1984;1655,503173828125;703,3214111328125;41519,81640625;12,64500904083252;252,8896484375;-3,2855401039123535;0,7426632642745972;0,29949843883514404;0,19510409235954285;0,010891025885939598
1985;1655,503173828125;703,3214111328125;41519,81640625;13,363203048706055;266,2012939453125;-3,3693599700927734;0,7443537712097168;0,3022034764289856;0,1963128000497818;0,010946421884000301
1986;1655,503173828125;703,3214111328125;41519,81640625;-10,207469940185547;269,8364562988281;-0,1899368166923523;0,7422090172767639;0,2945421040058136;0,19550029933452606;0,010896005667746067
1987;1655,503173828125;703,3214111328125;41519,81640625;7,755888938903809;281,0675964355469;-4,237417697906494;0,753738284111023;0,2960401177406311;0,19869348406791687;0,011199968867003918
1988;1655,503173828125;703,3214111328125;41519,81640625;-22,641902923583984;286,9504699707031;-4,453972339630127;0,7654063701629639;0,2998071312904358;0,2021883875131607;0,011517117731273174
1989;1655,503173828125;703,3214111328125;41519,81640625;-31,51529312133789;296,6043395996094;-1,13169527053833;0,7738747596740723;0,29744017124176025;0,20421355962753296;0,01170697994530201
1990;1655,503173828125;703,3214111328125;41519,81640625;-0,049028437584638596;298,5849914550781;-3,9311509132385254;0,7849040627479553;0,29927051067352295;0,2072875201702118;0,011986121535301208
1991;1655,503173828125;703,3214111328125;41519,81640625;-2,241081476211548;297,9809265136719;-4,285761833190918;0,7988025546073914;0,30327537655830383;0,21125280857086182;0,012350675649940968
1992;1655,503173828125;703,3214111328125;41519,81640625;7,134396553039551;310,3869323730469;-5,691389083862305;0,7850915789604187;0,2976178824901581;0,2080206274986267;0,012010782957077026
1993;1655,503173828125;703,3214111328125;41519,81640625;-5,575743675231934;308,08905029296875;-2,9733216762542725;0,7929754257202148;0,29834771156311035;0,21021321415901184;0,012203176505863667
1994;1655,503173828125;703,3214111328125;41519,81640625;-29,411670684814453;318,2788391113281;-1,9184032678604126;0,789863109588623;0,29458436369895935;0,2093796283006668;0,012104417197406292
1995;1655,503173828125;703,3214111328125;41519,81640625;-18,86088752746582;325,3482666015625;-4,309084892272949;0,8012186884880066;0,2950456142425537;0,21206876635551453;0,012307307682931423
1996;1655,503173828125;703,3214111328125;41519,81640625;13,501338005065918;327,6156005859375;-3,217775344848633;0,7859845161437988;0,2896590232849121;0,20849725604057312;0,011978615075349808
1997;1655,503173828125;703,3214111328125;41519,81640625;-11,090210914611816;346,4271545410156;-5,847881317138672;0,8019140958786011;0,2938232123851776;0,21274660527706146;0,012371653690934181
1998;1655,503173828125;703,3214111328125;41519,81640625;5,7679972648620605;348,05572509765625;-5,421311378479004;0,837454617023468;0,3044615089893341;0,22183285653591156;0,01320241391658783
1999;1655,503173828125;703,3214111328125;41519,81640625;-1,867011308670044;356,9549560546875;-5,142905235290527;0,8237137198448181;0,29819485545158386;0,21803295612335205;0,012781484983861446
2000;1655,503173828125;703,3214111328125;41519,81640625;3,1761343479156494;356,8259582519531;-5,327485084533691;0,8162566423416138;0,2943907678127289;0,21610026061534882;0,012609834782779217
2001;1655,503173828125;703,3214111328125;41519,81640625;-2,108100414276123;370,055908203125;-4,13529109954834;0,8489091396331787;0,30515921115875244;0,22461120784282684;0,013409649953246117
2002;1655,503173828125;703,3214111328125;41519,81640625;-19,2362117767334;374,6940002441406;-4,525386810302734;0,8348219990730286;0,2988305985927582;0,22076678276062012;0,013040635734796524
2003;1655,503173828125;703,3214111328125;41519,81640625;-4,643831253051758;385,0790710449219;-6,358406066894531;0,8196585178375244;0,29184073209762573;0,21659694612026215;0,0126435412093997
2004;1655,503173828125;703,3214111328125;41519,81640625;-13,360980033874512;392,4578552246094;-3,053781509399414;0,8409312963485718;0,3001759648323059;0,22192226350307465;0,013094413094222546
2005;1655,503173828125;703,3214111328125;41519,81640625;-28,58271598815918;405,0562438964844;-5,244868755340576;0,8474227786064148;0,30169031023979187;0,22337402403354645;0,01322996523231268
2006;1655,503173828125;703,3214111328125;41519,81640625;-50,6687126159668;414,6346130371094;-4,356211185455322;0,8381125330924988;0,29653462767601013;0,2206154763698578;0,012986925430595875
2007;1655,503173828125;703,3214111328125;41519,81640625;-72,12447357177734;425,1734619140625;-0,7426724433898926;0,8786430954933167;0,31114497780799866;0,23093801736831665;0,013946352526545525
2008;1655,503173828125;703,3214111328125;41519,81640625;-51,422393798828125;434,7438049316406;-8,015461921691895;0,8722302913665771;0,30924370884895325;0,2288828045129776;0,013731845654547215
2009;1655,503173828125;703,3214111328125;41519,81640625;-58,970184326171875;448,8689270019531;-3,9465184211730957;0,8727485537528992;0,3084997236728668;0,2285829782485962;0,013710243627429008
2010;1655,503173828125;703,3214111328125;41519,81640625;-59,347415924072266;468,2162780761719;-7,098876953125;0,8883064389228821;0,31535089015960693;0,23226390779018402;0,014028075151145458
2011;1655,503173828125;703,3214111328125;41519,81640625;-103,12079620361328;475,6493225097656;-6,339779853820801;0,896246612071991;0,31507593393325806;0,2337142676115036;0,01420438289642334
2012;1655,503173828125;703,3214111328125;41519,81640625;-95,41242218017578;483,0055847167969;-6,600904941558838;0,8827997446060181;0,3106081783771515;0,22969907522201538;0,013822657987475395
2013;1655,503173828125;703,3214111328125;41519,81640625;-85,77947235107422;491,41094970703125;-7,447185516357422;0,8705379962921143;0,30625098943710327;0,22596745193004608;0,013466647826135159
2014;1655,503173828125;703,3214111328125;41519,81640625;-103,4760971069336;513,0260009765625;-10,798604011535645;0,8856222033500671;0,3076237738132477;0,22906848788261414;0,013805218040943146
2015;1655,503173828125;703,3214111328125;41519,81640625;-101,33623504638672;521,6163330078125;-10,563560485839844;0,8881778717041016;0,308152973651886;0,22908887267112732;0,013812660239636898
2016;1655,503173828125;703,3214111328125;41519,81640625;-115,98995971679688;534,2427978515625;-8,969075202941895;0,8924283385276794;0,30739825963974;0,22939783334732056;0,013861213810741901
2017;1655,503173828125;703,3214111328125;41519,81640625;-129,65097045898438;539,6064453125;-9,962102890014648;0,8874527812004089;0,31292101740837097;0,22795440256595612;0,013656490482389927
2018;1655,503173828125;703,3214111328125;41519,81640625;-136,32786560058594;549,5966796875;-9,79814624786377;0,922156810760498;0,32627591490745544;0,2362653613090515;0,014433368109166622
2019;1655,503173828125;703,3214111328125;41519,81640625;-149,63897705078125;558,3267211914062;-9,618375778198242;0,9165429472923279;0,3250354528427124;0,23418723046779633;0,014234006404876709
2020;1655,503173828125;703,3214111328125;41519,81640625;-131,79672241210938;561,66162109375;-12,15230655670166;0,8946108818054199;0,31070974469184875;0,22737829387187958;0,013669936917722225
2021;1655,503173828125;703,3214111328125;41519,81640625;-141,59176635742188;572,1671752929688;-14,89352035522461;0,9099799394607544;0,3197799324989319;0,2308613359928131;0,013963879086077213
2022;1655,503173828125;703,3214111328125;41519,81640625;-128,46615600585938;570,94775390625;-15,33056926727295;0,960837185382843;0,338763564825058;0,2431020885705948;0,01509245578199625
2023;1655,503173828125;703,3214111328125;41519,81640625;-163,63861083984375;585,7395629882812;-10,253725051879883;0,9157170653343201;0,32233157753944397;0,23092684149742126;0,013970114290714264
2024;1655,503173828125;703,3214111328125;41519,81640625;-165,43429565429688;587,4122314453125;-15,126070022583008;0,8974363803863525;0,31139522790908813;0,22521314024925232;0,01347574032843113
2025;1655,503173828125;703,3214111328125;41519,81640625;-154,94345092773438;598,606689453125;-12,07426643371582;0,9252099394798279;0,32113683223724365;0,2314731627702713;0,014066002331674099
2026;1655,503173828125;703,3214111328125;41519,81640625;-133,96994018554688;593,0446166992188;-14,359136581420898;0,9505505561828613;0,33957523107528687;0,23800398409366608;0,01457301527261734
2027;1655,503173828125;703,3214111328125;41519,81640625;-168,19467163085938;605,2738647460938;-14,49238109588623;0,8984084725379944;0,3112961947917938;0,2233622670173645;0,013292818330228329
2028;1655,503173828125;703,3214111328125;41519,81640625;-153,3246307373047;609,1382446289062;-14,53000545501709;0,9137210249900818;0,31391188502311707;0,22624655067920685;0,013585837557911873
2029;1655,503173828125;703,3214111328125;41519,81640625;-159,4147491455078;614,2926635742188;-14,045063972473145;0,9179313778877258;0,3183857798576355;0,22695663571357727;0,013612591661512852
2030;1655,503173828125;703,3214111328125;41519,81640625;-152,0215301513672;614,4868774414062;-14,72077465057373;0,9603400826454163;0,34133684635162354;0,23767757415771484;0,014516908675432205
2031;1655,503173828125;703,3214111328125;41519,81640625;-133,98367309570312;613,1229858398438;-18,259723663330078;0,9387337565422058;0,3297249376773834;0,2313573807477951;0,013950718566775322
2032;1655,503173828125;703,3214111328125;41519,81640625;-160,63482666015625;621,7440795898438;-15,584467887878418;0,9424761533737183;0,3237135410308838;0,23096074163913727;0,013962354511022568
2033;1655,503173828125;703,3214111328125;41519,81640625;-141,17230224609375;621,9432373046875;-17,57048988342285;0,9482532143592834;0,3310807943344116;0,23247353732585907;0,014025027863681316
2034;1655,503173828125;703,3214111328125;41519,81640625;-131,68185424804688;614,4276123046875;-16,341707229614258;0,9482458233833313;0,3242173492908478;0,2312648743391037;0,013945197686553001
2035;1655,503173828125;703,3214111328125;41519,81640625;-158,32545471191406;620,8889770507812;-17,99586296081543;0,9639350771903992;0,3306909501552582;0,2348197102546692;0,014228417538106441
2036;1655,503173828125;703,3214111328125;41519,81640625;-178,85157775878906;623,003662109375;-18,982141494750977;0,9480494856834412;0,32366281747817993;0,23043052852153778;0,013795249164104462
2037;1655,503173828125;703,3214111328125;41519,81640625;-193,40818786621094;626,7045288085938;-15,057840347290039;0,9676983952522278;0,32669174671173096;0,23449097573757172;0,014152230694890022
2038;1655,503173828125;703,3214111328125;41519,81640625;-162,2054901123047;620,9564819335938;-16,853534698486328;0,9754096269607544;0,332293838262558;0,23648954927921295;0,01425961870700121
2039;1655,503173828125;703,3214111328125;41519,81640625;-186,32357788085938;630,7760620117188;-17,586023330688477;0,9529502987861633;0,31981462240219116;0,23031046986579895;0,013677586801350117
2040;1655,503173828125;703,3214111328125;41519,81640625;-213,80215454101562;632,4497680664062;-14,255770683288574;0,9653065204620361;0,32538893818855286;0,2333722859621048;0,013883206062018871
2041;1655,503173828125;703,3214111328125;41519,81640625;-219,9085693359375;638,3699951171875;-15,892387390136719;0,9730117321014404;0,3343273103237152;0,2360159307718277;0,013996601104736328
2042;1655,503173828125;703,3214111328125;41519,81640625;-222,35240173339844;640,6890258789062;-16,33106231689453;0,9697052836418152;0,32728031277656555;0,23451603949069977;0,013839926570653915
2043;1655,503173828125;703,3214111328125;41519,81640625;-190,70904541015625;629,001220703125;-17,050012588500977;0,977473258972168;0,32519280910491943;0,23591455817222595;0,01392541266977787
2044;1655,503173828125;703,3214111328125;41519,81640625;-177,75587463378906;622,3735961914062;-16,43549346923828;1,01030433177948;0,3449283838272095;0,24518774449825287;0,014591340906918049
2045;1655,503173828125;703,3214111328125;41519,81640625;-185,98974609375;624,8267211914062;-15,0523042678833;0,9866270422935486;0,3310346007347107;0,23894822597503662;0,013995802961289883
2046;1655,503173828125;703,3214111328125;41519,81640625;-204,34466552734375;632,3975830078125;-16,01371192932129;0,9812071919441223;0,3267834186553955;0,2376530021429062;0,013803478330373764
2047;1655,503173828125;703,3214111328125;41519,81640625;-184,63832092285156;629,749267578125;-16,25832748413086;1,035491943359375;0,34410491585731506;0,2511341869831085;0,014884698204696178
2048;1655,503173828125;703,3214111328125;41519,81640625;-191,62017822265625;637,2154541015625;-17,24114227294922;1,0148953199386597;0,3337118923664093;0,2461528480052948;0,014372877776622772
2049;1655,503173828125;703,3214111328125;41519,81640625;-192,6439208984375;635,58154296875;-16,294889450073242;1,0036261081695557;0,3352939784526825;0,24471239745616913;0,01409055758267641
2050;1655,503173828125;703,3214111328125;41519,81640625;-167,2838134765625;628,985595703125;-17,26273536682129;1,018546462059021;0,33746105432510376;0,24860309064388275;0,014333033002912998
2051;1655,503173828125;703,3214111328125;41519,81640625;-181,93484497070312;636,7613525390625;-15,831948280334473;1,01142156124115;0,34049728512763977;0,2483435869216919;0,014135773293673992
2052;1655,503173828125;703,3214111328125;41519,81640625;-185,79019165039062;631,0792236328125;-16,843381881713867;1,0205272436141968;0,3365987539291382;0,2503645718097687;0,014247165992856026
2053;1655,503173828125;703,3214111328125;41519,81640625;-167,47715759277344;639,2603759765625;-16,283815383911133;1,0185078382492065;0,3263081908226013;0,24932636320590973;0,014103785157203674
2054;1655,503173828125;703,3214111328125;41519,81640625;-143,776123046875;639,449462890625;-17,478116989135742;1,0314383506774902;0,34312301874160767;0,25523731112480164;0,014367254450917244
2055;1655,503173828125;703,3214111328125;41519,81640625;-157,41943359375;640,8975830078125;-17,255035400390625;1,071298360824585;0,3465918004512787;0,2646650969982147;0,015085948631167412
2056;1655,503173828125;703,3214111328125;41519,81640625;-165,30593872070312;637,4163208007812;-16,662199020385742;1,0368891954421997;0,33253806829452515;0,2567552328109741;0,01432215329259634
2057;1655,503173828125;703,3214111328125;41519,81640625;-163,09747314453125;643,4478759765625;-17,117788314819336;1,0702931880950928;0,3443828225135803;0,266297847032547;0,014952585101127625
2058;1655,503173828125;703,3214111328125;41519,81640625;-127,82642364501953;635,1209716796875;-12,659459114074707;1,0652745962142944;0,34297481179237366;0,2662241756916046;0,014802618883550167
2059;1655,503173828125;703,3214111328125;41519,81640625;-139,07882690429688;629,4144897460938;-15,28882884979248;1,0626108646392822;0,3321617543697357;0,2652330994606018;0,014643621630966663
2060;1655,503173828125;703,3214111328125;41519,81640625;-144,97979736328125;629,3473510742188;-11,082152366638184;1,1002686023712158;0,355612188577652;0,27769923210144043;0,015412423759698868
2061;1655,503173828125;703,3214111328125;41519,81640625;-136,144775390625;616,9169311523438;-11,862171173095703;1,087130069732666;0,3518946170806885;0,27576160430908203;0,015110516920685768
2062;1655,503173828125;703,3214111328125;41519,81640625;-159,29298400878906;614,8709106445312;-10,965980529785156;1,0689305067062378;0,3322955369949341;0,27027153968811035;0,01463042851537466
2063;1655,503173828125;703,3214111328125;41519,81640625;-142,85801696777344;607,1786499023438;-12,382735252380371;1,07194983959198;0,3424522876739502;0,27383118867874146;0,014705760404467583
2064;1655,503173828125;703,3214111328125;41519,81640625;-150,24188232421875;609,1167602539062;-11,647378921508789;1,1234302520751953;0,35960623621940613;0,28850340843200684;0,015683194622397423
2065;1655,503173828125;703,3214111328125;41519,81640625;-163,0658721923828;613,8192749023438;-12,08960247039795;1,105784296989441;0,34300878643989563;0,28355202078819275;0,015234243124723434
2066;1655,503173828125;703,3214111328125;41519,81640625;-167,55836486816406;602,4437255859375;-10,386238098144531;1,0812430381774902;0,3447025716304779;0,28019198775291443;0,014777837321162224
2067;1655,503173828125;703,3214111328125;41519,81640625;-148,3640899658203;594,4880981445312;-11,301016807556152;1,1265827417373657;0,3583928346633911;0,29324498772621155;0,015628337860107422
2068;1655,503173828125;703,3214111328125;41519,81640625;-165,54066467285156;589,8837890625;-8,863198280334473;1,1486527919769287;0,3649456202983856;0,30036941170692444;0,016019105911254883
2069;1655,503173828125;703,3214111328125;41519,81640625;-138,6557159423828;584,4720458984375;-9,115141868591309;1,135388970375061;0,3638240098953247;0,29889994859695435;0,01575053669512272
2070;1655,503173828125;703,3214111328125;41519,81640625;-155,62388610839844;571,0713500976562;-6,674038887023926;1,1490881443023682;0,35991930961608887;0,3024282157421112;0,015938522294163704
2071;1655,503173828125;703,3214111328125;41519,81640625;-124,42134094238281;558,8821411132812;-7,4212164878845215;1,214836835861206;0,3849446475505829;0,3220483958721161;0,017179150134325027
2072;1655,503173828125;703,3214111328125;41519,81640625;-134,68789672851562;551,3341674804688;-6,286777496337891;1,152350664138794;0,3546006977558136;0,3048558235168457;0,01589992456138134
2073;1655,503173828125;703,3214111328125;41519,81640625;-129,0066375732422;539,1012573242188;-5,498485088348389;1,1516653299331665;0,3646203875541687;0,3080042600631714;0,01594100333750248
2074;1655,503173828125;703,3214111328125;41519,81640625;-131,0552520751953;540,8482055664062;-4,614796161651611;1,1675039529800415;0,37089622020721436;0,31385406851768494;0,016228970140218735
2075;1655,503173828125;703,3214111328125;41519,81640625;-126,8924560546875;526,5989379882812;-3,070578098297119;1,1778851747512817;0,3708992898464203;0,3172766864299774;0,016386710107326508
2076;1655,503173828125;703,3214111328125;41519,81640625;-103,744140625;517,464111328125;-1,2303073406219482;1,2274956703186035;0,38679665327072144;0,33201152086257935;0,01729557104408741
2077;1655,503173828125;703,3214111328125;41519,81640625;-119,7948226928711;512,0436401367188;-4,792326927185059;1,1962779760360718;0,38145139813423157;0,32581278681755066;0,016729315742850304
2078;1655,503173828125;703,3214111328125;41519,81640625;-118,096435546875;500,3636779785156;-3,506096363067627;1,197239637374878;0,3745684027671814;0,32559171319007874;0,016684886068105698
2079;1655,503173828125;703,3214111328125;41519,81640625;-120,84600067138672;497,0470886230469;-5,811417579650879;1,1862163543701172;0,3714749217033386;0,32374081015586853;0,016471754759550095
2080;1655,503173828125;703,3214111328125;41519,81640625;-123,58303833007812;487,7955017089844;-2,6463754177093506;1,2096028327941895;0,3786337673664093;0,33109182119369507;0,016892993822693825
2081;1655,503173828125;703,3214111328125;41519,81640625;-75,27627563476562;474,9548034667969;-4,024111270904541;1,217057704925537;0,3814266622066498;0,3341851234436035;0,017025524750351906
2082;1655,503173828125;703,3214111328125;41519,81640625;-72,24555206298828;464,4459533691406;-3,838472604751587;1,2126834392547607;0,383718341588974;0,33484986424446106;0,016971848905086517
2083;1655,503173828125;703,3214111328125;41519,81640625;-76,5043716430664;458,3084716796875;-2,0807247161865234;1,2412225008010864;0,39164891839027405;0,34320977330207825;0,017481932416558266
2084;1655,503173828125;703,3214111328125;41519,81640625;-66,64485931396484;449,7974853515625;-1,4531952142715454;1,1931788921356201;0,3807201683521271;0,3319395184516907;0,016625171527266502
2085;1655,503173828125;703,3214111328125;41519,81640625;-61,895660400390625;449,9271240234375;-1,8626612424850464;1,2212077379226685;0,3857056796550751;0,33899396657943726;0,017108017578721046
2086;1655,503173828125;703,3214111328125;41519,81640625;-74,83113861083984;436,7869873046875;-5,253623962402344;1,216267704963684;0,3837602436542511;0,3378506600856781;0,017004389315843582
2087;1655,503173828125;703,3214111328125;41519,81640625;-76,7304458618164;438,96502685546875;0,515840470790863;1,2091047763824463;0,38456404209136963;0,3373037576675415;0,01691107265651226
2088;1655,503173828125;703,3214111328125;41519,81640625;-67,54155731201172;434,6084899902344;1,1828893423080444;1,2172545194625854;0,38980185985565186;0,3408935070037842;0,017093539237976074
2089;1655,503173828125;703,3214111328125;41519,81640625;-75,51253509521484;425,2017822265625;1,9354888200759888;1,2317149639129639;0,3933789134025574;0,34433987736701965;0,017336063086986542
2090;1655,503173828125;703,3214111328125;41519,81640625;-81,75821685791016;417,2713928222656;-1,2512636184692383;1,214708924293518;0,38900935649871826;0,3397654592990875;0,017029356211423874
2091;1655,503173828125;703,3214111328125;41519,81640625;-102,40618896484375;415,6275939941406;-3,2491872310638428;1,225306510925293;0,39692363142967224;0,34521135687828064;0,017307518050074577
2092;1655,503173828125;703,3214111328125;41519,81640625;-96,37813568115234;413,94281005859375;-0,23865114152431488;1,20163893699646;0,3901440501213074;0,33848387002944946;0,016881341114640236
2093;1655,503173828125;703,3214111328125;41519,81640625;-90,11206817626953;419,97235107421875;2,163433313369751;1,2096710205078125;0,39388781785964966;0,3404538333415985;0,017040859907865524
2094;1655,503173828125;703,3214111328125;41519,81640625;-90,48409271240234;411,9147644042969;4,266270160675049;1,235838770866394;0,4042973518371582;0,34803226590156555;0,01754949614405632
2095;1655,503173828125;703,3214111328125;41519,81640625;-93,45845794677734;405,9505920410156;1,5597155094146729;1,2578283548355103;0,41368621587753296;0,3560855984687805;0,018016526475548744
2096;1655,503173828125;703,3214111328125;41519,81640625;-102,68392944335938;396,2237548828125;3,260164976119995;1,2672098875045776;0,41873446106910706;0,35746875405311584;0,01819705404341221
2097;1655,503173828125;703,3214111328125;41519,81640625;-114,93064880371094;395,1485900878906;0,25930848717689514;1,2064021825790405;0,40020546317100525;0,34116116166114807;0,01711992733180523
2098;1655,503173828125;703,3214111328125;41519,81640625;-105,88695526123047;389,04864501953125;2,467047691345215;1,2155494689941406;0,40552932024002075;0,3432721793651581;0,017322205007076263
2099;1655,503173828125;703,3214111328125;41519,81640625;-98,34130859375;391,663818359375;2,5777933597564697;1,2045811414718628;0,40452831983566284;0,33965548872947693;0,017148837447166443
2100;1655,503173828125;703,3214111328125;41519,81640625;-124,52491760253906;380,1091613769531;-0,525644838809967;1,2316006422042847;0,41675835847854614;0,34665989875793457;0,01767977513372898
2101;1655,503173828125;703,3214111328125;41519,81640625;-87,16840362548828;385,35986328125;-1,8295568227767944;1,200945258140564;0,40828949213027954;0,33809641003608704;0,017161360010504723
2102;1655,503173828125;703,3214111328125;41519,81640625;-105,46277618408203;371,84197998046875;0,3143719434738159;1,1585121154785156;0,39973628520965576;0,32450753450393677;0,016362115740776062
2103;1655,503173828125;703,3214111328125;41519,81640625;-136,07730102539062;357,43817138671875;1,543266773223877;1,1961368322372437;0,41205573081970215;0,3359687328338623;0,01715935207903385
2104;1655,503173828125;703,3214111328125;41519,81640625;-122,13591003417969;354,182861328125;4,450377464294434;1,1702255010604858;0,40662914514541626;0,32802677154541016;0,01671348698437214
2105;1655,503173828125;703,3214111328125;41519,81640625;-112,8256607055664;341,7677001953125;3,845590829849243;1,177443265914917;0,4086799621582031;0,3303697407245636;0,016908949241042137
2106;1655,503173828125;703,3214111328125;41519,81640625;-110,08308410644531;334,2376708984375;-0,3168589770793915;1,1940531730651855;0,4173334836959839;0,33440491557121277;0,017276113852858543
2107;1655,503173828125;703,3214111328125;41519,81640625;-120,9682388305664;315,919677734375;0,5717954039573669;1,1326277256011963;0,3997684717178345;0,316351979970932;0,01615430787205696
2108;1655,503173828125;703,3214111328125;41519,81640625;-107,92546844482422;318,0481262207031;1,3967499732971191;1,1630825996398926;0,4152066111564636;0,3238689601421356;0,016787778586149216
2109;1655,503173828125;703,3214111328125;41519,81640625;-74,05476379394531;320,6233825683594;-4,5318708419799805;1,1595206260681152;0,41646039485931396;0,32226529717445374;0,016778379678726196
2110;1655,503173828125;703,3214111328125;41519,81640625;-91,24606323242188;302,00048828125;0,24896669387817383;1,1736053228378296;0,4241320490837097;0,3254905343055725;0,017105435952544212
2111;1655,503173828125;703,3214111328125;41519,81640625;-104,4774169921875;289,5894470214844;0,29181525111198425;1,1576837301254272;0,41747134923934937;0,32079145312309265;0,01686202920973301
2112;1655,503173828125;703,3214111328125;41519,81640625;-95,98307800292969;270,6849365234375;-1,650633692741394;1,1250251531600952;0,41729918122291565;0,30991947650909424;0,016279121860861778
2113;1655,503173828125;703,3214111328125;41519,81640625;-110,2899398803711;266,979248046875;3,0402588844299316;1,1516315937042236;0,4250358045101166;0,31698983907699585;0,01686934381723404
2114;1655,503173828125;703,3214111328125;41519,81640625;-90,61390686035156;263,8668518066406;2,0512542724609375;1,1143138408660889;0,41888684034347534;0,3054252862930298;0,016199516132473946
2115;1655,503173828125;703,3214111328125;41519,81640625;-83,46826934814453;251,2281036376953;-0,4155671000480652;1,1329450607299805;0,42411524057388306;0,31008780002593994;0,01663750223815441
2116;1655,503173828125;703,3214111328125;41519,81640625;-104,04054260253906;237,3929443359375;2,6131575107574463;1,1137516498565674;0,4180355668067932;0,3040691614151001;0,016327684745192528
2117;1655,503173828125;703,3214111328125;41519,81640625;-99,05292510986328;233,23440551757812;5,487114429473877;1,08950674533844;0,4150286614894867;0,29631495475769043;0,015916716307401657
2118;1655,503173828125;703,3214111328125;41519,81640625;-72,80372619628906;220,37506103515625;3,596261739730835;1,0917112827301025;0,418347030878067;0,29602551460266113;0,01602787710726261
2119;1655,503173828125;703,3214111328125;41519,81640625;-75,18264770507812;213,76602172851562;3,229729413986206;1,049914002418518;0,4134621322154999;0,28334811329841614;0,015246886759996414
2120;1655,503173828125;703,3214111328125;41519,81640625;-51,66132736206055;214,55880737304688;4,121931076049805;1,052821159362793;0,4201035499572754;0,2831535041332245;0,01535801775753498
2121;1655,503173828125;703,3214111328125;41519,81640625;-78,58383178710938;202,31466674804688;2,2563018798828125;1,0188796520233154;0,3976782262325287;0,27370813488960266;0,014766196720302105
2122;1655,503173828125;703,3214111328125;41519,81640625;-68,94039154052734;203,93414306640625;2,652445077896118;1,0078388452529907;0,40659457445144653;0,26948481798171997;0,014599748887121677
2123;1655,503173828125;703,3214111328125;41519,81640625;-58,32974624633789;196,25953674316406;0,22187815606594086;0,9810734987258911;0,39599180221557617;0,2616233229637146;0,014127500355243683
2124;1655,503173828125;703,3214111328125;41519,81640625;-60,43020248413086;194,10633850097656;1,5723506212234497;1,0052070617675781;0,40618300437927246;0,2673018276691437;0,014696967788040638
2125;1655,503173828125;703,3214111328125;41519,81640625;-73,98805236816406;187,7719268798828;0,6147254705429077;1,0095794200897217;0,41948258876800537;0,26746314764022827;0,014819077216088772
2126;1655,503173828125;703,3214111328125;41519,81640625;-73,08259582519531;194,12217712402344;0,7523034811019897;0,9542246460914612;0,394441157579422;0,2521519958972931;0,013769908808171749
2127;1655,503173828125;703,3214111328125;41519,81640625;-62,790279388427734;195,68637084960938;-0,3916059732437134;0,9359861612319946;0,3887663185596466;0,2466265708208084;0,0134533466771245
2128;1655,503173828125;703,3214111328125;41519,81640625;-85,02111053466797;196,41246032714844;1,1497306823730469;0,9377304315567017;0,3972063362598419;0,24635866284370422;0,013540124520659447
2129;1655,503173828125;703,3214111328125;41519,81640625;-88,14189147949219;192,25885009765625;0,2965582609176636;0,9458387494087219;0,39467260241508484;0,24785536527633667;0,01380368135869503
2130;1655,503173828125;703,3214111328125;41519,81640625;-69,1972885131836;193,40249633789062;-0,9381823539733887;0,9009647965431213;0,3810107707977295;0,2354746013879776;0,01290358416736126
2131;1655,503173828125;703,3214111328125;41519,81640625;-59,11539077758789;195,73397827148438;-1,425458312034607;0,91218501329422;0,3874466121196747;0,23780807852745056;0,01321499701589346
2132;1655,503173828125;703,3214111328125;41519,81640625;-45,44694519042969;204,1109161376953;-3,472075939178467;0,8724275827407837;0,3763865828514099;0,22694632411003113;0,012403556145727634
2133;1655,503173828125;703,3214111328125;41519,81640625;-53,25262451171875;200,8975067138672;-3,016016721725464;0,8876847624778748;0,3871467113494873;0,23044881224632263;0,012792330235242844
2134;1655,503173828125;703,3214111328125;41519,81640625;-23,624914169311523;208,3003692626953;-3,553342580795288;0,8804097175598145;0,38041532039642334;0,22801129519939423;0,012717240490019321
2135;1655,503173828125;703,3214111328125;41519,81640625;-67,173828125;203,74024963378906;-0,0529051348567009;0,8594666123390198;0,37566980719566345;0,22222523391246796;0,012309446930885315
2136;1655,503173828125;703,3214111328125;41519,81640625;-48,71194839477539;208,83961486816406;-1,7795079946517944;0,8377829790115356;0,36278823018074036;0,21612884104251862;0,011888008564710617
2137;1655,503173828125;703,3214111328125;41519,81640625;-51,71746063232422;209,4306182861328;-3,750312328338623;0,8250641822814941;0,3635654151439667;0,2126569002866745;0,011655814945697784
2138;1655,503173828125;703,3214111328125;41519,81640625;-91,31771850585938;198,86851501464844;-3,9962446689605713;0,8333594799041748;0,3734656870365143;0,2146814614534378;0,011882253922522068
2139;1655,503173828125;703,3214111328125;41519,81640625;-87,05838012695312;204,05386352539062;-3,9365720748901367;0,7976652979850769;0,35245588421821594;0,2050456553697586;0,011140636168420315
2140;1655,503173828125;703,3214111328125;41519,81640625;-61,745201110839844;211,4561767578125;-5,321103096008301;0,7995576858520508;0,3569610118865967;0,20544081926345825;0,011240164749324322
2141;1655,503173828125;703,3214111328125;41519,81640625;-74,01545715332031;206,62640380859375;-5,850755214691162;0,7838960886001587;0,35010525584220886;0,20124204456806183;0,010929232463240623
2142;1655,503173828125;703,3214111328125;41519,81640625;-76,5495834350586;206,7635040283203;-4,50417947769165;0,7511600255966187;0,3343226909637451;0,19264526665210724;0,010182778351008892
2143;1655,503173828125;703,3214111328125;41519,81640625;-57,883636474609375;211,11752319335938;-3,6424286365509033;0,7794955968856812;0,3423815965652466;0,19958336651325226;0,010936490260064602
2144;1655,503173828125;703,3214111328125;41519,81640625;-74,8906021118164;207,46331787109375;-3,244252920150757;0,7595984935760498;0,34023064374923706;0,19476200640201569;0,010509654879570007
2145;1655,503173828125;703,3214111328125;41519,81640625;-83,98385620117188;203,53668212890625;-3,223435878753662;0,7525944709777832;0,3361220955848694;0,19289687275886536;0,010390542447566986
2146;1655,503173828125;703,3214111328125;41519,81640625;-72,2331314086914;209,5418243408203;-4,382056713104248;0,7476515769958496;0,33979207277297974;0,1920020878314972;0,010303634218871593
2147;1655,503173828125;703,3214111328125;41519,81640625;-66,94977569580078;205,30081176757812;-5,143640518188477;0,7419878840446472;0,33939260244369507;0,1907663345336914;0,010196655988693237
2148;1655,503173828125;703,3214111328125;41519,81640625;-86,3403091430664;197,128662109375;-3,6254477500915527;0,7042036652565002;0,32147303223609924;0,18113185465335846;0,009290322661399841
2149;1655,503173828125;703,3214111328125;41519,81640625;-63,63893508911133;201,51446533203125;-4,374901294708252;0,7095505595207214;0,3201709985733032;0,18240900337696075;0,009485838003456593
2150;1655,503173828125;703,3214111328125;41519,81640625;-72,94970703125;194,04452514648438;-3,7349579334259033;0,720100462436676;0,32343921065330505;0,18520599603652954;0,009808880276978016
2151;1655,503173828125;703,3214111328125;41519,81640625;-70,36946105957031;195,24252319335938;-3,6797783374786377;0,7141300439834595;0,317320853471756;0,18364031612873077;0,009696044959127903
2152;1655,503173828125;703,3214111328125;41519,81640625;-83,40211486816406;189,84132385253906;-3,480100631713867;0,7321524024009705;0,3244762718677521;0,1884675770998001;0,010210627689957619
2153;1655,503173828125;703,3214111328125;41519,81640625;-63,695308685302734;196,1427459716797;-3,8991053104400635;0,7105502486228943;0,31256479024887085;0,18300488591194153;0,009680534712970257
2154;1655,503173828125;703,3214111328125;41519,81640625;-67,36800384521484;200,01119995117188;-2,9798429012298584;0,7183763980865479;0,32253003120422363;0,18585598468780518;0,009909573942422867
2155;1655,503173828125;703,3214111328125;41519,81640625;-61,467681884765625;209,63902282714844;-6,248412132263184;0,7166460156440735;0,3193309009075165;0,1855667382478714;0,009909454733133316
2156;1655,503173828125;703,3214111328125;41519,81640625;-11,442330360412598;211,2578887939453;-5,607830047607422;0,7109009027481079;0,31487828493118286;0,18430151045322418;0,009798775427043438
2157;1655,503173828125;703,3214111328125;41519,81640625;-36,80111312866211;211,5633087158203;-5,858344554901123;0,6777655482292175;0,30051136016845703;0,17612497508525848;0,008935470134019852
2158;1655,503173828125;703,3214111328125;41519,81640625;-7,795956611633301;215,78573608398438;-7,177748680114746;0,710647463798523;0,30878618359565735;0,18453755974769592;0,00986497662961483
2159;1655,503173828125;703,3214111328125;41519,81640625;-3,1244843006134033;229,17132568359375;-7,696615219116211;0,7072210907936096;0,30850082635879517;0,18419937789440155;0,009795263409614563
2160;1655,503173828125;703,3214111328125;41519,81640625;-17,313997268676758;229,72348022460938;-5,681063175201416;0,711245059967041;0,3062286972999573;0,18533669412136078;0,009937029331922531
2161;1655,503173828125;703,3214111328125;41519,81640625;-25,147600173950195;230,10325622558594;-2,897505521774292;0,7135187983512878;0,30498558282852173;0,18619726598262787;0,01002378761768341
2162;1655,503173828125;703,3214111328125;41519,81640625;-35,767730712890625;236,25225830078125;-4,14922571182251;0,7122719883918762;0,2991008758544922;0,18583889305591583;0,010007597506046295
2163;1655,503173828125;703,3214111328125;41519,81640625;-72,68385314941406;239,76498413085938;-2,118797540664673;0,7312783598899841;0,3086142838001251;0,19145585596561432;0,010533276945352554
2164;1655,503173828125;703,3214111328125;41519,81640625;-52,66326141357422;250,3215789794922;-4,454934597015381;0,7511835694313049;0,3115847706794739;0,1966468095779419;0,011074895039200783
2165;1655,503173828125;703,3214111328125;41519,81640625;-42,70543670654297;259,627685546875;-5,674534320831299;0,7304496765136719;0,3023601770401001;0,19167211651802063;0,01055498979985714
2166;1655,503173828125;703,3214111328125;41519,81640625;-53,354244232177734;258,9678955078125;-7,555098533630371;0,7388798594474792;0,2990512549877167;0,19368712604045868;0,010775976814329624
2167;1655,503173828125;703,3214111328125;41519,81640625;-78,54098510742188;269,75439453125;-4,458437919616699;0,7453730702400208;0,30082157254219055;0,19581836462020874;0,010970118455588818
2168;1655,503173828125;703,3214111328125;41519,81640625;-63,64850616455078;267,59210205078125;-6,05150032043457;0,7403087019920349;0,3010782301425934;0,19526194036006927;0,01084755640476942
2169;1655,503173828125;703,3214111328125;41519,81640625;-88,08617401123047;281,210693359375;-3,747614860534668;0,760696291923523;0,30304405093193054;0,20044679939746857;0,011390578001737595
2170;1655,503173828125;703,3214111328125;41519,81640625;-55,318599700927734;300,2970275878906;-7,879924297332764;0,7525174617767334;0,29567402601242065;0,19831416010856628;0,011171185411512852
2171;1655,503173828125;703,3214111328125;41519,81640625;-72,69771575927734;301,486328125;-5,594679832458496;0,7626394033432007;0,299114853143692;0,2014189511537552;0,01145190093666315
2172;1655,503173828125;703,3214111328125;41519,81640625;-53,79695129394531;311,5228271484375;-9,321288108825684;0,7618113160133362;0,2964024245738983;0,2013901323080063;0,011431149207055569
2173;1655,503173828125;703,3214111328125;41519,81640625;-94,13804626464844;318,861572265625;-6,971401691436768;0,7613482475280762;0,29395580291748047;0,20145145058631897;0,011418434791266918
2174;1655,503173828125;703,3214111328125;41519,81640625;-86,97420501708984;335,96954345703125;-5,170680046081543;0,7821735739707947;0,29849275946617126;0,20695340633392334;0,01194381806999445
2175;1655,503173828125;703,3214111328125;41519,81640625;-89,06317138671875;349,0896301269531;-4,648825645446777;0,7787410616874695;0,2967380881309509;0,20643776655197144;0,011862101033329964
2176;1655,503173828125;703,3214111328125;41519,81640625;-76,25788116455078;347,1557312011719;-4,6687912940979;0,7711763381958008;0,2888008952140808;0,20408326387405396;0,01160095538944006
2177;1655,503173828125;703,3214111328125;41519,81640625;-90,31159973144531;352,75775146484375;-5,483330726623535;0,7979700565338135;0,29761332273483276;0,21138349175453186;0,012310650199651718
2178;1655,503173828125;703,3214111328125;41519,81640625;-73,09700775146484;364,2806091308594;-5,707659721374512;0,7837149500846863;0,29178586602211;0,20792803168296814;0,011956879869103432
2179;1655,503173828125;703,3214111328125;41519,81640625;-55,57730484008789;372,82220458984375;-6,902571201324463;0,816496729850769;0,3012827932834625;0,21649330854415894;0,012762976810336113
2180;1655,503173828125;703,3214111328125;41519,81640625;-57,819149017333984;379,9405517578125;-5,096768379211426;0,7917447686195374;0,2911475896835327;0,21013426780700684;0,012134136632084846
2181;1655,503173828125;703,3214111328125;41519,81640625;-64,87885284423828;386,60333251953125;-6,527767181396484;0,8127285838127136;0,2963421642780304;0,21539360284805298;0,012610756792128086
2182;1655,503173828125;703,3214111328125;41519,81640625;-68,00393676757812;395,3273620605469;-7,263503074645996;0,8234522342681885;0,29884660243988037;0,21817128360271454;0,012855644337832928
2183;1655,503173828125;703,3214111328125;41519,81640625;-84,09272003173828;392,3028869628906;-5,406355381011963;0,8117022514343262;0,29326674342155457;0,21516531705856323;0,012570034712553024
2184;1655,503173828125;703,3214111328125;41519,81640625;-67,4482421875;406,24810791015625;-7,0729851722717285;0,8325814604759216;0,2994253933429718;0,220537930727005;0,013064905069768429
2185;1655,503173828125;703,3214111328125;41519,81640625;-67,78753662109375;409,8639221191406;-6,850457191467285;0,8204546570777893;0,29451021552085876;0,21705612540245056;0,012685341760516167
2186;1655,503173828125;703,3214111328125;41519,81640625;-54,15704345703125;410,1968688964844;-8,54964542388916;0,850505530834198;0,30371102690696716;0,2248898595571518;0,013444969430565834
2187;1655,503173828125;703,3214111328125;41519,81640625;-43,853878021240234;419,5071716308594;-8,36062240600586;0,8481152653694153;0,30150988698005676;0,22404861450195312;0,013359466567635536
2188;1655,503173828125;703,3214111328125;41519,81640625;-44,927589416503906;424,92279052734375;-8,197970390319824;0,8618449568748474;0,3082423210144043;0,22735559940338135;0,013593723066151142
2189;1655,503173828125;703,3214111328125;41519,81640625;-67,99103546142578;438,8943786621094;-9,847393989562988;0,845226526260376;0,29840511083602905;0,22271868586540222;0,013220077380537987
2190;1655,503173828125;703,3214111328125;41519,81640625;-71,06632232666016;445,8701477050781;-6,538783073425293;0,8538584113121033;0,3003230690956116;0,2246522158384323;0,013399659655988216
2191;1655,503173828125;703,3214111328125;41519,81640625;-54,92949676513672;452,8829345703125;-9,26611614227295;0,8590360879898071;0,30404043197631836;0,2256898730993271;0,013456383720040321
2192;1655,503173828125;703,3214111328125;41519,81640625;-84,74585723876953;460,3103332519531;-4,184993267059326;0,8829044103622437;0,31158527731895447;0,23155279457569122;0,014012029394507408
2193;1655,503173828125;703,3214111328125;41519,81640625;-66,78534698486328;461,3150939941406;-7,298951625823975;0,8608692288398743;0,30257850885391235;0,2253185361623764;0,0134327607229352
2194;1655,503173828125;703,3214111328125;41519,81640625;-112,39795684814453;474,3292236328125;-5,669699192047119;0,8661351799964905;0,3050616383552551;0,2262789011001587;0,013507586903870106
2195;1655,503173828125;703,3214111328125;41519,81640625;-92,03309631347656;468,5346984863281;-6,362783432006836;0,8860563039779663;0,3084535002708435;0,2308264523744583;0,01396835595369339
2196;1655,503173828125;703,3214111328125;41519,81640625;-90,08629608154297;475,1608581542969;-4,680983543395996;0,8916031122207642;0,3128950595855713;0,23187100887298584;0,014043457806110382
2197;1655,503173828125;703,3214111328125;41519,81640625;-112,86833190917969;491,67852783203125;-6,218966960906982;0,9170297980308533;0,3249899446964264;0,23809531331062317;0,01458462979644537
2198;1655,503173828125;703,3214111328125;41519,81640625;-107,52397918701172;498,92047119140625;-7,774868965148926;0,9075688123703003;0,3223092257976532;0,23510852456092834;0,014298651367425919
2199;1655,503173828125;703,3214111328125;41519,81640625;-81,46371459960938;500,30487060546875;-9,21672248840332;0,8866358995437622;0,31654995679855347;0,22921498119831085;0,013710972853004932
2200;1655,503173828125;703,3214111328125;41519,81640625;-103,18474578857422;515,1153564453125;-9,833243370056152;0,9037188291549683;0,3165167570114136;0,23260259628295898;0,014125116169452667
2201;1655,503173828125;703,3214111328125;41519,81640625;-102,45630645751953;530,3272094726562;-11,145430564880371;0,8978796005249023;0,31535229086875916;0,23051467537879944;0,013922929763793945
2202;1655,503173828125;703,3214111328125;41519,81640625;-138,11656188964844;541,9529418945312;-9,1225004196167;0,9209840893745422;0,3241747319698334;0,23582398891448975;0,014417365193367004
2203;1655,503173828125;703,3214111328125;41519,81640625;-130,22938537597656;547,516845703125;-9,570619583129883;0,9193612337112427;0,32330185174942017;0,2347024530172348;0,01432078704237938
2204;1655,503173828125;703,3214111328125;41519,81640625;-151,5447540283203;560,2113037109375;-10,961618423461914;0,9006404876708984;0,3143584728240967;0,2290511429309845;0,013818681240081787
2205;1655,503173828125;703,3214111328125;41519,81640625;-169,2974090576172;567,1887817382812;-10,150838851928711;0,9166048765182495;0,3213450312614441;0,23252342641353607;0,014135529287159443
2206;1655,503173828125;703,3214111328125;41519,81640625;-169,3666534423828;584,8477783203125;-12,175705909729004;0,9163621664047241;0,3195708990097046;0,23161712288856506;0,014070129953324795
2207;1655,503173828125;703,3214111328125;41519,81640625;-166,90725708007812;590,7896118164062;-11,536306381225586;0,9115692377090454;0,3207628130912781;0,22994990646839142;0,01388439442962408
2208;1655,503173828125;703,3214111328125;41519,81640625;-169,55755615234375;597,615478515625;-13,454961776733398;0,931644082069397;0,32246488332748413;0,23382677137851715;0,014298563823103905
2209;1655,503173828125;703,3214111328125;41519,81640625;-173,2487030029297;601,3916015625;-12,867189407348633;0,921454906463623;0,3264470398426056;0,2312595099210739;0,013981868512928486
2210;1655,503173828125;703,3214111328125;41519,81640625;-179,01422119140625;603,0132446289062;-14,19644832611084;0,9568998217582703;0,3363196551799774;0,23920421302318573;0,014749791473150253
2211;1655,503173828125;703,3214111328125;41519,81640625;-178,02825927734375;610,2754516601562;-15,784239768981934;0,9306924343109131;0,33119818568229675;0,2323850393295288;0,014061120338737965
2212;1655,503173828125;703,3214111328125;41519,81640625;-205,710693359375;621,4867553710938;-14,873700141906738;0,9314146637916565;0,31689777970314026;0,2304951697587967;0,014014608226716518
2213;1655,503173828125;703,3214111328125;41519,81640625;-174,4290008544922;620,8307495117188;-16,137046813964844;0,9379854798316956;0,32596439123153687;0,2321559488773346;0,014105554670095444
2214;1655,503173828125;703,3214111328125;41519,81640625;-172,2261505126953;625,8789672851562;-17,179210662841797;0,9524911046028137;0,33316588401794434;0,2353561818599701;0,014368628151714802
2215;1655,503173828125;703,3214111328125;41519,81640625;-203,54135131835938;641,7134399414062;-17,12025260925293;0,9388022422790527;0,31399762630462646;0,22991368174552917;0,01395481824874878
2216;1655,503173828125;703,3214111328125;41519,81640625;-208,60304260253906;646,923583984375;-16,608943939208984;0,9558864235877991;0,3212074339389801;0,23368597030639648;0,014273397624492645
2217;1655,503173828125;703,3214111328125;41519,81640625;-223,03697204589844;651,2451171875;-17,416553497314453;0,9775131940841675;0,3357073664665222;0,23922201991081238;0,014708802103996277
2218;1655,503173828125;703,3214111328125;41519,81640625;-216,4319305419922;652,4888305664062;-18,192821502685547;0,9389640688896179;0,32228565216064453;0,22931692004203796;0,013768810778856277
2219;1655,503173828125;703,3214111328125;41519,81640625;-192,64422607421875;642,8092651367188;-18,344755172729492;0,9551899433135986;0,32515183091163635;0,23256225883960724;0,014058484695851803
2220;1655,503173828125;703,3214111328125;41519,81640625;-218,529052734375;653,9613037109375;-16,650007247924805;0,9407159686088562;0,31990328431129456;0,22864775359630585;0,013660226948559284
2221;1655,503173828125;703,3214111328125;41519,81640625;-219,61566162109375;650,40478515625;-18,117469787597656;0,9391777515411377;0,31763955950737;0,22777175903320312;0,013550792820751667
2222;1655,503173828125;703,3214111328125;41519,81640625;-206,47508239746094;650,5595092773438;-19,18221664428711;0,9744042754173279;0,3301909267902374;0,23614007234573364;0,01426791213452816
2223;1655,503173828125;703,3214111328125;41519,81640625;-225,6525115966797;653,4954223632812;-18,540586471557617;0,9440580010414124;0,32403895258903503;0,22910210490226746;0,013526607304811478
2224;1655,503173828125;703,3214111328125;41519,81640625;-227,56503295898438;655,3915405273438;-19,876771926879883;0,9617816209793091;0,3267207741737366;0,2328701615333557;0,013849092647433281
2225;1655,503173828125;703,3214111328125;41519,81640625;-203,7758331298828;650,9103393554688;-19,016977310180664;0,9625400900840759;0,3224979639053345;0,23244278132915497;0,013783898204565048
2226;1655,503173828125;703,3214111328125;41519,81640625;-204,60853576660156;651,6622314453125;-20,18520736694336;0,9704463481903076;0,3319636285305023;0,23521821200847626;0,013905055820941925
2227;1655,503173828125;703,3214111328125;41519,81640625;-212,8001251220703;651,5982055664062;-19,57026481628418;0,973044216632843;0,33137744665145874;0,235745370388031;0,01389071624726057
2228;1655,503173828125;703,3214111328125;41519,81640625;-219,3124542236328;655,0968017578125;-20,633926391601562;0,9648790955543518;0,3254849314689636;0,23351673781871796;0,013636312447488308
2229;1655,503173828125;703,3214111328125;41519,81640625;-212,63172912597656;646,91259765625;-19,296138763427734;0,9959081411361694;0,32835936546325684;0,24025921523571014;0,01421610452234745
2230;1655,503173828125;703,3214111328125;41519,81640625;-220,21531677246094;649,3014526367188;-19,1986026763916;1,0011870861053467;0,3352981507778168;0,24250160157680511;0,014283757656812668
2231;1655,503173828125;703,3214111328125;41519,81640625;-196,5543975830078;646,9924926757812;-21,15644073486328;1,0287113189697266;0,3550594449043274;0,2509831488132477;0,0148323317989707
2232;1655,503173828125;703,3214111328125;41519,81640625;-223,54693603515625;649,2545776367188;-18,16710090637207;1,0251514911651611;0,34727489948272705;0,2496708333492279;0,014674156904220581
2233;1655,503173828125;703,3214111328125;41519,81640625;-204,75106811523438;646,1724243164062;-19,43206214904785;1,0076621770858765;0,33086761832237244;0,24448348581790924;0,014203106053173542
2234;1655,503173828125;703,3214111328125;41519,81640625;-198,51492309570312;646,7279052734375;-18,760623931884766;0,9921583533287048;0,31990277767181396;0,24047532677650452;0,013788214884698391
2235;1655,503173828125;703,3214111328125;41519,81640625;-172,50685119628906;639,4210205078125;-18,600645065307617;1,0348114967346191;0,3318024277687073;0,2512005567550659;0,014603639021515846
2236;1655,503173828125;703,3214111328125;41519,81640625;-209,66156005859375;646,1182250976562;-16,87151336669922;1,0457683801651;0,3336571753025055;0,25434523820877075;0,01475900411605835
2237;1655,503173828125;703,3214111328125;41519,81640625;-185,21014404296875;638,4647827148438;-16,45768165588379;1,064568281173706;0,34696096181869507;0,26074182987213135;0,015127463266253471
2238;1655,503173828125;703,3214111328125;41519,81640625;-211,41468811035156;642,1148071289062;-16,88309669494629;1,0288492441177368;0,3248754143714905;0,25134602189064026;0,014285271055996418
2239;1655,503173828125;703,3214111328125;41519,81640625;-186,4291534423828;634,035400390625;-16,257049560546875;1,0785797834396362;0,3574957251548767;0,26688387989997864;0,015329485759139061
2240;1655,503173828125;703,3214111328125;41519,81640625;-187,0454864501953;635,6006469726562;-17,57520866394043;1,0420759916305542;0,3426870107650757;0,2584255635738373;0,01452100370079279
2241;1655,503173828125;703,3214111328125;41519,81640625;-188,06881713867188;634,4981689453125;-16,965002059936523;1,0669403076171875;0,34880879521369934;0,2653336226940155;0,014968656934797764
2242;1655,503173828125;703,3214111328125;41519,81640625;-215,75115966796875;645,04931640625;-16,592191696166992;1,0800230503082275;0,3429581820964813;0,26817259192466736;0,015125789679586887
2243;1655,503173828125;703,3214111328125;41519,81640625;-189,9522247314453;634,8638916015625;-11,615620613098145;1,0648612976074219;0,3424534499645233;0,2661789059638977;0,01480158418416977
2244;1655,503173828125;703,3214111328125;41519,81640625;-202,57557678222656;643,0086669921875;-14,484238624572754;1,0614955425262451;0,33880919218063354;0,26611045002937317;0,014675892889499664
2245;1655,503173828125;703,3214111328125;41519,81640625;-227,4375762939453;641,1095581054688;-12,673877716064453;1,0434216260910034;0,3398244082927704;0,26382166147232056;0,014295613393187523
2246;1655,503173828125;703,3214111328125;41519,81640625;-182,7299041748047;621,0159912109375;-12,127202987670898;1,0612878799438477;0,3454796373844147;0,2695538103580475;0,014614789746701717
2247;1655,503173828125;703,3214111328125;41519,81640625;-168,51185607910156;620,0302124023438;-13,285773277282715;1,0899337530136108;0,35175201296806335;0,2776428461074829;0,015134027227759361
2248;1655,503173828125;703,3214111328125;41519,81640625;-189,8392791748047;624,3231811523438;-14,13211727142334;1,0703450441360474;0,33775487542152405;0,2727035880088806;0,014667357318103313
2249;1655,503173828125;703,3214111328125;41519,81640625;-181,05523681640625;616,0115356445312;-12,044593811035156;1,1082098484039307;0,35376933217048645;0,28435951471328735;0,015397139824926853
2250;1655,503173828125;703,3214111328125;41519,81640625;-169,81260681152344;614,8861083984375;-16,27435302734375;1,1031241416931152;0,35419774055480957;0,2847629487514496;0,015271903946995735
2251;1655,503173828125;703,3214111328125;41519,81640625;-177,22955322265625;609,7977905273438;-13,639334678649902;1,1066584587097168;0,35041722655296326;0,2862151563167572;0,015280838124454021
2252;1655,503173828125;703,3214111328125;41519,81640625;-182,74913024902344;611,9094848632812;-11,773982048034668;1,1328785419464111;0,35241979360580444;0,29331153631210327;0,015712080523371696
2253;1655,503173828125;703,3214111328125;41519,81640625;-181,22825622558594;598,8556518554688;-8,826667785644531;1,129461646080017;0,36347833275794983;0,29593348503112793;0,015688803046941757
2254;1655,503173828125;703,3214111328125;41519,81640625;-167,65164184570312;586,3350219726562;-10,418400764465332;1,1891731023788452;0,38459035754203796;0,3134130835533142;0,01681285910308361
2255;1655,503173828125;703,3214111328125;41519,81640625;-179,9055938720703;580,4386596679688;-9,309208869934082;1,1401704549789429;0,36285802721977234;0,30082452297210693;0,015818927437067032
2256;1655,503173828125;703,3214111328125;41519,81640625;-159,06382751464844;574,5007934570312;-8,225695610046387;1,1383193731307983;0,34740719199180603;0,29894906282424927;0,01564781554043293
2257;1655,503173828125;703,3214111328125;41519,81640625;-158,1045684814453;565,9661865234375;-8,655247688293457;1,1953707933425903;0,3766755163669586;0,31753817200660706;0,016792666167020798
2258;1655,503173828125;703,3214111328125;41519,81640625;-174,45591735839844;560,1837158203125;-10,071430206298828;1,187913179397583;0,3762780427932739;0,3173167407512665;0,016644371673464775
2259;1655,503173828125;703,3214111328125;41519,81640625;-181,54522705078125;559,5336303710938;-8,091582298278809;1,1958646774291992;0,3771969676017761;0,32048192620277405;0,01676228456199169
2260;1655,503173828125;703,3214111328125;41519,81640625;-180,04898071289062;573,3252563476562;-8,532626152038574;1,1689425706863403;0,3707846701145172;0,3149849474430084;0,016250427812337875
2261;1655,503173828125;703,3214111328125;41519,81640625;-165,1381378173828;557,4691162109375;-4,5008158683776855;1,1769049167633057;0,3716008961200714;0,3180297315120697;0,016374211758375168
2262;1655,503173828125;703,3214111328125;41519,81640625;-132,33790588378906;536,3770751953125;-3,3098599910736084;1,1824064254760742;0,36838993430137634;0,31964111328125;0,01642477884888649
2263;1655,503173828125;703,3214111328125;41519,81640625;-131,8035125732422;535,6160888671875;-7,971982479095459;1,213043212890625;0,37680745124816895;0,328823447227478;0,016967223957180977
2264;1655,503173828125;703,3214111328125;41519,81640625;-143,76715087890625;526,63916015625;-4,755593776702881;1,223228096961975;0,377223938703537;0,3320141136646271;0,017107192426919937
2265;1655,503173828125;703,3214111328125;41519,81640625;-163,80857849121094;521,1079711914062;-3,2752952575683594;1,2126491069793701;0,37934330105781555;0,3314460515975952;0,016962317749857903
2266;1655,503173828125;703,3214111328125;41519,81640625;-135,8976287841797;510,7296142578125;-4,990161418914795;1,2157939672470093;0,3856523334980011;0,3346483111381531;0,017056763172149658
2267;1655,503173828125;703,3214111328125;41519,81640625;-141,8436279296875;508,3927917480469;-4,970629692077637;1,179986834526062;0,37150534987449646;0,32493945956230164;0,016361908987164497
2268;1655,503173828125;703,3214111328125;41519,81640625;-122,2287826538086;500,2876281738281;-1,579531192779541;1,215811014175415;0,38310328125953674;0,33569344878196716;0,01702379249036312
2269;1655,503173828125;703,3214111328125;41519,81640625;-142,97023010253906;477,4269104003906;-2,1451404094696045;1,2090030908584595;0,38317930698394775;0,3352034389972687;0,016914227977395058
2270;1655,503173828125;703,3214111328125;41519,81640625;-121,93810272216797;498,7811584472656;0,0851307362318039;1,2231285572052002;0,38693004846572876;0,33951517939567566;0,01716434583067894
2271;1655,503173828125;703,3214111328125;41519,81640625;-151,06698608398438;491,10321044921875;1,865576982498169;1,2232424020767212;0,3873627781867981;0,34018006920814514;0,017167024314403534
2272;1655,503173828125;703,3214111328125;41519,81640625;-130,9415740966797;478,4286193847656;-5,221771717071533;1,2391911745071411;0,39498525857925415;0,3459722101688385;0,017489546909928322
2273;1655,503173828125;703,3214111328125;41519,81640625;-153,72621154785156;472,0751953125;1,779642105102539;1,218904972076416;0,38922789692878723;0,3408772051334381;0,017122618854045868
2274;1655,503173828125;703,3214111328125;41519,81640625;-130,1147003173828;469,4598083496094;-2,5953915119171143;1,2551041841506958;0,40093767642974854;0,3511521518230438;0,01778547652065754
2275;1655,503173828125;703,3214111328125;41519,81640625;-192,251953125;447,47711181640625;-1,069549322128296;1,2255560159683228;0,3943704068660736;0,3442838490009308;0,017284488305449486
2276;1655,503173828125;703,3214111328125;41519,81640625;-138,65574645996094;450,46563720703125;-4,1155595779418945;1,2031348943710327;0,38633671402931213;0,33715879917144775;0,0168490931391716
2277;1655,503173828125;703,3214111328125;41519,81640625;-158,1478271484375;446,7579650878906;-1,671871542930603;1,2227898836135864;0,39669013023376465;0,34492918848991394;0,017279865220189095
2278;1655,503173828125;703,3214111328125;41519,81640625;-172,03907775878906;444,7392578125;-3,1785597801208496;1,2685047388076782;0,41281425952911377;0,358146071434021;0,018145231530070305
2279;1655,503173828125;703,3214111328125;41519,81640625;-132,93235778808594;430,5657958984375;-3,1238389015197754;1,2192753553390503;0,3975171148777008;0,3435625433921814;0,017240235581994057
2280;1655,503173828125;703,3214111328125;41519,81640625;-169,223876953125;424,6858825683594;-0,32261061668395996;1,214599609375;0,39816442131996155;0,3435196578502655;0,017197396606206894
2281;1655,503173828125;703,3214111328125;41519,81640625;-159,02645874023438;421,2538146972656;0,4696791172027588;1,234176754951477;0,4060579538345337;0,34765881299972534;0,01755543053150177
2282;1655,503173828125;703,3214111328125;41519,81640625;-174,50942993164062;403,0732727050781;-3,1102726459503174;1,2250958681106567;0,4048524498939514;0,34651756286621094;0,017450084909796715
2283;1655,503173828125;703,3214111328125;41519,81640625;-177,0297393798828;404,1038818359375;1,7149617671966553;1,2360589504241943;0,41104331612586975;0,34841474890708923;0,017659349367022514
2284;1655,503173828125;703,3214111328125;41519,81640625;-180,02279663085938;401,34405517578125;-3,34934663772583;1,2337465286254883;0,4126513600349426;0,3476652204990387;0,017651429399847984
2285;1655,503173828125;703,3214111328125;41519,81640625;-188,171142578125;401,96307373046875;-3,0439157485961914;1,2315232753753662;0,4133870601654053;0,3476247191429138;0,0176670104265213
2286;1655,503173828125;703,3214111328125;41519,81640625;-165,4461212158203;402,33087158203125;-2,3527469635009766;1,2329964637756348;0,41675034165382385;0,34750908613204956;0,01772591844201088
2287;1655,503173828125;703,3214111328125;41519,81640625;-144,94354248046875;396,0540771484375;0,1658560037612915;1,2135103940963745;0,4122844934463501;0,34190404415130615;0,01740717701613903
2288;1655,503173828125;703,3214111328125;41519,81640625;-165,17010498046875;382,3171691894531;-0,0290813110768795;1,2166965007781982;0,4150964021682739;0,3427797555923462;0,017514744773507118
2289;1655,503173828125;703,3214111328125;41519,81640625;-195,3531036376953;366,8936462402344;-3,334362506866455;1,1932272911071777;0,41109874844551086;0,3352680504322052;0,017111439257860184
2290;1655,503173828125;703,3214111328125;41519,81640625;-190,4551239013672;357,53961181640625;-0,012750900350511074;1,231339693069458;0,4253174960613251;0,3460140824317932;0,01787959225475788
2291;1655,503173828125;703,3214111328125;41519,81640625;-195,26956176757812;351,16796875;2,099416494369507;1,2012670040130615;0,414305180311203;0,3378656208515167;0,017361974343657494
2292;1655,503173828125;703,3214111328125;41519,81640625;-176,54319763183594;341,7010192871094;-0,5147655010223389;1,2136144638061523;0,42904841899871826;0,33897385001182556;0,01761775091290474
2293;1655,503173828125;703,3214111328125;41519,81640625;-149,66775512695312;333,91961669921875;-2,3824989795684814;1,1919382810592651;0,4240570068359375;0,3324330449104309;0,017269866541028023
2294;1655,503173828125;703,3214111328125;41519,81640625;-136,67037963867188;331,98004150390625;-1,8289706707000732;1,1932300329208374;0,4260234832763672;0,3324544429779053;0,017358222976326942
2295;1655,503173828125;703,3214111328125;41519,81640625;-156,2728729248047;315,9526062011719;3,255388021469116;1,1792033910751343;0,42424410581588745;0,32783395051956177;0,01714656874537468
2296;1655,503173828125;703,3214111328125;41519,81640625;-161,64585876464844;314,5906066894531;1,3122614622116089;1,1677906513214111;0,4214479625225067;0,32419446110725403;0,01699245534837246
2297;1655,503173828125;703,3214111328125;41519,81640625;-148,92236328125;303,2549743652344;-0,37440887093544006;1,1487411260604858;0,42014557123184204;0,3178083300590515;0,016677236184477806
2298;1655,503173828125;703,3214111328125;41519,81640625;-142,6983184814453;289,1824645996094;-0,5291281342506409;1,1066328287124634;0,40579670667648315;0,3056401014328003;0,01592707633972168
2299;1655,503173828125;703,3214111328125;41519,81640625;-133,92225646972656;284,65185546875;0,26753515005111694;1,1164791584014893;0,4071497619152069;0,30811381340026855;0,016172977164387703
2300;1655,503173828125;703,3214111328125;41519,81640625;-141,67201232910156;267,40081787109375;2,405006170272827;1,1215324401855469;0,41347676515579224;0,30848273634910583;0,016336916014552116
2301;1655,503173828125;703,3214111328125;41519,81640625;-122,98388671875;270,32366943359375;-1,1902074813842773;1,1253091096878052;0,4218599200248718;0,3082820773124695;0,01647281087934971
2302;1655,503173828125;703,3214111328125;41519,81640625;-111,96981048583984;262,53106689453125;0,5496808886528015;1,1095373630523682;0,4182319939136505;0,3031420111656189;0,01622859761118889
2303;1655,503173828125;703,3214111328125;41519,81640625;-91,78707122802734;261,4471130371094;-2,520658493041992;1,0753569602966309;0,41049277782440186;0,2927699387073517;0,015616604126989841
2304;1655,503173828125;703,3214111328125;41519,81640625;-101,7367172241211;252,26473999023438;1,2029454708099365;1,076034665107727;0,4087089002132416;0,29239514470100403;0,015692248940467834
2305;1655,503173828125;703,3214111328125;41519,81640625;-68,7878646850586;256,2037048339844;-0,600168764591217;1,0838745832443237;0,4118236303329468;0,29375675320625305;0,01590919680893421
2306;1655,503173828125;703,3214111328125;41519,81640625;-106,27742767333984;236,97824096679688;0,007848541252315044;1,064213514328003;0,41986313462257385;0,28685668110847473;0,015575768426060677
2307;1655,503173828125;703,3214111328125;41519,81640625;-44,408897399902344;245,57965087890625;-1,352763295173645;1,071374535560608;0,41859081387519836;0,28823885321617126;0,01580076292157173
2308;1655,503173828125;703,3214111328125;41519,81640625;-57,32762908935547;241,1270294189453;-0,8391168713569641;1,0646189451217651;0,4190405607223511;0,28551292419433594;0,015733132138848305
2309;1655,503173828125;703,3214111328125;41519,81640625;-45,63820266723633;228,44467163085938;-3,2259716987609863;1,0259652137756348;0,4104694426059723;0,27415603399276733;0,015017158351838589
2310;1655,503173828125;703,3214111328125;41519,81640625;-60,734886169433594;222,3229522705078;-0,1743568480014801;1,0133739709854126;0,4131624102592468;0,2698183059692383;0,014811845496296883
2311;1655,503173828125;703,3214111328125;41519,81640625;-73,00251770019531;212,05874633789062;0,5447146892547607;0,9728536605834961;0,40412411093711853;0,25815385580062866;0,014025037176907063
2312;1655,503173828125;703,3214111328125;41519,81640625;-62,9239501953125;213,0908203125;-0,06588342785835266;0,9992368221282959;0,4154382348060608;0,2644580602645874;0,01464336458593607
2313;1655,503173828125;703,3214111328125;41519,81640625;-49,414207458496094;217,19094848632812;-0,16707707941532135;0,9772228598594666;0,40199968218803406;0,2580106854438782;0,014283462427556515
2314;1655,503173828125;703,3214111328125;41519,81640625;-47,21694564819336;213,95140075683594;-0,010881328955292702;0,9564124941825867;0,3978351056575775;0,2517782151699066;0,01391102746129036
2315;1655,503173828125;703,3214111328125;41519,81640625;-66,71249389648438;203,0380401611328;0,12142337113618851;0,9596129655838013;0,40422239899635315;0,2519210875034332;0,014035765081644058
2316;1655,503173828125;703,3214111328125;41519,81640625;-87,46253967285156;197,27479553222656;-1,0669631958007812;0,9344564080238342;0,39519697427749634;0,2446884959936142;0,013575175777077675
2317;1655,503173828125;703,3214111328125;41519,81640625;-49,87205123901367;206,42138671875;-0,6517520546913147;0,9419428706169128;0,3988499343395233;0,24602852761745453;0,013804703019559383
2318;1655,503173828125;703,3214111328125;41519,81640625;-42,40010070800781;209,02719116210938;-1,2678416967391968;0,8795846700668335;0,3731851577758789;0,2291749119758606;0,012518445029854774
2319;1655,503173828125;703,3214111328125;41519,81640625;-63,24314498901367;208,15765380859375;-0,16522414982318878;0,891177237033844;0,387999951839447;0,23175913095474243;0,012816973961889744
2320;1655,503173828125;703,3214111328125;41519,81640625;-51,43355941772461;205,01947021484375;-1,2916429042816162;0,8762785196304321;0,37420159578323364;0,22728466987609863;0,012577912770211697
2321;1655,503173828125;703,3214111328125;41519,81640625;-57,82766342163086;205,69403076171875;-3,8648486137390137;0,8758842945098877;0,3846086263656616;0,22689394652843475;0,012610642239451408
2322;1655,503173828125;703,3214111328125;41519,81640625;-56,58314514160156;212,51593017578125;-1,5561342239379883;0,8096806406974792;0,357321560382843;0,20938584208488464;0,011179939843714237
2323;1655,503173828125;703,3214111328125;41519,81640625;-80,1409912109375;201,7545623779297;0,0947115570306778;0,8543828129768372;0,37977728247642517;0,22063936293125153;0,012248123995959759
2324;1655,503173828125;703,3214111328125;41519,81640625;-69,58601379394531;203,55606079101562;-1,5923070907592773;0,8058416247367859;0,3550461232662201;0,20768190920352936;0,011218844912946224
2325;1655,503173828125;703,3214111328125;41519,81640625;-55,743064880371094;205,93283081054688;-3,7820169925689697;0,8170837163925171;0,3678160309791565;0,21053703129291534;0,011511463671922684
2326;1655,503173828125;703,3214111328125;41519,81640625;-77,36589050292969;206,25497436523438;-3,613546848297119;0,8244456052780151;0,3651527166366577;0,21196062862873077;0,011773617938160896
2327;1655,503173828125;703,3214111328125;41519,81640625;-75,87043762207031;202,479736328125;-3,4359447956085205;0,8018132448196411;0,3530580401420593;0,20583073794841766;0,011306770145893097
2328;1655,503173828125;703,3214111328125;41519,81640625;-82,44296264648438;205,64065551757812;-2,676744222640991;0,7835506200790405;0,3457813262939453;0,20098625123500824;0,010927497409284115
2329;1655,503173828125;703,3214111328125;41519,81640625;-65,13712310791016;212,018310546875;-2,192464590072632;0,7672949433326721;0,34105098247528076;0,1967771053314209;0,010588706471025944
2330;1655,503173828125;703,3214111328125;41519,81640625;-80,08990478515625;214,96063232421875;-3,90116024017334;0,760173499584198;0,33726319670677185;0,19481848180294037;0,010467528365552425
2331;1655,503173828125;703,3214111328125;41519,81640625;-60,34051513671875;217,36416625976562;-4,645940780639648;0,7432751655578613;0,33564746379852295;0,19073806703090668;0,010100455023348331
2332;1655,503173828125;703,3214111328125;41519,81640625;-62,911094665527344;221,47421264648438;-5,537445545196533;0,7560226917266846;0,3402695655822754;0,19393542408943176;0,010472359135746956
2333;1655,503173828125;703,3214111328125;41519,81640625;-79,74238586425781;212,54428100585938;-5,3882646560668945;0,7367633581161499;0,3338026702404022;0,189153254032135;0,010037142783403397
2334;1655,503173828125;703,3214111328125;41519,81640625;-97,29010009765625;211,7435760498047;-5,044780254364014;0,7605827450752258;0,3389836251735687;0,19499479234218597;0,010692606680095196
2335;1655,503173828125;703,3214111328125;41519,81640625;-86,75387573242188;208,90553283691406;-5,9548797607421875;0,7248092889785767;0,32844460010528564;0,1862664371728897;0,009829222224652767
2336;1655,503173828125;703,3214111328125;41519,81640625;-84,53080749511719;209,62548828125;-6,851862907409668;0,7482184171676636;0,3389572203159332;0,19242843985557556;0,010459312237799168
2337;1655,503173828125;703,3214111328125;41519,81640625;-90,21086883544922;210,88999938964844;-6,979414463043213;0,7161582112312317;0,323474645614624;0,1842976063489914;0,00969872809946537
2338;1655,503173828125;703,3214111328125;41519,81640625;-107,34850311279297;213,1922607421875;-5,658586502075195;0,7148093581199646;0,32145240902900696;0,184062659740448;0,009709580801427364
2339;1655,503173828125;703,3214111328125;41519,81640625;-94,7270278930664;221,78004455566406;-4,717105388641357;0,7198435664176941;0,3185071349143982;0,1852191984653473;0,009885800071060658
2340;1655,503173828125;703,3214111328125;41519,81640625;-89,39286804199219;223,05487060546875;-4,975712299346924;0,7211145162582397;0,32176271080970764;0,18601949512958527;0,00995735451579094
2341;1655,503173828125;703,3214111328125;41519,81640625;-104,10669708251953;220,84283447265625;-4,230160713195801;0,6894088387489319;0,30548954010009766;0,1779678463935852;0,009149402379989624
2342;1655,503173828125;703,3214111328125;41519,81640625;-98,96739196777344;227,44482421875;-5,898107051849365;0,689493715763092;0,30652156472206116;0,17839157581329346;0,009192137978971004
2343;1655,503173828125;703,3214111328125;41519,81640625;-89,36680603027344;234,36041259765625;-5,331023216247559;0,7030386328697205;0,31020689010620117;0,18205904960632324;0,0095948725938797
2344;1655,503173828125;703,3214111328125;41519,81640625;-88,94872283935547;236,75030517578125;-8,708087921142578;0,7179859280586243;0,3162398636341095;0,18627119064331055;0,01001920085400343
2345;1655,503173828125;703,3214111328125;41519,81640625;-121,99927520751953;233,2927703857422;-6,817306041717529;0,7033329606056213;0,3085276186466217;0,18276415765285492;0,009665927849709988
2346;1655,503173828125;703,3214111328125;41519,81640625;-163,38328552246094;239,05117797851562;-9,188633918762207;0,7040759921073914;0,30704689025878906;0,18321700394153595;0,009715307503938675
2347;1655,503173828125;703,3214111328125;41519,81640625;-156,2415313720703;241,91188049316406;-6,548680305480957;0,7129847407341003;0,30882883071899414;0,18579056859016418;0,009980255737900734
2348;1655,503173828125;703,3214111328125;41519,81640625;-143,17477416992188;249,59136962890625;-6,631590366363525;0,7015576958656311;0,30277907848358154;0,18316484987735748;0,009700752794742584
2349;1655,503173828125;703,3214111328125;41519,81640625;-152,39688110351562;257,66522216796875;-5,677480697631836;0,7068912982940674;0,3002643883228302;0,18456506729125977;0,009871339425444603
2350;1655,503173828125;703,3214111328125;41519,81640625;-149,13478088378906;255,4306640625;-4,838686943054199;0,7249405980110168;0,30395135283470154;0,1893763393163681;0,01037347037345171
2351;1655,503173828125;703,3214111328125;41519,81640625;-116,02271270751953;266,57757568359375;-6,644924163818359;0,7356842160224915;0,307641863822937;0,19259852170944214;0,010675154626369476
2352;1655,503173828125;703,3214111328125;41519,81640625;-115,12110137939453;271,0736999511719;-6,519452095031738;0,7369808554649353;0,3054649829864502;0,19316771626472473;0,010728362016379833
2353;1655,503173828125;703,3214111328125;41519,81640625;-136,51400756835938;278,1243896484375;-6,2339701652526855;0,7402492165565491;0,30717918276786804;0,19457435607910156;0,010820549912750721
2354;1655,503173828125;703,3214111328125;41519,81640625;-128,20079040527344;285,9870300292969;-6,561771869659424;0,760231077671051;0,3107783794403076;0,19985467195510864;0,011356216855347157
2355;1655,503173828125;703,3214111328125;41519,81640625;-124,44127655029297;293,1184997558594;-5,897905349731445;0,7372974157333374;0,296929270029068;0,19384250044822693;0,010771597735583782
2356;1655,503173828125;703,3214111328125;41519,81640625;-118,1953125;303,687255859375;-6,539722919464111;0,7331905961036682;0,29826080799102783;0,1935972422361374;0,010670626536011696
2357;1655,503173828125;703,3214111328125;41519,81640625;-133,84666442871094;309,13470458984375;-7,145779609680176;0,7355994582176208;0,2916501462459564;0,19385674595832825;0,010737483389675617
2358;1655,503173828125;703,3214111328125;41519,81640625;-112,35040283203125;324,196044921875;-8,665913581848145;0,7572162747383118;0,29897159337997437;0,19990120828151703;0,01131910365074873
2359;1655,503173828125;703,3214111328125;41519,81640625;-134,98849487304688;327,01123046875;-6,154577255249023;0,7642478942871094;0,29935726523399353;0,20195628702640533;0,011503634043037891
2360;1655,503173828125;703,3214111328125;41519,81640625;-122,90589904785156;334,8650817871094;-8,431058883666992;0,7779035568237305;0,3016953766345978;0,20566929876804352;0,011853220872581005
2361;1655,503173828125;703,3214111328125;41519,81640625;-128,1331329345703;337,4688720703125;-10,32698917388916;0,7961800694465637;0,3064092695713043;0,21066972613334656;0,012315566651523113
2362;1655,503173828125;703,3214111328125;41519,81640625;-142,43357849121094;344,9944763183594;-8,025386810302734;0,7915541529655457;0,2996208369731903;0,20920830965042114;0,012162717990577221
2363;1655,503173828125;703,3214111328125;41519,81640625;-147,4642791748047;348,5701599121094;-6,203632831573486;0,7842916250228882;0,298091858625412;0,20790281891822815;0,012009738013148308
2364;1655,503173828125;703,3214111328125;41519,81640625;-167,23130798339844;353,09527587890625;-3,8707799911499023;0,800358235836029;0,3012494146823883;0,2121400237083435;0,012405090034008026
2365;1655,503173828125;703,3214111328125;41519,81640625;-151,27450561523438;372,49896240234375;-6,849347114562988;0,8003665208816528;0,2996847629547119;0,2123030722141266;0,012398382648825645
2366;1655,503173828125;703,3214111328125;41519,81640625;-139,88644409179688;375,30670166015625;-8,996588706970215;0,7977912425994873;0,296519935131073;0,21162879467010498;0,012318274937570095
2367;1655,503173828125;703,3214111328125;41519,81640625;-131,9716796875;381,1981506347656;-8,599567413330078;0,8027135133743286;0,29547861218452454;0,21272669732570648;0,012395496480166912
2368;1655,503173828125;703,3214111328125;41519,81640625;-119,19943237304688;391,8821716308594;-9,307887077331543;0,8013361692428589;0,29383584856987;0,21248510479927063;0,012361358851194382
2369;1655,503173828125;703,3214111328125;41519,81640625;-118,86139678955078;401,4117431640625;-8,721708297729492;0,8330632448196411;0,3036697804927826;0,22078049182891846;0,013131780549883842
2370;1655,503173828125;703,3214111328125;41519,81640625;-139,6512908935547;411,66168212890625;-4,376708984375;0,8290070295333862;0,30093297362327576;0,21972648799419403;0,013019269332289696
2371;1655,503173828125;703,3214111328125;41519,81640625;-113,87991333007812;417,429931640625;-7,55551290512085;0,8042359352111816;0,29060980677604675;0,21316924691200256;0,012381705455482006
2372;1655,503173828125;703,3214111328125;41519,81640625;-117,06584167480469;430,0311279296875;-6,307552337646484;0,8270944356918335;0,29741454124450684;0,21913553774356842;0,012940802611410618
2373;1655,503173828125;703,3214111328125;41519,81640625;-127,75418853759766;450,23504638671875;-5,352916717529297;0,8324260115623474;0,29874274134635925;0,22027020156383514;0,01301510352641344
2374;1655,503173828125;703,3214111328125;41519,81640625;-120,73780822753906;466,3392333984375;-6,104303359985352;0,820855438709259;0,293698787689209;0,217042937874794;0,012685362249612808
2375;1655,503173828125;703,3214111328125;41519,81640625;-132,26426696777344;472,34991455078125;-7,1011810302734375;0,8102403283119202;0,28815802931785583;0,21407969295978546;0,012411904521286488
2376;1655,503173828125;703,3214111328125;41519,81640625;-115,65998077392578;471,74884033203125;-8,795808792114258;0,853273332118988;0,30348140001296997;0,2251730114221573;0,013448573648929596
2377;1655,503173828125;703,3214111328125;41519,81640625;-128,5377960205078;478,33551025390625;-7,171459674835205;0,8498173952102661;0,2996193468570709;0,22399166226387024;0,013351831585168839
2378;1655,503173828125;703,3214111328125;41519,81640625;-130,8031768798828;486,9858093261719;-6,661313056945801;0,8490724563598633;0,3013407588005066;0,22349441051483154;0,013255161233246326
2379;1655,503173828125;703,3214111328125;41519,81640625;-120,96422576904297;489,5975341796875;-6,371474266052246;0,8528889417648315;0,30359354615211487;0,22419558465480804;0,013279409147799015
2380;1655,503173828125;703,3214111328125;41519,81640625;-116,56536865234375;494,1216125488281;-5,1279473304748535;0,851860761642456;0,2986638844013214;0,22345244884490967;0,01328112930059433
2381;1655,503173828125;703,3214111328125;41519,81640625;-107,7857437133789;501,7090148925781;-8,97743034362793;0,8925409317016602;0,3166837692260742;0,2338348925113678;0,014197250828146935
2382;1655,503173828125;703,3214111328125;41519,81640625;-115,1033706665039;505,7781677246094;-9,272689819335938;0,8760959506034851;0,3119102418422699;0,22915615141391754;0,013724538497626781
2383;1655,503173828125;703,3214111328125;41519,81640625;-132,80516052246094;524,4318237304688;-5,891883373260498;0,8883058428764343;0,31041431427001953;0,23162677884101868;0,014037219807505608
2384;1655,503173828125;703,3214111328125;41519,81640625;-125,34784698486328;528,8760375976562;-5,997884273529053;0,8810997009277344;0,31072261929512024;0,2293916940689087;0,013792484998703003
2385;1655,503173828125;703,3214111328125;41519,81640625;-115,40670776367188;532,5730590820312;-10,090716361999512;0,8705117702484131;0,3066461980342865;0,22610265016555786;0,013480612076818943
2386;1655,503173828125;703,3214111328125;41519,81640625;-146,1620330810547;543,2276000976562;-7,434130668640137;0,8777250647544861;0,30669379234313965;0,22729064524173737;0,01362648420035839
2387;1655,503173828125;703,3214111328125;41519,81640625;-112,26151275634766;546,0903930664062;-7,344462871551514;0,8827422857284546;0,30916494131088257;0,2280580997467041;0,013691626489162445
2388;1655,503173828125;703,3214111328125;41519,81640625;-166,6583709716797;561,95458984375;-7,0676960945129395;0,8925776481628418;0,3159298896789551;0,23021727800369263;0,013854606077075005
2389;1655,503173828125;703,3214111328125;41519,81640625;-141,8282470703125;565,1497192382812;-8,243162155151367;0,9005954265594482;0,32011646032333374;0,2317638099193573;0,013985182158648968
2390;1655,503173828125;703,3214111328125;41519,81640625;-137,5588836669922;574,8096313476562;-6,588510036468506;0,9010025858879089;0,3174791932106018;0,2310340404510498;0,01395870465785265
2391;1655,503173828125;703,3214111328125;41519,81640625;-171,39276123046875;586,4345092773438;-5,41021728515625;0,8951066732406616;0,31103286147117615;0,2285463958978653;0,013774481602013111
2392;1655,503173828125;703,3214111328125;41519,81640625;-123,21707153320312;590,5701293945312;-9,224746704101562;0,9171873927116394;0,32405295968055725;0,23391588032245636;0,014227740466594696
2393;1655,503173828125;703,3214111328125;41519,81640625;-152,38136291503906;597,7646484375;-7,4478840827941895;0,9242866635322571;0,32445254921913147;0,23487071692943573;0,014343734830617905
2394;1655,503173828125;703,3214111328125;41519,81640625;-153,0531768798828;603,5856323242188;-8,05019474029541;0,906673789024353;0,32221314311027527;0,23004259169101715;0,013842036947607994
2395;1655,503173828125;703,3214111328125;41519,81640625;-153,93536376953125;606,1300048828125;-9,698714256286621;0,9155334830284119;0,3152622878551483;0,23074932396411896;0,01401729229837656
2396;1655,503173828125;703,3214111328125;41519,81640625;-153,0142822265625;617,0402221679688;-11,014522552490234;0,8961665630340576;0,3124501705169678;0,22552365064620972;0,013489868491888046
2397;1655,503173828125;703,3214111328125;41519,81640625;-160,8745880126953;618,6702880859375;-11,2780122756958;0,9162465929985046;0,32152608036994934;0,23008069396018982;0,013901269994676113
2398;1655,503173828125;703,3214111328125;41519,81640625;-165,3632354736328;624,9979248046875;-12,30349349975586;0,9483065605163574;0,32972121238708496;0,23715749382972717;0,014588145539164543
2399;1655,503173828125;703,3214111328125;41519,81640625;-170,82247924804688;631,7557373046875;-12,483839988708496;0,9102777242660522;0,31720152497291565;0,2270563840866089;0,013632587157189846
2400;1655,503173828125;703,3214111328125;41519,81640625;-187,73463439941406;641,971923828125;-14,033684730529785;0,933770477771759;0,3277164101600647;0,2324928343296051;0,014117219485342503
2401;1655,503173828125;703,3214111328125;41519,81640625;-179,84127807617188;646,0482177734375;-15,697338104248047;0,935325562953949;0,32822859287261963;0,23224720358848572;0,014085277915000916
2402;1655,503173828125;703,3214111328125;41519,81640625;-213,05592346191406;657,1390991210938;-15,38024616241455;0,9467222094535828;0,3301568627357483;0,23425817489624023;0,014282440766692162
2403;1655,503173828125;703,3214111328125;41519,81640625;-205,3046417236328;654,1929931640625;-16,317466735839844;0,9382699131965637;0,3284580409526825;0,23171760141849518;0,01401740126311779
2404;1655,503173828125;703,3214111328125;41519,81640625;-197,20172119140625;657,5504760742188;-14,550345420837402;0,9308659434318542;0,3208410441875458;0,2288222312927246;0,0137775344774127
2405;1655,503173828125;703,3214111328125;41519,81640625;-181,7264404296875;652,07421875;-15,174507141113281;0,9471149444580078;0,3346503674983978;0,2331843227148056;0,014079580083489418
2406;1655,503173828125;703,3214111328125;41519,81640625;-203,03619384765625;664,298583984375;-15,45294189453125;0,9748896360397339;0,33999311923980713;0,23905105888843536;0,014642980881035328
2407;1655,503173828125;703,3214111328125;41519,81640625;-205,74757385253906;668,3010864257812;-16,57039451599121;0,933834433555603;0,3158554434776306;0,22747153043746948;0,013628220185637474
2408;1655,503173828125;703,3214111328125;41519,81640625;-198,1416473388672;669,2542114257812;-15,925771713256836;0,9477490782737732;0,32530465722084045;0,2309996783733368;0,013884775340557098
2409;1655,503173828125;703,3214111328125;41519,81640625;-219,4846954345703;680,1636962890625;-16,225894927978516;0,9519605040550232;0,32056695222854614;0,23097731173038483;0,013895493932068348
2410;1655,503173828125;703,3214111328125;41519,81640625;-206,65692138671875;676,8690185546875;-17,519987106323242;0,9744469523429871;0,3278247117996216;0,23609285056591034;0,014323239214718342
2411;1655,503173828125;703,3214111328125;41519,81640625;-232,0117645263672;683,62451171875;-17,70025634765625;0,9899792671203613;0,34503066539764404;0,24103401601314545;0,014626387506723404
2412;1655,503173828125;703,3214111328125;41519,81640625;-226,7498016357422;685,6494750976562;-17,307342529296875;0,9812828898429871;0,3284112215042114;0,23710542917251587;0,014328359626233578
2413;1655,503173828125;703,3214111328125;41519,81640625;-242,6907501220703;686,8849487304688;-18,205167770385742;1,0030033588409424;0,3387213945388794;0,2425910383462906;0,014741949737071991
2414;1655,503173828125;703,3214111328125;41519,81640625;-248,9905242919922;681,5819702148438;-17,505939483642578;0,975925862789154;0,3269128203392029;0,2356538027524948;0,01407754234969616
2415;1655,503173828125;703,3214111328125;41519,81640625;-252,91651916503906;690,906005859375;-17,451908111572266;0,9729360342025757;0,3316108286380768;0,23565097153186798;0,01396095473319292
2416;1655,503173828125;703,3214111328125;41519,81640625;-251,4390106201172;686,1773681640625;-19,840383529663086;0,9480513334274292;0,32453683018684387;0,2298852652311325;0,013339866884052753
2417;1655,503173828125;703,3214111328125;41519,81640625;-230,5532684326172;682,5101928710938;-19,959318161010742;0,9867233633995056;0,3403010964393616;0,23974396288394928;0,01413623709231615
2418;1655,503173828125;703,3214111328125;41519,81640625;-238,9532470703125;678,7667846679688;-19,220947265625;1,0351464748382568;0,35305705666542053;0,25121641159057617;0,015102526172995567
2419;1655,503173828125;703,3214111328125;41519,81640625;-227,60008239746094;677,4151611328125;-19,43447494506836;1,0136468410491943;0,3334943652153015;0,24466784298419952;0,014532466419041157
2420;1655,503173828125;703,3214111328125;41519,81640625;-231,6119384765625;675,2086791992188;-19,946453094482422;0,9756255149841309;0,32088640332221985;0,23580345511436462;0,013661285862326622
2421;1655,503173828125;703,3214111328125;41519,81640625;-231,27638244628906;671,9439086914062;-18,911258697509766;1,0167635679244995;0,34012606739997864;0,2469255030155182;0,0144976656883955
2422;1655,503173828125;703,3214111328125;41519,81640625;-231,7894744873047;672,7553100585938;-18,64830207824707;1,0055921077728271;0,3263665735721588;0,24332723021507263;0,014156715013086796
2423;1655,503173828125;703,3214111328125;41519,81640625;-220,8290252685547;667,2617797851562;-17,789716720581055;1,0101948976516724;0,33193936944007874;0,24553151428699493;0,014213464222848415
2424;1655,503173828125;703,3214111328125;41519,81640625;-252,9340057373047;674,5604858398438;-16,82342529296875;1,0019663572311401;0,33318257331848145;0,24468165636062622;0,013995183631777763
2425;1655,503173828125;703,3214111328125;41519,81640625;-214,070556640625;667,2212524414062;-18,47843360900879;1,0050939321517944;0,33512502908706665;0,24624420702457428;0,01400539930909872
2426;1655,503173828125;703,3214111328125;41519,81640625;-197,193359375;661,3704223632812;-18,044967651367188;1,0167081356048584;0,32217511534690857;0,2474452555179596;0,014116685837507248
2427;1655,503173828125;703,3214111328125;41519,81640625;-218,84535217285156;673,777587890625;-17,784595489501953;1,0250931978225708;0,33083829283714294;0,25111281871795654;0,01427009142935276
2428;1655,503173828125;703,3214111328125;41519,81640625;-226,36537170410156;672,5599975585938;-17,475723266601562;1,0543663501739502;0,33965665102005005;0,25905734300613403;0,014811244793236256
2429;1655,503173828125;703,3214111328125;41519,81640625;-232,21502685546875;666,7394409179688;-14,443910598754883;1,0595824718475342;0,3441805839538574;0,2616782486438751;0,014879932627081871
2430;1655,503173828125;703,3214111328125;41519,81640625;-225,4889678955078;669,77197265625;-14,648077011108398;1,0470863580703735;0,339291512966156;0,25943735241889954;0,01457160897552967
2431;1655,503173828125;703,3214111328125;41519,81640625;-208,02633666992188;665,6248779296875;-17,37409210205078;1,0508757829666138;0,3333483338356018;0,26032546162605286;0,014561403542757034
2432;1655,503173828125;703,3214111328125;41519,81640625;-218,2559356689453;664,196044921875;-18,69306755065918;1,049236536026001;0,3412685692310333;0,2622487246990204;0,014524552039802074
2433;1655,503173828125;703,3214111328125;41519,81640625;-204,6649169921875;657,3958129882812;-18,025894165039062;1,0726231336593628;0,343556672334671;0,2684052586555481;0,014924481511116028
2434;1655,503173828125;703,3214111328125;41519,81640625;-219,76625061035156;665,1497192382812;-16,01727294921875;1,0698894262313843;0,34799060225486755;0,26970046758651733;0,014850274659693241
2435;1655,503173828125;703,3214111328125;41519,81640625;-187,97129821777344;658,0154418945312;-12,680696487426758;1,0725016593933105;0,3481033444404602;0,27143970131874084;0,014854995533823967
2436;1655,503173828125;703,3214111328125;41519,81640625;-206,54531860351562;665,3356323242188;-13,780779838562012;1,1181482076644897;0,35542231798171997;0,2830776572227478;0,015675198286771774
2437;1655,503173828125;703,3214111328125;41519,81640625;-181,72445678710938;653,5628662109375;-13,021566390991211;1,0756921768188477;0,3354232609272003;0,272529661655426;0,014764023944735527
2438;1655,503173828125;703,3214111328125;41519,81640625;-171,144287109375;646,7900390625;-13,66340160369873;1,0858386754989624;0,3462962210178375;0,2776122987270355;0,014974075369536877
2439;1655,503173828125;703,3214111328125;41519,81640625;-176,9972381591797;641,563720703125;-11,139562606811523;1,1490029096603394;0,370123952627182;0,29573768377304077;0,016187025234103203
2440;1655,503173828125;703,3214111328125;41519,81640625;-164,09893798828125;639,0972290039062;-10,534517288208008;1,1232649087905884;0,361263632774353;0,2903786301612854;0,015651533380150795
2441;1655,503173828125;703,3214111328125;41519,81640625;-158,50738525390625;631,9359130859375;-9,54266357421875;1,1169233322143555;0,34537214040756226;0,28774672746658325;0,015408315695822239
2442;1655,503173828125;703,3214111328125;41519,81640625;-139,85841369628906;625,3391723632812;-11,343131065368652;1,1369349956512451;0,3657573163509369;0,29670250415802;0,015852389857172966
2443;1655,503173828125;703,3214111328125;41519,81640625;-134,08982849121094;614,2567749023438;-9,33519458770752;1,1285929679870605;0,3568839728832245;0,2948032319545746;0,01562870852649212
2444;1655,503173828125;703,3214111328125;41519,81640625;-173,82949829101562;616,3847045898438;-10,600296020507812;1,1680254936218262;0,3546921908855438;0,3039010763168335;0,01622939296066761
2445;1655,503173828125;703,3214111328125;41519,81640625;-157,72787475585938;609,2364501953125;-10,343246459960938;1,154338002204895;0,3673025667667389;0,3047056496143341;0,016083158552646637
2446;1655,503173828125;703,3214111328125;41519,81640625;-138,9623565673828;598,4961547851562;-8,164129257202148;1,1283862590789795;0,35580557584762573;0,29857802391052246;0,015543404966592789
2447;1655,503173828125;703,3214111328125;41519,81640625;-151,0343475341797;599,60546875;-8,630656242370605;1,1668486595153809;0,366896390914917;0,30990681052207947;0,016248231753706932
2448;1655,503173828125;703,3214111328125;41519,81640625;-142,33631896972656;583,9134521484375;-8,287787437438965;1,167638897895813;0,36517155170440674;0,31105268001556396;0,016228914260864258
2449;1655,503173828125;703,3214111328125;41519,81640625;-164,3087158203125;586,80517578125;-6,289011001586914;1,2083619832992554;0,3823581635951996;0,3241211771965027;0,017004067078232765
2450;1655,503173828125;703,3214111328125;41519,81640625;-156,59030151367188;579,5059814453125;-7,201746463775635;1,1873866319656372;0,374731183052063;0,31958019733428955;0,016588477417826653
2451;1655,503173828125;703,3214111328125;41519,81640625;-138,72134399414062;574,8873291015625;-6,032894134521484;1,1778290271759033;0,37283897399902344;0,3184811770915985;0,01640033908188343
2452;1655,503173828125;703,3214111328125;41519,81640625;-135,8743133544922;565,944580078125;-7,394481658935547;1,1968270540237427;0,3740430772304535;0,32377368211746216;0,01670781522989273
2453;1655,503173828125;703,3214111328125;41519,81640625;-154,17718505859375;568,00048828125;-7,096546649932861;1,207328200340271;0,38189026713371277;0,3287993371486664;0,016925819218158722
2454;1655,503173828125;703,3214111328125;41519,81640625;-148,64768981933594;561,6146240234375;-5,262572288513184;1,1863951683044434;0,37138524651527405;0,3232690989971161;0,016495009884238243
2455;1655,503173828125;703,3214111328125;41519,81640625;-162,56199645996094;563,330078125;-5,765923023223877;1,2015430927276611;0,3861168920993805;0,33089765906333923;0,016830144450068474
2456;1655,503173828125;703,3214111328125;41519,81640625;-162,5236053466797;552,4527587890625;-2,9120771884918213;1,1968152523040771;0,37704604864120483;0,3286702334880829;0,016692010685801506
2457;1655,503173828125;703,3214111328125;41519,81640625;-167,49192810058594;543,8074951171875;-6,99167537689209;1,1952775716781616;0,3761829435825348;0,32903093099594116;0,01665460504591465
2458;1655,503173828125;703,3214111328125;41519,81640625;-164,70877075195312;529,5039672851562;-3,395986557006836;1,2018769979476929;0,38194018602371216;0,3327001631259918;0,016801659017801285
2459;1655,503173828125;703,3214111328125;41519,81640625;-167,75552368164062;530,218017578125;-5,661034107208252;1,1950204372406006;0,3780181407928467;0,33102789521217346;0,01665799506008625
2460;1655,503173828125;703,3214111328125;41519,81640625;-189,91836547851562;523,9489135742188;-3,209641695022583;1,2284412384033203;0,38651689887046814;0,340254545211792;0,017247214913368225
2461;1655,503173828125;703,3214111328125;41519,81640625;-173,07632446289062;518,9358520507812;-1,773408055305481;1,230494737625122;0,3946990370750427;0,3439278304576874;0,01735670305788517
2462;1655,503173828125;703,3214111328125;41519,81640625;-169,7532196044922;508,6560363769531;-2,5046401023864746;1,2429897785186768;0,3944403827190399;0,3463444411754608;0,017546894028782845
2463;1655,503173828125;703,3214111328125;41519,81640625;-167,6036834716797;502,0067138671875;-2,317490816116333;1,2046163082122803;0,3856586813926697;0,3373045325279236;0,01687723584473133
2464;1655,503173828125;703,3214111328125;41519,81640625;-173,70809936523438;491,8823547363281;-3,248079299926758;1,219603419303894;0,3956563472747803;0,34410151839256287;0,017183318734169006
2465;1655,503173828125;703,3214111328125;41519,81640625;-189,0601043701172;492,8442687988281;-1,3961498737335205;1,2335513830184937;0,3945387601852417;0,34538817405700684;0,017404034733772278
2466;1655,503173828125;703,3214111328125;41519,81640625;-175,43104553222656;478,7655334472656;-0,002541943918913603;1,2296085357666016;0,39715418219566345;0,346259742975235;0,01738821528851986
2467;1655,503173828125;703,3214111328125;41519,81640625;-197,24908447265625;475,95074462890625;1,4213178157806396;1,265472173690796;0,40683504939079285;0,3546026647090912;0,017989372834563255
2468;1655,503173828125;703,3214111328125;41519,81640625;-208,36366271972656;471,309814453125;1,0932635068893433;1,1807717084884644;0,3844652771949768;0,33398687839508057;0,016513744369149208
2469;1655,503173828125;703,3214111328125;41519,81640625;-193,84713745117188;472,21246337890625;0,4908469021320343;1,2300771474838257;0,40056514739990234;0,346947580575943;0,017446773126721382
2470;1655,503173828125;703,3214111328125;41519,81640625;-191,3497772216797;465,1519775390625;-2,619253158569336;1,2475031614303589;0,40826550126075745;0,3528526723384857;0,017807185649871826
2471;1655,503173828125;703,3214111328125;41519,81640625;-187,58628845214844;459,1944580078125;-2,3735768795013428;1,2070375680923462;0,39626866579055786;0,34072521328926086;0,01706821471452713
2472;1655,503173828125;703,3214111328125;41519,81640625;-189,49806213378906;458,661865234375;-1,6225204467773438;1,215764045715332;0,4010750949382782;0,3418191373348236;0,0172073133289814
2473;1655,503173828125;703,3214111328125;41519,81640625;-205,5283203125;448,6114196777344;-4,249238014221191;1,2153910398483276;0,4024730920791626;0,34386172890663147;0,01729285530745983
2474;1655,503173828125;703,3214111328125;41519,81640625;-187,42782592773438;441,7363586425781;-1,8554292917251587;1,2170929908752441;0,4053528904914856;0,34363114833831787;0,01734645664691925
2475;1655,503173828125;703,3214111328125;41519,81640625;-191,4567108154297;437,5993957519531;0,7846534848213196;1,1952210664749146;0,40043315291404724;0,3371121883392334;0,01696697622537613
2476;1655,503173828125;703,3214111328125;41519,81640625;-199,322021484375;436,7348327636719;-0,3834744393825531;1,1819336414337158;0,39826512336730957;0,3332020938396454;0,0167545136064291
2477;1655,503173828125;703,3214111328125;41519,81640625;-216,1711883544922;420,0138854980469;-1,6027880907058716;1,2306265830993652;0,41576728224754333;0,34743598103523254;0,017716217786073685
2478;1655,503173828125;703,3214111328125;41519,81640625;-203,1115264892578;423,6795349121094;-2,328768253326416;1,1916245222091675;0,40485912561416626;0,3361285328865051;0,01702609844505787
2479;1655,503173828125;703,3214111328125;41519,81640625;-210,4985809326172;428,8697204589844;-2,347872734069824;1,2059223651885986;0,4135071039199829;0,33926087617874146;0,017326446250081062
2480;1655,503173828125;703,3214111328125;41519,81640625;-216,0874786376953;412,46734619140625;0,05641600862145424;1,2063076496124268;0,41812652349472046;0,33841222524642944;0,01735861599445343
2481;1655,503173828125;703,3214111328125;41519,81640625;-239,71002197265625;407,650634765625;-2,9300060272216797;1,2103850841522217;0,4185672998428345;0,3402223289012909;0,01751122437417507
2482;1655,503173828125;703,3214111328125;41519,81640625;-212,1003875732422;406,0109558105469;-1,2584418058395386;1,2059757709503174;0,41616564989089966;0,3393215239048004;0,017472868785262108
2483;1655,503173828125;703,3214111328125;41519,81640625;-227,874755859375;387,4507141113281;-3,8778598308563232;1,1582010984420776;0,4049281179904938;0,3246847689151764;0,01661836728453636
2484;1655,503173828125;703,3214111328125;41519,81640625;-253,25469970703125;373,8033447265625;-5,424715518951416;1,132991075515747;0,39688563346862793;0,3173765242099762;0,016176389530301094
2485;1655,503173828125;703,3214111328125;41519,81640625;-236,90074157714844;363,6298828125;-1,221484661102295;1,1317065954208374;0,4058403968811035;0,31516626477241516;0,01620066538453102
2486;1655,503173828125;703,3214111328125;41519,81640625;-240,2649383544922;353,876708984375;-0,07812314480543137;1,1718984842300415;0,4183124899864197;0,3265044391155243;0,017036426812410355
2487;1655,503173828125;703,3214111328125;41519,81640625;-231,78732299804688;353,17864990234375;-1,195993185043335;1,1501774787902832;0,41863277554512024;0,3189883828163147;0,01666122116148472
2488;1655,503173828125;703,3214111328125;41519,81640625;-236,66357421875;348,13653564453125;-0,8644608855247498;1,1598997116088867;0,41481247544288635;0,3223174512386322;0,016908083111047745
2489;1655,503173828125;703,3214111328125;41519,81640625;-222,46865844726562;356,0677185058594;0,9871538281440735;1,0823416709899902;0,395943820476532;0,2992532253265381;0,015464737080037594
2490;1655,503173828125;703,3214111328125;41519,81640625;-222,49822998046875;339,9460144042969;1,2035716772079468;1,1397289037704468;0,4232771396636963;0,31395652890205383;0,016635842621326447
2491;1655,503173828125;703,3214111328125;41519,81640625;-228,86996459960938;331,8803405761719;-3,1708486080169678;1,0771594047546387;0,3999292850494385;0,2962600290775299;0,015480455942451954
2492;1655,503173828125;703,3214111328125;41519,81640625;-244,62350463867188;317,4002685546875;-0,1889447569847107;1,0844693183898926;0,41240647435188293;0,29684484004974365;0,01566849835216999
2493;1655,503173828125;703,3214111328125;41519,81640625;-230,79244995117188;321,8644104003906;-0,6041157245635986;1,0966429710388184;0,41190800070762634;0,30004122853279114;0,015986593440175056
2494;1655,503173828125;703,3214111328125;41519,81640625;-209,76629638671875;315,9826965332031;-1,5963338613510132;1,0883300304412842;0,4162343740463257;0,29657477140426636;0,015880364924669266
2495;1655,503173828125;703,3214111328125;41519,81640625;-198,74049377441406;316,34564208984375;-3,0216360092163086;1,075679898262024;0,4189014136791229;0,29198867082595825;0,01567681133747101
2496;1655,503173828125;703,3214111328125;41519,81640625;-212,2587890625;307,7318115234375;-2,495845317840576;1,053317666053772;0,41283950209617615;0,2851305305957794;0,015299971215426922
2497;1655,503173828125;703,3214111328125;41519,81640625;-209,85223388671875;300,1554260253906;-1,1906936168670654;1,0864900350570679;0,42410680651664734;0,29352256655693054;0,016037557274103165
2498;1655,503173828125;703,3214111328125;41519,81640625;-213,45004272460938;290,15673828125;-1,1642045974731445;1,0193092823028564;0,4018430709838867;0,2744917869567871;0,014754052273929119
2499;1655,503173828125;703,3214111328125;41519,81640625;-182,0505828857422;290,2903137207031;-1,5602365732192993;1,014802098274231;0,4071623682975769;0,27228260040283203;0,014714941382408142
2500;1655,503173828125;703,3214111328125;41519,81640625;-186,9603271484375;281,84332275390625;-1,4399170875549316;1,0211102962493896;0,41115090250968933;0,2732257843017578;0,014911316335201263
2501;1655,503173828125;703,3214111328125;41519,81640625;-168,24710083007812;275,3343811035156;-2,573787212371826;1,0018525123596191;0,41004520654678345;0,2671658992767334;0,014566773548722267
2502;1655,503173828125;703,3214111328125;41519,81640625;-186,905029296875;265,5142822265625;-1,3839608430862427;0,9987627267837524;0,4064660966396332;0,26572224497795105;0,014589296653866768
2503;1655,503173828125;703,3214111328125;41519,81640625;-175,6990966796875;262,21490478515625;-1,6419413089752197;0,9938508868217468;0,40703219175338745;0,2636546492576599;0,014553622342646122
2504;1655,503173828125;703,3214111328125;41519,81640625;-164,19610595703125;263,5459899902344;-0,46291038393974304;0,9826129078865051;0,4114113748073578;0,25982823967933655;0,014357331208884716
2505;1655,503173828125;703,3214111328125;41519,81640625;-161,3142852783203;260,4207763671875;-1,6501286029815674;0,9594681262969971;0,3990423381328583;0,25309693813323975;0,013967037200927734
2506;1655,503173828125;703,3214111328125;41519,81640625;-153,8956298828125;257,8819885253906;-2,0408029556274414;0,9743356704711914;0,4060332775115967;0,25634005665779114;0,01434684731066227
2507;1655,503173828125;703,3214111328125;41519,81640625;-183,31942749023438;253,55160522460938;-0,8051612973213196;0,9400352239608765;0,3976799547672272;0,2466520071029663;0,013679075054824352
2508;1655,503173828125;703,3214111328125;41519,81640625;-176,3020477294922;245,18455505371094;-1,5889569520950317;0,9047922492027283;0,38967859745025635;0,23682495951652527;0,012969445437192917
2509;1655,503173828125;703,3214111328125;41519,81640625;-160,73361206054688;248,8055877685547;-3,1621832847595215;0,9230194091796875;0,39854151010513306;0,24103839695453644;0,013425510376691818
2510;1655,503173828125;703,3214111328125;41519,81640625;-161,49447631835938;250,62716674804688;-2,985886335372925;0,892912745475769;0,38376182317733765;0,23262524604797363;0,012857274152338505
2511;1655,503173828125;703,3214111328125;41519,81640625;-141,20159912109375;252,92214965820312;-3,912736415863037;0,8901945352554321;0,3825933635234833;0,23139911890029907;0,012865481898188591
2512;1655,503173828125;703,3214111328125;41519,81640625;-148,1411590576172;248,2552490234375;-3,2524490356445312;0,8924577236175537;0,38579264283180237;0,23152773082256317;0,01297704130411148
2513;1655,503173828125;703,3214111328125;41519,81640625;-137,74061584472656;253,23196411132812;-5,2876482009887695;0,8487892150878906;0,3708483874797821;0,2198321372270584;0,012062521651387215
2514;1655,503173828125;703,3214111328125;41519,81640625;-148,1363067626953;252,55308532714844;-4,217336177825928;0,8488410115242004;0,3711051046848297;0,21944402158260345;0,012127364985644817
2515;1655,503173828125;703,3214111328125;41519,81640625;-151,9121856689453;255,51669311523438;-3,8286948204040527;0,8648448586463928;0,3776382505893707;0,2231834977865219;0,012552248314023018
2516;1655,503173828125;703,3214111328125;41519,81640625;-127,77542877197266;262,9573059082031;-4,868002891540527;0,8274202942848206;0,36190730333328247;0,21320392191410065;0,011761731468141079
2517;1655,503173828125;703,3214111328125;41519,81640625;-177,9837188720703;249,142333984375;-3,6793675422668457;0,7878908514976501;0,3494624197483063;0,20289331674575806;0,010888738557696342
2518;1655,503173828125;703,3214111328125;41519,81640625;-180,3817138671875;253,6254425048828;-2,6958343982696533;0,8071639537811279;0,36204254627227783;0,2077583521604538;0,011390375904738903
2519;1655,503173828125;703,3214111328125;41519,81640625;-180,76182556152344;256,05474853515625;-3,9570422172546387;0,7964813113212585;0,35638201236724854;0,20477068424224854;0,011204122565686703
2520;1655,503173828125;703,3214111328125;41519,81640625;-173,12448120117188;256,9167175292969;-3,994211435317993;0,7895091772079468;0,35237887501716614;0,20276880264282227;0,01109861209988594
2521;1655,503173828125;703,3214111328125;41519,81640625;-174,7097625732422;255,44056701660156;-3,3348028659820557;0,7720117568969727;0,3460920751094818;0,19821768999099731;0,010731232352554798
2522;1655,503173828125;703,3214111328125;41519,81640625;-179,94468688964844;256,7730712890625;-3,6720948219299316;0,7603287696838379;0,3420588970184326;0,19518938660621643;0,010498067364096642
2523;1655,503173828125;703,3214111328125;41519,81640625;-181,84523010253906;259,95098876953125;-4,18162727355957;0,7515965700149536;0,3383612334728241;0,19290994107723236;0,010334625840187073
2524;1655,503173828125;703,3214111328125;41519,81640625;-182,83389282226562;264,5376281738281;-4,375543594360352;0,7537851929664612;0,3357967138290405;0,1932605654001236;0,010442587547004223
2525;1655,503173828125;703,3214111328125;41519,81640625;-176,13665771484375;268,4053039550781;-5,319014072418213;0,7422123551368713;0,33712613582611084;0,19069041311740875;0,010191088542342186
2526;1655,503173828125;703,3214111328125;41519,81640625;-206,86293029785156;258,28790283203125;-3,423567295074463;0,7522187829017639;0,33754995465278625;0,19307841360569;0,010502232238650322
2527;1655,503173828125;703,3214111328125;41519,81640625;-219,21319580078125;257,2577209472656;-2,9375617504119873;0,7227046489715576;0,32277712225914;0,18549950420856476;0,00979745015501976
2528;1655,503173828125;703,3214111328125;41519,81640625;-194,89195251464844;263,16082763671875;-4,066364765167236;0,7325012683868408;0,33027470111846924;0,18834729492664337;0,010093679651618004
2529;1655,503173828125;703,3214111328125;41519,81640625;-186,2378692626953;268,7279052734375;-6,587600231170654;0,7082914113998413;0,3222607970237732;0,1824897825717926;0,009501051157712936
2530;1655,503173828125;703,3214111328125;41519,81640625;-195,90029907226562;267,81695556640625;-5,258942127227783;0,7058087587356567;0,32124483585357666;0,18206293880939484;0,009472968988120556
2531;1655,503173828125;703,3214111328125;41519,81640625;-212,68359375;263,59332275390625;-4,344937801361084;0,6946954727172852;0,3101571798324585;0,17897972464561462;0,009228275157511234
2532;1655,503173828125;703,3214111328125;41519,81640625;-207,27548217773438;272,44830322265625;-5,189368724822998;0,7151955366134644;0,3185899257659912;0,1844654232263565;0,009816955775022507
2533;1655,503173828125;703,3214111328125;41519,81640625;-186,43443298339844;276,1982116699219;-6,7102251052856445;0,7161099910736084;0,31270280480384827;0,18449653685092926;0,009868795052170753
2534;1655,503173828125;703,3214111328125;41519,81640625;-165,4686279296875;280,53070068359375;-7,490142345428467;0,7004925608634949;0,31367865204811096;0,1814015805721283;0,009490865282714367
2535;1655,503173828125;703,3214111328125;41519,81640625;-163,62574768066406;284,9002380371094;-6,716970920562744;0,6875124573707581;0,303492933511734;0,1780129373073578;0,009180361405014992
2536;1655,503173828125;703,3214111328125;41519,81640625;-176,1459197998047;287,61663818359375;-5,811677932739258;0,7170102596282959;0,314411461353302;0,18583901226520538;0,01000609528273344
2537;1655,503173828125;703,3214111328125;41519,81640625;-175,26022338867188;290,96734619140625;-6,716948509216309;0,7090280652046204;0,3111378848552704;0,18417401611804962;0,009822187013924122
2538;1655,503173828125;703,3214111328125;41519,81640625;-192,89083862304688;291,09014892578125;-6,047839164733887;0,6876634955406189;0,30063050985336304;0,17891982197761536;0,009276166558265686
2539;1655,503173828125;703,3214111328125;41519,81640625;-178,60287475585938;294,5270080566406;-7,544753074645996;0,6966850161552429;0,3009353280067444;0,18135276436805725;0,00954948365688324
2540;1655,503173828125;703,3214111328125;41519,81640625;-192,2822723388672;298,6054992675781;-8,572758674621582;0,714400589466095;0,30923545360565186;0,18646681308746338;0,010041018947958946
2541;1655,503173828125;703,3214111328125;41519,81640625;-177,42611694335938;302,5236511230469;-8,239415168762207;0,70175701379776;0,29988953471183777;0,18324978649616241;0,009736425243318081
2542;1655,503173828125;703,3214111328125;41519,81640625;-189,75303649902344;304,9510803222656;-6,766724586486816;0,712765634059906;0,3037932813167572;0,18651029467582703;0,010049429722130299
2543;1655,503173828125;703,3214111328125;41519,81640625;-193,2860107421875;308,6033630371094;-6,739280700683594;0,7302044630050659;0,3053587079048157;0,19097614288330078;0,010535353794693947
2544;1655,503173828125;703,3214111328125;41519,81640625;-173,0298614501953;320,5205993652344;-8,173176765441895;0,7272768020629883;0,3014253079891205;0,19041943550109863;0,01047485787421465
2545;1655,503173828125;703,3214111328125;41519,81640625;-162,83482360839844;324,1502685546875;-8,91788101196289;0,7200567126274109;0,2951025366783142;0,1886642724275589;0,010288245975971222
2546;1655,503173828125;703,3214111328125;41519,81640625;-156,02047729492188;332,9837646484375;-9,574886322021484;0,7564365863800049;0,30642256140708923;0,19832155108451843;0,011260447092354298
2547;1655,503173828125;703,3214111328125;41519,81640625;-180,8357391357422;336,6241455078125;-8,206855773925781;0,7286390662193298;0,29514580965042114;0,1915144920349121;0,010549390688538551
2548;1655,503173828125;703,3214111328125;41519,81640625;-167,9561004638672;347,98077392578125;-8,287919998168945;0,7369240522384644;0,29625949263572693;0,19393230974674225;0,010779271833598614
2549;1655,503173828125;703,3214111328125;41519,81640625;-187,97801208496094;348,2923889160156;-7,204244136810303;0,746654212474823;0,2954005002975464;0,19644023478031158;0,01102253794670105
2550;1655,503173828125;703,3214111328125;41519,81640625;-182,81959533691406;354,7941589355469;-7,568111896514893;0,7447953820228577;0,2936456501483917;0,19630280137062073;0,010987820103764534
2551;1655,503173828125;703,3214111328125;41519,81640625;-190,14463806152344;358,0552978515625;-7,51030158996582;0,7558223009109497;0,293837308883667;0,19918400049209595;0,011256321333348751
2552;1655,503173828125;703,3214111328125;41519,81640625;-168,64584350585938;367,2369384765625;-8,672362327575684;0,7553888559341431;0,2958426773548126;0,199800506234169;0,011286076158285141
2553;1655,503173828125;703,3214111328125;41519,81640625;-173,7279052734375;372,2542724609375;-5,994819641113281;0,7768816351890564;0,29773157835006714;0,20511162281036377;0,011805769987404346
2554;1655,503173828125;703,3214111328125;41519,81640625;-194,2601318359375;377,5866394042969;-7,950021266937256;0,7522773742675781;0,2891019582748413;0,19915159046649933;0,01119200699031353
2555;1655,503173828125;703,3214111328125;41519,81640625;-188,33155822753906;388,0361022949219;-7,353909015655518;0,7981581687927246;0,3027988374233246;0,21119007468223572;0,012358219362795353
2556;1655,503173828125;703,3214111328125;41519,81640625;-203,08013916015625;392,7095947265625;-6,6679277420043945;0,7646577954292297;0,29086220264434814;0,20285944640636444;0,01151337195187807
2557;1655,503173828125;703,3214111328125;41519,81640625;-189,01596069335938;403,05328369140625;-10,2108154296875;0,7761134505271912;0,29064685106277466;0,20557937026023865;0,011764030903577805
2558;1655,503173828125;703,3214111328125;41519,81640625;-184,33193969726562;408,155029296875;-8,64526081085205;0,7893279194831848;0,29395702481269836;0,20918793976306915;0,012100765481591225
2559;1655,503173828125;703,3214111328125;41519,81640625;-186,08563232421875;419,6368408203125;-7,097394943237305;0,7909342050552368;0,2929720878601074;0,2096959352493286;0,012130904011428356
2560;1655,503173828125;703,3214111328125;41519,81640625;-161,43234252929688;425,5633850097656;-9,05492115020752;0,7940637469291687;0,2923879623413086;0,21053054928779602;0,012189474888145924
2561;1655,503173828125;703,3214111328125;41519,81640625;-193,2458953857422;433,5910949707031;-8,444687843322754;0,7840926647186279;0,28747400641441345;0,20797131955623627;0,011924552731215954
2562;1655,503173828125;703,3214111328125;41519,81640625;-168,28993225097656;442,0050048828125;-7,79698371887207;0,7957438230514526;0,2900606095790863;0,21096011996269226;0,012190851382911205
2563;1655,503173828125;703,3214111328125;41519,81640625;-169,4066925048828;444,19775390625;-8,919411659240723;0,8233552575111389;0,29870879650115967;0,21817360818386078;0,01286639180034399
2564;1655,503173828125;703,3214111328125;41519,81640625;-174,891845703125;455,7391357421875;-7,4646196365356445;0,8051948547363281;0,29095199704170227;0,213314026594162;0,01237915176898241
2565;1655,503173828125;703,3214111328125;41519,81640625;-157,01907348632812;463,4195556640625;-11,068571090698242;0,809034526348114;0,29127049446105957;0,21421320736408234;0,012446384876966476
2566;1655,503173828125;703,3214111328125;41519,81640625;-157,1682586669922;463,43865966796875;-7,212382793426514;0,831661581993103;0,2986476719379425;0,22003842890262604;0,012985224835574627
2567;1655,503173828125;703,3214111328125;41519,81640625;-170,56956481933594;469,8924865722656;-10,225882530212402;0,818291187286377;0,29263734817504883;0,21637855470180511;0,01263147871941328
2568;1655,503173828125;703,3214111328125;41519,81640625;-190,11328125;480,74237060546875;-6,795124530792236;0,8441479206085205;0,3006135821342468;0,22303222119808197;0,013271656818687916
2569;1655,503173828125;703,3214111328125;41519,81640625;-215,1385498046875;489,09814453125;-7,68073034286499;0,8357388973236084;0,2970919907093048;0,22056587040424347;0,013019366189837456
2570;1655,503173828125;703,3214111328125;41519,81640625;-203,81581115722656;497,75958251953125;-9,658838272094727;0,8368614315986633;0,29821479320526123;0,2205927073955536;0,012969346717000008
2571;1655,503173828125;703,3214111328125;41519,81640625;-211,14285278320312;504,5617980957031;-9,584342956542969;0,8274844884872437;0,2932843267917633;0,21783635020256042;0,012723374180495739
2572;1655,503173828125;703,3214111328125;41519,81640625;-197,63124084472656;513,3463134765625;-9,734951972961426;0,8490655422210693;0,30194833874702454;0,22322212159633636;0,013202058151364326
2573;1655,503173828125;703,3214111328125;41519,81640625;-201,34368896484375;509,46612548828125;-10,076543807983398;0,8786053657531738;0,30944958329200745;0,23056012392044067;0,0139418113976717
2574;1655,503173828125;703,3214111328125;41519,81640625;-200,67083740234375;526,1112670898438;-11,125900268554688;0,8725182414054871;0,3077586591243744;0,22859252989292145;0,013742906041443348
2575;1655,503173828125;703,3214111328125;41519,81640625;-208,3837890625;538,4046630859375;-11,950312614440918;0,8751991391181946;0,31411218643188477;0,22910308837890625;0,01366167701780796
2576;1655,503173828125;703,3214111328125;41519,81640625;-212,67630004882812;547,5223388671875;-10,429576873779297;0,8617227077484131;0,3035484254360199;0,22490361332893372;0,013382675126194954
2577;1655,503173828125;703,3214111328125;41519,81640625;-199,34658813476562;550,1430053710938;-9,915452003479004;0,8685382604598999;0,3071896731853485;0,2262786477804184;0,01348895113915205
2578;1655,503173828125;703,3214111328125;41519,81640625;-212,99758911132812;556,8369140625;-9,279969215393066;0,8698374629020691;0,30663737654685974;0,22607570886611938;0,01348439883440733
2579;1655,503173828125;703,3214111328125;41519,81640625;-218,15982055664062;565,7303466796875;-8,964804649353027;0,8950302004814148;0,31366145610809326;0,23197998106479645;0,014066293835639954
2580;1655,503173828125;703,3214111328125;41519,81640625;-197,23672485351562;562,5943603515625;-11,220053672790527;0,8859207630157471;0,3118760585784912;0,22914548218250275;0,013781730085611343
2581;1655,503173828125;703,3214111328125;41519,81640625;-184,7442169189453;568,455810546875;-12,483488082885742;0,892756998538971;0,31669482588768005;0,2304956465959549;0,013876896351575851
2582;1655,503173828125;703,3214111328125;41519,81640625;-173,60003662109375;571,0992431640625;-12,221518516540527;0,8953166007995605;0,31532731652259827;0,23040926456451416;0,013903298415243626
2583;1655,503173828125;703,3214111328125;41519,81640625;-171,20147705078125;578,6478881835938;-10,964231491088867;0,8997656106948853;0,31784990429878235;0,23100292682647705;0,013949073851108551
2584;1655,503173828125;703,3214111328125;41519,81640625;-176,56411743164062;590,0048828125;-11,95036506652832;0,9350318908691406;0,33293071389198303;0,23959891498088837;0,014726194553077221
2585;1655,503173828125;703,3214111328125;41519,81640625;-173,8319854736328;599,052734375;-10,212833404541016;0,8996767401695251;0,3175520598888397;0,2296897917985916;0,0138335470110178
2586;1655,503173828125;703,3214111328125;41519,81640625;-140,3394317626953;593,3261108398438;-10,504548072814941;0,9100579023361206;0,3264496624469757;0,2321036458015442;0,013990597799420357
2587;1655,503173828125;703,3214111328125;41519,81640625;-166,4442596435547;603,6729125976562;-11,953241348266602;0,9140453338623047;0,31604090332984924;0,23149344325065613;0,014074241742491722
2588;1655,503173828125;703,3214111328125;41519,81640625;-157,01177978515625;610,4599609375;-11,288348197937012;0,9006139636039734;0,3123152256011963;0,22749297320842743;0,013692495413124561
2589;1655,503173828125;703,3214111328125;41519,81640625;-158,5941925048828;614,7974853515625;-12,946539878845215;0,9064909219741821;0,3224639296531677;0,22900596261024475;0,013741020113229752
2590;1655,503173828125;703,3214111328125;41519,81640625;-164,96832275390625;624,1978759765625;-12,509916305541992;0,9371625185012817;0,33099254965782166;0,23586782813072205;0,014421192929148674
2591;1655,503173828125;703,3214111328125;41519,81640625;-161,4728546142578;630,8049926757812;-12,904342651367188;0,9182002544403076;0,3149433135986328;0,22958309948444366;0,013917247764766216
2592;1655,503173828125;703,3214111328125;41519,81640625;-154,63247680664062;628,8941650390625;-13,146239280700684;0,921009361743927;0,32006633281707764;0,230000838637352;0,013919268734753132
2593;1655,503173828125;703,3214111328125;41519,81640625;-153,97842407226562;639,6510620117188;-12,863723754882812;0,9244221448898315;0,3336643874645233;0,23141129314899445;0,013891367241740227
2594;1655,503173828125;703,3214111328125;41519,81640625;-142,20623779296875;638,8082885742188;-16,194795608520508;0,9289434552192688;0,32965537905693054;0,23137445747852325;0,013961664400994778
2595;1655,503173828125;703,3214111328125;41519,81640625;-162,1668701171875;645,8096313476562;-15,290078163146973;0,9398922920227051;0,3264492452144623;0,23278865218162537;0,0141614293679595
2596;1655,503173828125;703,3214111328125;41519,81640625;-171,68310546875;650,363037109375;-15,404436111450195;0,9465180039405823;0,3302214443683624;0,2339901328086853;0,014248195104300976
2597;1655,503173828125;703,3214111328125;41519,81640625;-176,42091369628906;653,443359375;-16,19141387939453;0,9352079629898071;0,31865194439888;0,2298496961593628;0,013912444934248924
2598;1655,503173828125;703,3214111328125;41519,81640625;-180,53172302246094;655,790283203125;-16,570186614990234;0,9267916083335876;0,31563761830329895;0,2272377461194992;0,013652801513671875
2599;1655,503173828125;703,3214111328125;41519,81640625;-177,86334228515625;663,1343383789062;-17,96638298034668;0,9265425801277161;0,3141595423221588;0,22653433680534363;0,013577215373516083
2600;1655,503173828125;703,3214111328125;41519,81640625;-175,63720703125;665,38330078125;-18,222736358642578;0,9689919948577881;0,3393492102622986;0,23762550950050354;0,014488838613033295
2601;1655,503173828125;703,3214111328125;41519,81640625;-198,08953857421875;673,1116333007812;-17,045133590698242;0,9647358655929565;0,33664101362228394;0,23603706061840057;0,014323797076940536
2602;1655,503173828125;703,3214111328125;41519,81640625;-223,05075073242188;678,5037231445312;-16,654855728149414;0,9600861668586731;0,3303942382335663;0,23400790989398956;0,014145405031740665
2603;1655,503173828125;703,3214111328125;41519,81640625;-218,54461669921875;678,5135498046875;-17,306638717651367;0,9383360147476196;0,32007235288619995;0,22806532680988312;0,013581225648522377
2604;1655,503173828125;703,3214111328125;41519,81640625;-207,12965393066406;670,815673828125;-17,580713272094727;0,9573912620544434;0,3315064311027527;0,23300623893737793;0,013950594700872898
2605;1655,503173828125;703,3214111328125;41519,81640625;-209,60202026367188;666,3087768554688;-16,062782287597656;0,9639225602149963;0,3357100784778595;0,2346205860376358;0,014030472375452518
2606;1655,503173828125;703,3214111328125;41519,81640625;-221,76763916015625;664,5568237304688;-17,27303695678711;0,9513958096504211;0,32466742396354675;0,23060809075832367;0,013674430549144745
2607;1655,503173828125;703,3214111328125;41519,81640625;-212,2661590576172;656,2186279296875;-17,877992630004883;0,9413461089134216;0,32424211502075195;0,228443443775177;0,0133812315762043
2608;1655,503173828125;703,3214111328125;41519,81640625;-190,45364379882812;644,775634765625;-16,961170196533203;0,9859833121299744;0,33033299446105957;0,23807483911514282;0,014285985380411148
2609;1655,503173828125;703,3214111328125;41519,81640625;-244,55921936035156;647,2855834960938;-17,480472564697266;0,9992761611938477;0,32761651277542114;0,24040482938289642;0,014471698552370071
2610;1655,503173828125;703,3214111328125;41519,81640625;-233,04315185546875;628,6275024414062;-18,033098220825195;0,9696860909461975;0,329302579164505;0,23478440940380096;0,013811078853905201
2611;1655,503173828125;703,3214111328125;41519,81640625;-201,67237854003906;606,6842651367188;-17,771047592163086;0,9752166271209717;0,3300413191318512;0,23611445724964142;0,013863896951079369
2612;1655,503173828125;703,3214111328125;41519,81640625;-208,77175903320312;614,2462768554688;-17,276493072509766;1,0042307376861572;0,33921825885772705;0,2432696521282196;0,0144273079931736
2613;1655,503173828125;703,3214111328125;41519,81640625;-256,55426025390625;628,888671875;-15,897607803344727;0,984083354473114;0,3184746205806732;0,23683004081249237;0,01387400645762682
2614;1655,503173828125;703,3214111328125;41519,81640625;-236,3126220703125;625,4386596679688;-16,554336547851562;0,9888602495193481;0,3282095193862915;0,23937629163265228;0,013951958157122135
2615;1655,503173828125;703,3214111328125;41519,81640625;-205,947509765625;607,1224365234375;-14,836767196655273;1,0486997365951538;0,3499966561794281;0,25453701615333557;0,015156867913901806
2616;1655,503173828125;703,3214111328125;41519,81640625;-215,18247985839844;611,4218139648438;-14,55118465423584;0,9728183746337891;0,3270159363746643;0,2368965595960617;0,013492334634065628
2617;1655,503173828125;703,3214111328125;41519,81640625;-202,38084411621094;597,0814208984375;-14,05228042602539;1,0051935911178589;0,34389767050743103;0,24616318941116333;0,014141957275569439
2618;1655,503173828125;703,3214111328125;41519,81640625;-212,2882843017578;597,2083129882812;-15,154204368591309;1,0254261493682861;0,3352210521697998;0,24953912198543549;0,014464099891483784
2619;1655,503173828125;703,3214111328125;41519,81640625;-199,47763061523438;594,0528564453125;-16,33028793334961;1,0393848419189453;0,3471774458885193;0,2546553313732147;0,014728289097547531
2620;1655,503173828125;703,3214111328125;41519,81640625;-212,2855987548828;588,969970703125;-18,133819580078125;1,0043469667434692;0,3284178376197815;0,24578046798706055;0,013914534822106361
2621;1655,503173828125;703,3214111328125;41519,81640625;-213,0982666015625;583,194091796875;-16,986337661743164;1,041782021522522;0,33765244483947754;0,25529682636260986;0,014622459188103676
2622;1655,503173828125;703,3214111328125;41519,81640625;-209,73410034179688;578,184326171875;-18,602771759033203;1,0423027276992798;0,34062910079956055;0,2566767930984497;0,014595338143408298
2623;1655,503173828125;703,3214111328125;41519,81640625;-203,2175750732422;567,66943359375;-14,216497421264648;1,052289605140686;0,342262864112854;0,2598020136356354;0,014739086851477623
2624;1655,503173828125;703,3214111328125;41519,81640625;-202,9734344482422;556,7709350585938;-15,621373176574707;1,0512982606887817;0,3385031521320343;0,260002464056015;0,014652172103524208
2625;1655,503173828125;703,3214111328125;41519,81640625;-201,2609405517578;549,7474975585938;-13,286608695983887;1,0298196077346802;0,3345556855201721;0,25611019134521484;0,014179968275129795
2626;1655,503173828125;703,3214111328125;41519,81640625;-223,56141662597656;554,233642578125;-11,70698070526123;1,0631780624389648;0,33802318572998047;0,26434892416000366;0,01477352436631918
2627;1655,503173828125;703,3214111328125;41519,81640625;-223,01873779296875;549,5634765625;-13,777151107788086;1,0413017272949219;0,334842711687088;0,2605433464050293;0,01430872268974781
2628;1655,503173828125;703,3214111328125;41519,81640625;-203,2776336669922;537,8800048828125;-13,782950401306152;1,0789610147476196;0,33961060643196106;0,26997822523117065;0,014979716390371323
2629;1655,503173828125;703,3214111328125;41519,81640625;-195,49217224121094;532,8318481445312;-13,627495765686035;1,0906506776809692;0,3479379117488861;0,2748015522956848;0,01519867591559887
2630;1655,503173828125;703,3214111328125;41519,81640625;-200,6246337890625;525,0435791015625;-11,615885734558105;1,1067092418670654;0,3451576232910156;0,27883684635162354;0,0154194887727499
2631;1655,503173828125;703,3214111328125;41519,81640625;-209,7115478515625;506,2190856933594;-9,895764350891113;1,1001126766204834;0,3496309816837311;0,27944284677505493;0,015298685058951378
2632;1655,503173828125;703,3214111328125;41519,81640625;-204,50144958496094;501,4852600097656;-10,52711296081543;1,1082794666290283;0,34873977303504944;0,28223317861557007;0,015399756841361523
2633;1655,503173828125;703,3214111328125;41519,81640625;-233,61453247070312;515,9439086914062;-10,334301948547363;1,08998703956604;0,341522753238678;0,27860307693481445;0,014999838545918465
2634;1655,503173828125;703,3214111328125;41519,81640625;-233,07554626464844;505,1669616699219;-9,193123817443848;1,092895269393921;0,34389039874076843;0,28086453676223755;0,015032787807285786
2635;1655,503173828125;703,3214111328125;41519,81640625;-231,2252197265625;488,4160461425781;-9,672317504882812;1,129454255104065;0,3721320331096649;0,29447197914123535;0,015788529068231583
2636;1655,503173828125;703,3214111328125;41519,81640625;-248,486572265625;494,9078063964844;-6,78023624420166;1,1161504983901978;0,35591208934783936;0,29028987884521484;0,015450898557901382
2637;1655,503173828125;703,3214111328125;41519,81640625;-220,7248992919922;483,247802734375;-10,483094215393066;1,1082795858383179;0,3514266312122345;0,289222776889801;0,01525926310569048
2638;1655,503173828125;703,3214111328125;41519,81640625;-232,4915771484375;472,1048583984375;-5,322085380554199;1,1391911506652832;0,3637286424636841;0,2990957200527191;0,01584245078265667
2639;1655,503173828125;703,3214111328125;41519,81640625;-207,86474609375;470,20343017578125;-6,409495830535889;1,1293960809707642;0,35453832149505615;0,29676350951194763;0,015594156458973885
2640;1655,503173828125;703,3214111328125;41519,81640625;-198,59542846679688;465,8014221191406;-4,004341125488281;1,154028058052063;0,35934439301490784;0,30402806401252747;0,016018453985452652
2641;1655,503173828125;703,3214111328125;41519,81640625;-195,35926818847656;458,8865051269531;-7,411304950714111;1,1615742444992065;0,3716459274291992;0,30922383069992065;0,016203437000513077
2642;1655,503173828125;703,3214111328125;41519,81640625;-211,59385681152344;459,726318359375;-6,43869686126709;1,1400420665740967;0,3512587249279022;0,3021858036518097;0,015682663768529892
2643;1655,503173828125;703,3214111328125;41519,81640625;-214,58154296875;457,2225036621094;-4,44460391998291;1,1554902791976929;0,36875584721565247;0,3100552260875702;0,01604357175529003
2644;1655,503173828125;703,3214111328125;41519,81640625;-209,59291076660156;456,2696228027344;-4,652720928192139;1,174049735069275;0,3719320297241211;0,31576061248779297;0,01636512205004692
2645;1655,503173828125;703,3214111328125;41519,81640625;-213,7994842529297;442,06939697265625;-3,6613609790802;1,1912295818328857;0,3728804588317871;0,32069435715675354;0,016640925779938698
2646;1655,503173828125;703,3214111328125;41519,81640625;-195,88499450683594;430,08538818359375;-3,9688069820404053;1,166264295578003;0,3666759431362152;0,31548961997032166;0,01617160253226757
2647;1655,503173828125;703,3214111328125;41519,81640625;-201,64952087402344;425,96710205078125;-6,356743812561035;1,1971278190612793;0,3760697841644287;0,3249289393424988;0,016735954210162163
2648;1655,503173828125;703,3214111328125;41519,81640625;-222,1483612060547;416,64300537109375;-2,112161636352539;1,2007769346237183;0,38205188512802124;0,3281514346599579;0,016825973987579346
2649;1655,503173828125;703,3214111328125;41519,81640625;-210,43692016601562;410,1734313964844;-1,5220074653625488;1,2187374830245972;0,37299099564552307;0,3306178152561188;0,01699976436793804
2650;1655,503173828125;703,3214111328125;41519,81640625;-215,20559692382812;395,3002014160156;-4,298656463623047;1,1986643075942993;0,37690266966819763;0,328559547662735;0,016738608479499817
2651;1655,503173828125;703,3214111328125;41519,81640625;-233,7100830078125;389,68902587890625;0,7132372260093689;1,235802173614502;0,3898586332798004;0,3400164544582367;0,017428599298000336
2652;1655,503173828125;703,3214111328125;41519,81640625;-218,7786102294922;383,0341796875;0,09792941808700562;1,2316343784332275;0,38872602581977844;0,3397913873195648;0,01734757050871849
2653;1655,503173828125;703,3214111328125;41519,81640625;-220,91940307617188;377,3196105957031;3,16255784034729;1,2262498140335083;0,3853130042552948;0,3385840654373169;0,017224233597517014
2654;1655,503173828125;703,3214111328125;41519,81640625;-228,0624542236328;356,6319274902344;2,0142483711242676;1,2252731323242188;0,38646042346954346;0,3394177258014679;0,017217809334397316
2655;1655,503173828125;703,3214111328125;41519,81640625;-240,1238555908203;356,2576599121094;-0,19120009243488312;1,2075040340423584;0,3836750090122223;0,3359925448894501;0,01691610924899578
2656;1655,503173828125;703,3214111328125;41519,81640625;-240,81179809570312;344,5311279296875;1,4090898036956787;1,2303352355957031;0,3905597925186157;0,3427237272262573;0,017332041636109352
2657;1655,503173828125;703,3214111328125;41519,81640625;-220,00672912597656;347,2440490722656;-0,550117552280426;1,2417539358139038;0,39661335945129395;0,3472083806991577;0,017568450421094894
2658;1655,503173828125;703,3214111328125;41519,81640625;-212,8975372314453;342,6455078125;3,326460361480713;1,232714295387268;0,39597418904304504;0,3459213972091675;0,01742399111390114
2659;1655,503173828125;703,3214111328125;41519,81640625;-195,3043975830078;331,6106262207031;0,675426185131073;1,2540262937545776;0,40374326705932617;0,352550208568573;0,017830420285463333
2660;1655,503173828125;703,3214111328125;41519,81640625;-197,02259826660156;320,10858154296875;4,199084281921387;1,2299060821533203;0,39655017852783203;0,3461252748966217;0,01739460974931717
2661;1655,503173828125;703,3214111328125;41519,81640625;-205,37408447265625;317,2228698730469;5,5562825202941895;1,2524545192718506;0,4024001359939575;0,35140612721443176;0,017780886963009834
2662;1655,503173828125;703,3214111328125;41519,81640625;-199,02218627929688;312,40863037109375;3,935777187347412;1,227047324180603;0,39805638790130615;0,34637895226478577;0,017377888783812523
2663;1655,503173828125;703,3214111328125;41519,81640625;-198,4960174560547;302,90106201171875;4,949625492095947;1,189439296722412;0,3859746754169464;0,335143119096756;0,016679445281624794
2664;1655,503173828125;703,3214111328125;41519,81640625;-189,77963256835938;301,5020751953125;4,642277240753174;1,238295078277588;0,4033981263637543;0,3491953909397125;0,017608357593417168
2665;1655,503173828125;703,3214111328125;41519,81640625;-169,22708129882812;288,295166015625;1,6349588632583618;1,2004979848861694;0,39305949211120605;0,3394600749015808;0,016944851726293564
2666;1655,503173828125;703,3214111328125;41519,81640625;-160,75767517089844;286,0856628417969;3,5837860107421875;1,2091131210327148;0,3973006308078766;0,3415972590446472;0,017124895006418228
2667;1655,503173828125;703,3214111328125;41519,81640625;-175,63412475585938;274,7621765136719;2,6742498874664307;1,1940973997116089;0,394196093082428;0,33658212423324585;0,01685134507715702
2668;1655,503173828125;703,3214111328125;41519,81640625;-173,9468536376953;271,6629638671875;2,9088051319122314;1,2498632669448853;0,4144780933856964;0,35305431485176086;0,017934570088982582
2669;1655,503173828125;703,3214111328125;41519,81640625;-170,3392791748047;259,66033935546875;2,433662176132202;1,1979044675827026;0,3987361192703247;0,3389575779438019;0,01701093092560768
2670;1655,503173828125;703,3214111328125;41519,81640625;-167,13636779785156;260,7289123535156;3,713691473007202;1,215071678161621;0,40634623169898987;0,34368962049484253;0,017365511506795883
2671;1655,503173828125;703,3214111328125;41519,81640625;-173,37411499023438;256,0397644042969;0,8863251209259033;1,2142385244369507;0,40803295373916626;0,3432995080947876;0,017386268824338913
2672;1655,503173828125;703,3214111328125;41519,81640625;-164,67770385742188;258,0750732421875;0,8491640090942383;1,219548225402832;0,4112791419029236;0,34489601850509644;0,0175244752317667
2673;1655,503173828125;703,3214111328125;41519,81640625;-181,36691284179688;249,23086547851562;0,9581025242805481;1,1862534284591675;0,4035230278968811;0,3345549702644348;0,016933707520365715
2674;1655,503173828125;703,3214111328125;41519,81640625;-171,82200622558594;237,9722442626953;0,6117357015609741;1,2116090059280396;0,4122910797595978;0,34219345450401306;0,01745503582060337
2675;1655,503173828125;703,3214111328125;41519,81640625;-180,0989990234375;235,47633361816406;0,5412105917930603;1,2301712036132812;0,42494532465934753;0,34569090604782104;0,017827996984124184
2676;1655,503173828125;703,3214111328125;41519,81640625;-195,06503295898438;233,82933044433594;2,3776683807373047;1,1797467470169067;0,4036802649497986;0,332908034324646;0,016923557966947556
2677;1655,503173828125;703,3214111328125;41519,81640625;-206,74371337890625;213,14224243164062;-1,3255524635314941;1,1911104917526245;0,4180469214916229;0,33353087306022644;0,01718168891966343
2678;1655,503173828125;703,3214111328125;41519,81640625;-186,7790069580078;212,56690979003906;1,410254955291748;1,1749719381332397;0,417456716299057;0,3280176520347595;0,016904478892683983
2679;1655,503173828125;703,3214111328125;41519,81640625;-176,2249755859375;213,0584716796875;2,7282049655914307;1,186078667640686;0,415892630815506;0,3322793245315552;0,01720465160906315
2680;1655,503173828125;703,3214111328125;41519,81640625;-192,91273498535156;196,7386932373047;2,0140576362609863;1,2188292741775513;0,43465086817741394;0,3399820625782013;0,01786664128303528
2681;1655,503173828125;703,3214111328125;41519,81640625;-210,8470458984375;188,65467834472656;1,9429450035095215;1,1910161972045898;0,4284552335739136;0,3314394950866699;0,017393620684742928
2682;1655,503173828125;703,3214111328125;41519,81640625;-217,52017211914062;183,1614227294922;1,6198861598968506;1,1033259630203247;0,4002377390861511;0,30631253123283386;0,01576615497469902
2683;1655,503173828125;703,3214111328125;41519,81640625;-217,7943878173828;173,9035186767578;2,4989466667175293;1,1729739904403687;0,42822369933128357;0,3249778747558594;0,017161348834633827
2684;1655,503173828125;703,3214111328125;41519,81640625;-236,3612823486328;167,89784240722656;4,449151039123535;1,1309019327163696;0,41327929496765137;0,31289535760879517;0,016416924074292183
2685;1655,503173828125;703,3214111328125;41519,81640625;-227,82711791992188;164,23324584960938;1,2802239656448364;1,136588454246521;0,4165550768375397;0,3138766586780548;0,01658620499074459
2686;1655,503173828125;703,3214111328125;41519,81640625;-212,78189086914062;169,35389709472656;1,0497276782989502;1,1199876070022583;0,4209185540676117;0,30773138999938965;0,016305197030305862
2687;1655,503173828125;703,3214111328125;41519,81640625;-213,3592529296875;163,84671020507812;1,8071820735931396;1,105769157409668;0,4133771061897278;0,30352136492729187;0,016103021800518036
2688;1655,503173828125;703,3214111328125;41519,81640625;-225,55555725097656;162,8467254638672;-0,1753590703010559;1,1051480770111084;0,41759851574897766;0,3023935556411743;0,016149304807186127
2689;1655,503173828125;703,3214111328125;41519,81640625;-239,98416137695312;152,04551696777344;0,172681987285614;1,1061502695083618;0,42468973994255066;0,30154848098754883;0,01621835120022297
2690;1655,503173828125;703,3214111328125;41519,81640625;-227,7563018798828;141,01637268066406;-1,2036895751953125;1,088017463684082;0,4203464388847351;0,2958086431026459;0,015927361324429512
2691;1655,503173828125;703,3214111328125;41519,81640625;-230,70187377929688;135,39395141601562;3,9329988956451416;1,0644819736480713;0,415794312953949;0,2884798049926758;0,015517310239374638
2692;1655,503173828125;703,3214111328125;41519,81640625;-240,4429931640625;116,94761657714844;2,543450355529785;1,0545963048934937;0,41708579659461975;0,2848658263683319;0,01537355873733759
2693;1655,503173828125;703,3214111328125;41519,81640625;-233,0147247314453;108,40003967285156;3,3744072914123535;1,052067756652832;0,4172740876674652;0,2834567725658417;0,015393943525850773
2694;1655,503173828125;703,3214111328125;41519,81640625;-204,8539276123047;101,729248046875;2,1877923011779785;1,0512393712997437;0,41825997829437256;0,2824780344963074;0,015447139739990234
2695;1655,503173828125;703,3214111328125;41519,81640625;-204,609619140625;92,47903442382812;2,5368521213531494;1,034883975982666;0,40808725357055664;0,2775075137615204;0,015191372483968735
2696;1655,503173828125;703,3214111328125;41519,81640625;-229,1628875732422;78,19149780273438;3,970592498779297;1,037762999534607;0,4198562502861023;0,27717554569244385;0,01529881451278925
2697;1655,503173828125;703,3214111328125;41519,81640625;-209,1097869873047;72,68531799316406;4,023494720458984;1,014399766921997;0,4077022969722748;0,27029654383659363;0,01490240078419447
2698;1655,503173828125;703,3214111328125;41519,81640625;-202,60972595214844;66,94087982177734;2,785166025161743;1,0148041248321533;0,4090006649494171;0,2696385383605957;0,014976782724261284
2699;1655,503173828125;703,3214111328125;41519,81640625;-198,81021118164062;66,31088256835938;3,433656692504883;0,9719085097312927;0,401715487241745;0,25734663009643555;0,014141044579446316
2700;1655,503173828125;703,3214111328125;41519,81640625;-184,7899169921875;69,52629089355469;3,4227993488311768;0,9707619547843933;0,40898001194000244;0,2562639117240906;0,014152771793305874
2701;1655,503173828125;703,3214111328125;41519,81640625;-171,3155517578125;69,5899887084961;3,5943615436553955;0,9547477960586548;0,39449530839920044;0,2514738440513611;0,013917621225118637
2702;1655,503173828125;703,3214111328125;41519,81640625;-157,80386352539062;73,47042083740234;1,4537683725357056;0,9678078889846802;0,41158822178840637;0,2541794776916504;0,014220417477190495
2703;1655,503173828125;703,3214111328125;41519,81640625;-131,359619140625;71,10216522216797;-0,5214451551437378;0,9713104963302612;0,40337449312210083;0,2544807493686676;0,014397993683815002
2704;1655,503173828125;703,3214111328125;41519,81640625;-180,24737548828125;57,92109680175781;1,447170615196228;0,9213159084320068;0,39059311151504517;0,2407895177602768;0,013390094973146915
2705;1655,503173828125;703,3214111328125;41519,81640625;-164,13624572753906;62,88558578491211;1,4070194959640503;0,912030816078186;0,39271557331085205;0,2378305047750473;0,013237196952104568
2706;1655,503173828125;703,3214111328125;41519,81640625;-165,02452087402344;62,58578872680664;0,3322826623916626;0,9102093577384949;0,3943080008029938;0,23685261607170105;0,013256678357720375
2707;1655,503173828125;703,3214111328125;41519,81640625;-142,50973510742188;65,78160095214844;-0,4455379247665405;0,8904404640197754;0,3883432447910309;0,23125311732292175;0,01288522221148014
2708;1655,503173828125;703,3214111328125;41519,81640625;-169,47996520996094;56,73469543457031;0,07544203102588654;0,877682626247406;0,38419824838638306;0,22751003503799438;0,012667561881244183
2709;1655,503173828125;703,3214111328125;41519,81640625;-168,6942901611328;55,33406448364258;-0,628410279750824;0,8558076620101929;0,3691403567790985;0,22129975259304047;0,012255811132490635
2710;1655,503173828125;703,3214111328125;41519,81640625;-182,2446746826172;51,18563461303711;1,276231288909912;0,8367909789085388;0,3623371720314026;0,21601487696170807;0,011880803853273392
2711;1655,503173828125;703,3214111328125;41519,81640625;-151,35000610351562;61,439483642578125;-0,08268601447343826;0,8526262044906616;0,37976762652397156;0,2200392186641693;0,01227201521396637
2712;1655,503173828125;703,3214111328125;41519,81640625;-134,89364624023438;65,69718933105469;-2,1935951709747314;0,8135213255882263;0,35596248507499695;0,2094438225030899;0,011459331959486008
2713;1655,503173828125;703,3214111328125;41519,81640625;-171,89199829101562;58,68235397338867;-1,5019334554672241;0,8107307553291321;0,3598451316356659;0,20862272381782532;0,011447569355368614
2714;1655,503173828125;703,3214111328125;41519,81640625;-146,563232421875;70,64447784423828;-2,5098135471343994;0,8152292370796204;0,36313843727111816;0,20959551632404327;0,01160628441721201
2715;1655,503173828125;703,3214111328125;41519,81640625;-168,99945068359375;66,05340576171875;-2,3703970909118652;0,7901657223701477;0,35556915402412415;0,20311002433300018;0,01106205489486456
2716;1655,503173828125;703,3214111328125;41519,81640625;-155,5541229248047;81,2195053100586;-3,1392436027526855;0,782397985458374;0,34751126170158386;0,2007617950439453;0,01094338670372963
2717;1655,503173828125;703,3214111328125;41519,81640625;-178,0210723876953;79,18861389160156;0,2592121958732605;0,749916136264801;0,3348621129989624;0,19239479303359985;0,010196625255048275
2718;1655,503173828125;703,3214111328125;41519,81640625;-148,96791076660156;83,60929107666016;-1,927606225013733;0,7616772651672363;0,3427464962005615;0,19547010958194733;0,010540506802499294
2719;1655,503173828125;703,3214111328125;41519,81640625;-166,2888946533203;86,95816040039062;-1,2849193811416626;0,7523936629295349;0,33660268783569336;0,19294500350952148;0,010364426299929619
2720;1655,503173828125;703,3214111328125;41519,81640625;-146,45419311523438;88,15015411376953;-1,8960063457489014;0,7374838590621948;0,3326305150985718;0,18927200138568878;0,010037772357463837
2721;1655,503173828125;703,3214111328125;41519,81640625;-134,06182861328125;93,25139617919922;-3,4848787784576416;0,7131014466285706;0,3253070116043091;0,18327341973781586;0,009452479891479015
2722;1655,503173828125;703,3214111328125;41519,81640625;-131,92527770996094;99,65699005126953;-2,302128314971924;0,7263497114181519;0,3309532403945923;0,18673458695411682;0,00983787514269352
2723;1655,503173828125;703,3214111328125;41519,81640625;-149,46319580078125;95,8016357421875;-0,894380509853363;0,7187511324882507;0,3206740915775299;0,18445658683776855;0,009696354158222675
2724;1655,503173828125;703,3214111328125;41519,81640625;-150,7967987060547;90,72479248046875;-2,1459319591522217;0,714714527130127;0,3213473856449127;0,18371959030628204;0,009639447554945946
2725;1655,503173828125;703,3214111328125;41519,81640625;-163,3495635986328;97,0496826171875;-1,152024269104004;0,7230405807495117;0,32349660992622375;0,18592683970928192;0,009901986457407475
2726;1655,503173828125;703,3214111328125;41519,81640625;-142,87648010253906;99,70852661132812;-3,2598459720611572;0,697797954082489;0,3094542622566223;0,17943181097507477;0,009262649342417717
2727;1655,503173828125;703,3214111328125;41519,81640625;-184,37464904785156;95,91461944580078;-2,3743436336517334;0,6878622174263;0,3137434422969818;0,17775368690490723;0,009031714871525764
2728;1655,503173828125;703,3214111328125;41519,81640625;-178,5076446533203;94,15925598144531;-2,0811445713043213;0,6924304962158203;0,3108072578907013;0,17881426215171814;0,009209656156599522
2729;1655,503173828125;703,3214111328125;41519,81640625;-173,19940185546875;92,13483428955078;-0,6538852453231812;0,6770495772361755;0,30151450634002686;0,17493551969528198;0,008820729330182076
2730;1655,503173828125;703,3214111328125;41519,81640625;-141,15357971191406;101,88631439208984;-4,0819621086120605;0,7054361701011658;0,3158629536628723;0,18272764980793;0,009621755219995975
2731;1655,503173828125;703,3214111328125;41519,81640625;-158,9247589111328;100,30538940429688;-4,500932693481445;0,6736035943031311;0,30130091309547424;0,17478874325752258;0,008795143105089664
2732;1655,503173828125;703,3214111328125;41519,81640625;-148,79583740234375;102,13689422607422;-3,088557481765747;0,6937228441238403;0,30764448642730713;0,18014463782310486;0,009379401803016663
2733;1655,503173828125;703,3214111328125;41519,81640625;-157,6920623779297;107,18621063232422;-3,230470895767212;0,6885896921157837;0,30053022503852844;0,17876790463924408;0,0092740124091506
2734;1655,503173828125;703,3214111328125;41519,81640625;-158,4979705810547;109,12879180908203;-0,6703649163246155;0,7011269927024841;0,30323469638824463;0,18217238783836365;0,009644826874136925
2735;1655,503173828125;703,3214111328125;41519,81640625;-131,82359313964844;115,41575622558594;-2,476731777191162;0,7096325159072876;0,30847176909446716;0,18494418263435364;0,009895610623061657
2736;1655,503173828125;703,3214111328125;41519,81640625;-172,4465789794922;109,06743621826172;-1,481993556022644;0,7179132699966431;0,3058883249759674;0,1869656890630722;0,010146817192435265
2737;1655,503173828125;703,3214111328125;41519,81640625;-163,81129455566406;102,4617919921875;-0,35735780000686646;0,6974228620529175;0,29941222071647644;0,18228338658809662;0,009620103053748608
2738;1655,503173828125;703,3214111328125;41519,81640625;-165,93338012695312;97,92203521728516;-0,08952072262763977;0,70152747631073;0,29991909861564636;0,1836916208267212;0,00975026935338974
2739;1655,503173828125;703,3214111328125;41519,81640625;-137,0;108,73233795166016;-2,752948522567749;0,6967846751213074;0,2942773401737213;0,18255135416984558;0,009644671343266964
2740;1655,503173828125;703,3214111328125;41519,81640625;-143,89512634277344;117,44886779785156;-1,1315726041793823;0,7167084217071533;0,29937222599983215;0,18791329860687256;0,010200698859989643
2741;1655,503173828125;703,3214111328125;41519,81640625;-153,8356170654297;117,18544006347656;-2,965791940689087;0,7192341685295105;0,29906317591667175;0,1889098733663559;0,010281706228852272
2742;1655,503173828125;703,3214111328125;41519,81640625;-133,38771057128906;123,9472427368164;-3,8894219398498535;0,7118681073188782;0,29172444343566895;0,18700003623962402;0,010093088261783123
2743;1655,503173828125;703,3214111328125;41519,81640625;-150,7607421875;133,46096801757812;-4,217017650604248;0,7187305092811584;0,29172608256340027;0,18897131085395813;0,010285882279276848
2744;1655,503173828125;703,3214111328125;41519,81640625;-158,82350158691406;137,11631774902344;-3,3216450214385986;0,7418045997619629;0,2995893657207489;0,19536033272743225;0,010912870056927204
2745;1655,503173828125;703,3214111328125;41519,81640625;-155,59771728515625;146,21458435058594;-2,5608060359954834;0,7192915678024292;0,2879878282546997;0,18961483240127563;0,010316404514014721
2746;1655,503173828125;703,3214111328125;41519,81640625;-118,15960693359375;159,70191955566406;-1,3648701906204224;0,7393972873687744;0,29329654574394226;0,19506977498531342;0,010858990252017975
2747;1655,503173828125;703,3214111328125;41519,81640625;-136,52084350585938;169,8945770263672;-1,6252154111862183;0,7305014133453369;0,2897820472717285;0,19318437576293945;0,01063324324786663
2748;1655,503173828125;703,3214111328125;41519,81640625;-170,09173583984375;178,76730346679688;-2,77097487449646;0,7655322551727295;0,297680139541626;0,20217521488666534;0,011537844315171242
2749;1655,503173828125;703,3214111328125;41519,81640625;-135,13856506347656;186,94532775878906;-1,3623422384262085;0,7502724528312683;0,2913757264614105;0,19854430854320526;0,011150304228067398
2750;1655,503173828125;703,3214111328125;41519,81640625;-161,48379516601562;194,6953887939453;-2,2546486854553223;0,7718714475631714;0,29566606879234314;0,2041596919298172;0,011695832945406437
2751;1655,503173828125;703,3214111328125;41519,81640625;-154,5361328125;202,6478271484375;-3,7137908935546875;0,7761678099632263;0,295682430267334;0,20549404621124268;0,011806586757302284
2752;1655,503173828125;703,3214111328125;41519,81640625;-161,11695861816406;209,12954711914062;-1,7703735828399658;0,7611218094825745;0,28955402970314026;0,20186826586723328;0,011423506774008274
2753;1655,503173828125;703,3214111328125;41519,81640625;-189,7925262451172;219,92822265625;-0,03438378870487213;0,7620220184326172;0,28571683168411255;0,20184817910194397;0,011393776163458824
2754;1655,503173828125;703,3214111328125;41519,81640625;-173,52525329589844;223,81495666503906;-3,570183277130127;0,7784690856933594;0,2902228534221649;0,20629765093326569;0,01182094682008028
2755;1655,503173828125;703,3214111328125;41519,81640625;-184,9634552001953;231,34262084960938;-6,265393257141113;0,8035556077957153;0,297964483499527;0,21302704513072968;0,012461680918931961
2756;1655,503173828125;703,3214111328125;41519,81640625;-178,75457763671875;245,25709533691406;-4,7990312576293945;0,789279043674469;0,29162198305130005;0,20941132307052612;0,012096406891942024
2757;1655,503173828125;703,3214111328125;41519,81640625;-194,3637237548828;261,6247253417969;-6,284669399261475;0,775445282459259;0,2842714190483093;0,20556680858135223;0,011673184111714363
2758;1655,503173828125;703,3214111328125;41519,81640625;-202,06951904296875;272,6235656738281;-6,559161186218262;0,8214300870895386;0,30012714862823486;0,21790461242198944;0,012879357673227787
2759;1655,503173828125;703,3214111328125;41519,81640625;-221,9405059814453;279,85882568359375;-3,9934940338134766;0,7971055507659912;0,2897742688655853;0,21139919757843018;0,012239993549883366
2760;1655,503173828125;703,3214111328125;41519,81640625;-230,2264862060547;296,94415283203125;-4,239882946014404;0,8287625908851624;0,29990845918655396;0,21956349909305573;0,012992260977625847
2761;1655,503173828125;703,3214111328125;41519,81640625;-229,4195098876953;308,160400390625;-7,7076215744018555;0,8292229771614075;0,29892486333847046;0,21963481605052948;0,012991650961339474
2762;1655,503173828125;703,3214111328125;41519,81640625;-267,703125;320,04473876953125;-5,112738609313965;0,8271867632865906;0,29718729853630066;0,21896706521511078;0,012911626137793064
2763;1655,503173828125;703,3214111328125;41519,81640625;-254,86900329589844;325,6488952636719;-5,497893333435059;0,8259720802307129;0,296025812625885;0,21847006678581238;0,012839061208069324
2764;1655,503173828125;703,3214111328125;41519,81640625;-285,9009094238281;339,868896484375;-4,424560546875;0,8190845847129822;0,29297980666160583;0,21646541357040405;0,012618989683687687
2765;1655,503173828125;703,3214111328125;41519,81640625;-270,2618408203125;344,1961669921875;-3,8210608959198;0,8464691638946533;0,3017922341823578;0,2235056757926941;0,013303722254931927
2766;1655,503173828125;703,3214111328125;41519,81640625;-279,5895690917969;354,7828674316406;-7,7356858253479;0,842180073261261;0,2989785075187683;0,2221304327249527;0,013175778090953827
2767;1655,503173828125;703,3214111328125;41519,81640625;-273,38397216796875;352,7667236328125;-8,041380882263184;0,8498603105545044;0,30049988627433777;0,22386735677719116;0,013342266902327538
2768;1655,503173828125;703,3214111328125;41519,81640625;-270,3503112792969;356,98858642578125;-5,393790245056152;0,8518161177635193;0,3004715144634247;0,2240622490644455;0,013355882838368416
2769;1655,503173828125;703,3214111328125;41519,81640625;-279,7388610839844;365,8283996582031;-6,236353397369385;0,863579273223877;0,30561384558677673;0,22683407366275787;0,013589235953986645
2770;1655,503173828125;703,3214111328125;41519,81640625;-275,6008605957031;365,103515625;-6,432188987731934;0,8449696898460388;0,29692497849464417;0,22152847051620483;0,013103813864290714
2771;1655,503173828125;703,3214111328125;41519,81640625;-260,5975646972656;366,1488037109375;-7,7373881340026855;0,8989676237106323;0,31797271966934204;0,23534898459911346;0,01437151338905096
2772;1655,503173828125;703,3214111328125;41519,81640625;-276,4678649902344;365,9149169921875;-6,500419616699219;0,8880722522735596;0,3128444254398346;0,23201337456703186;0,01407171506434679
2773;1655,503173828125;703,3214111328125;41519,81640625;-278,1309509277344;375,3160705566406;-7,058406829833984;0,8937769532203674;0,3122135102748871;0,23291555047035217;0,014176213182508945
2774;1655,503173828125;703,3214111328125;41519,81640625;-265,05291748046875;375,83843994140625;-8,027772903442383;0,891284167766571;0,3136402368545532;0,23189188539981842;0,014057476073503494
2775;1655,503173828125;703,3214111328125;41519,81640625;-258,154296875;374,8037414550781;-7,692611217498779;0,8625397086143494;0,30797138810157776;0,2241707146167755;0,013231474906206131
2776;1655,503173828125;703,3214111328125;41519,81640625;-251,0450439453125;379,17608642578125;-8,299407958984375;0,8965502977371216;0,3174512982368469;0,23232655227184296;0,014070974662899971
2777;1655,503173828125;703,3214111328125;41519,81640625;-249,17340087890625;387,7343444824219;-5,247346878051758;0,8917436003684998;0,3133677542209625;0,2303789258003235;0,013919866643846035
2778;1655,503173828125;703,3214111328125;41519,81640625;-224,7950439453125;387,1333312988281;-8,823792457580566;0,8960865139961243;0,3167450726032257;0,23104240000247955;0,013960632495582104
2779;1655,503173828125;703,3214111328125;41519,81640625;-236,13150024414062;396,73822021484375;-9,193259239196777;0,9207349419593811;0,32287612557411194;0,23660431802272797;0,014512553811073303
2780;1655,503173828125;703,3214111328125;41519,81640625;-231,6934356689453;395,4346923828125;-7,866884708404541;0,8937442898750305;0,3154715299606323;0,22920411825180054;0,013797583058476448
2781;1655,503173828125;703,3214111328125;41519,81640625;-246,92263793945312;401,1968688964844;-6,195971488952637;0,9084409475326538;0,3172217905521393;0,23208357393741608;0,014112265780568123
2782;1655,503173828125;703,3214111328125;41519,81640625;-225,45225524902344;405,180908203125;-7,543238639831543;0,9561812877655029;0,3357655704021454;0,2437431961297989;0,01517443172633648
2783;1655,503173828125;703,3214111328125;41519,81640625;-226,58554077148438;412,3170471191406;-8,377440452575684;0,8989264965057373;0,318511426448822;0,2287328541278839;0,013747798278927803
2784;1655,503173828125;703,3214111328125;41519,81640625;-234,56605529785156;423,3795166015625;-7,445217132568359;0,9147979617118835;0,31997349858283997;0,23177470266819;0,014089353382587433
2785;1655,503173828125;703,3214111328125;41519,81640625;-241,43251037597656;431,91668701171875;-8,846435546875;0,9191412329673767;0,32519665360450745;0,23252761363983154;0,014122266322374344
2786;1655,503173828125;703,3214111328125;41519,81640625;-246,44293212890625;442,52484130859375;-11,837221145629883;0,9301928281784058;0,33464932441711426;0,23515912890434265;0,014299371279776096
2787;1655,503173828125;703,3214111328125;41519,81640625;-250,0306854248047;449,26861572265625;-9,083077430725098;0,9215976595878601;0,3238973617553711;0,23164744675159454;0,01406491082161665
2788;1655,503173828125;703,3214111328125;41519,81640625;-280,097412109375;461,61724853515625;-9,393631935119629;0,9208988547325134;0,3247207999229431;0,23092667758464813;0,01398288644850254
2789;1655,503173828125;703,3214111328125;41519,81640625;-266,0785217285156;466,4328308105469;-9,618520736694336;0,9517921805381775;0,33579331636428833;0,2380416840314865;0,014643849804997444
2790;1655,503173828125;703,3214111328125;41519,81640625;-272,14434814453125;478,65643310546875;-9,166025161743164;0,9550040364265442;0,3384966552257538;0,23835936188697815;0,014651378616690636
2791;1655,503173828125;703,3214111328125;41519,81640625;-235,8781280517578;473,97540283203125;-10,332489013671875;0,9440656900405884;0,3337547183036804;0,2349368929862976;0,01433324720710516
2792;1655,503173828125;703,3214111328125;41519,81640625;-264,6424865722656;488,96661376953125;-10,516904830932617;0,9359331130981445;0,3317909836769104;0,23242396116256714;0,014074538834393024
2793;1655,503173828125;703,3214111328125;41519,81640625;-245,22552490234375;491,0462646484375;-11,432533264160156;0,9523096680641174;0,325702965259552;0,2347041219472885;0,01438238937407732
2794;1655,503173828125;703,3214111328125;41519,81640625;-240,90151977539062;503,7455749511719;-12,624970436096191;0,9458365440368652;0,3303295373916626;0,23326922953128815;0,014177280478179455
2795;1655,503173828125;703,3214111328125;41519,81640625;-232,84054565429688;504,09466552734375;-12,350076675415039;0,960580050945282;0,33217644691467285;0,236031636595726;0,014441865496337414
2796;1655,503173828125;703,3214111328125;41519,81640625;-227,5525360107422;511,5921630859375;-13,263039588928223;0,9554706811904907;0,3325677812099457;0,23453183472156525;0,014261608943343163
2797;1655,503173828125;703,3214111328125;41519,81640625;-249,66661071777344;517,9339599609375;-13,797658920288086;0,9555545449256897;0,3414086103439331;0,23510104417800903;0,014186421409249306
2798;1655,503173828125;703,3214111328125;41519,81640625;-251,0312042236328;521,7857666015625;-12,864648818969727;0,9423756003379822;0,328917533159256;0,2305920124053955;0,01382439024746418
2799;1655,503173828125;703,3214111328125;41519,81640625;-210,91696166992188;517,9240112304688;-14,60066032409668;0,9523288607597351;0,329268217086792;0,2323164939880371;0,013982155360281467
2800;1655,503173828125;703,3214111328125;41519,81640625;-222,27218627929688;526,777099609375;-15,11867618560791;0,9694815278053284;0,32871007919311523;0,2354363352060318;0,014284622855484486
2801;1655,503173828125;703,3214111328125;41519,81640625;-223,34390258789062;529,1270141601562;-14,79334831237793;0,9738907217979431;0,34182825684547424;0,2376127690076828;0,014335256069898605
2802;1655,503173828125;703,3214111328125;41519,81640625;-218,5550994873047;530,4273071289062;-14,993488311767578;0,9896852374076843;0,3523712158203125;0,24187591671943665;0,014617729932069778
2803;1655,503173828125;703,3214111328125;41519,81640625;-210,56304931640625;532,440185546875;-17,0670223236084;0,961937427520752;0,326398104429245;0,2329828292131424;0,013917415402829647
2804;1655,503173828125;703,3214111328125;41519,81640625;-226,34710693359375;533,8099975585938;-15,198512077331543;0,9694405794143677;0,33942359685897827;0,2359965443611145;0,01402908843010664
2805;1655,503173828125;703,3214111328125;41519,81640625;-219,02796936035156;526,3697509765625;-15,984309196472168;0,9614295959472656;0,32258912920951843;0,2322581708431244;0,013764339499175549
2806;1655,503173828125;703,3214111328125;41519,81640625;-247,28163146972656;531,1312255859375;-15,509644508361816;0,9725478291511536;0,3363982141017914;0,23623602092266083;0,013964971527457237
2807;1655,503173828125;703,3214111328125;41519,81640625;-244,56820678710938;523,3206787109375;-15,291708946228027;0,974312424659729;0,3368552625179291;0,23673348128795624;0,013937725685536861
2808;1655,503173828125;703,3214111328125;41519,81640625;-259,10076904296875;526,3097534179688;-17,66025733947754;0,9705272316932678;0,3164801597595215;0,23350515961647034;0,013737723231315613
2809;1655,503173828125;703,3214111328125;41519,81640625;-253,28712463378906;521,3864135742188;-16,794023513793945;0,9804332852363586;0,3271411657333374;0,23703254759311676;0,01392129436135292
2810;1655,503173828125;703,3214111328125;41519,81640625;-252,43316650390625;520,8782348632812;-18,40776824951172;0,9895702600479126;0,320794939994812;0,23827625811100006;0,014014788903295994
2811;1655,503173828125;703,3214111328125;41519,81640625;-281,5069580078125;526,7338256835938;-15,991898536682129;1,004048466682434;0,342214435338974;0,2443111389875412;0,014326782897114754
2812;1655,503173828125;703,3214111328125;41519,81640625;-292,14031982421875;523,9606323242188;-17,02886199951172;1,0198042392730713;0,34385162591934204;0,24805006384849548;0,01459288876503706
2813;1655,503173828125;703,3214111328125;41519,81640625;-267,1543273925781;512,58154296875;-17,017419815063477;1,0262863636016846;0,3470562696456909;0,2502407431602478;0,014672999270260334
2814;1655,503173828125;703,3214111328125;41519,81640625;-267,190673828125;514,1304931640625;-15,168086051940918;1,0343830585479736;0,35100650787353516;0,2529301941394806;0,014786861836910248
2815;1655,503173828125;703,3214111328125;41519,81640625;-279,3936767578125;510,8662414550781;-14,908148765563965;1,0238052606582642;0,3374115526676178;0,24953900277614594;0,014471693895757198
2816;1655,503173828125;703,3214111328125;41519,81640625;-247,0052947998047;493,9259033203125;-13,579436302185059;1,0245614051818848;0,33626192808151245;0,25017082691192627;0,014425800181925297
2817;1655,503173828125;703,3214111328125;41519,81640625;-280,6396484375;499,4326477050781;-16,439254760742188;1,0289942026138306;0,34880712628364563;0,253558486700058;0,014499727636575699
2818;1655,503173828125;703,3214111328125;41519,81640625;-272,0234680175781;496,3625183105469;-13,544153213500977;1,0353425741195679;0,33708685636520386;0,2538906931877136;0,014529487118124962
2819;1655,503173828125;703,3214111328125;41519,81640625;-258,3458251953125;487,45159912109375;-13,954115867614746;1,0058746337890625;0,33795079588890076;0,2489943951368332;0,013892805203795433
2820;1655,503173828125;703,3214111328125;41519,81640625;-267,707275390625;489,26019287109375;-9,906632423400879;1,0755387544631958;0,34875813126564026;0,26529163122177124;0,015235147438943386
2821;1655,503173828125;703,3214111328125;41519,81640625;-254,50479125976562;489,79412841796875;-11,249011039733887;1,0418511629104614;0,3420000970363617;0,2585183382034302;0,01452256552875042
2822;1655,503173828125;703,3214111328125;41519,81640625;-244,21096801757812;479,1410217285156;-12,321746826171875;1,0668312311172485;0,3485226333141327;0,26545894145965576;0,014975544065237045
2823;1655,503173828125;703,3214111328125;41519,81640625;-245,1921844482422;470,5887756347656;-7,272446155548096;1,0816655158996582;0,3485947549343109;0,2694760859012604;0,015200714580714703
2824;1655,503173828125;703,3214111328125;41519,81640625;-232,8157196044922;474,44110107421875;-11,37115478515625;1,0498334169387817;0,34149476885795593;0,2630779445171356;0,014531762339174747
2825;1655,503173828125;703,3214111328125;41519,81640625;-242,8762969970703;472,96405029296875;-11,246788024902344;1,0620299577713013;0,3423980176448822;0,2667655050754547;0,014722329564392567
2826;1655,503173828125;703,3214111328125;41519,81640625;-252,97769165039062;474,24981689453125;-8,85313892364502;1,089475393295288;0,35154154896736145;0,27486923336982727;0,015229668468236923
2827;1655,503173828125;703,3214111328125;41519,81640625;-244,5637969970703;472,2781066894531;-7,230978965759277;1,0585542917251587;0,3432830572128296;0,26849207282066345;0,014576689340174198
2828;1655,503173828125;703,3214111328125;41519,81640625;-253,1951904296875;479,4331359863281;-8,52197265625;1,1131480932235718;0,35715681314468384;0,28297102451324463;0,015604748390614986
2829;1655,503173828125;703,3214111328125;41519,81640625;-246,80569458007812;472,65399169921875;-11,143287658691406;1,0618557929992676;0,3436453938484192;0,2716207802295685;0,014564210548996925
2830;1655,503173828125;703,3214111328125;41519,81640625;-256,3114318847656;478,5728454589844;-9,072890281677246;1,1107333898544312;0,35436728596687317;0,28456050157546997;0,015473810955882072
2831;1655,503173828125;703,3214111328125;41519,81640625;-247,71788024902344;479,45074462890625;-7,185191631317139;1,0872352123260498;0,3507061302661896;0,2804497182369232;0,014996285550296307
2832;1655,503173828125;703,3214111328125;41519,81640625;-249,99208068847656;472,36541748046875;-6,7885894775390625;1,1037533283233643;0,34987181425094604;0,28496867418289185;0,01525938417762518
2833;1655,503173828125;703,3214111328125;41519,81640625;-262,4949035644531;475,2313232421875;-10,138275146484375;1,104632019996643;0,3450031280517578;0,2856118977069855;0,01521514356136322
2834;1655,503173828125;703,3214111328125;41519,81640625;-274,5837707519531;473,56866455078125;-6,190826416015625;1,1334278583526611;0,3527563214302063;0,29415977001190186;0,015730423852801323
2835;1655,503173828125;703,3214111328125;41519,81640625;-270,7656555175781;470,3354797363281;-5,540291786193848;1,1018397808074951;0,3559702932834625;0,2895537316799164;0,015164118260145187
2836;1655,503173828125;703,3214111328125;41519,81640625;-273,6308288574219;466,2015380859375;-9,919477462768555;1,1298664808273315;0,35787615180015564;0,29696404933929443;0,01565418392419815
2837;1655,503173828125;703,3214111328125;41519,81640625;-261,4969787597656;465,93011474609375;-6,589462757110596;1,1573822498321533;0,37263837456703186;0,30665841698646545;0,016188792884349823
2838;1655,503173828125;703,3214111328125;41519,81640625;-278,5303039550781;465,3203125;-3,105351686477661;1,133418083190918;0,3524332046508789;0,2992728352546692;0,015631886199116707
2839;1655,503173828125;703,3214111328125;41519,81640625;-275,1190185546875;455,78253173828125;-8,044774055480957;1,1779242753982544;0,3747350871562958;0,31395259499549866;0,016512297093868256
2840;1655,503173828125;703,3214111328125;41519,81640625;-277,50433349609375;456,0161437988281;-5,706131935119629;1,2011960744857788;0,37466534972190857;0,32002773880958557;0,01687561720609665
2841;1655,503173828125;703,3214111328125;41519,81640625;-279,20989990234375;443,9996032714844;-6,9547953605651855;1,1257200241088867;0,3501569926738739;0,30091506242752075;0,015430841594934464
2842;1655,503173828125;703,3214111328125;41519,81640625;-299,9416809082031;455,7532653808594;-5,266483306884766;1,159504771232605;0,3645634949207306;0,3119406998157501;0,016083726659417152
2843;1655,503173828125;703,3214111328125;41519,81640625;-300,53668212890625;441,2725524902344;-5,113185882568359;1,1526658535003662;0,36588355898857117;0,3120085895061493;0,01596030406653881
2844;1655,503173828125;703,3214111328125;41519,81640625;-303,6692199707031;441,54254150390625;-6,806370258331299;1,2110512256622314;0,3854542374610901;0,3292420506477356;0,01705513894557953
2845;1655,503173828125;703,3214111328125;41519,81640625;-293,9402770996094;440,24285888671875;-3,327197790145874;1,2130800485610962;0,3841150403022766;0,3305100202560425;0,01706729270517826
2846;1655,503173828125;703,3214111328125;41519,81640625;-292,1369323730469;424,5105895996094;-4,0127997398376465;1,2384859323501587;0,38917726278305054;0,3378545343875885;0,017502689734101295
2847;1655,503173828125;703,3214111328125;41519,81640625;-331,18096923828125;417,492431640625;-4,34862756729126;1,1583834886550903;0,36764299869537354;0,31786051392555237;0,01602514460682869
2848;1655,503173828125;703,3214111328125;41519,81640625;-316,5298156738281;401,4430236816406;-3,113253593444824;1,1629536151885986;0,36487311124801636;0,318989634513855;0,016076503321528435
2849;1655,503173828125;703,3214111328125;41519,81640625;-283,90167236328125;387,5735168457031;-2,280010461807251;1,1603164672851562;0,36110132932662964;0,3183143138885498;0,015989933162927628
2850;1655,503173828125;703,3214111328125;41519,81640625;-297,368408203125;374,1500244140625;4,6581830978393555;1,2308056354522705;0,3914860188961029;0,3407718241214752;0,017369069159030914
2851;1655,503173828125;703,3214111328125;41519,81640625;-299,5596008300781;357,70245361328125;1,7327560186386108;1,1555131673812866;0,36229997873306274;0,3191128075122833;0,015913739800453186
2852;1655,503173828125;703,3214111328125;41519,81640625;-293,6520690917969;354,6043701171875;-0,37871208786964417;1,2181642055511475;0,3862690329551697;0,3383597433567047;0,017118781805038452
2853;1655,503173828125;703,3214111328125;41519,81640625;-287,3828125;345,56048583984375;3,1576504707336426;1,243899941444397;0,39684244990348816;0,3468932509422302;0,017612287774682045
2854;1655,503173828125;703,3214111328125;41519,81640625;-278,78564453125;342,11553955078125;1,572110891342163;1,2154929637908936;0,38875579833984375;0,33981776237487793;0,017094504088163376
2855;1655,503173828125;703,3214111328125;41519,81640625;-260,26141357421875;328,83795166015625;3,307199239730835;1,2080329656600952;0,38767489790916443;0,3386457562446594;0,01696573570370674
2856;1655,503173828125;703,3214111328125;41519,81640625;-244,42396545410156;321,8981628417969;3,8934741020202637;1,204848289489746;0,38798677921295166;0,3386305272579193;0,016917111352086067
2857;1655,503173828125;703,3214111328125;41519,81640625;-246,63597106933594;309,62060546875;3,948281764984131;1,2321101427078247;0,39343634247779846;0,3448933959007263;0,01738717593252659
2858;1655,503173828125;703,3214111328125;41519,81640625;-236,6722412109375;305,8214416503906;0,21547307074069977;1,2232762575149536;0,39390459656715393;0,3440087139606476;0,01727105677127838
2859;1655,503173828125;703,3214111328125;41519,81640625;-225,1559600830078;303,2235412597656;2,8494439125061035;1,2295101881027222;0,3987424373626709;0,3472866117954254;0,017416274175047874
2860;1655,503173828125;703,3214111328125;41519,81640625;-226,20440673828125;290,77667236328125;3,3450324535369873;1,2162320613861084;0,39376145601272583;0,34271007776260376;0,017168767750263214
2861;1655,503173828125;703,3214111328125;41519,81640625;-227,53604125976562;283,22418212890625;3,7949421405792236;1,2039155960083008;0,3903177082538605;0,338817834854126;0,01694023609161377
2862;1655,503173828125;703,3214111328125;41519,81640625;-221,40145874023438;281,33477783203125;4,775463104248047;1,1974481344223022;0,39086291193962097;0,33858829736709595;0,016866549849510193
2863;1655,503173828125;703,3214111328125;41519,81640625;-207,3905792236328;269,3582458496094;3,998171091079712;1,1873446702957153;0,38842716813087463;0,3350059390068054;0,016686761751770973
2864;1655,503173828125;703,3214111328125;41519,81640625;-203,07894897460938;262,89874267578125;2,187866687774658;1,2207621335983276;0,4012618362903595;0,34552329778671265;0,017351066693663597
2865;1655,503173828125;703,3214111328125;41519,81640625;-198,30055236816406;249,89291381835938;1,4379147291183472;1,1870745420455933;0,3919009864330292;0,3342142701148987;0,016706960275769234
2866;1655,503173828125;703,3214111328125;41519,81640625;-201,8308563232422;248,97430419921875;2,665656805038452;1,2131752967834473;0,40200579166412354;0,3432496190071106;0,01726372167468071
2867;1655,503173828125;703,3214111328125;41519,81640625;-193,6770477294922;248,23678588867188;4,651336193084717;1,2269397974014282;0,40821245312690735;0,34728512167930603;0,01755288988351822
2868;1655,503173828125;703,3214111328125;41519,81640625;-187,2892303466797;240,39613342285156;2,2120301723480225;1,2086185216903687;0,4056808054447174;0,34042224287986755;0,01720835641026497
2869;1655,503173828125;703,3214111328125;41519,81640625;-185,08993530273438;240,53826904296875;3,8348333835601807;1,2038335800170898;0,4049036204814911;0,3400125503540039;0,017183572053909302
2870;1655,503173828125;703,3214111328125;41519,81640625;-192,43324279785156;239,9345703125;4,156062602996826;1,1927460432052612;0,4051515758037567;0,3356555104255676;0,01698639802634716
2871;1655,503173828125;703,3214111328125;41519,81640625;-181,45179748535156;235,98165893554688;3,9313106536865234;1,1898689270019531;0,4069194197654724;0,33451977372169495;0,016968125477433205
2872;1655,503173828125;703,3214111328125;41519,81640625;-175,4666290283203;235,37574768066406;1,4556299448013306;1,240264892578125;0,42259836196899414;0,35002654790878296;0,017986834049224854
2873;1655,503173828125;703,3214111328125;41519,81640625;-193,63917541503906;236,3473663330078;3,281726121902466;1,2047098875045776;0,4139465093612671;0,3392030894756317;0,01735931821167469
2874;1655,503173828125;703,3214111328125;41519,81640625;-175,94317626953125;233,57119750976562;4,085836410522461;1,2381588220596313;0,43002718687057495;0,34758225083351135;0,018012238666415215
2875;1655,503173828125;703,3214111328125;41519,81640625;-208,92897033691406;221,53546142578125;-2,516528606414795;1,2393927574157715;0,4349775016307831;0,3470216989517212;0,01806401088833809
2876;1655,503173828125;703,3214111328125;41519,81640625;-194,9890594482422;217,305908203125;-0,7945874333381653;1,128556251525879;0,39709243178367615;0,31591179966926575;0,016040276736021042
2877;1655,503173828125;703,3214111328125;41519,81640625;-217,52284240722656;204,81500244140625;5,100608825683594;1,1244245767593384;0,3983742594718933;0,3142121434211731;0,016006354242563248
2878;1655,503173828125;703,3214111328125;41519,81640625;-199,02191162109375;198,92527770996094;2,7649712562561035;1,1691657304763794;0,41600075364112854;0,3263353407382965;0,01691588945686817
2879;1655,503173828125;703,3214111328125;41519,81640625;-199,83596801757812;196,0824432373047;2,309943675994873;1,1516938209533691;0,4106784760951996;0,3211359679698944;0,016636041924357414
2880;1655,503173828125;703,3214111328125;41519,81640625;-195,53382873535156;174,20205688476562;3,3025567531585693;1,1686367988586426;0,4245336055755615;0,32441356778144836;0,016993064433336258
2881;1655,503173828125;703,3214111328125;41519,81640625;-189,11358642578125;180,93429565429688;4,793191909790039;1,1559206247329712;0,41873258352279663;0,3207717537879944;0,016821619123220444
2882;1655,503173828125;703,3214111328125;41519,81640625;-215,38783264160156;171,25399780273438;10,156062126159668;1,1388732194900513;0,41316527128219604;0,31557732820510864;0,016547584906220436
2883;1655,503173828125;703,3214111328125;41519,81640625;-177,1732635498047;167,91331481933594;4,458452224731445;1,1417319774627686;0,41433167457580566;0,31588584184646606;0,016655132174491882
2884;1655,503173828125;703,3214111328125;41519,81640625;-164,52780151367188;162,68350219726562;7,342057228088379;1,1164547204971313;0,42130547761917114;0,30669665336608887;0,016189804300665855
2885;1655,503173828125;703,3214111328125;41519,81640625;-146,21937561035156;159,7440948486328;5,2633748054504395;1,1410044431686401;0,42460837960243225;0,3135325312614441;0,01676058955490589
2886;1655,503173828125;703,3214111328125;41519,81640625;-161,74424743652344;142,27835083007812;5,876003265380859;1,089198350906372;0,40829572081565857;0,2984761595726013;0,015806391835212708
2887;1655,503173828125;703,3214111328125;41519,81640625;-144,30691528320312;138,55392456054688;4,351024627685547;1,0697251558303833;0,4069221317768097;0,2920961380004883;0,01547918189316988
2888;1655,503173828125;703,3214111328125;41519,81640625;-170,9025115966797;131,36572265625;5,187273025512695;1,0923916101455688;0,4237460494041443;0,2970812916755676;0,015963824465870857
2889;1655,503173828125;703,3214111328125;41519,81640625;-175,07962036132812;118,29222106933594;5,809109210968018;1,0616118907928467;0,4124327301979065;0,28807365894317627;0,015430734492838383
2890;1655,503173828125;703,3214111328125;41519,81640625;-187,75335693359375;105,60566711425781;0,802049994468689;1,0704312324523926;0,4219827353954315;0,2894749939441681;0,015652334317564964
2891;1655,503173828125;703,3214111328125;41519,81640625;-161,94110107421875;96,8205337524414;3,0172512531280518;1,041798710823059;0,40942850708961487;0,28115612268447876;0,015161951072514057
2892;1655,503173828125;703,3214111328125;41519,81640625;-164,0967559814453;88,57099151611328;2,660269260406494;1,0375291109085083;0,405007928609848;0,2794472575187683;0,01514282263815403
2893;1655,503173828125;703,3214111328125;41519,81640625;-172,9853057861328;84,99986267089844;4,787199020385742;1,0666452646255493;0,4212910234928131;0,28634458780288696;0,01579197496175766
2894;1655,503173828125;703,3214111328125;41519,81640625;-174,82171630859375;74,44804382324219;4,265690803527832;1,0248613357543945;0,41788217425346375;0,27394354343414307;0,014974815770983696
2895;1655,503173828125;703,3214111328125;41519,81640625;-154,0934600830078;67,16792297363281;4,795762538909912;1,005578875541687;0,4090816080570221;0,26815253496170044;0,01466737873852253
2896;1655,503173828125;703,3214111328125;41519,81640625;-193,41136169433594;56,27476119995117;8,324254035949707;0,985522985458374;0,40460172295570374;0,2620321214199066;0,014314135536551476
2897;1655,503173828125;703,3214111328125;41519,81640625;-172,54393005371094;61,04228591918945;4,196672439575195;0,9834942817687988;0,4048481583595276;0,2608105540275574;0,014340689405798912
2898;1655,503173828125;703,3214111328125;41519,81640625;-145,87794494628906;67,02072143554688;3,619595527648926;0,9847298264503479;0,4044641852378845;0,2604748606681824;0,014437382109463215
2899;1655,503173828125;703,3214111328125;41519,81640625;-147,96176147460938;67,31129455566406;3,2810564041137695;0,9656389951705933;0,4021030068397522;0,2546936273574829;0,014095193706452847
2900;1655,503173828125;703,3214111328125;41519,81640625;-125,84322357177734;65,25312805175781;1,474055528640747;0,9502174854278564;0,39915958046913147;0,2499626874923706;0,013830691576004028
2901;1655,503173828125;703,3214111328125;41519,81640625;-168,20362854003906;57,92505645751953;1,8634575605392456;0,9383910894393921;0,3998437523841858;0,24622607231140137;0,013627266511321068
2902;1655,503173828125;703,3214111328125;41519,81640625;-169,61866760253906;60,57054901123047;4,146478176116943;0,9413570165634155;0,3945215344429016;0,24641185998916626;0,013778923079371452
2903;1655,503173828125;703,3214111328125;41519,81640625;-151,55674743652344;68,00697326660156;1,0603892803192139;0,9346567988395691;0,39902156591415405;0,24409858882427216;0,01368621550500393
2904;1655,503173828125;703,3214111328125;41519,81640625;-195,16749572753906;59,507781982421875;1,9867311716079712;0,9115390181541443;0,39333999156951904;0,2375573217868805;0,01324450969696045
2905;1655,503173828125;703,3214111328125;41519,81640625;-176,36851501464844;65,88613891601562;-0,37172800302505493;0,8796223402023315;0,38650038838386536;0,22883464395999908;0,012583814561367035
2906;1655,503173828125;703,3214111328125;41519,81640625;-174,2843780517578;67,0233154296875;0,4941844046115875;0,8946484923362732;0,3851369023323059;0,23215585947036743;0,0130153214558959
2907;1655,503173828125;703,3214111328125;41519,81640625;-191,57760620117188;68,16268157958984;-0,05207952857017517;0,8507553339004517;0,37456125020980835;0,2204863578081131;0,01208021491765976
2908;1655,503173828125;703,3214111328125;41519,81640625;-189,36878967285156;70,70513153076172;0,2466021329164505;0,8634805083274841;0,3779481053352356;0,2233348786830902;0,012437078170478344
2909;1655,503173828125;703,3214111328125;41519,81640625;-186,81454467773438;70,23301696777344;-1,2322766780853271;0,8334370255470276;0,3718014657497406;0,21538342535495758;0,011792260222136974
2910;1655,503173828125;703,3214111328125;41519,81640625;-200,9355010986328;66,49264526367188;-0,3802412748336792;0,7925427556037903;0,35528430342674255;0,2045707106590271;0,010907008312642574
2911;1655,503173828125;703,3214111328125;41519,81640625;-211,3778533935547;70,9782943725586;-1,1834975481033325;0,8004095554351807;0,3570419251918793;0,20626859366893768;0,011157720349729061
2912;1655,503173828125;703,3214111328125;41519,81640625;-192,41998291015625;80,32677459716797;-0,629900336265564;0,833828330039978;0,3693833649158478;0,21452796459197998;0,011997110210359097
2913;1655,503173828125;703,3214111328125;41519,81640625;-234,98373413085938;75,49915313720703;1,2689415216445923;0,7932600378990173;0,3491865396499634;0,20378518104553223;0,011107833124697208
2914;1655,503173828125;703,3214111328125;41519,81640625;-173,4967041015625;91,0660171508789;-3,3247501850128174;0,7771598696708679;0,34633538126945496;0,19963403046131134;0,010774844326078892
2915;1655,503173828125;703,3214111328125;41519,81640625;-222,59681701660156;90,99881744384766;-1,2721995115280151;0,7613155841827393;0,34464356303215027;0,19566766917705536;0,010431353002786636
2916;1655,503173828125;703,3214111328125;41519,81640625;-227,5620574951172;89,7506103515625;0,28530505299568176;0,7528489232063293;0,33665427565574646;0,19319716095924377;0,010284097865223885
2917;1655,503173828125;703,3214111328125;41519,81640625;-235,3080291748047;91,50858306884766;1,4251981973648071;0,7631962895393372;0,34358593821525574;0,19589857757091522;0,010589352808892727
2918;1655,503173828125;703,3214111328125;41519,81640625;-196,7053680419922;96,0353775024414;-2,384235143661499;0,7514546513557434;0,33574554324150085;0,19271279871463776;0,010352255776524544
2919;1655,503173828125;703,3214111328125;41519,81640625;-232,75180053710938;95,81159973144531;-0,8331341743469238;0,743708610534668;0,33451858162879944;0,19085051119327545;0,010206559672951698
2920;1655,503173828125;703,3214111328125;41519,81640625;-194,13914489746094;101,7708740234375;-4,087417125701904;0,7271345853805542;0,3307804465293884;0,18685613572597504;0,009824926033616066
2921;1655,503173828125;703,3214111328125;41519,81640625;-206,90509033203125;99,59444427490234;-3,3094234466552734;0,7314088344573975;0,32485678791999817;0,18754132091999054;0,009983153082430363
2922;1655,503173828125;703,3214111328125;41519,81640625;-198,18234252929688;97,04383087158203;-2,7901015281677246;0,7212237119674683;0,32165977358818054;0,18511173129081726;0,009768975898623466
2923;1655,503173828125;703,3214111328125;41519,81640625;-204,92588806152344;88,57609558105469;-3,7986557483673096;0,7243084907531738;0,3247581124305725;0,18615266680717468;0,00989763718098402
2924;1655,503173828125;703,3214111328125;41519,81640625;-215,42514038085938;82,7891845703125;-3,1516623497009277;0,7105434536933899;0,3218531310558319;0,18300974369049072;0,009574190713465214
2925;1655,503173828125;703,3214111328125;41519,81640625;-221,36158752441406;77,01255798339844;0,3457927703857422;0,7091405391693115;0,3183320462703705;0,18264497816562653;0,009584283456206322
2926;1655,503173828125;703,3214111328125;41519,81640625;-215,95455932617188;83,60336303710938;-4,7846174240112305;0,7155519127845764;0,3192131519317627;0,18437334895133972;0,009792578406631947
2927;1655,503173828125;703,3214111328125;41519,81640625;-200,8189239501953;81,27946472167969;-1,4865305423736572;0,6938614249229431;0,31255272030830383;0,17926661670207977;0,009247951209545135
2928;1655,503173828125;703,3214111328125;41519,81640625;-195,00735473632812;89,2550277709961;-2,97430682182312;0,7045499086380005;0,3153764009475708;0,1821582317352295;0,009571252390742302
2929;1655,503173828125;703,3214111328125;41519,81640625;-195,01402282714844;80,83818817138672;-2,1904194355010986;0,6996182203292847;0,3082639276981354;0,18079033493995667;0,009476269595324993
2930;1655,503173828125;703,3214111328125;41519,81640625;-176,31741333007812;92,08840942382812;-3,779714345932007;0,7118870615959167;0,31479522585868835;0,18438485264778137;0,009836805984377861
2931;1655,503173828125;703,3214111328125;41519,81640625;-189,8958740234375;86,15081024169922;-1,1561496257781982;0,6963288187980652;0,30681878328323364;0,1806105226278305;0,009453780017793179
2932;1655,503173828125;703,3214111328125;41519,81640625;-183,28076171875;96,8168716430664;-3,652858257293701;0,6854344010353088;0,30170896649360657;0,17811764776706696;0,009184135124087334
2933;1655,503173828125;703,3214111328125;41519,81640625;-172,0532989501953;95,97151184082031;-4,825723171234131;0,6842240691184998;0,30152830481529236;0,17821775376796722;0,009172708727419376
2934;1655,503173828125;703,3214111328125;41519,81640625;-188,9832305908203;99,7763900756836;-1,7384791374206543;0,711495041847229;0,3086634874343872;0,1852961927652359;0,009942828677594662
2935;1655,503173828125;703,3214111328125;41519,81640625;-178,0922088623047;102,40188598632812;-1,2054346799850464;0,707122802734375;0,30320286750793457;0,1842482089996338;0,009853558614850044
2936;1655,503173828125;703,3214111328125;41519,81640625;-148,48638916015625;99,3707504272461;-3,756481647491455;0,7000030875205994;0,30081936717033386;0,18288621306419373;0,009682470932602882
2937;1655,503173828125;703,3214111328125;41519,81640625;-196,6437225341797;101,58467864990234;0,6708336472511292;0,7225697636604309;0,3084205687046051;0,18904170393943787;0,010301305912435055
2938;1655,503173828125;703,3214111328125;41519,81640625;-137,50694274902344;113,92784118652344;-3,395552158355713;0,7161259651184082;0,30369657278060913;0,18761955201625824;0,010152751579880714
2939;1655,503173828125;703,3214111328125;41519,81640625;-157,31907653808594;116,6491470336914;-4,1186299324035645;0,7195254564285278;0,3013281226158142;0,18859468400478363;0,010265810415148735
2940;1655,503173828125;703,3214111328125;41519,81640625;-168,25827026367188;119,4922103881836;-4,4784626960754395;0,7190876007080078;0,29696065187454224;0,18851883709430695;0,010266671888530254
2941;1655,503173828125;703,3214111328125;41519,81640625;-162,2240753173828;136,4637908935547;-1,7008068561553955;0,721703052520752;0,2987556755542755;0,18975181877613068;0,010353065095841885
2942;1655,503173828125;703,3214111328125;41519,81640625;-142,79197692871094;143,27723693847656;-3,803452491760254;0,7279577851295471;0,2953752279281616;0,1912313848733902;0,010523875243961811
2943;1655,503173828125;703,3214111328125;41519,81640625;-134,7416534423828;150,17160034179688;-4,276674270629883;0,7196804881095886;0,29325035214424133;0,18965761363506317;0,010322902351617813
2944;1655,503173828125;703,3214111328125;41519,81640625;-149,7479705810547;156,09527587890625;-5,706478595733643;0,7297744750976562;0,2939324676990509;0,19240309298038483;0,010599061846733093
2945;1655,503173828125;703,3214111328125;41519,81640625;-128,9191436767578;168,95359802246094;-3,013180732727051;0,7343929409980774;0,294161856174469;0,19390316307544708;0,010728626511991024
2946;1655,503173828125;703,3214111328125;41519,81640625;-137,7183837890625;178,85337829589844;-2,4447436332702637;0,7617383599281311;0,30192312598228455;0,2012229859828949;0,011444300413131714
2947;1655,503173828125;703,3214111328125;41519,81640625;-152,07977294921875;188,89303588867188;-3,1957788467407227;0,7621087431907654;0,2972879707813263;0,20120036602020264;0,011448816396296024
2948;1655,503173828125;703,3214111328125;41519,81640625;-155,88348388671875;197,67193603515625;0,5124566555023193;0,7901669144630432;0,3046446740627289;0,20861881971359253;0,012161855585873127
2949;1655,503173828125;703,3214111328125;41519,81640625;-147,9064483642578;207,7751007080078;-0,2008097767829895;0,7573211193084717;0,29107043147087097;0,20024998486042023;0,011314607225358486
2950;1655,503173828125;703,3214111328125;41519,81640625;-164,2098388671875;219,43287658691406;-5,714203357696533;0,7549874186515808;0,28866705298423767;0,19984446465969086;0,011253653094172478
2951;1655,503173828125;703,3214111328125;41519,81640625;-199,71197509765625;221,43695068359375;-2,7183029651641846;0,7845674753189087;0,2976295053958893;0,20776042342185974;0,012018054723739624
2952;1655,503173828125;703,3214111328125;41519,81640625;-191,94285583496094;230,71759033203125;-1,8847278356552124;0,7727133631706238;0,2911059856414795;0,20470862090587616;0,01169790979474783
2953;1655,503173828125;703,3214111328125;41519,81640625;-183,9154510498047;237,872314453125;-4,3769121170043945;0,7921352386474609;0,2968042194843292;0,20998716354370117;0,012196828611195087
2954;1655,503173828125;703,3214111328125;41519,81640625;-187,11878967285156;240,031005859375;-5,505069732666016;0,7706547975540161;0,2865190804004669;0,20426954329013824;0,011606506071984768
2955;1655,503173828125;703,3214111328125;41519,81640625;-186,0205535888672;249,37977600097656;-2,386002540588379;0,8046293258666992;0,2974857985973358;0,21332120895385742;0,012480185367166996
2956;1655,503173828125;703,3214111328125;41519,81640625;-187,82730102539062;259,48260498046875;-3,1264426708221436;0,8139243125915527;0,29930785298347473;0,21580113470554352;0,012700160034000874
2957;1655,503173828125;703,3214111328125;41519,81640625;-184,5369873046875;267,91131591796875;-3,8237860202789307;0,8131276965141296;0,2974853217601776;0,21557174623012543;0,012657683342695236
2958;1655,503173828125;703,3214111328125;41519,81640625;-218,3065948486328;277,2120666503906;-3,5486347675323486;0,8183437585830688;0,2980745732784271;0,21694448590278625;0,012773489579558372
2959;1655,503173828125;703,3214111328125;41519,81640625;-198,8192138671875;286,1353759765625;-5,365421772003174;0,8375636339187622;0,3037388324737549;0,22191844880580902;0,013223099522292614
2960;1655,503173828125;703,3214111328125;41519,81640625;-208,23635864257812;291,88604736328125;-4,79437255859375;0,8114345073699951;0,2930423617362976;0,215092271566391;0,01257648877799511
2961;1655,503173828125;703,3214111328125;41519,81640625;-235,04281616210938;299,27984619140625;-3,397649049758911;0,8164113759994507;0,2935839891433716;0,21628707647323608;0,012678221799433231
2962;1655,503173828125;703,3214111328125;41519,81640625;-228,0627899169922;306,5895690917969;-5,373673915863037;0,8369967937469482;0,30012550950050354;0,22153912484645844;0,013158690184354782
2963;1655,503173828125;703,3214111328125;41519,81640625;-220,12123107910156;308,6507568359375;-6,60342264175415;0,8367373943328857;0,29926732182502747;0,22127893567085266;0,013115660287439823
2964;1655,503173828125;703,3214111328125;41519,81640625;-233,27659606933594;313,383056640625;-4,261017799377441;0,8361966013908386;0,299258828163147;0,22090637683868408;0,01303069107234478
2965;1655,503173828125;703,3214111328125;41519,81640625;-222,8121337890625;317,85107421875;-8,453390121459961;0,8412255048751831;0,2993939220905304;0,22204533219337463;0,013165382668375969
2966;1655,503173828125;703,3214111328125;41519,81640625;-245,7313690185547;317,1164855957031;-4,555523872375488;0,8242231607437134;0,2921946942806244;0,21730950474739075;0,012710059061646461
2967;1655,503173828125;703,3214111328125;41519,81640625;-242,32498168945312;312,8368225097656;-8,205018043518066;0,8544259071350098;0,30323442816734314;0,22498393058776855;0,013421407900750637
2968;1655,503173828125;703,3214111328125;41519,81640625;-265,6509704589844;329,9753723144531;-6,251341342926025;0,8490577936172485;0,3007890284061432;0,22326143085956573;0,013251006603240967
2969;1655,503173828125;703,3214111328125;41519,81640625;-287,7812805175781;331,575927734375;-5,038500785827637;0,8603481650352478;0,3049789369106293;0,22589977085590363;0,013486501760780811
2970;1655,503173828125;703,3214111328125;41519,81640625;-257,70831298828125;337,3389892578125;-5,457880020141602;0,8765414953231812;0,3121803104877472;0,22984127700328827;0,01382206566631794
2971;1655,503173828125;703,3214111328125;41519,81640625;-260,00616455078125;349,9549560546875;-8,721951484680176;0,8592875003814697;0,3008060157299042;0,22473065555095673;0,013414821587502956
2972;1655,503173828125;703,3214111328125;41519,81640625;-287,2630310058594;356,07940673828125;-5,970738887786865;0,8691800832748413;0,305080384016037;0,22692087292671204;0,013607921078801155
2973;1655,503173828125;703,3214111328125;41519,81640625;-301,0958251953125;366,44842529296875;-5,569158554077148;0,876039981842041;0,3106573224067688;0,22841519117355347;0,013697739690542221
2974;1655,503173828125;703,3214111328125;41519,81640625;-300,54010009765625;369,5115661621094;-5,676057815551758;0,8731604814529419;0,305575430393219;0,2269803136587143;0,01361858006566763
2975;1655,503173828125;703,3214111328125;41519,81640625;-291,75921630859375;372,6377868652344;-6,647192478179932;0,8781607747077942;0,30733561515808105;0,2277749478816986;0,013692758977413177
2976;1655,503173828125;703,3214111328125;41519,81640625;-290,8924865722656;378,9938659667969;-7,984261512756348;0,8929433822631836;0,31663140654563904;0,2313193827867508;0,013974160887300968
2977;1655,503173828125;703,3214111328125;41519,81640625;-292,0433349609375;389,69677734375;-9,418736457824707;0,9045441150665283;0,3217583894729614;0,23383435606956482;0,014199106954038143
2978;1655,503173828125;703,3214111328125;41519,81640625;-295,1338806152344;404,983154296875;-8,981971740722656;0,8901216387748718;0,3138197958469391;0,22936120629310608;0,013818406499922276
2979;1655,503173828125;703,3214111328125;41519,81640625;-298,1548156738281;411,2647399902344;-9,26290225982666;0,8967655301094055;0,31638243794441223;0,23049607872962952;0,013926592655479908
2980;1655,503173828125;703,3214111328125;41519,81640625;-317,76336669921875;418,9159851074219;-10,3554048538208;0,9117427468299866;0,3182569444179535;0,23348285257816315;0,014246766455471516
2981;1655,503173828125;703,3214111328125;41519,81640625;-290,7706298828125;416,3851318359375;-9,826804161071777;0,9009951949119568;0,31481918692588806;0,2301260232925415;0,01393300760537386
2982;1655,503173828125;703,3214111328125;41519,81640625;-293,4663391113281;426,021728515625;-10,225273132324219;0,9192148447036743;0,3227056562900543;0,23425470292568207;0,014308846555650234
2983;1655,503173828125;703,3214111328125;41519,81640625;-314,5920104980469;439,09576416015625;-12,58791446685791;0,9177806973457336;0,327305406332016;0,23365895450115204;0,014195786789059639
2984;1655,503173828125;703,3214111328125;41519,81640625;-281,3184814453125;437,7491760253906;-11,082901000976562;0,928530216217041;0,32519620656967163;0,23525018990039825;0,01441541500389576
2985;1655,503173828125;703,3214111328125;41519,81640625;-312,2992248535156;457,9241027832031;-10,86519718170166;0,9413504004478455;0,3288472890853882;0,23775702714920044;0,014657099731266499
2986;1655,503173828125;703,3214111328125;41519,81640625;-322,97882080078125;469,5103454589844;-12,20982837677002;0,9397823810577393;0,3327009081840515;0,23708078265190125;0,014554006978869438
2987;1655,503173828125;703,3214111328125;41519,81640625;-355,9102478027344;486,959228515625;-11,440023422241211;0,9332471489906311;0,3255532681941986;0,2343517690896988;0,014347558841109276
2988;1655,503173828125;703,3214111328125;41519,81640625;-345,20343017578125;487,75439453125;-13,095367431640625;0,9407011866569519;0,3280940055847168;0,23556123673915863;0,01445826143026352
2989;1655,503173828125;703,3214111328125;41519,81640625;-335,9399719238281;493,5526428222656;-12,896374702453613;0,9336618781089783;0,3277556002140045;0,23336124420166016;0,014230378903448582
2990;1655,503173828125;703,3214111328125;41519,81640625;-351,8623046875;513,041259765625;-13,565921783447266;0,9282885789871216;0,3296479880809784;0,23177698254585266;0,014032998122274876
2991;1655,503173828125;703,3214111328125;41519,81640625;-338,7951354980469;510,2636413574219;-14,575472831726074;0,9470283389091492;0,33212172985076904;0,23544159531593323;0,014414884150028229
2992;1655,503173828125;703,3214111328125;41519,81640625;-313,2008361816406;509,60107421875;-16,172624588012695;0,926726222038269;0,3175528943538666;0,22907020151615143;0,013876098208129406
2993;1655,503173828125;703,3214111328125;41519,81640625;-338,6563415527344;521,6690673828125;-14,82748031616211;0,9757254123687744;0,35003897547721863;0,24221351742744446;0,014934541657567024
2994;1655,503173828125;703,3214111328125;41519,81640625;-365,88037109375;526,4556274414062;-15,990845680236816;0,942182183265686;0,32143911719322205;0,23162397742271423;0,014096681959927082
2995;1655,503173828125;703,3214111328125;41519,81640625;-287,1654052734375;511,0244140625;-16,22824478149414;0,9455243945121765;0,3325802981853485;0,2329990267753601;0,01411629281938076
2996;1655,503173828125;703,3214111328125;41519,81640625;-314,82525634765625;521,6297607421875;-15,268016815185547;0,9584888219833374;0,332586407661438;0,23522615432739258;0,014345342293381691
2997;1655,503173828125;703,3214111328125;41519,81640625;-339,0799865722656;530,9258422851562;-15,866781234741211;0,9369297027587891;0,3255093991756439;0,2295539528131485;0,01378645934164524
2998;1655,503173828125;703,3214111328125;41519,81640625;-322,51092529296875;527,7820434570312;-14,932971954345703;0,9517142176628113;0,32841458916664124;0,23253217339515686;0,014056575484573841
2999;1655,503173828125;703,3214111328125;41519,81640625;-302,5753479003906;523,0797119140625;-15,245683670043945;0,9787403345108032;0,3379702568054199;0,23879915475845337;0,014596609398722649
