"B0 AOI3";;;;;;;;;;
"Index [1]";"X [mm]";"Y [mm]";"Z [mm]";"U [mm]";"V [mm]";"W [mm]";"Sigma_X [mm]";"Sigma_Y [mm]";"Sigma_Z [mm]";"sigma [pixel]"
0;4111,6220703125;62,291927337646484;66577,5078125;0,0;0,0;0,0;0,7690003514289856;0,2345116138458252;0,23496095836162567;0,0157330259680748
1;4111,6220703125;62,291927337646484;66577,5078125;5,95486307144165;-46,49905776977539;-3,357572078704834;0,8687720894813538;0,27277427911758423;0,2985602915287018;0,010291296057403088
2;4111,6220703125;62,291927337646484;66577,5078125;26,10698890686035;-50,7089958190918;-0,17374099791049957;0,8965855240821838;0,28340837359428406;0,30671948194503784;0,01081371121108532
3;4111,6220703125;62,291927337646484;66577,5078125;15,03830623626709;-66,74983215332031;-3,53729248046875;0,9094465970993042;0,2891867160797119;0,3106916844844818;0,011088314466178417
4;4111,6220703125;62,291927337646484;66577,5078125;60,977516174316406;-71,48078155517578;-3,7028415203094482;0,9003273844718933;0,28832897543907166;0,3076229393482208;0,010944186709821224
5;4111,6220703125;62,291927337646484;66577,5078125;34,435203552246094;-100,498291015625;-2,4621026515960693;0,8887097835540771;0,2883310317993164;0,3049739897251129;0,010845879092812538
6;4111,6220703125;62,291927337646484;66577,5078125;61,028526306152344;-95,10273742675781;-7,842483997344971;0,9143927693367004;0,2959611713886261;0,3110021948814392;0,011256114579737186
7;4111,6220703125;62,291927337646484;66577,5078125;89,8245620727539;-113,72024536132812;-10,84217357635498;0,9015372395515442;0,2958033084869385;0,30742284655570984;0,011124266311526299
8;4111,6220703125;62,291927337646484;66577,5078125;77,6062240600586;-133,31809997558594;-10,797280311584473;0,8818177580833435;0,2925070822238922;0,3006059229373932;0,010784760117530823
9;4111,6220703125;62,291927337646484;66577,5078125;27,34229850769043;-139,9280548095703;-7,338653564453125;0,9150840044021606;0,30488458275794983;0,31064268946647644;0,011493517085909843
10;4111,6220703125;62,291927337646484;66577,5078125;52,966148376464844;-147,59413146972656;-5,4617719650268555;0,928420901298523;0,31444740295410156;0,31553342938423157;0,01189436949789524
11;4111,6220703125;62,291927337646484;66577,5078125;40,937870025634766;-161,83555603027344;-7,953612804412842;0,9375965595245361;0,319580078125;0,3173947036266327;0,012115971185266972
12;4111,6220703125;62,291927337646484;66577,5078125;17,037309646606445;-182,07070922851562;-6,23137903213501;0,9105909466743469;0,3132648169994354;0,30732154846191406;0,011620237492024899
13;4111,6220703125;62,291927337646484;66577,5078125;8,849698066711426;-197,27381896972656;-8,998309135437012;0,942594587802887;0,3228472173213959;0,3154207170009613;0,012234946712851524
14;4111,6220703125;62,291927337646484;66577,5078125;24,59657096862793;-207,96136474609375;-5,49582052230835;0,9593366384506226;0,3317249119281769;0,31992876529693604;0,01264803484082222
15;4111,6220703125;62,291927337646484;66577,5078125;13,447925567626953;-221,46389770507812;-7,009113311767578;0,9488899111747742;0,3356427252292633;0,316700279712677;0,012601573951542377
16;4111,6220703125;62,291927337646484;66577,5078125;8,36103630065918;-238,0262451171875;-9,222244262695312;0,9738821387290955;0,3459523022174835;0,32308176159858704;0,013143107295036316
17;4111,6220703125;62,291927337646484;66577,5078125;30,416852951049805;-264,517822265625;-8,105313301086426;1,0002212524414062;0,3484465181827545;0,3272296190261841;0,013546799309551716
18;4111,6220703125;62,291927337646484;66577,5078125;17,043428421020508;-277,2916564941406;-12,16528034210205;0,979193925857544;0,35735368728637695;0,32267042994499207;0,013450607657432556
19;4111,6220703125;62,291927337646484;66577,5078125;33,96574020385742;-288,24285888671875;-11,729954719543457;0,9812070727348328;0,3595268726348877;0,3211182951927185;0,0135391466319561
20;4111,6220703125;62,291927337646484;66577,5078125;44,925453186035156;-297,5220031738281;-9,053053855895996;0,9981690645217896;0,36729034781455994;0,32439449429512024;0,013929835520684719
21;4111,6220703125;62,291927337646484;66577,5078125;60,17564392089844;-324,678466796875;-11,158407211303711;0,9848763346672058;0,38006702065467834;0,3221866488456726;0,013944710604846478
22;4111,6220703125;62,291927337646484;66577,5078125;65,00614929199219;-341,9710998535156;-13,781426429748535;1,026576042175293;0,3804095387458801;0,3286837935447693;0,01460200734436512
23;4111,6220703125;62,291927337646484;66577,5078125;95,5313720703125;-356,44757080078125;-17,106626510620117;1,0240455865859985;0,3866742253303528;0,32686153054237366;0,01469940785318613
24;4111,6220703125;62,291927337646484;66577,5078125;134,36024475097656;-359,2261962890625;-20,321414947509766;1,0597670078277588;0,40887147188186646;0,3374517858028412;0,015559172257781029
25;4111,6220703125;62,291927337646484;66577,5078125;182,7557373046875;-371,7829284667969;-24,603519439697266;1,0132689476013184;0,3996330499649048;0,32189488410949707;0,014805808663368225
26;4111,6220703125;62,291927337646484;66577,5078125;161,69326782226562;-389,1995849609375;-25,434246063232422;1,0194236040115356;0,4092326760292053;0,32263991236686707;0,015066742897033691
27;4111,6220703125;62,291927337646484;66577,5078125;166,4777069091797;-403,7853698730469;-20,673599243164062;1,058557391166687;0,4146609604358673;0,32940009236335754;0,015781620517373085
28;4111,6220703125;62,291927337646484;66577,5078125;159,65830993652344;-425,71148681640625;-21,385971069335938;1,0988335609436035;0,4223184585571289;0,3368552029132843;0,016529979184269905
29;4111,6220703125;62,291927337646484;66577,5078125;150,5436553955078;-441,76568603515625;-22,98792266845703;1,0722777843475342;0,4364006519317627;0,3313473165035248;0,016369879245758057
30;4111,6220703125;62,291927337646484;66577,5078125;152,45303344726562;-456,0699157714844;-22,2528018951416;1,0891633033752441;0,4378893971443176;0,33217349648475647;0,01671672612428665
31;4111,6220703125;62,291927337646484;66577,5078125;155,51651000976562;-478,4137268066406;-25,24628257751465;1,0813182592391968;0,4299338161945343;0,32565024495124817;0,01657811924815178
32;4111,6220703125;62,291927337646484;66577,5078125;167,5992431640625;-490,5426025390625;-25,259971618652344;1,0874065160751343;0,4422360062599182;0,3267137408256531;0,016894251108169556
33;4111,6220703125;62,291927337646484;66577,5078125;187,080322265625;-486,379150390625;-26,05507469177246;1,083341121673584;0,44389161467552185;0,32328367233276367;0,016932155936956406
34;4111,6220703125;62,291927337646484;66577,5078125;112,32779693603516;-524,7130126953125;-21,951011657714844;1,0975450277328491;0,44375357031822205;0,323296457529068;0,01722804643213749
35;4111,6220703125;62,291927337646484;66577,5078125;82,62305450439453;-534,9664306640625;-22,37852668762207;1,1156679391860962;0,45554399490356445;0,32673609256744385;0,017729103565216064
36;4111,6220703125;62,291927337646484;66577,5078125;64,1051254272461;-549,0321655273438;-20,52750587463379;1,1412241458892822;0,4631690979003906;0,3307795524597168;0,018294645473361015
37;4111,6220703125;62,291927337646484;66577,5078125;56,88490676879883;-559,7120361328125;-21,293485641479492;1,1256606578826904;0,4664011299610138;0,32559630274772644;0,018191151320934296
38;4111,6220703125;62,291927337646484;66577,5078125;83,42932891845703;-555,9605102539062;-22,700849533081055;1,1370283365249634;0,46441924571990967;0,3248651325702667;0,018436206504702568
39;4111,6220703125;62,291927337646484;66577,5078125;87,3215103149414;-553,6985473632812;-22,892452239990234;1,1656198501586914;0,46989333629608154;0,32923728227615356;0,019031880423426628
40;4111,6220703125;62,291927337646484;66577,5078125;121,09844970703125;-551,642822265625;-27,262537002563477;1,1698285341262817;0,4744062125682831;0,3286096751689911;0,019254259765148163
41;4111,6220703125;62,291927337646484;66577,5078125;85,40057373046875;-563,0873413085938;-24,83814811706543;1,1466928720474243;0,4646015167236328;0,31983640789985657;0,01888645440340042
42;4111,6220703125;62,291927337646484;66577,5078125;75,2711181640625;-562,843017578125;-23,91745948791504;1,1637043952941895;0,47470298409461975;0,3231443762779236;0,019377149641513824
43;4111,6220703125;62,291927337646484;66577,5078125;74,34034729003906;-550,40771484375;-24,091991424560547;1,172433853149414;0,4735288619995117;0,3227607011795044;0,019604142755270004
44;4111,6220703125;62,291927337646484;66577,5078125;47,16240692138672;-549,5564575195312;-21,774293899536133;1,173694133758545;0,47688838839530945;0,3219303488731384;0,01977858692407608
45;4111,6220703125;62,291927337646484;66577,5078125;63,99741744995117;-526,6111450195312;-23,731307983398438;1,1807929277420044;0,4804295301437378;0,3224655091762543;0,020048094913363457
46;4111,6220703125;62,291927337646484;66577,5078125;46,9378776550293;-520,9036865234375;-22,259733200073242;1,20833420753479;0,4817366302013397;0,3268250823020935;0,020599612966179848
47;4111,6220703125;62,291927337646484;66577,5078125;59,35759735107422;-498,1700439453125;-22,607126235961914;1,1917724609375;0,482130229473114;0,32245832681655884;0,020475642755627632
48;4111,6220703125;62,291927337646484;66577,5078125;25,229284286499023;-497,9474182128906;-21,996580123901367;1,2170979976654053;0,4850527346134186;0,3270852565765381;0,021023215726017952
49;4111,6220703125;62,291927337646484;66577,5078125;-2,428014039993286;-489,548583984375;-21,24861717224121;1,1862201690673828;0,480604350566864;0,31940868496894836;0,020617006346583366
50;4111,6220703125;62,291927337646484;66577,5078125;16,060192108154297;-473,31817626953125;-20,86849594116211;1,2492893934249878;0,49368640780448914;0,33378276228904724;0,021885475143790245
51;4111,6220703125;62,291927337646484;66577,5078125;11,940062522888184;-462,6627197265625;-21,62347412109375;1,2390658855438232;0,48194313049316406;0,32954198122024536;0,021697621792554855
52;4111,6220703125;62,291927337646484;66577,5078125;35,7202033996582;-446,12921142578125;-23,67464828491211;1,2332926988601685;0,48865917325019836;0,32934871315956116;0,021836446598172188
53;4111,6220703125;62,291927337646484;66577,5078125;46,38483810424805;-431,9185485839844;-23,4454345703125;1,2714165449142456;0,49030929803848267;0,3376418352127075;0,022575952112674713
54;4111,6220703125;62,291927337646484;66577,5078125;52,569679260253906;-427,2349548339844;-24,77635955810547;1,2504820823669434;0,47642168402671814;0,3316349685192108;0,02218879945576191
55;4111,6220703125;62,291927337646484;66577,5078125;76,3852310180664;-411,7689514160156;-27,56430435180664;1,2587175369262695;0,4931331276893616;0,3363453447818756;0,022696269676089287
56;4111,6220703125;62,291927337646484;66577,5078125;71,91236877441406;-411,99072265625;-26,779951095581055;1,2712713479995728;0,4811800420284271;0,33816975355148315;0,022850777953863144
57;4111,6220703125;62,291927337646484;66577,5078125;17,885217666625977;-416,5237731933594;-23,99925422668457;1,2511125802993774;0,4723326563835144;0,3336488604545593;0,02254505269229412
58;4111,6220703125;62,291927337646484;66577,5078125;32,27939987182617;-406,4270935058594;-23,475488662719727;1,250558853149414;0,4824122190475464;0,33597326278686523;0,022827837616205215
59;4111,6220703125;62,291927337646484;66577,5078125;42,19265365600586;-403,1446838378906;-27,238784790039062;1,2524560689926147;0,47993406653404236;0,3373698592185974;0,022955598309636116
60;4111,6220703125;62,291927337646484;66577,5078125;9,326695442199707;-394,9093017578125;-21,527400970458984;1,2757707834243774;0,4738532602787018;0,3433798849582672;0,023353662341833115
61;4111,6220703125;62,291927337646484;66577,5078125;15,685087203979492;-386,47174072265625;-24,46920394897461;1,246129035949707;0,45944058895111084;0,33665406703948975;0,022797083482146263
62;4111,6220703125;62,291927337646484;66577,5078125;-1,0783121585845947;-380,2593688964844;-23,06617546081543;1,2588908672332764;0,47407522797584534;0,3429197669029236;0,02336716651916504
63;4111,6220703125;62,291927337646484;66577,5078125;4,575743198394775;-378,1415710449219;-23,46280860900879;1,3014960289001465;0,4713885188102722;0,3545394837856293;0,024101771414279938
64;4111,6220703125;62,291927337646484;66577,5078125;9,635660171508789;-360,3484802246094;-23,072757720947266;1,2633368968963623;0,45491158962249756;0,3458867371082306;0,023360779508948326
65;4111,6220703125;62,291927337646484;66577,5078125;-21,060823440551758;-361,5936279296875;-20,367603302001953;1,2418320178985596;0,4594302773475647;0,3431324064731598;0,023242667317390442
66;4111,6220703125;62,291927337646484;66577,5078125;-33,504695892333984;-348,2333679199219;-20,1058292388916;1,2371201515197754;0,457287460565567;0,3438088893890381;0,023253928869962692
67;4111,6220703125;62,291927337646484;66577,5078125;-12,978754043579102;-337,4374694824219;-18,381927490234375;1,2447527647018433;0,4560603201389313;0,3476707935333252;0,023464908823370934
68;4111,6220703125;62,291927337646484;66577,5078125;-16,842164993286133;-315,3664245605469;-17,7769775390625;1,20014226436615;0,4439484179019928;0,3375316560268402;0,0226752832531929
69;4111,6220703125;62,291927337646484;66577,5078125;-34,23961639404297;-304,0779724121094;-17,732280731201172;1,2438067197799683;0,44963589310646057;0,35116997361183167;0,023547857999801636
70;4111,6220703125;62,291927337646484;66577,5078125;-12,433845520019531;-289,2895202636719;-17,80270004272461;1,2068989276885986;0,4405710697174072;0,3430550694465637;0,022921495139598846
71;4111,6220703125;62,291927337646484;66577,5078125;-8,522808074951172;-268,5077819824219;-19,12284278869629;1,23863685131073;0,44655486941337585;0,3538065552711487;0,023607458919286728
72;4111,6220703125;62,291927337646484;66577,5078125;-14,155112266540527;-262,9108581542969;-19,22722816467285;1,1873761415481567;0,4307669997215271;0,3412463665008545;0,022617550566792488
73;4111,6220703125;62,291927337646484;66577,5078125;-42,91472244262695;-252,78819274902344;-15,53821849822998;1,1984291076660156;0,4320230782032013;0,34619778394699097;0,02288701944053173
74;4111,6220703125;62,291927337646484;66577,5078125;11,708821296691895;-242,88046264648438;-18,590042114257812;1,2034868001937866;0,4263829290866852;0,3492503762245178;0,022890426218509674
75;4111,6220703125;62,291927337646484;66577,5078125;23,924379348754883;-219,90252685546875;-20,90130615234375;1,176733374595642;0,42960676550865173;0,34361374378204346;0,022674478590488434
76;4111,6220703125;62,291927337646484;66577,5078125;13,14280891418457;-212,45912170410156;-18,835784912109375;1,2204368114471436;0,43699750304222107;0,3578920066356659;0,023511961102485657
77;4111,6220703125;62,291927337646484;66577,5078125;66,60111236572266;-190,10153198242188;-22,219865798950195;1,1868159770965576;0,42421263456344604;0,3496244251728058;0,022785840556025505
78;4111,6220703125;62,291927337646484;66577,5078125;72,66190338134766;-173,6595916748047;-19,760204315185547;1,2084667682647705;0,42833468317985535;0,3575616180896759;0,023195508867502213
79;4111,6220703125;62,291927337646484;66577,5078125;88,2518310546875;-150,9069366455078;-23,256336212158203;1,2260870933532715;0,43436235189437866;0,36429256200790405;0,02360016293823719
80;4111,6220703125;62,291927337646484;66577,5078125;76,22784423828125;-121,6686019897461;-24,96057891845703;1,2098475694656372;0,434703528881073;0,3606564700603485;0,02347204089164734
81;4111,6220703125;62,291927337646484;66577,5078125;120,13512420654297;-119,89456176757812;-26,87067413330078;1,186951994895935;0,42561864852905273;0,3550736606121063;0,02292884700000286
82;4111,6220703125;62,291927337646484;66577,5078125;60,15814208984375;-97,7339096069336;-21,099594116210938;1,192603588104248;0,4277537763118744;0,3578729033470154;0,023046422749757767
83;4111,6220703125;62,291927337646484;66577,5078125;88,21968841552734;-64,21727752685547;-23,21394920349121;1,188225269317627;0,4302448630332947;0,3571130335330963;0,02313324436545372
84;4111,6220703125;62,291927337646484;66577,5078125;108,27381134033203;-29,721433639526367;-26,620607376098633;1,1882520914077759;0,429293155670166;0,35814177989959717;0,023038512095808983
85;4111,6220703125;62,291927337646484;66577,5078125;85,14725494384766;-4,217266082763672;-24,773509979248047;1,1912894248962402;0,4308301508426666;0,3599049150943756;0,023040734231472015
86;4111,6220703125;62,291927337646484;66577,5078125;89,6808090209961;27,636117935180664;-25,042253494262695;1,1766388416290283;0,42847174406051636;0,35521936416625977;0,022915242239832878
87;4111,6220703125;62,291927337646484;66577,5078125;65,43534851074219;55,24330520629883;-22,148738861083984;1,1638317108154297;0,4243687689304352;0,35212746262550354;0,022501710802316666
88;4111,6220703125;62,291927337646484;66577,5078125;35,58740234375;97,36605834960938;-21,726356506347656;1,1802451610565186;0,43191662430763245;0,35736706852912903;0,02284187451004982
89;4111,6220703125;62,291927337646484;66577,5078125;9,82541275024414;122,81627655029297;-19,55105209350586;1,1810823678970337;0,4337159991264343;0,3574499189853668;0,022883599624037743
90;4111,6220703125;62,291927337646484;66577,5078125;51,27204132080078;158,48931884765625;-20,339845657348633;1,1878798007965088;0,4377219080924988;0,3592703640460968;0,023032886907458305
91;4111,6220703125;62,291927337646484;66577,5078125;31,023639678955078;177,89378356933594;-15,790372848510742;1,1970676183700562;0,44331905245780945;0,3619230389595032;0,023187952116131783
92;4111,6220703125;62,291927337646484;66577,5078125;19,48558807373047;202,3213348388672;-17,596342086791992;1,173809289932251;0,4349890947341919;0,35392656922340393;0,022696591913700104
93;4111,6220703125;62,291927337646484;66577,5078125;-51,3907356262207;225,97039794921875;-12,960433006286621;1,1931376457214355;0,4470047056674957;0,3599737584590912;0,02299005724489689
94;4111,6220703125;62,291927337646484;66577,5078125;-40,68750762939453;256,46051025390625;-14,174023628234863;1,1878809928894043;0,4466477036476135;0,3574941158294678;0,02285173535346985
95;4111,6220703125;62,291927337646484;66577,5078125;-72,33702850341797;282,0316162109375;-13,153131484985352;1,1843812465667725;0,44634562730789185;0,3552701771259308;0,02275310829281807
96;4111,6220703125;62,291927337646484;66577,5078125;-73,20549011230469;306,4894714355469;-12,523053169250488;1,1921701431274414;0,4493160843849182;0,356118768453598;0,022909194231033325
97;4111,6220703125;62,291927337646484;66577,5078125;-93,41157531738281;319,8934326171875;-8,560044288635254;1,1914798021316528;0,4528079330921173;0,35505467653274536;0,022806113585829735
98;4111,6220703125;62,291927337646484;66577,5078125;-145,09268188476562;326,1899719238281;-8,094447135925293;1,1866165399551392;0,45342519879341125;0,3523327708244324;0,02262737601995468
99;4111,6220703125;62,291927337646484;66577,5078125;-164,7211151123047;336,0450439453125;-6,10651969909668;1,2060678005218506;0,4690350592136383;0,35766854882240295;0,022911248728632927
100;4111,6220703125;62,291927337646484;66577,5078125;-170,93270874023438;348,4360656738281;-3,2686426639556885;1,1936944723129272;0,45834222435951233;0,3510396182537079;0,02265975810587406
101;4111,6220703125;62,291927337646484;66577,5078125;-190,20797729492188;366,69671630859375;-4,292604923248291;1,2086243629455566;0,46850883960723877;0,3540780544281006;0,022885175421833992
102;4111,6220703125;62,291927337646484;66577,5078125;-193,55641174316406;386,3452453613281;-3,028202772140503;1,1963638067245483;0,46352049708366394;0,34831908345222473;0,02254629321396351
103;4111,6220703125;62,291927337646484;66577,5078125;-219,8103485107422;399,6443176269531;-1,8890010118484497;1,1976754665374756;0,45835036039352417;0,34566226601600647;0,022521639242768288
104;4111,6220703125;62,291927337646484;66577,5078125;-217,80361938476562;419,2485656738281;-1,698509693145752;1,2169097661972046;0,46502214670181274;0,3488381505012512;0,022844595834612846
105;4111,6220703125;62,291927337646484;66577,5078125;-219,1260986328125;427,0811462402344;-3,2803292274475098;1,230191946029663;0,4770403504371643;0,3512604236602783;0,02300867810845375
106;4111,6220703125;62,291927337646484;66577,5078125;-202,69117736816406;438,73486328125;-5,239834785461426;1,2432825565338135;0,49225449562072754;0,35393840074539185;0,023149948567152023
107;4111,6220703125;62,291927337646484;66577,5078125;-204,02247619628906;459,4679260253906;-4,298416614532471;1,2294600009918213;0,4924863874912262;0,3482933044433594;0,022723818197846413
108;4111,6220703125;62,291927337646484;66577,5078125;-239,2073974609375;494,1138000488281;-2,272968053817749;1,2435193061828613;0,4939490258693695;0,3491813838481903;0,022931672632694244
109;4111,6220703125;62,291927337646484;66577,5078125;-264,1045227050781;522,0913696289062;-1,8029851913452148;1,2668877840042114;0,4908677339553833;0,35159775614738464;0,023325765505433083
110;4111,6220703125;62,291927337646484;66577,5078125;-256,66497802734375;537,2607421875;-1,625339150428772;1,267308235168457;0,5104331374168396;0,35160893201828003;0,023186204954981804
111;4111,6220703125;62,291927337646484;66577,5078125;-257,78594970703125;550,6372680664062;-2,863924264907837;1,2675672769546509;0,5034802556037903;0,3482508659362793;0,023077212274074554
112;4111,6220703125;62,291927337646484;66577,5078125;-283,0374755859375;568,2711791992188;-1,0903373956680298;1,2680232524871826;0,5133989453315735;0,3470591902732849;0,0229477621614933
113;4111,6220703125;62,291927337646484;66577,5078125;-282,8770446777344;588,26416015625;-1,0595844984054565;1,2558012008666992;0,4926518499851227;0,33941134810447693;0,022565392777323723
114;4111,6220703125;62,291927337646484;66577,5078125;-368,40875244140625;618,846435546875;3,955583333969116;1,2684496641159058;0,505892276763916;0,3414311110973358;0,022697389125823975
115;4111,6220703125;62,291927337646484;66577,5078125;-376,3787536621094;640,5036010742188;3,8032097816467285;1,2685422897338867;0,5109545588493347;0,3397458493709564;0,022563550621271133
116;4111,6220703125;62,291927337646484;66577,5078125;-380,9474182128906;652,7193603515625;1,6273088455200195;1,279168725013733;0,5116975903511047;0,33998528122901917;0,022641640156507492
117;4111,6220703125;62,291927337646484;66577,5078125;-420,32196044921875;672,9871826171875;2,9937047958374023;1,2946233749389648;0,5281602740287781;0,34310463070869446;0,022822659462690353
118;4111,6220703125;62,291927337646484;66577,5078125;-436,8451843261719;689,1672973632812;4,050714015960693;1,2710695266723633;0,4971413314342499;0,33264848589897156;0,022176189348101616
119;4111,6220703125;62,291927337646484;66577,5078125;-451,6659851074219;697,663818359375;5,800500869750977;1,3208534717559814;0,5102409720420837;0,3432113230228424;0,023016376420855522
120;4111,6220703125;62,291927337646484;66577,5078125;-434,5029296875;695,8993530273438;5,253463268280029;1,3426214456558228;0,538343608379364;0,3491315543651581;0,023348351940512657
121;4111,6220703125;62,291927337646484;66577,5078125;-458,17169189453125;711,8037719726562;6,8919854164123535;1,3151885271072388;0,5177382230758667;0,3395555317401886;0,022631892934441566
122;4111,6220703125;62,291927337646484;66577,5078125;-489,3682556152344;727,9765014648438;6,723732948303223;1,32598078250885;0,5385855436325073;0,3425990343093872;0,02273068204522133
123;4111,6220703125;62,291927337646484;66577,5078125;-481,3298034667969;731,2322998046875;7,401926040649414;1,3415910005569458;0,5526083707809448;0,346173495054245;0,022900160402059555
124;4111,6220703125;62,291927337646484;66577,5078125;-437,01434326171875;742,552978515625;2,991028308868408;1,337312936782837;0,5447035431861877;0,34354710578918457;0,02266288362443447
125;4111,6220703125;62,291927337646484;66577,5078125;-487,86151123046875;770,9590454101562;6,924874305725098;1,3365015983581543;0,5369141697883606;0,3419572412967682;0,022486809641122818
126;4111,6220703125;62,291927337646484;66577,5078125;-465,7177734375;782,1661376953125;4,136605262756348;1,3218449354171753;0,5196636915206909;0,33679690957069397;0,02202889323234558
127;4111,6220703125;62,291927337646484;66577,5078125;-445,7202453613281;786,7421875;4,097120761871338;1,3700635433197021;0,5553052425384521;0,35015636682510376;0,022852879017591476
128;4111,6220703125;62,291927337646484;66577,5078125;-426,3585510253906;787,1527099609375;5,020796298980713;1,3717176914215088;0,566413164138794;0,3513241112232208;0,02275218442082405
129;4111,6220703125;62,291927337646484;66577,5078125;-436,933349609375;802,0045166015625;4,946009635925293;1,3752893209457397;0,5617748498916626;0,35194581747055054;0,02266758866608143
130;4111,6220703125;62,291927337646484;66577,5078125;-386,1898498535156;792,2261962890625;-0,22752268612384796;1,3748141527175903;0,5460789203643799;0,3511784076690674;0,022483834996819496
131;4111,6220703125;62,291927337646484;66577,5078125;-396,8975524902344;803,40673828125;-1,0088739395141602;1,3513058423995972;0,5383241772651672;0,34596875309944153;0,02190227620303631
132;4111,6220703125;62,291927337646484;66577,5078125;-365,0428771972656;796,9766235351562;1,2742711305618286;1,3542819023132324;0,5443362593650818;0,3479292392730713;0,02182839624583721
133;4111,6220703125;62,291927337646484;66577,5078125;-319,76580810546875;775,7528686523438;-0,14483343064785004;1,360356330871582;0,5224300622940063;0,3492722511291504;0,021745571866631508
134;4111,6220703125;62,291927337646484;66577,5078125;-324,7747802734375;771,5272827148438;-1,135738730430603;1,3645716905593872;0,540499210357666;0,3526340126991272;0,021736448630690575
135;4111,6220703125;62,291927337646484;66577,5078125;-376,7075500488281;778,263916015625;1,2821942567825317;1,3258399963378906;0,5227559804916382;0,3440427780151367;0,020877499133348465
136;4111,6220703125;62,291927337646484;66577,5078125;-319,3673095703125;750,5379028320312;-2,261120080947876;1,3883782625198364;0,5456523895263672;0,36201444268226624;0,021905411034822464
137;4111,6220703125;62,291927337646484;66577,5078125;-304,1949157714844;731,7063598632812;0,6393834352493286;1,4093509912490845;0,5690682530403137;0,370099812746048;0,022183692082762718
138;4111,6220703125;62,291927337646484;66577,5078125;-238,4453582763672;697,1116333007812;-5,787898540496826;1,369766354560852;0,5393082499504089;0,3613194227218628;0,021310269832611084
139;4111,6220703125;62,291927337646484;66577,5078125;-246,63938903808594;707,5167846679688;-3,6164653301239014;1,3297855854034424;0,5078383684158325;0,3525381088256836;0,02042539231479168
140;4111,6220703125;62,291927337646484;66577,5078125;-202,4958953857422;670,0391845703125;-4,346578121185303;1,3582425117492676;0,513748288154602;0,3624424934387207;0,020815705880522728
141;4111,6220703125;62,291927337646484;66577,5078125;-203,84805297851562;664,0655517578125;-3,3147425651550293;1,394425630569458;0,5264900326728821;0,3747774064540863;0,021351628005504608
142;4111,6220703125;62,291927337646484;66577,5078125;-175,6860809326172;643,5659790039062;-5,578851699829102;1,3684842586517334;0,5271384119987488;0,3707173764705658;0,020790955051779747
143;4111,6220703125;62,291927337646484;66577,5078125;0,5001682639122009;591,3148803710938;-14,922711372375488;1,3341370820999146;0,5221739411354065;0,3642278015613556;0,020062018185853958
144;4111,6220703125;62,291927337646484;66577,5078125;4,744636535644531;585,2415771484375;-12,93918228149414;1,3338031768798828;0,50046706199646;0,36678609251976013;0,01993027701973915
145;4111,6220703125;62,291927337646484;66577,5078125;-6,452942848205566;572,6434326171875;-15,009882926940918;1,330819010734558;0,5110580325126648;0,3688887357711792;0,01978274993598461
146;4111,6220703125;62,291927337646484;66577,5078125;78,05500793457031;543,8338012695312;-21,095409393310547;1,3114039897918701;0,47309210896492004;0,3665210008621216;0,019301000982522964
147;4111,6220703125;62,291927337646484;66577,5078125;69,09664154052734;555,8622436523438;-18,113882064819336;1,3385814428329468;0,5056455135345459;0,37700384855270386;0,019717277958989143
148;4111,6220703125;62,291927337646484;66577,5078125;139,963623046875;540,1555786132812;-19,593690872192383;1,2835400104522705;0,4705754816532135;0,3646036684513092;0,018633147701621056
149;4111,6220703125;62,291927337646484;66577,5078125;162,1320037841797;525,5366821289062;-17,85359764099121;1,3090968132019043;0,48801565170288086;0,37472912669181824;0,01900177076458931
150;4111,6220703125;62,291927337646484;66577,5078125;213,7968292236328;520,1213989257812;-22,461444854736328;1,2831430435180664;0,4737161099910736;0,37033841013908386;0,018451979383826256
151;4111,6220703125;62,291927337646484;66577,5078125;241,90866088867188;505,1539001464844;-24,401540756225586;1,2944614887237549;0,476487934589386;0,37659257650375366;0,018570762127637863
152;4111,6220703125;62,291927337646484;66577,5078125;240,2222442626953;506,5521240234375;-27,45512580871582;1,2932404279708862;0,46913403272628784;0,3794111907482147;0,01847449503839016
153;4111,6220703125;62,291927337646484;66577,5078125;318,1802673339844;485,1009216308594;-29,34539794921875;1,269856333732605;0,4569188356399536;0,3755657374858856;0,017983807250857353
154;4111,6220703125;62,291927337646484;66577,5078125;308,35308837890625;477,37835693359375;-32,91030502319336;1,2620172500610352;0,4511127769947052;0,37621310353279114;0,017775963991880417
155;4111,6220703125;62,291927337646484;66577,5078125;354,55059814453125;457,393798828125;-34,14638137817383;1,233009696006775;0,4260808825492859;0,3710651993751526;0,017209501937031746
156;4111,6220703125;62,291927337646484;66577,5078125;331,80517578125;454,3542785644531;-33,67101287841797;1,231000542640686;0,4340028762817383;0,37265294790267944;0,017094489187002182
157;4111,6220703125;62,291927337646484;66577,5078125;358,90966796875;436,3697509765625;-32,598243713378906;1,1948646306991577;0,4192424416542053;0,36433982849121094;0,016381947323679924
158;4111,6220703125;62,291927337646484;66577,5078125;325,61944580078125;431,9337463378906;-27,929229736328125;1,1644731760025024;0,38646039366722107;0,3591039180755615;0,015833869576454163
159;4111,6220703125;62,291927337646484;66577,5078125;350,26007080078125;418,9041748046875;-31,76432991027832;1,1992632150650024;0,40881186723709106;0,3714527189731598;0,016384780406951904
160;4111,6220703125;62,291927337646484;66577,5078125;394,9832458496094;404,51800537109375;-31,261455535888672;1,1499874591827393;0,38261210918426514;0,35926127433776855;0,015475074760615826
161;4111,6220703125;62,291927337646484;66577,5078125;399,7230529785156;398,31719970703125;-34,183109283447266;1,162872076034546;0,39278334379196167;0,36491429805755615;0,015634484589099884
162;4111,6220703125;62,291927337646484;66577,5078125;386,42486572265625;376,5224914550781;-29,651504516601562;1,1333694458007812;0,38152337074279785;0,3577860891819;0,015047051012516022
163;4111,6220703125;62,291927337646484;66577,5078125;426,8442687988281;357,2847900390625;-36,95461654663086;1,1348633766174316;0,37683311104774475;0,36077383160591125;0,015063178725540638
164;4111,6220703125;62,291927337646484;66577,5078125;441,6089782714844;343,88214111328125;-34,30034637451172;1,0827850103378296;0,34793516993522644;0,3474670350551605;0,014138253405690193
165;4111,6220703125;62,291927337646484;66577,5078125;474,79547119140625;330,98419189453125;-37,84079360961914;1,0880895853042603;0,3515016436576843;0,35065168142318726;0,014190535992383957
166;4111,6220703125;62,291927337646484;66577,5078125;420,4446716308594;315,6058044433594;-34,95860290527344;1,0741444826126099;0,3356594741344452;0,34953659772872925;0,01398183312267065
167;4111,6220703125;62,291927337646484;66577,5078125;439,85711669921875;308,5173645019531;-35,83006286621094;1,0434874296188354;0,33204400539398193;0,34011539816856384;0,013333882205188274
168;4111,6220703125;62,291927337646484;66577,5078125;428,8232116699219;283,206298828125;-39,60436248779297;1,0559736490249634;0,3377739191055298;0,34521856904029846;0,013522745110094547
169;4111,6220703125;62,291927337646484;66577,5078125;452,0628356933594;269,9107666015625;-36,79130554199219;1,0571974515914917;0,33851245045661926;0,3467445969581604;0,013508057221770287
170;4111,6220703125;62,291927337646484;66577,5078125;468,4175109863281;245,7293701171875;-32,78845977783203;0,9987646341323853;0,31206148862838745;0,33052438497543335;0,012487857602536678
171;4111,6220703125;62,291927337646484;66577,5078125;445,59503173828125;213,04417419433594;-35,020050048828125;1,0040711164474487;0,31274086236953735;0,33368340134620667;0,012601694092154503
172;4111,6220703125;62,291927337646484;66577,5078125;436,698486328125;200,23678588867188;-30,602399826049805;0,9887486100196838;0,30272749066352844;0,33132898807525635;0,012398041784763336
173;4111,6220703125;62,291927337646484;66577,5078125;444,30859375;176,48822021484375;-36,50094223022461;0,9156402349472046;0,2794191539287567;0,3083323836326599;0,01097587589174509
174;4111,6220703125;62,291927337646484;66577,5078125;435,3013000488281;152,5841064453125;-35,435123443603516;0,9697369337081909;0,2993188500404358;0,3263242244720459;0,012013150379061699
175;4111,6220703125;62,291927337646484;66577,5078125;426,20196533203125;112,57389831542969;-34,06724166870117;0,9535855054855347;0,29601067304611206;0,32102060317993164;0,011655298992991447
176;4111,6220703125;62,291927337646484;66577,5078125;409,3076477050781;74,61262512207031;-34,35403060913086;0,9594709873199463;0,2964935004711151;0,3249695599079132;0,01188054122030735
177;4111,6220703125;62,291927337646484;66577,5078125;428,0123596191406;38,738529205322266;-36,358367919921875;0,9493060111999512;0,2940351963043213;0,32245874404907227;0,01172095350921154
178;4111,6220703125;62,291927337646484;66577,5078125;420,6279602050781;20,84709930419922;-36,837188720703125;0,9183859825134277;0,2843315005302429;0,31461504101753235;0,011241152882575989
179;4111,6220703125;62,291927337646484;66577,5078125;399,80670166015625;-26,653470993041992;-35,899993896484375;0,9372090101242065;0,29293888807296753;0,31958648562431335;0,011558150872588158
180;4111,6220703125;62,291927337646484;66577,5078125;406,7359619140625;-55,72559356689453;-35,91994094848633;0,9015949964523315;0,2835189700126648;0,30837732553482056;0,010903575457632542
181;4111,6220703125;62,291927337646484;66577,5078125;384,342529296875;-97,71898651123047;-33,02729797363281;0,9560443162918091;0,30185016989707947;0,324368417263031;0,011872236616909504
182;4111,6220703125;62,291927337646484;66577,5078125;400,01666259765625;-134,21986389160156;-32,7385368347168;0,8952804207801819;0,28555238246917725;0,30611613392829895;0,01082882471382618
183;4111,6220703125;62,291927337646484;66577,5078125;361,3975524902344;-169,63449096679688;-29,363903045654297;0,928448498249054;0,2963407337665558;0,31510990858078003;0,011397420428693295
184;4111,6220703125;62,291927337646484;66577,5078125;336,73541259765625;-196,45065307617188;-26,573928833007812;0,9479131698608398;0,3025919497013092;0,31997764110565186;0,011716116219758987
185;4111,6220703125;62,291927337646484;66577,5078125;331,3667297363281;-215,53759765625;-25,921545028686523;0,9339562058448792;0,3035331666469574;0,3176124691963196;0,011691010557115078
186;4111,6220703125;62,291927337646484;66577,5078125;320,74212646484375;-240,28688049316406;-32,479400634765625;0,9289991855621338;0,3038390874862671;0,3152286112308502;0,011620179750025272
187;4111,6220703125;62,291927337646484;66577,5078125;289,6244812011719;-259,7275085449219;-28,57022476196289;0,9175840616226196;0,3031192719936371;0,31115660071372986;0,011459285393357277
188;4111,6220703125;62,291927337646484;66577,5078125;297,8469543457031;-261,13616943359375;-25,64421844482422;0,9090309739112854;0,3035179078578949;0,30795201659202576;0,01135867740958929
189;4111,6220703125;62,291927337646484;66577,5078125;288,2810974121094;-269,3931579589844;-28,602224349975586;0,9136021137237549;0,30848270654678345;0,3090779483318329;0,011534282937645912
190;4111,6220703125;62,291927337646484;66577,5078125;274,50762939453125;-291,1634521484375;-27,505664825439453;0,9762254953384399;0,32408663630485535;0,32588663697242737;0,012632151134312153
191;4111,6220703125;62,291927337646484;66577,5078125;278,25311279296875;-304,86968994140625;-28,82720947265625;0,9386207461357117;0,32312414050102234;0,3158126175403595;0,012177720665931702
192;4111,6220703125;62,291927337646484;66577,5078125;253,4005126953125;-304,2684020996094;-26,04486656188965;0,9659977555274963;0,33575567603111267;0,3239443600177765;0,01279518473893404
193;4111,6220703125;62,291927337646484;66577,5078125;282,8199157714844;-308,4822082519531;-29,804391860961914;0,9604013562202454;0,33385682106018066;0,3198116421699524;0,012685870751738548
194;4111,6220703125;62,291927337646484;66577,5078125;283,15509033203125;-305,3538513183594;-29,141176223754883;0,9545664191246033;0,33835095167160034;0,31772661209106445;0,012707138434052467
195;4111,6220703125;62,291927337646484;66577,5078125;311,56195068359375;-292,8415832519531;-31,809179306030273;0,9487947821617126;0,339297890663147;0,3143814504146576;0,012657903134822845
196;4111,6220703125;62,291927337646484;66577,5078125;342,3188171386719;-277,6256103515625;-32,635414123535156;0,9803895950317383;0,3474970757961273;0,32143115997314453;0,013250179588794708
197;4111,6220703125;62,291927337646484;66577,5078125;327,3393249511719;-293,1768798828125;-30,94835090637207;0,9574664831161499;0,34327858686447144;0,31262707710266113;0,012878704816102982
198;4111,6220703125;62,291927337646484;66577,5078125;319,6048889160156;-294,63153076171875;-29,955093383789062;0,9778609871864319;0,356461763381958;0,31840068101882935;0,013419250026345253
199;4111,6220703125;62,291927337646484;66577,5078125;293,30511474609375;-301,86749267578125;-30,708667755126953;1,012784481048584;0,3636307716369629;0,3255651593208313;0,01404621358960867
200;4111,6220703125;62,291927337646484;66577,5078125;289,1257629394531;-319,27484130859375;-32,639732360839844;1,0217838287353516;0,3719028830528259;0,3270910978317261;0,014342817477881908
201;4111,6220703125;62,291927337646484;66577,5078125;324,4869689941406;-313,3134765625;-33,66848373413086;1,0307929515838623;0,3744907081127167;0,32701992988586426;0,01454236451536417
202;4111,6220703125;62,291927337646484;66577,5078125;331,4012756347656;-309,909423828125;-36,360206604003906;1,0153778791427612;0,3806779682636261;0,32235631346702576;0,014467663131654263
203;4111,6220703125;62,291927337646484;66577,5078125;326,45941162109375;-327,56292724609375;-37,17550277709961;1,059195876121521;0,38984373211860657;0,33152779936790466;0,01526607759296894
204;4111,6220703125;62,291927337646484;66577,5078125;315,7118835449219;-334,2322082519531;-35,0023307800293;1,0397839546203613;0,40617063641548157;0,3283531367778778;0,015267349779605865
205;4111,6220703125;62,291927337646484;66577,5078125;290,4645690917969;-353,9140930175781;-34,36488723754883;1,0283187627792358;0,4028904139995575;0,3220834732055664;0,015113330446183681
206;4111,6220703125;62,291927337646484;66577,5078125;293,5425109863281;-359,4377136230469;-33,83854675292969;1,0617724657058716;0,4123457074165344;0,3286570608615875;0,01578696072101593
207;4111,6220703125;62,291927337646484;66577,5078125;289,9934997558594;-368,1974792480469;-35,32583999633789;1,0752915143966675;0,4186170697212219;0,33004486560821533;0,016128554940223694
208;4111,6220703125;62,291927337646484;66577,5078125;316,1119689941406;-371,6799011230469;-36,46065139770508;1,0374107360839844;0,41896408796310425;0,3190203011035919;0,015634484589099884
209;4111,6220703125;62,291927337646484;66577,5078125;264,0350341796875;-404,8515625;-36,82508850097656;1,0802967548370361;0,42486491799354553;0,326524019241333;0,016416940838098526
210;4111,6220703125;62,291927337646484;66577,5078125;254,1865692138672;-414,76531982421875;-33,70596694946289;1,093299150466919;0,4395568370819092;0,32960084080696106;0,016864323988556862
211;4111,6220703125;62,291927337646484;66577,5078125;272,6650695800781;-428,293701171875;-34,24256134033203;1,108991026878357;0,4426094591617584;0,33057063817977905;0,017212437465786934
212;4111,6220703125;62,291927337646484;66577,5078125;265,0027770996094;-433,46917724609375;-34,820404052734375;1,0823352336883545;0,4466778039932251;0,32299289107322693;0,016939673572778702
213;4111,6220703125;62,291927337646484;66577,5078125;279,78936767578125;-444,2484436035156;-35,48933410644531;1,0931278467178345;0,4443718194961548;0,32183560729026794;0,01716083660721779
214;4111,6220703125;62,291927337646484;66577,5078125;304,8201599121094;-445,203125;-37,76232147216797;1,1308456659317017;0,454295814037323;0,32889920473098755;0,01793261617422104
215;4111,6220703125;62,291927337646484;66577,5078125;305,0950622558594;-458,1825866699219;-37,76164245605469;1,135010838508606;0,457518070936203;0,3276621103286743;0,01812494732439518
216;4111,6220703125;62,291927337646484;66577,5078125;272,6528625488281;-488,4249572753906;-35,885841369628906;1,1496704816818237;0,4692225158214569;0,3303937017917633;0,018580831587314606
217;4111,6220703125;62,291927337646484;66577,5078125;274,0733642578125;-513,7799072265625;-39,522552490234375;1,1555815935134888;0,4679201543331146;0,32870906591415405;0,01875138469040394
218;4111,6220703125;62,291927337646484;66577,5078125;285,37890625;-531,1278076171875;-41,22252655029297;1,1465516090393066;0,46395978331565857;0,323627233505249;0,018667327240109444
219;4111,6220703125;62,291927337646484;66577,5078125;286,633056640625;-553,6474609375;-42,84637451171875;1,160385012626648;0,47998589277267456;0,3272843062877655;0,019175110384821892
220;4111,6220703125;62,291927337646484;66577,5078125;307,0771789550781;-556,97705078125;-45,246925354003906;1,1796112060546875;0,4785653352737427;0,3286057710647583;0,01955600641667843
221;4111,6220703125;62,291927337646484;66577,5078125;270,64404296875;-585,629150390625;-45,48003005981445;1,2023625373840332;0,479545921087265;0,3312707841396332;0,020019356161355972
222;4111,6220703125;62,291927337646484;66577,5078125;265,7489013671875;-597,5537109375;-44,29207229614258;1,2029454708099365;0,4761927127838135;0,3288763165473938;0,02009560540318489
223;4111,6220703125;62,291927337646484;66577,5078125;254,51670837402344;-610,752685546875;-43,95402908325195;1,230911374092102;0,4906792640686035;0,33543601632118225;0,020821837708353996
224;4111,6220703125;62,291927337646484;66577,5078125;236,82305908203125;-620,960205078125;-41,47871398925781;1,206807255744934;0,4842308759689331;0,32794034481048584;0,020495658740401268
225;4111,6220703125;62,291927337646484;66577,5078125;259,9373474121094;-622,2030639648438;-42,7161979675293;1,2165676355361938;0,48520421981811523;0,3287483751773834;0,020776519551873207
226;4111,6220703125;62,291927337646484;66577,5078125;218,32847595214844;-629,8019409179688;-41,294395446777344;1,2646913528442383;0,4885435700416565;0,33787038922309875;0,021663015708327293
227;4111,6220703125;62,291927337646484;66577,5078125;248,15882873535156;-618,1785888671875;-45,32077407836914;1,243004322052002;0,4857627749443054;0,3321586847305298;0,02142866887152195
228;4111,6220703125;62,291927337646484;66577,5078125;199,58758544921875;-623,0430908203125;-41,178985595703125;1,231334924697876;0,504079282283783;0,33222851157188416;0,021621214225888252
229;4111,6220703125;62,291927337646484;66577,5078125;200,6352996826172;-611,7459106445312;-40,38777160644531;1,257753610610962;0,49537691473960876;0,3356126546859741;0,022044004872441292
230;4111,6220703125;62,291927337646484;66577,5078125;187,02484130859375;-592,6822509765625;-39,55294418334961;1,250319004058838;0,4809390902519226;0,33157962560653687;0,021857770159840584
231;4111,6220703125;62,291927337646484;66577,5078125;165,6913299560547;-578,0670166015625;-37,847808837890625;1,2818470001220703;0,4898838996887207;0,33947277069091797;0,02259483002126217
232;4111,6220703125;62,291927337646484;66577,5078125;136,36866760253906;-550,517333984375;-34,83281707763672;1,2682957649230957;0,4947512447834015;0,3376123011112213;0,022596517577767372
233;4111,6220703125;62,291927337646484;66577,5078125;162,84608459472656;-515,0392456054688;-36,345550537109375;1,259476900100708;0,48259690403938293;0,33441370725631714;0,022422395646572113
234;4111,6220703125;62,291927337646484;66577,5078125;103,07351684570312;-500,4195556640625;-29,505069732666016;1,2726744413375854;0,4873894155025482;0,3385193645954132;0,022830680012702942
235;4111,6220703125;62,291927337646484;66577,5078125;157,2913818359375;-457,26861572265625;-33,37161636352539;1,2523356676101685;0,4691956341266632;0,3325343728065491;0,022378675639629364
236;4111,6220703125;62,291927337646484;66577,5078125;143,67599487304688;-431,3017272949219;-32,157737731933594;1,2837435007095337;0,48420464992523193;0,3423527479171753;0,023227108642458916
237;4111,6220703125;62,291927337646484;66577,5078125;126,23111724853516;-404,8046569824219;-31,656330108642578;1,2529525756835938;0,47975999116897583;0,33622533082962036;0,02282574772834778
238;4111,6220703125;62,291927337646484;66577,5078125;91,25849151611328;-383,3280029296875;-28,48046112060547;1,2543917894363403;0,47216057777404785;0,3369297385215759;0,022864727303385735
239;4111,6220703125;62,291927337646484;66577,5078125;90,6477279663086;-359,8684387207031;-29,498483657836914;1,2411643266677856;0,47658050060272217;0,33593302965164185;0,022863617166876793
240;4111,6220703125;62,291927337646484;66577,5078125;63,302730560302734;-335,3548889160156;-28,6917781829834;1,2864084243774414;0,47109153866767883;0,34725797176361084;0,02360258437693119
241;4111,6220703125;62,291927337646484;66577,5078125;43,46044921875;-317,1540222167969;-26,497364044189453;1,234139084815979;0,459092915058136;0,3356303870677948;0,022738317027688026
242;4111,6220703125;62,291927337646484;66577,5078125;82,84419250488281;-300,40496826171875;-28,45425033569336;1,297662615776062;0,4713602364063263;0,35367873311042786;0,024042189121246338
243;4111,6220703125;62,291927337646484;66577,5078125;31,480554580688477;-288,5179138183594;-24,238542556762695;1,2512102127075195;0,45809146761894226;0,3433133065700531;0,023236138746142387
244;4111,6220703125;62,291927337646484;66577,5078125;31,67034912109375;-274,6526184082031;-23,50577163696289;1,2492815256118774;0,462484210729599;0,3452427089214325;0,023408152163028717
245;4111,6220703125;62,291927337646484;66577,5078125;33,41926193237305;-262,4554138183594;-24,983993530273438;1,2492172718048096;0,4516206383705139;0,346342533826828;0,02333218604326248
246;4111,6220703125;62,291927337646484;66577,5078125;-24,809072494506836;-255,3514862060547;-21,376800537109375;1,2793521881103516;0,4612294137477875;0,35675784945487976;0,02408086322247982
247;4111,6220703125;62,291927337646484;66577,5078125;20,881956100463867;-236,40489196777344;-24,30823516845703;1,2482993602752686;0,454076886177063;0,3505270183086395;0,023595135658979416
248;4111,6220703125;62,291927337646484;66577,5078125;-32,613983154296875;-230,0204620361328;-19,522602081298828;1,2142218351364136;0,4467848241329193;0,34335535764694214;0,023052142933011055
249;4111,6220703125;62,291927337646484;66577,5078125;-6,545846462249756;-215,76022338867188;-21,958744049072266;1,20095694065094;0,4415889382362366;0,3415740430355072;0,02285582199692726
250;4111,6220703125;62,291927337646484;66577,5078125;-26,96746253967285;-212,432861328125;-19,019271850585938;1,2187360525131226;0,4403819143772125;0,348187655210495;0,023193493485450745
251;4111,6220703125;62,291927337646484;66577,5078125;-9,284886360168457;-193,82720947265625;-19,50351333618164;1,2032521963119507;0,43476277589797974;0,3457372486591339;0,02293974533677101
252;4111,6220703125;62,291927337646484;66577,5078125;-72,40817260742188;-198,27867126464844;-16,858440399169922;1,217966079711914;0,44083163142204285;0,35192960500717163;0,023367969319224358
253;4111,6220703125;62,291927337646484;66577,5078125;-34,97691345214844;-183,79673767089844;-18,097352981567383;1,2159759998321533;0,43361207842826843;0,35298073291778564;0,023247117176651955
254;4111,6220703125;62,291927337646484;66577,5078125;-15,816200256347656;-170,1131591796875;-21,69062614440918;1,1747267246246338;0,43000203371047974;0,3430900275707245;0,02266351692378521
255;4111,6220703125;62,291927337646484;66577,5078125;-44,72394561767578;-162,10055541992188;-14,887639999389648;1,183504581451416;0,43085452914237976;0,34721457958221436;0,02287495881319046
256;4111,6220703125;62,291927337646484;66577,5078125;2,130610942840576;-162,06265258789062;-18,8791446685791;1,2162232398986816;0,4319922626018524;0,3582952916622162;0,023373443633317947
257;4111,6220703125;62,291927337646484;66577,5078125;-11,552854537963867;-153,5524139404297;-16,637771606445312;1,1952002048492432;0,4274090528488159;0,3536544740200043;0,02302895113825798
258;4111,6220703125;62,291927337646484;66577,5078125;-2,9624247550964355;-138,77757263183594;-19,444711685180664;1,1980153322219849;0,431326299905777;0,3558662533760071;0,023218795657157898
259;4111,6220703125;62,291927337646484;66577,5078125;-26,550527572631836;-138,66571044921875;-17,24710464477539;1,1847901344299316;0,4226756691932678;0,3533402681350708;0,022797683253884315
260;4111,6220703125;62,291927337646484;66577,5078125;-8,743714332580566;-132,44679260253906;-17,246076583862305;1,194041132926941;0,42771175503730774;0,3572610914707184;0,02307673543691635
261;4111,6220703125;62,291927337646484;66577,5078125;6,299045562744141;-122,43203735351562;-18,147502899169922;1,1756064891815186;0,42406782507896423;0,3526034951210022;0,02278474159538746
262;4111,6220703125;62,291927337646484;66577,5078125;2,39778995513916;-119,92829132080078;-18,892236709594727;1,1713694334030151;0,42207515239715576;0,3523515462875366;0,022640276700258255
263;4111,6220703125;62,291927337646484;66577,5078125;-7,207418918609619;-106,26006317138672;-15,71718978881836;1,1785104274749756;0,4258797764778137;0,35523805022239685;0,022827444598078728
264;4111,6220703125;62,291927337646484;66577,5078125;-11,443242073059082;-89,20519256591797;-13,708236694335938;1,1692125797271729;0,4244123101234436;0,35282549262046814;0,022693762555718422
265;4111,6220703125;62,291927337646484;66577,5078125;-2,729254961013794;-68,39842987060547;-16,71701431274414;1,1703474521636963;0,42592987418174744;0,35354864597320557;0,022733310237526894
266;4111,6220703125;62,291927337646484;66577,5078125;-40,91339874267578;-42,37266540527344;-16,15667152404785;1,174731969833374;0,4284651577472687;0,35543256998062134;0,022764137014746666
267;4111,6220703125;62,291927337646484;66577,5078125;-47,58896255493164;-6,58201265335083;-11,29569149017334;1,198050618171692;0,43851587176322937;0,3626900613307953;0,023277180269360542
268;4111,6220703125;62,291927337646484;66577,5078125;-44,44797134399414;15,95241928100586;-13,594149589538574;1,1834238767623901;0,4350687861442566;0,3584689497947693;0,02289477549493313
269;4111,6220703125;62,291927337646484;66577,5078125;-58,94440460205078;58,723873138427734;-13,144702911376953;1,185114860534668;0,43639037013053894;0,358249306678772;0,023014748468995094
270;4111,6220703125;62,291927337646484;66577,5078125;-53,43681335449219;88,28624725341797;-12,705793380737305;1,1733214855194092;0,4344954490661621;0,35472139716148376;0,022671202197670937
271;4111,6220703125;62,291927337646484;66577,5078125;-87,55256652832031;131,14381408691406;-10,925389289855957;1,1840659379959106;0,43972066044807434;0,3573208451271057;0,022910166531801224
272;4111,6220703125;62,291927337646484;66577,5078125;-110,57901000976562;169,9013671875;-8,594413757324219;1,162611722946167;0,4334412217140198;0,35023191571235657;0,022393370047211647
273;4111,6220703125;62,291927337646484;66577,5078125;-133,7987060546875;215,3754119873047;-8,563756942749023;1,1544537544250488;0,4325640797615051;0,34711721539497375;0,022157514467835426
274;4111,6220703125;62,291927337646484;66577,5078125;-142,1436767578125;250,3549041748047;-9,533834457397461;1,1745526790618896;0,4453738033771515;0,3530164062976837;0,02248395048081875
275;4111,6220703125;62,291927337646484;66577,5078125;-141,41998291015625;290,7221374511719;-7,468905448913574;1,1874059438705444;0,4526342749595642;0,3558691442012787;0,022725649178028107
276;4111,6220703125;62,291927337646484;66577,5078125;-192,7830352783203;343,8070373535156;-1,8675707578659058;1,1782578229904175;0,4480753242969513;0,35132473707199097;0,022528551518917084
277;4111,6220703125;62,291927337646484;66577,5078125;-255,92889404296875;391,51678466796875;-0,15219062566757202;1,1909619569778442;0,45515507459640503;0,35383400321006775;0,02274833247065544
278;4111,6220703125;62,291927337646484;66577,5078125;-231,2284698486328;407,1563720703125;-2,1018548011779785;1,1986491680145264;0,45990270376205444;0,35462138056755066;0,022853979840874672
279;4111,6220703125;62,291927337646484;66577,5078125;-277,69805908203125;447,05535888671875;0,12109677493572235;1,1786526441574097;0,45455455780029297;0,347210168838501;0,022332968190312386
280;4111,6220703125;62,291927337646484;66577,5078125;-256,53558349609375;459,5983581542969;-0,63555908203125;1,218380331993103;0,4759441018104553;0,35784557461738586;0,023096861317753792
281;4111,6220703125;62,291927337646484;66577,5078125;-306,670166015625;500,4397888183594;1,044219732284546;1,19352126121521;0,4645995795726776;0,34817421436309814;0,022498680278658867
282;4111,6220703125;62,291927337646484;66577,5078125;-322,5049743652344;525,596435546875;2,880070686340332;1,2092591524124146;0,4778790771961212;0,3516428768634796;0,022716740146279335
283;4111,6220703125;62,291927337646484;66577,5078125;-335,12310791015625;544,7216796875;4,084826469421387;1,1959254741668701;0,4656201899051666;0,3444780111312866;0,022391067817807198
284;4111,6220703125;62,291927337646484;66577,5078125;-364,37432861328125;566,1760864257812;5,058960914611816;1,207127332687378;0,4696590304374695;0,34534958004951477;0,022543812170624733
285;4111,6220703125;62,291927337646484;66577,5078125;-352,6409606933594;568,891357421875;3,8079373836517334;1,2160425186157227;0,46821194887161255;0,344858318567276;0,022647114470601082
286;4111,6220703125;62,291927337646484;66577,5078125;-378,6161804199219;586,6959838867188;8,167375564575195;1,242055892944336;0,4992482364177704;0,3526268005371094;0,023032983765006065
287;4111,6220703125;62,291927337646484;66577,5078125;-355,8958740234375;597,3617553710938;4,988686561584473;1,2209432125091553;0,4801899194717407;0,34274598956108093;0,022508060559630394
288;4111,6220703125;62,291927337646484;66577,5078125;-393,8635559082031;614,7755126953125;6,671664714813232;1,2348980903625488;0,48384425044059753;0,3439474403858185;0,022692885249853134
289;4111,6220703125;62,291927337646484;66577,5078125;-373,9013977050781;616,3739013671875;4,620253086090088;1,2154388427734375;0,4901021420955658;0,3378418982028961;0,022128963842988014
290;4111,6220703125;62,291927337646484;66577,5078125;-441,4937744140625;643,3635864257812;7,496244430541992;1,2273461818695068;0,485534131526947;0,3375132977962494;0,022278713062405586
291;4111,6220703125;62,291927337646484;66577,5078125;-417,81060791015625;641,9712524414062;7,148001194000244;1,2412123680114746;0,491017609834671;0,33888664841651917;0,022443246096372604
292;4111,6220703125;62,291927337646484;66577,5078125;-377,990478515625;642,370849609375;5,5166544914245605;1,249863862991333;0,49845924973487854;0,3393150866031647;0,02249135449528694
293;4111,6220703125;62,291927337646484;66577,5078125;-392,3106689453125;660,1246948242188;5,375825881958008;1,2540147304534912;0,5092440843582153;0,33914992213249207;0,022439660504460335
294;4111,6220703125;62,291927337646484;66577,5078125;-372,395263671875;652,4530639648438;4,693283557891846;1,2646421194076538;0,4742940068244934;0,3353320360183716;0,022465640679001808
295;4111,6220703125;62,291927337646484;66577,5078125;-392,25714111328125;673,6581420898438;2,0329854488372803;1,2917664051055908;0,5127976536750793;0,34341931343078613;0,022943560034036636
296;4111,6220703125;62,291927337646484;66577,5078125;-414,5747375488281;676,7897338867188;4,541888236999512;1,2803682088851929;0,5161929130554199;0,3391401469707489;0,022572655230760574
297;4111,6220703125;62,291927337646484;66577,5078125;-399,1502380371094;681,9743041992188;3,925368070602417;1,2806013822555542;0,5106943249702454;0,33661580085754395;0,022428996860980988
298;4111,6220703125;62,291927337646484;66577,5078125;-403,58184814453125;675,4561157226562;3,867126941680908;1,3164267539978027;0,5411236882209778;0,3458261489868164;0,02302323840558529
299;4111,6220703125;62,291927337646484;66577,5078125;-401,32305908203125;677,2860717773438;3,7352092266082764;1,2966735363006592;0,5075668692588806;0,33633553981781006;0,022443290799856186
300;4111,6220703125;62,291927337646484;66577,5078125;-473,027587890625;690,9970703125;7,612492561340332;1,3129558563232422;0,5181306004524231;0,3394383192062378;0,022629395127296448
301;4111,6220703125;62,291927337646484;66577,5078125;-388,8734436035156;668,8588256835938;3,1465656757354736;1,3215728998184204;0,5197120308876038;0,340143620967865;0,022647030651569366
302;4111,6220703125;62,291927337646484;66577,5078125;-422,83160400390625;679,585693359375;5,617440223693848;1,3288384675979614;0,5366532802581787;0,3421477973461151;0,022671718150377274
303;4111,6220703125;62,291927337646484;66577,5078125;-391,6108703613281;676,3632202148438;3,540473222732544;1,3491153717041016;0,5398975014686584;0,345919668674469;0,02291150577366352
304;4111,6220703125;62,291927337646484;66577,5078125;-384,43011474609375;685,2001342773438;3,0723934173583984;1,3216595649719238;0,524481475353241;0,3377431333065033;0,02221589721739292
305;4111,6220703125;62,291927337646484;66577,5078125;-371,0534973144531;688,9021606445312;1,3347445726394653;1,3206019401550293;0,5306938886642456;0,33749544620513916;0,022063536569476128
306;4111,6220703125;62,291927337646484;66577,5078125;-334,64715576171875;689,9807739257812;-0,5751755833625793;1,3504562377929688;0,5438903570175171;0,34489426016807556;0,02250043675303459
307;4111,6220703125;62,291927337646484;66577,5078125;-319,3114013671875;689,2935791015625;-5,1773152351379395;1,3348805904388428;0,5389232039451599;0,34092387557029724;0,022058991715312004
308;4111,6220703125;62,291927337646484;66577,5078125;-330,5655822753906;697,5765991210938;-1,9260870218276978;1,350814938545227;0,5450647473335266;0,3450993597507477;0,022222204133868217
309;4111,6220703125;62,291927337646484;66577,5078125;-305,9557189941406;695,3334350585938;-2,6032657623291016;1,3360333442687988;0,5242934226989746;0,34066981077194214;0,021766118705272675
310;4111,6220703125;62,291927337646484;66577,5078125;-381,08282470703125;723,7506713867188;2,1424405574798584;1,3552801609039307;0,5195351243019104;0,3454509973526001;0,02195514179766178
311;4111,6220703125;62,291927337646484;66577,5078125;-410,25457763671875;744,6829223632812;5,07545280456543;1,3737573623657227;0,5527265071868896;0,35267117619514465;0,02223803475499153
312;4111,6220703125;62,291927337646484;66577,5078125;-422,453125;746,416015625;7,9225873947143555;1,3531692028045654;0,5354767441749573;0,3479214310646057;0,021698227152228355
313;4111,6220703125;62,291927337646484;66577,5078125;-425,2342834472656;757,3472900390625;5,765748977661133;1,3709794282913208;0,5293424129486084;0,35313013195991516;0,021865906193852425
314;4111,6220703125;62,291927337646484;66577,5078125;-357,4842224121094;748,7404174804688;3,748138189315796;1,362226963043213;0,5407470464706421;0,353147029876709;0,021612467244267464
315;4111,6220703125;62,291927337646484;66577,5078125;-436,8191833496094;773,546630859375;8,397725105285645;1,3634766340255737;0,5388360619544983;0,3550616502761841;0,021504655480384827
316;4111,6220703125;62,291927337646484;66577,5078125;-400,2011413574219;776,136962890625;6,868867874145508;1,373693585395813;0,5441577434539795;0,3596763014793396;0,021570861339569092
317;4111,6220703125;62,291927337646484;66577,5078125;-409,0824890136719;782,7944946289062;8,637535095214844;1,391021728515625;0,5497960448265076;0,3662568926811218;0,021763091906905174
318;4111,6220703125;62,291927337646484;66577,5078125;-369,831298828125;781,9610595703125;4,398801803588867;1,3645529747009277;0,5345509648323059;0,36136364936828613;0,021150551736354828
319;4111,6220703125;62,291927337646484;66577,5078125;-306,5477294921875;758,3714599609375;-0,21794293820858002;1,3639987707138062;0,5332267880439758;0,36356785893440247;0,021021634340286255
320;4111,6220703125;62,291927337646484;66577,5078125;-331,5318908691406;772,1487426757812;3,5478715896606445;1,3785587549209595;0,5537652373313904;0,37031257152557373;0,02118072658777237
321;4111,6220703125;62,291927337646484;66577,5078125;-323,8753967285156;770,5478515625;0,9987404346466064;1,3489165306091309;0,5086037516593933;0,36431288719177246;0,020490845665335655
322;4111,6220703125;62,291927337646484;66577,5078125;-266,3888854980469;749,2805786132812;1,5670315027236938;1,384325385093689;0,5447309613227844;0,37701183557510376;0,021050693467259407
323;4111,6220703125;62,291927337646484;66577,5078125;-218,44737243652344;739,4935302734375;0,2108582854270935;1,3369410037994385;0,5044489502906799;0,3666917681694031;0,020068226382136345
324;4111,6220703125;62,291927337646484;66577,5078125;-185,67051696777344;729,8452758789062;-2,9036459922790527;1,3492591381072998;0,4967488646507263;0,372979998588562;0,020168816670775414
325;4111,6220703125;62,291927337646484;66577,5078125;-164,5836639404297;702,3820190429688;-5,332089900970459;1,3342981338500977;0,5132339596748352;0,3718241751194;0,019827520474791527
326;4111,6220703125;62,291927337646484;66577,5078125;-183,88645935058594;710,2884521484375;1,8898791074752808;1,3686585426330566;0,524294912815094;0,3844456672668457;0,02034299261868
327;4111,6220703125;62,291927337646484;66577,5078125;-140,03955078125;687,929931640625;-1,3945337533950806;1,3193763494491577;0,4920278489589691;0,37373626232147217;0,01936575397849083
328;4111,6220703125;62,291927337646484;66577,5078125;-147,8174285888672;672,7589111328125;-2,356921911239624;1,3397347927093506;0,503071665763855;0,38252970576286316;0,01963907666504383
329;4111,6220703125;62,291927337646484;66577,5078125;-158,6761016845703;655,7597045898438;-1,0269778966903687;1,301215410232544;0,49430423974990845;0,37436461448669434;0,01885085552930832
330;4111,6220703125;62,291927337646484;66577,5078125;-102,61792755126953;630,5728759765625;-0,5508775115013123;1,2912410497665405;0,49669525027275085;0,37420594692230225;0,01855967752635479
331;4111,6220703125;62,291927337646484;66577,5078125;-74,8790054321289;609,716796875;-5,554629325866699;1,2614994049072266;0,46220359206199646;0,36916059255599976;0,017989277839660645
332;4111,6220703125;62,291927337646484;66577,5078125;-52,6635856628418;595,0718994140625;-1,4141631126403809;1,2636303901672363;0,4733820855617523;0,37220868468284607;0,017917094752192497
333;4111,6220703125;62,291927337646484;66577,5078125;-19,071794509887695;569,3349609375;-1,737244725227356;1,297325849533081;0,4907356798648834;0,3846988379955292;0,018413551151752472
334;4111,6220703125;62,291927337646484;66577,5078125;56,702999114990234;521,392333984375;-9,645574569702148;1,2296311855316162;0,43759626150131226;0,36866405606269836;0,017209112644195557
335;4111,6220703125;62,291927337646484;66577,5078125;88,29808807373047;501,88372802734375;-17,202289581298828;1,2222272157669067;0,44213375449180603;0,3686651885509491;0,016979074105620384
336;4111,6220703125;62,291927337646484;66577,5078125;85,78997802734375;472,5173645019531;-11,39736270904541;1,238243579864502;0,4561416804790497;0,37547266483306885;0,01714317314326763
337;4111,6220703125;62,291927337646484;66577,5078125;112,80328369140625;453,4994812011719;-11,30395793914795;1,2105114459991455;0,4334332048892975;0,3703240156173706;0,016633545979857445
338;4111,6220703125;62,291927337646484;66577,5078125;129,24166870117188;437,9364318847656;-13,677950859069824;1,2091203927993774;0,4368247091770172;0,37187862396240234;0,01650247350335121
339;4111,6220703125;62,291927337646484;66577,5078125;174,7330322265625;406,6095275878906;-15,57858657836914;1,1426334381103516;0,385172963142395;0,35595467686653137;0,01538626104593277
340;4111,6220703125;62,291927337646484;66577,5078125;173,70591735839844;382,2347412109375;-13,520339012145996;1,1924811601638794;0,4132060706615448;0,3726443350315094;0,016179295256733894
341;4111,6220703125;62,291927337646484;66577,5078125;239,3489532470703;366,60589599609375;-18,924827575683594;1,1213401556015015;0,3743654191493988;0,3538435399532318;0,014909576624631882
342;4111,6220703125;62,291927337646484;66577,5078125;255,28018188476562;340,08837890625;-20,388782501220703;1,128718614578247;0,37446242570877075;0,35839220881462097;0,0150121646001935
343;4111,6220703125;62,291927337646484;66577,5078125;248,5824737548828;319,8470458984375;-17,23716163635254;1,1181694269180298;0,3690107464790344;0,35712930560112;0,01478535495698452
344;4111,6220703125;62,291927337646484;66577,5078125;250,14111328125;297,75823974609375;-18,272836685180664;1,1142669916152954;0,3618510663509369;0,3584122359752655;0,01471475139260292
345;4111,6220703125;62,291927337646484;66577,5078125;281,7085266113281;280,93328857421875;-20,220104217529297;1,0871137380599976;0,3575589954853058;0,35060936212539673;0,014124163426458836
346;4111,6220703125;62,291927337646484;66577,5078125;271,779296875;262,1667785644531;-17,583818435668945;1,0358452796936035;0,3375040590763092;0,3359694182872772;0,013136027380824089
347;4111,6220703125;62,291927337646484;66577,5078125;266,95428466796875;246,7465057373047;-20,320505142211914;1,072729468345642;0,3423004746437073;0,35061612725257874;0,013899668119847775
348;4111,6220703125;62,291927337646484;66577,5078125;249,4730987548828;227,35906982421875;-22,091182708740234;1,0313301086425781;0,3259480893611908;0,3390043079853058;0,01312639843672514
349;4111,6220703125;62,291927337646484;66577,5078125;235,84561157226562;223,0566864013672;-15,478204727172852;1,0515623092651367;0,32866087555885315;0,34774234890937805;0,013541148044168949
350;4111,6220703125;62,291927337646484;66577,5078125;249,46018981933594;211,17259216308594;-15,563082695007324;1,0270742177963257;0,3231625258922577;0,3402811288833618;0,013029196299612522
351;4111,6220703125;62,291927337646484;66577,5078125;205,52037048339844;207,8550262451172;-13,547110557556152;0,9962316155433655;0,30811288952827454;0,3326437175273895;0,012519138865172863
352;4111,6220703125;62,291927337646484;66577,5078125;206,85963439941406;199,34271240234375;-11,75549030303955;0,9669852256774902;0,3014816641807556;0,32312875986099243;0,011886379681527615
353;4111,6220703125;62,291927337646484;66577,5078125;193,83428955078125;183,3461456298828;-15,455421447753906;1,0013504028320312;0,31306302547454834;0,335191935300827;0,01254966389387846
354;4111,6220703125;62,291927337646484;66577,5078125;208,13291931152344;167,250244140625;-17,38580322265625;0,9357367157936096;0,28753724694252014;0,3164081871509552;0,011414429172873497
355;4111,6220703125;62,291927337646484;66577,5078125;170,8514862060547;157,3219757080078;-18,090316772460938;0,9370906352996826;0,28823646903038025;0,3179765045642853;0,011481278575956821
356;4111,6220703125;62,291927337646484;66577,5078125;93,50733947753906;147,1136932373047;-8,255809783935547;0,9611809253692627;0,2982841432094574;0,325674831867218;0,011915809474885464
357;4111,6220703125;62,291927337646484;66577,5078125;115,02694702148438;144,0639190673828;-13,430716514587402;0,9605211019515991;0,2977626323699951;0,3273395299911499;0,012005004100501537
358;4111,6220703125;62,291927337646484;66577,5078125;40,44635772705078;124,94539642333984;-6,34013557434082;0,9334026575088501;0,2911129891872406;0,3179953992366791;0,011453253217041492
359;4111,6220703125;62,291927337646484;66577,5078125;78,79212951660156;97,81877136230469;-9,903681755065918;0,9399536848068237;0,29463133215904236;0,32031944394111633;0,011600715108215809
360;4111,6220703125;62,291927337646484;66577,5078125;67,51964569091797;104,7574691772461;-5,7109599113464355;0,957495391368866;0,30158740282058716;0,3260103166103363;0,011953952722251415
361;4111,6220703125;62,291927337646484;66577,5078125;-3,6470866203308105;69,91668701171875;-5,434210777282715;0,9462119936943054;0,2999655604362488;0,3234401047229767;0,01183754950761795
362;4111,6220703125;62,291927337646484;66577,5078125;-38,057037353515625;53,336769104003906;-3,3491997718811035;0,9620910882949829;0,30614936351776123;0,3276239037513733;0,012116426602005959
363;4111,6220703125;62,291927337646484;66577,5078125;-92,01258087158203;34,87125015258789;1,3599687814712524;0,9394054412841797;0,30129724740982056;0,3204503655433655;0,01174328476190567
364;4111,6220703125;62,291927337646484;66577,5078125;-77,87211608886719;10,781936645507812;2,077360153198242;0,9249714612960815;0,29923170804977417;0,3157622218132019;0,011521811597049236
365;4111,6220703125;62,291927337646484;66577,5078125;-89,18760681152344;14,218846321105957;1,5812896490097046;0,956680178642273;0,3113209307193756;0,3259029984474182;0,012192957103252411
366;4111,6220703125;62,291927337646484;66577,5078125;-120,68265533447266;-5,275236129760742;4,3588056564331055;0,9683272242546082;0,31724226474761963;0,3292504549026489;0,01246640644967556
367;4111,6220703125;62,291927337646484;66577,5078125;-170,46038818359375;-43,05106735229492;6,646843433380127;0,9511017203330994;0,3149588108062744;0,32332178950309753;0,012203590013086796
368;4111,6220703125;62,291927337646484;66577,5078125;-147,32603454589844;-57,214115142822266;4,059089660644531;0,9466109275817871;0,3142204284667969;0,32022687792778015;0,012106593698263168
369;4111,6220703125;62,291927337646484;66577,5078125;-120,95458984375;-86,96541595458984;7,40066385269165;0,9505109786987305;0,3204163610935211;0,32178136706352234;0,01231067068874836
370;4111,6220703125;62,291927337646484;66577,5078125;-111,47798919677734;-96,39740753173828;6,4685235023498535;0,9827496409416199;0,33257272839546204;0,3311108946800232;0,012975919991731644
371;4111,6220703125;62,291927337646484;66577,5078125;-58,69613265991211;-130,87245178222656;-0,2878906726837158;0,9182375073432922;0,32160836458206177;0,3115229308605194;0,011921373195946217
372;4111,6220703125;62,291927337646484;66577,5078125;-103,47079467773438;-161,4695281982422;3,126143455505371;1,0018023252487183;0,34602445363998413;0,335683673620224;0,013500274159014225
373;4111,6220703125;62,291927337646484;66577,5078125;-87,27674865722656;-176,61244201660156;1,6334677934646606;0,9961421489715576;0,34320852160453796;0,3311794698238373;0,01337373349815607
374;4111,6220703125;62,291927337646484;66577,5078125;-66,25138092041016;-205,25148010253906;2,7513468265533447;1,0169200897216797;0,35868868231773376;0,33840715885162354;0,01395048014819622
375;4111,6220703125;62,291927337646484;66577,5078125;-55,70207595825195;-235,7837677001953;-0,349376380443573;1,007193684577942;0,3521949350833893;0,33172860741615295;0,013715552166104317
376;4111,6220703125;62,291927337646484;66577,5078125;-56,082881927490234;-258,6318359375;0,2206779271364212;0,9899898767471313;0,3548380732536316;0,32620981335639954;0,013552135787904263
377;4111,6220703125;62,291927337646484;66577,5078125;-50,67231750488281;-299,4075012207031;-0,4629073441028595;1,0030336380004883;0,36849552392959595;0,33053499460220337;0,013974657282233238
378;4111,6220703125;62,291927337646484;66577,5078125;8,948018074035645;-319,185302734375;-10,045550346374512;1,0629059076309204;0,3853597939014435;0,3459538519382477;0,015096824616193771
379;4111,6220703125;62,291927337646484;66577,5078125;6,311130523681641;-345,8726501464844;-9,971309661865234;1,032228946685791;0,3761201798915863;0,3337303102016449;0,014559688046574593
380;4111,6220703125;62,291927337646484;66577,5078125;40,9892578125;-364,7156982421875;-14,100485801696777;1,0167768001556396;0,37777402997016907;0,32793015241622925;0,01440100185573101
381;4111,6220703125;62,291927337646484;66577,5078125;48,828548431396484;-386,7728271484375;-13,143939018249512;1,0236574411392212;0,38050901889801025;0,32736900448799133;0,01457460131496191
382;4111,6220703125;62,291927337646484;66577,5078125;80,96697998046875;-388,3829345703125;-15,658486366271973;1,0350908041000366;0,39775794744491577;0,3314940929412842;0,015020107850432396
383;4111,6220703125;62,291927337646484;66577,5078125;92,01838684082031;-394,82916259765625;-18,16426658630371;1,0062947273254395;0,3883024752140045;0,3198058307170868;0,01451869960874319
384;4111,6220703125;62,291927337646484;66577,5078125;46,178367614746094;-418,7422790527344;-16,726545333862305;1,0536302328109741;0,40532901883125305;0,3315427005290985;0,015487529337406158
385;4111,6220703125;62,291927337646484;66577,5078125;111,81175994873047;-413,4713439941406;-18,226221084594727;1,0386017560958862;0,400411456823349;0,324083536863327;0,015253822319209576
386;4111,6220703125;62,291927337646484;66577,5078125;109,9458236694336;-420,1014099121094;-22,023502349853516;1,0886867046356201;0,42207229137420654;0,3372039794921875;0,016325917094945908
387;4111,6220703125;62,291927337646484;66577,5078125;95,71685791015625;-428,9566345214844;-19,750898361206055;1,1106890439987183;0,43564099073410034;0,34208759665489197;0,016878237947821617
388;4111,6220703125;62,291927337646484;66577,5078125;107,67862701416016;-433,9825744628906;-19,834484100341797;1,0992313623428345;0,42815783619880676;0,3347841203212738;0,016681674867868423
389;4111,6220703125;62,291927337646484;66577,5078125;117,02093505859375;-430,4251403808594;-21,322593688964844;1,1265236139297485;0,4418991208076477;0,3406984210014343;0,017322052270174026
390;4111,6220703125;62,291927337646484;66577,5078125;135,6605682373047;-427,60858154296875;-24,78610610961914;1,104932188987732;0,452686607837677;0,33553606271743774;0,017195185646414757
391;4111,6220703125;62,291927337646484;66577,5078125;157,86676025390625;-420,08050537109375;-23,850379943847656;1,1277618408203125;0,45587706565856934;0,3379882574081421;0,01765473373234272
392;4111,6220703125;62,291927337646484;66577,5078125;121,6340103149414;-427,9914855957031;-22,907562255859375;1,1377519369125366;0,453469842672348;0,33653584122657776;0,01785515435039997
393;4111,6220703125;62,291927337646484;66577,5078125;126,37101745605469;-429,31304931640625;-22,752517700195312;1,1503020524978638;0,47059574723243713;0,33993640542030334;0,01832481659948826
394;4111,6220703125;62,291927337646484;66577,5078125;131,93234252929688;-433,9425354003906;-24,93511962890625;1,1921601295471191;0,4756458103656769;0,3466869294643402;0,0190971028059721
395;4111,6220703125;62,291927337646484;66577,5078125;122,64220428466797;-438,37603759765625;-24,71397590637207;1,155186414718628;0,4705301821231842;0,33517780900001526;0,018575990572571754
396;4111,6220703125;62,291927337646484;66577,5078125;113,09718322753906;-444,7820739746094;-25,574369430541992;1,206587791442871;0,47681570053100586;0,34420517086982727;0,01950737088918686
397;4111,6220703125;62,291927337646484;66577,5078125;130,4082489013672;-453,0629577636719;-25,199390411376953;1,1610387563705444;0,47715136408805847;0,33239778876304626;0,018928170204162598
398;4111,6220703125;62,291927337646484;66577,5078125;115,2490234375;-458,2550354003906;-24,890727996826172;1,1480216979980469;0,47232866287231445;0,32630017399787903;0,018770743161439896
399;4111,6220703125;62,291927337646484;66577,5078125;129,46084594726562;-466,5063781738281;-28,21619987487793;1,2144079208374023;0,48185569047927856;0,3391396999359131;0,019982459023594856
400;4111,6220703125;62,291927337646484;66577,5078125;197,54750061035156;-448,4163513183594;-32,93791198730469;1,2017005681991577;0,4868721067905426;0,3353155255317688;0,019961578771471977
401;4111,6220703125;62,291927337646484;66577,5078125;177,9086456298828;-460,8877868652344;-34,45357131958008;1,1777969598770142;0,4936988651752472;0,32981324195861816;0,019783707335591316
402;4111,6220703125;62,291927337646484;66577,5078125;175,24050903320312;-467,63031005859375;-34,4405403137207;1,2413053512573242;0,4933139383792877;0,340349406003952;0,020852474495768547
403;4111,6220703125;62,291927337646484;66577,5078125;187,80494689941406;-475,2948913574219;-35,164100646972656;1,1753424406051636;0,48588457703590393;0,32409733533859253;0,0198761448264122
404;4111,6220703125;62,291927337646484;66577,5078125;205,37399291992188;-474,42822265625;-36,954185485839844;1,2246553897857666;0,485340416431427;0,33218997716903687;0,0207282193005085
405;4111,6220703125;62,291927337646484;66577,5078125;210,79150390625;-477,5933837890625;-37,808746337890625;1,212124228477478;0,4811415374279022;0,32756972312927246;0,02060227282345295
406;4111,6220703125;62,291927337646484;66577,5078125;192,6583709716797;-483,6681213378906;-36,58538818359375;1,2298948764801025;0,4881247878074646;0,33118027448654175;0,021082408726215363
407;4111,6220703125;62,291927337646484;66577,5078125;196,70565795898438;-479,8398132324219;-37,62978744506836;1,2128076553344727;0,48096054792404175;0,32555150985717773;0,020849555730819702
408;4111,6220703125;62,291927337646484;66577,5078125;190,31138610839844;-483,77899169921875;-37,30054473876953;1,248460292816162;0,5001533627510071;0,33519864082336426;0,021770630031824112
409;4111,6220703125;62,291927337646484;66577,5078125;179,4486083984375;-484,7282409667969;-36,98725891113281;1,2633742094039917;0,48910146951675415;0,3358311951160431;0,02197255566716194
410;4111,6220703125;62,291927337646484;66577,5078125;150,61131286621094;-496,5667724609375;-35,53640365600586;1,2750744819641113;0,4937288761138916;0,33864402770996094;0,022343460470438004
411;4111,6220703125;62,291927337646484;66577,5078125;148,3019561767578;-502,4252624511719;-34,409515380859375;1,2594506740570068;0,49287986755371094;0,33520591259002686;0,022227652370929718
412;4111,6220703125;62,291927337646484;66577,5078125;203,4656524658203;-492,3893127441406;-36,2729377746582;1,2815037965774536;0,4953824281692505;0,34025219082832336;0,022730471566319466
413;4111,6220703125;62,291927337646484;66577,5078125;206,8961181640625;-482,3912353515625;-36,44869613647461;1,2877347469329834;0,4949580132961273;0,3418298363685608;0,022954192012548447
414;4111,6220703125;62,291927337646484;66577,5078125;227,859619140625;-476,4533996582031;-37,62431335449219;1,277226448059082;0,48928242921829224;0,33935460448265076;0,02284855954349041
415;4111,6220703125;62,291927337646484;66577,5078125;205,6840057373047;-478,2117004394531;-36,95533752441406;1,2858555316925049;0,5095415115356445;0,34473657608032227;0,023402085527777672
416;4111,6220703125;62,291927337646484;66577,5078125;178,32704162597656;-480,8679504394531;-34,57248306274414;1,2494125366210938;0,4774570167064667;0,3334340751171112;0,0225177314132452
417;4111,6220703125;62,291927337646484;66577,5078125;149,8579864501953;-480,108642578125;-32,81088638305664;1,301650881767273;0,49226847290992737;0,3478342592716217;0,023675348609685898
418;4111,6220703125;62,291927337646484;66577,5078125;155,1470184326172;-488,5028381347656;-31,984373092651367;1,2033874988555908;0,4652666747570038;0,3240283727645874;0,021886149421334267
419;4111,6220703125;62,291927337646484;66577,5078125;162,5862274169922;-465,4480895996094;-32,71574783325195;1,2553116083145142;0,47435295581817627;0,33805230259895325;0,022960353642702103
420;4111,6220703125;62,291927337646484;66577,5078125;145,22027587890625;-469,2040710449219;-30,775135040283203;1,2697800397872925;0,4683476388454437;0,34220463037490845;0,02321520261466503
421;4111,6220703125;62,291927337646484;66577,5078125;159,74339294433594;-458,5974426269531;-33,27438735961914;1,2349451780319214;0,47032949328422546;0,33606740832328796;0,022842654958367348
422;4111,6220703125;62,291927337646484;66577,5078125;174,0318603515625;-448,1702880859375;-33,8254280090332;1,2523554563522339;0,46396639943122864;0,3411790430545807;0,023136107251048088
423;4111,6220703125;62,291927337646484;66577,5078125;125,96556091308594;-442,12774658203125;-31,915298461914062;1,2741929292678833;0,4649958312511444;0,3483281433582306;0,023610955104231834
424;4111,6220703125;62,291927337646484;66577,5078125;142,7019500732422;-423,28021240234375;-33,79061508178711;1,2769386768341064;0,455540269613266;0,3501207232475281;0,023601291701197624
425;4111,6220703125;62,291927337646484;66577,5078125;147,25059509277344;-407,8266296386719;-34,08747100830078;1,25112783908844;0,4577876031398773;0,3460753262042999;0,023378582671284676
426;4111,6220703125;62,291927337646484;66577,5078125;158,01939392089844;-386,7611083984375;-32,325172424316406;1,19308340549469;0,4417003095149994;0,3323862850666046;0,02232280559837818
427;4111,6220703125;62,291927337646484;66577,5078125;171,80426025390625;-355,8690185546875;-33,837188720703125;1,2344586849212646;0,4493646025657654;0,34532198309898376;0,023202909156680107
428;4111,6220703125;62,291927337646484;66577,5078125;158,18002319335938;-332,6748352050781;-33,12004852294922;1,227202296257019;0,45072418451309204;0,3456053137779236;0,023227833211421967
429;4111,6220703125;62,291927337646484;66577,5078125;146,62161254882812;-297,6991271972656;-30,797691345214844;1,2037911415100098;0,4330131411552429;0,34038451313972473;0,022634511813521385
430;4111,6220703125;62,291927337646484;66577,5078125;135,79617309570312;-273,3466796875;-32,203025817871094;1,2218433618545532;0,4333767294883728;0,34715500473976135;0,02299678511917591
431;4111,6220703125;62,291927337646484;66577,5078125;117,35627746582031;-253,61695861816406;-30,061687469482422;1,223388910293579;0,4466633200645447;0,3503130078315735;0,023395854979753494
432;4111,6220703125;62,291927337646484;66577,5078125;81,31816864013672;-224,95240783691406;-28,146486282348633;1,2006151676177979;0,43363791704177856;0,3454378545284271;0,022878970950841904
433;4111,6220703125;62,291927337646484;66577,5078125;64,48715209960938;-205,09486389160156;-25,01531982421875;1,199828028678894;0,43184253573417664;0,34701165556907654;0,022909600287675858
434;4111,6220703125;62,291927337646484;66577,5078125;76,76542663574219;-172,10450744628906;-26,24471664428711;1,1777141094207764;0,430679053068161;0,342602014541626;0,022647429257631302
435;4111,6220703125;62,291927337646484;66577,5078125;58,2429084777832;-151,1741485595703;-22,994247436523438;1,2008190155029297;0,4255303144454956;0,3506520092487335;0,022899486124515533
436;4111,6220703125;62,291927337646484;66577,5078125;39,60575866699219;-125,03522491455078;-21,63080596923828;1,2061642408370972;0,42825207114219666;0,353934645652771;0,023095665499567986
437;4111,6220703125;62,291927337646484;66577,5078125;16,929458618164062;-104,49260711669922;-19,795642852783203;1,2034223079681396;0,4283127188682556;0,3547579050064087;0,023110821843147278
438;4111,6220703125;62,291927337646484;66577,5078125;38,44219207763672;-80,39532470703125;-20,010778427124023;1,1630916595458984;0,4218204915523529;0,3442933261394501;0,0224826131016016
439;4111,6220703125;62,291927337646484;66577,5078125;8,866255760192871;-66,113525390625;-16,04730796813965;1,2010442018508911;0,43008536100387573;0,3569430410861969;0,023208387196063995
440;4111,6220703125;62,291927337646484;66577,5078125;-18,76259994506836;-50,71542739868164;-16,986461639404297;1,1732310056686401;0,4200037121772766;0,3499417304992676;0,02259204350411892
441;4111,6220703125;62,291927337646484;66577,5078125;-25,96482276916504;-39,85641098022461;-14,08707332611084;1,1594055891036987;0,42097747325897217;0,34663888812065125;0,022522907704114914
442;4111,6220703125;62,291927337646484;66577,5078125;15,000677108764648;-24,41570472717285;-17,10047149658203;1,1514025926589966;0,4181819558143616;0,3451554477214813;0,022362789139151573
443;4111,6220703125;62,291927337646484;66577,5078125;-21,479299545288086;-2,345463514328003;-15,666044235229492;1,1755887269973755;0,42398276925086975;0,35361894965171814;0,022758709266781807
444;4111,6220703125;62,291927337646484;66577,5078125;-33,746891021728516;14,85317325592041;-16,37894630432129;1,1620430946350098;0,42007794976234436;0,3502633273601532;0,022464808076620102
445;4111,6220703125;62,291927337646484;66577,5078125;-50,10893249511719;32,447410583496094;-14,167049407958984;1,1603511571884155;0,4216075837612152;0,3500320613384247;0,02253124862909317
446;4111,6220703125;62,291927337646484;66577,5078125;-40,838470458984375;56,23725891113281;-12,833192825317383;1,162796974182129;0,4232831597328186;0,3512338399887085;0,02257915399968624
447;4111,6220703125;62,291927337646484;66577,5078125;-31,66830825805664;74,95548248291016;-15,406536102294922;1,1767641305923462;0,4293099641799927;0,3558421730995178;0,0228657778352499
448;4111,6220703125;62,291927337646484;66577,5078125;-59,46564865112305;91,34104919433594;-13,907955169677734;1,1644586324691772;0,4260086417198181;0,35213613510131836;0,022602826356887817
449;4111,6220703125;62,291927337646484;66577,5078125;-121,57946014404297;120,76892852783203;-8,662678718566895;1,1553568840026855;0,42462339997291565;0,34995386004447937;0,02227347530424595
450;4111,6220703125;62,291927337646484;66577,5078125;-128,346923828125;147,28851318359375;-8,36172866821289;1,1663461923599243;0,42887255549430847;0,35234275460243225;0,02264404110610485
451;4111,6220703125;62,291927337646484;66577,5078125;-105,6445541381836;161,38827514648438;-10,916831970214844;1,209628939628601;0,4492563307285309;0,36630451679229736;0,023416949436068535
452;4111,6220703125;62,291927337646484;66577,5078125;-105,34690856933594;172,226318359375;-7,216720104217529;1,1455955505371094;0,4235241115093231;0,34522008895874023;0,02212327904999256
453;4111,6220703125;62,291927337646484;66577,5078125;-171,1488037109375;197,17803955078125;-4,828731060028076;1,1908318996429443;0,445983350276947;0,35942384600639343;0,02296832576394081
454;4111,6220703125;62,291927337646484;66577,5078125;-192,77389526367188;226,06454467773438;-1,7103722095489502;1,1696884632110596;0,4407459795475006;0,35247477889060974;0,022438079118728638
455;4111,6220703125;62,291927337646484;66577,5078125;-219,37013244628906;237,2732696533203;-3,097273826599121;1,1935023069381714;0,4544486999511719;0,35933607816696167;0,022865846753120422
456;4111,6220703125;62,291927337646484;66577,5078125;-212,4516143798828;256,7534484863281;-1,1852794885635376;1,1672532558441162;0,44238781929016113;0,34951844811439514;0,022335775196552277
457;4111,6220703125;62,291927337646484;66577,5078125;-222,94667053222656;274,9279479980469;-1,760542869567871;1,1908318996429443;0,4586215615272522;0,3564448654651642;0,022708753123879433
458;4111,6220703125;62,291927337646484;66577,5078125;-248,68133544921875;295,04534912109375;0,6224610805511475;1,1673474311828613;0,445622056722641;0,3469909727573395;0,02223467268049717
459;4111,6220703125;62,291927337646484;66577,5078125;-289,2123107910156;316,4248046875;4,133058071136475;1,1823625564575195;0,45169398188591003;0,3497719466686249;0,022524209693074226
460;4111,6220703125;62,291927337646484;66577,5078125;-295,64654541015625;334,3896789550781;3,085418224334717;1,2087149620056152;0,47038504481315613;0,3571345806121826;0,022961242124438286
461;4111,6220703125;62,291927337646484;66577,5078125;-324,2224426269531;349,2952575683594;4,651462078094482;1,1915028095245361;0,4597834348678589;0,34943389892578125;0,02256868965923786
462;4111,6220703125;62,291927337646484;66577,5078125;-306,4043273925781;373,1652526855469;5,016021728515625;1,194094181060791;0,4633769094944;0,3485671579837799;0,022538967430591583
463;4111,6220703125;62,291927337646484;66577,5078125;-340,0411071777344;403,3952941894531;6,438554763793945;1,2105811834335327;0,4734191298484802;0,35178783535957336;0,022802947089076042
464;4111,6220703125;62,291927337646484;66577,5078125;-329,0176696777344;422,8833923339844;6,491349697113037;1,1997605562210083;0,47254592180252075;0,3469353914260864;0,0224651787430048
465;4111,6220703125;62,291927337646484;66577,5078125;-369,28082275390625;456,9565734863281;9,033793449401855;1,206433653831482;0,4809151589870453;0,347420334815979;0,022494735196232796
466;4111,6220703125;62,291927337646484;66577,5078125;-451,35113525390625;503,47509765625;15,144492149353027;1,2065280675888062;0,47332921624183655;0,3440536558628082;0,02245180308818817
467;4111,6220703125;62,291927337646484;66577,5078125;-409,7803649902344;533,7686157226562;11,722989082336426;1,2216227054595947;0,47658196091651917;0,3456302881240845;0,02268635295331478
468;4111,6220703125;62,291927337646484;66577,5078125;-386,3746643066406;555,574462890625;8,621103286743164;1,2497388124465942;0,4953359067440033;0,35217902064323425;0,02316419780254364
469;4111,6220703125;62,291927337646484;66577,5078125;-432,32354736328125;586,4102783203125;10,581280708312988;1,2249119281768799;0,4756426513195038;0,34149786829948425;0,02253790572285652
470;4111,6220703125;62,291927337646484;66577,5078125;-466,17791748046875;628,87646484375;10,930316925048828;1,245193600654602;0,49403008818626404;0,3460467457771301;0,02284080907702446
471;4111,6220703125;62,291927337646484;66577,5078125;-465,8229675292969;657,5781860351562;10,759566307067871;1,2650572061538696;0,5188584327697754;0,35122421383857727;0,023105734959244728
472;4111,6220703125;62,291927337646484;66577,5078125;-490,7355041503906;681,513427734375;11,88371467590332;1,2662221193313599;0,5027889609336853;0,34701472520828247;0,023042507469654083
473;4111,6220703125;62,291927337646484;66577,5078125;-488,1331787109375;707,4150390625;12,039079666137695;1,2584588527679443;0,500649631023407;0,342608243227005;0,022751502692699432
474;4111,6220703125;62,291927337646484;66577,5078125;-498,7827453613281;727,8475341796875;10,220239639282227;1,2621700763702393;0,5161017179489136;0,34292489290237427;0,02269040234386921
475;4111,6220703125;62,291927337646484;66577,5078125;-501,9116516113281;741,51611328125;9,243295669555664;1,2873352766036987;0,5248022675514221;0,34722602367401123;0,023089297115802765
476;4111,6220703125;62,291927337646484;66577,5078125;-547,9878540039062;758,95361328125;10,553069114685059;1,2659878730773926;0,500469446182251;0,33748894929885864;0,02251075953245163
477;4111,6220703125;62,291927337646484;66577,5078125;-554,9075317382812;771,6784057617188;11,485878944396973;1,2545404434204102;0,4865889251232147;0,3313639461994171;0,02212144248187542
478;4111,6220703125;62,291927337646484;66577,5078125;-548,4404296875;770,963623046875;9,327706336975098;1,2565988302230835;0,494622141122818;0,3307410180568695;0,022039804607629776
479;4111,6220703125;62,291927337646484;66577,5078125;-565,3493041992188;769,513427734375;11,763526916503906;1,2863974571228027;0,512083113193512;0,3373219966888428;0,022517815232276917
480;4111,6220703125;62,291927337646484;66577,5078125;-530,665771484375;765,3707885742188;10,752114295959473;1,2955204248428345;0,522043764591217;0,3386169373989105;0,022569887340068817
481;4111,6220703125;62,291927337646484;66577,5078125;-597,9844360351562;780,8285522460938;13,298554420471191;1,3126780986785889;0,5222448706626892;0,34081193804740906;0,022761236876249313
482;4111,6220703125;62,291927337646484;66577,5078125;-640,65185546875;784,2193603515625;14,136051177978516;1,3197301626205444;0,5186643600463867;0,34059765934944153;0,022742733359336853
483;4111,6220703125;62,291927337646484;66577,5078125;-630,381591796875;774,96044921875;14,567387580871582;1,3325034379959106;0,5214227437973022;0,3424404263496399;0,022843800485134125
484;4111,6220703125;62,291927337646484;66577,5078125;-627,6076049804688;771,2188110351562;14,856797218322754;1,3133118152618408;0,5308493971824646;0,3380046486854553;0,022357748821377754
485;4111,6220703125;62,291927337646484;66577,5078125;-721,7335205078125;801,758544921875;19,485261917114258;1,3179302215576172;0,5326359868049622;0,3383024036884308;0,022304972633719444
486;4111,6220703125;62,291927337646484;66577,5078125;-660,869140625;768,8637084960938;18,189678192138672;1,3332931995391846;0,5445676445960999;0,34204813838005066;0,022470645606517792
487;4111,6220703125;62,291927337646484;66577,5078125;-731,6792602539062;794,5629272460938;21,22173309326172;1,3635464906692505;0,5533235669136047;0,34901943802833557;0,022910568863153458
488;4111,6220703125;62,291927337646484;66577,5078125;-674,6898803710938;778,1734008789062;17,209915161132812;1,3645600080490112;0,5625798106193542;0,3497220575809479;0,022797636687755585
489;4111,6220703125;62,291927337646484;66577,5078125;-670,6570434570312;773,3572998046875;20,422626495361328;1,3806804418563843;0,5536971688270569;0,35259875655174255;0,02293405868113041
490;4111,6220703125;62,291927337646484;66577,5078125;-685,0388793945312;788,2681884765625;20,358083724975586;1,3481924533843994;0,5377132892608643;0,3443058431148529;0,022163327783346176
491;4111,6220703125;62,291927337646484;66577,5078125;-645,9896240234375;774,7144165039062;19,276548385620117;1,3858072757720947;0,5766639113426208;0,3560146391391754;0,022777076810598373
492;4111,6220703125;62,291927337646484;66577,5078125;-701,0466918945312;788,4683227539062;20,566774368286133;1,3519837856292725;0,5285770893096924;0,3457168638706207;0,021931441500782967
493;4111,6220703125;62,291927337646484;66577,5078125;-633,1442260742188;762,724853515625;18,329923629760742;1,36406409740448;0,5472287535667419;0,3505663573741913;0,02205676957964897
494;4111,6220703125;62,291927337646484;66577,5078125;-604,4932861328125;764,149658203125;18,095375061035156;1,3675520420074463;0,5481767654418945;0,35253217816352844;0,02198636159300804
495;4111,6220703125;62,291927337646484;66577,5078125;-577,6072998046875;749,1920166015625;16,788700103759766;1,3475357294082642;0,5246032476425171;0,34785231947898865;0,021444186568260193
496;4111,6220703125;62,291927337646484;66577,5078125;-549,555419921875;747,6654663085938;16,080366134643555;1,3532942533493042;0,5281198620796204;0,3509422540664673;0,021427050232887268
497;4111,6220703125;62,291927337646484;66577,5078125;-525,4595947265625;729,6669311523438;14,196616172790527;1,3622440099716187;0,5463418960571289;0,3556375801563263;0,021495044231414795
498;4111,6220703125;62,291927337646484;66577,5078125;-540,9235229492188;751,4163208007812;17,91434097290039;1,375154733657837;0,5377069711685181;0,36032310128211975;0,021582791581749916
499;4111,6220703125;62,291927337646484;66577,5078125;-497,61480712890625;729,0076293945312;18,03279685974121;1,3617501258850098;0,535648763179779;0,35899075865745544;0,02122037298977375
500;4111,6220703125;62,291927337646484;66577,5078125;-459,7624206542969;733,1751098632812;11,815346717834473;1,373937726020813;0,5540301203727722;0,36484870314598083;0,02133871242403984
501;4111,6220703125;62,291927337646484;66577,5078125;-500,41839599609375;749,3851928710938;17,010347366333008;1,3724498748779297;0,5535284876823425;0,36675360798835754;0,021189916878938675
502;4111,6220703125;62,291927337646484;66577,5078125;-458,5494079589844;731,3695678710938;12,8721923828125;1,3855525255203247;0,548390805721283;0,3724837601184845;0,021306833252310753
503;4111,6220703125;62,291927337646484;66577,5078125;-399,0027160644531;726,5823364257812;10,049210548400879;1,3846060037612915;0,5390415191650391;0,37468215823173523;0,02116788551211357
504;4111,6220703125;62,291927337646484;66577,5078125;-399,7989501953125;712,5046997070312;13,870593070983887;1,3577828407287598;0,5213075280189514;0,3700351417064667;0,02056637406349182
505;4111,6220703125;62,291927337646484;66577,5078125;-381,19378662109375;708,7057495117188;12,812737464904785;1,32845938205719;0,5104668140411377;0,3647959232330322;0,0199333094060421
506;4111,6220703125;62,291927337646484;66577,5078125;-353,4251403808594;716,8573608398438;9,062789916992188;1,3778083324432373;0,530727207660675;0,3812704086303711;0,02072291262447834
507;4111,6220703125;62,291927337646484;66577,5078125;-350,434326171875;714,8726196289062;13,085470199584961;1,344481348991394;0,501464307308197;0,37497615814208984;0,02001209184527397
508;4111,6220703125;62,291927337646484;66577,5078125;-307,62603759765625;692,767578125;16,518407821655273;1,338219165802002;0,5136801600456238;0,37611135840415955;0,019812121987342834
509;4111,6220703125;62,291927337646484;66577,5078125;-310,2523498535156;706,7363891601562;11,351126670837402;1,3158572912216187;0,5006205439567566;0,37279200553894043;0,01931910589337349
510;4111,6220703125;62,291927337646484;66577,5078125;-263,8717956542969;710,9912719726562;12,033987998962402;1,31637704372406;0,5051189064979553;0,3757942020893097;0,019230620935559273
511;4111,6220703125;62,291927337646484;66577,5078125;-308,9967346191406;718,5588989257812;14,62620735168457;1,3144382238388062;0,49347224831581116;0,378397136926651;0,019119324162602425
512;4111,6220703125;62,291927337646484;66577,5078125;-318,18359375;708,9557495117188;11,815773963928223;1,301474690437317;0,4921175241470337;0,3774888813495636;0,018795184791088104
513;4111,6220703125;62,291927337646484;66577,5078125;-279,9739990234375;681,5261840820312;14,168394088745117;1,2821258306503296;0,4742651581764221;0,3750646412372589;0,018382113426923752
514;4111,6220703125;62,291927337646484;66577,5078125;-236,9986572265625;676,41357421875;14,527256965637207;1,303686261177063;0,5010849833488464;0,3834928572177887;0,018625274300575256
515;4111,6220703125;62,291927337646484;66577,5078125;-222,86495971679688;653,3710327148438;12,860074996948242;1,3122562170028687;0,48250430822372437;0,3897897005081177;0,018766604363918304
516;4111,6220703125;62,291927337646484;66577,5078125;-192,22573852539062;638,4038696289062;14,312935829162598;1,2296369075775146;0,4448704421520233;0,3682614862918854;0,017228277400135994
517;4111,6220703125;62,291927337646484;66577,5078125;-206,43072509765625;642,6729125976562;10,851357460021973;1,2637295722961426;0,4606281518936157;0,38096362352371216;0,017757544293999672
518;4111,6220703125;62,291927337646484;66577,5078125;-191,2653350830078;607,185546875;9,241774559020996;1,2457693815231323;0,4481778144836426;0,378478080034256;0,017383579164743423
519;4111,6220703125;62,291927337646484;66577,5078125;-153,03475952148438;580,6763305664062;8,708829879760742;1,291524052619934;0,48279139399528503;0,3935967981815338;0,018017690628767014
520;4111,6220703125;62,291927337646484;66577,5078125;-183,17872619628906;567,7970581054688;7,154269695281982;1,2162193059921265;0,43285390734672546;0,3746388256549835;0,016730016097426414
521;4111,6220703125;62,291927337646484;66577,5078125;-134,5705108642578;540,533935546875;8,851408958435059;1,216628074645996;0,4326333701610565;0,37704795598983765;0,01666724681854248
522;4111,6220703125;62,291927337646484;66577,5078125;-109,33856201171875;499,781494140625;3,925039052963257;1,160720705986023;0,4019119143486023;0,362811803817749;0,015654245391488075
523;4111,6220703125;62,291927337646484;66577,5078125;-108,3902587890625;481,7865295410156;2,9123897552490234;1,1571393013000488;0,39532026648521423;0,3642614483833313;0,015565323643386364
524;4111,6220703125;62,291927337646484;66577,5078125;-108,29654693603516;465,7093811035156;4,928135871887207;1,1495885848999023;0,3911944627761841;0,36396923661231995;0,015379425138235092
525;4111,6220703125;62,291927337646484;66577,5078125;-110,5419692993164;447,5683288574219;12,9432373046875;1,1033382415771484;0,37074705958366394;0,35163989663124084;0,01450273860245943
526;4111,6220703125;62,291927337646484;66577,5078125;-92,3224105834961;431,5417785644531;9,038093566894531;1,0788993835449219;0,3473816215991974;0,3475083112716675;0,014123111963272095
527;4111,6220703125;62,291927337646484;66577,5078125;-65,43248748779297;393,44366455078125;5,360095977783203;1,1252785921096802;0,367550790309906;0,36342236399650574;0,014912009239196777
528;4111,6220703125;62,291927337646484;66577,5078125;-60,70942306518555;378,995361328125;7,1516547203063965;1,1004884243011475;0,3638044595718384;0,35619959235191345;0,014357647858560085
529;4111,6220703125;62,291927337646484;66577,5078125;-86,63892364501953;359,78271484375;9,1019868850708;1,0430980920791626;0,3317849338054657;0,34120669960975647;0,013391084969043732
530;4111,6220703125;62,291927337646484;66577,5078125;-77,78736114501953;340,4214172363281;9,068346977233887;1,0528208017349243;0,337252140045166;0,3452489376068115;0,013518847525119781
531;4111,6220703125;62,291927337646484;66577,5078125;-47,92242431640625;305,29144287109375;2,367852210998535;1,0339875221252441;0,33298927545547485;0,33980628848075867;0,013089559972286224
532;4111,6220703125;62,291927337646484;66577,5078125;-40,70695495605469;302,8061828613281;1,7193180322647095;1,0260919332504272;0,3252168297767639;0,33946624398231506;0,013004769571125507
533;4111,6220703125;62,291927337646484;66577,5078125;-14,407794952392578;271,1925354003906;3,4871058464050293;1,027670979499817;0,3254726529121399;0,3409990072250366;0,013015986420214176
534;4111,6220703125;62,291927337646484;66577,5078125;-5,7700724601745605;239,37159729003906;3,624457836151123;0,9569587707519531;0,2967342734336853;0,3203641176223755;0,011751365847885609
535;4111,6220703125;62,291927337646484;66577,5078125;-1,5602959394454956;215,17626953125;3,21311616897583;1,00121009349823;0,3140814006328583;0,3348248302936554;0,012541900388896465
536;4111,6220703125;62,291927337646484;66577,5078125;33,67149353027344;204,91107177734375;-1,6890864372253418;0,9950258731842041;0,3113167881965637;0,3338460922241211;0,012443283572793007
537;4111,6220703125;62,291927337646484;66577,5078125;-38,8723258972168;172,44187927246094;4,955338478088379;0,9748339056968689;0,30545520782470703;0,3274993896484375;0,012019447050988674
538;4111,6220703125;62,291927337646484;66577,5078125;-9,885381698608398;163,39857482910156;-2,642225742340088;0,964453399181366;0,2991916835308075;0,32668831944465637;0,011982390657067299
539;4111,6220703125;62,291927337646484;66577,5078125;-35,334320068359375;144,6537628173828;0,910591185092926;0,954867959022522;0,29629990458488464;0,32463526725769043;0,011850005015730858
540;4111,6220703125;62,291927337646484;66577,5078125;-10,522303581237793;129,06954956054688;-0,25467967987060547;0,9583592414855957;0,29899340867996216;0,3256399631500244;0,011901223100721836
541;4111,6220703125;62,291927337646484;66577,5078125;-51,48105239868164;99,20564270019531;-0,5860718488693237;0,9610097408294678;0,3005123734474182;0,32785552740097046;0,012041517533361912
542;4111,6220703125;62,291927337646484;66577,5078125;-86,17247772216797;89,88614654541016;3,275852918624878;0,9598779082298279;0,3017337918281555;0,32688191533088684;0,011995051056146622
543;4111,6220703125;62,291927337646484;66577,5078125;-56,3692741394043;83,40585327148438;-0,4972607493400574;0,9707224369049072;0,3065372407436371;0,3306591808795929;0,012240958400070667
544;4111,6220703125;62,291927337646484;66577,5078125;-77,33124542236328;72,96566009521484;4,658477306365967;0,9541138410568237;0,30309954285621643;0,32561323046684265;0,011980606243014336
545;4111,6220703125;62,291927337646484;66577,5078125;-94,5703125;52,2994270324707;2,422020435333252;0,942124605178833;0,3012617528438568;0,3216782808303833;0,011791057884693146
546;4111,6220703125;62,291927337646484;66577,5078125;-140,78346252441406;28,878393173217773;2,689937114715576;0,9569288492202759;0,3086521625518799;0,3271620571613312;0,012169010937213898
547;4111,6220703125;62,291927337646484;66577,5078125;-178,59622192382812;17,166301727294922;6,471753120422363;0,9616471529006958;0,31171879172325134;0,3279115855693817;0,012272996827960014
548;4111,6220703125;62,291927337646484;66577,5078125;-164,93785095214844;6,475217342376709;6,416509628295898;0,9768856167793274;0,3177907466888428;0,3319384455680847;0,012576078064739704
549;4111,6220703125;62,291927337646484;66577,5078125;-166,17703247070312;-11,453526496887207;8,410147666931152;0,9857783317565918;0,3222365379333496;0,33402711153030396;0,012775085866451263
550;4111,6220703125;62,291927337646484;66577,5078125;-120,87183380126953;-23,191978454589844;3,6069962978363037;0,9740877151489258;0,3217082917690277;0,32994911074638367;0,012627871707081795
551;4111,6220703125;62,291927337646484;66577,5078125;-127,0552749633789;-29,427907943725586;1,394948959350586;0,981610894203186;0,326124906539917;0,3314951956272125;0,012815247289836407
552;4111,6220703125;62,291927337646484;66577,5078125;-164,3815460205078;-58,920257568359375;6,55029296875;0,9443911910057068;0,3186328411102295;0,3191368579864502;0,012189825065433979
553;4111,6220703125;62,291927337646484;66577,5078125;-161,8622283935547;-70,92031860351562;6,173084259033203;0,9781033396720886;0,3355604112148285;0,33066049218177795;0,012987998314201832
554;4111,6220703125;62,291927337646484;66577,5078125;-127,32405090332031;-77,91751098632812;4,9082932472229;0,9752873778343201;0,33600789308547974;0,3280452489852905;0,012960482388734818
555;4111,6220703125;62,291927337646484;66577,5078125;-139,83786010742188;-96,94630432128906;3,577268362045288;1,0339159965515137;0,35336101055145264;0,3444267213344574;0,014056031592190266
556;4111,6220703125;62,291927337646484;66577,5078125;-97,53385162353516;-114,68336486816406;-0,21766100823879242;1,0164175033569336;0,3555046319961548;0,3390492796897888;0,01388341560959816
557;4111,6220703125;62,291927337646484;66577,5078125;-118,62417602539062;-130,38833618164062;1,2886844873428345;1,0338505506515503;0,3592442274093628;0,34165284037590027;0,014191408641636372
558;4111,6220703125;62,291927337646484;66577,5078125;-104,11486053466797;-149,51974487304688;0,5657240152359009;1,047769546508789;0,3712978959083557;0,34598055481910706;0,01460475567728281
559;4111,6220703125;62,291927337646484;66577,5078125;-120,82501983642578;-171,25733947753906;2,1670730113983154;1,0224186182022095;0,36686110496520996;0,3364250957965851;0,014208866283297539
560;4111,6220703125;62,291927337646484;66577,5078125;-103,88763427734375;-188,17425537109375;5,040950298309326;1,0338716506958008;0,3741464912891388;0,3384673595428467;0,014505987986922264
561;4111,6220703125;62,291927337646484;66577,5078125;-93,74958038330078;-200,36038208007812;-0,12359673529863358;1,0964677333831787;0,3908172845840454;0,3544507622718811;0,015652310103178024
562;4111,6220703125;62,291927337646484;66577,5078125;-107,74412536621094;-237,52371215820312;-1,7899346351623535;1,0661028623580933;0,38953033089637756;0,3444579243659973;0,015249986201524734
563;4111,6220703125;62,291927337646484;66577,5078125;-81,03822326660156;-253,06675720214844;-3,59757137298584;1,0710982084274292;0,3954114317893982;0,34428128600120544;0,01544203795492649
564;4111,6220703125;62,291927337646484;66577,5078125;-98,82174682617188;-283,26849365234375;-1,0253649950027466;1,0991530418395996;0,4000234305858612;0,3488388657569885;0,015938594937324524
565;4111,6220703125;62,291927337646484;66577,5078125;-83,99066162109375;-310,639892578125;-1,6566276550292969;1,0888572931289673;0,4140951633453369;0,34714892506599426;0,01603175513446331
566;4111,6220703125;62,291927337646484;66577,5078125;-41,9946174621582;-319,2576599121094;-5,671563148498535;1,087730884552002;0,415718138217926;0,3442625403404236;0,016086360439658165
567;4111,6220703125;62,291927337646484;66577,5078125;3,2237954139709473;-317,9757385253906;-5,788531303405762;1,0895687341690063;0,4217098653316498;0,3430878818035126;0,016239697113633156
568;4111,6220703125;62,291927337646484;66577,5078125;-35,64570999145508;-348,1880187988281;-6,03303861618042;1,0726641416549683;0,4319697916507721;0,33886221051216125;0,016155220568180084
569;4111,6220703125;62,291927337646484;66577,5078125;-60,79749298095703;-370,69830322265625;-4,235994815826416;1,1339775323867798;0,43545785546302795;0,34987619519233704;0,01717514730989933
570;4111,6220703125;62,291927337646484;66577,5078125;-41,30202102661133;-385,6752624511719;-7,752381324768066;1,1103718280792236;0,4281620681285858;0,3399240970611572;0,016802556812763214
571;4111,6220703125;62,291927337646484;66577,5078125;3,7568180561065674;-385,6153869628906;-10,996545791625977;1,114965796470642;0,4509677290916443;0,3431435227394104;0,017205268144607544
572;4111,6220703125;62,291927337646484;66577,5078125;-6,992046356201172;-403,08026123046875;-11,605851173400879;1,1356605291366577;0,4432567358016968;0,3426637053489685;0,01749705709517002
573;4111,6220703125;62,291927337646484;66577,5078125;-27,90167999267578;-427,4998779296875;-10,193379402160645;1,17435884475708;0,4648783802986145;0,3526371717453003;0,018400045111775398
574;4111,6220703125;62,291927337646484;66577,5078125;-36,32292556762695;-438,852294921875;-9,777138710021973;1,1425366401672363;0,46567508578300476;0,34302911162376404;0,018012452870607376
575;4111,6220703125;62,291927337646484;66577,5078125;-86,7795639038086;-453,69219970703125;-8,326857566833496;1,1350231170654297;0,46051493287086487;0,33730652928352356;0,017923885956406593
576;4111,6220703125;62,291927337646484;66577,5078125;-17,07988166809082;-441,2433776855469;-11,047795295715332;1,1824164390563965;0,468843549489975;0,3459888994693756;0,018810098990797997
577;4111,6220703125;62,291927337646484;66577,5078125;0,8744987845420837;-438,7427673339844;-12,664302825927734;1,147056221961975;0,47739094495773315;0,33767080307006836;0,018463075160980225
578;4111,6220703125;62,291927337646484;66577,5078125;6,556954383850098;-445,88311767578125;-15,241059303283691;1,2311831712722778;0,47446510195732117;0,35144662857055664;0,019765576347708702
579;4111,6220703125;62,291927337646484;66577,5078125;-23,661846160888672;-454,9951171875;-13,655115127563477;1,187214732170105;0,4865489602088928;0,3421953022480011;0,01936197839677334
580;4111,6220703125;62,291927337646484;66577,5078125;22,4757022857666;-444,97894287109375;-16,299564361572266;1,2205874919891357;0,4795549213886261;0,34485048055648804;0,019867612048983574
581;4111,6220703125;62,291927337646484;66577,5078125;52,16297149658203;-443,7078552246094;-19,690040588378906;1,1666052341461182;0,48270514607429504;0,3321039378643036;0,01919979602098465
582;4111,6220703125;62,291927337646484;66577,5078125;52,23432540893555;-449,7470703125;-20,76692008972168;1,1773351430892944;0,4968024492263794;0,33474308252334595;0,019619973376393318
583;4111,6220703125;62,291927337646484;66577,5078125;70,0500717163086;-455,4317932128906;-19,73702049255371;1,239651083946228;0,4874584972858429;0,34302812814712524;0,02055429480969906
584;4111,6220703125;62,291927337646484;66577,5078125;34,77410125732422;-466,4794616699219;-20,122600555419922;1,220098614692688;0,47797703742980957;0,33519986271858215;0,02024700865149498
585;4111,6220703125;62,291927337646484;66577,5078125;55,7413330078125;-464,4835510253906;-23,689287185668945;1,172587275505066;0,48184189200401306;0,32458654046058655;0,019694916903972626
586;4111,6220703125;62,291927337646484;66577,5078125;92,60736083984375;-456,2018737792969;-23,906421661376953;1,2134743928909302;0,4795823395252228;0,33055633306503296;0,020390454679727554
587;4111,6220703125;62,291927337646484;66577,5078125;143,00714111328125;-441,0372619628906;-27,9898738861084;1,1926910877227783;0,4931074380874634;0,32739612460136414;0,020362861454486847
588;4111,6220703125;62,291927337646484;66577,5078125;162,12486267089844;-434,50799560546875;-31,23775291442871;1,2741211652755737;0,4983689785003662;0,34313541650772095;0,021777167916297913
589;4111,6220703125;62,291927337646484;66577,5078125;22,284915924072266;-467,2076416015625;-22,77324104309082;1,2426527738571167;0,4870116710662842;0,3336724638938904;0,021275943145155907
590;4111,6220703125;62,291927337646484;66577,5078125;49,88610076904297;-464,823486328125;-25,182870864868164;1,2281692028045654;0,4978580176830292;0,3316900134086609;0,021323157474398613
591;4111,6220703125;62,291927337646484;66577,5078125;126,96318817138672;-443,0199890136719;-30,701337814331055;1,2364715337753296;0,4924873113632202;0,3316444456577301;0,021503858268260956
592;4111,6220703125;62,291927337646484;66577,5078125;94,7618408203125;-436,9783630371094;-29,416584014892578;1,2759498357772827;0,4918033182621002;0,3389723598957062;0,022214937955141068
593;4111,6220703125;62,291927337646484;66577,5078125;95,62776947021484;-433,0437927246094;-27,56798553466797;1,2470017671585083;0,49395570158958435;0,3331015408039093;0,021938210353255272
594;4111,6220703125;62,291927337646484;66577,5078125;80,81596374511719;-428,6044006347656;-29,07058334350586;1,2545244693756104;0,488368421792984;0,3336274027824402;0,022104132920503616
595;4111,6220703125;62,291927337646484;66577,5078125;81,05131530761719;-415,69720458984375;-28,64301109313965;1,2519276142120361;0,4962887465953827;0,3343864679336548;0,02230595238506794
596;4111,6220703125;62,291927337646484;66577,5078125;47,189640045166016;-411,4931640625;-27,109453201293945;1,262427568435669;0,4876419007778168;0,3355511426925659;0,02247682586312294
597;4111,6220703125;62,291927337646484;66577,5078125;56,08362579345703;-415,1225891113281;-25,724058151245117;1,2536052465438843;0,4802044928073883;0,33313021063804626;0,022365901619195938
598;4111,6220703125;62,291927337646484;66577,5078125;91,7469482421875;-404,62420654296875;-27,42530632019043;1,2504935264587402;0,4891633093357086;0,33440372347831726;0,022582361474633217
599;4111,6220703125;62,291927337646484;66577,5078125;52,13077926635742;-399,06561279296875;-27,60785675048828;1,2750643491744995;0,48277488350868225;0,33968302607536316;0,022998476400971413
600;4111,6220703125;62,291927337646484;66577,5078125;103,3585205078125;-385,29376220703125;-29,412439346313477;1,2666679620742798;0,47882887721061707;0,33842089772224426;0,022944189608097076
601;4111,6220703125;62,291927337646484;66577,5078125;103,61648559570312;-391,7853698730469;-28,84687614440918;1,2679557800292969;0,4701017141342163;0,3388797640800476;0,022958148270845413
602;4111,6220703125;62,291927337646484;66577,5078125;70,5159683227539;-385,09625244140625;-26,70560646057129;1,2468452453613281;0,46827784180641174;0,3353351950645447;0,022740976884961128
603;4111,6220703125;62,291927337646484;66577,5078125;125,56298065185547;-367,3623352050781;-31,162593841552734;1,2592411041259766;0,47845983505249023;0,3408026695251465;0,0232227835804224
604;4111,6220703125;62,291927337646484;66577,5078125;102,4138412475586;-366,58856201171875;-28,40570068359375;1,251847743988037;0,46431440114974976;0,3391644060611725;0,02301168441772461
605;4111,6220703125;62,291927337646484;66577,5078125;73,11500549316406;-362,5141906738281;-28,201066970825195;1,2244281768798828;0,45059505105018616;0,3330703675746918;0,02248511277139187
606;4111,6220703125;62,291927337646484;66577,5078125;53,04716873168945;-367,0013427734375;-26,69997215270996;1,232958436012268;0,45333585143089294;0,3371652364730835;0,022785786539316177
607;4111,6220703125;62,291927337646484;66577,5078125;108,6873779296875;-352,9446105957031;-31,529396057128906;1,2389323711395264;0,46033918857574463;0,3411387801170349;0,023119887337088585
608;4111,6220703125;62,291927337646484;66577,5078125;131,071533203125;-337,75323486328125;-32,300636291503906;1,2206239700317383;0,44611942768096924;0,33734655380249023;0,02270784042775631
609;4111,6220703125;62,291927337646484;66577,5078125;81,34114074707031;-335,5434265136719;-27,708799362182617;1,2105048894882202;0,4446161687374115;0,3366853594779968;0,022641777992248535
610;4111,6220703125;62,291927337646484;66577,5078125;111,8289794921875;-325,3165588378906;-28,521480560302734;1,1991686820983887;0,4450400173664093;0,335843026638031;0,022587021812796593
611;4111,6220703125;62,291927337646484;66577,5078125;95,88970184326172;-324,3385009765625;-25,820415496826172;1,1921782493591309;0,4373663067817688;0,3354387581348419;0,022444983944296837
612;4111,6220703125;62,291927337646484;66577,5078125;87,85781860351562;-312,2292175292969;-26,73937225341797;1,1915218830108643;0,43888983130455017;0,33731529116630554;0,022566545754671097
613;4111,6220703125;62,291927337646484;66577,5078125;97,98961639404297;-289,86859130859375;-26,789228439331055;1,225688099861145;0,44013044238090515;0,3482683002948761;0,02319648116827011
614;4111,6220703125;62,291927337646484;66577,5078125;59,48136901855469;-273,9563293457031;-24,713897705078125;1,2073326110839844;0,44043415784835815;0,3453978896141052;0,02302718535065651
615;4111,6220703125;62,291927337646484;66577,5078125;62,350101470947266;-253,74761962890625;-23,526636123657227;1,202317237854004;0,4359777867794037;0,3457283675670624;0,022950178012251854
616;4111,6220703125;62,291927337646484;66577,5078125;37,23811721801758;-232,8756866455078;-21,721555709838867;1,2198072671890259;0,4335378408432007;0,35226333141326904;0,023219889029860497
617;4111,6220703125;62,291927337646484;66577,5078125;78,09895324707031;-210,0701141357422;-22,88588523864746;1,1873449087142944;0,42913901805877686;0,3449579179286957;0,02274254336953163
618;4111,6220703125;62,291927337646484;66577,5078125;60,330299377441406;-197,5373077392578;-21,01620864868164;1,1709263324737549;0,42529070377349854;0,34191468358039856;0,022493980824947357
619;4111,6220703125;62,291927337646484;66577,5078125;15,073230743408203;-158,82435607910156;-18,190080642700195;1,1889177560806274;0,42225176095962524;0,34859171509742737;0,022707825526595116
620;4111,6220703125;62,291927337646484;66577,5078125;32,77988052368164;-135,50621032714844;-18,771730422973633;1,1698524951934814;0,4191703796386719;0,3446038067340851;0,02243490144610405
621;4111,6220703125;62,291927337646484;66577,5078125;-3,7525532245635986;-101,49028015136719;-17,570953369140625;1,1457775831222534;0,41098421812057495;0,33892831206321716;0,021944839507341385
622;4111,6220703125;62,291927337646484;66577,5078125;14,661993026733398;-75,54097747802734;-18,98780059814453;1,1853787899017334;0,4229455292224884;0,3520486056804657;0,022798502817749977
623;4111,6220703125;62,291927337646484;66577,5078125;17,107906341552734;-60,24650192260742;-20,80371856689453;1,1704952716827393;0,41898664832115173;0,34886395931243896;0,02252691425383091
624;4111,6220703125;62,291927337646484;66577,5078125;8,388884544372559;-29,49884033203125;-18,03787612915039;1,1474775075912476;0,4157508313655853;0,342900812625885;0,022212699055671692
625;4111,6220703125;62,291927337646484;66577,5078125;-12,835419654846191;-2,3928122520446777;-15,410411834716797;1,157328724861145;0,4149637520313263;0,3471653461456299;0,022248849272727966
626;4111,6220703125;62,291927337646484;66577,5078125;-3,3418972492218018;8,35335922241211;-16,973031997680664;1,171692132949829;0,4233004152774811;0,35213571786880493;0,022716553881764412
627;4111,6220703125;62,291927337646484;66577,5078125;-45,40574645996094;33,67804718017578;-11,329611778259277;1,1468422412872314;0,41464996337890625;0,34547534584999084;0,022136423736810684
628;4111,6220703125;62,291927337646484;66577,5078125;-45,917301177978516;73,7027359008789;-12,024940490722656;1,170695424079895;0,42486751079559326;0,353117972612381;0,02273968607187271
629;4111,6220703125;62,291927337646484;66577,5078125;-58,05813980102539;85,04830932617188;-11,044780731201172;1,1684885025024414;0,42458435893058777;0,35311126708984375;0,022639119997620583
630;4111,6220703125;62,291927337646484;66577,5078125;-63,90751647949219;107,37095642089844;-11,853193283081055;1,164513111114502;0,42464253306388855;0,351977676153183;0,022612782195210457
631;4111,6220703125;62,291927337646484;66577,5078125;-60,25957107543945;130,86199951171875;-12,180317878723145;1,155228614807129;0,42244401574134827;0,34985098242759705;0,02228514850139618
632;4111,6220703125;62,291927337646484;66577,5078125;-107,62247467041016;149,8656768798828;-7,8321075439453125;1,1629173755645752;0,4266563653945923;0,3519742488861084;0,022503476589918137
633;4111,6220703125;62,291927337646484;66577,5078125;-70,78927612304688;156,90321350097656;-11,15635871887207;1,166532039642334;0,4294101595878601;0,3528996706008911;0,022581281140446663
634;4111,6220703125;62,291927337646484;66577,5078125;-133,3977813720703;180,8805694580078;-5,9573750495910645;1,1482634544372559;0,42442426085472107;0,34720343351364136;0,02213154546916485
635;4111,6220703125;62,291927337646484;66577,5078125;-117,1659927368164;198,78245544433594;-7,506056785583496;1,1419644355773926;0,42276182770729065;0,3445766270160675;0,022007973864674568
636;4111,6220703125;62,291927337646484;66577,5078125;-123,14932250976562;213,39111328125;-7,622415542602539;1,1482434272766113;0,4280956983566284;0,3463565707206726;0,02206326462328434
637;4111,6220703125;62,291927337646484;66577,5078125;-197,08721923828125;249,6124267578125;-2,0376813411712646;1,1637167930603027;0,4353044033050537;0,3502354323863983;0,022388728335499763
638;4111,6220703125;62,291927337646484;66577,5078125;-219,41317749023438;271,4657287597656;-0,35749688744544983;1,1893020868301392;0,44845277070999146;0,35748782753944397;0,02287953905761242
639;4111,6220703125;62,291927337646484;66577,5078125;-199,34632873535156;284,0356750488281;-3,036482572555542;1,1643470525741577;0,4369116425514221;0,3481452465057373;0,022352689877152443
640;4111,6220703125;62,291927337646484;66577,5078125;-218,28660583496094;304,8866271972656;-0,6508651971817017;1,1251522302627563;0,42739740014076233;0,3360731601715088;0,021349845454096794
641;4111,6220703125;62,291927337646484;66577,5078125;-305,8940734863281;340,00799560546875;4,193763732910156;1,1574993133544922;0,4386161267757416;0,3439562916755676;0,02206832729279995
642;4111,6220703125;62,291927337646484;66577,5078125;-280,44720458984375;349,0713806152344;4,174861431121826;1,1563152074813843;0,4441204071044922;0,3430103361606598;0,021921196952462196
643;4111,6220703125;62,291927337646484;66577,5078125;-291,7605285644531;368,2489929199219;6,192300319671631;1,1585958003997803;0,44326794147491455;0,3416061997413635;0,021947700530290604
644;4111,6220703125;62,291927337646484;66577,5078125;-312,9017333984375;382,2623291015625;6,0040693283081055;1,1708827018737793;0,4543403387069702;0,344393253326416;0,02210121788084507
645;4111,6220703125;62,291927337646484;66577,5078125;-321,6840515136719;407,20086669921875;5,978029727935791;1,168763279914856;0,4565335810184479;0,34226134419441223;0,02196751907467842
646;4111,6220703125;62,291927337646484;66577,5078125;-406,8858642578125;430,42132568359375;8,743682861328125;1,1617740392684937;0,45016738772392273;0,33760789036750793;0,02177673950791359
647;4111,6220703125;62,291927337646484;66577,5078125;-344,2623596191406;449,9581298828125;5,546235084533691;1,1667786836624146;0,45002681016921997;0,3366553485393524;0,02181803248822689
648;4111,6220703125;62,291927337646484;66577,5078125;-388,1717224121094;488,7859802246094;8,661161422729492;1,1755034923553467;0,4635204076766968;0,33845406770706177;0,02186681143939495
649;4111,6220703125;62,291927337646484;66577,5078125;-334,3904724121094;492,677734375;6,488786697387695;1,1950714588165283;0,47200098633766174;0,3419184982776642;0,022205611690878868
650;4111,6220703125;62,291927337646484;66577,5078125;-333,3324890136719;509,52886962890625;3,8929519653320312;1,188167691230774;0,4658586382865906;0,33716124296188354;0,0219727773219347
651;4111,6220703125;62,291927337646484;66577,5078125;-386,5839538574219;534,6450805664062;8,194122314453125;1,2296462059020996;0,48828762769699097;0,3473420739173889;0,022744132205843925
652;4111,6220703125;62,291927337646484;66577,5078125;-370,03570556640625;557,8989868164062;5,921334743499756;1,2032591104507446;0,47545576095581055;0,33719736337661743;0,022073671221733093
653;4111,6220703125;62,291927337646484;66577,5078125;-349,1659851074219;569,5458984375;3,715484857559204;1,2316194772720337;0,4927807152271271;0,34349697828292847;0,022553781047463417
654;4111,6220703125;62,291927337646484;66577,5078125;-277,4731140136719;558,2911376953125;-0,1830139309167862;1,2052819728851318;0,4854072034358978;0,33416348695755005;0,021865909919142723
655;4111,6220703125;62,291927337646484;66577,5078125;-273,0970458984375;572,413330078125;-0,18066394329071045;1,2340410947799683;0,4952872395515442;0,3394927680492401;0,02236178144812584
656;4111,6220703125;62,291927337646484;66577,5078125;-270,3338928222656;594,8795166015625;1,087167501449585;1,2300310134887695;0,4962019920349121;0,336320698261261;0,022148726508021355
657;4111,6220703125;62,291927337646484;66577,5078125;-291,7453918457031;619,67431640625;-0,4130474328994751;1,2240426540374756;0,4625493586063385;0,32875001430511475;0,021872831508517265
658;4111,6220703125;62,291927337646484;66577,5078125;-307,2862243652344;638,31005859375;4,014808177947998;1,2521005868911743;0,5060386657714844;0,33779141306877136;0,02235226146876812
659;4111,6220703125;62,291927337646484;66577,5078125;-328,5120849609375;658,93603515625;3,5231451988220215;1,26449453830719;0,5126102566719055;0,339065819978714;0,022475991398096085
660;4111,6220703125;62,291927337646484;66577,5078125;-247,54896545410156;658,5364379882812;-3,5961320400238037;1,2931398153305054;0,5178991556167603;0,34384289383888245;0,022927789017558098
661;4111,6220703125;62,291927337646484;66577,5078125;-251,17208862304688;678,497314453125;-4,060578346252441;1,2546377182006836;0,5017231106758118;0,3315195143222809;0,021999169141054153
662;4111,6220703125;62,291927337646484;66577,5078125;-262,4965515136719;687,960205078125;-5,767573356628418;1,2817951440811157;0,527197539806366;0,3383259177207947;0,022419936954975128
663;4111,6220703125;62,291927337646484;66577,5078125;-286,4736022949219;705,2360229492188;-3,4566094875335693;1,2883981466293335;0,5234830379486084;0,3375534415245056;0,022411786019802094
664;4111,6220703125;62,291927337646484;66577,5078125;-298,394775390625;716,0252685546875;-3,760812759399414;1,2788313627243042;0,5167276263237;0,33310195803642273;0,022075090557336807
665;4111,6220703125;62,291927337646484;66577,5078125;-321,8210754394531;746,3384399414062;-3,809359550476074;1,3132920265197754;0,538371205329895;0,3413238823413849;0,02263302356004715
666;4111,6220703125;62,291927337646484;66577,5078125;-284,05615234375;749,6576538085938;-3,585184097290039;1,277217149734497;0,5068035125732422;0,32900601625442505;0,021745437756180763
667;4111,6220703125;62,291927337646484;66577,5078125;-262,9164733886719;748,7607421875;-7,607100963592529;1,3082621097564697;0,5210568308830261;0,336059033870697;0,02222450263798237
668;4111,6220703125;62,291927337646484;66577,5078125;-369,0877380371094;786,3330688476562;0,14376747608184814;1,3259989023208618;0,52640700340271;0,3395102024078369;0,022425483912229538
669;4111,6220703125;62,291927337646484;66577,5078125;-274,59979248046875;768,207763671875;-3,550718307495117;1,3462191820144653;0,5478819012641907;0,3450937867164612;0,02270161174237728
670;4111,6220703125;62,291927337646484;66577,5078125;-273,072998046875;766,1655883789062;-6,544129848480225;1,3135937452316284;0,521067202091217;0,33505377173423767;0,02189771458506584
671;4111,6220703125;62,291927337646484;66577,5078125;-304,3215026855469;768,5867309570312;-0,8909393548965454;1,3513799905776978;0,5458885431289673;0,3451556861400604;0,022508185356855392
672;4111,6220703125;62,291927337646484;66577,5078125;-295,3341064453125;776,0547485351562;-0,908239483833313;1,3489972352981567;0,5432003140449524;0,3442939221858978;0,022316185757517815
673;4111,6220703125;62,291927337646484;66577,5078125;-308,2510986328125;773,3944702148438;-3,3392436504364014;1,3549977540969849;0,545657217502594;0,3459416925907135;0,022291583940386772
674;4111,6220703125;62,291927337646484;66577,5078125;-353,4007568359375;793,1419677734375;-1,8748005628585815;1,3280442953109741;0,5279800891876221;0,33891761302948;0,021623840555548668
675;4111,6220703125;62,291927337646484;66577,5078125;-310,2974853515625;777,2608642578125;-2,9407989978790283;1,3307794332504272;0,5353541374206543;0,3405979573726654;0,021552320569753647
676;4111,6220703125;62,291927337646484;66577,5078125;-282,0791931152344;778,6854248046875;-1,0586516857147217;1,3372646570205688;0,5266835689544678;0,34233587980270386;0,02151765301823616
677;4111,6220703125;62,291927337646484;66577,5078125;-260,5482177734375;771,8353271484375;-4,777677536010742;1,3369828462600708;0,52683025598526;0,34330984950065613;0,021383244544267654
678;4111,6220703125;62,291927337646484;66577,5078125;-285,0209045410156;766,1099243164062;-5,221693992614746;1,3668221235275269;0,53392493724823;0,35197925567626953;0,021799728274345398
679;4111,6220703125;62,291927337646484;66577,5078125;-308,0538635253906;767,1061401367188;-2,0024147033691406;1,3643840551376343;0,5577473640441895;0,35406097769737244;0,02166678011417389
680;4111,6220703125;62,291927337646484;66577,5078125;-246,70632934570312;744,0013427734375;-6,751421928405762;1,3522224426269531;0,5275179147720337;0,35131749510765076;0,021275177597999573
681;4111,6220703125;62,291927337646484;66577,5078125;-302,33892822265625;756,5042114257812;-2,1582140922546387;1,338863492012024;0,5148680806159973;0,34937673807144165;0,02089039236307144
682;4111,6220703125;62,291927337646484;66577,5078125;-272,7103576660156;743,0939331054688;0,9414947032928467;1,387226939201355;0,5465514063835144;0,36456263065338135;0,021687012165784836
683;4111,6220703125;62,291927337646484;66577,5078125;-305,3746032714844;746,1636352539062;-0,2655397057533264;1,3658771514892578;0,529230535030365;0,3608420789241791;0,021161751821637154
684;4111,6220703125;62,291927337646484;66577,5078125;-271,6311950683594;745,0755004882812;-0,49927639961242676;1,3815593719482422;0,5417629480361938;0,36753496527671814;0,021343672648072243
685;4111,6220703125;62,291927337646484;66577,5078125;-279,31842041015625;749,9118041992188;-1,1769424676895142;1,3758550882339478;0,5163365602493286;0,3679700195789337;0,021079353988170624
686;4111,6220703125;62,291927337646484;66577,5078125;-211,1578369140625;727,286865234375;-5,658590793609619;1,3120795488357544;0,5167675614356995;0,3539225459098816;0,01985129900276661
687;4111,6220703125;62,291927337646484;66577,5078125;-195,16567993164062;699,4910278320312;-1,827021598815918;1,3510205745697021;0,5317347645759583;0,3670564293861389;0,0204540453851223
688;4111,6220703125;62,291927337646484;66577,5078125;-236,41064453125;703,8685302734375;0,9456811547279358;1,36324942111969;0,5327941179275513;0,3730836808681488;0,020566314458847046
689;4111,6220703125;62,291927337646484;66577,5078125;-127,81637573242188;678,220458984375;-6,815958023071289;1,361126184463501;0,5170711874961853;0,37528446316719055;0,02041679434478283
690;4111,6220703125;62,291927337646484;66577,5078125;-127,42998504638672;668,8753051757812;-7,448269844055176;1,341296911239624;0,5121856331825256;0,3727358877658844;0,01996547542512417
691;4111,6220703125;62,291927337646484;66577,5078125;-161,24005126953125;674,8165283203125;-7,880779266357422;1,3263742923736572;0,49883174896240234;0,37155261635780334;0,019600829109549522
692;4111,6220703125;62,291927337646484;66577,5078125;-158,23812866210938;662,7958984375;-8,701029777526855;1,3164820671081543;0,49266237020492554;0,371764600276947;0,019331419840455055
693;4111,6220703125;62,291927337646484;66577,5078125;-129,2642364501953;655,5313110351562;-8,41037654876709;1,3005417585372925;0,48177042603492737;0,3702987730503082;0,018958190456032753
694;4111,6220703125;62,291927337646484;66577,5078125;-134,28504943847656;638,894775390625;-1,8148984909057617;1,3364914655685425;0,502265453338623;0,3834435045719147;0,019512435421347618
695;4111,6220703125;62,291927337646484;66577,5078125;-130,5518341064453;634,3633422851562;-2,005505084991455;1,2950764894485474;0,48342153429985046;0,3745640814304352;0,01868925429880619
696;4111,6220703125;62,291927337646484;66577,5078125;-114,30291748046875;616,975830078125;-0,4177086353302002;1,2812354564666748;0,4816662669181824;0,3733338713645935;0,01834910176694393
697;4111,6220703125;62,291927337646484;66577,5078125;-97,88861083984375;596,521728515625;1,1943509578704834;1,2992290258407593;0,4872012436389923;0,3814924359321594;0,018590323626995087
698;4111,6220703125;62,291927337646484;66577,5078125;-92,734619140625;587,3087158203125;1,4259092807769775;1,2481796741485596;0,45810189843177795;0,3696593642234802;0,017619093880057335
699;4111,6220703125;62,291927337646484;66577,5078125;-106,54044342041016;579,774658203125;5,253814220428467;1,2811434268951416;0,4587254226207733;0,3827713429927826;0,018161287531256676
700;4111,6220703125;62,291927337646484;66577,5078125;-93,94902801513672;571,2936401367188;7,840325832366943;1,2761163711547852;0,4494735598564148;0,38446807861328125;0,01801713928580284
701;4111,6220703125;62,291927337646484;66577,5078125;-102,68855285644531;572,63916015625;1,1225502490997314;1,2324771881103516;0,43499132990837097;0,3739277124404907;0,01717313379049301
702;4111,6220703125;62,291927337646484;66577,5078125;-90,65198516845703;560,8257446289062;9,715713500976562;1,1943578720092773;0,42462843656539917;0,36462053656578064;0,016404729336500168
703;4111,6220703125;62,291927337646484;66577,5078125;-103,02606201171875;559,467529296875;5,5284528732299805;1,1546038389205933;0,39977046847343445;0,3556077182292938;0,015664560720324516
704;4111,6220703125;62,291927337646484;66577,5078125;-83,97032165527344;533,12060546875;4,340561389923096;1,1945099830627441;0,4183206856250763;0,36985814571380615;0,016310609877109528
705;4111,6220703125;62,291927337646484;66577,5078125;-64,58531188964844;526,6101684570312;7,4816155433654785;1,1532536745071411;0,39455437660217285;0,3600809574127197;0,015548713505268097
706;4111,6220703125;62,291927337646484;66577,5078125;-71,92974090576172;509,4963073730469;4,110822677612305;1,125378131866455;0,3713638186454773;0,3547962009906769;0,015054541639983654
707;4111,6220703125;62,291927337646484;66577,5078125;-72,71052551269531;495,5186767578125;-1,5917948484420776;1,130199670791626;0,3869517147541046;0,3568623960018158;0,015008362010121346
708;4111,6220703125;62,291927337646484;66577,5078125;-83,66219329833984;487,9100036621094;4,247230529785156;1,1433454751968384;0,3907894492149353;0,36291444301605225;0,01519726775586605
709;4111,6220703125;62,291927337646484;66577,5078125;-82,61235809326172;461,29351806640625;8,56322193145752;1,1235791444778442;0,37159204483032227;0,3599792420864105;0,014891011640429497
710;4111,6220703125;62,291927337646484;66577,5078125;-121,33393096923828;454,2017822265625;4,47868537902832;1,0718742609024048;0,34873807430267334;0,345865935087204;0,013935469090938568
711;4111,6220703125;62,291927337646484;66577,5078125;-99,4397201538086;426,0162658691406;1,024568796157837;1,1000374555587769;0,36097419261932373;0,35606715083122253;0,014396087266504765
712;4111,6220703125;62,291927337646484;66577,5078125;-91,87966918945312;404,429443359375;5,4653239250183105;1,0865387916564941;0,36212584376335144;0,3520839214324951;0,01400656346231699
713;4111,6220703125;62,291927337646484;66577,5078125;-78,96736145019531;370,345458984375;4,81198263168335;1,0702155828475952;0,3476034700870514;0,3497096300125122;0,013795383274555206
714;4111,6220703125;62,291927337646484;66577,5078125;-106,06520080566406;361,33673095703125;5,541091442108154;1,0498757362365723;0,3314001262187958;0,34627237915992737;0,013514888472855091
715;4111,6220703125;62,291927337646484;66577,5078125;-128,09384155273438;325,1271667480469;10,177641868591309;1,0601518154144287;0,33783525228500366;0,3501114249229431;0,013642137870192528
716;4111,6220703125;62,291927337646484;66577,5078125;-140,4777069091797;295,7576904296875;4,185245513916016;1,005640983581543;0,3092469871044159;0,33609646558761597;0,012757917866110802
717;4111,6220703125;62,291927337646484;66577,5078125;-134,27980041503906;286,5948181152344;4,65034818649292;0,995274007320404;0,3146093189716339;0,3311936855316162;0,012384193018078804
718;4111,6220703125;62,291927337646484;66577,5078125;-100,43893432617188;280,0398864746094;7,454526901245117;0,993887186050415;0,3113502562046051;0,3325018286705017;0,012420821003615856
719;4111,6220703125;62,291927337646484;66577,5078125;-160,35565185546875;239,79364013671875;13,428462028503418;0,9977006912231445;0,31024494767189026;0,3355608284473419;0,012564015574753284
720;4111,6220703125;62,291927337646484;66577,5078125;-128,5032196044922;206,20957946777344;10,03311538696289;0,9785497784614563;0,30790045857429504;0,32813140749931335;0,012046340852975845
721;4111,6220703125;62,291927337646484;66577,5078125;-157,86891174316406;196,0861053466797;6,124396800994873;0,9804400205612183;0,30618011951446533;0,3307330310344696;0,012208973057568073
722;4111,6220703125;62,291927337646484;66577,5078125;-154,33538818359375;164,35708618164062;12,243371963500977;0,9205765128135681;0,28456029295921326;0,313797265291214;0,011206152848899364
723;4111,6220703125;62,291927337646484;66577,5078125;-150,34976196289062;133,85813903808594;10,632325172424316;0,9193428754806519;0,285400390625;0,31400424242019653;0,011213203892111778
724;4111,6220703125;62,291927337646484;66577,5078125;-175,8000946044922;130,66456604003906;12,644205093383789;0,9562466740608215;0,2989409863948822;0,32590824365615845;0,011921790428459644
725;4111,6220703125;62,291927337646484;66577,5078125;-164,65914916992188;111,4024658203125;10,543638229370117;0,9560183882713318;0,3002874255180359;0,32561859488487244;0,011913374066352844
726;4111,6220703125;62,291927337646484;66577,5078125;-214,80618286132812;85,76715087890625;13,001673698425293;0,9654815196990967;0,30464085936546326;0,32922235131263733;0,012149238027632236
727;4111,6220703125;62,291927337646484;66577,5078125;-212,13800048828125;80,04774475097656;16,70165252685547;0,9662664532661438;0,30700841546058655;0,3307678699493408;0,012272404506802559
728;4111,6220703125;62,291927337646484;66577,5078125;-222,49681091308594;43,99948501586914;15,363418579101562;0,9355851411819458;0,29904165863990784;0,3199511468410492;0,011677633970975876
729;4111,6220703125;62,291927337646484;66577,5078125;-213,5053253173828;30,209259033203125;16,270221710205078;0,9473631381988525;0,304587721824646;0,32355237007141113;0,011940172873437405
730;4111,6220703125;62,291927337646484;66577,5078125;-208,36598205566406;24,631134033203125;17,529064178466797;0,966766893863678;0,3127431571483612;0,3297259509563446;0,012362766079604626
731;4111,6220703125;62,291927337646484;66577,5078125;-223,79747009277344;9,09189510345459;20,47711753845215;0,9859761595726013;0,31962326169013977;0,3348238170146942;0,012723046354949474
732;4111,6220703125;62,291927337646484;66577,5078125;-212,5970458984375;-20,14749526977539;15,290724754333496;0,965506374835968;0,3183688521385193;0,329275518655777;0,012483851984143257
733;4111,6220703125;62,291927337646484;66577,5078125;-243,17965698242188;-43,2136116027832;15,032634735107422;0,9133827090263367;0,3071732521057129;0,31275102496147156;0,011587506160140038
734;4111,6220703125;62,291927337646484;66577,5078125;-225,05735778808594;-49,01949691772461;13,221781730651855;0,9645214676856995;0,3262147009372711;0,32896897196769714;0,012641890905797482
735;4111,6220703125;62,291927337646484;66577,5078125;-220,89979553222656;-61,226131439208984;15,37286376953125;0,9540435075759888;0,32307034730911255;0,32345691323280334;0,012428034096956253
736;4111,6220703125;62,291927337646484;66577,5078125;-242,04110717773438;-87,26913452148438;12,343018531799316;0,9584614634513855;0,3273452818393707;0,3240043818950653;0,012574689462780952
737;4111,6220703125;62,291927337646484;66577,5078125;-241,84951782226562;-103,98651885986328;8,012120246887207;0,9762006402015686;0,3335365355014801;0,32790106534957886;0,012927780859172344
738;4111,6220703125;62,291927337646484;66577,5078125;-217,2837371826172;-108,8163070678711;9,733766555786133;0,9760808348655701;0,3401648700237274;0,3280861973762512;0,013068346306681633
739;4111,6220703125;62,291927337646484;66577,5078125;-239,6478271484375;-132,12448120117188;14,645675659179688;1,0370935201644897;0,350017249584198;0,34235265851020813;0,014033938758075237
740;4111,6220703125;62,291927337646484;66577,5078125;-246,45794677734375;-149,5487518310547;12,672491073608398;1,0103424787521362;0,36156460642814636;0,33793893456459045;0,013926789164543152
741;4111,6220703125;62,291927337646484;66577,5078125;-220,10243225097656;-151,5448455810547;11,050592422485352;1,005087971687317;0,3584897220134735;0,3333037197589874;0,013825253583490849
742;4111,6220703125;62,291927337646484;66577,5078125;-229,86973571777344;-176,98606872558594;7,181415557861328;1,0299152135849;0,3723868429660797;0,3404887914657593;0,01441274769604206
743;4111,6220703125;62,291927337646484;66577,5078125;-238,73680114746094;-180,18324279785156;8,256922721862793;1,0616865158081055;0,3833063840866089;0,34810781478881836;0,015047667548060417
744;4111,6220703125;62,291927337646484;66577,5078125;-267,3796081542969;-196,5486602783203;10,12203598022461;1,055320382118225;0,39076071977615356;0,34605279564857483;0,015093679539859295
745;4111,6220703125;62,291927337646484;66577,5078125;-243,21319580078125;-198,2064208984375;13,409000396728516;1,058329463005066;0,39823755621910095;0,3459618389606476;0,015269002877175808
746;4111,6220703125;62,291927337646484;66577,5078125;-276,70025634765625;-216,74412536621094;13,945218086242676;1,0608755350112915;0,40043020248413086;0,3442195951938629;0,0153779536485672
747;4111,6220703125;62,291927337646484;66577,5078125;-305,3848571777344;-239,2865753173828;13,12894344329834;1,0956063270568848;0,41151106357574463;0,3519361615180969;0,016068454831838608
748;4111,6220703125;62,291927337646484;66577,5078125;-234,1558380126953;-233,07408142089844;11,128491401672363;1,0727486610412598;0,40215861797332764;0,3414378762245178;0,01566321775317192
749;4111,6220703125;62,291927337646484;66577,5078125;-324,7962951660156;-259,3191833496094;14,786348342895508;1,1135224103927612;0,42172473669052124;0,3524048328399658;0,016556041315197945
750;4111,6220703125;62,291927337646484;66577,5078125;-270,0802001953125;-269,177734375;12,515996932983398;1,1338597536087036;0,43345218896865845;0,35665756464004517;0,01704982854425907
751;4111,6220703125;62,291927337646484;66577,5078125;-284,3638610839844;-303,2070007324219;10,760923385620117;1,0819745063781738;0,4277086555957794;0,34072399139404297;0,016273880377411842
752;4111,6220703125;62,291927337646484;66577,5078125;-226,8326416015625;-305,73291015625;8,25449275970459;1,1341922283172607;0,45009374618530273;0,3543311655521393;0,017365848645567894
753;4111,6220703125;62,291927337646484;66577,5078125;-289,11090087890625;-331,3608093261719;12,759965896606445;1,126777172088623;0,44180136919021606;0,34752270579338074;0,017229929566383362
754;4111,6220703125;62,291927337646484;66577,5078125;-197,39974975585938;-338,2204895019531;5,344839572906494;1,0792337656021118;0,4416928291320801;0,33416256308555603;0,016576848924160004
755;4111,6220703125;62,291927337646484;66577,5078125;-91,77144622802734;-331,7889404296875;-2,0756149291992188;1,1272904872894287;0,44944798946380615;0,3430497944355011;0,017462875694036484
756;4111,6220703125;62,291927337646484;66577,5078125;-167,15286254882812;-377,4359130859375;0,1695127785205841;1,1194695234298706;0,45362982153892517;0,3392183184623718;0,017465800046920776
757;4111,6220703125;62,291927337646484;66577,5078125;-143,06431579589844;-403,232666015625;0,023371368646621704;1,1643320322036743;0,462873250246048;0,3475990295410156;0,018318163231015205
758;4111,6220703125;62,291927337646484;66577,5078125;-104,66917419433594;-412,7203674316406;-4,328478813171387;1,124058485031128;0,45949387550354004;0,3353567123413086;0,017753755673766136
759;4111,6220703125;62,291927337646484;66577,5078125;-89,15673065185547;-441,65753173828125;-6,238528251647949;1,181654453277588;0,47790271043777466;0,34828993678092957;0,018911337479948997
760;4111,6220703125;62,291927337646484;66577,5078125;-58,85967254638672;-466,2939453125;-10,710643768310547;1,1802376508712769;0,46947407722473145;0,34317684173583984;0,018876569345593452
761;4111,6220703125;62,291927337646484;66577,5078125;-20,47022819519043;-459,8180236816406;-14,188262939453125;1,180898666381836;0,49007296562194824;0,34481188654899597;0,019210152328014374
762;4111,6220703125;62,291927337646484;66577,5078125;35,61411666870117;-458,10760498046875;-18,50234031677246;1,1765767335891724;0,489193856716156;0,3409169018268585;0,01922793500125408
763;4111,6220703125;62,291927337646484;66577,5078125;50,508853912353516;-474,49169921875;-19,89357566833496;1,2195056676864624;0,4790532886981964;0,3447905480861664;0,019844194874167442
764;4111,6220703125;62,291927337646484;66577,5078125;79,46427917480469;-473,0462951660156;-20,426353454589844;1,1871026754379272;0,4798600971698761;0,3358335494995117;0,01947285234928131
765;4111,6220703125;62,291927337646484;66577,5078125;63,53960037231445;-481,4095153808594;-18,500137329101562;1,1932616233825684;0,49117305874824524;0,33692705631256104;0,0198000930249691
766;4111,6220703125;62,291927337646484;66577,5078125;106,14417266845703;-482,7063293457031;-22,74814224243164;1,2231570482254028;0,4875079393386841;0,3398624360561371;0,02030682936310768
767;4111,6220703125;62,291927337646484;66577,5078125;180,10621643066406;-472,8334655761719;-28,15343475341797;1,1953396797180176;0,4887308180332184;0,33243125677108765;0,020010055974125862
768;4111,6220703125;62,291927337646484;66577,5078125;123,19168090820312;-487,39300537109375;-26,110090255737305;1,214674472808838;0,4950218200683594;0,335508793592453;0,020487604662775993
769;4111,6220703125;62,291927337646484;66577,5078125;192,752197265625;-474,6360168457031;-30,389265060424805;1,2126872539520264;0,4844784438610077;0,331343412399292;0,020435398444533348
770;4111,6220703125;62,291927337646484;66577,5078125;191,86814880371094;-472,5641784667969;-30,007549285888672;1,192283034324646;0,49292895197868347;0,3272944986820221;0,020344367250800133
771;4111,6220703125;62,291927337646484;66577,5078125;157,9180145263672;-483,2393798828125;-30,67417335510254;1,2256102561950684;0,49199214577674866;0,3323151469230652;0,020957373082637787
772;4111,6220703125;62,291927337646484;66577,5078125;235,13327026367188;-453,30389404296875;-35,08586502075195;1,2605986595153809;0,4969851076602936;0,33898428082466125;0,021669670939445496
773;4111,6220703125;62,291927337646484;66577,5078125;129,69960021972656;-475,2691345214844;-29,68019676208496;1,2366312742233276;0,48726731538772583;0,33152076601982117;0,021300969645380974
774;4111,6220703125;62,291927337646484;66577,5078125;130,036376953125;-464,4074401855469;-30,423320770263672;1,1999512910842896;0,4823001027107239;0,3225487470626831;0,020800234749913216
775;4111,6220703125;62,291927337646484;66577,5078125;203,7203369140625;-459,541748046875;-31,401716232299805;1,2290514707565308;0,48812538385391235;0,32881391048431396;0,02144657075405121
776;4111,6220703125;62,291927337646484;66577,5078125;166,8952178955078;-457,1978454589844;-29,523359298706055;1,2372169494628906;0,49513474106788635;0,3312518000602722;0,021793296560645103
777;4111,6220703125;62,291927337646484;66577,5078125;218,658203125;-435,624755859375;-33,71968078613281;1,2552566528320312;0,48114484548568726;0,332609623670578;0,021999306976795197
778;4111,6220703125;62,291927337646484;66577,5078125;199,0818634033203;-430,325439453125;-35,66867446899414;1,2305480241775513;0,48497289419174194;0,3281879127025604;0,02181057818233967
779;4111,6220703125;62,291927337646484;66577,5078125;123,38106536865234;-440,59814453125;-30,3153076171875;1,2641510963439941;0,4734838604927063;0,33381667733192444;0,022277435287833214
780;4111,6220703125;62,291927337646484;66577,5078125;167,39443969726562;-418,9187316894531;-31,118694305419922;1,194344162940979;0,47333216667175293;0,31959736347198486;0,021344972774386406
781;4111,6220703125;62,291927337646484;66577,5078125;151,9888458251953;-417,25860595703125;-33,08482360839844;1,2621163129806519;0,4816882908344269;0,3358059525489807;0,022640410810709
782;4111,6220703125;62,291927337646484;66577,5078125;170,88587951660156;-407,3206787109375;-33,0166015625;1,2167844772338867;0,47867655754089355;0,32651644945144653;0,022029513493180275
783;4111,6220703125;62,291927337646484;66577,5078125;160,5283660888672;-401,4078063964844;-33,05760192871094;1,2376700639724731;0,4705056846141815;0,33097970485687256;0,0223626047372818
784;4111,6220703125;62,291927337646484;66577,5078125;186,24546813964844;-387,71038818359375;-35,87337875366211;1,226476788520813;0,46646785736083984;0,3292030394077301;0,022259579971432686
785;4111,6220703125;62,291927337646484;66577,5078125;174,3553466796875;-384,9178771972656;-36,27547073364258;1,2653716802597046;0,45750126242637634;0,3382492959499359;0,022827211767435074
786;4111,6220703125;62,291927337646484;66577,5078125;161,9494171142578;-377,6687316894531;-31,569665908813477;1,2180684804916382;0,45193901658058167;0,32843607664108276;0,022153915837407112
787;4111,6220703125;62,291927337646484;66577,5078125;185,95069885253906;-366,0915222167969;-32,44269561767578;1,255539059638977;0,45999324321746826;0,3395725190639496;0,022986365482211113
788;4111,6220703125;62,291927337646484;66577,5078125;169,25979614257812;-350,6453552246094;-33,61968994140625;1,1805275678634644;0,4491851329803467;0,32268115878105164;0,021780837327241898
789;4111,6220703125;62,291927337646484;66577,5078125;169,6604766845703;-338,99169921875;-32,946250915527344;1,230535864830017;0,44981643557548523;0,3362961709499359;0,02268216572701931
790;4111,6220703125;62,291927337646484;66577,5078125;135,71017456054688;-322,9434509277344;-31,38348960876465;1,231580138206482;0,445479154586792;0,3380596339702606;0,022739719599485397
791;4111,6220703125;62,291927337646484;66577,5078125;113,60700988769531;-325,86151123046875;-29,10110092163086;1,2124278545379639;0,44428810477256775;0,3352605104446411;0,02254868671298027
792;4111,6220703125;62,291927337646484;66577,5078125;186,0861053466797;-308,7649230957031;-32,513824462890625;1,1702901124954224;0,4346921741962433;0,3259890675544739;0,02184509113430977
793;4111,6220703125;62,291927337646484;66577,5078125;138,62600708007812;-306,32086181640625;-31,628332138061523;1,202743411064148;0,4349755346775055;0,3360641598701477;0,022449681535363197
794;4111,6220703125;62,291927337646484;66577,5078125;196,89456176757812;-294,1596374511719;-31,790048599243164;1,1890881061553955;0,4359910190105438;0,3346666991710663;0,022370805963873863
795;4111,6220703125;62,291927337646484;66577,5078125;130,8651885986328;-294,451904296875;-32,42805480957031;1,1770601272583008;0,4337339401245117;0,33334824442863464;0,0222467090934515
796;4111,6220703125;62,291927337646484;66577,5078125;169,99490356445312;-284,7043151855469;-33,61809158325195;1,179778814315796;0,4277805685997009;0,33560821413993835;0,022264575585722923
797;4111,6220703125;62,291927337646484;66577,5078125;199,16864013671875;-269,1836242675781;-32,28624725341797;1,1888203620910645;0,4306800067424774;0,34009847044944763;0,022549891844391823
798;4111,6220703125;62,291927337646484;66577,5078125;202,16006469726562;-246,23043823242188;-32,2291145324707;1,1936585903167725;0,43028298020362854;0,3432728350162506;0,02269669994711876
799;4111,6220703125;62,291927337646484;66577,5078125;235,53622436523438;-231,3570098876953;-37,71519470214844;1,1557605266571045;0,4246220886707306;0,3345046043395996;0,022106381133198738
800;4111,6220703125;62,291927337646484;66577,5078125;169,17630004882812;-242,9042205810547;-27,109437942504883;1,171726107597351;0,4176163375377655;0,34039008617401123;0,022238807752728462
801;4111,6220703125;62,291927337646484;66577,5078125;185,77012634277344;-225,8839874267578;-31,113279342651367;1,1742204427719116;0,42267003655433655;0,34295225143432617;0,02246641181409359
802;4111,6220703125;62,291927337646484;66577,5078125;210,0983123779297;-210,06422424316406;-34,45340347290039;1,175206184387207;0,42529726028442383;0,34488382935523987;0,022607672959566116
803;4111,6220703125;62,291927337646484;66577,5078125;197,46022033691406;-212,03457641601562;-32,499691009521484;1,1708483695983887;0,42167583107948303;0,3450855016708374;0,022507917135953903
804;4111,6220703125;62,291927337646484;66577,5078125;220,39942932128906;-179,092041015625;-32,14803695678711;1,1536012887954712;0,4155441224575043;0,3413968086242676;0,022163406014442444
805;4111,6220703125;62,291927337646484;66577,5078125;212,7064666748047;-144,20851135253906;-33,43822479248047;1,1410316228866577;0,4142604470252991;0,3388936519622803;0,02201766148209572
806;4111,6220703125;62,291927337646484;66577,5078125;223,63778686523438;-123,34561157226562;-33,86611557006836;1,157291054725647;0,41658708453178406;0,3450009822845459;0,022298503667116165
807;4111,6220703125;62,291927337646484;66577,5078125;248,50863647460938;-88,48648071289062;-34,287353515625;1,1656007766723633;0,42048725485801697;0,3485262989997864;0,02253560908138752
808;4111,6220703125;62,291927337646484;66577,5078125;204,232421875;-51,44526290893555;-29,204360961914062;1,152499794960022;0,4145963490009308;0,34570935368537903;0,02218514122068882
809;4111,6220703125;62,291927337646484;66577,5078125;231,89041137695312;-11,752918243408203;-30,3797550201416;1,140880823135376;0,41228383779525757;0,3429305851459503;0,021998785436153412
810;4111,6220703125;62,291927337646484;66577,5078125;162,1131134033203;39,048828125;-26,93191146850586;1,163360357284546;0,41995638608932495;0,3506201207637787;0,02243981696665287
811;4111,6220703125;62,291927337646484;66577,5078125;267,97802734375;62,13267135620117;-37,52320098876953;1,1596213579177856;0,4203881025314331;0,3499073386192322;0,022421790286898613
812;4111,6220703125;62,291927337646484;66577,5078125;252,3224334716797;84,40550994873047;-39,52872085571289;1,139760136604309;0,41452014446258545;0,34417107701301575;0,022014090791344643
813;4111,6220703125;62,291927337646484;66577,5078125;233,2416229248047;110,88446044921875;-33,3349723815918;1,1425666809082031;0,4162728786468506;0,34568387269973755;0,02198316715657711
814;4111,6220703125;62,291927337646484;66577,5078125;147,21322631835938;159,6056365966797;-26,11543846130371;1,1495441198349;0,4202812910079956;0,34794285893440247;0,02214062586426735
815;4111,6220703125;62,291927337646484;66577,5078125;195,14703369140625;178,42507934570312;-30,232946395874023;1,1331422328948975;0,4160824716091156;0,343220978975296;0,021708020940423012
816;4111,6220703125;62,291927337646484;66577,5078125;161,35275268554688;221,273681640625;-27,669960021972656;1,1597411632537842;0,42659467458724976;0,3505842983722687;0,022402323782444
817;4111,6220703125;62,291927337646484;66577,5078125;112,182373046875;262,85791015625;-23,975252151489258;1,1487027406692505;0,42489778995513916;0,3473166823387146;0,02207380160689354
818;4111,6220703125;62,291927337646484;66577,5078125;93,1259536743164;286,5935974121094;-22,50737190246582;1,1580597162246704;0,43032699823379517;0,3497830629348755;0,022252025082707405
819;4111,6220703125;62,291927337646484;66577,5078125;95,7862319946289;313,3267822265625;-21,146913528442383;1,136157751083374;0,42111581563949585;0,3418034613132477;0,021823348477482796
820;4111,6220703125;62,291927337646484;66577,5078125;39,28788375854492;332,7931823730469;-16,233745574951172;1,1440097093582153;0,42798125743865967;0,3440687954425812;0,021892983466386795
821;4111,6220703125;62,291927337646484;66577,5078125;79,5561294555664;368,069580078125;-21,6308536529541;1,1741255521774292;0,444662868976593;0,3530619144439697;0,022439222782850266
822;4111,6220703125;62,291927337646484;66577,5078125;44,62485122680664;397,1790771484375;-19,056673049926758;1,1509979963302612;0,4349232017993927;0,34447425603866577;0,021944526582956314
823;4111,6220703125;62,291927337646484;66577,5078125;11,413495063781738;422,1507568359375;-15,912025451660156;1,152114748954773;0,43646666407585144;0,34354281425476074;0,021931294351816177
824;4111,6220703125;62,291927337646484;66577,5078125;-14,911459922790527;451,8857727050781;-16,920013427734375;1,139163851737976;0,43553274869918823;0,3388383090496063;0,021545534953475
825;4111,6220703125;62,291927337646484;66577,5078125;-27,308147430419922;481,875;-14,634486198425293;1,1403142213821411;0,43734171986579895;0,33772653341293335;0,021518534049391747
826;4111,6220703125;62,291927337646484;66577,5078125;-24,702022552490234;503,05487060546875;-18,040437698364258;1,148638129234314;0,43909794092178345;0,33815494179725647;0,021674232557415962
827;4111,6220703125;62,291927337646484;66577,5078125;-54,40147399902344;541,3313598632812;-14,060858726501465;1,1765429973602295;0,45600393414497375;0,34546321630477905;0,022176403552293777
828;4111,6220703125;62,291927337646484;66577,5078125;-78,12625122070312;564,7376708984375;-11,47671127319336;1,1715689897537231;0,4552913308143616;0,3421767055988312;0,021993743255734444
829;4111,6220703125;62,291927337646484;66577,5078125;-90,70511627197266;593,4462280273438;-11,212730407714844;1,162827491760254;0,455449640750885;0,33809754252433777;0,02170313149690628
830;4111,6220703125;62,291927337646484;66577,5078125;-92,61077880859375;623,1415405273438;-10,975224494934082;1,162140965461731;0,4529290497303009;0,33541589975357056;0,021630065515637398
831;4111,6220703125;62,291927337646484;66577,5078125;-67,14117431640625;652,8790893554688;-12,250299453735352;1,135848045349121;0,4423603117465973;0,32564759254455566;0,020968077704310417
832;4111,6220703125;62,291927337646484;66577,5078125;-141,52398681640625;683,0585327148438;-11,034144401550293;1,1741359233856201;0,46210038661956787;0,33504727482795715;0,02169574610888958
833;4111,6220703125;62,291927337646484;66577,5078125;-143,1404571533203;715,1654052734375;-10,232665061950684;1,172642469406128;0,4660910665988922;0,33293601870536804;0,02154632657766342
834;4111,6220703125;62,291927337646484;66577,5078125;-136,95960998535156;729,9176635742188;-9,93278694152832;1,1689808368682861;0,46250084042549133;0,32929620146751404;0,02137843705713749
835;4111,6220703125;62,291927337646484;66577,5078125;-125,51207733154297;743,5057373046875;-13,009316444396973;1,2031896114349365;0,4835091829299927;0,3375142514705658;0,02198655717074871
836;4111,6220703125;62,291927337646484;66577,5078125;-134,98233032226562;758,4151000976562;-11,232686996459961;1,1868616342544556;0,46823886036872864;0,3294455409049988;0,021550623700022697
837;4111,6220703125;62,291927337646484;66577,5078125;-138,5925750732422;776,2902221679688;-10,520617485046387;1,2091121673583984;0,48817816376686096;0,3346289098262787;0,021886227652430534
838;4111,6220703125;62,291927337646484;66577,5078125;-117,55634307861328;784,7415161132812;-12,764317512512207;1,2136645317077637;0,49537137150764465;0,33416083455085754;0,02185383252799511
839;4111,6220703125;62,291927337646484;66577,5078125;-101,34983825683594;802,2874145507812;-12,483358383178711;1,2066469192504883;0,48482179641723633;0,328953355550766;0,02160300314426422
840;4111,6220703125;62,291927337646484;66577,5078125;-120,5822525024414;817,5474243164062;-11,327484130859375;1,2338849306106567;0,4985346496105194;0,3343847990036011;0,022048188373446465
841;4111,6220703125;62,291927337646484;66577,5078125;-130,88888549804688;843,0077514648438;-11,397966384887695;1,2219665050506592;0,49119850993156433;0,3286227285861969;0,021670620888471603
842;4111,6220703125;62,291927337646484;66577,5078125;-128,58750915527344;854,4544677734375;-11,273344993591309;1,2260806560516357;0,4976709187030792;0,3281240165233612;0,021623536944389343
843;4111,6220703125;62,291927337646484;66577,5078125;-98,77632904052734;861,055419921875;-15,050593376159668;1,2504310607910156;0,4996490776538849;0,3316687345504761;0,021995417773723602
844;4111,6220703125;62,291927337646484;66577,5078125;-87,8394775390625;877,9186401367188;-19,904531478881836;1,2626104354858398;0,5149902105331421;0,3340441882610321;0,02211192436516285
845;4111,6220703125;62,291927337646484;66577,5078125;-148,74400329589844;903,5948486328125;-15,299782752990723;1,2606185674667358;0,5200709700584412;0,33225950598716736;0,021931590512394905
846;4111,6220703125;62,291927337646484;66577,5078125;-121,11750793457031;900,6693725585938;-16,464744567871094;1,2880706787109375;0,502729058265686;0,33475953340530396;0,022316768765449524
847;4111,6220703125;62,291927337646484;66577,5078125;-118,06105041503906;909,2991943359375;-16,3439884185791;1,276579737663269;0,5240566730499268;0,33278772234916687;0,0219788309186697
848;4111,6220703125;62,291927337646484;66577,5078125;-161,40811157226562;938,1235961914062;-15,75132942199707;1,307930827140808;0,5328754782676697;0,3390809893608093;0,022465044632554054
849;4111,6220703125;62,291927337646484;66577,5078125;-156,13482666015625;961,4957275390625;-16,322649002075195;1,3054741621017456;0,5424498319625854;0,3381666839122772;0,02227865532040596
850;4111,6220703125;62,291927337646484;66577,5078125;-98,47589111328125;960,6326293945312;-21,44528579711914;1,2904624938964844;0,517457902431488;0,33142566680908203;0,02182048000395298
851;4111,6220703125;62,291927337646484;66577,5078125;-98,09001922607422;973,759033203125;-20,42068862915039;1,278982162475586;0,5091506838798523;0,32727980613708496;0,021443253383040428
852;4111,6220703125;62,291927337646484;66577,5078125;-97,39004516601562;992,2984008789062;-20,410804748535156;1,3138622045516968;0,5270968079566956;0,33588361740112305;0,02199440263211727
853;4111,6220703125;62,291927337646484;66577,5078125;-107,76875305175781;1006,5056762695312;-19,79383087158203;1,3485358953475952;0,5511017441749573;0,3450942039489746;0,022541461512446404
854;4111,6220703125;62,291927337646484;66577,5078125;-76,82618713378906;1007,4708251953125;-22,07020378112793;1,3228662014007568;0,53333580493927;0,33765363693237305;0,021888339892029762
855;4111,6220703125;62,291927337646484;66577,5078125;-70,08781433105469;1018,0933837890625;-21,31336784362793;1,3075189590454102;0,5306655764579773;0,3339516222476959;0,021455829963088036
856;4111,6220703125;62,291927337646484;66577,5078125;-87,23892211914062;1024,786865234375;-22,941513061523438;1,3781921863555908;0,5689567923545837;0,352878212928772;0,022686311975121498
857;4111,6220703125;62,291927337646484;66577,5078125;-121,31637573242188;1037,156005859375;-20,229732513427734;1,3330224752426147;0,5352375507354736;0,3406224548816681;0,02166111022233963
858;4111,6220703125;62,291927337646484;66577,5078125;-86,49250793457031;1034,3876953125;-24,3646240234375;1,3199329376220703;0,5406630039215088;0,33859071135520935;0,021290410310029984
859;4111,6220703125;62,291927337646484;66577,5078125;-75,4123764038086;1027,6971435546875;-22,632627487182617;1,3445971012115479;0,5476440787315369;0,3455328047275543;0,02162153273820877
860;4111,6220703125;62,291927337646484;66577,5078125;-82,91060638427734;1040,699951171875;-20,58165168762207;1,3251937627792358;0,5184037685394287;0,3403608202934265;0,02108566090464592
861;4111,6220703125;62,291927337646484;66577,5078125;-122,94297790527344;1057,8341064453125;-20,528934478759766;1,364343285560608;0,5529699921607971;0,3527657985687256;0,021725812926888466
862;4111,6220703125;62,291927337646484;66577,5078125;-78,45581817626953;1032,2344970703125;-19,463897705078125;1,3429784774780273;0,5284894108772278;0,3479233384132385;0,021173544228076935
863;4111,6220703125;62,291927337646484;66577,5078125;-66,62794494628906;1027,8880615234375;-20,154672622680664;1,3567965030670166;0,5392845869064331;0,3534550070762634;0,021315695717930794
864;4111,6220703125;62,291927337646484;66577,5078125;-75,64418029785156;1019,6951293945312;-19,953662872314453;1,3356918096542358;0,5241559743881226;0,34953442215919495;0,02079218253493309
865;4111,6220703125;62,291927337646484;66577,5078125;-89,06818389892578;1024,2315673828125;-18,89327049255371;1,3874577283859253;0,5779135823249817;0,36639684438705444;0,02164500765502453
866;4111,6220703125;62,291927337646484;66577,5078125;-82,27143859863281;1021,4683227539062;-16,899633407592773;1,3649497032165527;0,5418018698692322;0,36170604825019836;0,02110441029071808
867;4111,6220703125;62,291927337646484;66577,5078125;-81,28023529052734;1040,506103515625;-15,153547286987305;1,3461086750030518;0,5325794816017151;0,35899221897125244;0,020642591640353203
868;4111,6220703125;62,291927337646484;66577,5078125;-116,71894073486328;1056,8175048828125;-16,45358657836914;1,3356356620788574;0,5163373947143555;0,3583827614784241;0,02032979391515255
869;4111,6220703125;62,291927337646484;66577,5078125;-105,26089477539062;1048,2164306640625;-13,92500114440918;1,3698335886001587;0,5342041254043579;0,3703075051307678;0,020848723128437996
870;4111,6220703125;62,291927337646484;66577,5078125;-131,62579345703125;1046,4437255859375;-9,904722213745117;1,324796438217163;0,5134807825088501;0,36075109243392944;0,019923724234104156
871;4111,6220703125;62,291927337646484;66577,5078125;-129,15769958496094;1043,269775390625;-10,567058563232422;1,3335990905761719;0,5221123695373535;0,3659716546535492;0,019983826205134392
872;4111,6220703125;62,291927337646484;66577,5078125;-158,31199645996094;1043,0526123046875;-7,945533275604248;1,3055137395858765;0,4911505877971649;0,3609893023967743;0,019368600100278854
873;4111,6220703125;62,291927337646484;66577,5078125;-169,4363555908203;1037,0035400390625;-7,932364463806152;1,3311102390289307;0,5053272247314453;0,3710309565067291;0,01974071003496647
874;4111,6220703125;62,291927337646484;66577,5078125;-183,3425750732422;1038,9837646484375;-6,8129191398620605;1,2968624830245972;0,49097517132759094;0,3644126057624817;0,01903272047638893
875;4111,6220703125;62,291927337646484;66577,5078125;-223,75531005859375;1028,799560546875;-1,2788106203079224;1,304185390472412;0,48070186376571655;0,369597852230072;0,01907411590218544
876;4111,6220703125;62,291927337646484;66577,5078125;-225,81790161132812;1019,7957153320312;-0,15744806826114655;1,2512717247009277;0,4737917184829712;0,3572959303855896;0,01802961714565754
877;4111,6220703125;62,291927337646484;66577,5078125;-163,82595825195312;999,9866943359375;-3,465866804122925;1,3081389665603638;0,4980839192867279;0,37644681334495544;0,018966862931847572
878;4111,6220703125;62,291927337646484;66577,5078125;-209,15213012695312;995,4082641601562;6,545477867126465;1,2882291078567505;0,4769997000694275;0,3740030825138092;0,018544157966971397
879;4111,6220703125;62,291927337646484;66577,5078125;-200,45004272460938;979,4218139648438;0,9624582529067993;1,279996633529663;0,4873504638671875;0,37406864762306213;0,018282024189829826
880;4111,6220703125;62,291927337646484;66577,5078125;-210,029541015625;964,431884765625;0,5560702085494995;1,255855917930603;0,4585253596305847;0,3705788254737854;0,017819136381149292
881;4111,6220703125;62,291927337646484;66577,5078125;-259,34637451171875;947,40576171875;2,6725409030914307;1,263357162475586;0,4655272662639618;0,37543338537216187;0,017868246883153915
882;4111,6220703125;62,291927337646484;66577,5078125;-223,2894287109375;909,702392578125;5,957152843475342;1,2526723146438599;0,4570632576942444;0,3752264678478241;0,017614221200346947
883;4111,6220703125;62,291927337646484;66577,5078125;-266,1477966308594;914,65234375;10,257479667663574;1,231725811958313;0,44830310344696045;0,37165114283561707;0,01716545782983303
884;4111,6220703125;62,291927337646484;66577,5078125;-226,4131317138672;882,14599609375;5,208343982696533;1,2284047603607178;0,4262995719909668;0,37457096576690674;0,01710626855492592
885;4111,6220703125;62,291927337646484;66577,5078125;-239,0164031982422;863,4749755859375;7,175632953643799;1,2300747632980347;0,4358677268028259;0,37704727053642273;0,017048275098204613
886;4111,6220703125;62,291927337646484;66577,5078125;-240,01089477539062;859,4690551757812;9,077884674072266;1,1809327602386475;0,40632107853889465;0,36529824137687683;0,016149060800671577
887;4111,6220703125;62,291927337646484;66577,5078125;-263,8694152832031;857,6181640625;10,051651000976562;1,1735750436782837;0,41253581643104553;0,36457425355911255;0,015908509492874146
888;4111,6220703125;62,291927337646484;66577,5078125;-284,6131591796875;831,427490234375;13,756258010864258;1,1462241411209106;0,39256933331489563;0,35916367173194885;0,015412925742566586
889;4111,6220703125;62,291927337646484;66577,5078125;-272,94012451171875;802,6904296875;12,916830062866211;1,1648985147476196;0,38458046317100525;0,3686128258705139;0,01577668823301792
890;4111,6220703125;62,291927337646484;66577,5078125;-286,57476806640625;811,3099365234375;17,58735466003418;1,1310653686523438;0,38352248072624207;0,35878753662109375;0,015049964189529419
891;4111,6220703125;62,291927337646484;66577,5078125;-295,8402404785156;774,3883666992188;17,23828887939453;1,1178086996078491;0,374706506729126;0,35692378878593445;0,014789510518312454
892;4111,6220703125;62,291927337646484;66577,5078125;-306,80157470703125;765,5357666015625;16,4476375579834;1,085697889328003;0,3583010733127594;0,34910792112350464;0,01419258862733841
893;4111,6220703125;62,291927337646484;66577,5078125;-326,6961669921875;746,69189453125;20,172691345214844;1,080814003944397;0,353868305683136;0,349547803401947;0,014086752198636532
894;4111,6220703125;62,291927337646484;66577,5078125;-316,8441467285156;754,8812866210938;18,428945541381836;1,0630182027816772;0,3354939818382263;0,34730640053749084;0,013832038268446922
895;4111,6220703125;62,291927337646484;66577,5078125;-310,2048645019531;712,5554809570312;23,81855583190918;1,0060648918151855;0,32239824533462524;0,32927900552749634;0,012657673098146915
896;4111,6220703125;62,291927337646484;66577,5078125;-339,56011962890625;718,764892578125;20,607179641723633;1,0421802997589111;0,3328896760940552;0,3426045775413513;0,013347961008548737
897;4111,6220703125;62,291927337646484;66577,5078125;-341,0581970214844;703,7346801757812;13,206734657287598;1,0418709516525269;0,32937440276145935;0,34445515275001526;0,013368286192417145
898;4111,6220703125;62,291927337646484;66577,5078125;-327,4273986816406;685,398193359375;17,61943817138672;1,0342822074890137;0,3288159966468811;0,34258338809013367;0,013167938217520714
899;4111,6220703125;62,291927337646484;66577,5078125;-361,42633056640625;662,2671508789062;17,509674072265625;1,0089690685272217;0,31600630283355713;0,33648791909217834;0,012752092443406582
900;4111,6220703125;62,291927337646484;66577,5078125;-387,312744140625;630,5082397460938;20,893686294555664;0,990330696105957;0,3083930015563965;0,3317953050136566;0,012417923659086227
901;4111,6220703125;62,291927337646484;66577,5078125;-320,7549133300781;610,9118041992188;15,809967994689941;1,0097671747207642;0,316775381565094;0,3383553922176361;0,01274019107222557
902;4111,6220703125;62,291927337646484;66577,5078125;-313,661376953125;605,9271240234375;15,926802635192871;0,9601207971572876;0,2981646656990051;0,32381993532180786;0,011854110285639763
903;4111,6220703125;62,291927337646484;66577,5078125;-293,3106689453125;574,8910522460938;17,394060134887695;0,9588469862937927;0,2957251965999603;0,32546547055244446;0,011928022839128971
904;4111,6220703125;62,291927337646484;66577,5078125;-268,42022705078125;549,0811767578125;17,736738204956055;0,9498696327209473;0,294243186712265;0,32281213998794556;0,011749276891350746
905;4111,6220703125;62,291927337646484;66577,5078125;-297,8189392089844;522,0256958007812;16,144357681274414;0,9528002142906189;0,2982177436351776;0,322259783744812;0,011669563129544258
906;4111,6220703125;62,291927337646484;66577,5078125;-338,14471435546875;481,1208801269531;15,440664291381836;0,9606654047966003;0,3003513514995575;0,3264840543270111;0,011946413666009903
907;4111,6220703125;62,291927337646484;66577,5078125;-278,9483337402344;446,51275634765625;12,624917984008789;0,9455842971801758;0,29578539729118347;0,32421958446502686;0,011825675144791603
908;4111,6220703125;62,291927337646484;66577,5078125;-284,95819091796875;425,0738525390625;19,122098922729492;0,9487442374229431;0,29869145154953003;0,3245314359664917;0,011865389533340931
909;4111,6220703125;62,291927337646484;66577,5078125;-256,0740661621094;405,3587951660156;12,297577857971191;0,9561155438423157;0,3024742007255554;0,32617244124412537;0,011984948068857193
910;4111,6220703125;62,291927337646484;66577,5078125;-302,12506103515625;382,1133728027344;11,278236389160156;0,9628755450248718;0,30588778853416443;0,3278772532939911;0,012115821242332458
911;4111,6220703125;62,291927337646484;66577,5078125;-261,5451354980469;381,7078552246094;12,965641975402832;0,952347993850708;0,30535122752189636;0,32556605339050293;0,012035256251692772
912;4111,6220703125;62,291927337646484;66577,5078125;-270,7175598144531;354,1648864746094;11,636597633361816;0,9492990970611572;0,3065760135650635;0,3243885636329651;0,012021360918879509
913;4111,6220703125;62,291927337646484;66577,5078125;-278,66162109375;333,85772705078125;17,02104377746582;0,962750256061554;0,31253406405448914;0,3281760811805725;0,0123060317710042
914;4111,6220703125;62,291927337646484;66577,5078125;-262,23297119140625;330,1513671875;12,591781616210938;0,9520125389099121;0,31382933259010315;0,3256416916847229;0,0122307064011693
915;4111,6220703125;62,291927337646484;66577,5078125;-219,80747985839844;336,7201843261719;15,243224143981934;0,9484051465988159;0,3150244355201721;0,3236921727657318;0,012199249118566513
916;4111,6220703125;62,291927337646484;66577,5078125;-267,34478759765625;313,9069519042969;14,945837020874023;0,9642714262008667;0,3207423985004425;0,3272874057292938;0,012503034435212612
917;4111,6220703125;62,291927337646484;66577,5078125;-247,45877075195312;296,2442321777344;13,993284225463867;0,9909289479255676;0,3299448490142822;0,3344798982143402;0,01302302721887827
918;4111,6220703125;62,291927337646484;66577,5078125;-231,0094757080078;280,0747375488281;10,096714973449707;0,9588722586631775;0,3242260217666626;0,32380157709121704;0,012506355531513691
919;4111,6220703125;62,291927337646484;66577,5078125;-243,73313903808594;254,49026489257812;12,510926246643066;0,9716545939445496;0,3362957239151001;0,3290528357028961;0,012929475866258144
920;4111,6220703125;62,291927337646484;66577,5078125;-237,90484619140625;243,4518585205078;12,347786903381348;1,0018807649612427;0,3440297544002533;0,335974782705307;0,0134726045653224
921;4111,6220703125;62,291927337646484;66577,5078125;-228,94781494140625;220,6829833984375;9,964850425720215;1,0203360319137573;0,3554932177066803;0,3416433334350586;0,013939308002591133
922;4111,6220703125;62,291927337646484;66577,5078125;-246,38011169433594;215,88662719726562;11,907200813293457;1,0090546607971191;0,3549104332923889;0,3366081416606903;0,013791701756417751
923;4111,6220703125;62,291927337646484;66577,5078125;-307,66900634765625;175,7039337158203;14,904376983642578;1,0380210876464844;0,36820992827415466;0,34474998712539673;0,01442391611635685
924;4111,6220703125;62,291927337646484;66577,5078125;-236,80374145507812;162,48291015625;8,064136505126953;1,0481457710266113;0,3631000816822052;0,3429097533226013;0,01448305044323206
925;4111,6220703125;62,291927337646484;66577,5078125;-265,03912353515625;138,75746154785156;13,216939926147461;1,0549254417419434;0,3810281455516815;0,3471398651599884;0,014904094859957695
926;4111,6220703125;62,291927337646484;66577,5078125;-269,26824951171875;124,71102905273438;9,406368255615234;1,0384974479675293;0,37455594539642334;0,33890289068222046;0,014607521705329418
927;4111,6220703125;62,291927337646484;66577,5078125;-255,14759826660156;119,01313781738281;5,82257080078125;1,077750563621521;0,3934800326824188;0,3502293825149536;0,015470526181161404
928;4111,6220703125;62,291927337646484;66577,5078125;-267,5928649902344;93,68177032470703;9,428776741027832;1,0791528224945068;0,39815518260002136;0,3489321172237396;0,015592829324305058
929;4111,6220703125;62,291927337646484;66577,5078125;-225,12094116210938;86,47091674804688;7,044361114501953;1,0585190057754517;0,3903648555278778;0,33934730291366577;0,015230049379169941
930;4111,6220703125;62,291927337646484;66577,5078125;-222,0139923095703;72,05648803710938;7,533882141113281;1,0871714353561401;0,3998696804046631;0,34530210494995117;0,015811849385499954
931;4111,6220703125;62,291927337646484;66577,5078125;-215,82095336914062;55,98875045776367;3,9291205406188965;1,0871574878692627;0,4201047718524933;0,34743115305900574;0,01612333580851555
932;4111,6220703125;62,291927337646484;66577,5078125;-235,96351623535156;33,201683044433594;7,985360622406006;1,0892066955566406;0,42039480805397034;0,3448527455329895;0,016211941838264465
933;4111,6220703125;62,291927337646484;66577,5078125;-213,75999450683594;11,666378021240234;5,655373573303223;1,1017792224884033;0,4260382652282715;0,3458869457244873;0,016520991921424866
934;4111,6220703125;62,291927337646484;66577,5078125;-206,40335083007812;0,9522029757499695;6,0033183097839355;1,0943714380264282;0,42600181698799133;0,34112828969955444;0,016470516100525856
935;4111,6220703125;62,291927337646484;66577,5078125;-189,51707458496094;-17,087425231933594;3,937063455581665;1,1007013320922852;0,4318963587284088;0,34078407287597656;0,016696825623512268
936;4111,6220703125;62,291927337646484;66577,5078125;-198,67445373535156;-26,007539749145508;3,156773328781128;1,096554160118103;0,44463875889778137;0,3397853672504425;0,016841504722833633
937;4111,6220703125;62,291927337646484;66577,5078125;-167,90614318847656;-24,592166900634766;4,165987014770508;1,1246354579925537;0,4499642550945282;0,3438546359539032;0,017396889626979828
938;4111,6220703125;62,291927337646484;66577,5078125;-133,2812042236328;-32,900123596191406;0,7379645705223083;1,1353566646575928;0,4606078267097473;0,3454141318798065;0,01774895004928112
939;4111,6220703125;62,291927337646484;66577,5078125;-130,0662841796875;-53,9672737121582;1,1211967468261719;1,1013590097427368;0,46045395731925964;0,33513814210891724;0,017300233244895935
940;4111,6220703125;62,291927337646484;66577,5078125;-112,92488098144531;-63,45473098754883;-2,465700149536133;1,1308538913726807;0,44973549246788025;0,3358263671398163;0,017712268978357315
941;4111,6220703125;62,291927337646484;66577,5078125;-114,5345687866211;-83,68134307861328;-2,5601091384887695;1,0958424806594849;0,44674861431121826;0,32493454217910767;0,017231568694114685
942;4111,6220703125;62,291927337646484;66577,5078125;-107,41844940185547;-102,98033142089844;-3,8798274993896484;1,117934226989746;0,45819026231765747;0,3291136622428894;0,017781654372811317
943;4111,6220703125;62,291927337646484;66577,5078125;-107,49320220947266;-115,65040588378906;-4,2492804527282715;1,1362133026123047;0,46311524510383606;0,3310777544975281;0,018200742080807686
944;4111,6220703125;62,291927337646484;66577,5078125;-64,74581909179688;-130,10394287109375;-6,465714931488037;1,1568204164505005;0,4708986282348633;0,3341454863548279;0,018691759556531906
945;4111,6220703125;62,291927337646484;66577,5078125;-60,41044235229492;-141,6491241455078;-10,273563385009766;1,1372615098953247;0,45797494053840637;0,3248245120048523;0,018331238999962807
946;4111,6220703125;62,291927337646484;66577,5078125;-32,57218933105469;-150,64492797851562;-12,755159378051758;1,205861210823059;0,4790259003639221;0,34042423963546753;0,01970904879271984
947;4111,6220703125;62,291927337646484;66577,5078125;-21,535015106201172;-162,92124938964844;-13,212995529174805;1,159946084022522;0,477510005235672;0,32841968536376953;0,019101083278656006
948;4111,6220703125;62,291927337646484;66577,5078125;34,538143157958984;-154,29891967773438;-16,820148468017578;1,1965854167938232;0,47010716795921326;0,3319767713546753;0,019651243463158607
949;4111,6220703125;62,291927337646484;66577,5078125;36,12494659423828;-170,728515625;-17,202558517456055;1,1674985885620117;0,489093154668808;0,32775357365608215;0,019552771002054214
950;4111,6220703125;62,291927337646484;66577,5078125;69,7694091796875;-172,0179443359375;-19,097118377685547;1,1941980123519897;0,4796063005924225;0,32917287945747375;0,01995040848851204
951;4111,6220703125;62,291927337646484;66577,5078125;96,78893280029297;-170,26742553710938;-21,93362808227539;1,1712367534637451;0,47526147961616516;0,3219737410545349;0,019656842574477196
952;4111,6220703125;62,291927337646484;66577,5078125;162,8245849609375;-164,75587463378906;-26,624778747558594;1,18862783908844;0,4879302382469177;0,3261542320251465;0,02019062452018261
953;4111,6220703125;62,291927337646484;66577,5078125;152,51058959960938;-171,2788848876953;-26,724225997924805;1,1769518852233887;0,4703834056854248;0,31915995478630066;0,01989789307117462
954;4111,6220703125;62,291927337646484;66577,5078125;179,79278564453125;-163,17430114746094;-30,129419326782227;1,1781097650527954;0,4791003167629242;0,31972378492355347;0,020145131275057793
955;4111,6220703125;62,291927337646484;66577,5078125;173,5343017578125;-154,52017211914062;-29,82959747314453;1,178588628768921;0,47515180706977844;0,3180733621120453;0,020217008888721466
956;4111,6220703125;62,291927337646484;66577,5078125;176,52767944335938;-149,5946807861328;-29,750322341918945;1,1701291799545288;0,46819034218788147;0,3143504559993744;0,02011101320385933
957;4111,6220703125;62,291927337646484;66577,5078125;143,3144989013672;-152,112548828125;-27,656381607055664;1,1745034456253052;0,47374701499938965;0,31553685665130615;0,020372217521071434
958;4111,6220703125;62,291927337646484;66577,5078125;193,60948181152344;-136,59188842773438;-31,426074981689453;1,1791667938232422;0,46836766600608826;0,3151668310165405;0,020490605384111404
959;4111,6220703125;62,291927337646484;66577,5078125;222,98141479492188;-126,4150161743164;-35,1643180847168;1,175305962562561;0,4671453535556793;0,31397172808647156;0,020536476746201515
960;4111,6220703125;62,291927337646484;66577,5078125;223,9464111328125;-125,02729034423828;-34,85636520385742;1,1597378253936768;0,459175169467926;0,3095238506793976;0,020306861028075218
961;4111,6220703125;62,291927337646484;66577,5078125;209,86602783203125;-124,69654846191406;-35,1157341003418;1,199508786201477;0,46343091130256653;0,3186156153678894;0,02110118977725506
962;4111,6220703125;62,291927337646484;66577,5078125;238,10302734375;-111,80235290527344;-37,36023712158203;1,1656503677368164;0,4538898468017578;0,31053924560546875;0,02056645043194294
963;4111,6220703125;62,291927337646484;66577,5078125;263,5006408691406;-99,13707733154297;-39,91798782348633;1,2202627658843994;0,46298155188560486;0,3240036964416504;0,02166430838406086
964;4111,6220703125;62,291927337646484;66577,5078125;293,7854309082031;-87,06562805175781;-42,68303298950195;1,226054072380066;0,4641341269016266;0,3262370228767395;0,021900266408920288
965;4111,6220703125;62,291927337646484;66577,5078125;296,7842712402344;-88,82972717285156;-43,339500427246094;1,2242168188095093;0,4629855155944824;0,3266940116882324;0,02198457531630993
966;4111,6220703125;62,291927337646484;66577,5078125;313,3871154785156;-79,59210205078125;-44,53164291381836;1,2072056531906128;0,4573994576931;0,3234066367149353;0,02176566794514656
967;4111,6220703125;62,291927337646484;66577,5078125;335,18157958984375;-74,64469146728516;-44,79490280151367;1,1897295713424683;0,45757201313972473;0,32080814242362976;0,021626990288496017
968;4111,6220703125;62,291927337646484;66577,5078125;324,56060791015625;-85,3230972290039;-44,364768981933594;1,198404312133789;0,45454496145248413;0,32378533482551575;0,021839551627635956
969;4111,6220703125;62,291927337646484;66577,5078125;364,3248596191406;-76,84764862060547;-48,597740173339844;1,215925693511963;0,4593667685985565;0,329855352640152;0,022313660010695457
970;4111,6220703125;62,291927337646484;66577,5078125;402,075927734375;-65,28843688964844;-51,68964385986328;1,1852226257324219;0,4409487545490265;0,3224182724952698;0,021656647324562073
971;4111,6220703125;62,291927337646484;66577,5078125;423,68145751953125;-63,567447662353516;-54,90624237060547;1,1659795045852661;0,443654328584671;0,31986239552497864;0,02152528241276741
972;4111,6220703125;62,291927337646484;66577,5078125;444,189697265625;-45,47233963012695;-55,54849624633789;1,202062964439392;0,45253995060920715;0,3310660123825073;0,022352855652570724
973;4111,6220703125;62,291927337646484;66577,5078125;468,5126037597656;-34,377769470214844;-55,22159957885742;1,2021938562393188;0,4441649615764618;0,33220115303993225;0,02232782356441021
974;4111,6220703125;62,291927337646484;66577,5078125;457,53570556640625;-35,549320220947266;-56,452369689941406;1,2036168575286865;0,44234612584114075;0,33433422446250916;0,02242959290742874
975;4111,6220703125;62,291927337646484;66577,5078125;494,5115966796875;-23,790098190307617;-61,31563949584961;1,151576280593872;0,4249439239501953;0,32190385460853577;0,02142392098903656
976;4111,6220703125;62,291927337646484;66577,5078125;516,5175170898438;-22,71883773803711;-61,550628662109375;1,1653624773025513;0,4317888617515564;0,32779768109321594;0,02186720259487629
977;4111,6220703125;62,291927337646484;66577,5078125;543,8717041015625;-7,18817663192749;-62,003868103027344;1,1702836751937866;0,4302266836166382;0,3308645188808441;0,02201392501592636
978;4111,6220703125;62,291927337646484;66577,5078125;557,1192626953125;-2,478541851043701;-64,83682250976562;1,1399859189987183;0,4218607544898987;0,3243313133716583;0,021489102393388748
979;4111,6220703125;62,291927337646484;66577,5078125;524,4498291015625;-3,722519874572754;-63,35800552368164;1,183190941810608;0,42609211802482605;0,33785682916641235;0,022306138649582863
980;4111,6220703125;62,291927337646484;66577,5078125;544,9884643554688;4,371250629425049;-62,631103515625;1,172041416168213;0,4261099696159363;0,33676570653915405;0,02223140001296997
981;4111,6220703125;62,291927337646484;66577,5078125;563,5316772460938;15,490683555603027;-64,38088989257812;1,1705046892166138;0,4184202551841736;0,33783745765686035;0,022112766280770302
982;4111,6220703125;62,291927337646484;66577,5078125;561,4202270507812;25,239826202392578;-63,980796813964844;1,1570038795471191;0,4165579080581665;0,3358227610588074;0,021954426541924477
983;4111,6220703125;62,291927337646484;66577,5078125;587,6397094726562;36,82982635498047;-65,9388427734375;1,1737226247787476;0,42271941900253296;0,34239187836647034;0,022400500252842903
984;4111,6220703125;62,291927337646484;66577,5078125;618,2872924804688;44,477691650390625;-69,72328186035156;1,187917947769165;0,42381083965301514;0,3481074869632721;0,022672457620501518
985;4111,6220703125;62,291927337646484;66577,5078125;624,399658203125;58,2330322265625;-69,51024627685547;1,1758558750152588;0,42305314540863037;0,34618568420410156;0,02255222015082836
986;4111,6220703125;62,291927337646484;66577,5078125;658,3427124023438;57,58129119873047;-74,66617584228516;1,1520612239837646;0,41500604152679443;0,3405923545360565;0,022075556218624115
987;4111,6220703125;62,291927337646484;66577,5078125;686,5238647460938;86,7007827758789;-74,38142395019531;1,1443662643432617;0,4127964377403259;0,33960872888565063;0,021957382559776306
988;4111,6220703125;62,291927337646484;66577,5078125;679,0572509765625;94,32772827148438;-75,84817504882812;1,1511553525924683;0,4180532991886139;0,3427169919013977;0,02223530039191246
989;4111,6220703125;62,291927337646484;66577,5078125;664,7571411132812;107,34078979492188;-74,01016235351562;1,1685035228729248;0,41801533102989197;0,349288672208786;0,02241179347038269
990;4111,6220703125;62,291927337646484;66577,5078125;674,4191284179688;132,04315185546875;-73,48023986816406;1,1513252258300781;0,41357460618019104;0,34508606791496277;0,022091638296842575
991;4111,6220703125;62,291927337646484;66577,5078125;677,886474609375;159,90635681152344;-73,27336883544922;1,1403430700302124;0,4121171236038208;0,342457115650177;0,02195560559630394
992;4111,6220703125;62,291927337646484;66577,5078125;612,5350952148438;172,41928100585938;-69,13809967041016;1,164136528968811;0,4206828474998474;0,3504221439361572;0,02246830053627491
993;4111,6220703125;62,291927337646484;66577,5078125;629,9737548828125;214,17295837402344;-71,36421203613281;1,1575992107391357;0,4187297224998474;0,3491770327091217;0,02228727377951145
994;4111,6220703125;62,291927337646484;66577,5078125;650,030517578125;238,89599609375;-70,39369201660156;1,153060793876648;0,41907402873039246;0,3478310704231262;0,02229960635304451
995;4111,6220703125;62,291927337646484;66577,5078125;634,420654296875;267,8052978515625;-67,26712799072266;1,136110782623291;0,4134375751018524;0,34329673647880554;0,021840380504727364
996;4111,6220703125;62,291927337646484;66577,5078125;592,308349609375;302,74700927734375;-66,40631103515625;1,156524419784546;0,4220137596130371;0,34946298599243164;0,02232835255563259
997;4111,6220703125;62,291927337646484;66577,5078125;565,6651611328125;341,84246826171875;-62,84458923339844;1,150131106376648;0,42122894525527954;0,34789448976516724;0,022101206704974174
998;4111,6220703125;62,291927337646484;66577,5078125;544,455078125;380,64532470703125;-62,155582427978516;1,139125943183899;0,4185655415058136;0,3443586230278015;0,0218487735837698
999;4111,6220703125;62,291927337646484;66577,5078125;540,0626831054688;412,6478576660156;-60,15779495239258;1,1426090002059937;0,4219726324081421;0,34537506103515625;0,02187163010239601
1000;4111,6220703125;62,291927337646484;66577,5078125;516,1683959960938;442,18463134765625;-60,85112380981445;1,152712106704712;0,4289267361164093;0,3484899699687958;0,022001774981617928
1001;4111,6220703125;62,291927337646484;66577,5078125;549,1074829101562;469,2442321777344;-64,07164001464844;1,1389014720916748;0,42468222975730896;0,3434387445449829;0,021710872650146484
1002;4111,6220703125;62,291927337646484;66577,5078125;503,7925109863281;497,9337463378906;-57,41086959838867;1,1426571607589722;0,4259728193283081;0,3433654308319092;0,021823205053806305
1003;4111,6220703125;62,291927337646484;66577,5078125;482,7292785644531;520,4534301757812;-57,384151458740234;1,151922345161438;0,4322558343410492;0,34554386138916016;0,021960442885756493
1004;4111,6220703125;62,291927337646484;66577,5078125;490,7301025390625;540,8326416015625;-54,88687515258789;1,163277506828308;0,4406273066997528;0,3484300374984741;0,022122640162706375
1005;4111,6220703125;62,291927337646484;66577,5078125;441,96221923828125;556,18896484375;-53,14960861206055;1,1516600847244263;0,43487751483917236;0,34316879510879517;0,02187231369316578
1006;4111,6220703125;62,291927337646484;66577,5078125;398,1057434082031;578,1755981445312;-50,763153076171875;1,154610514640808;0,4407099783420563;0,34333184361457825;0,0218344833701849
1007;4111,6220703125;62,291927337646484;66577,5078125;393,4180908203125;611,5743408203125;-52,50358200073242;1,155544400215149;0,4430886209011078;0,34223562479019165;0,021792344748973846
1008;4111,6220703125;62,291927337646484;66577,5078125;383,5198974609375;633,1065063476562;-50,42851257324219;1,1697008609771729;0,44784602522850037;0,34447619318962097;0,022071445360779762
1009;4111,6220703125;62,291927337646484;66577,5078125;299,4927978515625;661,524169921875;-44,029884338378906;1,1954221725463867;0,4617486596107483;0,3507464528083801;0,02254505455493927
1010;4111,6220703125;62,291927337646484;66577,5078125;306,41204833984375;676,9348754882812;-43,33951187133789;1,1642632484436035;0,44888317584991455;0,33945807814598083;0,021799104288220406
1011;4111,6220703125;62,291927337646484;66577,5078125;281,6383361816406;700,231201171875;-39,847530364990234;1,1602282524108887;0,4459471106529236;0,3360137939453125;0,021644344553351402
1012;4111,6220703125;62,291927337646484;66577,5078125;240,44419860839844;710,4468994140625;-39,06437301635742;1,2138947248458862;0,4740891456604004;0,3504347801208496;0,022697215899825096
1013;4111,6220703125;62,291927337646484;66577,5078125;284,01556396484375;710,5364379882812;-42,19046401977539;1,1695654392242432;0,4587028920650482;0,33568769693374634;0,021631848067045212
1014;4111,6220703125;62,291927337646484;66577,5078125;283,85040283203125;728,379638671875;-41,725337982177734;1,1916829347610474;0,46853262186050415;0,3398761749267578;0,02201922796666622
1015;4111,6220703125;62,291927337646484;66577,5078125;253,6981658935547;750,9036254882812;-39,1634521484375;1,1815308332443237;0,4702621400356293;0,33543339371681213;0,021677616983652115
1016;4111,6220703125;62,291927337646484;66577,5078125;191,54612731933594;780,3866577148438;-33,784568786621094;1,208033561706543;0,4792976677417755;0,3403368592262268;0,022161303088068962
1017;4111,6220703125;62,291927337646484;66577,5078125;194,26284790039062;790,9659423828125;-37,11279296875;1,2164487838745117;0,4789979159832001;0,33978933095932007;0,022244269028306007
1018;4111,6220703125;62,291927337646484;66577,5078125;167,30520629882812;816,2459716796875;-34,527957916259766;1,2124212980270386;0,4801223576068878;0,33658578991889954;0,022038603201508522
1019;4111,6220703125;62,291927337646484;66577,5078125;102,25019073486328;842,9894409179688;-30,799497604370117;1,2224537134170532;0,4813769459724426;0,33660560846328735;0,02213876135647297
1020;4111,6220703125;62,291927337646484;66577,5078125;69,90397644042969;858,9067993164062;-28,442123413085938;1,225703239440918;0,4903443455696106;0,33603471517562866;0,02207733690738678
1021;4111,6220703125;62,291927337646484;66577,5078125;108,62393951416016;859,179443359375;-33,43682098388672;1,2289202213287354;0,49149149656295776;0,33451706171035767;0,022022495046257973
1022;4111,6220703125;62,291927337646484;66577,5078125;30,115110397338867;879,7402954101562;-26,84941291809082;1,209959626197815;0,48333024978637695;0,327006071805954;0,021500198170542717
1023;4111,6220703125;62,291927337646484;66577,5078125;66,22169494628906;880,5289916992188;-29,02101707458496;1,2313573360443115;0,49235451221466064;0,3305913507938385;0,021818693727254868
1024;4111,6220703125;62,291927337646484;66577,5078125;34,5759162902832;889,7805786132812;-28,136211395263672;1,2441867589950562;0,5036332011222839;0,3325428068637848;0,02195255272090435
1025;4111,6220703125;62,291927337646484;66577,5078125;20,146312713623047;914,5180053710938;-26,5570068359375;1,277318000793457;0,5157485604286194;0,3391042649745941;0,022501084953546524
1026;4111,6220703125;62,291927337646484;66577,5078125;18,902950286865234;925,5889892578125;-25,29327964782715;1,2525352239608765;0,5050607919692993;0,33045482635498047;0,021854590624570847
1027;4111,6220703125;62,291927337646484;66577,5078125;14,185531616210938;929,95556640625;-26,496675491333008;1,271274447441101;0,5228604078292847;0,3345978558063507;0,022100914269685745
1028;4111,6220703125;62,291927337646484;66577,5078125;4,69006872177124;945,0795288085938;-24,407230377197266;1,2685714960098267;0,5096455216407776;0,33087241649627686;0,02190190739929676
1029;4111,6220703125;62,291927337646484;66577,5078125;14,118653297424316;954,2223510742188;-25,82402229309082;1,2631925344467163;0,5069923400878906;0,3278464078903198;0,021651025861501694
1030;4111,6220703125;62,291927337646484;66577,5078125;15,217592239379883;960,8876342773438;-28,282451629638672;1,2874897718429565;0,527029275894165;0,3337273895740509;0,022006113082170486
1031;4111,6220703125;62,291927337646484;66577,5078125;-4,567607879638672;964,6641845703125;-29,494178771972656;1,2934929132461548;0,5123543739318848;0,3323923945426941;0,0219589751213789
1032;4111,6220703125;62,291927337646484;66577,5078125;65,24410247802734;964,0302124023438;-32,45195007324219;1,2949615716934204;0,5298064351081848;0,3332662880420685;0,021869659423828125
1033;4111,6220703125;62,291927337646484;66577,5078125;50,78539276123047;986,5697631835938;-30,505300521850586;1,306459903717041;0,524734616279602;0,33445602655410767;0,021939314901828766
1034;4111,6220703125;62,291927337646484;66577,5078125;75,61572265625;1008,10693359375;-34,33511734008789;1,3110426664352417;0,5312029123306274;0,3353652358055115;0,021893903613090515
1035;4111,6220703125;62,291927337646484;66577,5078125;136,0931396484375;1003,8009643554688;-36,09819412231445;1,2941969633102417;0,5271425247192383;0,33082115650177;0,021425427868962288
1036;4111,6220703125;62,291927337646484;66577,5078125;70,53853607177734;1040,36376953125;-31,893165588378906;1,3119285106658936;0,5328689217567444;0,3349863290786743;0,021628817543387413
1037;4111,6220703125;62,291927337646484;66577,5078125;60,28371047973633;1060,0345458984375;-33,50432205200195;1,330919623374939;0,5460423827171326;0,3402257561683655;0,021862607449293137
1038;4111,6220703125;62,291927337646484;66577,5078125;114,8905029296875;1040,8167724609375;-37,92298889160156;1,299901008605957;0,5235405564308167;0,33177411556243896;0,02111523225903511
1039;4111,6220703125;62,291927337646484;66577,5078125;89,75850677490234;1060,3106689453125;-37,28038024902344;1,3078796863555908;0,5411404371261597;0,3352322578430176;0,02114766649901867
1040;4111,6220703125;62,291927337646484;66577,5078125;131,55650329589844;1067,1199951171875;-36,4097785949707;1,3223395347595215;0,52522873878479;0,3381374180316925;0,02126285433769226
1041;4111,6220703125;62,291927337646484;66577,5078125;91,03026580810547;1075,6749267578125;-32,855682373046875;1,3439409732818604;0,5408362746238708;0,3450038731098175;0,021551743149757385
1042;4111,6220703125;62,291927337646484;66577,5078125;36,7383918762207;1103,5645751953125;-33,62415313720703;1,3355295658111572;0,5386511087417603;0,34402143955230713;0,021265216171741486
1043;4111,6220703125;62,291927337646484;66577,5078125;38,648597717285156;1098,9049072265625;-30,517765045166016;1,3269716501235962;0,5357558131217957;0,3431445062160492;0,020977074280381203
1044;4111,6220703125;62,291927337646484;66577,5078125;17,668811798095703;1108,2186279296875;-33,2249641418457;1,3032419681549072;0,5124589204788208;0,3378397226333618;0,020390138030052185
1045;4111,6220703125;62,291927337646484;66577,5078125;-29,59387969970703;1106,6134033203125;-27,358312606811523;1,3228240013122559;0,5233229398727417;0,3447851538658142;0,020639490336179733
1046;4111,6220703125;62,291927337646484;66577,5078125;-0,038532137870788574;1089,8365478515625;-26,905160903930664;1,2948448657989502;0,5085670351982117;0,339208722114563;0,019995693117380142
1047;4111,6220703125;62,291927337646484;66577,5078125;-20,94206428527832;1088,1656494140625;-26,521087646484375;1,3279054164886475;0,5303921699523926;0,3502647876739502;0,02050313726067543
1048;4111,6220703125;62,291927337646484;66577,5078125;-20,716978073120117;1071,591552734375;-24,297800064086914;1,3101948499679565;0,5057932734489441;0,347250759601593;0,020040960982441902
1049;4111,6220703125;62,291927337646484;66577,5078125;-63,713626861572266;1071,5543212890625;-21,656871795654297;1,3041268587112427;0,5064716339111328;0,34809431433677673;0,019825510680675507
1050;4111,6220703125;62,291927337646484;66577,5078125;-20,821054458618164;1058,3486328125;-20,100927352905273;1,3121048212051392;0,5011963248252869;0,35255640745162964;0,019853625446558
1051;4111,6220703125;62,291927337646484;66577,5078125;-82,21855163574219;1062,1304931640625;-13,910774230957031;1,3191173076629639;0,5089464783668518;0,3571794629096985;0,019884809851646423
1052;4111,6220703125;62,291927337646484;66577,5078125;-67,24735260009766;1043,3143310546875;-13,241430282592773;1,3230605125427246;0,5089616179466248;0,3609720468521118;0,019853251054883003
1053;4111,6220703125;62,291927337646484;66577,5078125;-124,08343505859375;1052,6885986328125;-8,612640380859375;1,285293459892273;0,4871721863746643;0,3533841371536255;0,01906352862715721
1054;4111,6220703125;62,291927337646484;66577,5078125;-110,25035095214844;1051,2154541015625;-10,37918472290039;1,3136152029037476;0,4991064965724945;0,36409133672714233;0,019484451040625572
1055;4111,6220703125;62,291927337646484;66577,5078125;-125,62891387939453;1045,6322021484375;-9,257747650146484;1,2689484357833862;0,4751585125923157;0,3546079397201538;0,018582360818982124
1056;4111,6220703125;62,291927337646484;66577,5078125;-188,57054138183594;1033,11181640625;-6,7230916023254395;1,2780513763427734;0,48499277234077454;0,3600479066371918;0,018659239634871483
1057;4111,6220703125;62,291927337646484;66577,5078125;-161,27113342285156;1009,816162109375;-6,8202667236328125;1,2791029214859009;0,4768807888031006;0,3634257912635803;0,018595321103930473
1058;4111,6220703125;62,291927337646484;66577,5078125;-237,91908264160156;1019,343994140625;0,07301589846611023;1,277382254600525;0,47838494181632996;0,3658945858478546;0,018479811027646065
1059;4111,6220703125;62,291927337646484;66577,5078125;-255,48484802246094;1005,6371459960938;2,034480333328247;1,2581642866134644;0,46175307035446167;0,3635723888874054;0,018060414120554924
1060;4111,6220703125;62,291927337646484;66577,5078125;-281,3929443359375;999,8943481445312;4,907870769500732;1,282246708869934;0,47708502411842346;0,3733545243740082;0,018409015610814095
1061;4111,6220703125;62,291927337646484;66577,5078125;-306,7249450683594;1001,0958862304688;12,06212329864502;1,2283663749694824;0,43887704610824585;0,36115574836730957;0,0173842441290617
1062;4111,6220703125;62,291927337646484;66577,5078125;-310,42413330078125;988,8953857421875;14,067543029785156;1,255259394645691;0,4724036157131195;0,3709896504878998;0,01774045079946518
1063;4111,6220703125;62,291927337646484;66577,5078125;-326,86083984375;967,0860595703125;6,789371013641357;1,2122037410736084;0,44615453481674194;0,36142203211784363;0,01691826432943344
1064;4111,6220703125;62,291927337646484;66577,5078125;-290,29931640625;940,0662231445312;8,914155960083008;1,2069191932678223;0,4300099015235901;0,3632652163505554;0,016797401010990143
1065;4111,6220703125;62,291927337646484;66577,5078125;-369,3492736816406;934,3059692382812;8,800763130187988;1,176798939704895;0,41603317856788635;0,356982946395874;0,01619281992316246
1066;4111,6220703125;62,291927337646484;66577,5078125;-316,7522888183594;907,0462646484375;13,308308601379395;1,1764657497406006;0,4208672046661377;0,3590550124645233;0,016096338629722595
1067;4111,6220703125;62,291927337646484;66577,5078125;-344,260498046875;895,8157348632812;8,8472318649292;1,1705716848373413;0,4188564717769623;0,35961365699768066;0,01591655984520912
1068;4111,6220703125;62,291927337646484;66577,5078125;-325,464111328125;870,5309448242188;11,369543075561523;1,1959443092346191;0,4223729074001312;0,37018758058547974;0,01634705439209938
1069;4111,6220703125;62,291927337646484;66577,5078125;-312,29119873046875;867,8978271484375;12,869150161743164;1,138676404953003;0,39551055431365967;0,35520297288894653;0,015271468088030815
1070;4111,6220703125;62,291927337646484;66577,5078125;-282,3720703125;834,69775390625;8,49001693725586;1,1126645803451538;0,37404507398605347;0,35036328434944153;0,014813292771577835
1071;4111,6220703125;62,291927337646484;66577,5078125;-278,58087158203125;820,8866577148438;16,800565719604492;1,1034927368164062;0,3602272570133209;0,35062524676322937;0,014652333222329617
1072;4111,6220703125;62,291927337646484;66577,5078125;-292,46966552734375;822,4171142578125;14,177773475646973;1,118802785873413;0,3775610029697418;0,3560445010662079;0,014813274145126343
1073;4111,6220703125;62,291927337646484;66577,5078125;-271,2308349609375;791,5003051757812;15,4125337600708;1,10104238986969;0,36540713906288147;0,3529362678527832;0,014485428109765053
1074;4111,6220703125;62,291927337646484;66577,5078125;-305,93316650390625;773,3717651367188;15,38574504852295;1,0744088888168335;0,3588804602622986;0,345691055059433;0,013904555700719357
1075;4111,6220703125;62,291927337646484;66577,5078125;-277,4526672363281;761,6979370117188;16,902490615844727;1,074852705001831;0,3441442847251892;0,34964805841445923;0,014028728939592838
1076;4111,6220703125;62,291927337646484;66577,5078125;-231,96914672851562;711,6182861328125;14,827692985534668;1,0347585678100586;0,3315488398075104;0,33805495500564575;0,013234257698059082
1077;4111,6220703125;62,291927337646484;66577,5078125;-263,1163635253906;725,3158569335938;13,623530387878418;1,016698956489563;0,3246888220310211;0,33368441462516785;0,012866733595728874
1078;4111,6220703125;62,291927337646484;66577,5078125;-279,13507080078125;689,541259765625;13,110965728759766;1,0282745361328125;0,32338184118270874;0,33979082107543945;0,01313650794327259
1079;4111,6220703125;62,291927337646484;66577,5078125;-264,5277404785156;695,1233520507812;17,92450523376465;1,0290344953536987;0,32350435853004456;0,34129786491394043;0,013136137276887894
1080;4111,6220703125;62,291927337646484;66577,5078125;-312,1878967285156;674,0222778320312;14,762032508850098;1,0076305866241455;0,31812310218811035;0,33491167426109314;0,01267881877720356
1081;4111,6220703125;62,291927337646484;66577,5078125;-329,4288635253906;658,4773559570312;16,996845245361328;0,9679722785949707;0,2997887134552002;0,32443761825561523;0,012008486315608025
1082;4111,6220703125;62,291927337646484;66577,5078125;-329,1647033691406;611,3884887695312;17,764577865600586;0,9760111570358276;0,3011089563369751;0,3286202549934387;0,01220216415822506
1083;4111,6220703125;62,291927337646484;66577,5078125;-322,8614196777344;602,8275146484375;17,537328720092773;1,0046037435531616;0,3142031729221344;0,33752480149269104;0,012667708098888397
1084;4111,6220703125;62,291927337646484;66577,5078125;-308,07037353515625;576,8876953125;20,998329162597656;0,9725747108459473;0,302851140499115;0,3282102644443512;0,012089394964277744
1085;4111,6220703125;62,291927337646484;66577,5078125;-333,23822021484375;553,73046875;16,722763061523438;0,9207351803779602;0,28304368257522583;0,31398671865463257;0,011229518800973892
1086;4111,6220703125;62,291927337646484;66577,5078125;-321,2793884277344;529,8782348632812;18,506168365478516;0,9334709048271179;0,2903027832508087;0,31718501448631287;0,011398260481655598
1087;4111,6220703125;62,291927337646484;66577,5078125;-328,8121337890625;520,7666625976562;25,042240142822266;0,9428318738937378;0,2938322424888611;0,32121163606643677;0,011639203876256943
1088;4111,6220703125;62,291927337646484;66577,5078125;-323,4073791503906;502,51068115234375;17,952434539794922;0,9192596673965454;0,28723812103271484;0,3145456314086914;0,011250410228967667
1089;4111,6220703125;62,291927337646484;66577,5078125;-298,89141845703125;458,6200866699219;12,037349700927734;0,9159990549087524;0,28777751326560974;0,314775288105011;0,011277267709374428
1090;4111,6220703125;62,291927337646484;66577,5078125;-266,7453918457031;449,09539794921875;13,22243881225586;0,9693353772163391;0,3056975305080414;0,3284057676792145;0,01206718385219574
1091;4111,6220703125;62,291927337646484;66577,5078125;-301,6860046386719;406,72125244140625;11,847135543823242;0,96091628074646;0,30512428283691406;0,327763170003891;0,012102682143449783
1092;4111,6220703125;62,291927337646484;66577,5078125;-283,9832458496094;373,31317138671875;16,121078491210938;0,931891143321991;0,29787009954452515;0,31812456250190735;0,011573265306651592
1093;4111,6220703125;62,291927337646484;66577,5078125;-266,868896484375;368,9793395996094;9,94021987915039;0,9671585559844971;0,3091225028038025;0,32805895805358887;0,012195693328976631
1094;4111,6220703125;62,291927337646484;66577,5078125;-277,3266906738281;346,9430847167969;12,96452808380127;0,944800615310669;0,3067834675312042;0,32258594036102295;0,011960681527853012
1095;4111,6220703125;62,291927337646484;66577,5078125;-240,9036102294922;334,2590637207031;14,36900520324707;0,9652835130691528;0,315045565366745;0,3286539316177368;0,012388729490339756
1096;4111,6220703125;62,291927337646484;66577,5078125;-246,65493774414062;327,650146484375;14,974512100219727;0,9387279748916626;0,3101668655872345;0,3199015259742737;0,011955007910728455
1097;4111,6220703125;62,291927337646484;66577,5078125;-295,5777587890625;301,0879821777344;16,215824127197266;0,9818362593650818;0,3245534598827362;0,33263498544692993;0,012794083915650845
1098;4111,6220703125;62,291927337646484;66577,5078125;-285,0197448730469;295,0714416503906;13,19112777709961;0,9416906237602234;0,31960171461105347;0,32096442580223083;0,012205526232719421
1099;4111,6220703125;62,291927337646484;66577,5078125;-282,1202697753906;268,3726501464844;13,655138969421387;0,952311098575592;0,32582181692123413;0,3235292136669159;0,012466886080801487
1100;4111,6220703125;62,291927337646484;66577,5078125;-232,16566467285156;267,6180725097656;11,610644340515137;0,948455274105072;0,32263657450675964;0,3193056583404541;0,012331821955740452
1101;4111,6220703125;62,291927337646484;66577,5078125;-287,27130126953125;246,3324737548828;13,936357498168945;0,9739421010017395;0,3426952362060547;0,32993796467781067;0,013074284419417381
1102;4111,6220703125;62,291927337646484;66577,5078125;-241,32562255859375;231,80567932128906;9,45070743560791;0,980354905128479;0,3425426781177521;0,3288450241088867;0,013166354969143867
1103;4111,6220703125;62,291927337646484;66577,5078125;-225,01573181152344;220,73495483398438;11,745747566223145;0,9786103963851929;0,3434571325778961;0,32640862464904785;0,01316782645881176
1104;4111,6220703125;62,291927337646484;66577,5078125;-247,82960510253906;191,75503540039062;10,031279563903809;0,9534140825271606;0,3444463014602661;0,3188036382198334;0,012855013832449913
1105;4111,6220703125;62,291927337646484;66577,5078125;-225,65447998046875;183,31631469726562;10,245800971984863;1,0087988376617432;0,35553380846977234;0,33196955919265747;0,013818704523146152
1106;4111,6220703125;62,291927337646484;66577,5078125;-212,8143768310547;169,82098388671875;11,200875282287598;1,0266057252883911;0,36939090490341187;0,33747488260269165;0,014319268055260181
1107;4111,6220703125;62,291927337646484;66577,5078125;-227,92303466796875;132,5658721923828;10,042872428894043;1,0178250074386597;0,3656315803527832;0,3317429721355438;0,01416106428951025
1108;4111,6220703125;62,291927337646484;66577,5078125;-181,5423126220703;119,23701477050781;8,8109712600708;1,0157480239868164;0,3737430274486542;0,3308219015598297;0,014290742576122284
1109;4111,6220703125;62,291927337646484;66577,5078125;-183,39996337890625;88,43262481689453;5,88895845413208;1,042145848274231;0,3785567283630371;0,335245817899704;0,014764616265892982
1110;4111,6220703125;62,291927337646484;66577,5078125;-135,60177612304688;72,07730102539062;4,389321327209473;1,023124098777771;0,382511705160141;0,3291813135147095;0,014593346044421196
1111;4111,6220703125;62,291927337646484;66577,5078125;-126,3128662109375;43,881752014160156;0,45895490050315857;1,0283935070037842;0,39369356632232666;0,33035212755203247;0,01486322470009327
1112;4111,6220703125;62,291927337646484;66577,5078125;-44,50373458862305;38,19730758666992;-3,5967142581939697;1,0383769273757935;0,3966907262802124;0,3303481638431549;0,015094184316694736
1113;4111,6220703125;62,291927337646484;66577,5078125;-18,950191497802734;22,32176971435547;-4,763797760009766;1,0310640335083008;0,3962627351284027;0,32563310861587524;0,015028858557343483
1114;4111,6220703125;62,291927337646484;66577,5078125;-46,69663619995117;-8,823272705078125;-6,051088809967041;1,0582188367843628;0,4089582860469818;0,3316865861415863;0,015644319355487823
1115;4111,6220703125;62,291927337646484;66577,5078125;14,186322212219238;-16,80377960205078;-8,4539794921875;1,0431503057479858;0,41169920563697815;0,32600754499435425;0,01551090832799673
1116;4111,6220703125;62,291927337646484;66577,5078125;60,05892562866211;-36,2305793762207;-13,416067123413086;1,0603476762771606;0,4181269705295563;0,32820314168930054;0,015905631706118584
1117;4111,6220703125;62,291927337646484;66577,5078125;88,75914764404297;-44,190406799316406;-13,85822582244873;1,0909336805343628;0,4264322817325592;0,3336339294910431;0,016522638499736786
1118;4111,6220703125;62,291927337646484;66577,5078125;97,52790832519531;-80,44310760498047;-21,004291534423828;1,0462329387664795;0,41425684094429016;0,3181972801685333;0,015772560611367226
1119;4111,6220703125;62,291927337646484;66577,5078125;123,96680450439453;-99,94193267822266;-20,176025390625;1,0565587282180786;0,43989142775535583;0,32329893112182617;0,016292819753289223
1120;4111,6220703125;62,291927337646484;66577,5078125;147,20704650878906;-117,71675872802734;-18,48668098449707;1,0360562801361084;0,4353688955307007;0,31499093770980835;0,01599964126944542
1121;4111,6220703125;62,291927337646484;66577,5078125;179,9971923828125;-134,6697235107422;-21,889760971069336;1,092061161994934;0,43979161977767944;0,3246515989303589;0,016985034570097923
1122;4111,6220703125;62,291927337646484;66577,5078125;227,25790405273438;-142,72003173828125;-27,909515380859375;1,101321816444397;0,4413374066352844;0,32397207617759705;0,017218980938196182
1123;4111,6220703125;62,291927337646484;66577,5078125;188,6007080078125;-180,8875732421875;-25,35650062561035;1,1022896766662598;0,4388847053050995;0,3207782208919525;0,01728026568889618
1124;4111,6220703125;62,291927337646484;66577,5078125;242,46157836914062;-182,02491760253906;-28,38191795349121;1,0683032274246216;0,4521902799606323;0,31396597623825073;0,01700577698647976
1125;4111,6220703125;62,291927337646484;66577,5078125;298,2652893066406;-197,4666290283203;-33,79856491088867;1,1010010242462158;0,4460962116718292;0,3165982663631439;0,017520951107144356
1126;4111,6220703125;62,291927337646484;66577,5078125;325,3212585449219;-200,61203002929688;-37,77179718017578;1,0768555402755737;0,4508219361305237;0,31018373370170593;0,01730041205883026
1127;4111,6220703125;62,291927337646484;66577,5078125;333,41302490234375;-209,37615966796875;-39,235111236572266;1,0961188077926636;0,45072415471076965;0,3115786910057068;0,01768488995730877
1128;4111,6220703125;62,291927337646484;66577,5078125;395,54254150390625;-215,25889587402344;-44,34147644042969;1,1074776649475098;0,4554067850112915;0,3124849498271942;0,018009891733527184
1129;4111,6220703125;62,291927337646484;66577,5078125;381,8329162597656;-217,7757110595703;-44,6191291809082;1,1271158456802368;0,4557622969150543;0,3142830431461334;0,01840774528682232
1130;4111,6220703125;62,291927337646484;66577,5078125;369,9429626464844;-228,45355224609375;-45,48020935058594;1,11002516746521;0,45859238505363464;0,309425413608551;0,01828595995903015
1131;4111,6220703125;62,291927337646484;66577,5078125;378,09771728515625;-228,89828491210938;-44,84526443481445;1,1247150897979736;0,4643577039241791;0,3115738034248352;0,018685808405280113
1132;4111,6220703125;62,291927337646484;66577,5078125;378,8857727050781;-223,98428344726562;-46,75726318359375;1,1494414806365967;0,4697149097919464;0,3157505393028259;0,019237199798226357
1133;4111,6220703125;62,291927337646484;66577,5078125;437,86968994140625;-207,9997100830078;-52,71165084838867;1,144606590270996;0,46235403418540955;0,3118780255317688;0,01917656697332859
1134;4111,6220703125;62,291927337646484;66577,5078125;406,7005615234375;-224,8755645751953;-50,975860595703125;1,1558427810668945;0,4629468619823456;0,3128719925880432;0,019464727491140366
1135;4111,6220703125;62,291927337646484;66577,5078125;424,619140625;-219,6849822998047;-52,65629959106445;1,1478064060211182;0,4600512981414795;0,3096151053905487;0,019416827708482742
1136;4111,6220703125;62,291927337646484;66577,5078125;447,2513732910156;-220,84803771972656;-56,514564514160156;1,1591370105743408;0,4675195813179016;0,31222373247146606;0,019806092604994774
1137;4111,6220703125;62,291927337646484;66577,5078125;493,1916809082031;-213,46405029296875;-59,58344268798828;1,1602294445037842;0,4642244577407837;0,31112316250801086;0,019894935190677643
1138;4111,6220703125;62,291927337646484;66577,5078125;561,8497314453125;-193,3804931640625;-66,51697540283203;1,1635409593582153;0,4600488841533661;0,31055906414985657;0,020004762336611748
1139;4111,6220703125;62,291927337646484;66577,5078125;591,6978759765625;-188,3459930419922;-68,99855041503906;1,1742507219314575;0,4637223482131958;0,31300491094589233;0,020341355353593826
1140;4111,6220703125;62,291927337646484;66577,5078125;633,883056640625;-174,22097778320312;-72,26727294921875;1,1307902336120605;0,4553457796573639;0,3026812970638275;0,01967620477080345
1141;4111,6220703125;62,291927337646484;66577,5078125;665,4299926757812;-166,85861206054688;-76,04907989501953;1,1990103721618652;0,4690549373626709;0,3188822269439697;0,02104218117892742
1142;4111,6220703125;62,291927337646484;66577,5078125;671,62158203125;-160,65159606933594;-77,0220947265625;1,1944639682769775;0,4686849117279053;0,3181830942630768;0,021095361560583115
1143;4111,6220703125;62,291927337646484;66577,5078125;716,8802490234375;-159,03961181640625;-82,58457946777344;1,1628352403640747;0,4478187561035156;0,3090287744998932;0,02042384073138237
1144;4111,6220703125;62,291927337646484;66577,5078125;777,6311645507812;-154,14060974121094;-85,88397979736328;1,196975827217102;0,4613344371318817;0,3188650608062744;0,021281706169247627
1145;4111,6220703125;62,291927337646484;66577,5078125;826,00439453125;-141,03627014160156;-91,33002471923828;1,1958550214767456;0,4506723880767822;0,31810683012008667;0,02122492715716362
1146;4111,6220703125;62,291927337646484;66577,5078125;770,427978515625;-151,93812561035156;-86,87647247314453;1,1464089155197144;0,4533528685569763;0,3087190091609955;0,020631883293390274
1147;4111,6220703125;62,291927337646484;66577,5078125;737,6845092773438;-153,93487548828125;-86,73052978515625;1,190906047821045;0,45376309752464294;0,3197152316570282;0,02145807258784771
1148;4111,6220703125;62,291927337646484;66577,5078125;752,2607421875;-148,69540405273438;-85,64448547363281;1,1978025436401367;0,4520200192928314;0,322418212890625;0,02166461944580078
1149;4111,6220703125;62,291927337646484;66577,5078125;816,5953369140625;-130,35089111328125;-86,9943618774414;1,2276188135147095;0,45475107431411743;0,3310508728027344;0,022293319925665855
1150;4111,6220703125;62,291927337646484;66577,5078125;771,07763671875;-138,81112670898438;-87,45216369628906;1,2147022485733032;0,445494145154953;0,32877543568611145;0,022066187113523483
1151;4111,6220703125;62,291927337646484;66577,5078125;838,6488647460938;-146,3641357421875;-93,06295776367188;1,195151925086975;0,4483111500740051;0,32625243067741394;0,0219428613781929
1152;4111,6220703125;62,291927337646484;66577,5078125;846,8540649414062;-125,70562744140625;-94,41134643554688;1,2166314125061035;0,44227224588394165;0,3326084017753601;0,022285830229520798
1153;4111,6220703125;62,291927337646484;66577,5078125;782,700927734375;-138,37814331054688;-90,3120346069336;1,20121169090271;0,44535741209983826;0,331118106842041;0,022229650989174843
1154;4111,6220703125;62,291927337646484;66577,5078125;811,2489013671875;-136,63290405273438;-92,38783264160156;1,209482192993164;0,4322092533111572;0,3340020775794983;0,022225720807909966
1155;4111,6220703125;62,291927337646484;66577,5078125;817,6624755859375;-134,60414123535156;-90,78974151611328;1,2058640718460083;0,4400997757911682;0,3357975482940674;0,02244069240987301
1156;4111,6220703125;62,291927337646484;66577,5078125;808,1055297851562;-128,41383361816406;-88,53857421875;1,1926054954528809;0,4385312497615814;0,33436670899391174;0,02232271060347557
1157;4111,6220703125;62,291927337646484;66577,5078125;820,3924560546875;-113,17769622802734;-91,26978302001953;1,1838867664337158;0,42373618483543396;0,33311858773231506;0,02200380712747574
1158;4111,6220703125;62,291927337646484;66577,5078125;814,5556640625;-100,54503631591797;-89,3789291381836;1,1755876541137695;0,4234437644481659;0,33297616243362427;0,021976664662361145
1159;4111,6220703125;62,291927337646484;66577,5078125;825,7584838867188;-86,311767578125;-89,96053314208984;1,1726903915405273;0,4202185273170471;0,33401018381118774;0,021959515288472176
1160;4111,6220703125;62,291927337646484;66577,5078125;800,6716918945312;-78,28359985351562;-89,25155639648438;1,1589244604110718;0,41849449276924133;0,3321862518787384;0,021813973784446716
1161;4111,6220703125;62,291927337646484;66577,5078125;807,6544799804688;-67,91768646240234;-88,0210952758789;1,1596344709396362;0,41860660910606384;0,3342452049255371;0,021911168470978737
1162;4111,6220703125;62,291927337646484;66577,5078125;815,40234375;-57,58096694946289;-88,95269012451172;1,1654272079467773;0,41791200637817383;0,33762964606285095;0,022053312510252
1163;4111,6220703125;62,291927337646484;66577,5078125;798,7284545898438;-38,000858306884766;-86,2515640258789;1,1780401468276978;0,41915056109428406;0,34297406673431396;0,022321591153740883
1164;4111,6220703125;62,291927337646484;66577,5078125;827,016357421875;-22,762739181518555;-87,36138916015625;1,1466714143753052;0,41380974650382996;0,3356349766254425;0,021834222599864006
1165;4111,6220703125;62,291927337646484;66577,5078125;832,7545166015625;-10,22884464263916;-88,5938491821289;1,1454427242279053;0,41338926553726196;0,33680638670921326;0,02186604030430317
1166;4111,6220703125;62,291927337646484;66577,5078125;814,887451171875;14,034822463989258;-87,24192810058594;1,1519465446472168;0,41238510608673096;0,34017413854599;0,02196437492966652
1167;4111,6220703125;62,291927337646484;66577,5078125;830,4583740234375;36,24974060058594;-86,5692367553711;1,1681474447250366;0,41725701093673706;0,34637200832366943;0,02233479544520378
1168;4111,6220703125;62,291927337646484;66577,5078125;766,810791015625;55,452491760253906;-83,39781951904297;1,1641137599945068;0,41701018810272217;0,34645378589630127;0,022309310734272003
1169;4111,6220703125;62,291927337646484;66577,5078125;813,6572875976562;69,31893920898438;-86,73340606689453;1,1535181999206543;0,4131090044975281;0,34449198842048645;0,022076817229390144
1170;4111,6220703125;62,291927337646484;66577,5078125;808,732421875;94,808349609375;-87,14440155029297;1,1646018028259277;0,4179818630218506;0,34884411096572876;0,022364623844623566
1171;4111,6220703125;62,291927337646484;66577,5078125;809,0387573242188;117,35518646240234;-86,81151580810547;1,1478744745254517;0,4127050042152405;0,3447456657886505;0,022002024576067924
1172;4111,6220703125;62,291927337646484;66577,5078125;822,9967651367188;139,76498413085938;-90,79622650146484;1,1229588985443115;0,4058952331542969;0,337806761264801;0,02153262309730053
1173;4111,6220703125;62,291927337646484;66577,5078125;767,0420532226562;172,4501953125;-83,115966796875;1,1356329917907715;0,41051697731018066;0,3424127697944641;0,02176985703408718
1174;4111,6220703125;62,291927337646484;66577,5078125;778,2959594726562;207,8390655517578;-85,94414520263672;1,1461466550827026;0,41578879952430725;0,3459199070930481;0,022058328613638878
1175;4111,6220703125;62,291927337646484;66577,5078125;740,0770263671875;236,42759704589844;-80,90982818603516;1,14824378490448;0,4176763594150543;0,3467882573604584;0,022122271358966827
1176;4111,6220703125;62,291927337646484;66577,5078125;722,6586303710938;282,0845031738281;-82,3727798461914;1,1477464437484741;0,4186565577983856;0,34712743759155273;0,022035740315914154
1177;4111,6220703125;62,291927337646484;66577,5078125;718,5869750976562;317,07562255859375;-79,00373077392578;1,1486437320709229;0,4207064211368561;0,3476352393627167;0,022008972242474556
1178;4111,6220703125;62,291927337646484;66577,5078125;648,2169799804688;347,2404479980469;-73,54090881347656;1,1332465410232544;0,41576969623565674;0,3423021137714386;0,02174847573041916
1179;4111,6220703125;62,291927337646484;66577,5078125;643,3496704101562;372,67041015625;-74,39614868164062;1,1573303937911987;0,4263255000114441;0,34942734241485596;0,022254081442952156
1180;4111,6220703125;62,291927337646484;66577,5078125;602,86474609375;411,6256103515625;-69,53414154052734;1,1395726203918457;0,4213239848613739;0,3436397910118103;0,021825511008501053
1181;4111,6220703125;62,291927337646484;66577,5078125;595,34521484375;443,7944030761719;-68,49554443359375;1,1545912027359009;0,42989256978034973;0,3479860723018646;0,022083478048443794
1182;4111,6220703125;62,291927337646484;66577,5078125;532,6066284179688;481,80169677734375;-64,85516357421875;1,1628259420394897;0,4353835880756378;0,3498714566230774;0,022216731682419777
1183;4111,6220703125;62,291927337646484;66577,5078125;542,2465209960938;504,0484619140625;-65,94546508789062;1,183083176612854;0,44601190090179443;0,3553163707256317;0,02260594256222248
1184;4111,6220703125;62,291927337646484;66577,5078125;499,35565185546875;536,7903442382812;-59,15302658081055;1,1725151538848877;0,44251587986946106;0,3507803976535797;0,02235819213092327
1185;4111,6220703125;62,291927337646484;66577,5078125;529,790771484375;561,8572387695312;-63,92258071899414;1,1863679885864258;0,44998475909233093;0,3537907302379608;0,02260921336710453
1186;4111,6220703125;62,291927337646484;66577,5078125;466,07135009765625;583,807373046875;-59,38945388793945;1,1760765314102173;0,4507630169391632;0,3499126732349396;0,022275537252426147
1187;4111,6220703125;62,291927337646484;66577,5078125;457,7007751464844;597,6409301757812;-57,69718933105469;1,1575837135314941;0,44047412276268005;0,3420652151107788;0,021870486438274384
1188;4111,6220703125;62,291927337646484;66577,5078125;457,3821105957031;613,6005249023438;-58,873802185058594;1,16758394241333;0,44443485140800476;0,3431873023509979;0,022035369649529457
1189;4111,6220703125;62,291927337646484;66577,5078125;453,607666015625;625,5966796875;-56,71796798706055;1,1598296165466309;0,44450658559799194;0,3394681215286255;0,021772954612970352
1190;4111,6220703125;62,291927337646484;66577,5078125;387,1331481933594;655,0703735351562;-52,353450775146484;1,1883809566497803;0,4558592140674591;0,34580954909324646;0,022328397259116173
1191;4111,6220703125;62,291927337646484;66577,5078125;368,3902282714844;671,353515625;-49,66802215576172;1,1923214197158813;0,46518221497535706;0,34596800804138184;0,022283611819148064
1192;4111,6220703125;62,291927337646484;66577,5078125;368,19061279296875;686,3162231445312;-48,9367790222168;1,1997177600860596;0,4632924199104309;0,34514111280441284;0,02238851971924305
1193;4111,6220703125;62,291927337646484;66577,5078125;366,7628173828125;707,7275390625;-50,305999755859375;1,1953855752944946;0,4742603003978729;0,34339141845703125;0,022132961079478264
1194;4111,6220703125;62,291927337646484;66577,5078125;370,71563720703125;720,9096069335938;-49,77866744995117;1,187525749206543;0,4611494243144989;0,3373706638813019;0,021917162463068962
1195;4111,6220703125;62,291927337646484;66577,5078125;384,4256591796875;730,0507202148438;-52,31650924682617;1,2179797887802124;0,4798898994922638;0,3445199429988861;0,022448718547821045
1196;4111,6220703125;62,291927337646484;66577,5078125;376,0228576660156;744,48828125;-52,30033493041992;1,225266456604004;0,4864843785762787;0,3445770740509033;0,022484242916107178
1197;4111,6220703125;62,291927337646484;66577,5078125;361,7510681152344;751,1802368164062;-52,469417572021484;1,2418580055236816;0,5027207136154175;0,34795767068862915;0,022695478051900864
1198;4111,6220703125;62,291927337646484;66577,5078125;343,9219055175781;768,0914306640625;-49,75865936279297;1,2309223413467407;0,4860611855983734;0,3407914340496063;0,022379832342267036
1199;4111,6220703125;62,291927337646484;66577,5078125;351,4236755371094;770,769287109375;-51,6192626953125;1,2290747165679932;0,49088266491889954;0,3384811580181122;0,02220831997692585
1200;4111,6220703125;62,291927337646484;66577,5078125;321,7011413574219;795,791748046875;-49,1226692199707;1,2803122997283936;0,519441545009613;0,3510170876979828;0,023147722706198692
1201;4111,6220703125;62,291927337646484;66577,5078125;367,2806396484375;790,4514770507812;-51,68150329589844;1,2211652994155884;0,48928090929985046;0,33164870738983154;0,021787544712424278
1202;4111,6220703125;62,291927337646484;66577,5078125;344,9254455566406;805,349609375;-51,33040237426758;1,234541654586792;0,48367536067962646;0,3316611349582672;0,021935906261205673
1203;4111,6220703125;62,291927337646484;66577,5078125;320,81988525390625;826,1185302734375;-50,3153190612793;1,2653133869171143;0,5113921761512756;0,3393978476524353;0,02243906818330288
1204;4111,6220703125;62,291927337646484;66577,5078125;345,5465087890625;823,7371215820312;-51,791568756103516;1,254603624343872;0,49915868043899536;0,3334149420261383;0,022078294306993484
1205;4111,6220703125;62,291927337646484;66577,5078125;322,9178466796875;839,0072021484375;-51,19371795654297;1,2590376138687134;0,49523693323135376;0,33188092708587646;0,022021370008587837
1206;4111,6220703125;62,291927337646484;66577,5078125;326,000732421875;847,8941040039062;-52,87351989746094;1,2767709493637085;0,505942165851593;0,3349664807319641;0,022244663909077644
1207;4111,6220703125;62,291927337646484;66577,5078125;313,06109619140625;866,9779663085938;-51,307552337646484;1,3064910173416138;0,5250717401504517;0,3416276276111603;0,022708145901560783
1208;4111,6220703125;62,291927337646484;66577,5078125;360,1050720214844;862,9010009765625;-54,87681198120117;1,3070605993270874;0,5216529965400696;0,33966076374053955;0,022567471489310265
1209;4111,6220703125;62,291927337646484;66577,5078125;309,8397216796875;891,7371215820312;-52,191009521484375;1,2886425256729126;0,516864001750946;0,3335837125778198;0,022056326270103455
1210;4111,6220703125;62,291927337646484;66577,5078125;298,86859130859375;908,4989624023438;-52,010963439941406;1,293521523475647;0,525223970413208;0,33409383893013;0,022017262876033783
1211;4111,6220703125;62,291927337646484;66577,5078125;293,00421142578125;930,9915771484375;-50,971580505371094;1,2893990278244019;0,5144539475440979;0,3309940695762634;0,021777568385004997
1212;4111,6220703125;62,291927337646484;66577,5078125;271,2128601074219;955,7011108398438;-50,92024612426758;1,3015563488006592;0,5279614925384521;0,3339266777038574;0,021887267008423805
1213;4111,6220703125;62,291927337646484;66577,5078125;268,4128723144531;976,4774780273438;-52,71051788330078;1,3064675331115723;0,5378573536872864;0,335093230009079;0,021847879514098167
1214;4111,6220703125;62,291927337646484;66577,5078125;287,5740966796875;982,3975830078125;-52,63953399658203;1,2938354015350342;0,5157737731933594;0,32985299825668335;0,021434664726257324
1215;4111,6220703125;62,291927337646484;66577,5078125;262,9185485839844;990,924560546875;-50,57980728149414;1,308906078338623;0,5378935933113098;0,334671288728714;0,02160777524113655
1216;4111,6220703125;62,291927337646484;66577,5078125;250,62155151367188;1012,27783203125;-51,64698791503906;1,3366854190826416;0,5369228720664978;0,34068334102630615;0,021987151354551315
1217;4111,6220703125;62,291927337646484;66577,5078125;257,1054382324219;1025,575439453125;-48,65294647216797;1,2903656959533691;0,5076573491096497;0,32823729515075684;0,0209338515996933
1218;4111,6220703125;62,291927337646484;66577,5078125;281,25885009765625;1029,716552734375;-52,2918701171875;1,308077096939087;0,5208429098129272;0,3335708677768707;0,021150805056095123
1219;4111,6220703125;62,291927337646484;66577,5078125;243,2916717529297;1052,2215576171875;-51,64350509643555;1,3275020122528076;0,5331701636314392;0,33944031596183777;0,021393612027168274
1220;4111,6220703125;62,291927337646484;66577,5078125;260,44622802734375;1060,802490234375;-51,21314239501953;1,3146113157272339;0,515592098236084;0,33620452880859375;0,020989352837204933
1221;4111,6220703125;62,291927337646484;66577,5078125;272,927001953125;1064,2283935546875;-51,97371292114258;1,3136348724365234;0,5139446258544922;0,336970716714859;0,02083710953593254
1222;4111,6220703125;62,291927337646484;66577,5078125;254,52464294433594;1075,05126953125;-49,74681854248047;1,2755441665649414;0,5022425055503845;0,3286340534687042;0,019999563694000244
1223;4111,6220703125;62,291927337646484;66577,5078125;247,14796447753906;1064,264404296875;-50,20273971557617;1,3251512050628662;0,5379860997200012;0,34370774030685425;0,02082488127052784
1224;4111,6220703125;62,291927337646484;66577,5078125;241,412353515625;1058,302978515625;-50,87226867675781;1,2851650714874268;0,4997546374797821;0,3339647650718689;0,019924359396100044
1225;4111,6220703125;62,291927337646484;66577,5078125;267,95623779296875;1049,2677001953125;-51,374061584472656;1,3058693408966064;0,5044527053833008;0,3411088287830353;0,02018377184867859
1226;4111,6220703125;62,291927337646484;66577,5078125;223,43646240234375;1042,403076171875;-45,105167388916016;1,354809045791626;0,5501984357833862;0,35698428750038147;0,02099737897515297
1227;4111,6220703125;62,291927337646484;66577,5078125;220,06478881835938;1035,435302734375;-46,34039306640625;1,3022946119308472;0,5051109194755554;0,3445422053337097;0,019890911877155304
1228;4111,6220703125;62,291927337646484;66577,5078125;240,01425170898438;1018,062744140625;-42,539527893066406;1,3113962411880493;0,5026410222053528;0,34918177127838135;0,019936436787247658
1229;4111,6220703125;62,291927337646484;66577,5078125;234,88710021972656;1002,8663940429688;-42,96818923950195;1,3143881559371948;0,5004684925079346;0,35246703028678894;0,019878048449754715
1230;4111,6220703125;62,291927337646484;66577,5078125;223,09579467773438;994,4202880859375;-41,43882369995117;1,2953678369522095;0,5033888220787048;0,3501727283000946;0,019436446949839592
1231;4111,6220703125;62,291927337646484;66577,5078125;204,8574676513672;987,3788452148438;-42,45046615600586;1,2916219234466553;0,4886515140533447;0,3517102003097534;0,01925477758049965
1232;4111,6220703125;62,291927337646484;66577,5078125;207,888427734375;973,5003662109375;-39,548255920410156;1,2808691263198853;0,4954109191894531;0,35165831446647644;0,01896418072283268
1233;4111,6220703125;62,291927337646484;66577,5078125;175,12742614746094;966,9840698242188;-39,06494140625;1,280213713645935;0,5021435022354126;0,3543130159378052;0,01884632743895054
1234;4111,6220703125;62,291927337646484;66577,5078125;143,81124877929688;959,3175048828125;-29,432435989379883;1,2646358013153076;0,47166386246681213;0,3529199957847595;0,018475443124771118
1235;4111,6220703125;62,291927337646484;66577,5078125;114,24073791503906;944,6715087890625;-27,705171585083008;1,2709966897964478;0,48669373989105225;0,3575626313686371;0,018496105447411537
1236;4111,6220703125;62,291927337646484;66577,5078125;72,2400131225586;936,2670288085938;-22,652084350585938;1,2878938913345337;0,46861565113067627;0,36566027998924255;0,01871568150818348
1237;4111,6220703125;62,291927337646484;66577,5078125;43,7545280456543;931,9762573242188;-18,718170166015625;1,244265079498291;0,4630681872367859;0,3560923933982849;0,017847450450062752
1238;4111,6220703125;62,291927337646484;66577,5078125;59,055458068847656;909,3955078125;-16,48666000366211;1,2535474300384521;0,4645144045352936;0,36177775263786316;0,017934853211045265
1239;4111,6220703125;62,291927337646484;66577,5078125;67,1606674194336;893,6806030273438;-17,52423095703125;1,2378239631652832;0,45519378781318665;0,36027923226356506;0,017575478181242943
1240;4111,6220703125;62,291927337646484;66577,5078125;20,59059715270996;883,6033935546875;-14,090130805969238;1,2195740938186646;0,4388525187969208;0,35819879174232483;0,017183106392621994
1241;4111,6220703125;62,291927337646484;66577,5078125;-21,4122257232666;871,1121215820312;-9,794891357421875;1,2092666625976562;0,43330249190330505;0,3581022024154663;0,01692732609808445
1242;4111,6220703125;62,291927337646484;66577,5078125;-1,6412349939346313;851,335205078125;-9,181124687194824;1,2020399570465088;0,44424182176589966;0,35807004570961;0,016675112769007683
1243;4111,6220703125;62,291927337646484;66577,5078125;-11,723690032958984;822,1636352539062;-6,521982192993164;1,1818184852600098;0,4088546931743622;0,3561805784702301;0,016321301460266113
1244;4111,6220703125;62,291927337646484;66577,5078125;21,497045516967773;817,0090942382812;-17,021894454956055;1,1821237802505493;0,4180699288845062;0,3584026098251343;0,016242073848843575
1245;4111,6220703125;62,291927337646484;66577,5078125;24,798816680908203;787,01953125;-12,792153358459473;1,1392265558242798;0,39914971590042114;0,348087877035141;0,01540064811706543
1246;4111,6220703125;62,291927337646484;66577,5078125;28,481843948364258;768,3831176757812;-14,884744644165039;1,1598011255264282;0,4017382860183716;0,3571373522281647;0,01573769561946392
1247;4111,6220703125;62,291927337646484;66577,5078125;78,41092681884766;755,66796875;-12,056558609008789;1,140217661857605;0,3945719003677368;0,35342541337013245;0,015315940603613853
1248;4111,6220703125;62,291927337646484;66577,5078125;53,986488342285156;733,9067993164062;-11,90415096282959;1,1551343202590942;0,39217546582221985;0,36096036434173584;0,015572527423501015
1249;4111,6220703125;62,291927337646484;66577,5078125;108,15522003173828;717,2787475585938;-13,324427604675293;1,0657247304916382;0,35108181834220886;0,33608993887901306;0,013918173499405384
1250;4111,6220703125;62,291927337646484;66577,5078125;67,81629180908203;697,5497436523438;-12,72120475769043;1,0751234292984009;0,35374248027801514;0,3411003351211548;0,014053186401724815
1251;4111,6220703125;62,291927337646484;66577,5078125;105,17300415039062;670,5216674804688;-12,817795753479004;1,0998643636703491;0,36142951250076294;0,35092735290527344;0,014475454576313496
1252;4111,6220703125;62,291927337646484;66577,5078125;127,44438171386719;655,9570922851562;-17,972055435180664;1,0954177379608154;0,3632480204105377;0,35084399580955505;0,014318019151687622
1253;4111,6220703125;62,291927337646484;66577,5078125;142,71107482910156;647,3990478515625;-18,146474838256836;1,0542023181915283;0,33670830726623535;0,34108486771583557;0,013614984229207039
1254;4111,6220703125;62,291927337646484;66577,5078125;177,8417510986328;624,4297485351562;-17,286401748657227;1,0714303255081177;0,34909677505493164;0,34715625643730164;0,013837185688316822
1255;4111,6220703125;62,291927337646484;66577,5078125;150,45706176757812;623,0753784179688;-16,360332489013672;1,0252211093902588;0,32451415061950684;0,33521708846092224;0,013031108304858208
1256;4111,6220703125;62,291927337646484;66577,5078125;181,11578369140625;611,248046875;-19,215686798095703;1,0007519721984863;0,31740692257881165;0,32841718196868896;0,012518077157437801
1257;4111,6220703125;62,291927337646484;66577,5078125;158,193359375;592,3529663085938;-12,194509506225586;1,030105471611023;0,3176354169845581;0,34129270911216736;0,01317857950925827
1258;4111,6220703125;62,291927337646484;66577,5078125;192,1623992919922;572,2571411132812;-16,39446258544922;0,9817370176315308;0,3078300356864929;0,3252764642238617;0,012156794779002666
1259;4111,6220703125;62,291927337646484;66577,5078125;175,74386596679688;560,1920166015625;-16,632295608520508;0,9510449171066284;0,29418429732322693;0,3172662854194641;0,011612623929977417
1260;4111,6220703125;62,291927337646484;66577,5078125;191,94544982910156;525,2822265625;-17,524322509765625;0,946700394153595;0,28649720549583435;0,3189655840396881;0,011649098247289658
1261;4111,6220703125;62,291927337646484;66577,5078125;181,42710876464844;513,1317138671875;-15,571702003479004;0,9574102163314819;0,2942417562007904;0,3222350776195526;0,011803874745965004
1262;4111,6220703125;62,291927337646484;66577,5078125;195,07872009277344;495,040283203125;-17,393939971923828;0,9279030561447144;0,28262102603912354;0,3146132528781891;0,011304794810712337
1263;4111,6220703125;62,291927337646484;66577,5078125;184,47425842285156;468,4881896972656;-18,40711212158203;0,9444169402122498;0,29218590259552;0,31911158561706543;0,011543269269168377
1264;4111,6220703125;62,291927337646484;66577,5078125;185,42442321777344;449,6692199707031;-18,212106704711914;0,9645965695381165;0,298540860414505;0,32707351446151733;0,01199908833950758
1265;4111,6220703125;62,291927337646484;66577,5078125;199,68409729003906;434,33154296875;-18,547761917114258;0,9317987561225891;0,289838969707489;0,3160375654697418;0,011324876919388771
1266;4111,6220703125;62,291927337646484;66577,5078125;157,96408081054688;417,7122497558594;-12,28641414642334;0,8754648566246033;0,27182427048683167;0,2998788356781006;0,01035238802433014
1267;4111,6220703125;62,291927337646484;66577,5078125;138,81553649902344;373,2253723144531;-14,38020133972168;0,9389632344245911;0,29446402192115784;0,318473219871521;0,011467971839010715
1268;4111,6220703125;62,291927337646484;66577,5078125;146,59017944335938;346,1816711425781;-18,512407302856445;0,9167531728744507;0,2887553870677948;0,3128095269203186;0,011169840581715107
1269;4111,6220703125;62,291927337646484;66577,5078125;90,179443359375;324,06256103515625;-8,276956558227539;0,927165687084198;0,2937160134315491;0,3162316381931305;0,011404513381421566
1270;4111,6220703125;62,291927337646484;66577,5078125;111,72562408447266;308,070556640625;-13,226424217224121;0,8900928497314453;0,2849670946598053;0,30530938506126404;0,010791136883199215
1271;4111,6220703125;62,291927337646484;66577,5078125;65,22986602783203;296,1529846191406;-10,043262481689453;0,8913363218307495;0,28717881441116333;0,30503833293914795;0,010819750837981701
1272;4111,6220703125;62,291927337646484;66577,5078125;25,926002502441406;273,7011413574219;-9,75428295135498;0,8906943798065186;0,2892460227012634;0,3045489192008972;0,010848456993699074
1273;4111,6220703125;62,291927337646484;66577,5078125;-5,323408603668213;245,2411346435547;-4,865387916564941;0,9093021750450134;0,29813462495803833;0,31082549691200256;0,011305071413516998
1274;4111,6220703125;62,291927337646484;66577,5078125;0,7404106855392456;234,13182067871094;-7,335515975952148;0,9184224009513855;0,30293378233909607;0,31299400329589844;0,011513418518006802
1275;4111,6220703125;62,291927337646484;66577,5078125;0,1647358387708664;225,3912353515625;-4,714609146118164;0,9208576679229736;0,30744317173957825;0,3138079345226288;0,011652509681880474
1276;4111,6220703125;62,291927337646484;66577,5078125;-23,273902893066406;212,08648681640625;-3,878617763519287;0,9393566250801086;0,31590256094932556;0,319129079580307;0,012070074677467346
1277;4111,6220703125;62,291927337646484;66577,5078125;-43,32114028930664;199,5378875732422;-2,2457950115203857;0,9283878207206726;0,3147061765193939;0,31443992257118225;0,01189460139721632
1278;4111,6220703125;62,291927337646484;66577,5078125;-57,01673126220703;174,94915771484375;0,6767085790634155;0,9352245926856995;0,3230280578136444;0,3170693516731262;0,012167466804385185
1279;4111,6220703125;62,291927337646484;66577,5078125;-72,60713195800781;153,9129180908203;2,665510416030884;0,9430045485496521;0,3245038092136383;0,31701913475990295;0,012291637249290943
1280;4111,6220703125;62,291927337646484;66577,5078125;-112,97521209716797;141,3638458251953;1,7217119932174683;0,9597076177597046;0,33025771379470825;0,32040899991989136;0,01262738835066557
1281;4111,6220703125;62,291927337646484;66577,5078125;-87,04663848876953;130,07888793945312;-1,2113655805587769;0,9595841765403748;0,3353070914745331;0,3198339343070984;0,012741386890411377
1282;4111,6220703125;62,291927337646484;66577,5078125;-91,15460205078125;116,10836029052734;-0,6658357977867126;0,9633032083511353;0,3399903178215027;0,319801390171051;0,012893595732748508
1283;4111,6220703125;62,291927337646484;66577,5078125;-121,28787994384766;80,90772247314453;3,894526243209839;0,9543687701225281;0,34047189354896545;0,31554803252220154;0,012795218266546726
1284;4111,6220703125;62,291927337646484;66577,5078125;-105,19417572021484;59,24159240722656;-2,4750683307647705;1,0033962726593018;0,35203027725219727;0,32742083072662354;0,013682451099157333
1285;4111,6220703125;62,291927337646484;66577,5078125;-102,44871520996094;42,82301712036133;-2,517061471939087;0,9539953470230103;0,34771114587783813;0,31256163120269775;0,012960439547896385
1286;4111,6220703125;62,291927337646484;66577,5078125;-55,36061477661133;20,600751876831055;-3,734942674636841;0,9781454205513;0,3621365427970886;0,3193713426589966;0,013565409928560257
1287;4111,6220703125;62,291927337646484;66577,5078125;-66,24605560302734;-7,600586891174316;-2,2070741653442383;0,9468891024589539;0,35702019929885864;0,30827590823173523;0,013065788894891739
1288;4111,6220703125;62,291927337646484;66577,5078125;-34,51237869262695;-29,309539794921875;-4,888887882232666;0,9901182651519775;0,3809870481491089;0,32155683636665344;0,014074810780584812
1289;4111,6220703125;62,291927337646484;66577,5078125;-23,01200294494629;-57,60066223144531;-8,290678977966309;0,9809761643409729;0,3736579120159149;0,3147050440311432;0,013882451690733433
1290;4111,6220703125;62,291927337646484;66577,5078125;3,9811911582946777;-75,31328582763672;-9,540475845336914;1,023410439491272;0,38711896538734436;0,32465416193008423;0,01473347470164299
1291;4111,6220703125;62,291927337646484;66577,5078125;54,754913330078125;-79,04702758789062;-9,675155639648438;1,0248888731002808;0,4002299904823303;0,3252854645252228;0,01497709657996893
1292;4111,6220703125;62,291927337646484;66577,5078125;113,93095397949219;-87,00885009765625;-16,662372589111328;1,0087275505065918;0,3949720859527588;0,3174259066581726;0,01472311932593584
1293;4111,6220703125;62,291927337646484;66577,5078125;116,33843231201172;-109,58074951171875;-17,193029403686523;1,0301051139831543;0,4016951620578766;0,3207094669342041;0,015181871131062508
1294;4111,6220703125;62,291927337646484;66577,5078125;149,32574462890625;-120,95912170410156;-18,263193130493164;0,99808669090271;0,4060564637184143;0,3118598163127899;0,014810764230787754
1295;4111,6220703125;62,291927337646484;66577,5078125;94,16183471679688;-160,33709716796875;-16,96930503845215;0,9998376965522766;0,40788909792900085;0,3096965253353119;0,014923186972737312
1296;4111,6220703125;62,291927337646484;66577,5078125;240,25582885742188;-138,5315704345703;-28,73717498779297;1,0013220310211182;0,4130641222000122;0,30828818678855896;0,015072755515575409
1297;4111,6220703125;62,291927337646484;66577,5078125;228,2946014404297;-161,7424774169922;-27,598024368286133;1,0177351236343384;0,4184437096118927;0,3100484609603882;0,01545758917927742
1298;4111,6220703125;62,291927337646484;66577,5078125;205,34852600097656;-171,80987548828125;-26,961999893188477;1,0130462646484375;0,4250066876411438;0,3076738119125366;0,015530271455645561
1299;4111,6220703125;62,291927337646484;66577,5078125;245,385986328125;-177,32968139648438;-31,863500595092773;1,0639864206314087;0,4330853521823883;0,3171515464782715;0,016485096886754036
1300;4111,6220703125;62,291927337646484;66577,5078125;239,9189453125;-184,05738830566406;-30,591259002685547;1,0367952585220337;0,4324707090854645;0,3085521459579468;0,016140641644597054
1301;4111,6220703125;62,291927337646484;66577,5078125;283,2518615722656;-178,9742431640625;-34,21117401123047;1,0476781129837036;0,4260674715042114;0,3066156506538391;0,016308430582284927
1302;4111,6220703125;62,291927337646484;66577,5078125;332,98333740234375;-178,43104553222656;-40,08627700805664;1,065706729888916;0,43627646565437317;0,3098004460334778;0,016794301569461823
1303;4111,6220703125;62,291927337646484;66577,5078125;327,51605224609375;-198,59649658203125;-40,37128829956055;1,0666497945785522;0,4404602646827698;0,30826523900032043;0,01694847270846367
1304;4111,6220703125;62,291927337646484;66577,5078125;332,5597229003906;-215,8699188232422;-38,58481979370117;1,0984565019607544;0,44655972719192505;0,31340786814689636;0,01759505085647106
1305;4111,6220703125;62,291927337646484;66577,5078125;333,84417724609375;-229,12937927246094;-40,355106353759766;1,0768617391586304;0,43765953183174133;0,30483442544937134;0,017246924340724945
1306;4111,6220703125;62,291927337646484;66577,5078125;346,2711181640625;-226,27023315429688;-40,996971130371094;1,1385655403137207;0,45781928300857544;0,3189375698566437;0,018532756716012955
1307;4111,6220703125;62,291927337646484;66577,5078125;363,9105529785156;-236,28897094726562;-43,217811584472656;1,0735113620758057;0,45066654682159424;0,30240562558174133;0,017553944140672684
1308;4111,6220703125;62,291927337646484;66577,5078125;385,2511901855469;-233,93057250976562;-45,55965042114258;1,1035062074661255;0,45592227578163147;0,307363897562027;0,01818184368312359
1309;4111,6220703125;62,291927337646484;66577,5078125;419,785888671875;-225,40252685546875;-47,30866622924805;1,0902585983276367;0,45600003004074097;0,3029140830039978;0,018082445487380028
1310;4111,6220703125;62,291927337646484;66577,5078125;410,4037170410156;-249,48257446289062;-49,71376037597656;1,0954254865646362;0,45917239785194397;0,3028622269630432;0,01830936409533024
1311;4111,6220703125;62,291927337646484;66577,5078125;433,8987121582031;-255,04202270507812;-50,307735443115234;1,1210030317306519;0,46467483043670654;0,30740922689437866;0,01888353005051613
1312;4111,6220703125;62,291927337646484;66577,5078125;471,0270080566406;-259,533447265625;-54,08467483520508;1,1629915237426758;0,46732696890830994;0,31486010551452637;0,019673049449920654
1313;4111,6220703125;62,291927337646484;66577,5078125;477,2551574707031;-268,95257568359375;-55,2296142578125;1,1591782569885254;0,4650551378726959;0,3125680983066559;0,019700875505805016
1314;4111,6220703125;62,291927337646484;66577,5078125;532,4493408203125;-265,7317199707031;-58,927825927734375;1,1967768669128418;0,4760929048061371;0,3210660517215729;0,02054070308804512
1315;4111,6220703125;62,291927337646484;66577,5078125;595,5584716796875;-244,68772888183594;-65,2654800415039;1,1440428495407104;0,46880581974983215;0,308551162481308;0,01975647732615471
1316;4111,6220703125;62,291927337646484;66577,5078125;579,9896850585938;-248,51541137695312;-65,77375030517578;1,192982792854309;0,47265419363975525;0,3185287415981293;0,020683517679572105
1317;4111,6220703125;62,291927337646484;66577,5078125;618,3472900390625;-239,95620727539062;-67,53311920166016;1,1702580451965332;0,4613770842552185;0,3118354082107544;0,020302874967455864
1318;4111,6220703125;62,291927337646484;66577,5078125;626,9576416015625;-236,86680603027344;-69,65589141845703;1,1732945442199707;0,4585458040237427;0,31197842955589294;0,020433219149708748
1319;4111,6220703125;62,291927337646484;66577,5078125;682,2245483398438;-222,91407775878906;-72,69340515136719;1,168264389038086;0,4623195230960846;0,3116748034954071;0,02053896151483059
1320;4111,6220703125;62,291927337646484;66577,5078125;700,9404296875;-225,01345825195312;-77,27633666992188;1,18867826461792;0,4617747664451599;0,3162221312522888;0,020972466096282005
1321;4111,6220703125;62,291927337646484;66577,5078125;703,6686401367188;-225,47422790527344;-77,78414916992188;1,1909351348876953;0,4661608338356018;0,3179040551185608;0,02120325341820717
1322;4111,6220703125;62,291927337646484;66577,5078125;738,3159790039062;-228,38247680664062;-81,07597351074219;1,2209476232528687;0,460915207862854;0,3244094252586365;0,021712852641940117
1323;4111,6220703125;62,291927337646484;66577,5078125;716,4812622070312;-232,16217041015625;-82,2603530883789;1,1995272636413574;0,4592507481575012;0,3205592632293701;0,021494459360837936
1324;4111,6220703125;62,291927337646484;66577,5078125;715,6400756835938;-234,6750946044922;-79,10149383544922;1,1891286373138428;0,455098420381546;0,3188958764076233;0,021401260048151016
1325;4111,6220703125;62,291927337646484;66577,5078125;742,6118774414062;-223,3022003173828;-82,57007598876953;1,1715008020401;0,4471280872821808;0,31528812646865845;0,021132847294211388
1326;4111,6220703125;62,291927337646484;66577,5078125;751,5016479492188;-223,98623657226562;-83,9658203125;1,1812645196914673;0,4493442177772522;0,3191651701927185;0,02144835703074932
1327;4111,6220703125;62,291927337646484;66577,5078125;751,4481201171875;-218,82211303710938;-87,04414367675781;1,1914644241333008;0,443624883890152;0,32243430614471436;0,0216376930475235
1328;4111,6220703125;62,291927337646484;66577,5078125;812,6551513671875;-224,86549377441406;-91,2070083618164;1,1937192678451538;0,44355425238609314;0,324667751789093;0,021798409521579742
1329;4111,6220703125;62,291927337646484;66577,5078125;774,7493896484375;-231,1204376220703;-87,30128479003906;1,1874529123306274;0,4391893148422241;0,32456156611442566;0,021751079708337784
1330;4111,6220703125;62,291927337646484;66577,5078125;777,5545654296875;-237,1765899658203;-87,70166778564453;1,1620097160339355;0,4324134290218353;0,319693922996521;0,0213644877076149
1331;4111,6220703125;62,291927337646484;66577,5078125;782,4168090820312;-233,17550659179688;-87,53845977783203;1,1992735862731934;0,43122002482414246;0,33058691024780273;0,022020971402525902
1332;4111,6220703125;62,291927337646484;66577,5078125;764,7833862304688;-231,70260620117188;-86,71070098876953;1,1876996755599976;0,43108895421028137;0,32976028323173523;0,021962102502584457
1333;4111,6220703125;62,291927337646484;66577,5078125;767,2483520507812;-224,1366729736328;-87,11923217773438;1,1736549139022827;0,4322054386138916;0,32835087180137634;0,021884681656956673
1334;4111,6220703125;62,291927337646484;66577,5078125;790,8897705078125;-202,11181640625;-90,49960327148438;1,1879712343215942;0,4318402111530304;0,3339650332927704;0,02220013737678528
1335;4111,6220703125;62,291927337646484;66577,5078125;770,7913818359375;-185,0430908203125;-90,62294006347656;1,1806104183197021;0,43036094307899475;0,33399853110313416;0,022165710106492043
1336;4111,6220703125;62,291927337646484;66577,5078125;794,8496704101562;-161,9465789794922;-89,60477447509766;1,1675374507904053;0,42130136489868164;0,3320278227329254;0,02188440039753914
1337;4111,6220703125;62,291927337646484;66577,5078125;786,7677001953125;-150,6861114501953;-87,45826721191406;1,1404143571853638;0,4135180413722992;0,3263470232486725;0,02141585573554039
1338;4111,6220703125;62,291927337646484;66577,5078125;779,2400512695312;-127,44534301757812;-86,03990173339844;1,1620477437973022;0,4194640517234802;0,3343382477760315;0,021945785731077194
1339;4111,6220703125;62,291927337646484;66577,5078125;786,3216552734375;-95,44942474365234;-86,05419921875;1,162979245185852;0,42176857590675354;0,33653098344802856;0,02209276333451271
1340;4111,6220703125;62,291927337646484;66577,5078125;751,3814697265625;-75,26646423339844;-86,75019073486328;1,1774284839630127;0,4195029139518738;0,3422597348690033;0,022309180349111557
1341;4111,6220703125;62,291927337646484;66577,5078125;760,8739624023438;-44,44244384765625;-82,72444915771484;1,1600366830825806;0,41736406087875366;0,33904343843460083;0,022090602666139603
1342;4111,6220703125;62,291927337646484;66577,5078125;759,741943359375;-0,2827419340610504;-84,28832244873047;1,1528607606887817;0,4112866520881653;0,3384944796562195;0,021888969466090202
1343;4111,6220703125;62,291927337646484;66577,5078125;742,6732788085938;24,97702980041504;-82,66845703125;1,1788450479507446;0,42301005125045776;0,347706139087677;0,02259407751262188
1344;4111,6220703125;62,291927337646484;66577,5078125;777,0523681640625;58,42070388793945;-85,29979705810547;1,1453561782836914;0,4121822416782379;0,3392162024974823;0,021916588768363
1345;4111,6220703125;62,291927337646484;66577,5078125;747,8796997070312;74,80172729492188;-81,89918518066406;1,1495479345321655;0,41312453150749207;0,3417787253856659;0,02202792465686798
1346;4111,6220703125;62,291927337646484;66577,5078125;752,7523193359375;99,98064422607422;-81,92637634277344;1,1723772287368774;0,41801169514656067;0,3499396741390228;0,02243303693830967
1347;4111,6220703125;62,291927337646484;66577,5078125;741,356201171875;115,56324768066406;-81,86006927490234;1,149233102798462;0,4149981737136841;0,3438401520252228;0,022135190665721893
1348;4111,6220703125;62,291927337646484;66577,5078125;744,1261596679688;133,30299377441406;-83,1180191040039;1,15103280544281;0,4126163125038147;0,34563693404197693;0,022018903866410255
1349;4111,6220703125;62,291927337646484;66577,5078125;709,4747314453125;154,81582641601562;-81,46487426757812;1,1423919200897217;0,4119904935359955;0,3436722159385681;0,021930107846856117
1350;4111,6220703125;62,291927337646484;66577,5078125;720,3334350585938;167,58384704589844;-82,0743179321289;1,1501017808914185;0,4159225523471832;0,3466153144836426;0,022132396697998047
1351;4111,6220703125;62,291927337646484;66577,5078125;681,8462524414062;194,10617065429688;-77,82054901123047;1,1426703929901123;0,4143649637699127;0,3448452651500702;0,021980565041303635
1352;4111,6220703125;62,291927337646484;66577,5078125;664,0938720703125;217,69033813476562;-74,45624542236328;1,1498910188674927;0,4178350567817688;0,34765341877937317;0,022078275680541992
1353;4111,6220703125;62,291927337646484;66577,5078125;653,0409545898438;243,26669311523438;-74,48621368408203;1,1491258144378662;0,4190523326396942;0,3471992611885071;0,022154338657855988
1354;4111,6220703125;62,291927337646484;66577,5078125;624,1995849609375;265,47998046875;-73,83592987060547;1,1642861366271973;0,42575374245643616;0,3517796993255615;0,022493040189146996
1355;4111,6220703125;62,291927337646484;66577,5078125;585,8502197265625;292,0472412109375;-66,59681701660156;1,1362063884735107;0,41711679100990295;0,34339624643325806;0,021803008392453194
1356;4111,6220703125;62,291927337646484;66577,5078125;549,264892578125;317,9156799316406;-64,72603607177734;1,1605216264724731;0,4273412227630615;0,3503740727901459;0,02235122211277485
1357;4111,6220703125;62,291927337646484;66577,5078125;548,882080078125;339,8313903808594;-64,20293426513672;1,1588104963302612;0,42878952622413635;0,3496135473251343;0,022261662408709526
1358;4111,6220703125;62,291927337646484;66577,5078125;512,495361328125;363,8240051269531;-59,655662536621094;1,1549887657165527;0,42891520261764526;0,3478359282016754;0,022151177749037743
1359;4111,6220703125;62,291927337646484;66577,5078125;390,2103271484375;417,036376953125;-48,291778564453125;1,178695797920227;0,44016581773757935;0,35440972447395325;0,02263045683503151
1360;4111,6220703125;62,291927337646484;66577,5078125;381,67437744140625;454,4530334472656;-45,78620147705078;1,1560170650482178;0,4358077049255371;0,3472258448600769;0,022020889446139336
1361;4111,6220703125;62,291927337646484;66577,5078125;363,3544616699219;485,53985595703125;-45,353431701660156;1,1686203479766846;0,4413040578365326;0,34969455003738403;0,022289257496595383
1362;4111,6220703125;62,291927337646484;66577,5078125;335,3100280761719;507,092529296875;-43,692779541015625;1,170854091644287;0,4420570433139801;0,34877774119377136;0,022320179268717766
1363;4111,6220703125;62,291927337646484;66577,5078125;314,552978515625;533,9202880859375;-45,80031204223633;1,1535134315490723;0,4381965100765228;0,34246158599853516;0,021856099367141724
1364;4111,6220703125;62,291927337646484;66577,5078125;308,7852478027344;558,4800415039062;-43,53438186645508;1,1694228649139404;0,4497668743133545;0,3463710844516754;0,022098110988736153
1365;4111,6220703125;62,291927337646484;66577,5078125;299,706298828125;576,5048217773438;-42,12516403198242;1,171203851699829;0,4469575583934784;0,3443858325481415;0,02212606929242611
1366;4111,6220703125;62,291927337646484;66577,5078125;292,2835388183594;589,268798828125;-44,70750045776367;1,1751282215118408;0,4511093497276306;0,34396734833717346;0,02212214656174183
1367;4111,6220703125;62,291927337646484;66577,5078125;234,4752197265625;619,4178466796875;-40,26007080078125;1,1679563522338867;0,4549921154975891;0,340824156999588;0,021836120635271072
1368;4111,6220703125;62,291927337646484;66577,5078125;257,96240234375;630,887451171875;-42,20957946777344;1,159354567527771;0,4495312571525574;0,3358316719532013;0,021587783470749855
1369;4111,6220703125;62,291927337646484;66577,5078125;307,67938232421875;636,7991943359375;-46,89485168457031;1,204820990562439;0,47075220942497253;0,34721115231513977;0,022476252168416977
1370;4111,6220703125;62,291927337646484;66577,5078125;303,0851135253906;650,4679565429688;-46,59321975708008;1,197938084602356;0,46109524369239807;0,3418816030025482;0,022258885204792023
1371;4111,6220703125;62,291927337646484;66577,5078125;331,8650817871094;651,845458984375;-48,03848648071289;1,197993278503418;0,466716468334198;0,3402829170227051;0,022135350853204727
1372;4111,6220703125;62,291927337646484;66577,5078125;298,50665283203125;671,6470947265625;-46,10009002685547;1,1908986568450928;0,47145381569862366;0,3368568420410156;0,02184687741100788
1373;4111,6220703125;62,291927337646484;66577,5078125;284,8907775878906;684,0957641601562;-45,67403793334961;1,1927624940872192;0,4669337570667267;0,334221214056015;0,021791601553559303
1374;4111,6220703125;62,291927337646484;66577,5078125;300,89862060546875;694,0631103515625;-49,03205108642578;1,195574164390564;0,47523781657218933;0,3334750533103943;0,021717658266425133
1375;4111,6220703125;62,291927337646484;66577,5078125;312,0262756347656;707,7284545898438;-49,59901809692383;1,2519135475158691;0,49852442741394043;0,34671512246131897;0,022795164957642555
1376;4111,6220703125;62,291927337646484;66577,5078125;303,5318298339844;732,873046875;-48,752960205078125;1,1989555358886719;0,47577527165412903;0,3293890357017517;0,021549159660935402
1377;4111,6220703125;62,291927337646484;66577,5078125;319,99627685546875;749,333740234375;-50,65898513793945;1,2052459716796875;0,47745490074157715;0,32860034704208374;0,021557003259658813
1378;4111,6220703125;62,291927337646484;66577,5078125;314,6358642578125;784,8778686523438;-50,81308364868164;1,254591464996338;0,5065469145774841;0,3407229781150818;0,022452063858509064
1379;4111,6220703125;62,291927337646484;66577,5078125;326,874755859375;807,236328125;-50,83920669555664;1,243990182876587;0,4946777820587158;0,33457040786743164;0,0221002958714962
1380;4111,6220703125;62,291927337646484;66577,5078125;344,10858154296875;826,8853149414062;-52,713600158691406;1,2392833232879639;0,5014470219612122;0,33200544118881226;0,021862763911485672
1381;4111,6220703125;62,291927337646484;66577,5078125;357,38934326171875;849,872314453125;-54,15610885620117;1,255789041519165;0,5040066838264465;0,33374500274658203;0,022067110985517502
1382;4111,6220703125;62,291927337646484;66577,5078125;331,440185546875;880,190185546875;-53,28566360473633;1,2579268217086792;0,507752001285553;0,33251816034317017;0,021969284862279892
1383;4111,6220703125;62,291927337646484;66577,5078125;308,94677734375;907,1849365234375;-53,06622314453125;1,2929489612579346;0,5242297053337097;0,33999088406562805;0,022539949044585228
1384;4111,6220703125;62,291927337646484;66577,5078125;333,55474853515625;920,7113647460938;-54,55006790161133;1,2832764387130737;0,5128462314605713;0,3347999155521393;0,022191300988197327
1385;4111,6220703125;62,291927337646484;66577,5078125;336,3570861816406;938,1546630859375;-56,413875579833984;1,296789526939392;0,5218425393104553;0,3369772136211395;0,022319678217172623
1386;4111,6220703125;62,291927337646484;66577,5078125;354,5636291503906;948,2861328125;-57,386905670166016;1,305915117263794;0,524634838104248;0,3377097547054291;0,02235165797173977
1387;4111,6220703125;62,291927337646484;66577,5078125;364,2845458984375;964,410888671875;-59,04286575317383;1,3053843975067139;0,5118107795715332;0,33503830432891846;0,02216688171029091
1388;4111,6220703125;62,291927337646484;66577,5078125;364,4016418457031;972,70751953125;-59,39531707763672;1,3071249723434448;0,5085991024971008;0,3340175747871399;0,022040238603949547
1389;4111,6220703125;62,291927337646484;66577,5078125;334,572509765625;979,94580078125;-57,12525939941406;1,3065603971481323;0,5215297341346741;0,3341292440891266;0,021912332624197006
1390;4111,6220703125;62,291927337646484;66577,5078125;328,3395080566406;982,2293090820312;-57,638397216796875;1,343573808670044;0,5470653176307678;0,3437894582748413;0,022504018619656563
1391;4111,6220703125;62,291927337646484;66577,5078125;357,3142395019531;967,5677490234375;-59,60430145263672;1,331739068031311;0,5461483597755432;0,34055715799331665;0,02212839014828205
1392;4111,6220703125;62,291927337646484;66577,5078125;382,72698974609375;954,3984985351562;-62,1092643737793;1,3485394716262817;0,5391805768013;0,3434547483921051;0,0222831629216671
1393;4111,6220703125;62,291927337646484;66577,5078125;373,32373046875;948,6032104492188;-60,0274772644043;1,3294512033462524;0,5368450284004211;0,3389732539653778;0,021779010072350502
1394;4111,6220703125;62,291927337646484;66577,5078125;410,46014404296875;943,8414916992188;-64,21748352050781;1,3454285860061646;0,5395296216011047;0,3429934084415436;0,021934056654572487
1395;4111,6220703125;62,291927337646484;66577,5078125;428,3636169433594;935,7179565429688;-63,73617172241211;1,3358436822891235;0,5315523147583008;0,3407283127307892;0,021599339321255684
1396;4111,6220703125;62,291927337646484;66577,5078125;430,1190490722656;936,8096923828125;-66,82869720458984;1,336604118347168;0,5169872641563416;0,3407225012779236;0,02143804356455803
1397;4111,6220703125;62,291927337646484;66577,5078125;453,08294677734375;929,2150268554688;-67,60452270507812;1,3190093040466309;0,5251855254173279;0,3380996882915497;0,021005406975746155
1398;4111,6220703125;62,291927337646484;66577,5078125;400,3841857910156;938,6564331054688;-65,83171844482422;1,325118899345398;0,5210378170013428;0,34047383069992065;0,020973557606339455
1399;4111,6220703125;62,291927337646484;66577,5078125;436,7793884277344;922,7717895507812;-64,09378814697266;1,369713306427002;0,5402688980102539;0,3534703254699707;0,021674826741218567
1400;4111,6220703125;62,291927337646484;66577,5078125;432,76068115234375;922,5806884765625;-65,29252624511719;1,3285431861877441;0,5046322345733643;0,34359243512153625;0,020734727382659912
1401;4111,6220703125;62,291927337646484;66577,5078125;463,55718994140625;909,8399047851562;-65,3764419555664;1,3367605209350586;0,5216443538665771;0,34817978739738464;0,02079596370458603
1402;4111,6220703125;62,291927337646484;66577,5078125;422,2714538574219;909,662353515625;-61,971004486083984;1,3415203094482422;0,5285903811454773;0,3516428768634796;0,0207685399800539
1403;4111,6220703125;62,291927337646484;66577,5078125;400,76995849609375;906,1517944335938;-56,749855041503906;1,3243651390075684;0,5088698267936707;0,34888628125190735;0,02031073532998562
1404;4111,6220703125;62,291927337646484;66577,5078125;437,620361328125;894,6720581054688;-57,329254150390625;1,2951154708862305;0,4912186563014984;0,34332725405693054;0,01964728906750679
1405;4111,6220703125;62,291927337646484;66577,5078125;398,6638488769531;893,0003662109375;-52,3968620300293;1,3051838874816895;0,5090798735618591;0,3488089442253113;0,019739696756005287
1406;4111,6220703125;62,291927337646484;66577,5078125;413,1752624511719;885,4805908203125;-55,445884704589844;1,2968838214874268;0,5060505867004395;0,34913763403892517;0,01947622001171112
1407;4111,6220703125;62,291927337646484;66577,5078125;411,1826477050781;872,3602294921875;-52,87016296386719;1,268713116645813;0,49323713779449463;0,3441163897514343;0,018849870190024376
1408;4111,6220703125;62,291927337646484;66577,5078125;401,894775390625;857,6197509765625;-53,01552963256836;1,30492103099823;0,4924127161502838;0,35657966136932373;0,019397582858800888
1409;4111,6220703125;62,291927337646484;66577,5078125;374,6295471191406;835,09326171875;-50,57158279418945;1,2706468105316162;0,4862898886203766;0,3500661253929138;0,018677949905395508
1410;4111,6220703125;62,291927337646484;66577,5078125;356,4568786621094;820,88916015625;-45,81742858886719;1,2807469367980957;0,4701453149318695;0,35576990246772766;0,018751971423625946
1411;4111,6220703125;62,291927337646484;66577,5078125;392,6043395996094;792,5476684570312;-45,511680603027344;1,2648768424987793;0,4619997441768646;0,3543614149093628;0,018374161794781685
1412;4111,6220703125;62,291927337646484;66577,5078125;405,32110595703125;783,3007202148438;-47,43522262573242;1,25778329372406;0,4715936481952667;0,3552250862121582;0,01816059648990631
1413;4111,6220703125;62,291927337646484;66577,5078125;395,53082275390625;776,0398559570312;-43,743141174316406;1,237344741821289;0,4611264765262604;0,35239580273628235;0,017701560631394386
1414;4111,6220703125;62,291927337646484;66577,5078125;443,750244140625;760,342529296875;-44,231590270996094;1,2167072296142578;0,45368680357933044;0,34936627745628357;0,01723601669073105
1415;4111,6220703125;62,291927337646484;66577,5078125;437,2819519042969;762,5181884765625;-45,66837692260742;1,1969870328903198;0,433269739151001;0,3468758165836334;0,016812723129987717
1416;4111,6220703125;62,291927337646484;66577,5078125;489,0504455566406;739,6402587890625;-51,52985382080078;1,2120293378829956;0,4366675615310669;0,3541702926158905;0,017012059688568115
1417;4111,6220703125;62,291927337646484;66577,5078125;492,8725891113281;747,0165405273438;-48,452579498291016;1,1978678703308105;0,43765175342559814;0,3525714576244354;0,01666094921529293
1418;4111,6220703125;62,291927337646484;66577,5078125;510,9214172363281;720,7404174804688;-49,882442474365234;1,2022507190704346;0,43435272574424744;0,35681629180908203;0,016677191480994225
1419;4111,6220703125;62,291927337646484;66577,5078125;523,01171875;717,9443969726562;-52,95237731933594;1,1511735916137695;0,4131922125816345;0,34437572956085205;0,015672918409109116
1420;4111,6220703125;62,291927337646484;66577,5078125;589,1168823242188;702,9107055664062;-54,30154800415039;1,1706593036651611;0,4004449248313904;0,3539416491985321;0,016020527109503746
1421;4111,6220703125;62,291927337646484;66577,5078125;581,8648681640625;711,7716064453125;-54,048152923583984;1,143388032913208;0,3974914252758026;0,34782642126083374;0,015442710369825363
1422;4111,6220703125;62,291927337646484;66577,5078125;622,15625;702,2238159179688;-56,2603874206543;1,1433746814727783;0,39807891845703125;0,3501952290534973;0,015374644659459591
1423;4111,6220703125;62,291927337646484;66577,5078125;621,3333740234375;692,2329711914062;-57,91448211669922;1,1471667289733887;0,3965708613395691;0,35390719771385193;0,0153953330591321
1424;4111,6220703125;62,291927337646484;66577,5078125;611,3937377929688;685,5801391601562;-57,72355270385742;1,105083703994751;0,3837355971336365;0,342917799949646;0,014531288295984268
1425;4111,6220703125;62,291927337646484;66577,5078125;590,8086547851562;679,3154907226562;-58,15391159057617;1,0939337015151978;0,3692510724067688;0,342533677816391;0,014342926442623138
1426;4111,6220703125;62,291927337646484;66577,5078125;629,779052734375;639,3067016601562;-54,612796783447266;1,0803337097167969;0,3508531451225281;0,3417251408100128;0,014123939909040928
1427;4111,6220703125;62,291927337646484;66577,5078125;648,99462890625;613,0554809570312;-59,19285583496094;1,0672988891601562;0,34729939699172974;0,3394947052001953;0,013836122117936611
1428;4111,6220703125;62,291927337646484;66577,5078125;663,8425903320312;602,4623413085938;-62,99211120605469;1,021037220954895;0,3228594660758972;0,32775306701660156;0,012984588742256165
1429;4111,6220703125;62,291927337646484;66577,5078125;637,9781494140625;574,5693359375;-57,190757751464844;1,039296269416809;0,32288017868995667;0,3362235426902771;0,013338305056095123
1430;4111,6220703125;62,291927337646484;66577,5078125;647,419677734375;556,8191528320312;-59,35514831542969;1,028310775756836;0,32897669076919556;0,33293357491493225;0,013030658476054668
1431;4111,6220703125;62,291927337646484;66577,5078125;715,680908203125;532,3658447265625;-62,325653076171875;1,0088019371032715;0,31294968724250793;0,3297802209854126;0,012726525776088238
1432;4111,6220703125;62,291927337646484;66577,5078125;685,8021850585938;479,7937316894531;-57,34328842163086;1,0190749168395996;0,3146859407424927;0,334953248500824;0,012922720983624458
1433;4111,6220703125;62,291927337646484;66577,5078125;694,9639282226562;458,69366455078125;-57,47812271118164;0,9849576354026794;0,3013193905353546;0,3257670998573303;0,012285946868360043
1434;4111,6220703125;62,291927337646484;66577,5078125;658,3060302734375;439,47247314453125;-57,33229064941406;0,9621794819831848;0,2954423129558563;0,3193444013595581;0,011824249289929867
1435;4111,6220703125;62,291927337646484;66577,5078125;649,8305053710938;397,889892578125;-59,12715530395508;0,9870836138725281;0,3092779815196991;0,32715779542922974;0,01220257580280304
1436;4111,6220703125;62,291927337646484;66577,5078125;658,3831176757812;375,47625732421875;-58,00923156738281;0,934143602848053;0,2789771258831024;0,3149697780609131;0,011398328468203545
1437;4111,6220703125;62,291927337646484;66577,5078125;660,4966430664062;348,7731018066406;-56,7546272277832;0,9359766244888306;0,2880178391933441;0,31396907567977905;0,011309854686260223
1438;4111,6220703125;62,291927337646484;66577,5078125;618,8873901367188;317,77783203125;-54,99235916137695;0,9073435068130493;0,27649733424186707;0,30668914318084717;0,010831775143742561
1439;4111,6220703125;62,291927337646484;66577,5078125;649,9315795898438;291,052001953125;-56,59707260131836;0,9117038249969482;0,28000643849372864;0,3083682656288147;0,010902095586061478
1440;4111,6220703125;62,291927337646484;66577,5078125;604,7774047851562;259,24884033203125;-54,19795227050781;0,9416108131408691;0,2917400896549225;0,3180907368659973;0,011463243514299393
1441;4111,6220703125;62,291927337646484;66577,5078125;606,5777587890625;252,771240234375;-54,19203186035156;0,8840855360031128;0,27251362800598145;0,3015488386154175;0,010457259602844715
1442;4111,6220703125;62,291927337646484;66577,5078125;580,8046264648438;230,81884765625;-52,73643112182617;0,8748909831047058;0,27125877141952515;0,2992582619190216;0,010316699743270874
1443;4111,6220703125;62,291927337646484;66577,5078125;573,4761352539062;207,1432342529297;-47,563568115234375;0,8640123605728149;0,2696046233177185;0,29730331897735596;0,010197526775300503
1444;4111,6220703125;62,291927337646484;66577,5078125;551,3390502929688;183,56753540039062;-46,52534866333008;0,8940690755844116;0,2814476191997528;0,30542463064193726;0,010726498439908028
1445;4111,6220703125;62,291927337646484;66577,5078125;537,3915405273438;154,91697692871094;-48,492706298828125;0,8743326663970947;0,277681440114975;0,2998271584510803;0,010415519587695599
1446;4111,6220703125;62,291927337646484;66577,5078125;499,3271179199219;142,43099975585938;-46,02455520629883;0,8785099983215332;0,27956750988960266;0,2986236810684204;0,010334083810448647
1447;4111,6220703125;62,291927337646484;66577,5078125;483,9583740234375;127,9767837524414;-43,68107986450195;0,8985610008239746;0,2882448732852936;0,305777370929718;0,010854009538888931
1448;4111,6220703125;62,291927337646484;66577,5078125;481,9878234863281;113,43563842773438;-43,33378601074219;0,88810133934021;0,2890215814113617;0,30363190174102783;0,010800471529364586
1449;4111,6220703125;62,291927337646484;66577,5078125;426,9550476074219;94,77513885498047;-45,61559295654297;0,9033774733543396;0,29512956738471985;0,30750375986099243;0,011102567426860332
1450;4111,6220703125;62,291927337646484;66577,5078125;416,34710693359375;79,86038208007812;-38,109153747558594;0,9013381004333496;0,29715657234191895;0,30648133158683777;0,01111900806427002
1451;4111,6220703125;62,291927337646484;66577,5078125;415,8296813964844;72,87621307373047;-37,66648864746094;0,8774869441986084;0,29278063774108887;0,2983076274394989;0,010700348764657974
1452;4111,6220703125;62,291927337646484;66577,5078125;391,135986328125;46,06528854370117;-37,91691589355469;0,891579270362854;0,2998575270175934;0,30225488543510437;0,011045912280678749
1453;4111,6220703125;62,291927337646484;66577,5078125;347,2664489746094;38,491275787353516;-34,94927978515625;0,9248255491256714;0,3133948743343353;0,3124934136867523;0,011786030605435371
1454;4111,6220703125;62,291927337646484;66577,5078125;321,1060485839844;15,168316841125488;-33,22419738769531;0,9035093784332275;0,3064175248146057;0,30337658524513245;0,011325099505484104
1455;4111,6220703125;62,291927337646484;66577,5078125;290,8804931640625;2,9090511798858643;-33,723690032958984;0,903253972530365;0,31176939606666565;0,3033100962638855;0,011461234651505947
1456;4111,6220703125;62,291927337646484;66577,5078125;271,9267272949219;-13,330896377563477;-29,763647079467773;0,9125584959983826;0,32243260741233826;0,30691131949424744;0,0118244094774127
1457;4111,6220703125;62,291927337646484;66577,5078125;257,1856384277344;-14,70651912689209;-28,012296676635742;0,8939927220344543;0,31636306643486023;0,29860055446624756;0,011446752585470676
1458;4111,6220703125;62,291927337646484;66577,5078125;239,36318969726562;-11,609527587890625;-28,194229125976562;0,9476995468139648;0,3318158984184265;0,3130459487438202;0,012490659952163696
1459;4111,6220703125;62,291927337646484;66577,5078125;167,6533660888672;-35,74124526977539;-21,015600204467773;0,9514408707618713;0,3371647596359253;0,31317710876464844;0,012664775364100933
1460;4111,6220703125;62,291927337646484;66577,5078125;164,2248077392578;-34,00031661987305;-21,518579483032227;0,9687588810920715;0,3444392681121826;0,3167601227760315;0,01305636577308178
1461;4111,6220703125;62,291927337646484;66577,5078125;98,12105560302734;-40,349857330322266;-18,770217895507812;0,9431782364845276;0,3479778468608856;0,3095768988132477;0,012794970534741879
1462;4111,6220703125;62,291927337646484;66577,5078125;83,13871765136719;-36,725887298583984;-13,485869407653809;0,9558408260345459;0,35187873244285583;0,3109169602394104;0,013066867366433144
1463;4111,6220703125;62,291927337646484;66577,5078125;53,8013801574707;-47,74983596801758;-14,056751251220703;0,9904183149337769;0,3699758052825928;0,3209151327610016;0,013882323168218136
1464;4111,6220703125;62,291927337646484;66577,5078125;35,88454818725586;-52,50189971923828;-14,723581314086914;0,9765251278877258;0,366740882396698;0,31421059370040894;0,013672636821866035
1465;4111,6220703125;62,291927337646484;66577,5078125;26,814104080200195;-52,680511474609375;-10,741642951965332;0,968932032585144;0,3751364052295685;0,3119637668132782;0,0137252788990736
1466;4111,6220703125;62,291927337646484;66577,5078125;-10,36433219909668;-48,74455642700195;-6,418451309204102;0,9995363354682922;0,3865320086479187;0,31879711151123047;0,014381852932274342
1467;4111,6220703125;62,291927337646484;66577,5078125;40,65451431274414;-34,69844436645508;-11,166952133178711;0,9993811845779419;0,3818749189376831;0,31470295786857605;0,01436462439596653
1468;4111,6220703125;62,291927337646484;66577,5078125;0,9672748446464539;-48,937862396240234;-9,546040534973145;0,9926648736000061;0,39813876152038574;0,31435972452163696;0,014533599838614464
1469;4111,6220703125;62,291927337646484;66577,5078125;-4,9681315422058105;-64,48880004882812;-10,484819412231445;0,9960405826568604;0,39413097500801086;0,31115594506263733;0,014596358872950077
1470;4111,6220703125;62,291927337646484;66577,5078125;-15,835699081420898;-81,68328857421875;-7,879190444946289;1,004754900932312;0,4058764576911926;0,3129085898399353;0,014936499297618866
1471;4111,6220703125;62,291927337646484;66577,5078125;-50,77610778808594;-100,98792266845703;-7,0146565437316895;1,018567681312561;0,41342946887016296;0,3146696090698242;0,01530401036143303
1472;4111,6220703125;62,291927337646484;66577,5078125;-20,234453201293945;-117,74211883544922;-11,210737228393555;1,0198519229888916;0,41562628746032715;0,31246620416641235;0,015420591458678246
1473;4111,6220703125;62,291927337646484;66577,5078125;-17,289945602416992;-145,19680786132812;-11,961230278015137;1,0184565782546997;0,4196486175060272;0,31015077233314514;0,015519429929554462
1474;4111,6220703125;62,291927337646484;66577,5078125;8,170781135559082;-150,61660766601562;-12,986004829406738;1,0445300340652466;0,42133158445358276;0,31305474042892456;0,01601232774555683
1475;4111,6220703125;62,291927337646484;66577,5078125;-11,90753173828125;-182,39990234375;-11,81839656829834;1,0555555820465088;0,4331209063529968;0,3150622248649597;0,016402877867221832
1476;4111,6220703125;62,291927337646484;66577,5078125;-3,5233442783355713;-201,4986114501953;-14,686639785766602;1,0687758922576904;0,4486140012741089;0,31831592321395874;0,01686444878578186
1477;4111,6220703125;62,291927337646484;66577,5078125;32,090450286865234;-209,76210021972656;-15,640633583068848;1,098657250404358;0,4344314634799957;0,31850236654281616;0,01722613349556923
1478;4111,6220703125;62,291927337646484;66577,5078125;45,36985778808594;-232,11407470703125;-18,448265075683594;1,0643326044082642;0,44147998094558716;0,31023892760276794;0,016890961676836014
1479;4111,6220703125;62,291927337646484;66577,5078125;45,14097213745117;-251,93771362304688;-18,84182357788086;1,082741618156433;0,4476921856403351;0,31262239813804626;0,017337817698717117
1480;4111,6220703125;62,291927337646484;66577,5078125;82,62174224853516;-262,7028503417969;-20,49335289001465;1,0982698202133179;0,45048055052757263;0,3137596845626831;0,017701521515846252
1481;4111,6220703125;62,291927337646484;66577,5078125;58,40332794189453;-278,6641845703125;-21,937925338745117;1,1247538328170776;0,4553662836551666;0,31760692596435547;0,018258769065141678
1482;4111,6220703125;62,291927337646484;66577,5078125;62,46551513671875;-296,7092590332031;-22,279354095458984;1,0858477354049683;0,45407402515411377;0,3072746694087982;0,017750762403011322
1483;4111,6220703125;62,291927337646484;66577,5078125;148,151123046875;-281,5145263671875;-28,995014190673828;1,1089200973510742;0,46168777346611023;0,31120413541793823;0,018300320953130722
1484;4111,6220703125;62,291927337646484;66577,5078125;152,6054229736328;-283,7044982910156;-28,68179702758789;1,1135226488113403;0,4628793001174927;0,3103281855583191;0,018490877002477646
1485;4111,6220703125;62,291927337646484;66577,5078125;183,65853881835938;-286,0400390625;-30,51697540283203;1,1394532918930054;0,46307286620140076;0,31363680958747864;0,01899673230946064
1486;4111,6220703125;62,291927337646484;66577,5078125;167,78012084960938;-293,7384033203125;-30,702938079833984;1,1583691835403442;0,46370187401771545;0,31583502888679504;0,019400861114263535
1487;4111,6220703125;62,291927337646484;66577,5078125;186,63072204589844;-294,0934753417969;-32,18022918701172;1,129361629486084;0,45918598771095276;0,3077806234359741;0,01901460625231266
1488;4111,6220703125;62,291927337646484;66577,5078125;212,80406188964844;-296,22308349609375;-34,45108413696289;1,1575796604156494;0,4637220501899719;0,3129340410232544;0,019619211554527283
1489;4111,6220703125;62,291927337646484;66577,5078125;224,14993286132812;-296,80841064453125;-36,47364044189453;1,1644595861434937;0,4603487253189087;0,31265929341316223;0,01979256235063076
1490;4111,6220703125;62,291927337646484;66577,5078125;262,7815246582031;-292,55767822265625;-41,26944351196289;1,169880986213684;0,46522659063339233;0,31374144554138184;0,020063888281583786
1491;4111,6220703125;62,291927337646484;66577,5078125;280,24993896484375;-289,50482177734375;-43,555213928222656;1,1698895692825317;0,4631845951080322;0,3127785623073578;0,02015804871916771
1492;4111,6220703125;62,291927337646484;66577,5078125;266,84234619140625;-298,4061584472656;-43,0882453918457;1,186600923538208;0,45902687311172485;0,3151105046272278;0,02047259360551834
1493;4111,6220703125;62,291927337646484;66577,5078125;338,4620056152344;-269,9799499511719;-48,55661392211914;1,1907081604003906;0,4639487862586975;0,3165671229362488;0,020734813064336777
1494;4111,6220703125;62,291927337646484;66577,5078125;357,4439697265625;-258,2452087402344;-49,350921630859375;1,204550862312317;0,47112536430358887;0,3205747604370117;0,021180391311645508
1495;4111,6220703125;62,291927337646484;66577,5078125;391,2281494140625;-246,94476318359375;-53,111141204833984;1,2156180143356323;0,46661514043807983;0,32248058915138245;0,02141173928976059
1496;4111,6220703125;62,291927337646484;66577,5078125;421,84747314453125;-242,7419891357422;-54,62077331542969;1,1957248449325562;0,4672743082046509;0,31887784600257874;0,021250789985060692
1497;4111,6220703125;62,291927337646484;66577,5078125;379,2009582519531;-237,94998168945312;-51,69385528564453;1,2004112005233765;0,4631766974925995;0,31996577978134155;0,021393852308392525
1498;4111,6220703125;62,291927337646484;66577,5078125;387,8090515136719;-232,84068298339844;-52,639869689941406;1,205289602279663;0,4666840434074402;0,3223538100719452;0,02165510132908821
1499;4111,6220703125;62,291927337646484;66577,5078125;455,7237854003906;-204,45449829101562;-58,343101501464844;1,2107362747192383;0,4654201865196228;0,3244157135486603;0,021853027865290642
1500;4111,6220703125;62,291927337646484;66577,5078125;414,8692932128906;-205,45928955078125;-55,41187286376953;1,2162929773330688;0,45475873351097107;0,32557204365730286;0,021903136745095253
1501;4111,6220703125;62,291927337646484;66577,5078125;430,0364685058594;-191,04164123535156;-54,71567153930664;1,2270725965499878;0,4596998691558838;0,33000925183296204;0,022282708436250687
1502;4111,6220703125;62,291927337646484;66577,5078125;421,1571350097656;-180,2328338623047;-53,60673904418945;1,2166545391082764;0,4613341689109802;0,3293854296207428;0,022281745448708534
1503;4111,6220703125;62,291927337646484;66577,5078125;426,4964904785156;-160,80702209472656;-52,91149139404297;1,2186930179595947;0,4536595642566681;0,3306925296783447;0,022319037467241287
1504;4111,6220703125;62,291927337646484;66577,5078125;429,832275390625;-142,56446838378906;-54,21063232421875;1,2021068334579468;0,45453721284866333;0,3286794126033783;0,022206509485840797
1505;4111,6220703125;62,291927337646484;66577,5078125;430,8699035644531;-134,5097198486328;-54,79545974731445;1,2187117338180542;0,44079458713531494;0,3331458866596222;0,022343555465340614
1506;4111,6220703125;62,291927337646484;66577,5078125;458,0296325683594;-118,8499755859375;-56,58949661254883;1,2083799839019775;0,4492050111293793;0,33341485261917114;0,022463398054242134
1507;4111,6220703125;62,291927337646484;66577,5078125;452,83197021484375;-121,40450286865234;-55,963905334472656;1,1717270612716675;0,44525158405303955;0,3260689377784729;0,021945895627141
1508;4111,6220703125;62,291927337646484;66577,5078125;463,6257019042969;-103,5171890258789;-57,81096267700195;1,2289917469024658;0,4414103925228119;0,3419535458087921;0,02286612056195736
1509;4111,6220703125;62,291927337646484;66577,5078125;459,7654724121094;-94,00285339355469;-54,80138397216797;1,1854013204574585;0,4282585680484772;0,3320907950401306;0,02207176573574543
1510;4111,6220703125;62,291927337646484;66577,5078125;479,908203125;-81,70577239990234;-57,94211196899414;1,2023671865463257;0,4333858788013458;0,33887365460395813;0,022531140595674515
1511;4111,6220703125;62,291927337646484;66577,5078125;469,6670837402344;-67,6639633178711;-56,809879302978516;1,1975517272949219;0,43336474895477295;0,3397122323513031;0,022563684731721878
1512;4111,6220703125;62,291927337646484;66577,5078125;430,65673828125;-65,69542694091797;-55,687705993652344;1,191470742225647;0,43699002265930176;0,34035244584083557;0,022645378485322
1513;4111,6220703125;62,291927337646484;66577,5078125;479,2314147949219;-56,51285171508789;-59,59750747680664;1,1931631565093994;0,4310142993927002;0,34247025847435;0,02263931930065155
1514;4111,6220703125;62,291927337646484;66577,5078125;495,24755859375;-60,33513641357422;-60,317657470703125;1,164499044418335;0,42420494556427;0,3362947404384613;0,0221637524664402
1515;4111,6220703125;62,291927337646484;66577,5078125;478,3955993652344;-56,16438293457031;-59,786712646484375;1,1751394271850586;0,4197445511817932;0,34089988470077515;0,022284328937530518
1516;4111,6220703125;62,291927337646484;66577,5078125;528,5545043945312;-37,940895080566406;-62,4229621887207;1,1858036518096924;0,42052802443504333;0,34573984146118164;0,022509364411234856
1517;4111,6220703125;62,291927337646484;66577,5078125;545,2889404296875;-30,47871208190918;-62,567543029785156;1,1784310340881348;0,42341288924217224;0,3454398810863495;0,02255162224173546
1518;4111,6220703125;62,291927337646484;66577,5078125;576,8133544921875;-21,359161376953125;-68,2568359375;1,177954912185669;0,42217838764190674;0,34689611196517944;0,022564703598618507
1519;4111,6220703125;62,291927337646484;66577,5078125;593,1547241210938;-9,10034465789795;-66,7691650390625;1,1903523206710815;0,42185893654823303;0,3520999550819397;0,02273258939385414
1520;4111,6220703125;62,291927337646484;66577,5078125;569,755859375;7,779816150665283;-67,2686767578125;1,1628676652908325;0,41660481691360474;0,34534361958503723;0,022294171154499054
1521;4111,6220703125;62,291927337646484;66577,5078125;578,0631103515625;29,62846565246582;-70,82317352294922;1,1445139646530151;0,41211366653442383;0,3410678505897522;0,021976474672555923
1522;4111,6220703125;62,291927337646484;66577,5078125;636,412841796875;39,51875686645508;-72,91935729980469;1,1758140325546265;0,4234282970428467;0,35155391693115234;0,02270260825753212
1523;4111,6220703125;62,291927337646484;66577,5078125;581,753662109375;50,740848541259766;-70,0924072265625;1,1571860313415527;0,4160059988498688;0,3470713794231415;0,022244038060307503
1524;4111,6220703125;62,291927337646484;66577,5078125;609,3831176757812;75,65066528320312;-68,62824249267578;1,1606825590133667;0,4175175428390503;0,34908929467201233;0,022304974496364594
1525;4111,6220703125;62,291927337646484;66577,5078125;601,8865356445312;96,60680389404297;-69,5200424194336;1,1645355224609375;0,42144808173179626;0,3507019281387329;0,02251032553613186
1526;4111,6220703125;62,291927337646484;66577,5078125;609,8187255859375;119,24662017822266;-70,80689239501953;1,1611617803573608;0,41910457611083984;0,35091665387153625;0,022220689803361893
1527;4111,6220703125;62,291927337646484;66577,5078125;583,2819213867188;151,1957244873047;-66,88214874267578;1,1623497009277344;0,4222813844680786;0,3511672616004944;0,022424573078751564
1528;4111,6220703125;62,291927337646484;66577,5078125;560,4824829101562;176,43177795410156;-65,95797729492188;1,1779731512069702;0,429365873336792;0,35581037402153015;0,02284441702067852
1529;4111,6220703125;62,291927337646484;66577,5078125;543,62158203125;198,30569458007812;-66,03746795654297;1,1693159341812134;0,42709019780158997;0,35296812653541565;0,022689824923872948
1530;4111,6220703125;62,291927337646484;66577,5078125;526,72216796875;230,94508361816406;-62,690643310546875;1,1718510389328003;0,4308113753795624;0,35487100481987;0,022513341158628464
1531;4111,6220703125;62,291927337646484;66577,5078125;479,8892822265625;276,3503112792969;-62,27079391479492;1,1916409730911255;0,44036248326301575;0,3607589900493622;0,022934474050998688
1532;4111,6220703125;62,291927337646484;66577,5078125;437,423583984375;299,92108154296875;-56,01325988769531;1,1866354942321777;0,4393906891345978;0,358433336019516;0,02287553809583187
1533;4111,6220703125;62,291927337646484;66577,5078125;405,65533447265625;335,8366394042969;-51,62470626831055;1,1698594093322754;0,43370193243026733;0,3524302542209625;0,022520672529935837
1534;4111,6220703125;62,291927337646484;66577,5078125;363,6543884277344;363,77764892578125;-48,59328079223633;1,165366768836975;0,4357493817806244;0,3509055972099304;0,022320089861750603
1535;4111,6220703125;62,291927337646484;66577,5078125;376,0347595214844;386,9361877441406;-48,399559020996094;1,1713578701019287;0,4386235773563385;0,3515471816062927;0,022450663149356842
1536;4111,6220703125;62,291927337646484;66577,5078125;275,05615234375;445,00323486328125;-41,153038024902344;1,181840419769287;0,4441642165184021;0,3536330461502075;0,022644832730293274
1537;4111,6220703125;62,291927337646484;66577,5078125;278,6123352050781;468,14398193359375;-40,08412551879883;1,1617015600204468;0,4403177499771118;0,34683674573898315;0,022104986011981964
1538;4111,6220703125;62,291927337646484;66577,5078125;241,12623596191406;494,1783447265625;-36,3128547668457;1,157258152961731;0,44001948833465576;0,3441352844238281;0,021958280354738235
1539;4111,6220703125;62,291927337646484;66577,5078125;222,2854766845703;518,3538818359375;-36,10834884643555;1,1675426959991455;0,4434625506401062;0,34534522891044617;0,02215215563774109
1540;4111,6220703125;62,291927337646484;66577,5078125;225,04942321777344;524,8040161132812;-33,28388214111328;1,1572351455688477;0,4441105127334595;0,34123218059539795;0,021819105371832848
1541;4111,6220703125;62,291927337646484;66577,5078125;160,74423217773438;550,0682373046875;-30,197542190551758;1,15769362449646;0,4443671405315399;0,3394162952899933;0,02177063748240471
1542;4111,6220703125;62,291927337646484;66577,5078125;135,530029296875;588,8900756835938;-30,521392822265625;1,1799113750457764;0,46068230271339417;0,34506934881210327;0,022126799449324608
1543;4111,6220703125;62,291927337646484;66577,5078125;132,17697143554688;609,4529418945312;-31,009031295776367;1,1815441846847534;0,45238548517227173;0,34198641777038574;0,02215033955872059
1544;4111,6220703125;62,291927337646484;66577,5078125;106,74100494384766;638,9871826171875;-29,993227005004883;1,2068616151809692;0,4704225957393646;0,34826189279556274;0,022571943700313568
1545;4111,6220703125;62,291927337646484;66577,5078125;116,44622039794922;665,4266357421875;-31,355817794799805;1,1965309381484985;0,46534574031829834;0,34278401732444763;0,022258084267377853
1546;4111,6220703125;62,291927337646484;66577,5078125;131,3296661376953;682,6997680664062;-32,89947509765625;1,2238754034042358;0,48099830746650696;0,3488621711730957;0,022729456424713135
1547;4111,6220703125;62,291927337646484;66577,5078125;111,06249237060547;708,4111938476562;-29,637191772460938;1,2095577716827393;0,4786514639854431;0,34275728464126587;0,022303560748696327
1548;4111,6220703125;62,291927337646484;66577,5078125;143,31973266601562;721,7752075195312;-32,8346061706543;1,2077716588974;0,474150151014328;0,33923956751823425;0,02216608077287674
1549;4111,6220703125;62,291927337646484;66577,5078125;157,7769775390625;727,2107543945312;-33,57750701904297;1,2312206029891968;0,48990705609321594;0,3441241681575775;0,022535249590873718
1550;4111,6220703125;62,291927337646484;66577,5078125;111,99242401123047;745,5838623046875;-29,661731719970703;1,2104802131652832;0,4787697494029999;0,33544278144836426;0,02197827398777008
1551;4111,6220703125;62,291927337646484;66577,5078125;159,86923217773438;741,4904174804688;-34,16828536987305;1,2499643564224243;0,49609658122062683;0,3440161943435669;0,02268628589808941
1552;4111,6220703125;62,291927337646484;66577,5078125;179,41241455078125;749,3389892578125;-35,175315856933594;1,2398854494094849;0,4829384982585907;0,3376231789588928;0,022343218326568604
1553;4111,6220703125;62,291927337646484;66577,5078125;183,9804229736328;755,5108032226562;-37,10994338989258;1,2744981050491333;0,5119948983192444;0,3463733494281769;0,022926636040210724
1554;4111,6220703125;62,291927337646484;66577,5078125;121,6231460571289;790,2706909179688;-33,84784698486328;1,275150179862976;0,5105965733528137;0,3438841998577118;0,022804418578743935
1555;4111,6220703125;62,291927337646484;66577,5078125;132,41236877441406;793,1270751953125;-34,56748962402344;1,2876418828964233;0,5130323171615601;0,3445412218570709;0,022917957976460457
1556;4111,6220703125;62,291927337646484;66577,5078125;134,41224670410156;800,6740112304688;-33,85538101196289;1,246182918548584;0,49846819043159485;0,33143824338912964;0,021921684965491295
1557;4111,6220703125;62,291927337646484;66577,5078125;113,28974914550781;819,9877319335938;-34,239078521728516;1,295979619026184;0,5214019417762756;0,34281349182128906;0,02280092053115368
1558;4111,6220703125;62,291927337646484;66577,5078125;84,35792541503906;825,4671630859375;-31,07163429260254;1,2602224349975586;0,5100090503692627;0,3316635191440582;0,02192819118499756
1559;4111,6220703125;62,291927337646484;66577,5078125;54,10467529296875;830,7467651367188;-29,64033317565918;1,3088663816452026;0,5182467103004456;0,3413451611995697;0,022753890603780746
1560;4111,6220703125;62,291927337646484;66577,5078125;44,65142822265625;838,6752319335938;-28,266254425048828;1,2973514795303345;0,5054835677146912;0,3358054459095001;0,022353848442435265
1561;4111,6220703125;62,291927337646484;66577,5078125;43,48058319091797;850,8582153320312;-30,011863708496094;1,3210585117340088;0,5243342518806458;0,3413213789463043;0,022697314620018005
1562;4111,6220703125;62,291927337646484;66577,5078125;29,764863967895508;858,1463623046875;-29,579627990722656;1,3019118309020996;0,5306873321533203;0,3363451659679413;0,022187666967511177
1563;4111,6220703125;62,291927337646484;66577,5078125;24,844194412231445;870,4202880859375;-28,772674560546875;1,3135641813278198;0,5360006093978882;0,3382028341293335;0,022270342335104942
1564;4111,6220703125;62,291927337646484;66577,5078125;34,46598434448242;879,1185302734375;-29,059139251708984;1,3553348779678345;0,5489023327827454;0,3475666642189026;0,02293529361486435
1565;4111,6220703125;62,291927337646484;66577,5078125;11,514147758483887;888,4771728515625;-27,67142677307129;1,362905502319336;0,547166109085083;0,3483111262321472;0,022920070216059685
1566;4111,6220703125;62,291927337646484;66577,5078125;39,021400451660156;894,5906982421875;-29,908823013305664;1,3362832069396973;0,5342531204223633;0,34080344438552856;0,02224714681506157
1567;4111,6220703125;62,291927337646484;66577,5078125;44,030975341796875;898,5565185546875;-29,94037628173828;1,3351315259933472;0,5319847464561462;0,34009596705436707;0,022072238847613335
1568;4111,6220703125;62,291927337646484;66577,5078125;58,215721130371094;902,8804931640625;-30,442235946655273;1,3339152336120605;0,5357836484909058;0,3400764465332031;0,021909281611442566
1569;4111,6220703125;62,291927337646484;66577,5078125;116,80948638916016;896,1005859375;-32,79195785522461;1,320664882659912;0,5211979150772095;0,3362352252006531;0,021490076556801796
1570;4111,6220703125;62,291927337646484;66577,5078125;89,87967681884766;911,9531860351562;-32,38679504394531;1,3583050966262817;0,5399674773216248;0,346561998128891;0,02207067236304283
1571;4111,6220703125;62,291927337646484;66577,5078125;143,0860137939453;910,7402954101562;-35,740535736083984;1,3690602779388428;0,5514131784439087;0,35047534108161926;0,022143669426441193
1572;4111,6220703125;62,291927337646484;66577,5078125;189,97511291503906;906,7086791992188;-37,63665771484375;1,3597993850708008;0,5381556749343872;0,34845829010009766;0,02180863730609417
1573;4111,6220703125;62,291927337646484;66577,5078125;212,25804138183594;911,2338256835938;-42,11427688598633;1,3576319217681885;0,5377947092056274;0,3491116762161255;0,021630121394991875
1574;4111,6220703125;62,291927337646484;66577,5078125;211,597900390625;916,1796875;-39,77931213378906;1,3476141691207886;0,5179039239883423;0,3471358120441437;0,02126959338784218
1575;4111,6220703125;62,291927337646484;66577,5078125;201,57894897460938;914,7893676757812;-38,93354034423828;1,3389962911605835;0,5267484188079834;0,34712907671928406;0,021007779985666275
1576;4111,6220703125;62,291927337646484;66577,5078125;237,9853515625;908,4163818359375;-41,5345458984375;1,3824936151504517;0,5226717591285706;0,3594088852405548;0,021625854074954987
1577;4111,6220703125;62,291927337646484;66577,5078125;256,2198791503906;887,6788330078125;-41,95335006713867;1,3619786500930786;0,5392494201660156;0,35709404945373535;0,021181156858801842
1578;4111,6220703125;62,291927337646484;66577,5078125;258,2051696777344;878,6650390625;-43,03760528564453;1,3506994247436523;0,5247014164924622;0,35598546266555786;0,02083412930369377
1579;4111,6220703125;62,291927337646484;66577,5078125;265,7602844238281;856,2467041015625;-42,1318359375;1,3296244144439697;0,5103631019592285;0,3526041805744171;0,020318271592259407
1580;4111,6220703125;62,291927337646484;66577,5078125;245,19644165039062;853,8609619140625;-38,7103385925293;1,3711258172988892;0,5305975675582886;0,366292268037796;0,020963095128536224
1581;4111,6220703125;62,291927337646484;66577,5078125;284,6689453125;836,6270751953125;-41,762908935546875;1,347604751586914;0,5212482810020447;0,3626573383808136;0,020421162247657776
1582;4111,6220703125;62,291927337646484;66577,5078125;341,4167175292969;813,44384765625;-46,805198669433594;1,350984811782837;0,5210812091827393;0,36630362272262573;0,020367657765746117
1583;4111,6220703125;62,291927337646484;66577,5078125;353,9402770996094;811,97412109375;-44,68190002441406;1,3418643474578857;0,5193949937820435;0,36667943000793457;0,020092608407139778
1584;4111,6220703125;62,291927337646484;66577,5078125;362,9481506347656;800,0413818359375;-42,85963821411133;1,3237255811691284;0,5132409930229187;0,36458292603492737;0,019654734060168266
1585;4111,6220703125;62,291927337646484;66577,5078125;372,5748291015625;788,5475463867188;-45,10616683959961;1,3301829099655151;0,515568733215332;0,3692973554134369;0,019664699211716652
1586;4111,6220703125;62,291927337646484;66577,5078125;391,9501037597656;766,678466796875;-48,307823181152344;1,3090083599090576;0,49839457869529724;0,36641567945480347;0,01918475143611431
1587;4111,6220703125;62,291927337646484;66577,5078125;441,9124755859375;748,3892211914062;-46,56846618652344;1,3081746101379395;0,47710949182510376;0,3694279193878174;0,01906639151275158
1588;4111,6220703125;62,291927337646484;66577,5078125;459,7875671386719;733,0662841796875;-46,18457794189453;1,281581163406372;0,4734434485435486;0,3648640513420105;0,01850379817187786
1589;4111,6220703125;62,291927337646484;66577,5078125;500,4498596191406;725,1073608398438;-48,837379455566406;1,262091875076294;0,4564876854419708;0,3625086545944214;0,01806809939444065
1590;4111,6220703125;62,291927337646484;66577,5078125;546,79931640625;703,3795776367188;-52,27072525024414;1,2781379222869873;0,4595903158187866;0,37024030089378357;0,01827283389866352
1591;4111,6220703125;62,291927337646484;66577,5078125;571,77392578125;692,397216796875;-56,25302505493164;1,2623951435089111;0,4648122489452362;0,36828508973121643;0,017897842451930046
1592;4111,6220703125;62,291927337646484;66577,5078125;584,0531005859375;678,2119750976562;-55,43252182006836;1,2636679410934448;0,4584604799747467;0,3718118965625763;0,01784932240843773
1593;4111,6220703125;62,291927337646484;66577,5078125;612,3572998046875;658,0079345703125;-56,52348327636719;1,225790023803711;0,440308541059494;0,3636464476585388;0,01709812320768833
1594;4111,6220703125;62,291927337646484;66577,5078125;668,7506713867188;635,2118530273438;-62,82335662841797;1,2157771587371826;0,42728790640830994;0,3638845682144165;0,0168638676404953
1595;4111,6220703125;62,291927337646484;66577,5078125;671,2732543945312;622,9097900390625;-58,75172424316406;1,2369567155838013;0,43719857931137085;0,3728150427341461;0,017166288569569588
1596;4111,6220703125;62,291927337646484;66577,5078125;745,8270874023438;597,6910400390625;-64,45279693603516;1,2065839767456055;0,4221149682998657;0,3665185868740082;0,01656343601644039
1597;4111,6220703125;62,291927337646484;66577,5078125;735,1165161132812;565,2347412109375;-66,4023208618164;1,1660540103912354;0,3996735215187073;0,35725271701812744;0,015794331207871437
1598;4111,6220703125;62,291927337646484;66577,5078125;788,04736328125;544,4487915039062;-65,83162689208984;1,1570833921432495;0,3955729901790619;0,35695356130599976;0,015573292039334774
1599;4111,6220703125;62,291927337646484;66577,5078125;832,959716796875;523,9739379882812;-69,7169418334961;1,1477327346801758;0,3908408284187317;0,35644757747650146;0,015348893590271473
1600;4111,6220703125;62,291927337646484;66577,5078125;834,3008422851562;497,9150390625;-73,88013458251953;1,1072494983673096;0,3656255900859833;0,3470948040485382;0,014610782265663147
1601;4111,6220703125;62,291927337646484;66577,5078125;843,1741943359375;459,93310546875;-72,01482391357422;1,0739376544952393;0,3578135073184967;0,3383190631866455;0,01391628012061119
1602;4111,6220703125;62,291927337646484;66577,5078125;905,8554077148438;456,02191162109375;-79,76563262939453;1,0582908391952515;0,34419551491737366;0,33622676134109497;0,013636709190905094
1603;4111,6220703125;62,291927337646484;66577,5078125;851,7935180664062;435,36724853515625;-76,17374420166016;1,0693577527999878;0,34075629711151123;0,3424886167049408;0,01385443564504385
1604;4111,6220703125;62,291927337646484;66577,5078125;918,4113159179688;410,41265869140625;-74,86457061767578;1,0341033935546875;0,3305409550666809;0,332785427570343;0,013146251440048218
1605;4111,6220703125;62,291927337646484;66577,5078125;907,5836791992188;398,79852294921875;-79,32132720947266;1,0198174715042114;0,31934696435928345;0,3308296203613281;0,012903059832751751
1606;4111,6220703125;62,291927337646484;66577,5078125;915,4572143554688;376,2021179199219;-76,84680938720703;1,0213130712509155;0,3205585777759552;0,3327639400959015;0,012903165072202682
1607;4111,6220703125;62,291927337646484;66577,5078125;882,8309326171875;356,9964294433594;-79,34353637695312;0,9604141116142273;0,291058212518692;0,3163014352321625;0,011806678958237171
1608;4111,6220703125;62,291927337646484;66577,5078125;876,0537719726562;349,8482360839844;-74,2859878540039;0,9748424291610718;0,30141645669937134;0,3212999105453491;0,012022196315228939
1609;4111,6220703125;62,291927337646484;66577,5078125;873,4917602539062;335,80755615234375;-74,9766616821289;0,9467257857322693;0,2896374762058258;0,3140612244606018;0,011503768153488636
1610;4111,6220703125;62,291927337646484;66577,5078125;873,6577758789062;304,02276611328125;-77,59154510498047;0,9384939074516296;0,28518617153167725;0,31315842270851135;0,011377129703760147
1611;4111,6220703125;62,291927337646484;66577,5078125;822,6443481445312;295,3255920410156;-72,67152404785156;0,9427088499069214;0,28748804330825806;0,3155587315559387;0,011461611837148666
1612;4111,6220703125;62,291927337646484;66577,5078125;811,4708251953125;289,54144287109375;-68,77027130126953;0,9192437529563904;0,2801220118999481;0,30903327465057373;0,011014481075108051
1613;4111,6220703125;62,291927337646484;66577,5078125;784,8741455078125;248,7140655517578;-63,9470100402832;0,9361594319343567;0,2879488468170166;0,31481432914733887;0,01132084708660841
1614;4111,6220703125;62,291927337646484;66577,5078125;760,23974609375;250,66139221191406;-66,25253295898438;0,9123315215110779;0,28224310278892517;0,3070436418056488;0,01079629361629486
1615;4111,6220703125;62,291927337646484;66577,5078125;719,4064331054688;232,26869201660156;-60,77946090698242;0,882035493850708;0,27149781584739685;0,29901033639907837;0,01029791496694088
1616;4111,6220703125;62,291927337646484;66577,5078125;710,3515014648438;212,25469970703125;-61,086334228515625;0,8857473134994507;0,2734062373638153;0,301437646150589;0,010448096320033073
1617;4111,6220703125;62,291927337646484;66577,5078125;671,4940185546875;191,5753631591797;-52,91119384765625;0,9054574370384216;0,2817196846008301;0,30766937136650085;0,010825796984136105
1618;4111,6220703125;62,291927337646484;66577,5078125;625,5642700195312;168,37451171875;-53,79908752441406;0,9193391799926758;0,2877978980541229;0,3117538094520569;0,011071721091866493
1619;4111,6220703125;62,291927337646484;66577,5078125;586,8596801757812;148,58770751953125;-51,95845031738281;0,8906572461128235;0,28036025166511536;0,3042820692062378;0,010657092556357384
1620;4111,6220703125;62,291927337646484;66577,5078125;545,2000122070312;112,947509765625;-45,5912971496582;0,8907498717308044;0,2820330858230591;0,30338791012763977;0,010617286898195744
1621;4111,6220703125;62,291927337646484;66577,5078125;528,6320190429688;80,3607406616211;-47,56505584716797;0,899845540523529;0,2875503897666931;0,3074890971183777;0,010925425216555595
1622;4111,6220703125;62,291927337646484;66577,5078125;498,10791015625;51,255882263183594;-44,393802642822266;0,907166063785553;0,29095613956451416;0,30860230326652527;0,011029762215912342
1623;4111,6220703125;62,291927337646484;66577,5078125;497,9576416015625;36,64363098144531;-41,15974807739258;0,888715386390686;0,2895006537437439;0,3040110468864441;0,010824662633240223
1624;4111,6220703125;62,291927337646484;66577,5078125;458,5216979980469;35,892818450927734;-35,819583892822266;0,9430344104766846;0,30520665645599365;0,3190465569496155;0,011783016845583916
1625;4111,6220703125;62,291927337646484;66577,5078125;473,2916259765625;30,629249572753906;-39,57944869995117;0,9184615015983582;0,3004002571105957;0,3108716905117035;0,011371675878763199
1626;4111,6220703125;62,291927337646484;66577,5078125;414,54052734375;5,88899040222168;-39,842586517333984;0,8936119675636292;0,29856181144714355;0,3039485812187195;0,011057578958570957
1627;4111,6220703125;62,291927337646484;66577,5078125;398,4502258300781;-2,4381582736968994;-37,04025650024414;0,9448823928833008;0,3133949339389801;0,31825554370880127;0,012012179009616375
1628;4111,6220703125;62,291927337646484;66577,5078125;384,0110778808594;-24,128002166748047;-31,961036682128906;0,9383378624916077;0,3155214190483093;0,3159814476966858;0,011991270817816257
1629;4111,6220703125;62,291927337646484;66577,5078125;313,27081298828125;-54,893951416015625;-30,491479873657227;0,96397864818573;0,32129570841789246;0,32143962383270264;0,01241317205131054
1630;4111,6220703125;62,291927337646484;66577,5078125;338,2322082519531;-30,835552215576172;-28,496171951293945;0,9420959949493408;0,32130369544029236;0,31488028168678284;0,012166304513812065
1631;4111,6220703125;62,291927337646484;66577,5078125;260,41680908203125;-69,37824249267578;-29,99369239807129;0,9300673007965088;0,32709380984306335;0,3122211992740631;0,01215137355029583
1632;4111,6220703125;62,291927337646484;66577,5078125;246,84373474121094;-88,58179473876953;-29,775514602661133;0,9664093255996704;0,330267071723938;0,3188607394695282;0,012674350291490555
1633;4111,6220703125;62,291927337646484;66577,5078125;256,97796630859375;-88,86824798583984;-26,158323287963867;0,9550259709358215;0,3357892632484436;0,3158518373966217;0,012668614275753498
1634;4111,6220703125;62,291927337646484;66577,5078125;270,6601257324219;-84,70335388183594;-25,930522918701172;0,9711614847183228;0,347872793674469;0,3207218050956726;0,013132392428815365
1635;4111,6220703125;62,291927337646484;66577,5078125;258,87005615234375;-92,67171478271484;-27,210952758789062;0,9748569130897522;0,35445913672447205;0,32095861434936523;0,013317620381712914
1636;4111,6220703125;62,291927337646484;66577,5078125;257,5582580566406;-100,58836364746094;-24,486595153808594;0,9645389914512634;0,35630348324775696;0,31658264994621277;0,013227196410298347
1637;4111,6220703125;62,291927337646484;66577,5078125;218,48544311523438;-122,32649230957031;-25,316373825073242;1,029431700706482;0,37092918157577515;0,33246344327926636;0,014398254454135895
1638;4111,6220703125;62,291927337646484;66577,5078125;242,08978271484375;-121,89887237548828;-24,96017837524414;1,019555687904358;0,3760925531387329;0,3288596272468567;0,014378244057297707
1639;4111,6220703125;62,291927337646484;66577,5078125;208,07037353515625;-143,1427459716797;-21,04217529296875;1,0293331146240234;0,39023008942604065;0,33192873001098633;0,014758800156414509
1640;4111,6220703125;62,291927337646484;66577,5078125;208,3697509765625;-161,96925354003906;-21,768930435180664;1,0318115949630737;0,3944491744041443;0,3306125998497009;0,014896770007908344
1641;4111,6220703125;62,291927337646484;66577,5078125;246,9720001220703;-169,7112274169922;-24,680524826049805;1,0406080484390259;0,40074044466018677;0,3311573565006256;0,015156978741288185
1642;4111,6220703125;62,291927337646484;66577,5078125;190,46884155273438;-181,19509887695312;-22,99740219116211;1,0386830568313599;0,4021558165550232;0,3280557096004486;0,015200628899037838
1643;4111,6220703125;62,291927337646484;66577,5078125;207,04840087890625;-202,56256103515625;-21,09088897705078;1,0271130800247192;0,40106070041656494;0,3222273290157318;0,015070881694555283
1644;4111,6220703125;62,291927337646484;66577,5078125;216,40057373046875;-206,4725341796875;-23,32678985595703;1,0401643514633179;0,414048969745636;0,32519346475601196;0,01548613328486681
1645;4111,6220703125;62,291927337646484;66577,5078125;206,33311462402344;-221,4752960205078;-22,1103515625;1,0595160722732544;0,42445501685142517;0,32877030968666077;0,01596434786915779
1646;4111,6220703125;62,291927337646484;66577,5078125;223,924560546875;-222,37918090820312;-24,924457550048828;1,0771257877349854;0,4273713231086731;0,330116331577301;0,016333386301994324
1647;4111,6220703125;62,291927337646484;66577,5078125;111,23783874511719;-266,5056457519531;-18,54474449157715;1,0681523084640503;0,4306263029575348;0,3258771002292633;0,016309943050146103
1648;4111,6220703125;62,291927337646484;66577,5078125;168,87939453125;-258,099365234375;-23,415205001831055;1,1166529655456543;0,4446357488632202;0,3362346291542053;0,017278624698519707
1649;4111,6220703125;62,291927337646484;66577,5078125;126,89655303955078;-263,1595764160156;-20,168312072753906;1,0788540840148926;0,438455194234848;0,32384544610977173;0,016718611121177673
1650;4111,6220703125;62,291927337646484;66577,5078125;180,6466522216797;-253,2801055908203;-24,37274742126465;1,0810052156448364;0,44555097818374634;0,32290714979171753;0,01691511459648609
1651;4111,6220703125;62,291927337646484;66577,5078125;110,81002044677734;-271,9832458496094;-18,505586624145508;1,104974389076233;0,450528621673584;0,32601305842399597;0,017423292621970177
1652;4111,6220703125;62,291927337646484;66577,5078125;148,8429718017578;-247,04078674316406;-21,431907653808594;1,1322118043899536;0,45956945419311523;0,3306685984134674;0,01802998222410679
1653;4111,6220703125;62,291927337646484;66577,5078125;69,93733978271484;-264,25152587890625;-18,238147735595703;1,1043449640274048;0,4519146680831909;0,3205484449863434;0,017612162977457047
1654;4111,6220703125;62,291927337646484;66577,5078125;66,50263977050781;-272,23663330078125;-19,831005096435547;1,1435027122497559;0,4588780701160431;0,32726889848709106;0,018380336463451385
1655;4111,6220703125;62,291927337646484;66577,5078125;23,47594451904297;-275,8641052246094;-14,567408561706543;1,124204158782959;0,45367905497550964;0,31970351934432983;0,018123149871826172
1656;4111,6220703125;62,291927337646484;66577,5078125;67,08270263671875;-275,9607238769531;-20,14815330505371;1,1314194202423096;0,4577261805534363;0,31953734159469604;0,018384486436843872
1657;4111,6220703125;62,291927337646484;66577,5078125;0,6749573945999146;-282,9271545410156;-16,726091384887695;1,145590901374817;0,46788036823272705;0,3220860958099365;0,018830977380275726
1658;4111,6220703125;62,291927337646484;66577,5078125;51,16130828857422;-271,03564453125;-17,191869735717773;1,164158582687378;0,47049880027770996;0,32409727573394775;0,019250739365816116
1659;4111,6220703125;62,291927337646484;66577,5078125;57,22828674316406;-265,671875;-20,240829467773438;1,126298189163208;0,46499302983283997;0,3134773373603821;0,018717272207140923
1660;4111,6220703125;62,291927337646484;66577,5078125;43,25763702392578;-271,76434326171875;-17,471765518188477;1,1564003229141235;0,4712243378162384;0,31877774000167847;0,019366277381777763
1661;4111,6220703125;62,291927337646484;66577,5078125;2,883969306945801;-282,72509765625;-15,85495662689209;1,1872555017471313;0,4776630699634552;0,32440924644470215;0,020031768828630447
1662;4111,6220703125;62,291927337646484;66577,5078125;32,72613525390625;-276,38555908203125;-16,8408203125;1,2121068239212036;0,4777510166168213;0,3278617858886719;0,02052394673228264
1663;4111,6220703125;62,291927337646484;66577,5078125;61,60234451293945;-276,9465637207031;-21,719512939453125;1,1616034507751465;0,4772070348262787;0,3164118528366089;0,019872795790433884
1664;4111,6220703125;62,291927337646484;66577,5078125;37,11007308959961;-288,58026123046875;-19,76168441772461;1,1855615377426147;0,4789516031742096;0,3203705847263336;0,020385369658470154
1665;4111,6220703125;62,291927337646484;66577,5078125;13,813048362731934;-304,76373291015625;-18,5238037109375;1,1870050430297852;0,47387272119522095;0,3188974857330322;0,020463069900870323
1666;4111,6220703125;62,291927337646484;66577,5078125;64,03395080566406;-290,441650390625;-22,3878173828125;1,2165027856826782;0,47433871030807495;0,3242802321910858;0,021042125299572945
1667;4111,6220703125;62,291927337646484;66577,5078125;53,96126174926758;-286,8895568847656;-21,128368377685547;1,2272831201553345;0,4787518382072449;0,326780766248703;0,02139854058623314
1668;4111,6220703125;62,291927337646484;66577,5078125;43,37962341308594;-290,99066162109375;-21,071043014526367;1,1886067390441895;0,47468551993370056;0,31803467869758606;0,02088189125061035
1669;4111,6220703125;62,291927337646484;66577,5078125;61,24610900878906;-271,67767333984375;-24,60106658935547;1,2220875024795532;0,4891316294670105;0,327142596244812;0,021727507933974266
1670;4111,6220703125;62,291927337646484;66577,5078125;35,77220916748047;-273,8249816894531;-22,000673294067383;1,2293013334274292;0,47177204489707947;0,3262597620487213;0,02172394096851349
1671;4111,6220703125;62,291927337646484;66577,5078125;82,326416015625;-264,597412109375;-23,26179313659668;1,262988805770874;0,4774667024612427;0,33468103408813477;0,02245434746146202
1672;4111,6220703125;62,291927337646484;66577,5078125;66,56837463378906;-261,22857666015625;-23,204586029052734;1,2426762580871582;0,48101353645324707;0,3315622806549072;0,022336984053254128
1673;4111,6220703125;62,291927337646484;66577,5078125;88,7726058959961;-257,5331115722656;-23,99456214904785;1,2451401948928833;0,470712810754776;0,33159276843070984;0,02235426753759384
1674;4111,6220703125;62,291927337646484;66577,5078125;76,34872436523438;-258,2065734863281;-23,9613094329834;1,2449555397033691;0,47630828619003296;0,3333626687526703;0,02257424034178257
1675;4111,6220703125;62,291927337646484;66577,5078125;172,05160522460938;-224,59695434570312;-32,94361877441406;1,2469574213027954;0,47329744696617126;0,3346661925315857;0,022692976519465446
1676;4111,6220703125;62,291927337646484;66577,5078125;183,13351440429688;-218,59303283691406;-31,647207260131836;1,244373083114624;0,4659227132797241;0,33462953567504883;0,02267131209373474
1677;4111,6220703125;62,291927337646484;66577,5078125;204,03269958496094;-202,41494750976562;-37,22862243652344;1,2422281503677368;0,46650147438049316;0,3357781767845154;0,022780876606702805
1678;4111,6220703125;62,291927337646484;66577,5078125;216,5703582763672;-198,16940307617188;-37,545223236083984;1,2021901607513428;0,4595693051815033;0,32745710015296936;0,022179333493113518
1679;4111,6220703125;62,291927337646484;66577,5078125;202,04383850097656;-184,94384765625;-32,05485916137695;1,2322454452514648;0,4572182893753052;0,33595746755599976;0,022733280435204506
1680;4111,6220703125;62,291927337646484;66577,5078125;270,3919677734375;-167,0727081298828;-42,37133026123047;1,257102608680725;0,45313090085983276;0,34338250756263733;0,023160187527537346
1681;4111,6220703125;62,291927337646484;66577,5078125;299,6054382324219;-161,64439392089844;-43,60271072387695;1,2264111042022705;0,4548892378807068;0,33817777037620544;0,02285255864262581
1682;4111,6220703125;62,291927337646484;66577,5078125;288,8746337890625;-152,23609924316406;-43,1832389831543;1,1857959032058716;0,43738606572151184;0,32870253920555115;0,022039515897631645
1683;4111,6220703125;62,291927337646484;66577,5078125;312,40728759765625;-153,76068115234375;-44,961387634277344;1,2443913221359253;0,45260950922966003;0,34651634097099304;0,02332131564617157
1684;4111,6220703125;62,291927337646484;66577,5078125;360,375;-136,22813415527344;-47,71112060546875;1,2007962465286255;0,4386497139930725;0,3365861177444458;0,02251511439681053
1685;4111,6220703125;62,291927337646484;66577,5078125;382,0556335449219;-124,0907974243164;-50,26001739501953;1,206282138824463;0,4408017098903656;0,34020134806632996;0,022745342925190926
1686;4111,6220703125;62,291927337646484;66577,5078125;410,4411926269531;-113,65716552734375;-52,65850830078125;1,1945579051971436;0,43987202644348145;0,3391322195529938;0,02265281043946743
1687;4111,6220703125;62,291927337646484;66577,5078125;385,66436767578125;-103,51225280761719;-52,36398696899414;1,1739646196365356;0,4317227900028229;0,3352038860321045;0,022281110286712646
1688;4111,6220703125;62,291927337646484;66577,5078125;399,6285705566406;-93,1729965209961;-51,16325378417969;1,230001449584961;0,44277629256248474;0,352731853723526;0,023425478488206863
1689;4111,6220703125;62,291927337646484;66577,5078125;462,2336120605469;-79,46117401123047;-53,81436538696289;1,2090542316436768;0,4378201365470886;0,34881940484046936;0,023103445768356323
1690;4111,6220703125;62,291927337646484;66577,5078125;484,89312744140625;-62,986141204833984;-57,156333923339844;1,1972352266311646;0,42536503076553345;0,34698352217674255;0,02272159419953823
1691;4111,6220703125;62,291927337646484;66577,5078125;451,9281005859375;-48,56186294555664;-55,166805267333984;1,1768383979797363;0,42553991079330444;0,3431167006492615;0,022520294412970543
1692;4111,6220703125;62,291927337646484;66577,5078125;493,8554382324219;-37,89897155761719;-57,20493698120117;1,1955747604370117;0,4279228448867798;0,3501986265182495;0,02289222739636898
1693;4111,6220703125;62,291927337646484;66577,5078125;516,4067993164062;-17,460472106933594;-57,93357467651367;1,1639126539230347;0,4163924753665924;0,34252744913101196;0,02222600020468235
1694;4111,6220703125;62,291927337646484;66577,5078125;498,42694091796875;0,5026979446411133;-58,99134826660156;1,192203402519226;0,4240265190601349;0,3524142801761627;0,0228270273655653
1695;4111,6220703125;62,291927337646484;66577,5078125;491,6061706542969;19,40294647216797;-57,96476364135742;1,1584746837615967;0,41552799940109253;0,34381887316703796;0,022212669253349304
1696;4111,6220703125;62,291927337646484;66577,5078125;557,889404296875;35,383670806884766;-64,91124725341797;1,1619062423706055;0,4172061085700989;0,34610503911972046;0,022329118102788925
1697;4111,6220703125;62,291927337646484;66577,5078125;501,9205017089844;75,98861694335938;-58,43116760253906;1,1533780097961426;0,4144141376018524;0,34471896290779114;0,02215842343866825
1698;4111,6220703125;62,291927337646484;66577,5078125;568,33349609375;84,6652603149414;-65,5510025024414;1,1690555810928345;0,42215844988822937;0,3502971827983856;0,02260684035718441
1699;4111,6220703125;62,291927337646484;66577,5078125;541,4758911132812;117,10648345947266;-62,71856689453125;1,1701388359069824;0,42011240124702454;0,351878821849823;0,022482862696051598
1700;4111,6220703125;62,291927337646484;66577,5078125;569,521728515625;123,60692596435547;-67,08084869384766;1,1864216327667236;0,4281693994998932;0,35738110542297363;0,022935453802347183
1701;4111,6220703125;62,291927337646484;66577,5078125;533,7008056640625;150,78297424316406;-63,43707275390625;1,2197874784469604;0,4405340254306793;0,3683534264564514;0,023610733449459076
1702;4111,6220703125;62,291927337646484;66577,5078125;492,9277038574219;173,60031127929688;-58,445091247558594;1,1848113536834717;0,4305233359336853;0,35775575041770935;0,022978534922003746
1703;4111,6220703125;62,291927337646484;66577,5078125;503,3560791015625;200,76840209960938;-61,10380172729492;1,1710277795791626;0,42649251222610474;0,35415515303611755;0,022595247253775597
1704;4111,6220703125;62,291927337646484;66577,5078125;486,5014953613281;219,00259399414062;-59,352317810058594;1,1932927370071411;0,43628889322280884;0,36124107241630554;0,023049306124448776
1705;4111,6220703125;62,291927337646484;66577,5078125;491,4537658691406;238,8409881591797;-57,721771240234375;1,169417381286621;0,429411917924881;0,35402026772499084;0,022500192746520042
1706;4111,6220703125;62,291927337646484;66577,5078125;384,67767333984375;268,2748718261719;-53,34230422973633;1,1632567644119263;0,42865222692489624;0,35179200768470764;0,022380605340003967
1707;4111,6220703125;62,291927337646484;66577,5078125;378,8652648925781;299,7666015625;-48,10746383666992;1,1779018640518188;0,43488839268684387;0,3555125296115875;0,022744519636034966
1708;4111,6220703125;62,291927337646484;66577,5078125;358,9690246582031;308,3725280761719;-43,818756103515625;1,1725797653198242;0,43544748425483704;0,35366734862327576;0,022560974583029747
1709;4111,6220703125;62,291927337646484;66577,5078125;346,90338134765625;330,20416259765625;-44,44824981689453;1,1706619262695312;0,4370100796222687;0,3525342643260956;0,022473538294434547
1710;4111,6220703125;62,291927337646484;66577,5078125;285,3629455566406;362,79632568359375;-41,172828674316406;1,193749189376831;0,44933947920799255;0,35905951261520386;0,022908655926585197
1711;4111,6220703125;62,291927337646484;66577,5078125;227,5128173828125;371,8609924316406;-35,59983825683594;1,158217430114746;0,43292033672332764;0,34630805253982544;0,022178879007697105
1712;4111,6220703125;62,291927337646484;66577,5078125;195,0922088623047;427,0732727050781;-33,455787658691406;1,1783689260482788;0,4450520873069763;0,351791113615036;0,02253064699470997
1713;4111,6220703125;62,291927337646484;66577,5078125;204,30767822265625;440,8083801269531;-33,07965087890625;1,2050012350082397;0,45679593086242676;0,358399897813797;0,02307211607694626
1714;4111,6220703125;62,291927337646484;66577,5078125;83,24585723876953;486,9573974609375;-25,25079345703125;1,2117058038711548;0,45925384759902954;0,35858795046806335;0,023178188130259514
1715;4111,6220703125;62,291927337646484;66577,5078125;50,345558166503906;518,7671508789062;-23,023252487182617;1,1845531463623047;0,45691394805908203;0,35007086396217346;0,022437142208218575
1716;4111,6220703125;62,291927337646484;66577,5078125;19,72877311706543;545,1346435546875;-21,073694229125977;1,175970196723938;0,4472796618938446;0,34452107548713684;0,022251546382904053
1717;4111,6220703125;62,291927337646484;66577,5078125;-48,04482650756836;584,9456787109375;-16,12458610534668;1,1704611778259277;0,4459608495235443;0,3410264849662781;0,022051963955163956
1718;4111,6220703125;62,291927337646484;66577,5078125;-117,81411743164062;606,519287109375;-10,92920207977295;1,1897172927856445;0,4593147337436676;0,3454221487045288;0,022363144904375076
1719;4111,6220703125;62,291927337646484;66577,5078125;-110,14947509765625;632,6355590820312;-9,937577247619629;1,2018331289291382;0,46462419629096985;0,3467843234539032;0,022542115300893784
1720;4111,6220703125;62,291927337646484;66577,5078125;-178,68502807617188;675,1459350585938;-8,389349937438965;1,222886562347412;0,48346519470214844;0,35204604268074036;0,02285507135093212
1721;4111,6220703125;62,291927337646484;66577,5078125;-147,0004119873047;674,8711547851562;-10,744820594787598;1,2231707572937012;0,47943976521492004;0,3491027057170868;0,022790348157286644
1722;4111,6220703125;62,291927337646484;66577,5078125;-188,81553649902344;711,581298828125;-7,258322715759277;1,2204171419143677;0,4799042344093323;0,34606462717056274;0,022622033953666687
1723;4111,6220703125;62,291927337646484;66577,5078125;-250,97520446777344;752,5714721679688;-6,241203784942627;1,2685401439666748;0,5159428715705872;0,35942235589027405;0,023481454700231552
1724;4111,6220703125;62,291927337646484;66577,5078125;-278,9956970214844;775,159912109375;-2,978926420211792;1,2626585960388184;0,5149606466293335;0,35529598593711853;0,023242752999067307
1725;4111,6220703125;62,291927337646484;66577,5078125;-277,9320068359375;793,8425903320312;-1,7641322612762451;1,2844371795654297;0,5144866704940796;0,3575264811515808;0,023621806874871254
1726;4111,6220703125;62,291927337646484;66577,5078125;-236,11607360839844;803,457275390625;-5,246307373046875;1,2600268125534058;0,4992988407611847;0,3474642038345337;0,022986818104982376
1727;4111,6220703125;62,291927337646484;66577,5078125;-255,1693115234375;818,5155639648438;-5,931562900543213;1,2690274715423584;0,5100829005241394;0,3482531011104584;0,02303559146821499
1728;4111,6220703125;62,291927337646484;66577,5078125;-175,86331176757812;812,7481689453125;-9,329811096191406;1,2555969953536987;0,49846982955932617;0,34131354093551636;0,022623106837272644
1729;4111,6220703125;62,291927337646484;66577,5078125;-136,25759887695312;813,8922119140625;-11,907258033752441;1,2859036922454834;0,5003304481506348;0,3458803594112396;0,02310212329030037
1730;4111,6220703125;62,291927337646484;66577,5078125;-213,08078002929688;848,87841796875;-9,081954002380371;1,279262661933899;0,5150039196014404;0,3436785340309143;0,022829992696642876
1731;4111,6220703125;62,291927337646484;66577,5078125;-155,75364685058594;849,4686279296875;-12,010022163391113;1,285593867301941;0,5259444117546082;0,3439905345439911;0,022811446338891983
1732;4111,6220703125;62,291927337646484;66577,5078125;-36,63258743286133;834,4113159179688;-21,43994140625;1,3060063123703003;0,5164369940757751;0,3452132046222687;0,023071490228176117
1733;4111,6220703125;62,291927337646484;66577,5078125;-77,07616424560547;860,9950561523438;-18,608049392700195;1,3161810636520386;0,5290157794952393;0,3466933071613312;0,02313443273305893
1734;4111,6220703125;62,291927337646484;66577,5078125;-32,22853469848633;863,6126098632812;-21,807008743286133;1,2929354906082153;0,5128065943717957;0,3379042446613312;0,02250167727470398
1735;4111,6220703125;62,291927337646484;66577,5078125;-61,285064697265625;879,6593017578125;-20,847522735595703;1,3394545316696167;0,5334670543670654;0,3484412133693695;0,023283109068870544
1736;4111,6220703125;62,291927337646484;66577,5078125;2,6539971828460693;883,9066772460938;-25,178756713867188;1,3038249015808105;0,5098748207092285;0,33663564920425415;0,022395431995391846
1737;4111,6220703125;62,291927337646484;66577,5078125;27,39431381225586;885,8853149414062;-25,031354904174805;1,324776291847229;0,5281668305397034;0,34156545996665955;0,022678274661302567
1738;4111,6220703125;62,291927337646484;66577,5078125;-0,044247567653656006;897,631103515625;-24,7491512298584;1,3365713357925415;0,5280219912528992;0,3428875505924225;0,02274254336953163
1739;4111,6220703125;62,291927337646484;66577,5078125;7,510310173034668;901,6205444335938;-26,330322265625;1,3138747215270996;0,5255357623100281;0,33662235736846924;0,022156905382871628
1740;4111,6220703125;62,291927337646484;66577,5078125;-14,495248794555664;909,8924560546875;-24,39032745361328;1,3213884830474854;0,5199504494667053;0,33698487281799316;0,022131269797682762
1741;4111,6220703125;62,291927337646484;66577,5078125;49,31946563720703;904,4866943359375;-29,187925338745117;1,3573256731033325;0,5411871671676636;0,3461495637893677;0,02269248105585575
1742;4111,6220703125;62,291927337646484;66577,5078125;107,08692169189453;888,9811401367188;-35,156951904296875;1,3428692817687988;0,5383451581001282;0,34233400225639343;0,02226748690009117
1743;4111,6220703125;62,291927337646484;66577,5078125;212,3006134033203;871,5753784179688;-40,182762145996094;1,3459217548370361;0,534766435623169;0,3426124155521393;0,022165194153785706
1744;4111,6220703125;62,291927337646484;66577,5078125;185,72808837890625;877,888671875;-37,715660095214844;1,3700504302978516;0,5363669991493225;0,3483112156391144;0,022455323487520218
1745;4111,6220703125;62,291927337646484;66577,5078125;207,18698120117188;878,3694458007812;-40,78803634643555;1,3440622091293335;0,5348905920982361;0,3427013158798218;0,021839367225766182
1746;4111,6220703125;62,291927337646484;66577,5078125;184,49862670898438;873,1073608398438;-40,0478515625;1,3677968978881836;0,5370472073554993;0,34890615940093994;0,022127162665128708
1747;4111,6220703125;62,291927337646484;66577,5078125;264,3488464355469;857,3580322265625;-44,99611282348633;1,3723125457763672;0,5384639501571655;0,35093429684638977;0,022070331498980522
1748;4111,6220703125;62,291927337646484;66577,5078125;190,70196533203125;885,2463989257812;-43,27540588378906;1,3514858484268188;0,5316385626792908;0,3467957675457001;0,02154628373682499
1749;4111,6220703125;62,291927337646484;66577,5078125;252,21263122558594;860,6646118164062;-43,60624694824219;1,3231943845748901;0,5169326663017273;0,3406444191932678;0,020874543115496635
1750;4111,6220703125;62,291927337646484;66577,5078125;269,0638122558594;855,1640625;-44,413387298583984;1,4033875465393066;0,572665810585022;0,3640829920768738;0,022269893437623978
1751;4111,6220703125;62,291927337646484;66577,5078125;334,3572082519531;847,24365234375;-47,987449645996094;1,3275423049926758;0,5141260027885437;0,34482720494270325;0,020689651370048523
1752;4111,6220703125;62,291927337646484;66577,5078125;306,38177490234375;854,44677734375;-46,77849197387695;1,3725160360336304;0,5277225375175476;0,35836589336395264;0,021383747458457947
1753;4111,6220703125;62,291927337646484;66577,5078125;329,7396545410156;857,9846801757812;-47,792640686035156;1,3529695272445679;0,5342113375663757;0,3559024930000305;0,020928243175148964
1754;4111,6220703125;62,291927337646484;66577,5078125;343,1732482910156;855,795166015625;-45,783199310302734;1,3637256622314453;0,525987982749939;0,36064958572387695;0,020984111353754997
1755;4111,6220703125;62,291927337646484;66577,5078125;321,91552734375;865,1008911132812;-45,75723648071289;1,331290602684021;0,5179970264434814;0,35462477803230286;0,020284824073314667
1756;4111,6220703125;62,291927337646484;66577,5078125;352,454833984375;858,6763916015625;-47,656028747558594;1,340164065361023;0,5133650302886963;0,3593883216381073;0,020322544500231743
1757;4111,6220703125;62,291927337646484;66577,5078125;333,3727111816406;861,5765991210938;-43,321563720703125;1,3559519052505493;0,5146188735961914;0,3662993013858795;0,020490825176239014
1758;4111,6220703125;62,291927337646484;66577,5078125;372,3299255371094;854,518798828125;-45,94852828979492;1,3425021171569824;0,5092045664787292;0,3655097484588623;0,020142575725913048
1759;4111,6220703125;62,291927337646484;66577,5078125;326,33709716796875;857,943115234375;-45,40153884887695;1,3350564241409302;0,5104785561561584;0,36642757058143616;0,019909828901290894
1760;4111,6220703125;62,291927337646484;66577,5078125;321,5675048828125;859,6625366210938;-42,86447525024414;1,3354367017745972;0,49321842193603516;0,36949455738067627;0,01979694701731205
1761;4111,6220703125;62,291927337646484;66577,5078125;326,413330078125;851,2716674804688;-42,1806640625;1,3008121252059937;0,5000488758087158;0,36284494400024414;0,01908787526190281
1762;4111,6220703125;62,291927337646484;66577,5078125;334,6549377441406;821,9884033203125;-41,6688232421875;1,3239622116088867;0,4943009316921234;0,3724624216556549;0,01941012591123581
1763;4111,6220703125;62,291927337646484;66577,5078125;403,7906188964844;812,5418701171875;-45,26016616821289;1,2991210222244263;0,48742368817329407;0,3684808313846588;0,01887218840420246
1764;4111,6220703125;62,291927337646484;66577,5078125;391,4078063964844;789,0094604492188;-43,313392639160156;1,2964204549789429;0,4828532338142395;0,37081724405288696;0,018734630197286606
1765;4111,6220703125;62,291927337646484;66577,5078125;399,57098388671875;769,26123046875;-42,77485275268555;1,2737985849380493;0,4627825617790222;0,36762961745262146;0,018249282613396645
1766;4111,6220703125;62,291927337646484;66577,5078125;429,2724304199219;749,9530029296875;-46,5599250793457;1,2793442010879517;0,479560524225235;0,3717910647392273;0,018244482576847076
1767;4111,6220703125;62,291927337646484;66577,5078125;434,4615173339844;730,9761352539062;-45,12144088745117;1,267874836921692;0,47237151861190796;0,37145185470581055;0,017956744879484177
1768;4111,6220703125;62,291927337646484;66577,5078125;447,5618896484375;710,0243530273438;-46,62995529174805;1,2347986698150635;0,4415486752986908;0,36535799503326416;0,017323296517133713
1769;4111,6220703125;62,291927337646484;66577,5078125;470,455078125;681,71142578125;-45,344825744628906;1,1958856582641602;0,4249287247657776;0,3567140996456146;0,016552044078707695
1770;4111,6220703125;62,291927337646484;66577,5078125;447,3451232910156;672,3585815429688;-46,51520919799805;1,2201178073883057;0,43245115876197815;0,3667449951171875;0,016922669485211372
1771;4111,6220703125;62,291927337646484;66577,5078125;465,6776123046875;649,6636352539062;-43,190650939941406;1,2088894844055176;0,42229682207107544;0,36639055609703064;0,016668038442730904
1772;4111,6220703125;62,291927337646484;66577,5078125;535,7266845703125;614,2460327148438;-50,0861930847168;1,1704223155975342;0,3959645926952362;0,35813960433006287;0,01594453677535057
1773;4111,6220703125;62,291927337646484;66577,5078125;593,097900390625;582,2749633789062;-53,351890563964844;1,1609693765640259;0,3957410752773285;0,3574995696544647;0,015708250924944878
1774;4111,6220703125;62,291927337646484;66577,5078125;547,695068359375;576,4177856445312;-47,913047790527344;1,1814258098602295;0,4043929874897003;0,3660467565059662;0,01601475104689598
1775;4111,6220703125;62,291927337646484;66577,5078125;562,8799438476562;565,4852905273438;-57,581451416015625;1,1589868068695068;0,39593982696533203;0,36138346791267395;0,01555086113512516
1776;4111,6220703125;62,291927337646484;66577,5078125;572,54736328125;547,84521484375;-52,082645416259766;1,1305875778198242;0,3786744475364685;0,35536789894104004;0,015018543228507042
1777;4111,6220703125;62,291927337646484;66577,5078125;615,3692016601562;511,5633544921875;-55,16859817504883;1,1293764114379883;0,36833468079566956;0,3581152856349945;0,015003548003733158
1778;4111,6220703125;62,291927337646484;66577,5078125;657,8515625;470,8405456542969;-55,8281364440918;1,079247236251831;0,34658804535865784;0,344772607088089;0,014068501070141792
1779;4111,6220703125;62,291927337646484;66577,5078125;632,6824340820312;453,5845947265625;-55,42520523071289;1,1040936708450317;0,3638201355934143;0,3533047139644623;0,0144228246062994
1780;4111,6220703125;62,291927337646484;66577,5078125;624,4600830078125;427,9966125488281;-53,17948913574219;1,0768442153930664;0,3465885818004608;0,34742045402526855;0,013948362320661545
1781;4111,6220703125;62,291927337646484;66577,5078125;614,3446655273438;418,053466796875;-51,217315673828125;1,078711748123169;0,3442821502685547;0,35006260871887207;0,01397708896547556
1782;4111,6220703125;62,291927337646484;66577,5078125;649,0176391601562;395,99774169921875;-55,346824645996094;1,0155181884765625;0,3196337819099426;0,3317732512950897;0,01279642153531313
1783;4111,6220703125;62,291927337646484;66577,5078125;669,3487548828125;385,5903015136719;-57,330848693847656;0,999790608882904;0,30417174100875854;0,3300938308238983;0,012581182643771172
1784;4111,6220703125;62,291927337646484;66577,5078125;677,1137084960938;355,8245849609375;-61,778072357177734;0,9608542919158936;0,2926183044910431;0,31859979033470154;0,011821022257208824
1785;4111,6220703125;62,291927337646484;66577,5078125;734,2515869140625;332,8438415527344;-62,798789978027344;0,9933053851127625;0,30042004585266113;0,3312898874282837;0,01247788779437542
1786;4111,6220703125;62,291927337646484;66577,5078125;716,5051879882812;328,66424560546875;-63,604591369628906;0,9687122106552124;0,29722094535827637;0,3232208490371704;0,011955147609114647
1787;4111,6220703125;62,291927337646484;66577,5078125;706,0034790039062;303,6026306152344;-58,820045471191406;0,9477853178977966;0,2914966642856598;0,31714746356010437;0,011532307602465153
1788;4111,6220703125;62,291927337646484;66577,5078125;727,6087036132812;278,48638916015625;-64,41107940673828;0,968221127986908;0,2948662340641022;0,3263126313686371;0,012025127187371254
1789;4111,6220703125;62,291927337646484;66577,5078125;696,7726440429688;264,8623046875;-65,28402709960938;0,9525542259216309;0,29289737343788147;0,32101598381996155;0,01168341375887394
1790;4111,6220703125;62,291927337646484;66577,5078125;703,9335327148438;247,68544006347656;-70,1385269165039;0,9583478569984436;0,29618120193481445;0,3232954442501068;0,011790637858211994
1791;4111,6220703125;62,291927337646484;66577,5078125;693,123046875;248,783935546875;-64,711669921875;0,9390779733657837;0,29157373309135437;0,3169495761394501;0,011383631266653538
1792;4111,6220703125;62,291927337646484;66577,5078125;706,996337890625;238,70826721191406;-62,64448928833008;0,8974856734275818;0,2772841453552246;0,30607903003692627;0,010735754854977131
1793;4111,6220703125;62,291927337646484;66577,5078125;670,3762817382812;232,73121643066406;-64,26716613769531;0,9256373643875122;0,2882387638092041;0,3153524696826935;0,011302046477794647
1794;4111,6220703125;62,291927337646484;66577,5078125;655,52197265625;215,57034301757812;-60,35939025878906;0,9124632477760315;0,28592830896377563;0,31095677614212036;0,011049765162169933
1795;4111,6220703125;62,291927337646484;66577,5078125;640,3485717773438;193,365478515625;-56,25062942504883;0,9378772377967834;0,2958630323410034;0,32020387053489685;0,011627888306975365
1796;4111,6220703125;62,291927337646484;66577,5078125;644,099609375;193,9964141845703;-60,610633850097656;0,9202213883399963;0,2913893759250641;0,31229329109191895;0,011166075244545937
1797;4111,6220703125;62,291927337646484;66577,5078125;592,4855346679688;191,73500061035156;-52,82181167602539;0,8909860849380493;0,28539615869522095;0,3044019341468811;0,010750576853752136
1798;4111,6220703125;62,291927337646484;66577,5078125;552,1112670898438;200,9574737548828;-53,46376419067383;0,9211639165878296;0,296933650970459;0,3140874207019806;0,011393469758331776
1799;4111,6220703125;62,291927337646484;66577,5078125;553,62548828125;194,18382263183594;-56,70821762084961;0,9199278354644775;0,2977610230445862;0,31255027651786804;0,011354497633874416
1800;4111,6220703125;62,291927337646484;66577,5078125;459,3302307128906;161,24053955078125;-47,65299987792969;0,935638427734375;0,30547958612442017;0,3177257478237152;0,011744128540158272
1801;4111,6220703125;62,291927337646484;66577,5078125;463,1122131347656;147,1361541748047;-42,38755798339844;0,9066215753555298;0,30037903785705566;0,3085121512413025;0,011272742412984371
1802;4111,6220703125;62,291927337646484;66577,5078125;394,4034118652344;114,171875;-39,886695861816406;0,9420213103294373;0,31582391262054443;0,3203994333744049;0,012080060318112373
1803;4111,6220703125;62,291927337646484;66577,5078125;369,81536865234375;129,65322875976562;-40,98395919799805;0,9243977665901184;0,3116737902164459;0,313170462846756;0,011749048717319965
1804;4111,6220703125;62,291927337646484;66577,5078125;330,2923889160156;90,78250122070312;-31,678504943847656;0,9302917718887329;0,3200836181640625;0,3158293068408966;0,012014087289571762
1805;4111,6220703125;62,291927337646484;66577,5078125;322,955322265625;71,95948791503906;-31,119802474975586;0,9170852303504944;0,31094375252723694;0,3074002265930176;0,011605881154537201
1806;4111,6220703125;62,291927337646484;66577,5078125;279,51470947265625;55,184356689453125;-26,71685218811035;0,9707724452018738;0,33315309882164;0,3247339129447937;0,01280172262340784
1807;4111,6220703125;62,291927337646484;66577,5078125;267,9991455078125;39,867794036865234;-25,071186065673828;1,0098637342453003;0,3440433442592621;0,33464372158050537;0,01352369599044323
1808;4111,6220703125;62,291927337646484;66577,5078125;309,07965087890625;49,53567123413086;-29,008743286132812;0,9485906958580017;0,3349400758743286;0,31604811549186707;0,012566069141030312
1809;4111,6220703125;62,291927337646484;66577,5078125;282,959716796875;19,532732009887695;-26,963134765625;0,9764352440834045;0,3472577929496765;0,3236781060695648;0,013184744864702225
1810;4111,6220703125;62,291927337646484;66577,5078125;299,56695556640625;13,417275428771973;-26,908193588256836;0,9846928119659424;0,35452526807785034;0,3252294659614563;0,01344291865825653
1811;4111,6220703125;62,291927337646484;66577,5078125;240,67169189453125;-16,682331085205078;-22,789119720458984;0,9886680841445923;0,3510403335094452;0,3225302994251251;0,013452715240418911
1812;4111,6220703125;62,291927337646484;66577,5078125;207,8833465576172;-58,16155242919922;-20,710031509399414;1,0051902532577515;0,35729366540908813;0,32542872428894043;0,013811721466481686
1813;4111,6220703125;62,291927337646484;66577,5078125;223,54331970214844;-62,46013259887695;-24,590534210205078;1,0133711099624634;0,3688220679759979;0,32776686549186707;0,014155454002320766
1814;4111,6220703125;62,291927337646484;66577,5078125;203,35890197753906;-93,34791564941406;-19,70209312438965;1,0250120162963867;0,3740938603878021;0,32901686429977417;0,01443413645029068
1815;4111,6220703125;62,291927337646484;66577,5078125;160,3067169189453;-128,69241333007812;-21,504533767700195;0,9825733304023743;0,3778950870037079;0,31775906682014465;0,013920353725552559
1816;4111,6220703125;62,291927337646484;66577,5078125;218,15264892578125;-134,225341796875;-24,398193359375;1,0269097089767456;0,3956366777420044;0,3292980492115021;0,014853358268737793
1817;4111,6220703125;62,291927337646484;66577,5078125;204,4557647705078;-143,56199645996094;-27,079160690307617;1,0707591772079468;0,40064355731010437;0,337266206741333;0,01560552790760994
1818;4111,6220703125;62,291927337646484;66577,5078125;170,0075225830078;-162,63186645507812;-21,744632720947266;1,0741368532180786;0,39952924847602844;0,33470749855041504;0,015684816986322403
1819;4111,6220703125;62,291927337646484;66577,5078125;140,01937866210938;-180,36575317382812;-20,054485321044922;1,032523274421692;0,4024914801120758;0,32326391339302063;0,015183612704277039
1820;4111,6220703125;62,291927337646484;66577,5078125;179,6814422607422;-177,3279266357422;-22,06602668762207;1,0517455339431763;0,4191029965877533;0,32842934131622314;0,01573357731103897
1821;4111,6220703125;62,291927337646484;66577,5078125;219,11607360839844;-159,54449462890625;-27,040441513061523;1,0693291425704956;0,43251192569732666;0,33232206106185913;0,016215618699789047
1822;4111,6220703125;62,291927337646484;66577,5078125;193,16648864746094;-185,03587341308594;-26,357913970947266;1,086014986038208;0,4379613399505615;0,3340354859828949;0,016601432114839554
1823;4111,6220703125;62,291927337646484;66577,5078125;154,01121520996094;-198,31163024902344;-23,609237670898438;1,0869642496109009;0,42463505268096924;0,3280640244483948;0,01652485504746437
1824;4111,6220703125;62,291927337646484;66577,5078125;184,9033660888672;-197,21316528320312;-27,799659729003906;1,0489972829818726;0,428392618894577;0,3179022967815399;0,01607978343963623
1825;4111,6220703125;62,291927337646484;66577,5078125;165,69821166992188;-207,1168975830078;-25,54524803161621;1,0877034664154053;0,43211498856544495;0,3238958716392517;0,016782116144895554
1826;4111,6220703125;62,291927337646484;66577,5078125;129,30018615722656;-219,440673828125;-24,997425079345703;1,1037113666534424;0,44657695293426514;0,32748207449913025;0,017281346023082733
1827;4111,6220703125;62,291927337646484;66577,5078125;96,78256225585938;-218,90916442871094;-23,012454986572266;1,0870027542114258;0,4426087439060211;0,3202674388885498;0,017066776752471924
1828;4111,6220703125;62,291927337646484;66577,5078125;130,64547729492188;-205,46446228027344;-24,56622886657715;1,1179245710372925;0,4539293050765991;0,32623761892318726;0,017755847424268723
1829;4111,6220703125;62,291927337646484;66577,5078125;155,25950622558594;-198,13162231445312;-26,53940200805664;1,10453462600708;0,45433321595191956;0,32084330916404724;0,017649227753281593
1830;4111,6220703125;62,291927337646484;66577,5078125;122,028564453125;-196,07798767089844;-25,35855484008789;1,1171914339065552;0,4573301374912262;0,3213888704776764;0,017971012741327286
1831;4111,6220703125;62,291927337646484;66577,5078125;113,27881622314453;-195,1998291015625;-24,938369750976562;1,1025723218917847;0,45862042903900146;0,3161894977092743;0,01786085218191147
1832;4111,6220703125;62,291927337646484;66577,5078125;118,98839569091797;-196,32791137695312;-25,18976402282715;1,1572818756103516;0,4665324091911316;0,3263333737850189;0,018885036930441856
1833;4111,6220703125;62,291927337646484;66577,5078125;53,94524383544922;-205,14767456054688;-20,760318756103516;1,136134386062622;0,4642575979232788;0,3193238079547882;0,018641356378793716
1834;4111,6220703125;62,291927337646484;66577,5078125;64,07695007324219;-212,17318725585938;-20,46446418762207;1,1381478309631348;0,4653628468513489;0,3177824914455414;0,018790138885378838
1835;4111,6220703125;62,291927337646484;66577,5078125;61,328636169433594;-209,93609619140625;-22,524290084838867;1,1920924186706543;0,47049668431282043;0,3275067210197449;0,019771886989474297
1836;4111,6220703125;62,291927337646484;66577,5078125;50,887901306152344;-203,07662963867188;-20,897890090942383;1,1440048217773438;0,46648040413856506;0,3153277337551117;0,01911088079214096
1837;4111,6220703125;62,291927337646484;66577,5078125;62,19975662231445;-201,01739501953125;-21,701534271240234;1,1749906539916992;0,4685843288898468;0,32021093368530273;0,019717590883374214
1838;4111,6220703125;62,291927337646484;66577,5078125;78,13233184814453;-205,08184814453125;-23,164411544799805;1,2453372478485107;0,47783198952674866;0,3344620168209076;0,02100389637053013
1839;4111,6220703125;62,291927337646484;66577,5078125;65,91492462158203;-217,7886199951172;-22,756919860839844;1,1793347597122192;0,4796134829521179;0,3203030526638031;0,020164642482995987
1840;4111,6220703125;62,291927337646484;66577,5078125;63,8294563293457;-221,34506225585938;-23,07091522216797;1,2110220193862915;0,4789329171180725;0,325398325920105;0,020756958052515984
1841;4111,6220703125;62,291927337646484;66577,5078125;118,56965637207031;-209,7533416748047;-26,98709487915039;1,2248295545578003;0,48388439416885376;0,3281341791152954;0,0211570393294096
1842;4111,6220703125;62,291927337646484;66577,5078125;100,00495147705078;-222,5601806640625;-25,48638343811035;1,2291200160980225;0,48901477456092834;0,3291870355606079;0,02141917124390602
1843;4111,6220703125;62,291927337646484;66577,5078125;116,9534912109375;-229,46713256835938;-28,00361442565918;1,200865626335144;0,488735556602478;0,3229689598083496;0,021108353510499
1844;4111,6220703125;62,291927337646484;66577,5078125;174,0611572265625;-215,8149871826172;-33,57161331176758;1,2489449977874756;0,479330450296402;0,3310306966304779;0,021838972344994545
1845;4111,6220703125;62,291927337646484;66577,5078125;159,40692138671875;-220,8416290283203;-33,51268005371094;1,2371611595153809;0,48077139258384705;0,3288567066192627;0,0218146201223135
1846;4111,6220703125;62,291927337646484;66577,5078125;178,5322723388672;-215,44781494140625;-34,90534973144531;1,2360910177230835;0,4851515293121338;0,32952237129211426;0,0219938475638628
1847;4111,6220703125;62,291927337646484;66577,5078125;179,04444885253906;-219,0315704345703;-35,14629364013672;1,252849817276001;0,473784476518631;0,3318653106689453;0,022213641554117203
1848;4111,6220703125;62,291927337646484;66577,5078125;229,61402893066406;-199,97703552246094;-39,13059997558594;1,2575335502624512;0,4779456853866577;0,334147572517395;0,022484786808490753
1849;4111,6220703125;62,291927337646484;66577,5078125;242,07809448242188;-202,68910217285156;-39,93921661376953;1,2701051235198975;0,47794297337532043;0,33776000142097473;0,022811077535152435
1850;4111,6220703125;62,291927337646484;66577,5078125;212,23672485351562;-195,82598876953125;-38,23003387451172;1,2357181310653687;0,47359132766723633;0,33079421520233154;0,02235715277493
1851;4111,6220703125;62,291927337646484;66577,5078125;157,15032958984375;-213,9000701904297;-33,400001525878906;1,2649141550064087;0,47708866000175476;0,3388901352882385;0,022993505001068115
1852;4111,6220703125;62,291927337646484;66577,5078125;165,9071502685547;-191,00010681152344;-34,44063186645508;1,2361464500427246;0,46275144815444946;0,3321595788002014;0,02246025577187538
1853;4111,6220703125;62,291927337646484;66577,5078125;183,6861114501953;-177,17050170898438;-34,49581527709961;1,230978012084961;0,46402451395988464;0,33266162872314453;0,0225337203592062
1854;4111,6220703125;62,291927337646484;66577,5078125;222,65830993652344;-165,51779174804688;-38,75515365600586;1,2350256443023682;0,4672188460826874;0,33557143807411194;0,022777166217565536
1855;4111,6220703125;62,291927337646484;66577,5078125;260,0467224121094;-143,499755859375;-40,739112854003906;1,2899609804153442;0,4647655785083771;0,3499368131160736;0,023697976022958755
1856;4111,6220703125;62,291927337646484;66577,5078125;261,7152099609375;-135,25787353515625;-40,21772003173828;1,2464557886123657;0,4671958386898041;0,3418298065662384;0,023209379985928535
1857;4111,6220703125;62,291927337646484;66577,5078125;270,8115539550781;-122,01953125;-40,93238830566406;1,2392668724060059;0,4562528431415558;0,34101080894470215;0,023037735372781754
1858;4111,6220703125;62,291927337646484;66577,5078125;319,4141540527344;-114,6535415649414;-47,13082504272461;1,233682632446289;0,4511300027370453;0,3412034809589386;0,022980287671089172
1859;4111,6220703125;62,291927337646484;66577,5078125;321,79559326171875;-94,12971496582031;-48,13920211791992;1,2472352981567383;0,44595468044281006;0,34622353315353394;0,02320045419037342
1860;4111,6220703125;62,291927337646484;66577,5078125;326,3403015136719;-85,90050506591797;-48,75593185424805;1,193896770477295;0,43570512533187866;0,334147185087204;0,02232060395181179
1861;4111,6220703125;62,291927337646484;66577,5078125;363,82830810546875;-59,33808135986328;-52,74494171142578;1,2550077438354492;0,45159220695495605;0,3529227674007416;0,023645645007491112
1862;4111,6220703125;62,291927337646484;66577,5078125;373,9652404785156;-50,49639129638672;-55,20127868652344;1,2216161489486694;0,43900585174560547;0,3455909490585327;0,023003675043582916
1863;4111,6220703125;62,291927337646484;66577,5078125;441,47991943359375;-26,495498657226562;-59,4676399230957;1,20709228515625;0,44141510128974915;0,34398213028907776;0,022936364635825157
1864;4111,6220703125;62,291927337646484;66577,5078125;421,68096923828125;-12,311399459838867;-59,31126022338867;1,1876578330993652;0,42881739139556885;0,3401058614253998;0,022482631728053093
1865;4111,6220703125;62,291927337646484;66577,5078125;422,52911376953125;13,015202522277832;-58,60652160644531;1,2047704458236694;0,43555060029029846;0,34698089957237244;0,02296191267669201
1866;4111,6220703125;62,291927337646484;66577,5078125;431,2880554199219;24,555967330932617;-60,19643783569336;1,2242106199264526;0,44089871644973755;0,3544350862503052;0,0234383437782526
1867;4111,6220703125;62,291927337646484;66577,5078125;419,7362365722656;35,85783004760742;-56,60599136352539;1,17796790599823;0,42863258719444275;0,34297728538513184;0,02258465252816677
1868;4111,6220703125;62,291927337646484;66577,5078125;462,716064453125;56,35211181640625;-58,46995544433594;1,196286678314209;0,4351130425930023;0,3500041663646698;0,02306176722049713
1869;4111,6220703125;62,291927337646484;66577,5078125;477,34210205078125;76,6671142578125;-62,780033111572266;1,209950566291809;0,4337218403816223;0,3555430471897125;0,02326809987425804
1870;4111,6220703125;62,291927337646484;66577,5078125;516,4435424804688;80,97627258300781;-65,67936706542969;1,1985656023025513;0,4326530694961548;0,35376283526420593;0,02314765937626362
1871;4111,6220703125;62,291927337646484;66577,5078125;476,24884033203125;98,7969970703125;-62,295101165771484;1,1661903858184814;0,4160650372505188;0,3456514775753021;0,022304438054561615
1872;4111,6220703125;62,291927337646484;66577,5078125;488,1059875488281;117,40760803222656;-65,19618225097656;1,1784805059432983;0,42191967368125916;0,35062313079833984;0,02265552058815956
1873;4111,6220703125;62,291927337646484;66577,5078125;508,5023498535156;151,75839233398438;-65,79865264892578;1,1963942050933838;0,4291445314884186;0,35718509554862976;0,023104742169380188
1874;4111,6220703125;62,291927337646484;66577,5078125;530,3062133789062;149,65066528320312;-65,90326690673828;1,1991065740585327;0,428539514541626;0,3592711091041565;0,023091142997145653
1875;4111,6220703125;62,291927337646484;66577,5078125;466,21209716796875;165,74017333984375;-59,62662124633789;1,1621736288070679;0,41982078552246094;0,34881970286369324;0,022460689768195152
1876;4111,6220703125;62,291927337646484;66577,5078125;429,5397644042969;187,8056182861328;-58,30410385131836;1,1610344648361206;0,41841399669647217;0,34951430559158325;0,022348152473568916
1877;4111,6220703125;62,291927337646484;66577,5078125;364,8514404296875;188,51170349121094;-50,95954132080078;1,1521883010864258;0,4170752167701721;0,3473481237888336;0,022220229730010033
1878;4111,6220703125;62,291927337646484;66577,5078125;424,3208923339844;215,51934814453125;-56,78525924682617;1,1952917575836182;0,43252241611480713;0,3613840341567993;0,023049134761095047
1879;4111,6220703125;62,291927337646484;66577,5078125;422,20623779296875;230,21746826171875;-53,2894401550293;1,1698977947235107;0,4257405698299408;0,3535109758377075;0,022638166323304176
1880;4111,6220703125;62,291927337646484;66577,5078125;378,1587219238281;258,4090881347656;-53,15642166137695;1,1756064891815186;0,42906492948532104;0,355652779340744;0,02271287515759468
1881;4111,6220703125;62,291927337646484;66577,5078125;329,2944641113281;277,0780334472656;-50,910980224609375;1,1605441570281982;0,4252982437610626;0,35135093331336975;0,022319577634334564
1882;4111,6220703125;62,291927337646484;66577,5078125;395,7959289550781;292,77886962890625;-58,56753158569336;1,1730257272720337;0,4316695034503937;0,3550187945365906;0,022593015804886818
1883;4111,6220703125;62,291927337646484;66577,5078125;391,39959716796875;310,4977111816406;-55,99828338623047;1,1873358488082886;0,43791985511779785;0,35872364044189453;0,022957783192396164
1884;4111,6220703125;62,291927337646484;66577,5078125;322,8785705566406;350,5754089355469;-46,46482467651367;1,163727879524231;0,4327690005302429;0,3518131971359253;0,02230704389512539
1885;4111,6220703125;62,291927337646484;66577,5078125;303,8108825683594;366,3952331542969;-45,767738342285156;1,1683602333068848;0,4326052665710449;0,351518452167511;0,022528525441884995
1886;4111,6220703125;62,291927337646484;66577,5078125;262,31549072265625;395,95635986328125;-40,450069427490234;1,21697199344635;0,45866841077804565;0,36701950430870056;0,02339853346347809
1887;4111,6220703125;62,291927337646484;66577,5078125;189,32102966308594;426,8550109863281;-35,7265739440918;1,191544771194458;0,4456493556499481;0,357150673866272;0,022937076166272163
1888;4111,6220703125;62,291927337646484;66577,5078125;128,07664489746094;467,6337585449219;-30,310150146484375;1,1539298295974731;0,43782153725624084;0,34582775831222534;0,021950077265501022
1889;4111,6220703125;62,291927337646484;66577,5078125;49,64314270019531;507,76055908203125;-22,559856414794922;1,1931442022323608;0,45494645833969116;0,35643094778060913;0,022785386070609093
1890;4111,6220703125;62,291927337646484;66577,5078125;70,0571517944336;531,3230590820312;-25,623340606689453;1,1947901248931885;0,45665058493614197;0,35541045665740967;0,022786127403378487
1891;4111,6220703125;62,291927337646484;66577,5078125;40,4686279296875;567,2706909179688;-22,144166946411133;1,1986210346221924;0,4631348252296448;0,355629563331604;0,022772252559661865
1892;4111,6220703125;62,291927337646484;66577,5078125;-52,66470718383789;612,0543823242188;-17,822017669677734;1,2098157405853271;0,46590662002563477;0,35673460364341736;0,023000849410891533
1893;4111,6220703125;62,291927337646484;66577,5078125;-59,513370513916016;633,1041870117188;-16,82240104675293;1,1943715810775757;0,45681169629096985;0,3496806025505066;0,02263115532696247
1894;4111,6220703125;62,291927337646484;66577,5078125;-137,6474151611328;668,1505126953125;-12,665736198425293;1,1666259765625;0,4484966993331909;0,3399110734462738;0,021931683644652367
1895;4111,6220703125;62,291927337646484;66577,5078125;-210,19615173339844;708,86376953125;-6,30622673034668;1,207354187965393;0,4667123854160309;0,35000142455101013;0,02274039387702942
1896;4111,6220703125;62,291927337646484;66577,5078125;-280,9654846191406;760,0737915039062;-1,8541316986083984;1,2211742401123047;0,47548723220825195;0,35224929451942444;0,02294366993010044
1897;4111,6220703125;62,291927337646484;66577,5078125;-260,7334289550781;772,5228881835938;-2,250805139541626;1,2163370847702026;0,47561514377593994;0,34881651401519775;0,02274119295179844
1898;4111,6220703125;62,291927337646484;66577,5078125;-313,83685302734375;809,1801147460938;-2,849992513656616;1,247768759727478;0,4914722144603729;0,3558807969093323;0,023313581943511963
1899;4111,6220703125;62,291927337646484;66577,5078125;-346,33807373046875;830,5755615234375;-0,3170737624168396;1,2374428510665894;0,4912320673465729;0,3509909510612488;0,022978302091360092
1900;4111,6220703125;62,291927337646484;66577,5078125;-386,0188903808594;864,0366821289062;3,1293752193450928;1,2491716146469116;0,4941588342189789;0,35157039761543274;0,023131564259529114
1901;4111,6220703125;62,291927337646484;66577,5078125;-418,8411865234375;888,2811279296875;3,773162603378296;1,2375710010528564;0,48934507369995117;0,3457672894001007;0,022769557312130928
1902;4111,6220703125;62,291927337646484;66577,5078125;-437,20916748046875;910,0791015625;5,69656229019165;1,241829514503479;0,49952369928359985;0,34553900361061096;0,02272746153175831
1903;4111,6220703125;62,291927337646484;66577,5078125;-445,36346435546875;924,0059204101562;4,93185567855835;1,2537167072296143;0,49881619215011597;0,34562498331069946;0,022868972271680832
1904;4111,6220703125;62,291927337646484;66577,5078125;-457,961669921875;941,7289428710938;5,222499370574951;1,2890774011611938;0,5257995128631592;0,35439860820770264;0,023468559607863426
1905;4111,6220703125;62,291927337646484;66577,5078125;-438,4875793457031;953,6921997070312;3,1494317054748535;1,2690080404281616;0,5003981590270996;0,3443257212638855;0,02292998693883419
1906;4111,6220703125;62,291927337646484;66577,5078125;-428,063720703125;975,7574462890625;2,6600685119628906;1,2760659456253052;0,5025392174720764;0,3437553942203522;0,02293659932911396
1907;4111,6220703125;62,291927337646484;66577,5078125;-392,4644470214844;974,2383422851562;1,7596193552017212;1,2599581480026245;0,4945751428604126;0,33693695068359375;0,022459547966718674
1908;4111,6220703125;62,291927337646484;66577,5078125;-407,30120849609375;988,599365234375;1,2731350660324097;1,2773633003234863;0,5167495012283325;0,34107038378715515;0,022688059136271477
1909;4111,6220703125;62,291927337646484;66577,5078125;-360,9813232421875;997,5641479492188;0,2130497843027115;1,2829307317733765;0,5109997987747192;0,33951711654663086;0,022653071209788322
1910;4111,6220703125;62,291927337646484;66577,5078125;-391,804443359375;1017,719970703125;-2,8371493816375732;1,3024957180023193;0,5239365696907043;0,3431994318962097;0,02291235700249672
1911;4111,6220703125;62,291927337646484;66577,5078125;-384,368408203125;1012,615966796875;-2,697547435760498;1,3073571920394897;0,5098477005958557;0,34090137481689453;0,02283063530921936
1912;4111,6220703125;62,291927337646484;66577,5078125;-320,8887939453125;1006,8280639648438;-7,566731929779053;1,3026760816574097;0,5214568376541138;0,3393068313598633;0,022613827139139175
1913;4111,6220703125;62,291927337646484;66577,5078125;-341,9936828613281;1013,8790893554688;-5,7919487953186035;1,3450449705123901;0,5459759831428528;0,34945574402809143;0,023321492597460747
1914;4111,6220703125;62,291927337646484;66577,5078125;-330,0287170410156;1017,4560546875;-9,13638973236084;1,3223730325698853;0,5351501107215881;0,341974675655365;0,022716356441378593
1915;4111,6220703125;62,291927337646484;66577,5078125;-285,3815612792969;1010,4025268554688;-10,814291954040527;1,3004621267318726;0,5313743352890015;0,3355637490749359;0,022136090323328972
1916;4111,6220703125;62,291927337646484;66577,5078125;-270,0890197753906;1014,3812255859375;-11,0980224609375;1,3540393114089966;0,5514571666717529;0,34815356135368347;0,023042701184749603
1917;4111,6220703125;62,291927337646484;66577,5078125;-280,007080078125;1009,0604858398438;-10,662313461303711;1,3335340023040771;0,5203792452812195;0,3400892913341522;0,02243657037615776
1918;4111,6220703125;62,291927337646484;66577,5078125;-292,01348876953125;1020,0958862304688;-11,078758239746094;1,3527836799621582;0,5409513711929321;0,34553083777427673;0,02269560843706131
1919;4111,6220703125;62,291927337646484;66577,5078125;-288,78228759765625;1007,1602172851562;-10,107619285583496;1,3711944818496704;0,5590429306030273;0,3507295250892639;0,022920573130249977
1920;4111,6220703125;62,291927337646484;66577,5078125;-288,4917907714844;1010,1616821289062;-9,838074684143066;1,369272232055664;0,5535617470741272;0,34971609711647034;0,022725123912096024
1921;4111,6220703125;62,291927337646484;66577,5078125;-231,17396545410156;991,78271484375;-12,793116569519043;1,3706344366073608;0,553501546382904;0,35010668635368347;0,02260040119290352
1922;4111,6220703125;62,291927337646484;66577,5078125;-253,6509552001953;996,580322265625;-8,929105758666992;1,3430448770523071;0,5180737972259521;0,3417263329029083;0,021865004673600197
1923;4111,6220703125;62,291927337646484;66577,5078125;-208,75881958007812;978,5072021484375;-12,025666236877441;1,3830978870391846;0,5527840852737427;0,35381871461868286;0,02253231778740883
1924;4111,6220703125;62,291927337646484;66577,5078125;-194,8241729736328;987,3021850585938;-14,544354438781738;1,3452961444854736;0,5485838651657104;0,34562620520591736;0,02169405296444893
1925;4111,6220703125;62,291927337646484;66577,5078125;-143,65296936035156;973,336181640625;-17,067296981811523;1,3582154512405396;0,5340502262115479;0,34880030155181885;0,021763434633612633
1926;4111,6220703125;62,291927337646484;66577,5078125;-108,80010223388672;977,030517578125;-20,232637405395508;1,3542301654815674;0,5329156517982483;0,3490852415561676;0,021555548533797264
1927;4111,6220703125;62,291927337646484;66577,5078125;-128,8011016845703;977,0853271484375;-18,116409301757812;1,381554126739502;0,5427575707435608;0,3576072156429291;0,021929174661636353
1928;4111,6220703125;62,291927337646484;66577,5078125;-120,60687255859375;987,3674926757812;-16,932300567626953;1,3819822072982788;0,5543297529220581;0,3599500060081482;0,021826671436429024
1929;4111,6220703125;62,291927337646484;66577,5078125;-66,51747131347656;978,9844360351562;-21,981706619262695;1,363255262374878;0,5301789045333862;0,35625362396240234;0,02132394164800644
1930;4111,6220703125;62,291927337646484;66577,5078125;-60,93638610839844;976,8057861328125;-19,354270935058594;1,3744316101074219;0,5314558744430542;0,36117514967918396;0,021399838849902153
1931;4111,6220703125;62,291927337646484;66577,5078125;-48,771522521972656;977,4600830078125;-18,84669303894043;1,4052977561950684;0,5509908199310303;0,37186387181282043;0,021857626736164093
1932;4111,6220703125;62,291927337646484;66577,5078125;-27,088926315307617;984,3649291992188;-23,117389678955078;1,3596514463424683;0,534346342086792;0,3622001111507416;0,020908910781145096
1933;4111,6220703125;62,291927337646484;66577,5078125;-92,35740661621094;989,33154296875;-14,191329002380371;1,3674763441085815;0,528293788433075;0,36660775542259216;0,020924873650074005
1934;4111,6220703125;62,291927337646484;66577,5078125;-56,918949127197266;995,6516723632812;-17,4644775390625;1,337916374206543;0,5171833038330078;0,36131545901298523;0,020278938114643097
1935;4111,6220703125;62,291927337646484;66577,5078125;-59,21489334106445;985,7615966796875;-20,116134643554688;1,3283536434173584;0,5056192278862;0,36135512590408325;0,019991232082247734
1936;4111,6220703125;62,291927337646484;66577,5078125;-67,28693389892578;984,9310913085938;-19,288333892822266;1,3416351079940796;0,5037581920623779;0,36778199672698975;0,020119959488511086
1937;4111,6220703125;62,291927337646484;66577,5078125;-74,87036895751953;974,3294067382812;-16,1938533782959;1,3269121646881104;0,5043367743492126;0,36668825149536133;0,019763832911849022
1938;4111,6220703125;62,291927337646484;66577,5078125;-22,041645050048828;968,0466918945312;-16,63932991027832;1,3220949172973633;0,5060640573501587;0,368292897939682;0,01958005130290985
1939;4111,6220703125;62,291927337646484;66577,5078125;-33,216705322265625;945,89990234375;-14,935856819152832;1,34580659866333;0,5164017677307129;0,37791895866394043;0,019909586757421494
1940;4111,6220703125;62,291927337646484;66577,5078125;23,560840606689453;941,3331909179688;-18,613805770874023;1,2810359001159668;0,46599122881889343;0,3629501760005951;0,01864827424287796
1941;4111,6220703125;62,291927337646484;66577,5078125;-24,203750610351562;933,5343627929688;-14,804177284240723;1,296890377998352;0,4755588173866272;0,37045106291770935;0,01885237731039524
1942;4111,6220703125;62,291927337646484;66577,5078125;-78,37844848632812;950,66552734375;-13,096099853515625;1,3204346895217896;0,4958131015300751;0,3800036609172821;0,019184250384569168
1943;4111,6220703125;62,291927337646484;66577,5078125;-61,79900360107422;932,0702514648438;-15,748746871948242;1,3200393915176392;0,49853426218032837;0,38282930850982666;0,019084012135863304
1944;4111,6220703125;62,291927337646484;66577,5078125;-51,88300323486328;920,4348754882812;-12,236957550048828;1,2825177907943726;0,46809035539627075;0,3753955066204071;0,01835320144891739
1945;4111,6220703125;62,291927337646484;66577,5078125;-12,52118968963623;901,5903930664062;-12,20237922668457;1,2648383378982544;0,4684911370277405;0,3728284537792206;0,017941398546099663
1946;4111,6220703125;62,291927337646484;66577,5078125;-13,896321296691895;868,3630981445312;-10,958395957946777;1,2389708757400513;0,44182223081588745;0,36874476075172424;0,01743600331246853
1947;4111,6220703125;62,291927337646484;66577,5078125;-43,34665298461914;861,5941162109375;-13,293471336364746;1,2296912670135498;0,4408235549926758;0,3686235249042511;0,01719350926578045
1948;4111,6220703125;62,291927337646484;66577,5078125;-5,550930500030518;848,451416015625;-12,47339916229248;1,2602888345718384;0,4516684114933014;0,3805250823497772;0,017670517787337303
1949;4111,6220703125;62,291927337646484;66577,5078125;56,65031433105469;827,768310546875;-13,715144157409668;1,2177903652191162;0,43247246742248535;0,370496541261673;0,01684783399105072
1950;4111,6220703125;62,291927337646484;66577,5078125;84,47435760498047;809,241943359375;-14,099343299865723;1,1899138689041138;0,40467777848243713;0,3657258152961731;0,01633552834391594
1951;4111,6220703125;62,291927337646484;66577,5078125;123,32344818115234;787,8095703125;-19,804189682006836;1,1673158407211304;0,4140366017818451;0,3597930073738098;0,015783438459038734
1952;4111,6220703125;62,291927337646484;66577,5078125;157,04966735839844;760,4837646484375;-19,927043914794922;1,129747986793518;0,3823884427547455;0,3519243896007538;0,015133722685277462
1953;4111,6220703125;62,291927337646484;66577,5078125;162,67893981933594;743,1470947265625;-23,484195709228516;1,1511586904525757;0,3927479088306427;0,3604426383972168;0,01545389648526907
1954;4111,6220703125;62,291927337646484;66577,5078125;241,62628173828125;710,0323486328125;-30,58362579345703;1,15924072265625;0,40510115027427673;0,36392879486083984;0,015456801280379295
1955;4111,6220703125;62,291927337646484;66577,5078125;255,5585479736328;689,156982421875;-25,87441635131836;1,134735107421875;0,37414100766181946;0,36065229773521423;0,015125174075365067
1956;4111,6220703125;62,291927337646484;66577,5078125;295,1558837890625;657,7938232421875;-28,86294937133789;1,0942693948745728;0,36401718854904175;0,34917473793029785;0,014300771057605743
1957;4111,6220703125;62,291927337646484;66577,5078125;283,7957458496094;623,4664916992188;-38,48063278198242;1,0682270526885986;0,34064286947250366;0,3445208966732025;0,013889536261558533
1958;4111,6220703125;62,291927337646484;66577,5078125;313,2575988769531;596,6822509765625;-30,646535873413086;1,0664442777633667;0,34498855471611023;0,34485507011413574;0,013781038112938404
1959;4111,6220703125;62,291927337646484;66577,5078125;317,9928283691406;558,86865234375;-31,40326690673828;1,121023416519165;0,3731655776500702;0,3621957004070282;0,014631431549787521
1960;4111,6220703125;62,291927337646484;66577,5078125;359,7667541503906;542,9879150390625;-26,25049591064453;1,0525976419448853;0,33652567863464355;0,34387272596359253;0,01349217351526022
1961;4111,6220703125;62,291927337646484;66577,5078125;385,387939453125;505,28704833984375;-27,355785369873047;1,0303832292556763;0,32520365715026855;0,33873045444488525;0,013095664791762829
1962;4111,6220703125;62,291927337646484;66577,5078125;388,58978271484375;483,2149353027344;-25,601045608520508;1,021204948425293;0,3231240212917328;0,3367014229297638;0,012882259674370289
1963;4111,6220703125;62,291927337646484;66577,5078125;351,7944030761719;452,82073974609375;-32,041996002197266;0,9964438080787659;0,3097807765007019;0,3310248851776123;0,012480688281357288
1964;4111,6220703125;62,291927337646484;66577,5078125;391,5580749511719;439,2948303222656;-35,15891647338867;1,0061671733856201;0,31619319319725037;0,3343072533607483;0,01259339414536953
1965;4111,6220703125;62,291927337646484;66577,5078125;376,8490905761719;405,0873718261719;-32,30173873901367;0,9780551791191101;0,29907724261283875;0,3287125825881958;0,012217248789966106
1966;4111,6220703125;62,291927337646484;66577,5078125;376,2410583496094;411,959228515625;-36,283626556396484;0,9509992003440857;0,2935568392276764;0,3196928799152374;0,011638562195003033
1967;4111,6220703125;62,291927337646484;66577,5078125;371,44622802734375;418,5882263183594;-33,42194747924805;0,9688001871109009;0,3000524342060089;0,3262335956096649;0,011989536695182323
1968;4111,6220703125;62,291927337646484;66577,5078125;418,45233154296875;403,4629821777344;-32,45458221435547;0,9466054439544678;0,2919887602329254;0,3205184042453766;0,01162802241742611
1969;4111,6220703125;62,291927337646484;66577,5078125;410,90362548828125;383,1690368652344;-36,20649337768555;0,9761795401573181;0,30520519614219666;0,32860633730888367;0,01205802895128727
1970;4111,6220703125;62,291927337646484;66577,5078125;357,63275146484375;364,026611328125;-31,52848243713379;0,9188290238380432;0,28527480363845825;0,31248340010643005;0,01112091913819313
1971;4111,6220703125;62,291927337646484;66577,5078125;365,95745849609375;356,83587646484375;-34,42009353637695;0,9244681000709534;0,28819555044174194;0,3151421844959259;0,011287147179245949
1972;4111,6220703125;62,291927337646484;66577,5078125;299,5641174316406;335,7931823730469;-27,851974487304688;0,9374410510063171;0,2939387261867523;0,31928935647010803;0,011544537730515003
1973;4111,6220703125;62,291927337646484;66577,5078125;323,6643371582031;327,72528076171875;-33,49300003051758;0,9176785945892334;0,28962671756744385;0,31501099467277527;0,011309938505291939
1974;4111,6220703125;62,291927337646484;66577,5078125;306,18914794921875;316,8929748535156;-29,98940086364746;0,9202227592468262;0,29183369874954224;0,3139047622680664;0,011273927055299282
1975;4111,6220703125;62,291927337646484;66577,5078125;290,981201171875;305,9423828125;-27,165748596191406;0,9292033910751343;0,2963142991065979;0,3166024088859558;0,011474278755486012
1976;4111,6220703125;62,291927337646484;66577,5078125;251,39553833007812;275,78594970703125;-25,681955337524414;0,9219879508018494;0,2973295748233795;0,3154059946537018;0,011461285874247551
1977;4111,6220703125;62,291927337646484;66577,5078125;229,3402862548828;265,3714599609375;-25,757097244262695;0,9239913821220398;0,2989438772201538;0,31471556425094604;0,011472145095467567
1978;4111,6220703125;62,291927337646484;66577,5078125;219,9481964111328;246,48138427734375;-20,234405517578125;0,9245197176933289;0,30124565958976746;0,31447914242744446;0,011525070294737816
1979;4111,6220703125;62,291927337646484;66577,5078125;206,167724609375;237,41720581054688;-24,28714370727539;0,93204665184021;0,3063831627368927;0,316770076751709;0,011744552291929722
1980;4111,6220703125;62,291927337646484;66577,5078125;196,75839233398438;227,5776824951172;-19,622716903686523;0,9443438053131104;0,3155768811702728;0,32172760367393494;0,0121299484744668
1981;4111,6220703125;62,291927337646484;66577,5078125;203,40603637695312;209,61619567871094;-18,675735473632812;0,9805519580841064;0,3203575313091278;0,32854795455932617;0,012590998783707619
1982;4111,6220703125;62,291927337646484;66577,5078125;192,5210418701172;201,35379028320312;-23,022552490234375;0,9497390985488892;0,3178829848766327;0,3197666108608246;0,012206963263452053
1983;4111,6220703125;62,291927337646484;66577,5078125;95,74176025390625;152,95864868164062;-12,218968391418457;0,9338748455047607;0,31770816445350647;0,3145543038845062;0,012013084255158901
1984;4111,6220703125;62,291927337646484;66577,5078125;111,05577850341797;138,68466186523438;-16,046043395996094;0,9325366020202637;0,32275301218032837;0,31411510705947876;0,012113490141928196
1985;4111,6220703125;62,291927337646484;66577,5078125;128,7353973388672;136,3579864501953;-18,081764221191406;0,962876558303833;0,3329318165779114;0,32198846340179443;0,012719202786684036
1986;4111,6220703125;62,291927337646484;66577,5078125;103,33489227294922;109,30128479003906;-15,382322311401367;1,003585934638977;0,3443445861339569;0,33239784836769104;0,01347669679671526
1987;4111,6220703125;62,291927337646484;66577,5078125;92,88064575195312;106,6989974975586;-13,659881591796875;0,9383126497268677;0,3301939368247986;0,31127220392227173;0,012352339923381805
1988;4111,6220703125;62,291927337646484;66577,5078125;128,50677490234375;91,42398834228516;-10,966322898864746;0,9652969837188721;0,35060009360313416;0,3212559223175049;0,01311294175684452
1989;4111,6220703125;62,291927337646484;66577,5078125;84,59603881835938;73,3907241821289;-11,499638557434082;0,9885468482971191;0,3573572039604187;0,32592150568962097;0,013570930808782578
1990;4111,6220703125;62,291927337646484;66577,5078125;74,73844909667969;55,26015853881836;-10,716338157653809;0,9497498273849487;0,3487669825553894;0,312250018119812;0,012907421216368675
1991;4111,6220703125;62,291927337646484;66577,5078125;41,03882598876953;24,602806091308594;-10,923855781555176;1,0037277936935425;0,36626511812210083;0,32667872309684753;0,013979574665427208
1992;4111,6220703125;62,291927337646484;66577,5078125;27,068721771240234;18,713136672973633;-10,45075798034668;0,9898719191551208;0,3640562891960144;0,32033082842826843;0,013780935667455196
1993;4111,6220703125;62,291927337646484;66577,5078125;-26,63836669921875;-16,293315887451172;-5,953795909881592;0,9609496593475342;0,36930030584335327;0,3126506507396698;0,013475709594786167
1994;4111,6220703125;62,291927337646484;66577,5078125;-7,002124309539795;-19,71807289123535;-5,046696186065674;0,9739242792129517;0,3753651976585388;0,3144121468067169;0,013792689889669418
1995;4111,6220703125;62,291927337646484;66577,5078125;-27,26909065246582;-33,77967834472656;-7,395846843719482;1,009368896484375;0,3822765052318573;0,32126978039741516;0,014453745447099209
1996;4111,6220703125;62,291927337646484;66577,5078125;-110,60828399658203;-52,92675018310547;-2,1944198608398438;1,022646427154541;0,39035648107528687;0,32341015338897705;0,014807935804128647
1997;4111,6220703125;62,291927337646484;66577,5078125;-35,419921875;-41,97634506225586;-5,910238742828369;1,0258252620697021;0,3922026455402374;0,32169967889785767;0,014929491095244884
1998;4111,6220703125;62,291927337646484;66577,5078125;-44,87848663330078;-58,37010955810547;-6,442600250244141;1,0119869709014893;0,404346227645874;0,31876951456069946;0,014936855994164944
1999;4111,6220703125;62,291927337646484;66577,5078125;-69,12726593017578;-69,94591522216797;-4,130301475524902;1,0394256114959717;0,4123454988002777;0,32371199131011963;0,0155083779245615
2000;4111,6220703125;62,291927337646484;66577,5078125;-113,29261779785156;-97,2293472290039;-1,8338838815689087;1,0345975160598755;0,42280641198158264;0,32223495841026306;0,01561825443059206
2001;4111,6220703125;62,291927337646484;66577,5078125;-68,62116241455078;-91,5591049194336;-4,819762229919434;1,0355916023254395;0,4229452610015869;0,3195246756076813;0,01570531539618969
2002;4111,6220703125;62,291927337646484;66577,5078125;-81,49488067626953;-101,85553741455078;-5,5661940574646;1,0591152906417847;0,43007612228393555;0,3232267200946808;0,016217688098549843
2003;4111,6220703125;62,291927337646484;66577,5078125;-73,65505981445312;-100,20026397705078;-3,990717649459839;1,0890944004058838;0,44516754150390625;0,3300282657146454;0,01691839098930359
2004;4111,6220703125;62,291927337646484;66577,5078125;-87,02467346191406;-113,12928009033203;-5,551612854003906;1,08640718460083;0,43243491649627686;0,3236505389213562;0,01680268906056881
2005;4111,6220703125;62,291927337646484;66577,5078125;-73,20063781738281;-108,29149627685547;-6,855472564697266;1,0998212099075317;0,44527268409729004;0,32639819383621216;0,017240172252058983
2006;4111,6220703125;62,291927337646484;66577,5078125;-64,87427520751953;-111,51425170898438;-6,233839988708496;1,0749553442001343;0,43867674469947815;0,3169965147972107;0,01686636544764042
2007;4111,6220703125;62,291927337646484;66577,5078125;-67,81746673583984;-119,95862579345703;-6,85139799118042;1,0766584873199463;0,4505198001861572;0,3172038793563843;0,017114058136940002
2008;4111,6220703125;62,291927337646484;66577,5078125;-64,05752563476562;-113,85678100585938;-7,177208423614502;1,1071864366531372;0,46010568737983704;0,322776198387146;0,017780523747205734
2009;4111,6220703125;62,291927337646484;66577,5078125;-48,539642333984375;-112,77369689941406;-9,672865867614746;1,124115228652954;0,46380433440208435;0,3243434727191925;0,018173277378082275
2010;4111,6220703125;62,291927337646484;66577,5078125;-4,51501989364624;-104,3168716430664;-11,523842811584473;1,1443462371826172;0,47175684571266174;0,32751718163490295;0,018669018521904945
2011;4111,6220703125;62,291927337646484;66577,5078125;19,72246742248535;-112,6856689453125;-13,537935256958008;1,1360832452774048;0,4728030562400818;0,3236321210861206;0,018651776015758514
2012;4111,6220703125;62,291927337646484;66577,5078125;44,01897430419922;-116,0443115234375;-17,130615234375;1,1693294048309326;0,47371554374694824;0,3281264305114746;0,0192674919962883
2013;4111,6220703125;62,291927337646484;66577,5078125;35,767154693603516;-124,75117492675781;-16,65334129333496;1,197263479232788;0,49110424518585205;0,3349204659461975;0,020004983991384506
2014;4111,6220703125;62,291927337646484;66577,5078125;41,16000747680664;-114,83937072753906;-18,61562156677246;1,1808634996414185;0,47840163111686707;0,327104389667511;0,01970795728266239
2015;4111,6220703125;62,291927337646484;66577,5078125;58,40278244018555;-123,28168487548828;-20,416797637939453;1,1957180500030518;0,48649996519088745;0,3297156095504761;0,020143307745456696
2016;4111,6220703125;62,291927337646484;66577,5078125;69,61660766601562;-130,49253845214844;-23,062597274780273;1,2214648723602295;0,4955434799194336;0,334782212972641;0,020758895203471184
2017;4111,6220703125;62,291927337646484;66577,5078125;73,92105102539062;-144,5706787109375;-23,14358139038086;1,2079347372055054;0,4895535111427307;0,3294309973716736;0,0205936711281538
2018;4111,6220703125;62,291927337646484;66577,5078125;85,3051986694336;-155,23272705078125;-25,98424530029297;1,207088828086853;0,48324230313301086;0,3267730176448822;0,020615210756659508
2019;4111,6220703125;62,291927337646484;66577,5078125;119,96466827392578;-156,0592041015625;-28,430614471435547;1,2068767547607422;0,4963440001010895;0,3279154598712921;0,020896654576063156
2020;4111,6220703125;62,291927337646484;66577,5078125;125,4471664428711;-163,43222045898438;-29,643234252929688;1,2443761825561523;0,5003374814987183;0,3351088762283325;0,021644553169608116
2021;4111,6220703125;62,291927337646484;66577,5078125;165,91983032226562;-150,81199645996094;-33,51579666137695;1,1941819190979004;0,4853784143924713;0,32175278663635254;0,020802538841962814
2022;4111,6220703125;62,291927337646484;66577,5078125;143,07412719726562;-162,57118225097656;-33,462890625;1,231284499168396;0,48402655124664307;0,3284965455532074;0,021475404500961304
2023;4111,6220703125;62,291927337646484;66577,5078125;175,61944580078125;-159,75233459472656;-35,54255676269531;1,276366114616394;0,4945945739746094;0,33910071849823;0,022431563585996628
2024;4111,6220703125;62,291927337646484;66577,5078125;167,30581665039062;-167,7890167236328;-37,309513092041016;1,2848583459854126;0,4947910010814667;0,3408387005329132;0,02269371785223484
2025;4111,6220703125;62,291927337646484;66577,5078125;182,91629028320312;-156,1635284423828;-36,75717544555664;1,252397060394287;0,48874181509017944;0,3333650827407837;0,02224741317331791
2026;4111,6220703125;62,291927337646484;66577,5078125;175,47195434570312;-166,2481689453125;-37,301788330078125;1,2684601545333862;0,4852023124694824;0,3365742266178131;0,022570660337805748
2027;4111,6220703125;62,291927337646484;66577,5078125;231,47793579101562;-144,4856719970703;-41,002960205078125;1,2347725629806519;0,47344234585762024;0,3283645808696747;0,022014372050762177
2028;4111,6220703125;62,291927337646484;66577,5078125;204,7760772705078;-142,59678649902344;-40,03765106201172;1,263906717300415;0,4811420142650604;0,33641958236694336;0,02270624227821827
2029;4111,6220703125;62,291927337646484;66577,5078125;194,0378875732422;-139,86729431152344;-38,34560012817383;1,2651786804199219;0,47631725668907166;0,3370308578014374;0,02278268150985241
2030;4111,6220703125;62,291927337646484;66577,5078125;223,4435577392578;-133,4042510986328;-41,269100189208984;1,2664729356765747;0,4857321083545685;0,3396510183811188;0,023079121485352516
2031;4111,6220703125;62,291927337646484;66577,5078125;202,01620483398438;-126,6933822631836;-41,50193786621094;1,2160371541976929;0,47551828622817993;0,32846200466156006;0,022272389382123947
2032;4111,6220703125;62,291927337646484;66577,5078125;251,43524169921875;-109,50411987304688;-42,08979415893555;1,2325650453567505;0,4669107496738434;0,3324783444404602;0,022528065368533134
2033;4111,6220703125;62,291927337646484;66577,5078125;223,13238525390625;-102,8158187866211;-40,227718353271484;1,263858675956726;0,4770558476448059;0,3422848880290985;0,023298725485801697
2034;4111,6220703125;62,291927337646484;66577,5078125;244,66360473632812;-103,45663452148438;-40,880958557128906;1,2599080801010132;0,4760271906852722;0,34293481707572937;0,02335001341998577
2035;4111,6220703125;62,291927337646484;66577,5078125;263,04931640625;-93,43384552001953;-41,21541976928711;1,2577308416366577;0,46270135045051575;0,3428431749343872;0,023223768919706345
2036;4111,6220703125;62,291927337646484;66577,5078125;281,8300476074219;-75,87213897705078;-43,22877502441406;1,242751955986023;0,45831653475761414;0,3407447636127472;0,023043915629386902
2037;4111,6220703125;62,291927337646484;66577,5078125;270,4441223144531;-61,62997817993164;-44,86965560913086;1,2404758930206299;0,44931498169898987;0,34131231904029846;0,02296699956059456
2038;4111,6220703125;62,291927337646484;66577,5078125;240,8988800048828;-53,67799377441406;-43,18177795410156;1,263946771621704;0,4635530114173889;0,35031551122665405;0,0236979890614748
2039;4111,6220703125;62,291927337646484;66577,5078125;306,1753234863281;-31,794897079467773;-45,927085876464844;1,2481141090393066;0,4522317945957184;0,34752264618873596;0,023366538807749748
2040;4111,6220703125;62,291927337646484;66577,5078125;315,2354431152344;-9,800495147705078;-45,2039794921875;1,210974097251892;0,4385746419429779;0,3391827940940857;0,02265956997871399
2041;4111,6220703125;62,291927337646484;66577,5078125;329,83642578125;5,633615016937256;-43,86832809448242;1,1909995079040527;0,4349290430545807;0,3358248174190521;0,022394705563783646
2042;4111,6220703125;62,291927337646484;66577,5078125;313,5069885253906;31,733116149902344;-44,00553512573242;1,2178092002868652;0,4409056305885315;0,34513649344444275;0,02301187627017498
2043;4111,6220703125;62,291927337646484;66577,5078125;308,46392822265625;35,34294128417969;-43,517330169677734;1,2055362462997437;0,44626447558403015;0,3442166745662689;0,02303081564605236
2044;4111,6220703125;62,291927337646484;66577,5078125;291,5015869140625;43,21165084838867;-43,14076614379883;1,2104943990707397;0,4295262098312378;0,3465619385242462;0,022842947393655777
2045;4111,6220703125;62,291927337646484;66577,5078125;326,288818359375;67,3357925415039;-45,84705352783203;1,2305207252502441;0,4436873495578766;0,3545980751514435;0,023530209437012672
2046;4111,6220703125;62,291927337646484;66577,5078125;292,05523681640625;96,54991912841797;-39,58323287963867;1,2332879304885864;0,4452005624771118;0,3573131561279297;0,023685865104198456
2047;4111,6220703125;62,291927337646484;66577,5078125;298,5185546875;120,15109252929688;-41,197174072265625;1,2208821773529053;0,4328538775444031;0,35527122020721436;0,023288466036319733
2048;4111,6220703125;62,291927337646484;66577,5078125;254,69500732421875;151,7235107421875;-39,830711364746094;1,20545494556427;0,4309692084789276;0,35262197256088257;0,023100916296243668
2049;4111,6220703125;62,291927337646484;66577,5078125;288,4180908203125;176,3303985595703;-42,93177795410156;1,1987650394439697;0,43023940920829773;0,35231319069862366;0,023052696138620377
2050;4111,6220703125;62,291927337646484;66577,5078125;257,31103515625;187,9378204345703;-41,9286994934082;1,193773865699768;0,43101218342781067;0,3523741662502289;0,02306361496448517
2051;4111,6220703125;62,291927337646484;66577,5078125;212,05270385742188;213,43048095703125;-40,33685302734375;1,2019015550613403;0,4307668209075928;0,35622313618659973;0,02319621667265892
2052;4111,6220703125;62,291927337646484;66577,5078125;251,11788940429688;223,6696319580078;-41,12807846069336;1,200204849243164;0,42945924401283264;0,3570862114429474;0,02316315472126007
2053;4111,6220703125;62,291927337646484;66577,5078125;200,92140197753906;245,18138122558594;-36,461578369140625;1,1947509050369263;0,4293847382068634;0,3566189706325531;0,023124808445572853
2054;4111,6220703125;62,291927337646484;66577,5078125;180,4737548828125;260,8746337890625;-35,36771011352539;1,1839975118637085;0,4245471656322479;0,35461342334747314;0,022843683138489723
2055;4111,6220703125;62,291927337646484;66577,5078125;196,407958984375;280,8102722167969;-37,1584587097168;1,1678695678710938;0,4192875027656555;0,3507804870605469;0,022482631728053093
2056;4111,6220703125;62,291927337646484;66577,5078125;227,47311401367188;290,41339111328125;-38,9166374206543;1,1870945692062378;0,4295656979084015;0,35706886649131775;0,023074034601449966
2057;4111,6220703125;62,291927337646484;66577,5078125;164,77606201171875;311,7657470703125;-35,66349792480469;1,210233211517334;0,4383140802383423;0,36479711532592773;0,02358110062777996
2058;4111,6220703125;62,291927337646484;66577,5078125;174,090576171875;325,40283203125;-36,71101760864258;1,172300100326538;0,4263068437576294;0,35360026359558105;0,02280544862151146
2059;4111,6220703125;62,291927337646484;66577,5078125;223,54263305664062;331,5585632324219;-36,75533676147461;1,1701853275299072;0,42560452222824097;0,35378366708755493;0,02263789065182209
2060;4111,6220703125;62,291927337646484;66577,5078125;183,91131591796875;350,1125793457031;-34,145015716552734;1,1813249588012695;0,43095606565475464;0,3576931953430176;0,022819094359874725
2061;4111,6220703125;62,291927337646484;66577,5078125;180,5032958984375;353,221435546875;-33,316349029541016;1,1724880933761597;0,429194837808609;0,3547593355178833;0,02269306592643261
2062;4111,6220703125;62,291927337646484;66577,5078125;198,74925231933594;372,447265625;-33,8352165222168;1,165062427520752;0,4277569055557251;0,3523302972316742;0,022530313581228256
2063;4111,6220703125;62,291927337646484;66577,5078125;159,33070373535156;383,7004699707031;-32,20332336425781;1,17231285572052;0,4320877194404602;0,3544120192527771;0,02265637181699276
2064;4111,6220703125;62,291927337646484;66577,5078125;147,92144775390625;415,0723571777344;-31,03034019470215;1,2051113843917847;0,4475094676017761;0,3645784258842468;0,023282356560230255
2065;4111,6220703125;62,291927337646484;66577,5078125;122,98136138916016;448,1438903808594;-28,014734268188477;1,1980273723602295;0,44781988859176636;0,36220309138298035;0,023057356476783752
2066;4111,6220703125;62,291927337646484;66577,5078125;142,50108337402344;466,98876953125;-29,34928321838379;1,2013912200927734;0,44927048683166504;0,3620297312736511;0,023174576461315155
2067;4111,6220703125;62,291927337646484;66577,5078125;133,0829315185547;488,4337463378906;-27,935169219970703;1,1802877187728882;0,4471760094165802;0,35581034421920776;0,02254546247422695
2068;4111,6220703125;62,291927337646484;66577,5078125;127,82176208496094;507,710205078125;-29,163820266723633;1,1867804527282715;0,44805118441581726;0,3559720814228058;0,02275245077908039
2069;4111,6220703125;62,291927337646484;66577,5078125;86,19194030761719;536,3622436523438;-27,42341423034668;1,19291090965271;0,45779693126678467;0,3578376770019531;0,022723013535141945
2070;4111,6220703125;62,291927337646484;66577,5078125;112,95863342285156;554,9437866210938;-29,255712509155273;1,1870112419128418;0,454133003950119;0,35414883494377136;0,022619303315877914
2071;4111,6220703125;62,291927337646484;66577,5078125;61,64274597167969;581,8666381835938;-24,773029327392578;1,2107521295547485;0,4674392342567444;0,36025652289390564;0,023059779778122902
2072;4111,6220703125;62,291927337646484;66577,5078125;52,99813461303711;616,50244140625;-24,97821617126465;1,1988407373428345;0,45930394530296326;0,3542517423629761;0,022807154804468155
2073;4111,6220703125;62,291927337646484;66577,5078125;32,63191604614258;642,078125;-22,139888763427734;1,2017079591751099;0,460073322057724;0,35315293073654175;0,022820569574832916
2074;4111,6220703125;62,291927337646484;66577,5078125;-14,861398696899414;691,0117797851562;-18,97197723388672;1,1906826496124268;0,46004518866539;0,34862738847732544;0,02247905544936657
2075;4111,6220703125;62,291927337646484;66577,5078125;-14,2857666015625;718,8486938476562;-18,794836044311523;1,1980301141738892;0,4534994661808014;0,3472886383533478;0,022624880075454712
2076;4111,6220703125;62,291927337646484;66577,5078125;-86,0693359375;754,5061645507812;-16,734094619750977;1,2125780582427979;0,4729278087615967;0,3514576256275177;0,02279110997915268
2077;4111,6220703125;62,291927337646484;66577,5078125;-103,2241439819336;787,5667114257812;-17,109678268432617;1,200337290763855;0,4618664085865021;0,34479233622550964;0,02247249148786068
2078;4111,6220703125;62,291927337646484;66577,5078125;-161,767333984375;811,0924682617188;-10,88561725616455;1,2017593383789062;0,46840396523475647;0,3438139259815216;0,02239057794213295
2079;4111,6220703125;62,291927337646484;66577,5078125;-202,40216064453125;846,58251953125;-9,38719654083252;1,2226136922836304;0,48074468970298767;0,3480257987976074;0,02273567020893097
2080;4111,6220703125;62,291927337646484;66577,5078125;-239,07669067382812;868,9623413085938;-8,143633842468262;1,2771010398864746;0,5054354071617126;0,36149096488952637;0,023799443617463112
2081;4111,6220703125;62,291927337646484;66577,5078125;-307,5574035644531;896,0894775390625;-4,287034034729004;1,2180936336517334;0,4818383455276489;0,3423670828342438;0,022431034594774246
2082;4111,6220703125;62,291927337646484;66577,5078125;-328,39862060546875;917,3324584960938;-1,3992377519607544;1,2268024682998657;0,4824778139591217;0,34204259514808655;0,022516638040542603
2083;4111,6220703125;62,291927337646484;66577,5078125;-345,2416687011719;939,2525024414062;-3,4833433628082275;1,2694026231765747;0,4998073875904083;0,3515039384365082;0,02330564521253109
2084;4111,6220703125;62,291927337646484;66577,5078125;-390,3931579589844;958,619140625;0,3471167981624603;1,28061842918396;0,5163838863372803;0,35362938046455383;0,023407528176903725
2085;4111,6220703125;62,291927337646484;66577,5078125;-438,0592346191406;985,4503784179688;1,9903430938720703;1,256770372390747;0,4901435375213623;0,34259796142578125;0,022791052237153053
2086;4111,6220703125;62,291927337646484;66577,5078125;-426,4445495605469;991,3486938476562;2,839460611343384;1,2546510696411133;0,49751338362693787;0,34064045548439026;0,022621357813477516
2087;4111,6220703125;62,291927337646484;66577,5078125;-470,0856628417969;1012,6288452148438;2,5422604084014893;1,2835911512374878;0,5165276527404785;0,3470151722431183;0,02309405989944935
2088;4111,6220703125;62,291927337646484;66577,5078125;-505,70599365234375;1027,7052001953125;6,109356880187988;1,247541904449463;0,4975409507751465;0,334518164396286;0,022211959585547447
2089;4111,6220703125;62,291927337646484;66577,5078125;-454,5171813964844;1033,5269775390625;2,497264862060547;1,290123701095581;0,5147593021392822;0,3437615633010864;0,022957755252718925
2090;4111,6220703125;62,291927337646484;66577,5078125;-485,8880920410156;1037,52490234375;2,1671838760375977;1,280724287033081;0,5005460381507874;0,33804407715797424;0,02260991744697094
2091;4111,6220703125;62,291927337646484;66577,5078125;-513,6304321289062;1053,009765625;4,021045684814453;1,3032604455947876;0,5067096948623657;0,3417462408542633;0,022918829694390297
2092;4111,6220703125;62,291927337646484;66577,5078125;-497,7840270996094;1066,3514404296875;3,595682144165039;1,3421742916107178;0,5327940583229065;0,35119035840034485;0,023582523688673973
2093;4111,6220703125;62,291927337646484;66577,5078125;-525,882568359375;1086,513671875;4,374527931213379;1,3095554113388062;0,5266023278236389;0,34162023663520813;0,022790707647800446
2094;4111,6220703125;62,291927337646484;66577,5078125;-495,1923522949219;1082,09814453125;4,172033786773682;1,2982999086380005;0,5255615711212158;0,33746999502182007;0,022424545139074326
2095;4111,6220703125;62,291927337646484;66577,5078125;-491,9992370605469;1081,016845703125;3,2542216777801514;1,3195836544036865;0,5168477296829224;0,3399324417114258;0,02267044223845005
2096;4111,6220703125;62,291927337646484;66577,5078125;-472,4740905761719;1071,1455078125;0,34120315313339233;1,3535581827163696;0,5426754355430603;0,34862229228019714;0,023224027827382088
2097;4111,6220703125;62,291927337646484;66577,5078125;-472,7200927734375;1076,363037109375;1,338196873664856;1,342490553855896;0,5349193215370178;0,3444327712059021;0,02285100147128105
2098;4111,6220703125;62,291927337646484;66577,5078125;-448,3763427734375;1064,9244384765625;-0,19039663672447205;1,3222993612289429;0,5200492739677429;0,3378463089466095;0,022290684282779694
2099;4111,6220703125;62,291927337646484;66577,5078125;-489,4337158203125;1073,869140625;0,22394607961177826;1,3388901948928833;0,5385680794715881;0,3425002992153168;0,02249881997704506
2100;4111,6220703125;62,291927337646484;66577,5078125;-474,9724426269531;1065,4111328125;1,1473861932754517;1,337043046951294;0,5316810607910156;0,3411288559436798;0,022306106984615326
2101;4111,6220703125;62,291927337646484;66577,5078125;-498,37786865234375;1083,13134765625;1,040563702583313;1,349987506866455;0,5412777066230774;0,34460851550102234;0,02242398075759411
2102;4111,6220703125;62,291927337646484;66577,5078125;-444,5550537109375;1068,0982666015625;0,13318993151187897;1,3606131076812744;0,5357512831687927;0,346645325422287;0,022461719810962677
2103;4111,6220703125;62,291927337646484;66577,5078125;-398,8480529785156;1049,75439453125;-1,7047513723373413;1,3896321058273315;0,5498306751251221;0,3545385003089905;0,022880561649799347
2104;4111,6220703125;62,291927337646484;66577,5078125;-443,0054016113281;1054,026123046875;-2,4470834732055664;1,352807879447937;0,5348042249679565;0,34564030170440674;0,02204360067844391
2105;4111,6220703125;62,291927337646484;66577,5078125;-409,0032653808594;1047,460693359375;-4,444965362548828;1,3216663599014282;0,5096204280853271;0,3376171886920929;0,02128375694155693
2106;4111,6220703125;62,291927337646484;66577,5078125;-448,1304626464844;1051,2763671875;-1,4944661855697632;1,369211196899414;0,5447558164596558;0,35175877809524536;0,02209300361573696
2107;4111,6220703125;62,291927337646484;66577,5078125;-393,9224548339844;1039,1185302734375;-4,082772254943848;1,3661426305770874;0,5426173806190491;0,35208553075790405;0,021902291104197502
2108;4111,6220703125;62,291927337646484;66577,5078125;-431,28533935546875;1054,6148681640625;-0,8675723075866699;1,3954936265945435;0,5594391822814941;0,36131396889686584;0,022330280393362045
2109;4111,6220703125;62,291927337646484;66577,5078125;-525,1961059570312;1081,1561279296875;3,8087360858917236;1,3824728727340698;0,5340652465820312;0,35856544971466064;0,02191372588276863
2110;4111,6220703125;62,291927337646484;66577,5078125;-474,0159606933594;1067,1177978515625;2,7397713661193848;1,3800545930862427;0,5348395705223083;0,3598361611366272;0,02175184153020382
2111;4111,6220703125;62,291927337646484;66577,5078125;-478,109619140625;1065,4725341796875;1,8297163248062134;1,3645373582839966;0,5380309820175171;0,3581068515777588;0,0213655736297369
2112;4111,6220703125;62,291927337646484;66577,5078125;-456,23870849609375;1059,13134765625;2,6922245025634766;1,3680788278579712;0,5570340156555176;0,36173495650291443;0,021327205002307892
2113;4111,6220703125;62,291927337646484;66577,5078125;-433,4762268066406;1064,7784423828125;2,043478488922119;1,350976586341858;0,5184562802314758;0,35841941833496094;0,02085687406361103
2114;4111,6220703125;62,291927337646484;66577,5078125;-450,595947265625;1076,5667724609375;2,998950958251953;1,3096648454666138;0,5089974403381348;0,3499532639980316;0,020001916214823723
2115;4111,6220703125;62,291927337646484;66577,5078125;-438,1107177734375;1084,1607666015625;-0,6209397912025452;1,3576122522354126;0,5356991291046143;0,36543720960617065;0,02077903039753437
2116;4111,6220703125;62,291927337646484;66577,5078125;-385,2081298828125;1068,4085693359375;4,292548179626465;1,3717533349990845;0,5295618176460266;0,3716579079627991;0,020913828164339066
2117;4111,6220703125;62,291927337646484;66577,5078125;-392,38592529296875;1070,3358154296875;2,1155483722686768;1,3550961017608643;0,5263814926147461;0,3699045479297638;0,020511794835329056
2118;4111,6220703125;62,291927337646484;66577,5078125;-349,0674133300781;1067,619384765625;1,669381856918335;1,3538509607315063;0,5114622116088867;0,3722531795501709;0,02037234604358673
2119;4111,6220703125;62,291927337646484;66577,5078125;-335,2928771972656;1065,6595458984375;2,263638496398926;1,3599128723144531;0,5299980640411377;0,3768792152404785;0,02039400115609169
2120;4111,6220703125;62,291927337646484;66577,5078125;-343,41461181640625;1068,9842529296875;3,7356648445129395;1,342081904411316;0,5093216896057129;0,37484684586524963;0,01997174695134163
2121;4111,6220703125;62,291927337646484;66577,5078125;-320,9483337402344;1054,7503662109375;2,664907217025757;1,3440295457839966;0,5274142622947693;0,3782246708869934;0,01990315690636635
2122;4111,6220703125;62,291927337646484;66577,5078125;-348,9455261230469;1049,243896484375;6,916295528411865;1,3019112348556519;0,4918004274368286;0,3694459795951843;0,019066493958234787
2123;4111,6220703125;62,291927337646484;66577,5078125;-324,2095031738281;1043,7745361328125;2,1730539798736572;1,3050209283828735;0,47763803601264954;0,3735472857952118;0,01903637684881687
2124;4111,6220703125;62,291927337646484;66577,5078125;-332,8043518066406;1026,5487060546875;1,9122180938720703;1,290126919746399;0,4799221456050873;0,37207573652267456;0,018688417971134186
2125;4111,6220703125;62,291927337646484;66577,5078125;-284,8058166503906;1008,5409545898438;1,2907894849777222;1,271270751953125;0,48514387011528015;0,36914682388305664;0,018239833414554596
2126;4111,6220703125;62,291927337646484;66577,5078125;-324,97601318359375;1002,21142578125;4,976625919342041;1,2888208627700806;0,46932679414749146;0,3778383135795593;0,01851394586265087
2127;4111,6220703125;62,291927337646484;66577,5078125;-283,3944091796875;986,6473388671875;3,3841662406921387;1,2468148469924927;0,4615253210067749;0,3680306673049927;0,017667977139353752
2128;4111,6220703125;62,291927337646484;66577,5078125;-261,693359375;967,3529663085938;3,5680861473083496;1,2642621994018555;0,47649821639060974;0,3755204975605011;0,017869893461465836
2129;4111,6220703125;62,291927337646484;66577,5078125;-243,7004852294922;944,1900024414062;4,175086975097656;1,202103614807129;0,426106333732605;0,3609901964664459;0,01675809733569622
2130;4111,6220703125;62,291927337646484;66577,5078125;-257,6238098144531;934,2839965820312;6,793532848358154;1,2414555549621582;0,436247855424881;0,3757130801677704;0,017410067841410637
2131;4111,6220703125;62,291927337646484;66577,5078125;-267,0384826660156;913,4230346679688;8,245716094970703;1,2032619714736938;0,42340198159217834;0,3666699528694153;0,016657397150993347
2132;4111,6220703125;62,291927337646484;66577,5078125;-266,93585205078125;901,5640869140625;11,751052856445312;1,1803479194641113;0,41357603669166565;0,3622318506240845;0,016183514147996902
2133;4111,6220703125;62,291927337646484;66577,5078125;-224,12567138671875;872,2706909179688;13,908161163330078;1,18964684009552;0,4147278070449829;0,36759400367736816;0,016298988834023476
2134;4111,6220703125;62,291927337646484;66577,5078125;-237,54153442382812;859,6341552734375;7,067873477935791;1,1806175708770752;0,41550150513648987;0,36669501662254333;0,016048088669776917
2135;4111,6220703125;62,291927337646484;66577,5078125;-147,235107421875;821,005126953125;7,163121700286865;1,137258529663086;0,38496771454811096;0,35671085119247437;0,015282964333891869
2136;4111,6220703125;62,291927337646484;66577,5078125;-182,64566040039062;808,3800048828125;8,543142318725586;1,1530070304870605;0,3919830322265625;0,3635314106941223;0,015510022640228271
2137;4111,6220703125;62,291927337646484;66577,5078125;-167,47540283203125;776,4168701171875;3,0534355640411377;1,1431326866149902;0,3809889256954193;0,3631971478462219;0,015326609835028648
2138;4111,6220703125;62,291927337646484;66577,5078125;-169,73739624023438;730,400634765625;6,578611373901367;1,146386981010437;0,39265283942222595;0,36473777890205383;0,015243063680827618
2139;4111,6220703125;62,291927337646484;66577,5078125;-145,16323852539062;705,9640502929688;6,109126091003418;1,0776867866516113;0,348154753446579;0,34726619720458984;0,01410282775759697
2140;4111,6220703125;62,291927337646484;66577,5078125;-166,3416290283203;684,76708984375;6,6013312339782715;1,0735886096954346;0,35458099842071533;0,34642013907432556;0,013911820948123932
2141;4111,6220703125;62,291927337646484;66577,5078125;-143,6647491455078;649,6156005859375;11,266629219055176;1,0752462148666382;0,3507506549358368;0,3490711748600006;0,01394940447062254
2142;4111,6220703125;62,291927337646484;66577,5078125;-118,6887435913086;626,5595703125;5,8698554039001465;1,0872794389724731;0,3543054461479187;0,3543786406517029;0,014140438288450241
2143;4111,6220703125;62,291927337646484;66577,5078125;-117,44296264648438;618,1759643554688;6,085224151611328;1,0710161924362183;0,34456026554107666;0,35115116834640503;0,01385575532913208
2144;4111,6220703125;62,291927337646484;66577,5078125;-80,7511978149414;593,6289672851562;2,476144552230835;1,0222549438476562;0,32525262236595154;0,3370524048805237;0,012943689711391926
2145;4111,6220703125;62,291927337646484;66577,5078125;-92,76864624023438;569,4977416992188;1,5208243131637573;0,9969839453697205;0,31326568126678467;0,33070826530456543;0,012494967319071293
2146;4111,6220703125;62,291927337646484;66577,5078125;-70,7688980102539;557,7740478515625;1,374607801437378;0,9873727560043335;0,3048863112926483;0,3300238847732544;0,01238979957997799
2147;4111,6220703125;62,291927337646484;66577,5078125;-78,28376007080078;537,027099609375;1,579316258430481;1,0069466829299927;0,31657394766807556;0,335870623588562;0,012658793479204178
2148;4111,6220703125;62,291927337646484;66577,5078125;-74,1288833618164;509,4771728515625;1,5530307292938232;0,9884487986564636;0,3076235055923462;0,3316560983657837;0,012369665317237377
2149;4111,6220703125;62,291927337646484;66577,5078125;-73,5326156616211;500,25164794921875;2,447279214859009;0,9867832064628601;0,30782878398895264;0,3316502273082733;0,012321623042225838
2150;4111,6220703125;62,291927337646484;66577,5078125;-73,6617431640625;474,97015380859375;-0,4237942099571228;0,9591052532196045;0,29596441984176636;0,3248545229434967;0,011900734156370163
2151;4111,6220703125;62,291927337646484;66577,5078125;-51,64607238769531;469,5669860839844;2,9850144386291504;0,9482529759407043;0,2945714294910431;0,321037620306015;0,011642971076071262
2152;4111,6220703125;62,291927337646484;66577,5078125;-71,85255432128906;450,21966552734375;6,922634601593018;0,9565532803535461;0,2962861657142639;0,32578045129776;0,011917916126549244
2153;4111,6220703125;62,291927337646484;66577,5078125;-96,2587890625;445,9695739746094;4,3188371658325195;0,9483896493911743;0,29598289728164673;0,322183758020401;0,011693260632455349
2154;4111,6220703125;62,291927337646484;66577,5078125;-63,030723571777344;445,2181091308594;1,1999671459197998;0,9506810903549194;0,29776254296302795;0,3230944275856018;0,01174850668758154
2155;4111,6220703125;62,291927337646484;66577,5078125;-25,171051025390625;447,1069641113281;-1,100355625152588;0,9438037872314453;0,29666078090667725;0,32097434997558594;0,011633366346359253
2156;4111,6220703125;62,291927337646484;66577,5078125;-127,87702178955078;432,07940673828125;1,7918397188186646;0,9207969903945923;0,2910078763961792;0,31529122591018677;0,011335670948028564
2157;4111,6220703125;62,291927337646484;66577,5078125;-99,53145599365234;411,087646484375;5,027848243713379;0,9234309196472168;0,2936561107635498;0,31610924005508423;0,011415920220315456
2158;4111,6220703125;62,291927337646484;66577,5078125;-152,87115478515625;403,4486999511719;3,3858418464660645;0,9147419333457947;0,2938160002231598;0,31433674693107605;0,011351660825312138
2159;4111,6220703125;62,291927337646484;66577,5078125;-126,84030151367188;415,3997802734375;2,2582850456237793;0,9517232775688171;0,3052574694156647;0,3240605890750885;0,01197028812021017
2160;4111,6220703125;62,291927337646484;66577,5078125;-131,91799926757812;395,99688720703125;3,2983126640319824;0,9518656134605408;0,30715006589889526;0,3238178491592407;0,012014108709990978
2161;4111,6220703125;62,291927337646484;66577,5078125;-177,42066955566406;373,4533386230469;4,356110095977783;0,9589758515357971;0,3111357092857361;0,3256441056728363;0,012188766151666641
2162;4111,6220703125;62,291927337646484;66577,5078125;-153,90786743164062;354,77398681640625;-0,22156792879104614;0,9477190971374512;0,31067365407943726;0,3219910264015198;0,012054928578436375
2163;4111,6220703125;62,291927337646484;66577,5078125;-136,51039123535156;331,7057800292969;3,9127109050750732;0,996771514415741;0,324965238571167;0,3358725607395172;0,012940744869410992
2164;4111,6220703125;62,291927337646484;66577,5078125;-175,23858642578125;315,45794677734375;8,199175834655762;0,9434098601341248;0,3195260167121887;0,3218660056591034;0,012228363193571568
2165;4111,6220703125;62,291927337646484;66577,5078125;-132,4117431640625;303,0892333984375;2,116203784942627;0,9494801163673401;0,32373589277267456;0,3227776885032654;0,012387802824378014
2166;4111,6220703125;62,291927337646484;66577,5078125;-170,186767578125;261,17413330078125;4,463867664337158;0,9830378890037537;0,33250632882118225;0,33093422651290894;0,012984192930161953
2167;4111,6220703125;62,291927337646484;66577,5078125;-119,60202026367188;241,26119995117188;2,1704211235046387;0,94907146692276;0,32770493626594543;0,32001665234565735;0,012457262724637985
2168;4111,6220703125;62,291927337646484;66577,5078125;-198,64276123046875;191,27639770507812;8,311387062072754;0,9704675078392029;0,3353487551212311;0,32512593269348145;0,012890944257378578
2169;4111,6220703125;62,291927337646484;66577,5078125;-149,92723083496094;168,48611450195312;4,87758731842041;1,0065655708312988;0,34697431325912476;0,33464521169662476;0,013593235984444618
2170;4111,6220703125;62,291927337646484;66577,5078125;-149,8355712890625;157,06982421875;-0,8048884272575378;1,0438357591629028;0,3589476943016052;0,3443915545940399;0,014314549043774605
2171;4111,6220703125;62,291927337646484;66577,5078125;-153,8213653564453;117,98246002197266;5,328217029571533;1,0225930213928223;0,3633759915828705;0,33866262435913086;0,014134291559457779
2172;4111,6220703125;62,291927337646484;66577,5078125;-154,0579376220703;95,39559936523438;5,09489107131958;0,9888371825218201;0,35791516304016113;0,3270074427127838;0,013599150814116001
2173;4111,6220703125;62,291927337646484;66577,5078125;-136,60801696777344;61,447021484375;1,985984444618225;1,0247242450714111;0,37257662415504456;0,33673661947250366;0,014354361221194267
2174;4111,6220703125;62,291927337646484;66577,5078125;-94,64058685302734;52,79450988769531;1,841426968574524;1,049467921257019;0,3825075328350067;0,3424123525619507;0,014877328649163246
2175;4111,6220703125;62,291927337646484;66577,5078125;-55,340755462646484;36,018028259277344;-3,273036241531372;1,0572706460952759;0,38716331124305725;0,3426849842071533;0,015087072737514973
2176;4111,6220703125;62,291927337646484;66577,5078125;-74,67951202392578;1,1655125617980957;-0,4004298448562622;1,05411958694458;0,38661253452301025;0,3390251696109772;0,015067999251186848
2177;4111,6220703125;62,291927337646484;66577,5078125;-75,79963684082031;-29,787445068359375;-2,063993215560913;1,0207722187042236;0,3845462203025818;0,32822906970977783;0,014601288363337517
2178;4111,6220703125;62,291927337646484;66577,5078125;-66,35799407958984;-32,310672760009766;-1,6964459419250488;1,0931063890457153;0,4094538390636444;0,3478967845439911;0,016021480783820152
2179;4111,6220703125;62,291927337646484;66577,5078125;-53,66897964477539;-40,941776275634766;-1,4419260025024414;1,088995099067688;0,4153820276260376;0,34549012780189514;0,016085483133792877
2180;4111,6220703125;62,291927337646484;66577,5078125;-56,986629486083984;-56,071144104003906;-2,759838104248047;1,0630825757980347;0,4131336510181427;0,3362198770046234;0,015728110447525978
2181;4111,6220703125;62,291927337646484;66577,5078125;-35,400699615478516;-69,48942565917969;-6,04530143737793;1,0854908227920532;0,42956286668777466;0,3421691656112671;0,016306810081005096
2182;4111,6220703125;62,291927337646484;66577,5078125;-1,384797215461731;-76,5067367553711;-9,150564193725586;1,0555602312088013;0,4202348589897156;0,33036863803863525;0,015810899436473846
2183;4111,6220703125;62,291927337646484;66577,5078125;-66,19281768798828;-117,05826568603516;-6,591354846954346;1,0870643854141235;0,43779808282852173;0,3383752405643463;0,016543980687856674
2184;4111,6220703125;62,291927337646484;66577,5078125;8,36938762664795;-110,45216369628906;-11,121899604797363;1,0997352600097656;0,430390864610672;0,33629968762397766;0,01671302504837513
2185;4111,6220703125;62,291927337646484;66577,5078125;16,280214309692383;-123,5113296508789;-9,596546173095703;1,0982669591903687;0,4436936378479004;0,33605605363845825;0,016912320628762245
2186;4111,6220703125;62,291927337646484;66577,5078125;9,051087379455566;-139,2401580810547;-11,889062881469727;1,1376371383666992;0,45916256308555603;0,3448977470397949;0,017748944461345673
2187;4111,6220703125;62,291927337646484;66577,5078125;26,1217098236084;-138,29489135742188;-12,16360092163086;1,0974628925323486;0,45774540305137634;0,3331432044506073;0,017191996797919273
2188;4111,6220703125;62,291927337646484;66577,5078125;43,101463317871094;-141,73532104492188;-14,785649299621582;1,0953714847564697;0,4510396420955658;0,3282637596130371;0,017169702798128128
2189;4111,6220703125;62,291927337646484;66577,5078125;75,06829071044922;-128,98953247070312;-16,83620834350586;1,1324950456619263;0,46281713247299194;0,3356758654117584;0,017943881452083588
2190;4111,6220703125;62,291927337646484;66577,5078125;99,26619720458984;-130,24380493164062;-18,323808670043945;1,156453251838684;0,4741086959838867;0,34020230174064636;0,01851590722799301
2191;4111,6220703125;62,291927337646484;66577,5078125;83,43634796142578;-125,08094024658203;-18,494094848632812;1,1483434438705444;0,4637377858161926;0,33351805806159973;0,01836078055202961
2192;4111,6220703125;62,291927337646484;66577,5078125;118,30614471435547;-119,11196899414062;-21,269929885864258;1,1588259935379028;0,4744291305541992;0,3352285623550415;0,018731392920017242
2193;4111,6220703125;62,291927337646484;66577,5078125;93,74224090576172;-124,84518432617188;-21,027193069458008;1,1767618656158447;0,48721545934677124;0,338916540145874;0,01924118585884571
2194;4111,6220703125;62,291927337646484;66577,5078125;157,64599609375;-107,60832977294922;-26,46253204345703;1,1810277700424194;0,48508983850479126;0,33678576350212097;0,019378559663891792
2195;4111,6220703125;62,291927337646484;66577,5078125;104,23411560058594;-124,86100769042969;-23,76507568359375;1,1823617219924927;0,4919978678226471;0,33604711294174194;0,019575197249650955
2196;4111,6220703125;62,291927337646484;66577,5078125;95,19348907470703;-121,97975158691406;-24,444988250732422;1,2022536993026733;0,49583637714385986;0,33847224712371826;0,020024195313453674
2197;4111,6220703125;62,291927337646484;66577,5078125;127,32124328613281;-100,40741729736328;-26,968202590942383;1,1850090026855469;0,48403680324554443;0,3305465281009674;0,019726542755961418
2198;4111,6220703125;62,291927337646484;66577,5078125;108,56574249267578;-97,35765075683594;-25,27086639404297;1,1945641040802002;0,4865474998950958;0,3309566080570221;0,020007384940981865
2199;4111,6220703125;62,291927337646484;66577,5078125;45,71329116821289;-110,55686950683594;-21,361217498779297;1,2316714525222778;0,48848944902420044;0,33687514066696167;0,020696675404906273
2200;4111,6220703125;62,291927337646484;66577,5078125;75,45282745361328;-98,38541412353516;-22,173755645751953;1,1930286884307861;0,4925697147846222;0,32831987738609314;0,02027544379234314
2201;4111,6220703125;62,291927337646484;66577,5078125;114,08983612060547;-84,09668731689453;-26,447824478149414;1,226279616355896;0,49177831411361694;0,3332632780075073;0,020884361118078232
2202;4111,6220703125;62,291927337646484;66577,5078125;129,32398986816406;-83,94200897216797;-28,79360580444336;1,2412211894989014;0,4846337139606476;0,3336774408817291;0,021126998588442802
2203;4111,6220703125;62,291927337646484;66577,5078125;74,1672134399414;-96,10157012939453;-25,54633140563965;1,234959602355957;0,49080732464790344;0,33242300152778625;0,021237939596176147
2204;4111,6220703125;62,291927337646484;66577,5078125;115,86052703857422;-92,48818969726562;-28,75048828125;1,2447093725204468;0,49736782908439636;0,33460772037506104;0,02159498631954193
2205;4111,6220703125;62,291927337646484;66577,5078125;89,72956848144531;-103,36592102050781;-26,09175682067871;1,2633167505264282;0,4988826513290405;0,33789578080177307;0,022021634504199028
2206;4111,6220703125;62,291927337646484;66577,5078125;78,59490203857422;-90,28189849853516;-26,022258758544922;1,2302417755126953;0,498862087726593;0,3307188153266907;0,021641846746206284
2207;4111,6220703125;62,291927337646484;66577,5078125;94,26095581054688;-90,77169036865234;-25,35100555419922;1,2516323328018188;0,5007549524307251;0,3350309729576111;0,022123102098703384
2208;4111,6220703125;62,291927337646484;66577,5078125;119,42523193359375;-89,98265838623047;-28,927175521850586;1,3021045923233032;0,49383407831192017;0,34424978494644165;0,022921158000826836
2209;4111,6220703125;62,291927337646484;66577,5078125;45,85115051269531;-108,50069427490234;-24,546785354614258;1,2563990354537964;0,49037623405456543;0,3344225585460663;0,022315774112939835
2210;4111,6220703125;62,291927337646484;66577,5078125;45,62030029296875;-117,4996337890625;-26,326845169067383;1,2501589059829712;0,48774176836013794;0,33305618166923523;0,022314021363854408
2211;4111,6220703125;62,291927337646484;66577,5078125;11,584529876708984;-124,47126770019531;-22,289915084838867;1,2533864974975586;0,4892139136791229;0,3344583809375763;0,02251630648970604
2212;4111,6220703125;62,291927337646484;66577,5078125;45,7333984375;-120,35905456542969;-24,62180519104004;1,2537546157836914;0,4921055734157562;0,33562296628952026;0,022694388404488564
2213;4111,6220703125;62,291927337646484;66577,5078125;19,373857498168945;-127,50772094726562;-22,170934677124023;1,216439127922058;0,47782838344573975;0,32650476694107056;0,02204180508852005
2214;4111,6220703125;62,291927337646484;66577,5078125;-21,75349998474121;-127,2619400024414;-18,40232276916504;1,2338173389434814;0,4821365177631378;0,3318232595920563;0,022504782304167747
2215;4111,6220703125;62,291927337646484;66577,5078125;-9,852384567260742;-112,42955780029297;-19,827783584594727;1,2696558237075806;0,48465442657470703;0,3412059247493744;0,023230601102113724
2216;4111,6220703125;62,291927337646484;66577,5078125;6,243764400482178;-103,332763671875;-19,732376098632812;1,241257667541504;0,4786115884780884;0,335470587015152;0,022829344496130943
2217;4111,6220703125;62,291927337646484;66577,5078125;-1,3422749042510986;-94,58134460449219;-20,21775245666504;1,23551344871521;0,4676145613193512;0,33433303236961365;0,022699454799294472
2218;4111,6220703125;62,291927337646484;66577,5078125;-2,209888458251953;-89,63970947265625;-18,037099838256836;1,277915358543396;0,4684893786907196;0,3457915186882019;0,023487869650125504
2219;4111,6220703125;62,291927337646484;66577,5078125;-7,842949390411377;-90,16197967529297;-21,640817642211914;1,2938239574432373;0,47646304965019226;0,35211512446403503;0,023991940543055534
2220;4111,6220703125;62,291927337646484;66577,5078125;9,840574264526367;-65,5089340209961;-22,188318252563477;1,23573899269104;0,46009814739227295;0,3385864496231079;0,022952554747462273
2221;4111,6220703125;62,291927337646484;66577,5078125;17,08855628967285;-53,412559509277344;-22,68082046508789;1,2312089204788208;0,45769670605659485;0,3391035795211792;0,022962059825658798
2222;4111,6220703125;62,291927337646484;66577,5078125;-11,245104789733887;-41,02212142944336;-19,756166458129883;1,2355718612670898;0,4545169770717621;0,3417653739452362;0,023091189563274384
2223;4111,6220703125;62,291927337646484;66577,5078125;-10,593193054199219;-18,320402145385742;-21,49192237854004;1,271358847618103;0,46163418889045715;0,3531591296195984;0,023874785751104355
2224;4111,6220703125;62,291927337646484;66577,5078125;-14,673065185546875;1,793907880783081;-20,20962905883789;1,2430888414382935;0,4588494300842285;0,34790322184562683;0,023509874939918518
2225;4111,6220703125;62,291927337646484;66577,5078125;-36,59309387207031;18,96533203125;-18,941959381103516;1,2217179536819458;0,4474957585334778;0,34361669421195984;0,023084234446287155
2226;4111,6220703125;62,291927337646484;66577,5078125;-58,73341369628906;40,65447998046875;-16,727577209472656;1,2054412364959717;0,43875929713249207;0,3407864272594452;0,022774145007133484
2227;4111,6220703125;62,291927337646484;66577,5078125;-31,65961456298828;66,49000549316406;-19,500337600708008;1,1652106046676636;0,4250485897064209;0,3313296139240265;0,021994778886437416
2228;4111,6220703125;62,291927337646484;66577,5078125;-48,52021026611328;83,73214721679688;-17,495258331298828;1,2125494480133057;0,4394642114639282;0,3465401828289032;0,023083055391907692
2229;4111,6220703125;62,291927337646484;66577,5078125;-39,063377380371094;96,1485595703125;-18,77212905883789;1,1986035108566284;0,43982741236686707;0,34468451142311096;0,02297349087893963
2230;4111,6220703125;62,291927337646484;66577,5078125;-36,53587341308594;127,99907684326172;-19,323165893554688;1,221665859222412;0,44111359119415283;0,35282212495803833;0,023420318961143494
2231;4111,6220703125;62,291927337646484;66577,5078125;-57,974693298339844;145,86851501464844;-18,676769256591797;1,2097694873809814;0,43815770745277405;0,3512149751186371;0,023262226954102516
2232;4111,6220703125;62,291927337646484;66577,5078125;-17,350521087646484;174,065673828125;-18,18092155456543;1,242458462715149;0,44294095039367676;0,36224934458732605;0,023892797529697418
2233;4111,6220703125;62,291927337646484;66577,5078125;-71,59603118896484;195,9795684814453;-13,730027198791504;1,173158884048462;0,4196440875530243;0,3437032997608185;0,022437220439314842
2234;4111,6220703125;62,291927337646484;66577,5078125;-52,166046142578125;221,45135498046875;-15,76789665222168;1,1976370811462402;0,43085891008377075;0,35246750712394714;0,023107223212718964
2235;4111,6220703125;62,291927337646484;66577,5078125;-71,9110336303711;238,53538513183594;-14,991412162780762;1,1801855564117432;0,4217895269393921;0,3487679958343506;0,022674962878227234
2236;4111,6220703125;62,291927337646484;66577,5078125;-37,38836669921875;265,19866943359375;-16,447616577148438;1,216010570526123;0,4313000440597534;0,36081385612487793;0,0233989916741848
2237;4111,6220703125;62,291927337646484;66577,5078125;-65,63410186767578;276,523193359375;-17,110349655151367;1,1855061054229736;0,4258577823638916;0,35295984148979187;0,02292293682694435
2238;4111,6220703125;62,291927337646484;66577,5078125;-50,86390686035156;296,82794189453125;-16,339920043945312;1,2108347415924072;0,4321734607219696;0,3618263304233551;0,023396506905555725
2239;4111,6220703125;62,291927337646484;66577,5078125;-59,86384963989258;307,6302795410156;-17,302366256713867;1,2145466804504395;0,4368656575679779;0,3638715445995331;0,023616060614585876
2240;4111,6220703125;62,291927337646484;66577,5078125;-61,18745803833008;334,6253662109375;-15,613628387451172;1,1989678144454956;0,4307730495929718;0,36027127504348755;0,023220570757985115
2241;4111,6220703125;62,291927337646484;66577,5078125;-53,072608947753906;350,5747375488281;-20,728757858276367;1,1790401935577393;0,42604300379753113;0,3548966646194458;0,022870581597089767
2242;4111,6220703125;62,291927337646484;66577,5078125;-39,97222900390625;384,2240295410156;-17,264986038208008;1,1921104192733765;0,43029335141181946;0,35981541872024536;0,0230643842369318
2243;4111,6220703125;62,291927337646484;66577,5078125;-27,295114517211914;393,3726501464844;-19,73527717590332;1,1961123943328857;0,4337819814682007;0,3613826036453247;0,023227691650390625
2244;4111,6220703125;62,291927337646484;66577,5078125;-30,601463317871094;423,0096130371094;-17,80909538269043;1,1793111562728882;0,42968323826789856;0,3562323749065399;0,022968001663684845
2245;4111,6220703125;62,291927337646484;66577,5078125;-3,0960230827331543;436,6252746582031;-21,08839225769043;1,1770811080932617;0,429751455783844;0,355962872505188;0,02287251129746437
2246;4111,6220703125;62,291927337646484;66577,5078125;36,21296691894531;429,43450927734375;-24,690353393554688;1,1852821111679077;0,43435779213905334;0,35915589332580566;0,02291865646839142
2247;4111,6220703125;62,291927337646484;66577,5078125;-4,761982440948486;447,3170166015625;-19,646764755249023;1,1641367673873901;0,42786166071891785;0,35234731435775757;0,022501062601804733
2248;4111,6220703125;62,291927337646484;66577,5078125;-7,490161418914795;469,7147216796875;-19,08397674560547;1,1620396375656128;0,4276050627231598;0,3510366678237915;0,022511761635541916
2249;4111,6220703125;62,291927337646484;66577,5078125;-9,84954833984375;487,0701599121094;-20,07915496826172;1,1801265478134155;0,4376634359359741;0,35693880915641785;0,02278420887887478
2250;4111,6220703125;62,291927337646484;66577,5078125;-23,10996437072754;510,4689636230469;-18,824647903442383;1,181654691696167;0,4408082962036133;0,3571610450744629;0,0227581188082695
2251;4111,6220703125;62,291927337646484;66577,5078125;-18,25835609436035;524,4007568359375;-17,129669189453125;1,1553890705108643;0,43016767501831055;0,34787264466285706;0,022229906171560287
2252;4111,6220703125;62,291927337646484;66577,5078125;-49,9564094543457;549,6450805664062;-15,905037879943848;1,1908372640609741;0,44891735911369324;0,35873958468437195;0,022881509736180305
2253;4111,6220703125;62,291927337646484;66577,5078125;-18,448352813720703;556,3338012695312;-19,842641830444336;1,1876640319824219;0,45047998428344727;0,35705268383026123;0,022754482924938202
2254;4111,6220703125;62,291927337646484;66577,5078125;-29,151395797729492;563,7245483398438;-17,64577865600586;1,1973472833633423;0,4527254104614258;0,35818707942962646;0,022999532520771027
2255;4111,6220703125;62,291927337646484;66577,5078125;-27,538896560668945;576,9013061523438;-18,085758209228516;1,1924264430999756;0,4515818655490875;0,35533732175827026;0,022853275761008263
2256;4111,6220703125;62,291927337646484;66577,5078125;-62,1251106262207;595,14453125;-15,159961700439453;1,2162755727767944;0,4710714817047119;0,3627359867095947;0,02319183759391308
2257;4111,6220703125;62,291927337646484;66577,5078125;-64,81354522705078;612,1878662109375;-15,176743507385254;1,186169981956482;0,46156045794487;0,35236042737960815;0,022466525435447693
2258;4111,6220703125;62,291927337646484;66577,5078125;-75,42382049560547;635,9630126953125;-13,816333770751953;1,2040038108825684;0,464015930891037;0,35502105951309204;0,022886240854859352
2259;4111,6220703125;62,291927337646484;66577,5078125;-110,54193878173828;670,2072143554688;-12,481623649597168;1,2093099355697632;0,46525338292121887;0,3545221984386444;0,022955190390348434
2260;4111,6220703125;62,291927337646484;66577,5078125;-210,75442504882812;718,8967895507812;-6,0058674812316895;1,1891121864318848;0,4573855996131897;0,3466199040412903;0,02244260348379612
2261;4111,6220703125;62,291927337646484;66577,5078125;-216,2544708251953;735,7479248046875;-9,386387825012207;1,2097327709197998;0,47690266370773315;0,3523235619068146;0,022740764543414116
2262;4111,6220703125;62,291927337646484;66577,5078125;-198,79554748535156;748,9363403320312;-7,861630439758301;1,2351317405700684;0,4864901900291443;0,3574409782886505;0,023231521248817444
2263;4111,6220703125;62,291927337646484;66577,5078125;-257,37689208984375;789,9117431640625;-3,5236597061157227;1,190865159034729;0,46860066056251526;0,34237802028656006;0,022187490016222
2264;4111,6220703125;62,291927337646484;66577,5078125;-282,35577392578125;815,0897216796875;-2,4280471801757812;1,2014509439468384;0,48367539048194885;0,34472256898880005;0,02226933278143406
2265;4111,6220703125;62,291927337646484;66577,5078125;-281,5074157714844;843,1047973632812;-2,242680311203003;1,2215049266815186;0,4846915900707245;0,34715718030929565;0,022660566493868828
2266;4111,6220703125;62,291927337646484;66577,5078125;-341,4407043457031;872,2744140625;2,4309580326080322;1,2573074102401733;0,49987152218818665;0,35505184531211853;0,023331139236688614
2267;4111,6220703125;62,291927337646484;66577,5078125;-345,4493408203125;908,8003540039062;1,7722598314285278;1,2276338338851929;0,49583879113197327;0,34532952308654785;0,022564196959137917
2268;4111,6220703125;62,291927337646484;66577,5078125;-354,5495910644531;926,3884887695312;-1,5941120386123657;1,2226821184158325;0,4797009825706482;0,33974170684814453;0,022388441488146782
2269;4111,6220703125;62,291927337646484;66577,5078125;-308,2492980957031;934,9173583984375;-1,6947475671768188;1,2093729972839355;0,4771992862224579;0,33408692479133606;0,02198929525911808
2270;4111,6220703125;62,291927337646484;66577,5078125;-432,4010009765625;995,3858032226562;4,647983074188232;1,2619833946228027;0,49621978402137756;0,3460288345813751;0,02298681251704693
2271;4111,6220703125;62,291927337646484;66577,5078125;-453,6287536621094;1004,8624877929688;5,748210430145264;1,2432687282562256;0,4956806004047394;0,339407742023468;0,022468626499176025
2272;4111,6220703125;62,291927337646484;66577,5078125;-469,93670654296875;1012,174560546875;4,126067161560059;1,274675726890564;0,5103267431259155;0,3458940088748932;0,023001421242952347
2273;4111,6220703125;62,291927337646484;66577,5078125;-453,0643310546875;1025,9127197265625;4,928786277770996;1,2676688432693481;0,5054834485054016;0,34149712324142456;0,022727949544787407
2274;4111,6220703125;62,291927337646484;66577,5078125;-511,1687927246094;1035,0152587890625;6,681178092956543;1,264963984489441;0,5045689344406128;0,33860599994659424;0,02254115231335163
2275;4111,6220703125;62,291927337646484;66577,5078125;-432,6650390625;1027,2762451171875;2,308542251586914;1,2794725894927979;0,5161851644515991;0,3410329520702362;0,022711750119924545
2276;4111,6220703125;62,291927337646484;66577,5078125;-476,7188415527344;1059,017822265625;3,7571990489959717;1,2928600311279297;0,5225003361701965;0,34266138076782227;0,02285228855907917
2277;4111,6220703125;62,291927337646484;66577,5078125;-529,794677734375;1066,40576171875;5,816817760467529;1,3054122924804688;0,5234959125518799;0,34360793232917786;0,022966293618083
2278;4111,6220703125;62,291927337646484;66577,5078125;-560,4736328125;1080,8619384765625;9,659461975097656;1,3125287294387817;0,5265180468559265;0,3436847925186157;0,02296973392367363
2279;4111,6220703125;62,291927337646484;66577,5078125;-539,9010009765625;1077,9010009765625;8,613757133483887;1,3204208612442017;0,5204122066497803;0,3431379795074463;0,022967182099819183
2280;4111,6220703125;62,291927337646484;66577,5078125;-507,9830322265625;1074,7889404296875;5,996956825256348;1,2984116077423096;0,5183230042457581;0,3365858495235443;0,02239733748137951
2281;4111,6220703125;62,291927337646484;66577,5078125;-544,4888916015625;1077,6746826171875;7,561910629272461;1,3154557943344116;0,5229817628860474;0,33945250511169434;0,02259008213877678
2282;4111,6220703125;62,291927337646484;66577,5078125;-482,8409729003906;1066,0506591796875;6,794375419616699;1,3036785125732422;0,5199679732322693;0,33541566133499146;0,022216586396098137
2283;4111,6220703125;62,291927337646484;66577,5078125;-492,23040771484375;1076,0068359375;6,2491774559021;1,3333641290664673;0,5360750555992126;0,34245017170906067;0,022669829428195953
2284;4111,6220703125;62,291927337646484;66577,5078125;-498,8460388183594;1090,5650634765625;4,300668239593506;1,3514363765716553;0,5358113646507263;0,34562402963638306;0,022863980382680893
2285;4111,6220703125;62,291927337646484;66577,5078125;-492,1781005859375;1101,28466796875;3,7433383464813232;1,3381675481796265;0,525799036026001;0,3412555456161499;0,022450486198067665
2286;4111,6220703125;62,291927337646484;66577,5078125;-524,5911254882812;1115,2501220703125;5,174452304840088;1,3520900011062622;0,5454171299934387;0,34558504819869995;0,022614890709519386
2287;4111,6220703125;62,291927337646484;66577,5078125;-516,4589233398438;1117,1966552734375;4,158835411071777;1,3486435413360596;0,5299853086471558;0,3434290885925293;0,022374821826815605
2288;4111,6220703125;62,291927337646484;66577,5078125;-504,91436767578125;1105,2772216796875;3,1699960231781006;1,3797205686569214;0,5527054667472839;0,3521871566772461;0,022858833894133568
2289;4111,6220703125;62,291927337646484;66577,5078125;-474,2803649902344;1095,447998046875;0,4292587637901306;1,358412265777588;0,5424497723579407;0,34688419103622437;0,022311415523290634
2290;4111,6220703125;62,291927337646484;66577,5078125;-463,54766845703125;1081,9527587890625;1,5588123798370361;1,3487796783447266;0,5352373123168945;0,34466761350631714;0,02198537066578865
2291;4111,6220703125;62,291927337646484;66577,5078125;-472,3647766113281;1080,72216796875;2,2985095977783203;1,3795472383499146;0,556885838508606;0,35383421182632446;0,022454814985394478
2292;4111,6220703125;62,291927337646484;66577,5078125;-504,447509765625;1085,3021240234375;2,9580576419830322;1,3923852443695068;0,5641781091690063;0,35814785957336426;0,022567803040146828
2293;4111,6220703125;62,291927337646484;66577,5078125;-486,1432189941406;1081,2880859375;4,6915974617004395;1,3360981941223145;0,5232115387916565;0,3436967134475708;0,021341565996408463
2294;4111,6220703125;62,291927337646484;66577,5078125;-516,994873046875;1085,7562255859375;3,968815803527832;1,376416802406311;0,5546180605888367;0,3562278747558594;0,022003626450896263
2295;4111,6220703125;62,291927337646484;66577,5078125;-466,24761962890625;1064,94140625;4,702698707580566;1,358280897140503;0,5166491866111755;0,35154107213020325;0,021467065438628197
2296;4111,6220703125;62,291927337646484;66577,5078125;-517,2427978515625;1070,9949951171875;5,0874834060668945;1,3679243326187134;0,5350809097290039;0,35644006729125977;0,021569106727838516
2297;4111,6220703125;62,291927337646484;66577,5078125;-495,0445556640625;1069,120361328125;6,041425704956055;1,3913058042526245;0,5527061820030212;0,3647710978984833;0,02189694531261921
2298;4111,6220703125;62,291927337646484;66577,5078125;-483,15313720703125;1054,5657958984375;6,8091912269592285;1,4043984413146973;0,5695756673812866;0,37067681550979614;0,022031642496585846
2299;4111,6220703125;62,291927337646484;66577,5078125;-454,4129638671875;1059,295166015625;5,698085784912109;1,3725780248641968;0,5366305112838745;0,36376428604125977;0,021308107301592827
2300;4111,6220703125;62,291927337646484;66577,5078125;-436,7764892578125;1039,5577392578125;7,125479221343994;1,3531728982925415;0,5277438759803772;0,3608802855014801;0,02084120362997055
2301;4111,6220703125;62,291927337646484;66577,5078125;-460,5850830078125;1063,0438232421875;6,501439571380615;1,3373281955718994;0,5223870873451233;0,359065443277359;0,02044696919620037
2302;4111,6220703125;62,291927337646484;66577,5078125;-415,1720886230469;1058,2342529296875;8,348522186279297;1,355263113975525;0,5216248035430908;0,3662697374820709;0,020660119131207466
2303;4111,6220703125;62,291927337646484;66577,5078125;-460,2928161621094;1076,4732666015625;12,824241638183594;1,3811593055725098;0,5364930033683777;0,37603339552879333;0,02103266678750515
2304;4111,6220703125;62,291927337646484;66577,5078125;-424,6515197753906;1069,3516845703125;10,91204833984375;1,3511574268341064;0,5167965292930603;0,3705131709575653;0,020383784547448158
2305;4111,6220703125;62,291927337646484;66577,5078125;-487,1916809082031;1089,6290283203125;11,586957931518555;1,311812400817871;0,5012331604957581;0,3624597191810608;0,01957785151898861
2306;4111,6220703125;62,291927337646484;66577,5078125;-430,4196472167969;1063,569580078125;12,574625968933105;1,3184020519256592;0,507466733455658;0,36707594990730286;0,019605636596679688
2307;4111,6220703125;62,291927337646484;66577,5078125;-496,3864440917969;1092,0439453125;10,725339889526367;1,329464077949524;0,49851733446121216;0,3730853796005249;0,019711259752511978
2308;4111,6220703125;62,291927337646484;66577,5078125;-491,4942626953125;1080,1329345703125;17,90011215209961;1,3137229681015015;0,49699297547340393;0,371513694524765;0,019341465085744858
2309;4111,6220703125;62,291927337646484;66577,5078125;-484,8504943847656;1067,3779296875;15,908368110656738;1,3348684310913086;0,5055938363075256;0,3804302513599396;0,019635386765003204
2310;4111,6220703125;62,291927337646484;66577,5078125;-477,8691711425781;1054,9658203125;10,741409301757812;1,3239682912826538;0,4981837272644043;0,3803039789199829;0,01935770735144615
2311;4111,6220703125;62,291927337646484;66577,5078125;-450,92156982421875;1033,0943603515625;14,562478065490723;1,3065388202667236;0,4748762547969818;0,3786064684391022;0,018969135358929634
2312;4111,6220703125;62,291927337646484;66577,5078125;-423,8580322265625;1032,0980224609375;14,069470405578613;1,2948427200317383;0,4756137430667877;0,3779750168323517;0,018684133887290955
2313;4111,6220703125;62,291927337646484;66577,5078125;-403,5222473144531;1022,6613159179688;13,171671867370605;1,2498629093170166;0,46495646238327026;0,3673887550830841;0,017787214368581772
2314;4111,6220703125;62,291927337646484;66577,5078125;-411,1098937988281;1001,086181640625;18,24414825439453;1,2801483869552612;0,4719082713127136;0,37921297550201416;0,018265172839164734
2315;4111,6220703125;62,291927337646484;66577,5078125;-371,7386169433594;966,2728881835938;11,31834888458252;1,2925217151641846;0,4808062016963959;0,38540464639663696;0,018396973609924316
2316;4111,6220703125;62,291927337646484;66577,5078125;-358,7657775878906;936,1287231445312;12,826814651489258;1,2712072134017944;0,4495486915111542;0,3829284608364105;0,018000727519392967
2317;4111,6220703125;62,291927337646484;66577,5078125;-354,7238464355469;931,6176147460938;14,11822509765625;1,2701990604400635;0,45339834690093994;0,3850422501564026;0,01790950633585453
2318;4111,6220703125;62,291927337646484;66577,5078125;-344,9565124511719;902,797607421875;16,481334686279297;1,2012027502059937;0,41108691692352295;0,36772122979164124;0,016649868339300156
2319;4111,6220703125;62,291927337646484;66577,5078125;-322,6747741699219;884,6312866210938;15,717307090759277;1,2174321413040161;0,4314959645271301;0,3740907907485962;0,01683996617794037
2320;4111,6220703125;62,291927337646484;66577,5078125;-350,0456237792969;860,735107421875;11,418190956115723;1,1959967613220215;0,4241734743118286;0,3697328567504883;0,016383357346057892
2321;4111,6220703125;62,291927337646484;66577,5078125;-342,5353088378906;844,8034057617188;13,38938045501709;1,1759120225906372;0,4161536693572998;0,36570870876312256;0,015952080488204956
2322;4111,6220703125;62,291927337646484;66577,5078125;-314,7626037597656;829,5761108398438;15,065671920776367;1,1780531406402588;0,4023818373680115;0,3698081374168396;0,016023552045226097
2323;4111,6220703125;62,291927337646484;66577,5078125;-314,497314453125;797,107177734375;13,271768569946289;1,1898711919784546;0,4140287935733795;0,37472569942474365;0,016129352152347565
2324;4111,6220703125;62,291927337646484;66577,5078125;-298,14764404296875;775,2109375;16,053922653198242;1,1374999284744263;0,376404345035553;0,3622373640537262;0,015252320095896721
2325;4111,6220703125;62,291927337646484;66577,5078125;-318,1767883300781;761,4111938476562;16,52516746520996;1,0828009843826294;0,3601430654525757;0,3463350236415863;0,01417603250592947
2326;4111,6220703125;62,291927337646484;66577,5078125;-278,5865783691406;744,433837890625;17,721179962158203;1,09012770652771;0,35744336247444153;0,350992888212204;0,014314722269773483
2327;4111,6220703125;62,291927337646484;66577,5078125;-274,26104736328125;723,8864135742188;14,305299758911133;1,0860073566436768;0,35758528113365173;0,3509827256202698;0,01418068166822195
2328;4111,6220703125;62,291927337646484;66577,5078125;-278,8422546386719;713,6611328125;14,79725456237793;1,105184555053711;0,35660460591316223;0,3598070740699768;0,014574079774320126
2329;4111,6220703125;62,291927337646484;66577,5078125;-292,4460754394531;705,6748657226562;17,972164154052734;1,1052861213684082;0,36595839262008667;0,3595176041126251;0,01442044973373413
2330;4111,6220703125;62,291927337646484;66577,5078125;-260,32672119140625;696,228515625;13,114276885986328;1,0370534658432007;0,3285548686981201;0,3413543701171875;0,013300272636115551
2331;4111,6220703125;62,291927337646484;66577,5078125;-300,19000244140625;682,9054565429688;17,95888900756836;1,026830792427063;0,3244016170501709;0,33938419818878174;0,013094734400510788
2332;4111,6220703125;62,291927337646484;66577,5078125;-304,4805603027344;664,3178100585938;18,833086013793945;1,0215673446655273;0,3287544548511505;0,33722785115242004;0,0128498999401927
2333;4111,6220703125;62,291927337646484;66577,5078125;-269,90545654296875;633,9824829101562;19,31406021118164;1,0127452611923218;0,31908780336380005;0,3370295464992523;0,012800594791769981
2334;4111,6220703125;62,291927337646484;66577,5078125;-280,76458740234375;606,8997192382812;16,058116912841797;1,0209977626800537;0,3168092668056488;0,3422330915927887;0,013046552427113056
2335;4111,6220703125;62,291927337646484;66577,5078125;-258,6983337402344;588,1370849609375;15,005998611450195;0,9948521852493286;0,3121354281902313;0,333204448223114;0,012457872740924358
2336;4111,6220703125;62,291927337646484;66577,5078125;-283,77093505859375;569,69091796875;14,769865036010742;1,0161019563674927;0,31970807909965515;0,34067502617836;0,012842982076108456
2337;4111,6220703125;62,291927337646484;66577,5078125;-310,61785888671875;551,2869262695312;13,62206745147705;0,9145668745040894;0,28001105785369873;0,31117403507232666;0,011088833212852478
2338;4111,6220703125;62,291927337646484;66577,5078125;-309,3558349609375;532,6758422851562;20,47974967956543;0,96205073595047;0,2969265878200531;0,32729074358940125;0,012023906223475933
2339;4111,6220703125;62,291927337646484;66577,5078125;-311,8809509277344;528,9954833984375;22,1334285736084;0,9264279007911682;0,2889217138290405;0,3141065835952759;0,011198305524885654
2340;4111,6220703125;62,291927337646484;66577,5078125;-344,7121887207031;501,9110107421875;18,005661010742188;0,9438900947570801;0,2928176522254944;0,32304656505584717;0,011750835925340652
2341;4111,6220703125;62,291927337646484;66577,5078125;-322,67626953125;479,6609802246094;21,54961395263672;0,9664965271949768;0,3020022511482239;0,3301301896572113;0,01217099092900753
2342;4111,6220703125;62,291927337646484;66577,5078125;-330,4716491699219;473,6286926269531;20,150266647338867;0,946458637714386;0,29706716537475586;0,3238375186920166;0,011813697405159473
2343;4111,6220703125;62,291927337646484;66577,5078125;-354,4932556152344;467,4244384765625;17,688152313232422;0,9464375972747803;0,2986921966075897;0,3244183659553528;0,011868131347000599
2344;4111,6220703125;62,291927337646484;66577,5078125;-337,8519287109375;457,2039794921875;17,271209716796875;0,955564022064209;0,3026566207408905;0,32569271326065063;0,011959648691117764
2345;4111,6220703125;62,291927337646484;66577,5078125;-373,172119140625;427,5892028808594;19,3703556060791;0,9514886140823364;0,3043651580810547;0,32668399810791016;0,012065574526786804
2346;4111,6220703125;62,291927337646484;66577,5078125;-386,995361328125;413,3051452636719;22,40866470336914;0,9239794015884399;0,2983875274658203;0,31790703535079956;0,011592764407396317
2347;4111,6220703125;62,291927337646484;66577,5078125;-413,04742431640625;405,0618591308594;24,373979568481445;0,9533665180206299;0,30754557251930237;0,32540467381477356;0,012087492272257805
2348;4111,6220703125;62,291927337646484;66577,5078125;-428,7167663574219;400,728759765625;23,60523796081543;0,9397757649421692;0,30854544043540955;0,32288798689842224;0,012002145871520042
2349;4111,6220703125;62,291927337646484;66577,5078125;-420,9898986816406;390,5340881347656;23,047672271728516;0,9496351480484009;0,31231480836868286;0,3245532214641571;0,012176129035651684
2350;4111,6220703125;62,291927337646484;66577,5078125;-460,9336242675781;364,03802490234375;23,567441940307617;0,9735304713249207;0,3219453990459442;0,33177947998046875;0,012679588980972767
2351;4111,6220703125;62,291927337646484;66577,5078125;-502,9959716796875;351,89044189453125;26,187999725341797;0,9610669612884521;0,3180884122848511;0,32580840587615967;0,012410953640937805
2352;4111,6220703125;62,291927337646484;66577,5078125;-482,3756103515625;332,4635925292969;25,920568466186523;0,9368599653244019;0,31879445910453796;0,31979092955589294;0,01215371023863554
2353;4111,6220703125;62,291927337646484;66577,5078125;-448,8409118652344;305,8390197753906;22,54233741760254;0,9988792538642883;0,3424763083457947;0,339884489774704;0,013427315279841423
2354;4111,6220703125;62,291927337646484;66577,5078125;-462,1396484375;284,2095947265625;22,119279861450195;1,0122789144515991;0,34246188402175903;0,34043052792549133;0,01359029021114111
2355;4111,6220703125;62,291927337646484;66577,5078125;-495,86865234375;256,91351318359375;23,307086944580078;0,9609113931655884;0,3313002288341522;0,32347583770751953;0,012714188545942307
2356;4111,6220703125;62,291927337646484;66577,5078125;-491,2125244140625;235,69015502929688;27,40023422241211;1,0033743381500244;0,352692186832428;0,33794236183166504;0,013687292113900185
2357;4111,6220703125;62,291927337646484;66577,5078125;-480,5357666015625;205,03604125976562;27,662872314453125;1,0043535232543945;0,3606363534927368;0,3385030925273895;0,01383763737976551
2358;4111,6220703125;62,291927337646484;66577,5078125;-460,93182373046875;193,72412109375;29,180044174194336;0,9821276068687439;0,3558087646961212;0,3296307921409607;0,013468904420733452
2359;4111,6220703125;62,291927337646484;66577,5078125;-454,8582458496094;157,23272705078125;22,285888671875;1,0413103103637695;0,3685503900051117;0,3442085385322571;0,014512722380459309
2360;4111,6220703125;62,291927337646484;66577,5078125;-413,0064697265625;137,49598693847656;21,181360244750977;1,0269203186035156;0,37821730971336365;0,3413968086242676;0,014475511386990547
2361;4111,6220703125;62,291927337646484;66577,5078125;-417,3396911621094;106,93656158447266;19,462871551513672;1,0385807752609253;0,37210962176322937;0,33958420157432556;0,014577346853911877
2362;4111,6220703125;62,291927337646484;66577,5078125;-381,938232421875;84,31083679199219;13,130558967590332;1,0457992553710938;0,38477951288223267;0,34215107560157776;0,014898715540766716
2363;4111,6220703125;62,291927337646484;66577,5078125;-358,0001525878906;64,16639709472656;11,784634590148926;1,0288375616073608;0,3779580295085907;0,3337693214416504;0,01458916999399662
2364;4111,6220703125;62,291927337646484;66577,5078125;-345,0472412109375;43,83905029296875;13,373680114746094;1,0729641914367676;0,3930649757385254;0,3449918329715729;0,01546460296958685
2365;4111,6220703125;62,291927337646484;66577,5078125;-282,9427185058594;49,00241470336914;9,279085159301758;1,0662623643875122;0,3885214030742645;0,3395152986049652;0,015336008742451668
2366;4111,6220703125;62,291927337646484;66577,5078125;-244,89266967773438;35,15400314331055;8,39209270477295;1,0396314859390259;0,3900929391384125;0,3311677873134613;0,015024206601083279
2367;4111,6220703125;62,291927337646484;66577,5078125;-246,5711669921875;18,368005752563477;6,458613395690918;1,0680772066116333;0,4144954979419708;0,34082478284835815;0,015800228342413902
2368;4111,6220703125;62,291927337646484;66577,5078125;-218,66256713867188;11,513895988464355;6,795966148376465;1,0651543140411377;0,42566487193107605;0,3400499224662781;0,0159262977540493
2369;4111,6220703125;62,291927337646484;66577,5078125;-181,8094024658203;2,469196081161499;3,3184919357299805;1,076715111732483;0,4250543415546417;0,3394193947315216;0,0161546990275383
2370;4111,6220703125;62,291927337646484;66577,5078125;-150,0759735107422;-7,583874225616455;-2,3602707386016846;1,1244617700576782;0,4381176829338074;0,3499716818332672;0,01707410253584385
2371;4111,6220703125;62,291927337646484;66577,5078125;-158,25430297851562;-13,372076988220215;-0,011384773999452591;1,1340277194976807;0,43602198362350464;0,3484940230846405;0,017245937138795853
2372;4111,6220703125;62,291927337646484;66577,5078125;-149,1611785888672;-17,984119415283203;-2,9345641136169434;1,1280369758605957;0,45320138335227966;0,34818390011787415;0,01741960644721985
2373;4111,6220703125;62,291927337646484;66577,5078125;-135,73989868164062;-9,311676979064941;-4,076543807983398;1,138533592224121;0,45878976583480835;0,3486567437648773;0,017706234008073807
2374;4111,6220703125;62,291927337646484;66577,5078125;-127,64515686035156;1,4378705024719238;-5,482657432556152;1,1538279056549072;0,4457801580429077;0,34591224789619446;0,017847010865807533
2375;4111,6220703125;62,291927337646484;66577,5078125;-90,08604431152344;-6,641977310180664;-8,635078430175781;1,174280047416687;0,47207289934158325;0,35311537981033325;0,018534153699874878
2376;4111,6220703125;62,291927337646484;66577,5078125;-100,49762725830078;-22,86297035217285;-7,651985168457031;1,1397287845611572;0,46326252818107605;0,34091898798942566;0,017993878573179245
2377;4111,6220703125;62,291927337646484;66577,5078125;-89,03437805175781;-32,80673599243164;-9,420002937316895;1,1483880281448364;0,46744659543037415;0,3407445549964905;0,0182497538626194
2378;4111,6220703125;62,291927337646484;66577,5078125;-46,72456741333008;-37,01493835449219;-10,814783096313477;1,2055224180221558;0,47735145688056946;0,3518393337726593;0,019297178834676743
2379;4111,6220703125;62,291927337646484;66577,5078125;-35,152828216552734;-52,85793685913086;-14,225420951843262;1,1947405338287354;0,48178985714912415;0,3477218449115753;0,019276348873972893
2380;4111,6220703125;62,291927337646484;66577,5078125;-34,27606201171875;-58,755863189697266;-12,809632301330566;1,1632813215255737;0,4794301986694336;0,338080495595932;0,01886264979839325
2381;4111,6220703125;62,291927337646484;66577,5078125;-21,410253524780273;-55,78251266479492;-14,409358024597168;1,2026435136795044;0,48309460282325745;0,34421154856681824;0,019587881863117218
2382;4111,6220703125;62,291927337646484;66577,5078125;-35,066139221191406;-65,77372741699219;-14,66183853149414;1,1889070272445679;0,4930284321308136;0,3409663140773773;0,019589275121688843
2383;4111,6220703125;62,291927337646484;66577,5078125;-35,97202682495117;-53,96587371826172;-15,467524528503418;1,215376853942871;0,499054878950119;0,34506314992904663;0,02015749365091324
2384;4111,6220703125;62,291927337646484;66577,5078125;-27,14374351501465;-55,778079986572266;-17,549406051635742;1,2152326107025146;0,4887373745441437;0,34063950181007385;0,020133333280682564
2385;4111,6220703125;62,291927337646484;66577,5078125;-23,22457504272461;-55,38087844848633;-17,717987060546875;1,2537217140197754;0,49366289377212524;0,3471493422985077;0,020868077874183655
2386;4111,6220703125;62,291927337646484;66577,5078125;-12,490887641906738;-56,22174072265625;-18,28590965270996;1,1988461017608643;0,49127623438835144;0,333713561296463;0,020123936235904694
2387;4111,6220703125;62,291927337646484;66577,5078125;-49,41458511352539;-57,0928955078125;-18,19382095336914;1,2292990684509277;0,5046014189720154;0,3404530882835388;0,02085362933576107
2388;4111,6220703125;62,291927337646484;66577,5078125;8,826988220214844;-42,278663635253906;-21,714447021484375;1,2193173170089722;0,48918616771698;0,33383193612098694;0,02062259055674076
2389;4111,6220703125;62,291927337646484;66577,5078125;-20,984134674072266;-37,727840423583984;-19,25161361694336;1,227346420288086;0,49223873019218445;0,3344702422618866;0,020893804728984833
2390;4111,6220703125;62,291927337646484;66577,5078125;-67,41996765136719;-34,664817810058594;-17,628292083740234;1,2176554203033447;0,4937624931335449;0,33147838711738586;0,020880460739135742
2391;4111,6220703125;62,291927337646484;66577,5078125;-17,06793975830078;-21,417619705200195;-19,272872924804688;1,2968696355819702;0,5063803195953369;0,34833770990371704;0,022353531792759895
2392;4111,6220703125;62,291927337646484;66577,5078125;-42,48953628540039;-16,148395538330078;-19,222043991088867;1,2465715408325195;0,4970187842845917;0,335638165473938;0,02159513346850872
2393;4111,6220703125;62,291927337646484;66577,5078125;-75,19606018066406;-28,43370246887207;-19,06049346923828;1,211269497871399;0,499065101146698;0,32813510298728943;0,021198680624365807
2394;4111,6220703125;62,291927337646484;66577,5078125;-70,48591613769531;-27,975067138671875;-19,143163681030273;1,2641253471374512;0,48143380880355835;0,33523568511009216;0,021881714463233948
2395;4111,6220703125;62,291927337646484;66577,5078125;-119,10638427734375;-42,90799331665039;-16,193744659423828;1,2386821508407593;0,48799929022789;0,3307558000087738;0,02172129973769188
2396;4111,6220703125;62,291927337646484;66577,5078125;-77,4415283203125;-37,6756706237793;-19,274011611938477;1,2740452289581299;0,4995313584804535;0,33960971236228943;0,022544682025909424
2397;4111,6220703125;62,291927337646484;66577,5078125;-127,16963195800781;-58,450077056884766;-15,194392204284668;1,2471683025360107;0,4929357171058655;0,33304649591445923;0,022170547395944595
2398;4111,6220703125;62,291927337646484;66577,5078125;-121,80256652832031;-58,384742736816406;-17,518978118896484;1,2726677656173706;0,49016115069389343;0,33810552954673767;0,02264854870736599
2399;4111,6220703125;62,291927337646484;66577,5078125;-146,34957885742188;-60,18854904174805;-16,007387161254883;1,2974951267242432;0,4843381941318512;0,3429175913333893;0,02306307666003704
2400;4111,6220703125;62,291927337646484;66577,5078125;-162,78517150878906;-54,70382308959961;-14,483113288879395;1,3230279684066772;0,49533647298812866;0,35053297877311707;0,023748958483338356
2401;4111,6220703125;62,291927337646484;66577,5078125;-185,05148315429688;-57,09950637817383;-9,561654090881348;1,2365145683288574;0,4861333966255188;0,3315298855304718;0,022421592846512794
2402;4111,6220703125;62,291927337646484;66577,5078125;-171,95814514160156;-45,847740173339844;-11,196609497070312;1,2662532329559326;0,4898514747619629;0,3392958641052246;0,023065412417054176
2403;4111,6220703125;62,291927337646484;66577,5078125;-203,7908477783203;-52,79137420654297;-9,519081115722656;1,2584137916564941;0,4750905930995941;0,33675146102905273;0,022852975875139236
2404;4111,6220703125;62,291927337646484;66577,5078125;-195,38165283203125;-46,23318862915039;-9,343103408813477;1,2697614431381226;0,48492082953453064;0,3416932225227356;0,02330729365348816
2405;4111,6220703125;62,291927337646484;66577,5078125;-253,4945068359375;-47,64659118652344;-5,30161714553833;1,2623158693313599;0,47112518548965454;0,33973532915115356;0,02310492843389511
2406;4111,6220703125;62,291927337646484;66577,5078125;-232,33685302734375;-21,58123207092285;-6,4480671882629395;1,2699978351593018;0,4770645797252655;0,3436397910118103;0,023444851860404015
2407;4111,6220703125;62,291927337646484;66577,5078125;-240,37330627441406;-3,2210447788238525;-5,3981404304504395;1,2795199155807495;0,4812524914741516;0,34788408875465393;0,02378566563129425
2408;4111,6220703125;62,291927337646484;66577,5078125;-289,0012512207031;7,176749229431152;-3,6562299728393555;1,2618131637573242;0,47080546617507935;0,3443392217159271;0,02346840500831604
2409;4111,6220703125;62,291927337646484;66577,5078125;-291,5749206542969;45,213462829589844;-2,923370838165283;1,2527813911437988;0,4551082253456116;0,34240883588790894;0,023180197924375534
2410;4111,6220703125;62,291927337646484;66577,5078125;-328,14251708984375;56,88750076293945;1,2575817108154297;1,2047902345657349;0,4555666148662567;0,3327522873878479;0,02257012203335762
2411;4111,6220703125;62,291927337646484;66577,5078125;-322,13360595703125;83,92732238769531;-0,6067271828651428;1,225357174873352;0,4547162353992462;0,3394385278224945;0,022989580407738686
2412;4111,6220703125;62,291927337646484;66577,5078125;-355,7341613769531;103,35812377929688;1,7235214710235596;1,225148320198059;0,45015716552734375;0,3408696949481964;0,023017680272459984
2413;4111,6220703125;62,291927337646484;66577,5078125;-369,8123474121094;121,46089935302734;4,138152599334717;1,2170884609222412;0,4434385895729065;0,3402099311351776;0,022877855226397514
2414;4111,6220703125;62,291927337646484;66577,5078125;-364,76324462890625;137,06646728515625;2,428983688354492;1,2574434280395508;0,4576636254787445;0,3534421920776367;0,023860257118940353
2415;4111,6220703125;62,291927337646484;66577,5078125;-374,4411926269531;168,88894653320312;1,812738299369812;1,2179958820343018;0,44476431608200073;0,34436774253845215;0,02312180958688259
2416;4111,6220703125;62,291927337646484;66577,5078125;-408,44439697265625;176,706787109375;4,270178318023682;1,211970329284668;0,44299378991127014;0,3445725440979004;0,02309366874396801
2417;4111,6220703125;62,291927337646484;66577,5078125;-453,00787353515625;192,5454559326172;7,556761741638184;1,2676923274993896;0,4503078758716583;0,3616209626197815;0,024149494245648384
2418;4111,6220703125;62,291927337646484;66577,5078125;-413,95458984375;211,54307556152344;5,922961235046387;1,1918085813522339;0,4386647045612335;0,34261855483055115;0,022886361926794052
2419;4111,6220703125;62,291927337646484;66577,5078125;-474,6666259765625;228,23126220703125;12,023712158203125;1,2222108840942383;0,4352826178073883;0,35248491168022156;0,02333073690533638
2420;4111,6220703125;62,291927337646484;66577,5078125;-449,1103515625;241,13497924804688;7,456066608428955;1,2005664110183716;0,42912206053733826;0,34806451201438904;0,022954829037189484
2421;4111,6220703125;62,291927337646484;66577,5078125;-462,0366516113281;249,31582641601562;10,567508697509766;1,1993451118469238;0,43158596754074097;0,3495122194290161;0,023065954446792603
2422;4111,6220703125;62,291927337646484;66577,5078125;-469,1266174316406;264,881591796875;11,86507511138916;1,218762993812561;0,44252660870552063;0,3569073975086212;0,023660486564040184
2423;4111,6220703125;62,291927337646484;66577,5078125;-435,9061584472656;282,2996826171875;10,90095043182373;1,1725108623504639;0,4239646792411804;0,3448028862476349;0,022631119936704636
2424;4111,6220703125;62,291927337646484;66577,5078125;-448,15203857421875;306,784423828125;9,260283470153809;1,2080117464065552;0,42940083146095276;0,3566511571407318;0,023262962698936462
2425;4111,6220703125;62,291927337646484;66577,5078125;-451,48095703125;317,7882385253906;11,44969367980957;1,1923428773880005;0,42972949147224426;0,35339275002479553;0,02312859706580639
2426;4111,6220703125;62,291927337646484;66577,5078125;-460,8197021484375;332,7428283691406;12,62013053894043;1,1878376007080078;0,42507511377334595;0,35338571667671204;0,022953562438488007
2427;4111,6220703125;62,291927337646484;66577,5078125;-480,010009765625;371,4698791503906;13,728713989257812;1,1745110750198364;0,42660126090049744;0,35037702322006226;0,02289438433945179
2428;4111,6220703125;62,291927337646484;66577,5078125;-467,9833984375;395,0382995605469;10,985340118408203;1,1688919067382812;0,42309290170669556;0,3497762084007263;0,02273290418088436
2429;4111,6220703125;62,291927337646484;66577,5078125;-422,20745849609375;415,3461608886719;6,639623641967773;1,1918665170669556;0,4293665885925293;0,3577735722064972;0,023164374753832817
2430;4111,6220703125;62,291927337646484;66577,5078125;-421,02557373046875;440,3313293457031;5,883727073669434;1,176987886428833;0,42601683735847473;0,35398176312446594;0,022909490391612053
2431;4111,6220703125;62,291927337646484;66577,5078125;-447,3271179199219;447,8408508300781;10,622527122497559;1,1911406517028809;0,43250006437301636;0,3588266968727112;0,023282524198293686
2432;4111,6220703125;62,291927337646484;66577,5078125;-369,06573486328125;469,8201904296875;3,0071303844451904;1,2038291692733765;0,43786537647247314;0,36316144466400146;0,023580724373459816
2433;4111,6220703125;62,291927337646484;66577,5078125;-360,8720703125;482,76153564453125;4,907229423522949;1,1739654541015625;0,42681649327278137;0,35501784086227417;0,02278193086385727
2434;4111,6220703125;62,291927337646484;66577,5078125;-377,0877990722656;518,1312866210938;7,08492374420166;1,191747784614563;0,43455740809440613;0,3608499765396118;0,023158643394708633
2435;4111,6220703125;62,291927337646484;66577,5078125;-385,1695251464844;535,183349609375;7,8339128494262695;1,1623239517211914;0,4253096580505371;0,35193100571632385;0,022529330104589462
2436;4111,6220703125;62,291927337646484;66577,5078125;-387,2881164550781;562,8712768554688;9,7930908203125;1,1511683464050293;0,42215022444725037;0,3481026887893677;0,022357024252414703
2437;4111,6220703125;62,291927337646484;66577,5078125;-348,1297302246094;568,5276489257812;4,95937967300415;1,1814841032028198;0,43589919805526733;0,35806652903556824;0,02286728471517563
2438;4111,6220703125;62,291927337646484;66577,5078125;-359,9686279296875;571,8761596679688;4,349038600921631;1,1621146202087402;0,42955222725868225;0,3515503406524658;0,02248532883822918
2439;4111,6220703125;62,291927337646484;66577,5078125;-347,7552795410156;581,7343139648438;3,653066873550415;1,1475591659545898;0,4258791506290436;0,34684622287750244;0,022117365151643753
2440;4111,6220703125;62,291927337646484;66577,5078125;-356,93170166015625;594,4299926757812;2,5588576793670654;1,1837235689163208;0,4408792555332184;0,35725337266921997;0,022912096232175827
2441;4111,6220703125;62,291927337646484;66577,5078125;-375,41558837890625;602,4634399414062;5,890101432800293;1,1929891109466553;0,44755035638809204;0,359805166721344;0,02303730882704258
2442;4111,6220703125;62,291927337646484;66577,5078125;-391,4141845703125;612,9104614257812;6,109171390533447;1,1741350889205933;0,44214916229248047;0,3533209264278412;0,02258087880909443
2443;4111,6220703125;62,291927337646484;66577,5078125;-370,957275390625;628,1534423828125;6,560055255889893;1,173026204109192;0,44514596462249756;0,3524438440799713;0,02247593365609646
2444;4111,6220703125;62,291927337646484;66577,5078125;-358,2481994628906;650,7587280273438;3,7310924530029297;1,1824268102645874;0,45222240686416626;0,35456863045692444;0,0226083155721426
2445;4111,6220703125;62,291927337646484;66577,5078125;-377,9811706542969;668,693359375;5,248681545257568;1,207281470298767;0,45991912484169006;0,36010971665382385;0,023185458034276962
2446;4111,6220703125;62,291927337646484;66577,5078125;-365,1632995605469;681,6632690429688;2,6592555046081543;1,1794829368591309;0,44796159863471985;0,3499903976917267;0,02254694700241089
2447;4111,6220703125;62,291927337646484;66577,5078125;-390,45318603515625;707,8948974609375;4,241498947143555;1,180611491203308;0,4504005014896393;0,349031537771225;0,022500501945614815
2448;4111,6220703125;62,291927337646484;66577,5078125;-354,4974670410156;721,7968139648438;3,2776026725769043;1,1604819297790527;0,4456689953804016;0,3418625295162201;0,02196640893816948
2449;4111,6220703125;62,291927337646484;66577,5078125;-384,6497802734375;754,1058349609375;4,993409156799316;1,2018545866012573;0,45957857370376587;0,35187193751335144;0,022839678451418877
2450;4111,6220703125;62,291927337646484;66577,5078125;-382,2687683105469;780,2297973632812;3,4963417053222656;1,2067879438400269;0,47034740447998047;0,35278061032295227;0,022810524329543114
2451;4111,6220703125;62,291927337646484;66577,5078125;-364,6224670410156;810,4132690429688;3,508882999420166;1,1966993808746338;0,4757537543773651;0,3492387533187866;0,022436341270804405
2452;4111,6220703125;62,291927337646484;66577,5078125;-346,25885009765625;841,1505737304688;-0,28090474009513855;1,2212342023849487;0,47654229402542114;0,35290998220443726;0,02297433838248253
2453;4111,6220703125;62,291927337646484;66577,5078125;-368,77618408203125;880,9091186523438;3,8870229721069336;1,2238588333129883;0,4769020080566406;0,351402223110199;0,022947000339627266
2454;4111,6220703125;62,291927337646484;66577,5078125;-350,8772888183594;907,056884765625;0,591601550579071;1,217281699180603;0,4803364872932434;0,3481617867946625;0,022685440257191658
2455;4111,6220703125;62,291927337646484;66577,5078125;-352,7568359375;940,2445068359375;-1,25053870677948;1,2202662229537964;0,47212642431259155;0,3454779386520386;0,022682929411530495
2456;4111,6220703125;62,291927337646484;66577,5078125;-354,17498779296875;955,8436279296875;-1,6269208192825317;1,256255865097046;0,49431684613227844;0,3544507920742035;0,023334801197052002
2457;4111,6220703125;62,291927337646484;66577,5078125;-375,8088073730469;968,1168823242188;-1,6525256633758545;1,2598384618759155;0,5142578482627869;0,35555005073547363;0,02323889173567295
2458;4111,6220703125;62,291927337646484;66577,5078125;-339,3860168457031;978,0740356445312;-3,6446645259857178;1,28024160861969;0,504716157913208;0,35654187202453613;0,023621302098035812
2459;4111,6220703125;62,291927337646484;66577,5078125;-394,8591613769531;1006,5199584960938;-1,900014042854309;1,264056921005249;0,5043125152587891;0,35042548179626465;0,023155683651566505
2460;4111,6220703125;62,291927337646484;66577,5078125;-361,7384338378906;1021,5450439453125;-3,1255276203155518;1,2629342079162598;0,5001021027565002;0,3473006784915924;0,023019716143608093
2461;4111,6220703125;62,291927337646484;66577,5078125;-392,5270080566406;1038,1285400390625;-2,7606892585754395;1,2769097089767456;0,5201277136802673;0,35057222843170166;0,023177385330200195
2462;4111,6220703125;62,291927337646484;66577,5078125;-404,19000244140625;1047,839599609375;-2,0466017723083496;1,2713204622268677;0,5077092051506042;0,34550732374191284;0,02295219898223877
2463;4111,6220703125;62,291927337646484;66577,5078125;-439,84539794921875;1057,51904296875;-0,3085075914859772;1,2771228551864624;0,5104137659072876;0,34488359093666077;0,022947920486330986
2464;4111,6220703125;62,291927337646484;66577,5078125;-445,9402770996094;1062,9224853515625;-1,5682984590530396;1,2801984548568726;0,5133411884307861;0,3437301814556122;0,022885514423251152
2465;4111,6220703125;62,291927337646484;66577,5078125;-472,4375305175781;1078,0181884765625;-0,5254166126251221;1,2701002359390259;0,5135769248008728;0,3394120931625366;0,022548669949173927
2466;4111,6220703125;62,291927337646484;66577,5078125;-474,8155517578125;1073,706298828125;0,1786472499370575;1,3171333074569702;0,5309553146362305;0,3497196137905121;0,023382723331451416
2467;4111,6220703125;62,291927337646484;66577,5078125;-477,51080322265625;1088,48193359375;0,6151648163795471;1,294971227645874;0,5130273103713989;0,3409477174282074;0,022786423563957214
2468;4111,6220703125;62,291927337646484;66577,5078125;-502,6742248535156;1097,489013671875;-0,010099785402417183;1,285604476928711;0,4976232349872589;0,3355078101158142;0,02243519201874733
2469;4111,6220703125;62,291927337646484;66577,5078125;-526,7520141601562;1122,271240234375;-0,020953886210918427;1,2795298099517822;0,5131228566169739;0,3341180682182312;0,022213933989405632
2470;4111,6220703125;62,291927337646484;66577,5078125;-530,9208374023438;1128,451171875;1,9807054996490479;1,3192921876907349;0,5421937704086304;0,3442671000957489;0,022893182933330536
2471;4111,6220703125;62,291927337646484;66577,5078125;-530,2227783203125;1141,453369140625;1,6672577857971191;1,3166868686676025;0,5261029005050659;0,34068483114242554;0,0226864293217659
2472;4111,6220703125;62,291927337646484;66577,5078125;-556,867431640625;1154,4844970703125;2,62431001663208;1,3368630409240723;0,5271428823471069;0,3440030515193939;0,022933073341846466
2473;4111,6220703125;62,291927337646484;66577,5078125;-556,92822265625;1159,932861328125;3,415724277496338;1,3174254894256592;0,5219113826751709;0,3381885290145874;0,022418558597564697
2474;4111,6220703125;62,291927337646484;66577,5078125;-572,9482421875;1157,0980224609375;2,829371690750122;1,3253352642059326;0,5356072783470154;0,3402896225452423;0,02245989814400673
2475;4111,6220703125;62,291927337646484;66577,5078125;-594,4711303710938;1158,1287841796875;3,4294915199279785;1,3358712196350098;0,5473073124885559;0,34293660521507263;0,022543571889400482
2476;4111,6220703125;62,291927337646484;66577,5078125;-616,277099609375;1166,49365234375;4,933682918548584;1,3455736637115479;0,5341913104057312;0,3434671461582184;0,02256683260202408
2477;4111,6220703125;62,291927337646484;66577,5078125;-604,0541381835938;1146,1580810546875;6,662283420562744;1,3479257822036743;0,5328006148338318;0,34359145164489746;0,02247108891606331
2478;4111,6220703125;62,291927337646484;66577,5078125;-652,5896606445312;1159,9857177734375;9,596304893493652;1,3589900732040405;0,5473169684410095;0,347112774848938;0,022575940936803818
2479;4111,6220703125;62,291927337646484;66577,5078125;-707,2402954101562;1170,223876953125;13,103743553161621;1,3302245140075684;0,5104430317878723;0,33804094791412354;0,021821733564138412
2480;4111,6220703125;62,291927337646484;66577,5078125;-699,4142456054688;1151,9859619140625;12,634417533874512;1,3543033599853516;0,538691520690918;0,3458538353443146;0,022210095077753067
2481;4111,6220703125;62,291927337646484;66577,5078125;-708,6753540039062;1145,9200439453125;13,130597114562988;1,3727521896362305;0,5483638644218445;0,35125789046287537;0,022437145933508873
2482;4111,6220703125;62,291927337646484;66577,5078125;-751,6455688476562;1145,09521484375;17,01287078857422;1,3821210861206055;0,5523892045021057;0,3544156849384308;0,02248699963092804
2483;4111,6220703125;62,291927337646484;66577,5078125;-768,609130859375;1127,2149658203125;15,607610702514648;1,3506089448928833;0,5338569283485413;0,346908301115036;0,021754687651991844
2484;4111,6220703125;62,291927337646484;66577,5078125;-765,8181762695312;1112,953857421875;15,919717788696289;1,3698346614837646;0,550873875617981;0,3535133898258209;0,02201336994767189
2485;4111,6220703125;62,291927337646484;66577,5078125;-783,3006591796875;1100,02392578125;18,001968383789062;1,3835926055908203;0,5525121092796326;0,3581688106060028;0,022140737622976303
2486;4111,6220703125;62,291927337646484;66577,5078125;-733,0025024414062;1092,374755859375;16,177581787109375;1,4009931087493896;0,561846137046814;0,3643108904361725;0,022348439320921898
2487;4111,6220703125;62,291927337646484;66577,5078125;-759,54736328125;1106,474365234375;19,97356414794922;1,3625450134277344;0,5300602316856384;0,3552425503730774;0,0214837733656168
2488;4111,6220703125;62,291927337646484;66577,5078125;-759,7412109375;1110,4971923828125;19,935287475585938;1,3715317249298096;0,5502890348434448;0,36011409759521484;0,021566808223724365
2489;4111,6220703125;62,291927337646484;66577,5078125;-841,909912109375;1134,165771484375;23,861576080322266;1,3869081735610962;0,5734995603561401;0,36674538254737854;0,02174488455057144
2490;4111,6220703125;62,291927337646484;66577,5078125;-779,3844604492188;1119,7578125;24,23244285583496;1,380078673362732;0,5497617721557617;0,36629804968833923;0,021494010463356972
2491;4111,6220703125;62,291927337646484;66577,5078125;-805,473388671875;1127,51611328125;22,990005493164062;1,3940813541412354;0,559841513633728;0,37240979075431824;0,021645426750183105
2492;4111,6220703125;62,291927337646484;66577,5078125;-757,3243408203125;1115,18896484375;24,194313049316406;1,3387134075164795;0,516449511051178;0,35941076278686523;0,02050241269171238
2493;4111,6220703125;62,291927337646484;66577,5078125;-804,9312744140625;1133,489013671875;22,46881866455078;1,3743937015533447;0,5204437375068665;0,37134960293769836;0,021032916381955147
2494;4111,6220703125;62,291927337646484;66577,5078125;-813,4489135742188;1139,2738037109375;25,721275329589844;1,3701337575912476;0,5229915976524353;0,372904896736145;0,020867325365543365
2495;4111,6220703125;62,291927337646484;66577,5078125;-826,8023681640625;1153,74267578125;27,35358238220215;1,3732647895812988;0,5330873727798462;0,3765562176704407;0,020838716998696327
2496;4111,6220703125;62,291927337646484;66577,5078125;-789,445556640625;1147,51513671875;24,855342864990234;1,3631258010864258;0,5319729447364807;0,37651047110557556;0,020559784024953842
2497;4111,6220703125;62,291927337646484;66577,5078125;-790,6519165039062;1148,9879150390625;24,435550689697266;1,3185431957244873;0,5057669281959534;0,36686575412750244;0,01965820975601673
2498;4111,6220703125;62,291927337646484;66577,5078125;-765,0518798828125;1140,693115234375;22,60231590270996;1,3287568092346191;0,5117743015289307;0,372467041015625;0,019752725958824158
2499;4111,6220703125;62,291927337646484;66577,5078125;-794,3728637695312;1141,9150390625;28,700681686401367;1,3208961486816406;0,5114861130714417;0,37300291657447815;0,019517503678798676
2500;4111,6220703125;62,291927337646484;66577,5078125;-772,2086181640625;1127,005859375;26,03765106201172;1,3490781784057617;0,5096547603607178;0,38398391008377075;0,019943563267588615
2501;4111,6220703125;62,291927337646484;66577,5078125;-771,8170166015625;1112,56591796875;25,578081130981445;1,3259061574935913;0,5051299333572388;0,3801572024822235;0,01944120042026043
2502;4111,6220703125;62,291927337646484;66577,5078125;-743,3564453125;1090,4837646484375;24,846660614013672;1,2959970235824585;0,4843367636203766;0,37456345558166504;0,018830327317118645
2503;4111,6220703125;62,291927337646484;66577,5078125;-749,9500732421875;1076,1319580078125;28,676040649414062;1,2853946685791016;0,47396034002304077;0,37443989515304565;0,018566705286502838
2504;4111,6220703125;62,291927337646484;66577,5078125;-717,1137084960938;1070,125732421875;28,049142837524414;1,293168306350708;0,48687097430229187;0,379133403301239;0,01861235499382019
2505;4111,6220703125;62,291927337646484;66577,5078125;-709,7968139648438;1061,0245361328125;26,352802276611328;1,3013131618499756;0,49471718072891235;0,3840208351612091;0,0186614990234375
2506;4111,6220703125;62,291927337646484;66577,5078125;-670,367431640625;1044,9134521484375;27,98868751525879;1,269602656364441;0,45886513590812683;0,3783169686794281;0,01807801052927971
2507;4111,6220703125;62,291927337646484;66577,5078125;-642,5615234375;1017,8552856445312;24,138137817382812;1,266920804977417;0,4781127870082855;0,3790830969810486;0,01788557507097721
2508;4111,6220703125;62,291927337646484;66577,5078125;-604,9594116210938;994,2681884765625;22,404504776000977;1,2420732975006104;0,45152220129966736;0,37505683302879333;0,017436612397432327
2509;4111,6220703125;62,291927337646484;66577,5078125;-614,638916015625;985,5625;25,51021957397461;1,2223438024520874;0,4477824866771698;0,37125855684280396;0,016988305374979973
2510;4111,6220703125;62,291927337646484;66577,5078125;-581,1593627929688;965,9556884765625;27,646690368652344;1,2148993015289307;0,43986618518829346;0,37163567543029785;0,01680743880569935
2511;4111,6220703125;62,291927337646484;66577,5078125;-584,4349975585938;955,5016479492188;27,401718139648438;1,270378589630127;0,4632190763950348;0,3906520903110504;0,017718011513352394
2512;4111,6220703125;62,291927337646484;66577,5078125;-573,1506958007812;938,8106079101562;27,408260345458984;1,1797116994857788;0,41037166118621826;0,3665015995502472;0,01612701267004013
2513;4111,6220703125;62,291927337646484;66577,5078125;-568,1812744140625;934,2760620117188;26,21544075012207;1,1573961973190308;0,40656694769859314;0,3612426519393921;0,015630213543772697
2514;4111,6220703125;62,291927337646484;66577,5078125;-499,4444274902344;912,1376342773438;25,306095123291016;1,1389154195785522;0,3919876515865326;0,35817185044288635;0,015287243761122227
2515;4111,6220703125;62,291927337646484;66577,5078125;-500,78277587890625;895,9095458984375;25,59258460998535;1,1552115678787231;0,4005536437034607;0,36482536792755127;0,015506027266383171
2516;4111,6220703125;62,291927337646484;66577,5078125;-544,1647338867188;888,3783569335938;26,412879943847656;1,1131576299667358;0,36994025111198425;0,35511282086372375;0,01480225007981062
2517;4111,6220703125;62,291927337646484;66577,5078125;-472,26165771484375;847,3325805664062;25,076274871826172;1,1222476959228516;0,37764492630958557;0,3591277003288269;0,014887330122292042
2518;4111,6220703125;62,291927337646484;66577,5078125;-467,992919921875;832,6571655273438;26,36176109313965;1,1035606861114502;0,37227460741996765;0,3545292317867279;0,01447195652872324
2519;4111,6220703125;62,291927337646484;66577,5078125;-465,8367919921875;811,898681640625;23,745290756225586;1,1002718210220337;0,3666292726993561;0,3555530905723572;0,014413414523005486
2520;4111,6220703125;62,291927337646484;66577,5078125;-460,3233337402344;783,4866943359375;27,25627326965332;1,0809818506240845;0,34868553280830383;0,3525339663028717;0,014139022678136826
2521;4111,6220703125;62,291927337646484;66577,5078125;-458,96856689453125;763,2791748046875;24,906951904296875;1,0908931493759155;0,3574574291706085;0,35607847571372986;0,014223235659301281
2522;4111,6220703125;62,291927337646484;66577,5078125;-431,6993408203125;742,712158203125;22,548480987548828;1,0238415002822876;0,3248157799243927;0,337409108877182;0,013059137389063835
2523;4111,6220703125;62,291927337646484;66577,5078125;-447,2561340332031;718,0513916015625;19,040904998779297;1,0393831729888916;0,32713109254837036;0,34427979588508606;0,01337434072047472
2524;4111,6220703125;62,291927337646484;66577,5078125;-445,7844543457031;697,735107421875;19,7221736907959;1,0576331615447998;0,3369183838367462;0,3504592776298523;0,013645258732140064
2525;4111,6220703125;62,291927337646484;66577,5078125;-448,61920166015625;682,099609375;19,597972869873047;1,0178394317626953;0,31600841879844666;0,34045112133026123;0,013004271313548088
2526;4111,6220703125;62,291927337646484;66577,5078125;-420,7477111816406;645,4573364257812;20,38840103149414;1,0362305641174316;0,331743061542511;0,3444642126560211;0,013132038526237011
2527;4111,6220703125;62,291927337646484;66577,5078125;-422,06610107421875;624,6193237304688;21,636734008789062;0,9870710968971252;0,3059329688549042;0,3323517441749573;0,012423749081790447
2528;4111,6220703125;62,291927337646484;66577,5078125;-440,7550964355469;612,8989868164062;20,260814666748047;0,9742727875709534;0,30454161763191223;0,3278956413269043;0,01210728008300066
2529;4111,6220703125;62,291927337646484;66577,5078125;-441,8571472167969;607,16259765625;21,39352798461914;0,9419015049934387;0,2886155843734741;0,32066553831100464;0,01165759190917015
2530;4111,6220703125;62,291927337646484;66577,5078125;-445,2626037597656;586,7341918945312;28,527841567993164;0,9629184603691101;0,3004591166973114;0,32585516571998596;0,011928851716220379
2531;4111,6220703125;62,291927337646484;66577,5078125;-468,280029296875;559,34619140625;21,749418258666992;0,9664424657821655;0,3023788630962372;0,3272494971752167;0,01198806706815958
2532;4111,6220703125;62,291927337646484;66577,5078125;-474,5404968261719;559,2494506835938;27,59123420715332;0,9442988038063049;0,29417479038238525;0,32202547788619995;0,011692455038428307
2533;4111,6220703125;62,291927337646484;66577,5078125;-495,2926025390625;555,6076049804688;28,429609298706055;0,9577414989471436;0,2993701696395874;0,32712414860725403;0,011995410546660423
2534;4111,6220703125;62,291927337646484;66577,5078125;-517,4625244140625;550,7825317382812;28,41969871520996;0,9355114102363586;0,2936263084411621;0,3198646605014801;0,011573762632906437
2535;4111,6220703125;62,291927337646484;66577,5078125;-506,9630126953125;542,953857421875;30,2011661529541;0,9582403898239136;0,3020665645599365;0,32562512159347534;0,011899162083864212
2536;4111,6220703125;62,291927337646484;66577,5078125;-517,8731079101562;528,4853515625;29,72401237487793;0,9131034016609192;0,2897290289402008;0,31369221210479736;0,011252367869019508
2537;4111,6220703125;62,291927337646484;66577,5078125;-505,3694763183594;514,1969604492188;24,82419204711914;0,9179138541221619;0,29316413402557373;0,3153790831565857;0,011388358660042286
2538;4111,6220703125;62,291927337646484;66577,5078125;-504,1247253417969;495,00244140625;25,011913299560547;0,9750975370407104;0,311001718044281;0,3319208025932312;0,012389164417982101
2539;4111,6220703125;62,291927337646484;66577,5078125;-527,8673095703125;481,5069580078125;24,597654342651367;0,9347694516181946;0,3026849627494812;0,3208753764629364;0,011808402836322784
2540;4111,6220703125;62,291927337646484;66577,5078125;-529,7406616210938;459,4754943847656;29,629150390625;0,9238268136978149;0,3022040128707886;0,3175031840801239;0,011665478348731995
2541;4111,6220703125;62,291927337646484;66577,5078125;-552,3628540039062;445,82183837890625;29,735675811767578;0,9659831523895264;0,316391259431839;0,3302198052406311;0,012482499703764915
2542;4111,6220703125;62,291927337646484;66577,5078125;-570,4429931640625;417,8022155761719;30,060949325561523;0,9813678860664368;0,32519710063934326;0,3357938826084137;0,012877054512500763
2543;4111,6220703125;62,291927337646484;66577,5078125;-585,04833984375;391,544677734375;31,538801193237305;0,9653473496437073;0,32336825132369995;0,33020660281181335;0,012635044753551483
2544;4111,6220703125;62,291927337646484;66577,5078125;-597,2642211914062;381,6235046386719;28,014089584350586;0,9535343647003174;0,3211927115917206;0,32506710290908813;0,012428670190274715
2545;4111,6220703125;62,291927337646484;66577,5078125;-605,3150634765625;358,6657409667969;30,797040939331055;0,9579034447669983;0,3251933753490448;0,3257317543029785;0,012566065415740013
2546;4111,6220703125;62,291927337646484;66577,5078125;-614,2566528320312;347,02532958984375;31,70800018310547;0,9526458978652954;0,3280559182167053;0,3238786458969116;0,012559317983686924
2547;4111,6220703125;62,291927337646484;66577,5078125;-629,8269653320312;322,05340576171875;30,900177001953125;0,9673035144805908;0,336218923330307;0,32798516750335693;0,012914156541228294
2548;4111,6220703125;62,291927337646484;66577,5078125;-619,1056518554688;317,71435546875;35,28927230834961;1,0049080848693848;0,3476168215274811;0,3379325866699219;0,013627544976770878
2549;4111,6220703125;62,291927337646484;66577,5078125;-642,3037109375;287,391845703125;32,79957962036133;0,955183744430542;0,34428903460502625;0,3239549696445465;0,012898354791104794
2550;4111,6220703125;62,291927337646484;66577,5078125;-651,956787109375;269,713134765625;34,47454071044922;1,0022369623184204;0,3560580909252167;0,3357889652252197;0,01376466266810894
2551;4111,6220703125;62,291927337646484;66577,5078125;-621,4339599609375;249,8739013671875;32,115726470947266;0,9905867576599121;0,35822615027427673;0,33160144090652466;0,013653618283569813
2552;4111,6220703125;62,291927337646484;66577,5078125;-635,4818115234375;241,05992126464844;33,73170852661133;1,0348314046859741;0,37317660450935364;0,3436070382595062;0,014524927362799644
2553;4111,6220703125;62,291927337646484;66577,5078125;-655,9869384765625;223,03773498535156;33,22697067260742;1,0315742492675781;0,3716396391391754;0,33994194865226746;0,014480211772024632
2554;4111,6220703125;62,291927337646484;66577,5078125;-645,41552734375;204,96612548828125;31,181360244750977;1,050309181213379;0,37620607018470764;0,34296244382858276;0,014835229143500328
2555;4111,6220703125;62,291927337646484;66577,5078125;-616,7652587890625;198,34385681152344;28,986669540405273;1,0435899496078491;0,3959095776081085;0,3444344103336334;0,01503736712038517
2556;4111,6220703125;62,291927337646484;66577,5078125;-624,1773071289062;180,6349334716797;31,69473648071289;1,0453764200210571;0,39001956582069397;0,3404865860939026;0,015032120048999786
2557;4111,6220703125;62,291927337646484;66577,5078125;-629,1895141601562;175,707275390625;33,883331298828125;1,0999130010604858;0,40950900316238403;0,3551931381225586;0,016111865639686584
2558;4111,6220703125;62,291927337646484;66577,5078125;-635,3703002929688;156,07789611816406;30,207107543945312;1,0622166395187378;0,3991864323616028;0,3412509262561798;0,01547536626458168
2559;4111,6220703125;62,291927337646484;66577,5078125;-589,1932983398438;150,55978393554688;25,228532791137695;1,1082305908203125;0,4216967821121216;0,3544811010360718;0,01647372730076313
2560;4111,6220703125;62,291927337646484;66577,5078125;-601,92529296875;134,31764221191406;25,645784378051758;1,0811784267425537;0,4242781400680542;0,34623539447784424;0,016148727387189865
2561;4111,6220703125;62,291927337646484;66577,5078125;-567,0907592773438;121,9792251586914;24,142276763916016;1,1072204113006592;0,43276089429855347;0,351150244474411;0,016688011586666107
2562;4111,6220703125;62,291927337646484;66577,5078125;-550,8118896484375;115,7863998413086;22,335865020751953;1,1060764789581299;0,42808106541633606;0,34678158164024353;0,016672536730766296
2563;4111,6220703125;62,291927337646484;66577,5078125;-544,5325317382812;96,63008117675781;21,86465835571289;1,0981653928756714;0,43428295850753784;0,3436039686203003;0,016683518886566162
2564;4111,6220703125;62,291927337646484;66577,5078125;-517,705322265625;92,12432861328125;21,302350997924805;1,1341626644134521;0,4439661502838135;0,3507409989833832;0,017390578985214233
2565;4111,6220703125;62,291927337646484;66577,5078125;-517,420166015625;83,8898696899414;20,44343376159668;1,1316958665847778;0,44729799032211304;0,34798410534858704;0,017454925924539566
2566;4111,6220703125;62,291927337646484;66577,5078125;-536,2588500976562;53,762420654296875;19,068754196166992;1,1141835451126099;0,4568668007850647;0,34350013732910156;0,017357321456074715
2567;4111,6220703125;62,291927337646484;66577,5078125;-496,58984375;46,22592544555664;17,917585372924805;1,171099305152893;0,4774661064147949;0,357304185628891;0,0185090322047472
2568;4111,6220703125;62,291927337646484;66577,5078125;-465,505126953125;38,28501892089844;16,466758728027344;1,1451212167739868;0,4626990556716919;0,3454485237598419;0,018033957108855247
2569;4111,6220703125;62,291927337646484;66577,5078125;-445,6026611328125;25,40087127685547;13,785386085510254;1,1341444253921509;0,46358993649482727;0,34044697880744934;0,01795165054500103
2570;4111,6220703125;62,291927337646484;66577,5078125;-441,7568359375;18,318580627441406;14,290207862854004;1,1326502561569214;0,4653303623199463;0,3376859724521637;0,018024617806077003
2571;4111,6220703125;62,291927337646484;66577,5078125;-397,9073791503906;11,531662940979004;12,040176391601562;1,145615816116333;0,4754321873188019;0,33979955315589905;0,01840995065867901
2572;4111,6220703125;62,291927337646484;66577,5078125;-412,3731689453125;1,0620917081832886;11,656407356262207;1,1797373294830322;0,47430962324142456;0,3438127636909485;0,01899738796055317
2573;4111,6220703125;62,291927337646484;66577,5078125;-442,18829345703125;-22,11300277709961;13,626839637756348;1,1827800273895264;0,4850344955921173;0,3440271317958832;0,019251052290201187
2574;4111,6220703125;62,291927337646484;66577,5078125;-401,56243896484375;-9,682780265808105;10,3134126663208;1,1938316822052002;0,4828745424747467;0,3432084619998932;0,019481459632515907
2575;4111,6220703125;62,291927337646484;66577,5078125;-377,20849609375;-3,2330589294433594;9,141600608825684;1,1545751094818115;0,4893280863761902;0,3341747224330902;0,019041743129491806
2576;4111,6220703125;62,291927337646484;66577,5078125;-370,7285461425781;-3,1074299812316895;6,9071245193481445;1,207656741142273;0,48984941840171814;0,3425266444683075;0,01995658501982689
2577;4111,6220703125;62,291927337646484;66577,5078125;-390,4219055175781;-7,661863803863525;7,884286403656006;1,1792949438095093;0,4828258156776428;0,33315128087997437;0,01954113319516182
2578;4111,6220703125;62,291927337646484;66577,5078125;-391,2533264160156;-5,360316276550293;9,393390655517578;1,213891625404358;0,5039406418800354;0,3421361744403839;0,020411275327205658
2579;4111,6220703125;62,291927337646484;66577,5078125;-379,4682922363281;3,0264017581939697;8,556883811950684;1,2034980058670044;0,4991792142391205;0,33707764744758606;0,020299706608057022
2580;4111,6220703125;62,291927337646484;66577,5078125;-420,4295959472656;-4,868712425231934;9,535266876220703;1,2042731046676636;0,49116185307502747;0,33378368616104126;0,020321156829595566
2581;4111,6220703125;62,291927337646484;66577,5078125;-426,5174255371094;2,391068696975708;9,50347900390625;1,218840479850769;0,49573636054992676;0,33582252264022827;0,02070385403931141
2582;4111,6220703125;62,291927337646484;66577,5078125;-432,80926513671875;1,3124622106552124;9,29246997833252;1,2096929550170898;0,496915727853775;0,3326650559902191;0,020687036216259003
2583;4111,6220703125;62,291927337646484;66577,5078125;-442,62481689453125;6,662606716156006;11,046249389648438;1,2318706512451172;0,49920642375946045;0,3360680639743805;0,021163640543818474
2584;4111,6220703125;62,291927337646484;66577,5078125;-421,5704650878906;16,331947326660156;8,796897888183594;1,2837469577789307;0,5021166801452637;0,3456988036632538;0,022096484899520874
2585;4111,6220703125;62,291927337646484;66577,5078125;-402,50335693359375;21,554725646972656;6,342528820037842;1,2322040796279907;0,5014235973358154;0,334215372800827;0,021424276754260063
2586;4111,6220703125;62,291927337646484;66577,5078125;-438,0697937011719;1,7213430404663086;7,567505836486816;1,234171986579895;0,49715009331703186;0,33297011256217957;0,02151648700237274
2587;4111,6220703125;62,291927337646484;66577,5078125;-413,09783935546875;3,538795232772827;6,546976566314697;1,2555190324783325;0,4973483681678772;0,33659449219703674;0,021962536498904228
2588;4111,6220703125;62,291927337646484;66577,5078125;-395,74029541015625;8,017223358154297;5,42556095123291;1,2434284687042236;0,4997349679470062;0,3340420722961426;0,021929481998085976
2589;4111,6220703125;62,291927337646484;66577,5078125;-406,5440368652344;8,592781066894531;5,108781814575195;1,248660683631897;0,4976189434528351;0,3344215154647827;0,022102663293480873
2590;4111,6220703125;62,291927337646484;66577,5078125;-393,32635498046875;6,817155838012695;3,3244616985321045;1,2891943454742432;0,49227410554885864;0,3417850732803345;0,022764958441257477
2591;4111,6220703125;62,291927337646484;66577,5078125;-365,2095642089844;17,566143035888672;0,6125138401985168;1,2878103256225586;0,5019689202308655;0,3430664837360382;0,023008907213807106
2592;4111,6220703125;62,291927337646484;66577,5078125;-393,2066955566406;3,7542078495025635;4,335201740264893;1,2755242586135864;0,5015420913696289;0,3406963348388672;0,022941144183278084
2593;4111,6220703125;62,291927337646484;66577,5078125;-353,7683410644531;19,78862762451172;0,431130975484848;1,2848005294799805;0,498270720243454;0,3425876796245575;0,023163989186286926
2594;4111,6220703125;62,291927337646484;66577,5078125;-401,41876220703125;14,29250431060791;3,5370113849639893;1,2387001514434814;0,4880717396736145;0,3319595158100128;0,0224318727850914
2595;4111,6220703125;62,291927337646484;66577,5078125;-386,5943603515625;16,427820205688477;2,5571296215057373;1,2618165016174316;0,48538389801979065;0,3372766971588135;0,02287609875202179
2596;4111,6220703125;62,291927337646484;66577,5078125;-374,8470458984375;21,264657974243164;1,614767074584961;1,2899210453033447;0,49903765320777893;0,3461039066314697;0,023636694997549057
2597;4111,6220703125;62,291927337646484;66577,5078125;-363,649658203125;30,87890625;-0,24616560339927673;1,2426272630691528;0,47986742854118347;0,3343345522880554;0,0227462500333786
2598;4111,6220703125;62,291927337646484;66577,5078125;-371,8667907714844;35,98310089111328;-1,1569709777832031;1,275667667388916;0,4740276038646698;0,342175155878067;0,023287231102585793
2599;4111,6220703125;62,291927337646484;66577,5078125;-375,67413330078125;44,56260681152344;0,9734109044075012;1,2049250602722168;0,4652993083000183;0,3265671133995056;0,022181913256645203
2600;4111,6220703125;62,291927337646484;66577,5078125;-405,59423828125;50,935569763183594;3,0144176483154297;1,2579401731491089;0,47002914547920227;0,34056779742240906;0,023200085386633873
2601;4111,6220703125;62,291927337646484;66577,5078125;-383,08001708984375;69,66543579101562;-0,5260710716247559;1,2760283946990967;0,46602773666381836;0,3459167778491974;0,023528780788183212
2602;4111,6220703125;62,291927337646484;66577,5078125;-409,5754089355469;78,22924041748047;1,3177884817123413;1,280474066734314;0,48070693016052246;0,3501746654510498;0,023963671177625656
2603;4111,6220703125;62,291927337646484;66577,5078125;-386,28070068359375;88,79430389404297;-0,8595289587974548;1,24653160572052;0,45060256123542786;0,34090590476989746;0,023044953122735023
2604;4111,6220703125;62,291927337646484;66577,5078125;-412,160400390625;83,0179672241211;2,4979562759399414;1,2408965826034546;0,4626462161540985;0,3424842357635498;0,023287862539291382
2605;4111,6220703125;62,291927337646484;66577,5078125;-448,9621276855469;85,1577377319336;3,224565267562866;1,239786148071289;0,4524805247783661;0,343129962682724;0,023203803226351738
2606;4111,6220703125;62,291927337646484;66577,5078125;-443,79473876953125;90,5645980834961;4,237401485443115;1,2503411769866943;0,46109697222709656;0,34834033250808716;0,02362864650785923
2607;4111,6220703125;62,291927337646484;66577,5078125;-447,6059875488281;93,21965026855469;5,462119102478027;1,2132576704025269;0,4463198184967041;0,33976125717163086;0,02289915829896927
2608;4111,6220703125;62,291927337646484;66577,5078125;-452,7557678222656;92,17989349365234;4,875192642211914;1,2224538326263428;0,4437466561794281;0,34377121925354004;0,023089449852705002
2609;4111,6220703125;62,291927337646484;66577,5078125;-400,37841796875;102,62612915039062;2,697876453399658;1,2207180261611938;0,44414353370666504;0,34523823857307434;0,023167476058006287
2610;4111,6220703125;62,291927337646484;66577,5078125;-418,71331787109375;88,87114715576172;4,589475154876709;1,2225662469863892;0,4394894242286682;0,34730517864227295;0,02319101057946682
2611;4111,6220703125;62,291927337646484;66577,5078125;-448,154052734375;75,4881820678711;5,710068225860596;1,209675908088684;0,44572189450263977;0,34611836075782776;0,02321460098028183
2612;4111,6220703125;62,291927337646484;66577,5078125;-393,7052307128906;92,36511993408203;5,156471252441406;1,2010746002197266;0,43240416049957275;0,34489038586616516;0,022894661873579025
2613;4111,6220703125;62,291927337646484;66577,5078125;-386,72882080078125;123,37307739257812;3,2817161083221436;1,2071449756622314;0,440510630607605;0,3486810624599457;0,023238157853484154
2614;4111,6220703125;62,291927337646484;66577,5078125;-423,5062255859375;130,8127899169922;6,9296088218688965;1,2232762575149536;0,4411795735359192;0,3548368811607361;0,0235575083643198
2615;4111,6220703125;62,291927337646484;66577,5078125;-473,912841796875;126,42547607421875;9,732565879821777;1,1822431087493896;0,42987337708473206;0,3446640968322754;0,022788872942328453
2616;4111,6220703125;62,291927337646484;66577,5078125;-429,8923034667969;152,3211212158203;6,653278350830078;1,187508225440979;0,4310927391052246;0,3477221429347992;0,022954221814870834
2617;4111,6220703125;62,291927337646484;66577,5078125;-447,873779296875;155,83995056152344;9,1561861038208;1,2080869674682617;0,43604961037635803;0,3551958203315735;0,023410433903336525
2618;4111,6220703125;62,291927337646484;66577,5078125;-431,3758239746094;175,7486114501953;7,375274658203125;1,1836832761764526;0,42788833379745483;0,34941989183425903;0,022927265614271164
2619;4111,6220703125;62,291927337646484;66577,5078125;-420,7393493652344;202,18299865722656;5,9263200759887695;1,1748000383377075;0,4219094514846802;0,3481076657772064;0,022681940346956253
2620;4111,6220703125;62,291927337646484;66577,5078125;-461,1278991699219;216,11166381835938;8,242170333862305;1,192453384399414;0,4286673665046692;0,35459673404693604;0,023124434053897858
2621;4111,6220703125;62,291927337646484;66577,5078125;-484,7357177734375;235,1586151123047;10,501588821411133;1,1697059869766235;0,42090171575546265;0,34896859526634216;0,02264334075152874
2622;4111,6220703125;62,291927337646484;66577,5078125;-506,3735046386719;248,7439422607422;12,095378875732422;1,1778614521026611;0,4253072142601013;0,3523937463760376;0,02289808727800846
2623;4111,6220703125;62,291927337646484;66577,5078125;-509,95269775390625;266,5198974609375;11,567438125610352;1,1854114532470703;0,4256800413131714;0,35582032799720764;0,02295810729265213
2624;4111,6220703125;62,291927337646484;66577,5078125;-496,87823486328125;278,2427673339844;9,764789581298828;1,2073780298233032;0,4345068335533142;0,3633107841014862;0,02347123622894287
2625;4111,6220703125;62,291927337646484;66577,5078125;-493,66058349609375;292,78179931640625;10,855539321899414;1,2076414823532104;0,4370116889476776;0,36396023631095886;0,023577166721224785
2626;4111,6220703125;62,291927337646484;66577,5078125;-519,7315673828125;320,9720764160156;12,814193725585938;1,1920228004455566;0,4313630163669586;0,3601168394088745;0,023143509402871132
2627;4111,6220703125;62,291927337646484;66577,5078125;-559,5890502929688;331,818603515625;17,84813117980957;1,1838046312332153;0,4302319288253784;0,35799723863601685;0,023015962913632393
2628;4111,6220703125;62,291927337646484;66577,5078125;-589,3793334960938;333,4593200683594;18,152568817138672;1,172926902770996;0,4278854429721832;0,35487616062164307;0,02282489836215973
2629;4111,6220703125;62,291927337646484;66577,5078125;-625,934814453125;345,0938720703125;19,62191390991211;1,1728942394256592;0,42907553911209106;0,35567498207092285;0,022675208747386932
2630;4111,6220703125;62,291927337646484;66577,5078125;-648,53662109375;349,6831970214844;22,793102264404297;1,2068198919296265;0,4429621994495392;0,3654593825340271;0,023579571396112442
2631;4111,6220703125;62,291927337646484;66577,5078125;-637,9993896484375;336,9638671875;23,16986083984375;1,1792606115341187;0,43489083647727966;0,35745832324028015;0,022870613262057304
2632;4111,6220703125;62,291927337646484;66577,5078125;-643,7366943359375;350,3905029296875;23,345470428466797;1,1608622074127197;0,428600549697876;0,35112816095352173;0,022539520636200905
2633;4111,6220703125;62,291927337646484;66577,5078125;-689,0869140625;387,49188232421875;25,054866790771484;1,168727159500122;0,43424996733665466;0,35367774963378906;0,02262299694120884
2634;4111,6220703125;62,291927337646484;66577,5078125;-701,8624267578125;397,22357177734375;26,064878463745117;1,1936256885528564;0,4451356530189514;0,36072105169296265;0,02317207306623459
2635;4111,6220703125;62,291927337646484;66577,5078125;-691,0869140625;400,65118408203125;26,056324005126953;1,1721279621124268;0,43958723545074463;0,3538609743118286;0,022631259635090828
2636;4111,6220703125;62,291927337646484;66577,5078125;-717,6610107421875;432,0251770019531;27,305309295654297;1,1978342533111572;0,45214343070983887;0,36116811633110046;0,023150578141212463
2637;4111,6220703125;62,291927337646484;66577,5078125;-747,8638305664062;440,7329406738281;27,96200942993164;1,1782225370407104;0,4448205232620239;0,3540145456790924;0,022720592096447945
2638;4111,6220703125;62,291927337646484;66577,5078125;-749,1414794921875;452,9610290527344;29,86794662475586;1,1746512651443481;0,4448704421520233;0,3519170582294464;0,022604648023843765
2639;4111,6220703125;62,291927337646484;66577,5078125;-801,719970703125;477,2610168457031;31,380573272705078;1,184865117073059;0,45203137397766113;0,3542051613330841;0,022756673395633698
2640;4111,6220703125;62,291927337646484;66577,5078125;-824,383544921875;502,0550842285156;32,80750274658203;1,18497633934021;0,4509274959564209;0,35250672698020935;0,022750696167349815
2641;4111,6220703125;62,291927337646484;66577,5078125;-844,254638671875;518,2393188476562;35,41073226928711;1,177907109260559;0,4461043179035187;0,34844970703125;0,02257182076573372
2642;4111,6220703125;62,291927337646484;66577,5078125;-830,2213134765625;545,2684936523438;36,14926528930664;1,1925392150878906;0,45815327763557434;0,35222676396369934;0,02278032712638378
2643;4111,6220703125;62,291927337646484;66577,5078125;-832,787109375;567,5521850585938;32,054527282714844;1,1818217039108276;0,4544052183628082;0,3473548889160156;0,0224811639636755
2644;4111,6220703125;62,291927337646484;66577,5078125;-845,364013671875;593,5772094726562;33,072113037109375;1,1786117553710938;0,45608922839164734;0,3450494706630707;0,02232215739786625
2645;4111,6220703125;62,291927337646484;66577,5078125;-818,2005004882812;600,7484130859375;29,81928253173828;1,1847255229949951;0,4588252902030945;0,344978004693985;0,02238527499139309
2646;4111,6220703125;62,291927337646484;66577,5078125;-802,66845703125;610,6596069335938;31,374704360961914;1,2134368419647217;0,4739368259906769;0,3519092798233032;0,022916430607438087
2647;4111,6220703125;62,291927337646484;66577,5078125;-804,5286865234375;632,1444091796875;29,537076950073242;1,2116155624389648;0,4713991582393646;0,3490273952484131;0,022802727296948433
2648;4111,6220703125;62,291927337646484;66577,5078125;-771,4862670898438;639,0892944335938;27,75273895263672;1,2141225337982178;0,47721967101097107;0,3483031392097473;0,022743772715330124
2649;4111,6220703125;62,291927337646484;66577,5078125;-773,2130737304688;656,8235473632812;26,270994186401367;1,2476458549499512;0,49886012077331543;0,3568519055843353;0,02333894930779934
2650;4111,6220703125;62,291927337646484;66577,5078125;-728,554443359375;662,0104370117188;23,69619369506836;1,210058569908142;0,4785890579223633;0,34315648674964905;0,022451499477028847
2651;4111,6220703125;62,291927337646484;66577,5078125;-704,5072021484375;671,891357421875;24,036104202270508;1,2297230958938599;0,4839216470718384;0,3461363911628723;0,022778039798140526
2652;4111,6220703125;62,291927337646484;66577,5078125;-671,9668579101562;685,31201171875;20,517398834228516;1,2216176986694336;0,4767095148563385;0,3410792350769043;0,022498663514852524
2653;4111,6220703125;62,291927337646484;66577,5078125;-651,5008544921875;704,0139770507812;17,26338768005371;1,2273520231246948;0,4814467430114746;0,34074774384498596;0,022504160180687904
2654;4111,6220703125;62,291927337646484;66577,5078125;-577,7098999023438;692,9969482421875;14,520110130310059;1,2468451261520386;0,49296990036964417;0,34435513615608215;0,022795965895056725
2655;4111,6220703125;62,291927337646484;66577,5078125;-573,0526733398438;714,13330078125;14,504826545715332;1,2313463687896729;0,4970393180847168;0,3390854597091675;0,022334590554237366
2656;4111,6220703125;62,291927337646484;66577,5078125;-525,8912353515625;717,96826171875;12,15738296508789;1,2555454969406128;0,49835205078125;0,34245115518569946;0,022734493017196655
2657;4111,6220703125;62,291927337646484;66577,5078125;-578,8941650390625;741,96337890625;12,482048988342285;1,2685213088989258;0,5136409997940063;0,34496673941612244;0,02287776954472065
2658;4111,6220703125;62,291927337646484;66577,5078125;-562,0984497070312;752,623291015625;11,840606689453125;1,2618829011917114;0,4949685335159302;0,33913207054138184;0,022610044106841087
2659;4111,6220703125;62,291927337646484;66577,5078125;-549,2819213867188;761,5756225585938;13,335302352905273;1,2726590633392334;0,5149123668670654;0,3417123258113861;0,022711554542183876
2660;4111,6220703125;62,291927337646484;66577,5078125;-525,8609619140625;769,7931518554688;9,260183334350586;1,2893731594085693;0,5309450030326843;0,34517645835876465;0,022924836724996567
2661;4111,6220703125;62,291927337646484;66577,5078125;-516,7623901367188;789,8443603515625;7,166710376739502;1,2995705604553223;0,5047262907028198;0,3425876200199127;0,02297626994550228
2662;4111,6220703125;62,291927337646484;66577,5078125;-533,6510620117188;807,869140625;9,27015209197998;1,27639901638031;0,503078818321228;0,33544811606407166;0,022385990247130394
2663;4111,6220703125;62,291927337646484;66577,5078125;-532,9171752929688;823,202880859375;8,322760581970215;1,2866960763931274;0,5204001069068909;0,3378211259841919;0,022480875253677368
2664;4111,6220703125;62,291927337646484;66577,5078125;-577,08740234375;846,2637329101562;9,465021133422852;1,3081446886062622;0,5293461680412292;0,3418378531932831;0,022783199325203896
2665;4111,6220703125;62,291927337646484;66577,5078125;-580,1508178710938;854,9444580078125;8,090682029724121;1,3016846179962158;0,520963191986084;0,3380838930606842;0,02251317724585533
2666;4111,6220703125;62,291927337646484;66577,5078125;-639,0875244140625;866,9153442382812;11,867525100708008;1,3276323080062866;0,5312071442604065;0,3434518873691559;0,022897355258464813
2667;4111,6220703125;62,291927337646484;66577,5078125;-610,7416381835938;869,4027099609375;10,328486442565918;1,3200337886810303;0,5242434144020081;0,33992940187454224;0,02260293997824192
2668;4111,6220703125;62,291927337646484;66577,5078125;-630,6965942382812;879,1316528320312;13,226613998413086;1,316457748413086;0,525801420211792;0,33828005194664;0,022406477481126785
2669;4111,6220703125;62,291927337646484;66577,5078125;-635,5198364257812;880,8721923828125;13,078862190246582;1,3248238563537598;0,521087646484375;0,33888760209083557;0,022419555112719536
2670;4111,6220703125;62,291927337646484;66577,5078125;-679,1788330078125;891,9259033203125;13,895430564880371;1,3469451665878296;0,5385388135910034;0,344649076461792;0,022741621360182762
2671;4111,6220703125;62,291927337646484;66577,5078125;-677,2095947265625;890,4841918945312;13,247868537902832;1,3230054378509521;0,5274150967597961;0,3379315733909607;0,0221407450735569
2672;4111,6220703125;62,291927337646484;66577,5078125;-710,3414916992188;894,9107666015625;15,9362211227417;1,3207405805587769;0,5324509143829346;0,33755481243133545;0,021979425102472305
2673;4111,6220703125;62,291927337646484;66577,5078125;-722,5155029296875;886,8859252929688;15,808053016662598;1,3415876626968384;0,5328015685081482;0,3421732783317566;0,02223680540919304
2674;4111,6220703125;62,291927337646484;66577,5078125;-718,595703125;876,7720336914062;16,1311092376709;1,3377283811569214;0,5250084400177002;0,34086620807647705;0,02201826125383377
2675;4111,6220703125;62,291927337646484;66577,5078125;-750,0750732421875;876,5451049804688;17,774322509765625;1,3784935474395752;0,5405251383781433;0,3515777885913849;0,02266656421124935
2676;4111,6220703125;62,291927337646484;66577,5078125;-776,7821655273438;876,9246215820312;17,855518341064453;1,3675410747528076;0,5530511140823364;0,3504575788974762;0,022373085841536522
2677;4111,6220703125;62,291927337646484;66577,5078125;-736,4487915039062;862,1034545898438;15,54994010925293;1,355054497718811;0,542064368724823;0,347570538520813;0,021999042481184006
2678;4111,6220703125;62,291927337646484;66577,5078125;-784,3876342773438;867,5635986328125;18,19806671142578;1,356613278388977;0,5418751835823059;0,3488261103630066;0,02190455049276352
2679;4111,6220703125;62,291927337646484;66577,5078125;-848,90185546875;877,3866577148438;20,97075843811035;1,377069354057312;0,5523116588592529;0,35532107949256897;0,02217263914644718
2680;4111,6220703125;62,291927337646484;66577,5078125;-810,1820068359375;864,838134765625;19,04315185546875;1,3662109375;0,5499491691589355;0,3538965880870819;0,021852701902389526
2681;4111,6220703125;62,291927337646484;66577,5078125;-796,705810546875;860,432861328125;20,282320022583008;1,3535956144332886;0,5294341444969177;0,3513120412826538;0,021467706188559532
2682;4111,6220703125;62,291927337646484;66577,5078125;-795,233154296875;855,8074951171875;22,492107391357422;1,38950514793396;0,5460200309753418;0,3624275028705597;0,022023988887667656
2683;4111,6220703125;62,291927337646484;66577,5078125;-780,4257202148438;852,296875;21,59747886657715;1,4041872024536133;0,5581451058387756;0,3683723211288452;0,022193556651473045
2684;4111,6220703125;62,291927337646484;66577,5078125;-795,5624389648438;847,1973876953125;20,99431800842285;1,378051996231079;0,5643823742866516;0,3640696704387665;0,021613817662000656
2685;4111,6220703125;62,291927337646484;66577,5078125;-782,325439453125;845,8877563476562;22,541955947875977;1,3737329244613647;0,5336034297943115;0,3640056848526001;0,021388286724686623
2686;4111,6220703125;62,291927337646484;66577,5078125;-830,914306640625;851,975830078125;28,169782638549805;1,370150089263916;0,5346873998641968;0,36537274718284607;0,021221809089183807
2687;4111,6220703125;62,291927337646484;66577,5078125;-796,1551513671875;841,7614135742188;25,91282844543457;1,3813713788986206;0,5583990812301636;0,3711887001991272;0,021338222548365593
2688;4111,6220703125;62,291927337646484;66577,5078125;-832,6673583984375;844,3758544921875;28,526365280151367;1,376339077949524;0,5511295199394226;0,37211546301841736;0,021138988435268402
2689;4111,6220703125;62,291927337646484;66577,5078125;-833,3740844726562;830,1155395507812;31,996082305908203;1,3485422134399414;0,5276674032211304;0,3668630123138428;0,020524384453892708
2690;4111,6220703125;62,291927337646484;66577,5078125;-829,0758666992188;820,1912841796875;31,462148666381836;1,3374860286712646;0,5242285132408142;0,366420179605484;0,020226238295435905
2691;4111,6220703125;62,291927337646484;66577,5078125;-839,4061889648438;803,207763671875;30,33941078186035;1,3530824184417725;0,532245934009552;0,37335556745529175;0,02041378617286682
2692;4111,6220703125;62,291927337646484;66577,5078125;-822,407958984375;787,3439331054688;31,657379150390625;1,326718807220459;0,5022292137145996;0,36870649456977844;0,019836314022541046
2693;4111,6220703125;62,291927337646484;66577,5078125;-821,3656616210938;776,8778076171875;33,40583801269531;1,3366647958755493;0,5200179219245911;0,3742055296897888;0,019930340349674225
2694;4111,6220703125;62,291927337646484;66577,5078125;-859,1074829101562;778,0405883789062;34,83456802368164;1,395330786705017;0,543384313583374;0,3935074806213379;0,02089472860097885
2695;4111,6220703125;62,291927337646484;66577,5078125;-889,439697265625;768,1747436523438;39,19938659667969;1,3207039833068848;0,49494239687919617;0,37545451521873474;0,01947432942688465
2696;4111,6220703125;62,291927337646484;66577,5078125;-862,9817504882812;750,35986328125;39,371578216552734;1,331550121307373;0,5133585929870605;0,381137877702713;0,019578369334340096
2697;4111,6220703125;62,291927337646484;66577,5078125;-834,0923461914062;757,336181640625;38,74513626098633;1,3522727489471436;0,5131050944328308;0,3900887370109558;0,019876986742019653
2698;4111,6220703125;62,291927337646484;66577,5078125;-858,5638427734375;753,3392333984375;43,17985153198242;1,308955192565918;0,48873668909072876;0,38057613372802734;0,019031286239624023
2699;4111,6220703125;62,291927337646484;66577,5078125;-859,0979614257812;756,3304443359375;38,29727554321289;1,2884023189544678;0,4765622913837433;0,37749215960502625;0,018594592809677124
2700;4111,6220703125;62,291927337646484;66577,5078125;-859,1568603515625;759,5081176757812;38,991676330566406;1,2992051839828491;0,4839426577091217;0,38327857851982117;0,018709881231188774
2701;4111,6220703125;62,291927337646484;66577,5078125;-865,7603759765625;759,1748657226562;44,877037048339844;1,2730157375335693;0,4702223241329193;0,37835580110549927;0,018174704164266586
2702;4111,6220703125;62,291927337646484;66577,5078125;-889,0167846679688;762,887939453125;46,031982421875;1,2748416662216187;0,47203272581100464;0,38144347071647644;0,01813207007944584
2703;4111,6220703125;62,291927337646484;66577,5078125;-894,51220703125;760,8363647460938;48,405738830566406;1,244278907775879;0,4557833969593048;0,37503674626350403;0,017526065930724144
2704;4111,6220703125;62,291927337646484;66577,5078125;-851,3154907226562;740,249267578125;45,900123596191406;1,2357115745544434;0,44393908977508545;0,3754090964794159;0,01733568124473095
2705;4111,6220703125;62,291927337646484;66577,5078125;-853,748779296875;736,41162109375;48,47793960571289;1,2561018466949463;0,4536760449409485;0,3838666081428528;0,01762932352721691
2706;4111,6220703125;62,291927337646484;66577,5078125;-867,4117431640625;735,1199951171875;42,51545715332031;1,231265664100647;0,4471084773540497;0,37837666273117065;0,017099587246775627
2707;4111,6220703125;62,291927337646484;66577,5078125;-854,26318359375;729,15966796875;45,41123580932617;1,2037878036499023;0,4142202138900757;0,3739299774169922;0,016648869961500168
2708;4111,6220703125;62,291927337646484;66577,5078125;-882,7965087890625;702,0863037109375;49,31707000732422;1,227914571762085;0,4413251578807831;0,381996750831604;0,01692814566195011
2709;4111,6220703125;62,291927337646484;66577,5078125;-877,1660766601562;688,2359619140625;44,121803283691406;1,1904960870742798;0,41592082381248474;0,3734680116176605;0,016269098967313766
2710;4111,6220703125;62,291927337646484;66577,5078125;-813,4241333007812;661,0630493164062;39,930450439453125;1,1579575538635254;0,40200361609458923;0,3653965890407562;0,01563091389834881
2711;4111,6220703125;62,291927337646484;66577,5078125;-848,5983276367188;653,420166015625;42,514522552490234;1,1172027587890625;0,3892672657966614;0,35408416390419006;0,01479063555598259
2712;4111,6220703125;62,291927337646484;66577,5078125;-836,4319458007812;638,6371459960938;51,64482879638672;1,1097297668457031;0,37122976779937744;0,3552146255970001;0,014744563028216362
2713;4111,6220703125;62,291927337646484;66577,5078125;-813,7622680664062;600,1677856445312;43,0676383972168;1,1280248165130615;0,38833582401275635;0,36122047901153564;0,014920207671821117
2714;4111,6220703125;62,291927337646484;66577,5078125;-848,5989990234375;588,1253662109375;46,86188507080078;1,0845264196395874;0,35593146085739136;0,3512025475502014;0,014249388128519058
2715;4111,6220703125;62,291927337646484;66577,5078125;-789,1317749023438;546,180908203125;44,51934814453125;1,0934487581253052;0,3627496659755707;0,3549121916294098;0,014333479106426239
2716;4111,6220703125;62,291927337646484;66577,5078125;-810,3942260742188;536,4949951171875;46,21279525756836;1,0858601331710815;0,35109004378318787;0,3552994132041931;0,014257379807531834
2717;4111,6220703125;62,291927337646484;66577,5078125;-796,2750854492188;504,8243713378906;43,14825439453125;1,0262718200683594;0,3250560164451599;0,33827754855155945;0,013171072117984295
2718;4111,6220703125;62,291927337646484;66577,5078125;-839,54150390625;490,0457458496094;45,8770866394043;1,0387721061706543;0,3314303755760193;0,34312674403190613;0,013360178098082542
2719;4111,6220703125;62,291927337646484;66577,5078125;-828,0951538085938;462,0971984863281;49,135032653808594;1,0377168655395508;0,335338294506073;0,34284210205078125;0,013234449550509453
2720;4111,6220703125;62,291927337646484;66577,5078125;-832,7301025390625;438,8110656738281;46,84552001953125;1,0241401195526123;0,326017826795578;0,3404574394226074;0,013038668781518936
2721;4111,6220703125;62,291927337646484;66577,5078125;-812,3938598632812;423,0316467285156;44,36150360107422;1,0277057886123657;0,32202067971229553;0,34397125244140625;0,01318866852670908
2722;4111,6220703125;62,291927337646484;66577,5078125;-796,118408203125;410,61614990234375;46,02011489868164;1,0319664478302002;0,32826128602027893;0,34466174244880676;0,013146553188562393
2723;4111,6220703125;62,291927337646484;66577,5078125;-772,8744506835938;385,1870422363281;47,50567626953125;1,0011563301086426;0,31094691157341003;0,33779680728912354;0,012726978398859501
2724;4111,6220703125;62,291927337646484;66577,5078125;-776,4078979492188;353,0157775878906;41,49980163574219;0,9930068850517273;0,3103601932525635;0,33507317304611206;0,012524587102234364
2725;4111,6220703125;62,291927337646484;66577,5078125;-713,9906616210938;342,55706787109375;38,13017272949219;1,0135542154312134;0,3178960680961609;0,34212976694107056;0,01289677619934082
2726;4111,6220703125;62,291927337646484;66577,5078125;-721,4644775390625;319,9923095703125;42,16204833984375;0,9649176001548767;0,2992312014102936;0,3285217881202698;0,012095600366592407
2727;4111,6220703125;62,291927337646484;66577,5078125;-663,41845703125;292,0899353027344;41,96595764160156;0,9565474390983582;0,29815560579299927;0,32557275891304016;0,011903665028512478
2728;4111,6220703125;62,291927337646484;66577,5078125;-630,3804321289062;264,1691589355469;37,080116271972656;0,94537752866745;0,295656681060791;0,32187771797180176;0,011671539396047592
2729;4111,6220703125;62,291927337646484;66577,5078125;-621,1793823242188;236,01792907714844;39,14541244506836;0,9268476366996765;0,2901920676231384;0,3167033791542053;0,011372450739145279
2730;4111,6220703125;62,291927337646484;66577,5078125;-666,2041015625;228,1864471435547;36,822052001953125;0,9454174041748047;0,29707106947898865;0,3237142860889435;0,01180726196616888
2731;4111,6220703125;62,291927337646484;66577,5078125;-631,2390747070312;197,683349609375;37,56745529174805;0,9207296967506409;0,29064640402793884;0,3150239586830139;0,011299331672489643
2732;4111,6220703125;62,291927337646484;66577,5078125;-619,9306030273438;178,98513793945312;31,117921829223633;0,9802632331848145;0,31088560819625854;0,3353799879550934;0,012533706612884998
2733;4111,6220703125;62,291927337646484;66577,5078125;-580,9310913085938;167,7945556640625;27,192955017089844;0,9700731635093689;0,30929356813430786;0,3319846987724304;0,01237232144922018
2734;4111,6220703125;62,291927337646484;66577,5078125;-585,1983032226562;153,9584197998047;31,96482276916504;0,926184356212616;0,29792508482933044;0,31798017024993896;0,011591745540499687
2735;4111,6220703125;62,291927337646484;66577,5078125;-611,7928466796875;141,36724853515625;32,018917083740234;0,9875057935714722;0,31826505064964294;0,3374353051185608;0,012781145982444286
2736;4111,6220703125;62,291927337646484;66577,5078125;-586,0486450195312;106,22763061523438;33,952903747558594;0,9203477501869202;0,3026071786880493;0,317302405834198;0,011654329486191273
2737;4111,6220703125;62,291927337646484;66577,5078125;-607,2108154296875;82,61451721191406;30,311267852783203;0,9440693855285645;0,31127646565437317;0,32395538687705994;0,012120303697884083
2738;4111,6220703125;62,291927337646484;66577,5078125;-601,1409301757812;69,21910095214844;29,86090660095215;0,9636670351028442;0,3206063210964203;0,3303905427455902;0,012567148543894291
2739;4111,6220703125;62,291927337646484;66577,5078125;-609,5257568359375;77,67914581298828;31,69319725036621;0,967810332775116;0,3226236402988434;0,3302033245563507;0,01264426950365305
2740;4111,6220703125;62,291927337646484;66577,5078125;-595,8287353515625;80,67341613769531;29,30450439453125;0,9607306122779846;0,32358747720718384;0,3275122046470642;0,012575497850775719
2741;4111,6220703125;62,291927337646484;66577,5078125;-614,0112915039062;60,98676681518555;32,067020416259766;1,0071343183517456;0,34701430797576904;0,3447374403476715;0,013632073998451233
2742;4111,6220703125;62,291927337646484;66577,5078125;-648,9632568359375;56,034873962402344;30,717809677124023;0,9731872081756592;0,3325672149658203;0,329905241727829;0,012918306514620781
2743;4111,6220703125;62,291927337646484;66577,5078125;-639,37939453125;52,63893127441406;31,973827362060547;1,0003031492233276;0,34850525856018066;0,3396299183368683;0,013580650091171265
2744;4111,6220703125;62,291927337646484;66577,5078125;-675,873291015625;43,07522201538086;34,318626403808594;1,0049006938934326;0,3505656123161316;0,33919355273246765;0,013688010163605213
2745;4111,6220703125;62,291927337646484;66577,5078125;-706,9933471679688;35,56309509277344;36,80556869506836;1,0390338897705078;0,35676395893096924;0,3465268909931183;0,014254028908908367
2746;4111,6220703125;62,291927337646484;66577,5078125;-724,3842163085938;38,49357986450195;37,163429260253906;1,068904995918274;0,36535677313804626;0,3537582457065582;0,014809777028858662
2747;4111,6220703125;62,291927337646484;66577,5078125;-697,602783203125;35,09211730957031;38,45555114746094;1,0297532081604004;0,36264100670814514;0,3420206308364868;0,01427240576595068
2748;4111,6220703125;62,291927337646484;66577,5078125;-719,3685913085938;15,305218696594238;38,67401123046875;1,0324820280075073;0,36745232343673706;0,3418053984642029;0,014410990290343761
2749;4111,6220703125;62,291927337646484;66577,5078125;-760,772216796875;3,515923023223877;39,80055618286133;1,0477023124694824;0,37866419553756714;0,3461623787879944;0,014821228571236134
2750;4111,6220703125;62,291927337646484;66577,5078125;-769,5498657226562;-19,866361618041992;38,635494232177734;1,0397553443908691;0,3817002475261688;0,34277674555778503;0,014782060869038105
2751;4111,6220703125;62,291927337646484;66577,5078125;-789,2099609375;-47,45954895019531;37,28321838378906;1,0667906999588013;0,3985064625740051;0,3510217070579529;0,01542578637599945
2752;4111,6220703125;62,291927337646484;66577,5078125;-784,78466796875;-67,11780548095703;40,980384826660156;1,0634617805480957;0,39395439624786377;0,34633639454841614;0,015356695279479027
2753;4111,6220703125;62,291927337646484;66577,5078125;-764,2285766601562;-90,62540435791016;38,922935485839844;1,0615997314453125;0,3939456343650818;0,34323960542678833;0,015366749837994576
2754;4111,6220703125;62,291927337646484;66577,5078125;-827,4166259765625;-129,8561553955078;40,84869384765625;1,0830594301223755;0,4062122702598572;0,3485570549964905;0,015879567712545395
2755;4111,6220703125;62,291927337646484;66577,5078125;-815,7376098632812;-163,03355407714844;43,23610305786133;1,0738779306411743;0,42000195384025574;0,34729352593421936;0,015947619453072548
2756;4111,6220703125;62,291927337646484;66577,5078125;-803,8040161132812;-180,6400909423828;40,55431365966797;1,108001947402954;0,4302786886692047;0,3545755445957184;0,016626128926873207
2757;4111,6220703125;62,291927337646484;66577,5078125;-765,2814331054688;-194,86363220214844;36,56864929199219;1,1715972423553467;0,4365794062614441;0,3672669231891632;0,017678527161478996
2758;4111,6220703125;62,291927337646484;66577,5078125;-751,1344604492188;-218,712158203125;36,75714874267578;1,0939100980758667;0,4279923439025879;0,34502482414245605;0,01649695634841919
2759;4111,6220703125;62,291927337646484;66577,5078125;-753,1328735351562;-253,64541625976562;35,622962951660156;1,0878773927688599;0,433681845664978;0,3421802520751953;0,016524910926818848
2760;4111,6220703125;62,291927337646484;66577,5078125;-714,7252807617188;-264,4578552246094;32,972267150878906;1,1054754257202148;0,44601696729660034;0,34603241086006165;0,016982857137918472
2761;4111,6220703125;62,291927337646484;66577,5078125;-684,9172973632812;-275,92010498046875;29,282819747924805;1,1446727514266968;0,4485078454017639;0,3520928919315338;0,01766398921608925
2762;4111,6220703125;62,291927337646484;66577,5078125;-642,2979736328125;-285,9764709472656;28,985055923461914;1,1504384279251099;0,4667685925960541;0,3545845150947571;0,018012620508670807
2763;4111,6220703125;62,291927337646484;66577,5078125;-631,751220703125;-298,52459716796875;28,6677303314209;1,1498076915740967;0,4698488414287567;0,35214099287986755;0,0181034654378891
2764;4111,6220703125;62,291927337646484;66577,5078125;-590,5820922851562;-309,7760314941406;24,289094924926758;1,1429085731506348;0,4628904461860657;0,3461124897003174;0,017999321222305298
2765;4111,6220703125;62,291927337646484;66577,5078125;-578,0914306640625;-316,91973876953125;24,89220428466797;1,1822293996810913;0,4752081036567688;0,35421231389045715;0,01879892684519291
2766;4111,6220703125;62,291927337646484;66577,5078125;-578,29736328125;-318,454345703125;23,274215698242188;1,1846826076507568;0,4761604964733124;0,3520055413246155;0,018922464922070503
2767;4111,6220703125;62,291927337646484;66577,5078125;-586,7186889648438;-336,1317443847656;23,338741302490234;1,1922813653945923;0,47387075424194336;0,3502252995967865;0,01908579282462597
2768;4111,6220703125;62,291927337646484;66577,5078125;-585,323486328125;-346,20343017578125;21,88189125061035;1,1449097394943237;0,4732489585876465;0,3375595808029175;0,018445590510964394
2769;4111,6220703125;62,291927337646484;66577,5078125;-544,4212646484375;-344,1297912597656;20,514846801757812;1,1566492319107056;0,478746622800827;0,3384890854358673;0,01876683346927166
2770;4111,6220703125;62,291927337646484;66577,5078125;-522,4381103515625;-356,83978271484375;19,954648971557617;1,2011483907699585;0,4816555678844452;0,3455547094345093;0,019555741921067238
2771;4111,6220703125;62,291927337646484;66577,5078125;-524,6842041015625;-361,447509765625;18,576133728027344;1,173238754272461;0,4953917860984802;0,34027326107025146;0,019370485097169876
2772;4111,6220703125;62,291927337646484;66577,5078125;-529,6233520507812;-373,4767150878906;18,609882354736328;1,1551069021224976;0,48281538486480713;0,33158525824546814;0,01904595084488392
2773;4111,6220703125;62,291927337646484;66577,5078125;-505,1950378417969;-364,30194091796875;15,954763412475586;1,178884744644165;0,4844077229499817;0,3343850374221802;0,019519468769431114
2774;4111,6220703125;62,291927337646484;66577,5078125;-488,47308349609375;-358,7867126464844;14,732694625854492;1,1977871656417847;0,49166423082351685;0,33744487166404724;0,019985387101769447
2775;4111,6220703125;62,291927337646484;66577,5078125;-508,094970703125;-362,150146484375;14,892645835876465;1,1759542226791382;0,48651304841041565;0,3300269842147827;0,01968691125512123
2776;4111,6220703125;62,291927337646484;66577,5078125;-491,6009521484375;-350,2167663574219;13,61733627319336;1,2163008451461792;0,49168792366981506;0,3371436297893524;0,020460208877921104
2777;4111,6220703125;62,291927337646484;66577,5078125;-501,21856689453125;-338,2070617675781;12,510473251342773;1,1967148780822754;0,5023863911628723;0,33355435729026794;0,020387182012200356
2778;4111,6220703125;62,291927337646484;66577,5078125;-508,63623046875;-333,8064880371094;14,33652400970459;1,1912070512771606;0,4803650975227356;0,3266356885433197;0,02014070190489292
2779;4111,6220703125;62,291927337646484;66577,5078125;-476,4438781738281;-311,11572265625;12,32284164428711;1,1993910074234009;0,48555511236190796;0,32779091596603394;0,02043565921485424
2780;4111,6220703125;62,291927337646484;66577,5078125;-491,6496276855469;-310,780029296875;12,944723129272461;1,2196112871170044;0,49110159277915955;0,33153462409973145;0,020920954644680023
2781;4111,6220703125;62,291927337646484;66577,5078125;-485,5054016113281;-301,7118225097656;11,177201271057129;1,227668285369873;0,4929848909378052;0,33234700560569763;0,021177303045988083
2782;4111,6220703125;62,291927337646484;66577,5078125;-509,0535888671875;-292,47955322265625;13,912817001342773;1,222715973854065;0,4935087263584137;0,33049386739730835;0,0212209764868021
2783;4111,6220703125;62,291927337646484;66577,5078125;-502,9167175292969;-272,5492858886719;13,677464485168457;1,2307401895523071;0,49119263887405396;0,33091747760772705;0,021426603198051453
2784;4111,6220703125;62,291927337646484;66577,5078125;-476,4372863769531;-258,580810546875;13,163934707641602;1,2305673360824585;0,4875052869319916;0,32966431975364685;0,021488821133971214
2785;4111,6220703125;62,291927337646484;66577,5078125;-475,4751281738281;-249,1732940673828;12,326695442199707;1,2405439615249634;0,485720694065094;0,33098873496055603;0,021732361987233162
2786;4111,6220703125;62,291927337646484;66577,5078125;-460,79449462890625;-232,45407104492188;9,640220642089844;1,2846897840499878;0,49372565746307373;0,34107598662376404;0,022631140425801277
2787;4111,6220703125;62,291927337646484;66577,5078125;-487,6947326660156;-233,8761749267578;11,898702621459961;1,2903650999069214;0,5024450421333313;0,3435690701007843;0,02296512946486473
2788;4111,6220703125;62,291927337646484;66577,5078125;-444,7451171875;-221,7039794921875;8,732131958007812;1,250860571861267;0,49341773986816406;0,33414971828460693;0,0223594531416893
2789;4111,6220703125;62,291927337646484;66577,5078125;-462,9486389160156;-225,81027221679688;7,900746822357178;1,2777060270309448;0,48842427134513855;0,3393263518810272;0,022821106016635895
2790;4111,6220703125;62,291927337646484;66577,5078125;-482,25738525390625;-223,93577575683594;8,748114585876465;1,266480803489685;0,4892088770866394;0,3375655710697174;0,022786179557442665
2791;4111,6220703125;62,291927337646484;66577,5078125;-547,7914428710938;-243,33505249023438;13,541070938110352;1,239316463470459;0,47365668416023254;0,33026736974716187;0,02226378582417965
2792;4111,6220703125;62,291927337646484;66577,5078125;-536,0245971679688;-233,08758544921875;12,354742050170898;1,2120989561080933;0,46800991892814636;0,324435830116272;0,02188342623412609
2793;4111,6220703125;62,291927337646484;66577,5078125;-580,5408325195312;-243,9495086669922;13,48047924041748;1,2343355417251587;0,4762105345726013;0,3312569260597229;0,022473298013210297
2794;4111,6220703125;62,291927337646484;66577,5078125;-561,2590942382812;-235,04098510742188;13,972517967224121;1,2875481843948364;0,4831477999687195;0,3449443578720093;0,023523131385445595
2795;4111,6220703125;62,291927337646484;66577,5078125;-581,6332397460938;-240,6492156982422;15,368635177612305;1,2392863035202026;0,4722811281681061;0,3341127336025238;0,02273654192686081
2796;4111,6220703125;62,291927337646484;66577,5078125;-576,9971313476562;-240,9831085205078;15,54308032989502;1,2160371541976929;0,4630323052406311;0,3290872275829315;0,022352509200572968
2797;4111,6220703125;62,291927337646484;66577,5078125;-548,074951171875;-234,93453979492188;13,76950740814209;1,2786431312561035;0,47675520181655884;0,34636279940605164;0,023659365251660347
2798;4111,6220703125;62,291927337646484;66577,5078125;-550,1320190429688;-235,86903381347656;12,673274040222168;1,2443376779556274;0,4712779223918915;0,3394014835357666;0,02316243015229702
2799;4111,6220703125;62,291927337646484;66577,5078125;-551,156005859375;-239,11041259765625;12,640080451965332;1,2740123271942139;0,4623091518878937;0,3470812439918518;0,02358247898519039
2800;4111,6220703125;62,291927337646484;66577,5078125;-551,5919799804688;-227,9970703125;13,860541343688965;1,2615206241607666;0,4614504277706146;0,3458021879196167;0,023495826870203018
2801;4111,6220703125;62,291927337646484;66577,5078125;-570,0830688476562;-222,6506805419922;14,232752799987793;1,2499905824661255;0,45974934101104736;0,34466829895973206;0,02340460754930973
2802;4111,6220703125;62,291927337646484;66577,5078125;-571,6909790039062;-208,4490966796875;14,273576736450195;1,1690483093261719;0,4415459930896759;0,3250714838504791;0,02194599062204361
2803;4111,6220703125;62,291927337646484;66577,5078125;-568,3894653320312;-198,61154174804688;15,940583229064941;1,2559268474578857;0,45872047543525696;0,3497282564640045;0,02369445003569126
2804;4111,6220703125;62,291927337646484;66577,5078125;-539,0524291992188;-180,81101989746094;12,999164581298828;1,2197762727737427;0,43428555130958557;0,34063830971717834;0,02278030849993229
2805;4111,6220703125;62,291927337646484;66577,5078125;-557,12890625;-180,29872131347656;12,852520942687988;1,2534211874008179;0,44338592886924744;0,35179072618484497;0,023555761203169823
2806;4111,6220703125;62,291927337646484;66577,5078125;-547,0635986328125;-166,86892700195312;13,34393310546875;1,2258877754211426;0,4417904019355774;0,34652337431907654;0,02321632206439972
2807;4111,6220703125;62,291927337646484;66577,5078125;-535,620361328125;-157,97933959960938;11,785947799682617;1,2165279388427734;0,44314634799957275;0,3460310995578766;0,02319641225039959
2808;4111,6220703125;62,291927337646484;66577,5078125;-524,0869750976562;-139,68756103515625;12,912615776062012;1,216614007949829;0,4391172230243683;0,3476274311542511;0,023200882598757744
2809;4111,6220703125;62,291927337646484;66577,5078125;-552,4124755859375;-129,034912109375;15,623527526855469;1,1990810632705688;0,4377906024456024;0,3446422517299652;0,022999092936515808
2810;4111,6220703125;62,291927337646484;66577,5078125;-574,3056030273438;-111,72911834716797;15,718755722045898;1,2197134494781494;0,4446530342102051;0,3522801101207733;0,02352512627840042
2811;4111,6220703125;62,291927337646484;66577,5078125;-562,3590087890625;-79,64363861083984;16,455764770507812;1,1899876594543457;0,42958828806877136;0,34515249729156494;0,02283640205860138
2812;4111,6220703125;62,291927337646484;66577,5078125;-554,2504272460938;-62,713375091552734;15,574541091918945;1,1795765161514282;0,42669329047203064;0,3437483608722687;0,022688310593366623
2813;4111,6220703125;62,291927337646484;66577,5078125;-549,4100952148438;-49,70079040527344;12,591021537780762;1,1994208097457886;0,43387115001678467;0,35107526183128357;0,023195499554276466
2814;4111,6220703125;62,291927337646484;66577,5078125;-575,8515625;-25,747554779052734;16,958759307861328;1,188433289527893;0,431741863489151;0,34934619069099426;0,023050474002957344
2815;4111,6220703125;62,291927337646484;66577,5078125;-581,7340087890625;-1,362653374671936;17,130643844604492;1,1795612573623657;0,42787662148475647;0,34808388352394104;0,022883987054228783
2816;4111,6220703125;62,291927337646484;66577,5078125;-610,2946166992188;4,665065765380859;17,9845027923584;1,1839998960494995;0,4305887222290039;0,3506736159324646;0,023060332983732224
2817;4111,6220703125;62,291927337646484;66577,5078125;-558,1551513671875;44,3741569519043;15,929693222045898;1,2025511264801025;0,4311220943927765;0,3574748635292053;0,02332390658557415
2818;4111,6220703125;62,291927337646484;66577,5078125;-590,565673828125;75,58826446533203;18,07588005065918;1,193812608718872;0,4270710349082947;0,35609421133995056;0,02310718595981598
2819;4111,6220703125;62,291927337646484;66577,5078125;-584,7974853515625;104,38356018066406;19,06475067138672;1,1806570291519165;0,42382606863975525;0,3532010614871979;0,022870751097798347
2820;4111,6220703125;62,291927337646484;66577,5078125;-617,122314453125;145,21197509765625;19,56300163269043;1,2188055515289307;0,43645671010017395;0,3657520115375519;0,023673253133893013
2821;4111,6220703125;62,291927337646484;66577,5078125;-637,6505126953125;184,6869659423828;21,348899841308594;1,1984204053878784;0,4329802691936493;0,3602648377418518;0,023381754755973816
2822;4111,6220703125;62,291927337646484;66577,5078125;-638,6422729492188;207,9819793701172;21,211715698242188;1,2054574489593506;0,4351140856742859;0,3633124828338623;0,023480435833334923
2823;4111,6220703125;62,291927337646484;66577,5078125;-640,5120239257812;232,69244384765625;22,72521209716797;1,1536873579025269;0,4186924993991852;0,34808263182640076;0,02240709774196148
2824;4111,6220703125;62,291927337646484;66577,5078125;-691,9898071289062;265,18524169921875;24,39562225341797;1,1811974048614502;0,42897939682006836;0,3571332097053528;0,02297038398683071
2825;4111,6220703125;62,291927337646484;66577,5078125;-708,2393188476562;291,7987060546875;24,00439453125;1,187999963760376;0,43286970257759094;0,3595641851425171;0,023141738027334213
2826;4111,6220703125;62,291927337646484;66577,5078125;-728,2739868164062;319,99066162109375;25,657480239868164;1,1806418895721436;0,43156078457832336;0,35769355297088623;0,022955479100346565
2827;4111,6220703125;62,291927337646484;66577,5078125;-766,3901977539062;342,0166320800781;27,956125259399414;1,1838688850402832;0,4341915547847748;0,35853925347328186;0,023090308532118797
2828;4111,6220703125;62,291927337646484;66577,5078125;-809,4599609375;368,9599304199219;29,603355407714844;1,1870558261871338;0,4372807443141937;0,35992923378944397;0,023071635514497757
2829;4111,6220703125;62,291927337646484;66577,5078125;-819,0071411132812;379,41766357421875;29,517505645751953;1,1960573196411133;0,44101083278656006;0,3618165850639343;0,02339278720319271
2830;4111,6220703125;62,291927337646484;66577,5078125;-855,8952026367188;401,777587890625;34,57118606567383;1,1631783246994019;0,4313361644744873;0,35208240151405334;0,02255343832075596
2831;4111,6220703125;62,291927337646484;66577,5078125;-897,5980224609375;420,9744873046875;34,807151794433594;1,1647891998291016;0,4336988031864166;0,3522372543811798;0,022565647959709167
2832;4111,6220703125;62,291927337646484;66577,5078125;-895,412841796875;421,7142028808594;35,63349151611328;1,166978359222412;0,43483346700668335;0,3520030975341797;0,022640429437160492
2833;4111,6220703125;62,291927337646484;66577,5078125;-931,4873657226562;433,5360412597656;35,214195251464844;1,174888014793396;0,43971681594848633;0,35386234521865845;0,022773314267396927
2834;4111,6220703125;62,291927337646484;66577,5078125;-934,681640625;441,5131530761719;37,240718841552734;1,1702316999435425;0,4404526948928833;0,35191118717193604;0,02260732091963291
2835;4111,6220703125;62,291927337646484;66577,5078125;-978,7973022460938;447,5062561035156;38,31046676635742;1,1935373544692993;0,4531235694885254;0,35850146412849426;0,023045096546411514
2836;4111,6220703125;62,291927337646484;66577,5078125;-990,9210205078125;452,81732177734375;38,89125061035156;1,199992060661316;0,4519479274749756;0,35831382870674133;0,02324138768017292
2837;4111,6220703125;62,291927337646484;66577,5078125;-1010,5543212890625;468,5657043457031;40,01631164550781;1,1500798463821411;0,43505358695983887;0,3424127995967865;0,022056419402360916
2838;4111,6220703125;62,291927337646484;66577,5078125;-998,2335205078125;480,1695861816406;42,54357147216797;1,1484885215759277;0,4371238946914673;0,3409698009490967;0,021946236491203308
2839;4111,6220703125;62,291927337646484;66577,5078125;-998,641357421875;473,5273132324219;44,997215270996094;1,2282253503799438;0,4780105650424957;0,3648086190223694;0,023556619882583618
2840;4111,6220703125;62,291927337646484;66577,5078125;-1003,1932983398438;490,288818359375;43,15633773803711;1,186906099319458;0,4583345055580139;0,3501812517642975;0,022640220820903778
2841;4111,6220703125;62,291927337646484;66577,5078125;-1000,6110229492188;488,61895751953125;41,99519729614258;1,2276777029037476;0,4776837229728699;0,3609423041343689;0,02345663495361805
2842;4111,6220703125;62,291927337646484;66577,5078125;-1040,455810546875;517,29345703125;44,157772064208984;1,1924209594726562;0,4652034342288971;0,3488854169845581;0,022603053599596024
2843;4111,6220703125;62,291927337646484;66577,5078125;-1003,5515747070312;515,5875244140625;41,94987487792969;1,2048555612564087;0,46736380457878113;0,35015448927879333;0,022828824818134308
2844;4111,6220703125;62,291927337646484;66577,5078125;-1012,957763671875;536,9462280273438;41,13312911987305;1,2130892276763916;0,4753180146217346;0,35123753547668457;0,022904671728610992
2845;4111,6220703125;62,291927337646484;66577,5078125;-1037,48583984375;557,0761108398438;43,26706314086914;1,2359145879745483;0,4809829592704773;0,3552510440349579;0,023336360231041908
2846;4111,6220703125;62,291927337646484;66577,5078125;-1003,7626342773438;562,8871459960938;41,689205169677734;1,2215639352798462;0,4755968451499939;0,34904220700263977;0,022932972759008408
2847;4111,6220703125;62,291927337646484;66577,5078125;-980,4805297851562;582,1195678710938;41,6282844543457;1,2103232145309448;0,4752526581287384;0,3442542552947998;0,02258138544857502
2848;4111,6220703125;62,291927337646484;66577,5078125;-971,9793090820312;591,3688354492188;38,875404357910156;1,2427669763565063;0,4847268760204315;0,3508251905441284;0,02319345809519291
2849;4111,6220703125;62,291927337646484;66577,5078125;-986,9218139648438;612,8916015625;39,454193115234375;1,2242752313613892;0,49178972840309143;0,3452962338924408;0,022654786705970764
2850;4111,6220703125;62,291927337646484;66577,5078125;-972,678955078125;627,3966674804688;38,19959259033203;1,2501534223556519;0,49224355816841125;0,3490332067012787;0,023133356124162674
2851;4111,6220703125;62,291927337646484;66577,5078125;-964,546142578125;644,0961303710938;36,7274284362793;1,2549742460250854;0,5011243224143982;0,34901440143585205;0,02311808057129383
2852;4111,6220703125;62,291927337646484;66577,5078125;-1008,101318359375;677,6468505859375;37,69537353515625;1,2731066942214966;0,5226887464523315;0,3535780906677246;0,02336084097623825
2853;4111,6220703125;62,291927337646484;66577,5078125;-1024,744140625;703,5038452148438;37,91597366333008;1,256683588027954;0,5030248165130615;0,34515631198883057;0,02292812429368496
2854;4111,6220703125;62,291927337646484;66577,5078125;-1042,92822265625;732,9075317382812;36,6252326965332;1,263432502746582;0,5061342716217041;0,3448629379272461;0,02295408770442009
2855;4111,6220703125;62,291927337646484;66577,5078125;-1034,333984375;748,8402709960938;35,740631103515625;1,2628602981567383;0,5048128366470337;0,34242314100265503;0,022822046652436256
2856;4111,6220703125;62,291927337646484;66577,5078125;-1060,450927734375;777,970947265625;37,446285247802734;1,2974684238433838;0,5145606398582458;0,3491879999637604;0,023417886346578598
2857;4111,6220703125;62,291927337646484;66577,5078125;-1041,829345703125;797,8204956054688;34,964630126953125;1,2589257955551147;0,4953147768974304;0,33637404441833496;0,022488635033369064
2858;4111,6220703125;62,291927337646484;66577,5078125;-1056,824951171875;826,5885620117188;34,71142578125;1,2805958986282349;0,5130568742752075;0,34122464060783386;0,022818779572844505
2859;4111,6220703125;62,291927337646484;66577,5078125;-1064,1678466796875;852,4361572265625;33,10617446899414;1,3009370565414429;0,515913724899292;0,3441616892814636;0,023099930956959724
2860;4111,6220703125;62,291927337646484;66577,5078125;-1031,8204345703125;871,2262573242188;32,204063415527344;1,2905504703521729;0,5205240249633789;0,34055641293525696;0,022767290472984314
2861;4111,6220703125;62,291927337646484;66577,5078125;-1002,4290161132812;885,9397583007812;30,946914672851562;1,3059842586517334;0,5365369319915771;0,34394800662994385;0,022956952452659607
2862;4111,6220703125;62,291927337646484;66577,5078125;-1008,9920654296875;908,9556274414062;30,049480438232422;1,297956109046936;0,5206921100616455;0,3389427065849304;0,022649992257356644
2863;4111,6220703125;62,291927337646484;66577,5078125;-978,1024780273438;919,6283569335938;29,167198181152344;1,3253233432769775;0,5349193215370178;0,3449382185935974;0,02307150326669216
2864;4111,6220703125;62,291927337646484;66577,5078125;-945,55078125;932,7160034179688;27,434539794921875;1,311697244644165;0,5217844843864441;0,33933359384536743;0,022648660466074944
2865;4111,6220703125;62,291927337646484;66577,5078125;-916,471923828125;933,682373046875;24,82121467590332;1,3345458507537842;0,5341315865516663;0,34437936544418335;0,022975143045186996
2866;4111,6220703125;62,291927337646484;66577,5078125;-935,4611206054688;942,4545288085938;26,082529067993164;1,319622278213501;0,5311591625213623;0,3397875726222992;0,022548118606209755
2867;4111,6220703125;62,291927337646484;66577,5078125;-923,8064575195312;948,6382446289062;25,334230422973633;1,3518835306167603;0,5426642298698425;0,34709250926971436;0,02304556965827942
2868;4111,6220703125;62,291927337646484;66577,5078125;-889,6471557617188;946,0741577148438;22,989259719848633;1,3015539646148682;0,5233306884765625;0,3335830271244049;0,021923916414380074
2869;4111,6220703125;62,291927337646484;66577,5078125;-887,480224609375;941,0728759765625;24,45995330810547;1,3396546840667725;0,5352804660797119;0,34255796670913696;0,022528765723109245
2870;4111,6220703125;62,291927337646484;66577,5078125;-885,9580078125;936,8745727539062;23,304731369018555;1,349785327911377;0,5609661340713501;0,34659329056739807;0,022626768797636032
2871;4111,6220703125;62,291927337646484;66577,5078125;-866,248046875;929,00146484375;21,643484115600586;1,362310528755188;0,5473537445068359;0,34814217686653137;0,022707127034664154
2872;4111,6220703125;62,291927337646484;66577,5078125;-864,4348754882812;916,8492431640625;24,832239151000977;1,362844705581665;0,5350931286811829;0,34741899371147156;0,022551389411091805
2873;4111,6220703125;62,291927337646484;66577,5078125;-855,4515380859375;910,6748046875;22,655271530151367;1,3400118350982666;0,5450473427772522;0,3432183265686035;0,022028015926480293
2874;4111,6220703125;62,291927337646484;66577,5078125;-863,7667846679688;895,7922973632812;23,251728057861328;1,3339325189590454;0,5303699970245361;0,34125396609306335;0,021760540083050728
2875;4111,6220703125;62,291927337646484;66577,5078125;-842,02099609375;880,6058349609375;22,480552673339844;1,3593113422393799;0,545075535774231;0,3486923575401306;0,022127915173768997
2876;4111,6220703125;62,291927337646484;66577,5078125;-831,7094116210938;869,6712646484375;23,314525604248047;1,3478542566299438;0,543151319026947;0,34673169255256653;0,021791450679302216
2877;4111,6220703125;62,291927337646484;66577,5078125;-777,705322265625;838,8678588867188;21,16364097595215;1,371169090270996;0,5579910278320312;0,3540427088737488;0,022116074338555336
2878;4111,6220703125;62,291927337646484;66577,5078125;-784,0717163085938;839,155029296875;20,557523727416992;1,3771172761917114;0,557733952999115;0,3566160798072815;0,022103510797023773
2879;4111,6220703125;62,291927337646484;66577,5078125;-794,440673828125;837,512451171875;21,395732879638672;1,373500108718872;0,5591245293617249;0,3571639657020569;0,021918676793575287
2880;4111,6220703125;62,291927337646484;66577,5078125;-736,3502197265625;813,1281127929688;17,959348678588867;1,3774304389953613;0,5345110893249512;0,35851162672042847;0,02182597480714321
2881;4111,6220703125;62,291927337646484;66577,5078125;-792,8875122070312;824,978515625;23,4013671875;1,3809438943862915;0,5316479802131653;0,3610113859176636;0,021765874698758125
2882;4111,6220703125;62,291927337646484;66577,5078125;-764,5615234375;810,6337280273438;21,581405639648438;1,3567537069320679;0,553715705871582;0,357754647731781;0,021260784938931465
2883;4111,6220703125;62,291927337646484;66577,5078125;-824,2587280273438;822,6557006835938;25,102407455444336;1,4085952043533325;0,5786722302436829;0,3735370934009552;0,022107407450675964
2884;4111,6220703125;62,291927337646484;66577,5078125;-815,2655029296875;820,2611083984375;25,100770950317383;1,3680734634399414;0,5441684126853943;0,36428916454315186;0,02124054543673992
2885;4111,6220703125;62,291927337646484;66577,5078125;-796,4635009765625;826,338134765625;22,466278076171875;1,3625997304916382;0,5449010729789734;0,36511507630348206;0,021038254722952843
2886;4111,6220703125;62,291927337646484;66577,5078125;-770,0384521484375;811,7601318359375;25,42850685119629;1,352665901184082;0,5314970016479492;0,3645351231098175;0,020746400579810143
2887;4111,6220703125;62,291927337646484;66577,5078125;-811,2411499023438;821,841064453125;24,270055770874023;1,417495608329773;0,5511708855628967;0,38445544242858887;0,021818241104483604
2888;4111,6220703125;62,291927337646484;66577,5078125;-821,3825073242188;816,1997680664062;25,01285171508789;1,3796566724777222;0,5393863320350647;0,376793771982193;0,021040230989456177
2889;4111,6220703125;62,291927337646484;66577,5078125;-752,9410400390625;803,2078857421875;24,507789611816406;1,3565253019332886;0,5344793796539307;0,37308746576309204;0,02052667923271656
2890;4111,6220703125;62,291927337646484;66577,5078125;-769,5165405273438;808,88134765625;23,165376663208008;1,3238074779510498;0,5043304562568665;0,3666077256202698;0,019836606457829475
2891;4111,6220703125;62,291927337646484;66577,5078125;-802,3818969726562;808,1885986328125;25,044422149658203;1,3324564695358276;0,5099384188652039;0,3717021048069;0,019907712936401367
2892;4111,6220703125;62,291927337646484;66577,5078125;-795,8422241210938;806,6876831054688;30,14626693725586;1,3367894887924194;0,5127536058425903;0,3756450414657593;0,01990053988993168
2893;4111,6220703125;62,291927337646484;66577,5078125;-840,2357788085938;807,1027221679688;32,93499755859375;1,2976065874099731;0,4887135326862335;0,36742085218429565;0,019111495465040207
2894;4111,6220703125;62,291927337646484;66577,5078125;-802,2101440429688;803,2020263671875;32,721954345703125;1,3097453117370605;0,5070351362228394;0,37341371178627014;0,01924022287130356
2895;4111,6220703125;62,291927337646484;66577,5078125;-824,8386840820312;801,1828002929688;32,7096061706543;1,3247778415679932;0,5184564590454102;0,3803215026855469;0,019416561350226402
2896;4111,6220703125;62,291927337646484;66577,5078125;-841,057373046875;787,8334350585938;35,61404800415039;1,289085865020752;0,47880855202674866;0,3733518421649933;0,018734406679868698
2897;4111,6220703125;62,291927337646484;66577,5078125;-890,365234375;809,541748046875;36,257118225097656;1,275298833847046;0,46312248706817627;0,37239405512809753;0,018421631306409836
2898;4111,6220703125;62,291927337646484;66577,5078125;-936,5830078125;817,1267700195312;40,60292434692383;1,3168976306915283;0,5025897026062012;0,38651639223098755;0,019061710685491562
2899;4111,6220703125;62,291927337646484;66577,5078125;-912,5962524414062;822,239990234375;39,240623474121094;1,2796326875686646;0,46605393290519714;0,3790775537490845;0,01836804486811161
2900;4111,6220703125;62,291927337646484;66577,5078125;-969,8854370117188;819,0187377929688;44,57587814331055;1,2696397304534912;0,47623223066329956;0,3781311810016632;0,018084803596138954
2901;4111,6220703125;62,291927337646484;66577,5078125;-958,05029296875;801,6492309570312;44,68068313598633;1,2409305572509766;0,4543318450450897;0,37262070178985596;0,017533117905259132
2902;4111,6220703125;62,291927337646484;66577,5078125;-994,7305908203125;787,707275390625;46,40095138549805;1,2486834526062012;0,45575377345085144;0,37751373648643494;0,017611941322684288
2903;4111,6220703125;62,291927337646484;66577,5078125;-999,9415283203125;794,8497924804688;44,64561080932617;1,2146759033203125;0,43769460916519165;0,36994847655296326;0,01695330999791622
2904;4111,6220703125;62,291927337646484;66577,5078125;-1001,00537109375;766,6275024414062;47,0325927734375;1,2194627523422241;0,43497174978256226;0,3740434944629669;0,016997797414660454
2905;4111,6220703125;62,291927337646484;66577,5078125;-1049,2750244140625;769,1056518554688;46,09754180908203;1,238241195678711;0,44204461574554443;0,3820870518684387;0,017276229336857796
2906;4111,6220703125;62,291927337646484;66577,5078125;-993,5689086914062;760,6583251953125;47,54998779296875;1,2104333639144897;0,4251843988895416;0,3762564957141876;0,0167476125061512
2907;4111,6220703125;62,291927337646484;66577,5078125;-1044,640625;736,8563842773438;48,63380813598633;1,206388235092163;0,43501490354537964;0,3760847747325897;0,016536502167582512
2908;4111,6220703125;62,291927337646484;66577,5078125;-1047,4041748046875;714,7552490234375;52,54924392700195;1,1770139932632446;0,4109584093093872;0,37015673518180847;0,016040273010730743
2909;4111,6220703125;62,291927337646484;66577,5078125;-1080,49951171875;687,063232421875;59,834373474121094;1,1594756841659546;0,4003799855709076;0,3669740557670593;0,01569346711039543
2910;4111,6220703125;62,291927337646484;66577,5078125;-1079,384521484375;658,6148071289062;55,27449035644531;1,1352620124816895;0,3917715549468994;0,3610824644565582;0,015190470032393932
2911;4111,6220703125;62,291927337646484;66577,5078125;-1072,1278076171875;636,4781494140625;53,354637145996094;1,1409634351730347;0,39365243911743164;0,3645420968532562;0,01523945014923811
2912;4111,6220703125;62,291927337646484;66577,5078125;-1092,6002197265625;614,6477661132812;56,61009979248047;1,1559940576553345;0,39797309041023254;0,3709891736507416;0,015468201600015163
2913;4111,6220703125;62,291927337646484;66577,5078125;-1080,82421875;576,103271484375;57,56770706176758;1,078855037689209;0,3533432185649872;0,3502539396286011;0,014176118187606335
2914;4111,6220703125;62,291927337646484;66577,5078125;-1126,3330078125;567,8685302734375;62,86146926879883;1,1103756427764893;0,3662882149219513;0,36151573061943054;0,01470525749027729
2915;4111,6220703125;62,291927337646484;66577,5078125;-1096,9466552734375;526,6683959960938;58,740699768066406;1,0568158626556396;0,34567272663116455;0,3458322286605835;0,013686330057680607
2916;4111,6220703125;62,291927337646484;66577,5078125;-1098,3228759765625;499,6578063964844;62,136749267578125;1,0952171087265015;0,3595060706138611;0,35931897163391113;0,014360126107931137
2917;4111,6220703125;62,291927337646484;66577,5078125;-1114,1676025390625;469,9451599121094;53,55878829956055;1,047196626663208;0,33303865790367126;0,34682369232177734;0,013568698428571224
2918;4111,6220703125;62,291927337646484;66577,5078125;-1100,17431640625;450,79803466796875;59,08161163330078;1,0371222496032715;0,33166107535362244;0,34411415457725525;0,013322670012712479
2919;4111,6220703125;62,291927337646484;66577,5078125;-1042,5977783203125;419,0643615722656;58,42453384399414;0,9962374567985535;0,31631168723106384;0,33199387788772583;0,012536963447928429
2920;4111,6220703125;62,291927337646484;66577,5078125;-1036,1376953125;406,6151428222656;60,8189582824707;1,0328468084335327;0,3233436644077301;0,34637024998664856;0,013323074206709862
2921;4111,6220703125;62,291927337646484;66577,5078125;-990,4132690429688;379,3131408691406;58,99052047729492;1,0083638429641724;0,3195062577724457;0,3377421200275421;0,0127488374710083
2922;4111,6220703125;62,291927337646484;66577,5078125;-967,7949829101562;362,16497802734375;55,74576187133789;1,0072416067123413;0,3168452978134155;0,3388534486293793;0,012777511030435562
2923;4111,6220703125;62,291927337646484;66577,5078125;-958,5206298828125;332,62939453125;57,00490951538086;0,9958459138870239;0,31598398089408875;0,33438506722450256;0,012432916089892387
2924;4111,6220703125;62,291927337646484;66577,5078125;-916,9681396484375;304,8446960449219;59,27799987792969;0,9976892471313477;0,3126787841320038;0,3373924493789673;0,012623196467757225
2925;4111,6220703125;62,291927337646484;66577,5078125;-921,686767578125;279,7566223144531;55,648983001708984;1,002668023109436;0,31254684925079346;0,34078893065452576;0,012806935235857964
2926;4111,6220703125;62,291927337646484;66577,5078125;-841,1025390625;271,5149841308594;50,14903259277344;0,9646033644676208;0,3021099269390106;0,32753708958625793;0,012005269527435303
2927;4111,6220703125;62,291927337646484;66577,5078125;-871,2481079101562;248,00277709960938;50,88277816772461;0,9541407227516174;0,2985538840293884;0,32513266801834106;0,011867240071296692
2928;4111,6220703125;62,291927337646484;66577,5078125;-798,2513427734375;245,18060302734375;50,056121826171875;0,9475674629211426;0,29651179909706116;0,3244929611682892;0,011841963045299053
2929;4111,6220703125;62,291927337646484;66577,5078125;-819,08935546875;207,7592010498047;47,509864807128906;0,9374210238456726;0,2942271828651428;0,3226298689842224;0,011739697307348251
2930;4111,6220703125;62,291927337646484;66577,5078125;-807,8450927734375;206,6581573486328;44,367523193359375;0,954508900642395;0,301280677318573;0,326829195022583;0,012005810625851154
2931;4111,6220703125;62,291927337646484;66577,5078125;-735,1209716796875;185,93601989746094;38,53101348876953;0,9626373052597046;0,3046181797981262;0,3277607858181;0,012058602645993233
2932;4111,6220703125;62,291927337646484;66577,5078125;-701,504638671875;182,95204162597656;40,43151092529297;0,9603529572486877;0,3057798147201538;0,32845786213874817;0,012156452983617783
2933;4111,6220703125;62,291927337646484;66577,5078125;-732,1615600585938;159,1522674560547;37,36897277832031;0,9716687798500061;0,3114188313484192;0,3327789604663849;0,012453976087272167
2934;4111,6220703125;62,291927337646484;66577,5078125;-642,5001831054688;160,05276489257812;34,27870559692383;0,9378843307495117;0,3037007451057434;0,32227379083633423;0,011888050474226475
2935;4111,6220703125;62,291927337646484;66577,5078125;-618,8683471679688;143,8915557861328;34,68131637573242;0,9584956169128418;0,3121182322502136;0,3286967873573303;0,012320713140070438
2936;4111,6220703125;62,291927337646484;66577,5078125;-643,7963256835938;118,1338882446289;35,16300964355469;0,967690646648407;0,3168467581272125;0,3311103582382202;0,012525948695838451
2937;4111,6220703125;62,291927337646484;66577,5078125;-535,5341186523438;106,00516510009766;27,993227005004883;0,9491100311279297;0,3142075836658478;0,3249925971031189;0,01223865244537592
2938;4111,6220703125;62,291927337646484;66577,5078125;-514,2972412109375;109,08740997314453;26,27993392944336;0,9277575612068176;0,313992440700531;0,31947943568229675;0,011972030624747276
2939;4111,6220703125;62,291927337646484;66577,5078125;-449,1984558105469;88,32801055908203;25,476228713989258;0,9450799822807312;0,31606894731521606;0,3215520977973938;0,012198054231703281
2940;4111,6220703125;62,291927337646484;66577,5078125;-428,8702087402344;62,46303176879883;21,95856285095215;0,9576722383499146;0,32438671588897705;0,32581406831741333;0,012544961646199226
2941;4111,6220703125;62,291927337646484;66577,5078125;-394,75555419921875;60,57655334472656;19,1541748046875;1,0010290145874023;0,3381099998950958;0,33815357089042664;0,013370399363338947
2942;4111,6220703125;62,291927337646484;66577,5078125;-378,3922119140625;41,83249282836914;16,4395694732666;0,9823695421218872;0,331852525472641;0,3299432396888733;0,012992357835173607
2943;4111,6220703125;62,291927337646484;66577,5078125;-371,45745849609375;15,265405654907227;18,758041381835938;1,0001996755599976;0,34634461998939514;0,33707693219184875;0,013530823402106762
2944;4111,6220703125;62,291927337646484;66577,5078125;-376,2499084472656;-16,80483627319336;18,537912368774414;0,9809317588806152;0,34553125500679016;0,33055540919303894;0,013265478424727917
2945;4111,6220703125;62,291927337646484;66577,5078125;-363,7981872558594;-33,93541717529297;15,629074096679688;1,023961067199707;0,35425931215286255;0,3406207859516144;0,013999540358781815
2946;4111,6220703125;62,291927337646484;66577,5078125;-366,4195556640625;-62,53816604614258;14,270060539245605;1,0342012643814087;0,36217546463012695;0,34320855140686035;0,014292068779468536
2947;4111,6220703125;62,291927337646484;66577,5078125;-346,16888427734375;-83,0480728149414;16,615894317626953;1,0336841344833374;0,3685886859893799;0,3427850008010864;0,014408859424293041
2948;4111,6220703125;62,291927337646484;66577,5078125;-333,46514892578125;-109,23302459716797;15,713521957397461;1,0367881059646606;0,37144145369529724;0,3419337272644043;0,014516069553792477
2949;4111,6220703125;62,291927337646484;66577,5078125;-333,91302490234375;-133,8982391357422;13,898754119873047;1,0315546989440918;0,3743880093097687;0,3392000198364258;0,014512045308947563
2950;4111,6220703125;62,291927337646484;66577,5078125;-280,544677734375;-152,17300415039062;11,17627239227295;1,0754300355911255;0,39383170008659363;0,3520332872867584;0,01543677132576704
2951;4111,6220703125;62,291927337646484;66577,5078125;-301,06927490234375;-190,1054229736328;8,768656730651855;1,0546646118164062;0,3915802538394928;0,34413662552833557;0,015142307616770267
2952;4111,6220703125;62,291927337646484;66577,5078125;-268,7957763671875;-206,0793914794922;8,937169075012207;1,0641791820526123;0,39862316846847534;0,34552881121635437;0,015405301004648209
2953;4111,6220703125;62,291927337646484;66577,5078125;-259,28704833984375;-228,4115753173828;8,73293685913086;1,0386149883270264;0,3858819305896759;0,3337642252445221;0,014899692498147488
2954;4111,6220703125;62,291927337646484;66577,5078125;-256,2786865234375;-260,1939392089844;9,701287269592285;1,038451075553894;0,4014659523963928;0,3351658582687378;0,015140264295041561
2955;4111,6220703125;62,291927337646484;66577,5078125;-224,4265594482422;-273,7406921386719;5,660946846008301;1,0721662044525146;0,41014400124549866;0,3421395421028137;0,0157903004437685
2956;4111,6220703125;62,291927337646484;66577,5078125;-232,21011352539062;-295,2939453125;2,2129878997802734;1,0582704544067383;0,41306042671203613;0,33704036474227905;0,015665963292121887
2957;4111,6220703125;62,291927337646484;66577,5078125;-226,345947265625;-309,17694091796875;2,9254980087280273;1,0936756134033203;0,426391065120697;0,34533703327178955;0,01639980636537075
2958;4111,6220703125;62,291927337646484;66577,5078125;-224,5762481689453;-327,4559326171875;0,15462352335453033;1,1166715621948242;0,43451282382011414;0,3494998514652252;0,01688969135284424
2959;4111,6220703125;62,291927337646484;66577,5078125;-226,51171875;-326,9904479980469;1,0322728157043457;1,100751280784607;0,4378563463687897;0,3439725935459137;0,016746055334806442
2960;4111,6220703125;62,291927337646484;66577,5078125;-248,73013305664062;-345,5417175292969;3,483344554901123;1,1237406730651855;0,43549472093582153;0,3455250561237335;0,017119064927101135
2961;4111,6220703125;62,291927337646484;66577,5078125;-251,87924194335938;-356,3045959472656;2,7681212425231934;1,0823460817337036;0,4380415081977844;0,3344138264656067;0,016592826694250107
2962;4111,6220703125;62,291927337646484;66577,5078125;-291,3825988769531;-356,1480712890625;4,677947044372559;1,1283780336380005;0,4499190151691437;0,3441815674304962;0,0174853652715683
2963;4111,6220703125;62,291927337646484;66577,5078125;-285,5630187988281;-361,82415771484375;5,550807476043701;1,1127122640609741;0,45418137311935425;0,33903539180755615;0,017363930121064186
2964;4111,6220703125;62,291927337646484;66577,5078125;-305,9369812011719;-359,41064453125;4,251007556915283;1,153050422668457;0,44687342643737793;0,3431367874145508;0,017946088686585426
2965;4111,6220703125;62,291927337646484;66577,5078125;-303,6104736328125;-351,66070556640625;4,567903995513916;1,1393848657608032;0,4646356701850891;0,3414531946182251;0,018030334264039993
2966;4111,6220703125;62,291927337646484;66577,5078125;-360,45233154296875;-360,2786560058594;8,517362594604492;1,1417235136032104;0,45739543437957764;0,33763155341148376;0,018057873472571373
2967;4111,6220703125;62,291927337646484;66577,5078125;-405,6482238769531;-362,6673889160156;9,996633529663086;1,1500295400619507;0,47826477885246277;0,3412785530090332;0,018496213480830193
2968;4111,6220703125;62,291927337646484;66577,5078125;-364,2774353027344;-330,19744873046875;8,314733505249023;1,1366225481033325;0,4704079329967499;0,33421218395233154;0,01829000748693943
2969;4111,6220703125;62,291927337646484;66577,5078125;-428,2842102050781;-338,5661926269531;11,247010231018066;1,168906569480896;0,47549381852149963;0,33936449885368347;0,018922388553619385
2970;4111,6220703125;62,291927337646484;66577,5078125;-481,14288330078125;-326,1890869140625;15,763066291809082;1,1526352167129517;0,48099762201309204;0,334785521030426;0,01882321387529373
2971;4111,6220703125;62,291927337646484;66577,5078125;-483,94122314453125;-306,84173583984375;13,640657424926758;1,1545538902282715;0,48698437213897705;0,3340770900249481;0,01900799386203289
2972;4111,6220703125;62,291927337646484;66577,5078125;-525,8797607421875;-302,23602294921875;18,937435150146484;1,1582547426223755;0,475257933139801;0,33010655641555786;0,01902615837752819
2973;4111,6220703125;62,291927337646484;66577,5078125;-520,8350830078125;-292,20660400390625;15,73935317993164;1,1861820220947266;0,4810004234313965;0,3347231447696686;0,01961122825741768
2974;4111,6220703125;62,291927337646484;66577,5078125;-627,2837524414062;-296,9085998535156;21,94295310974121;1,1410106420516968;0,4820788502693176;0,3239074647426605;0,019027752801775932
2975;4111,6220703125;62,291927337646484;66577,5078125;-645,3339233398438;-294,84906005859375;21,17768096923828;1,223535418510437;0,4886573553085327;0,3396958112716675;0,020463766530156136
2976;4111,6220703125;62,291927337646484;66577,5078125;-690,2347412109375;-286,5431213378906;25,84395980834961;1,1824378967285156;0,47081223130226135;0,3262358605861664;0,019716911017894745
2977;4111,6220703125;62,291927337646484;66577,5078125;-662,5771484375;-268,21868896484375;24,695383071899414;1,1835966110229492;0,49143797159194946;0,3287639319896698;0,020096709951758385
2978;4111,6220703125;62,291927337646484;66577,5078125;-694,5213012695312;-262,682373046875;25,80583381652832;1,2421048879623413;0,4923625886440277;0,33899882435798645;0,021102290600538254
2979;4111,6220703125;62,291927337646484;66577,5078125;-740,0217895507812;-257,1222229003906;26,02764320373535;1,2181817293167114;0,4997631013393402;0,33419567346572876;0,02094256319105625
2980;4111,6220703125;62,291927337646484;66577,5078125;-730,5957641601562;-248,52845764160156;24,923431396484375;1,2260894775390625;0,49807053804397583;0,33417946100234985;0,021153395995497704
2981;4111,6220703125;62,291927337646484;66577,5078125;-762,6195068359375;-263,2171630859375;25,723005294799805;1,2463734149932861;0,5008523464202881;0,3376111388206482;0,021611180156469345
2982;4111,6220703125;62,291927337646484;66577,5078125;-800,69091796875;-263,2027893066406;29,245811462402344;1,262108564376831;0,4986927807331085;0,3394434154033661;0,0219352375715971
2983;4111,6220703125;62,291927337646484;66577,5078125;-801,4231567382812;-258,6622314453125;28,489961624145508;1,2402817010879517;0,4823014736175537;0,3315280079841614;0,0214960016310215
2984;4111,6220703125;62,291927337646484;66577,5078125;-859,8245849609375;-276,1206359863281;31,324588775634766;1,2757982015609741;0,4979651868343353;0,34076380729675293;0,02236759290099144
2985;4111,6220703125;62,291927337646484;66577,5078125;-868,2572021484375;-272,41339111328125;33,42277526855469;1,2595874071121216;0,49939069151878357;0,33730730414390564;0,022261112928390503
2986;4111,6220703125;62,291927337646484;66577,5078125;-813,1915893554688;-259,9733581542969;30,103408813476562;1,2645611763000488;0,49308377504348755;0,33708781003952026;0,02236992120742798
2987;4111,6220703125;62,291927337646484;66577,5078125;-804,1612548828125;-253,31488037109375;26,24833106994629;1,273246169090271;0,4955308139324188;0,3392223119735718;0,022658294066786766
2988;4111,6220703125;62,291927337646484;66577,5078125;-867,8726196289062;-261,4693908691406;29,763872146606445;1,2767462730407715;0,48435863852500916;0,33841726183891296;0,022667717188596725
2989;4111,6220703125;62,291927337646484;66577,5078125;-839,8894653320312;-269,90350341796875;30,448780059814453;1,2404879331588745;0,4844409227371216;0,3311574161052704;0,02224048040807247
2990;4111,6220703125;62,291927337646484;66577,5078125;-832,35302734375;-258,3528747558594;31,484580993652344;1,2530310153961182;0,4904707372188568;0,33511883020401;0,022641943767666817
2991;4111,6220703125;62,291927337646484;66577,5078125;-882,4322509765625;-276,1705017089844;32,34528732299805;1,304319143295288;0,48868322372436523;0,34644946455955505;0,023520607501268387
2992;4111,6220703125;62,291927337646484;66577,5078125;-878,6920776367188;-285,184814453125;32,31684494018555;1,3007276058197021;0,4850230813026428;0,346049040555954;0,023534147068858147
2993;4111,6220703125;62,291927337646484;66577,5078125;-818,2761840820312;-270,64349365234375;29,600650787353516;1,247208833694458;0,47556203603744507;0,3341117203235626;0,022693313658237457
2994;4111,6220703125;62,291927337646484;66577,5078125;-759,8885498046875;-260,9738464355469;26,18482208251953;1,2627830505371094;0,4899660050868988;0,34041827917099;0,023271292448043823
2995;4111,6220703125;62,291927337646484;66577,5078125;-799,7474365234375;-285,78546142578125;26,357072830200195;1,2855286598205566;0,4808707535266876;0,3455520272254944;0,023604752495884895
2996;4111,6220703125;62,291927337646484;66577,5078125;-788,4244995117188;-270,2035217285156;27,199249267578125;1,3174834251403809;0,47969070076942444;0,3540288507938385;0,02418792061507702
2997;4111,6220703125;62,291927337646484;66577,5078125;-758,8934326171875;-256,43658447265625;26,037612915039062;1,2764970064163208;0,4699159562587738;0,3450774550437927;0,023523446172475815
2998;4111,6220703125;62,291927337646484;66577,5078125;-735,9210815429688;-257,4004211425781;25,371835708618164;1,266237735748291;0,4701899290084839;0,34428858757019043;0,023488270118832588
2999;4111,6220703125;62,291927337646484;66577,5078125;-726,177734375;-255,9463348388672;23,31688690185547;1,3100074529647827;0,4698430597782135;0,35618916153907776;0,024255169555544853
