"B1 AOI3";;;;;;;;;;
"Index [1]";"X [mm]";"Y [mm]";"Z [mm]";"U [mm]";"V [mm]";"W [mm]";"Sigma_X [mm]";"Sigma_Y [mm]";"Sigma_Z [mm]";"sigma [pixel]"
0;3569,718994140625;17,193031311035156;67294,4921875;0,0;0,0;0,0;0,6807720065116882;0,06116732582449913;0,17269331216812134;0,015698907896876335
1;3569,718994140625;17,193031311035156;67294,4921875;79,20755004882812;-5,746062755584717;-7,385541915893555;0,9362695813179016;0,3454529643058777;0,263389527797699;0,014005443081259727
2;3569,718994140625;17,193031311035156;67294,4921875;52,341365814208984;16,390277862548828;-4,469979763031006;0,9494947791099548;0,3555450439453125;0,2658310532569885;0,014181273989379406
3;3569,718994140625;17,193031311035156;67294,4921875;95,5348892211914;20,57300567626953;-6,020566940307617;0,917363703250885;0,3435644805431366;0,2552841603755951;0,01333350408822298
4;3569,718994140625;17,193031311035156;67294,4921875;84,7153091430664;33,18133544921875;-6,688770771026611;0,9639905095100403;0,38691624999046326;0,2689555883407593;0,014214147813618183
5;3569,718994140625;17,193031311035156;67294,4921875;159,59754943847656;21,204748153686523;-10,311877250671387;0,9794337749481201;0,37306562066078186;0,2701467275619507;0,014473550021648407
6;3569,718994140625;17,193031311035156;67294,4921875;155,23410034179688;33,84563064575195;-9,459489822387695;0,9505602121353149;0,3656173050403595;0,2612478733062744;0,01370772160589695
7;3569,718994140625;17,193031311035156;67294,4921875;164,46934509277344;29,671222686767578;-11,811347961425781;0,9768730998039246;0,37605324387550354;0,2673996686935425;0,014168617315590382
8;3569,718994140625;17,193031311035156;67294,4921875;241,26905822753906;14,720438957214355;-14,566637992858887;0,982735812664032;0,36672043800354004;0,26712197065353394;0,014174423180520535
9;3569,718994140625;17,193031311035156;67294,4921875;261,747314453125;13,298534393310547;-18,154521942138672;0,9970141649246216;0,38030773401260376;0,27085718512535095;0,014362286776304245
10;3569,718994140625;17,193031311035156;67294,4921875;286,5303649902344;0,5586883425712585;-19,117128372192383;1,0173964500427246;0,38229766488075256;0,27529704570770264;0,0146702341735363
11;3569,718994140625;17,193031311035156;67294,4921875;315,6136474609375;-11,227917671203613;-19,426321029663086;0,9855415225028992;0,3731382191181183;0,2664373815059662;0,013874181546270847
12;3569,718994140625;17,193031311035156;67294,4921875;369,9257507324219;-31,12552261352539;-24,559675216674805;1,0275092124938965;0,40326204895973206;0,27854403853416443;0,014635236002504826
13;3569,718994140625;17,193031311035156;67294,4921875;379,7063903808594;-43,9638786315918;-26,346515655517578;1,053053617477417;0,415290504693985;0,2854723632335663;0,015047643333673477
14;3569,718994140625;17,193031311035156;67294,4921875;420,0504150390625;-56,66401290893555;-25,543048858642578;1,077118992805481;0,4338267147541046;0,2926778495311737;0,015407958999276161
15;3569,718994140625;17,193031311035156;67294,4921875;406,07537841796875;-59,282257080078125;-30,305139541625977;1,1205157041549683;0,45928362011909485;0,3052510619163513;0,016157075762748718
16;3569,718994140625;17,193031311035156;67294,4921875;431,36346435546875;-79,95520782470703;-27,362401962280273;1,0629781484603882;0,41911181807518005;0,28878965973854065;0,01489478163421154
17;3569,718994140625;17,193031311035156;67294,4921875;493,1792907714844;-94,50869750976562;-30,606502532958984;1,0986543893814087;0,42186033725738525;0,2983399033546448;0,015517106279730797
18;3569,718994140625;17,193031311035156;67294,4921875;468,7973327636719;-101,15278625488281;-30,661781311035156;1,1105530261993408;0,41829267144203186;0,3018683195114136;0,015641212463378906
19;3569,718994140625;17,193031311035156;67294,4921875;457,2757873535156;-108,40679168701172;-32,1292839050293;1,1382979154586792;0,4286654591560364;0,3104025721549988;0,016077060252428055
20;3569,718994140625;17,193031311035156;67294,4921875;452,0809631347656;-110,40745544433594;-28,5809268951416;1,1488186120986938;0,43640953302383423;0,3146383464336395;0,016175687313079834
21;3569,718994140625;17,193031311035156;67294,4921875;522,4639892578125;-118,80589294433594;-28,903711318969727;1,2179101705551147;0,4948779046535492;0,33665454387664795;0,017360784113407135
22;3569,718994140625;17,193031311035156;67294,4921875;537,7009887695312;-119,02793884277344;-31,401214599609375;1,2037785053253174;0,4625330865383148;0,33282390236854553;0,01701768860220909
23;3569,718994140625;17,193031311035156;67294,4921875;527,2188720703125;-119,9399185180664;-28,567142486572266;1,210675835609436;0,4603159427642822;0,3361395001411438;0,017043830826878548
24;3569,718994140625;17,193031311035156;67294,4921875;506,0780334472656;-103,28010559082031;-29,43303108215332;1,2086217403411865;0,4544166624546051;0,3371281325817108;0,016905199736356735
25;3569,718994140625;17,193031311035156;67294,4921875;518,7669677734375;-92,79489135742188;-28,355226516723633;1,23064386844635;0,48152902722358704;0,3459457457065582;0,01719677448272705
26;3569,718994140625;17,193031311035156;67294,4921875;487,8375549316406;-97,19141387939453;-28,413021087646484;1,2448517084121704;0,4782255291938782;0,3516106903553009;0,017377134412527084
27;3569,718994140625;17,193031311035156;67294,4921875;520,8480834960938;-100,04217529296875;-30,288957595825195;1,292061448097229;0,4875091016292572;0,3668428063392639;0,018159132450819016
28;3569,718994140625;17,193031311035156;67294,4921875;577,7796630859375;-99,06556701660156;-27,954025268554688;1,2458913326263428;0,47550830245018005;0,3560883700847626;0,0172015018761158
29;3569,718994140625;17,193031311035156;67294,4921875;559,3148803710938;-105,24559783935547;-28,036203384399414;1,3451260328292847;0,512881875038147;0,3868761956691742;0,018922818824648857
30;3569,718994140625;17,193031311035156;67294,4921875;599,0206298828125;-98,82731628417969;-28,93395233154297;1,332056999206543;0,508537769317627;0,38557785749435425;0,01858706772327423
31;3569,718994140625;17,193031311035156;67294,4921875;625,8131103515625;-102,790283203125;-33,433780670166016;1,349966049194336;0,5296797752380371;0,39352843165397644;0,01875830627977848
32;3569,718994140625;17,193031311035156;67294,4921875;646,7445068359375;-106,73602294921875;-33,59845733642578;1,3626047372817993;0,511686384677887;0,3994157314300537;0,018967345356941223
33;3569,718994140625;17,193031311035156;67294,4921875;621,873046875;-100,0285415649414;-29,98682975769043;1,3864070177078247;0,514152467250824;0,40898799896240234;0,019315093755722046
34;3569,718994140625;17,193031311035156;67294,4921875;683,2123413085938;-130,5614776611328;-34,77901840209961;1,399701476097107;0,5106033682823181;0,41557154059410095;0,019481247290968895
35;3569,718994140625;17,193031311035156;67294,4921875;693,835693359375;-139,5299072265625;-37,26156234741211;1,4142318964004517;0,5067352652549744;0,4226531982421875;0,019671378657221794
36;3569,718994140625;17,193031311035156;67294,4921875;697,0169677734375;-164,50750732421875;-28,869140625;1,4266016483306885;0,5225446820259094;0,42907002568244934;0,019781893119215965
37;3569,718994140625;17,193031311035156;67294,4921875;701,1409912109375;-173,13702392578125;-29,258657455444336;1,4184496402740479;0,5080551505088806;0,4294252395629883;0,019595833495259285
38;3569,718994140625;17,193031311035156;67294,4921875;675,8265380859375;-185,45724487304688;-30,67130470275879;1,4141212701797485;0,49327313899993896;0,43099886178970337;0,019483059644699097
39;3569,718994140625;17,193031311035156;67294,4921875;663,8818359375;-193,6457977294922;-32,087989807128906;1,3931643962860107;0,4768390655517578;0,4274355173110962;0,019076554104685783
40;3569,718994140625;17,193031311035156;67294,4921875;631,9673461914062;-205,42819213867188;-28,69342803955078;1,4148472547531128;0,4901284873485565;0,43658024072647095;0,019379757344722748
41;3569,718994140625;17,193031311035156;67294,4921875;661,7172241210938;-235,75450134277344;-32,852962493896484;1,4627659320831299;0,4918983280658722;0,45445600152015686;0,02017856389284134
42;3569,718994140625;17,193031311035156;67294,4921875;631,6419677734375;-267,3982238769531;-28,559228897094727;1,4813309907913208;0,5005345344543457;0,46275225281715393;0,020440280437469482
43;3569,718994140625;17,193031311035156;67294,4921875;613,890380859375;-282,53399658203125;-21,83161735534668;1,4554303884506226;0,49557730555534363;0,4569298326969147;0,019932935014367104
44;3569,718994140625;17,193031311035156;67294,4921875;630,8067016601562;-314,8074645996094;-28,047563552856445;1,4252747297286987;0,47595909237861633;0,4502292573451996;0,019407466053962708
45;3569,718994140625;17,193031311035156;67294,4921875;569,2437744140625;-326,75128173828125;-27,655384063720703;1,4880809783935547;0,49843165278434753;0,4722595512866974;0,020425787195563316
46;3569,718994140625;17,193031311035156;67294,4921875;578,5704345703125;-359,0548095703125;-28,3903751373291;1,5210380554199219;0,5094009637832642;0,48488080501556396;0,020934220403432846
47;3569,718994140625;17,193031311035156;67294,4921875;556,0199584960938;-371,7751770019531;-22,919458389282227;1,4895671606063843;0,49832117557525635;0,4768384099006653;0,02035226859152317
48;3569,718994140625;17,193031311035156;67294,4921875;523,9556274414062;-417,1089172363281;-22,92754364013672;1,4999829530715942;0,4899800419807434;0,4830993413925171;0,02056991495192051
49;3569,718994140625;17,193031311035156;67294,4921875;524,9171752929688;-452,5160217285156;-22,805438995361328;1,4757037162780762;0,4797589182853699;0,4772477447986603;0,020140742883086205
50;3569,718994140625;17,193031311035156;67294,4921875;495,9437255859375;-476,5581970214844;-14,260815620422363;1,5035229921340942;0,4875381886959076;0,48797088861465454;0,0205849502235651
51;3569,718994140625;17,193031311035156;67294,4921875;459,7730712890625;-509,5149230957031;-11,504937171936035;1,5011723041534424;0,48364049196243286;0,4890524744987488;0,020542707294225693
52;3569,718994140625;17,193031311035156;67294,4921875;467,677001953125;-529,0294189453125;-15,828369140625;1,5956158638000488;0,5165494084358215;0,5206879377365112;0,02206013910472393
53;3569,718994140625;17,193031311035156;67294,4921875;452,93780517578125;-551,9801635742188;-12,014463424682617;1,5276027917861938;0,49240484833717346;0,4998342990875244;0,020908547565340996
54;3569,718994140625;17,193031311035156;67294,4921875;408,9910583496094;-589,5266723632812;-11,451056480407715;1,5916694402694702;0,5098178386688232;0,5223094820976257;0,021994072943925858
55;3569,718994140625;17,193031311035156;67294,4921875;408,4526062011719;-601,2404174804688;-15,427924156188965;1,531301498413086;0,4857717454433441;0,5044394135475159;0,021047553047537804
56;3569,718994140625;17,193031311035156;67294,4921875;409,062255859375;-638,9614868164062;-13,164121627807617;1,5467448234558105;0,4920944571495056;0,5094292163848877;0,02123284339904785
57;3569,718994140625;17,193031311035156;67294,4921875;413,4167175292969;-678,9545288085938;-13,511022567749023;1,5747712850570679;0,49781784415245056;0,5201751589775085;0,021765906363725662
58;3569,718994140625;17,193031311035156;67294,4921875;393,5140075683594;-696,1304321289062;-12,09328556060791;1,5792220830917358;0,49622830748558044;0,5236194133758545;0,02193968929350376
59;3569,718994140625;17,193031311035156;67294,4921875;392,9399719238281;-721,6356201171875;-21,333477020263672;1,51152765750885;0,47513461112976074;0,5011457800865173;0,020794451236724854
60;3569,718994140625;17,193031311035156;67294,4921875;430,9331359863281;-739,1603393554688;-15,39692211151123;1,4702402353286743;0,46209776401519775;0,4867878258228302;0,020038830116391182
61;3569,718994140625;17,193031311035156;67294,4921875;433,0637512207031;-758,6326904296875;-17,704017639160156;1,5906590223312378;0,4990828037261963;0,5255187749862671;0,021997030824422836
62;3569,718994140625;17,193031311035156;67294,4921875;470,64801025390625;-774,4189453125;-20,933040618896484;1,552991271018982;0,4846990406513214;0,5104660987854004;0,021132564172148705
63;3569,718994140625;17,193031311035156;67294,4921875;414,33331298828125;-800,854248046875;-21,815959930419922;1,566274642944336;0,49027159810066223;0,51753169298172;0,021681301295757294
64;3569,718994140625;17,193031311035156;67294,4921875;468,2889709472656;-803,0676879882812;-25,596023559570312;1,5381182432174683;0,4842207729816437;0,5098495483398438;0,021399037912487984
65;3569,718994140625;17,193031311035156;67294,4921875;464,6017761230469;-827,3140258789062;-25,39055061340332;1,5400089025497437;0,4840351343154907;0,509054958820343;0,02140815742313862
66;3569,718994140625;17,193031311035156;67294,4921875;497,23333740234375;-832,1918334960938;-29,552711486816406;1,560754656791687;0,4887025058269501;0,5140074491500854;0,02170921117067337
67;3569,718994140625;17,193031311035156;67294,4921875;492,360107421875;-837,6449584960938;-30,894437789916992;1,6052824258804321;0,49640995264053345;0,5250632166862488;0,022263994440436363
68;3569,718994140625;17,193031311035156;67294,4921875;519,4713134765625;-835,8825073242188;-30,225833892822266;1,5709306001663208;0,4918709993362427;0,5149094462394714;0,021937742829322815
69;3569,718994140625;17,193031311035156;67294,4921875;544,5958251953125;-846,32275390625;-30,200183868408203;1,5933425426483154;0,494599848985672;0,5193588733673096;0,022221948951482773
70;3569,718994140625;17,193031311035156;67294,4921875;567,108642578125;-849,4627075195312;-33,572547912597656;1,5306333303451538;0,4835769236087799;0,4998842775821686;0,021424515172839165
71;3569,718994140625;17,193031311035156;67294,4921875;593,1500244140625;-850,171630859375;-31,689897537231445;1,5475317239761353;0,48161381483078003;0,5014755129814148;0,02155359275639057
72;3569,718994140625;17,193031311035156;67294,4921875;600,4296264648438;-874,173095703125;-36,827049255371094;1,564183235168457;0,4873825013637543;0,5050707459449768;0,021892063319683075
73;3569,718994140625;17,193031311035156;67294,4921875;608,2759399414062;-894,1595458984375;-33,9850959777832;1,5491137504577637;0,48314252495765686;0,49822065234184265;0,02168174274265766
74;3569,718994140625;17,193031311035156;67294,4921875;559,2993774414062;-916,8093872070312;-31,362804412841797;1,555090308189392;0,48634976148605347;0,49818551540374756;0,021854178979992867
75;3569,718994140625;17,193031311035156;67294,4921875;629,4295043945312;-921,3269653320312;-36,73830032348633;1,590367317199707;0,490113765001297;0,5053997039794922;0,022336779162287712
76;3569,718994140625;17,193031311035156;67294,4921875;618,05224609375;-953,8560791015625;-36,20720291137695;1,5742886066436768;0,492288202047348;0,49928128719329834;0,022266492247581482
77;3569,718994140625;17,193031311035156;67294,4921875;623,7986450195312;-965,6246948242188;-34,84402084350586;1,5531165599822998;0,48967209458351135;0,49071618914604187;0,022027671337127686
78;3569,718994140625;17,193031311035156;67294,4921875;680,0161743164062;-984,0128173828125;-44,58480453491211;1,5775293111801147;0,49956393241882324;0,496025413274765;0,02254112996160984
79;3569,718994140625;17,193031311035156;67294,4921875;696,8995361328125;-1002,1565551757812;-48,19831848144531;1,5635186433792114;0,4861879050731659;0,48695993423461914;0,022166652604937553
80;3569,718994140625;17,193031311035156;67294,4921875;747,8403930664062;-1009,8812255859375;-49,82429122924805;1,560781717300415;0,486520379781723;0,4833648204803467;0,022196004167199135
81;3569,718994140625;17,193031311035156;67294,4921875;632,2647705078125;-1061,423583984375;-45,654296875;1,5246455669403076;0,4783115088939667;0,4697730243206024;0,021680349484086037
82;3569,718994140625;17,193031311035156;67294,4921875;680,3043823242188;-1081,809326171875;-46,89848327636719;1,5309630632400513;0,4880317449569702;0,47007519006729126;0,021998435258865356
83;3569,718994140625;17,193031311035156;67294,4921875;689,0568237304688;-1091,4742431640625;-51,124855041503906;1,5528968572616577;0,4771130383014679;0,4704577624797821;0,022093486040830612
84;3569,718994140625;17,193031311035156;67294,4921875;700,9591064453125;-1093,55810546875;-48,770633697509766;1,4601976871490479;0,47513821721076965;0,44406837224960327;0,021038951352238655
85;3569,718994140625;17,193031311035156;67294,4921875;670,4561157226562;-1117,8243408203125;-46,25267028808594;1,480850338935852;0,47080108523368835;0,44529440999031067;0,02126355655491352
86;3569,718994140625;17,193031311035156;67294,4921875;721,4774169921875;-1121,187255859375;-51,0076904296875;1,5674724578857422;0,4764678180217743;0,46436741948127747;0,022452879697084427
87;3569,718994140625;17,193031311035156;67294,4921875;676,4380493164062;-1146,532958984375;-48,327491760253906;1,4653682708740234;0,4719351530075073;0,4355395436286926;0,021234095096588135
88;3569,718994140625;17,193031311035156;67294,4921875;725,562255859375;-1148,115234375;-51,54240798950195;1,4900649785995483;0,4690968990325928;0,43795204162597656;0,02154693938791752
89;3569,718994140625;17,193031311035156;67294,4921875;689,13330078125;-1175,0927734375;-48,9326057434082;1,4216845035552979;0,4666484594345093;0,4181278645992279;0,02074495702981949
90;3569,718994140625;17,193031311035156;67294,4921875;690,9993286132812;-1176,1832275390625;-51,72637939453125;1,4322919845581055;0,4579654037952423;0,41629308462142944;0,020783385261893272
91;3569,718994140625;17,193031311035156;67294,4921875;661,4340209960938;-1205,9913330078125;-51,076629638671875;1,4415643215179443;0,4662916958332062;0,41699954867362976;0,021138934418559074
92;3569,718994140625;17,193031311035156;67294,4921875;654,34130859375;-1218,041015625;-48,41351318359375;1,4157874584197998;0,4641880691051483;0,4078284502029419;0,020861715078353882
93;3569,718994140625;17,193031311035156;67294,4921875;694,5726318359375;-1234,4906005859375;-49,88555145263672;1,4228633642196655;0,4649184048175812;0,40693148970603943;0,021049097180366516
94;3569,718994140625;17,193031311035156;67294,4921875;704,37744140625;-1239,990966796875;-52,71099090576172;1,4326163530349731;0,46024250984191895;0,40586426854133606;0,021171044558286667
95;3569,718994140625;17,193031311035156;67294,4921875;757,8148193359375;-1241,101806640625;-55,35275650024414;1,3816795349121094;0,4666709899902344;0,392800509929657;0,020742028951644897
96;3569,718994140625;17,193031311035156;67294,4921875;789,6443481445312;-1239,3929443359375;-59,518192291259766;1,3599897623062134;0,45708167552948;0,3840491473674774;0,020379018038511276
97;3569,718994140625;17,193031311035156;67294,4921875;758,6570434570312;-1256,9150390625;-60,2282829284668;1,3695424795150757;0,4400678873062134;0,38142696022987366;0,020258592441678047
98;3569,718994140625;17,193031311035156;67294,4921875;721,0896606445312;-1276,4237060546875;-57,191551208496094;1,3225170373916626;0,44210171699523926;0,3692460358142853;0,019800955429673195
99;3569,718994140625;17,193031311035156;67294,4921875;706,7573852539062;-1286,36181640625;-57,67736053466797;1,3127228021621704;0,44730865955352783;0,36624181270599365;0,019878411665558815
100;3569,718994140625;17,193031311035156;67294,4921875;689,0513916015625;-1290,331298828125;-57,348175048828125;1,2935576438903809;0,4364905059337616;0,35874661803245544;0,01951834000647068
101;3569,718994140625;17,193031311035156;67294,4921875;684,701416015625;-1290,0950927734375;-59,15458297729492;1,300933837890625;0,43685096502304077;0,35919275879859924;0,019730430096387863
102;3569,718994140625;17,193031311035156;67294,4921875;679,670654296875;-1282,1275634765625;-57,56212615966797;1,2957286834716797;0,4376378059387207;0,3570980131626129;0,01978886127471924
103;3569,718994140625;17,193031311035156;67294,4921875;664,0241088867188;-1280,48583984375;-56,1574821472168;1,2551051378250122;0,42292875051498413;0,3449232280254364;0,019061380997300148
104;3569,718994140625;17,193031311035156;67294,4921875;645,7069091796875;-1268,7772216796875;-55,381717681884766;1,271735668182373;0,43850716948509216;0,35044658184051514;0,019717788323760033
105;3569,718994140625;17,193031311035156;67294,4921875;649,5340576171875;-1258,5941162109375;-55,0279655456543;1,2992722988128662;0,4380359351634979;0,3560442626476288;0,020195839926600456
106;3569,718994140625;17,193031311035156;67294,4921875;603,070068359375;-1252,0516357421875;-52,25155258178711;1,2917683124542236;0,43860915303230286;0,35427796840667725;0,020230144262313843
107;3569,718994140625;17,193031311035156;67294,4921875;597,658935546875;-1236,888427734375;-50,812171936035156;1,2701969146728516;0,43319639563560486;0,34868890047073364;0,019954616203904152
108;3569,718994140625;17,193031311035156;67294,4921875;616,2559814453125;-1206,4144287109375;-52,042335510253906;1,3187787532806396;0,42166194319725037;0,3580951392650604;0,020478012040257454
109;3569,718994140625;17,193031311035156;67294,4921875;615,0714721679688;-1185,378662109375;-51,89204406738281;1,26558256149292;0,41753438115119934;0,3460346460342407;0,01980995200574398
110;3569,718994140625;17,193031311035156;67294,4921875;611,5017700195312;-1171,5357666015625;-50,76080322265625;1,2692290544509888;0,42696911096572876;0,34895408153533936;0,02019481360912323
111;3569,718994140625;17,193031311035156;67294,4921875;579,3807983398438;-1161,483642578125;-48,84839630126953;1,24684476852417;0,41368749737739563;0,34285902976989746;0,019730402156710625
112;3569,718994140625;17,193031311035156;67294,4921875;576,3118896484375;-1148,3218994140625;-49,1479606628418;1,236539602279663;0,41880330443382263;0,3423687517642975;0,0198361836373806
113;3569,718994140625;17,193031311035156;67294,4921875;609,7391967773438;-1128,3829345703125;-49,65613555908203;1,225522756576538;0,4204634428024292;0,3413793742656708;0,019852865487337112
114;3569,718994140625;17,193031311035156;67294,4921875;596,9791870117188;-1115,969482421875;-48,728721618652344;1,1990960836410522;0,42443761229515076;0,3373391032218933;0,019699009135365486
115;3569,718994140625;17,193031311035156;67294,4921875;575,4972534179688;-1104,6597900390625;-46,371463775634766;1,2127529382705688;0,4235508143901825;0,3419519364833832;0,020005550235509872
116;3569,718994140625;17,193031311035156;67294,4921875;562,0748291015625;-1095,7703857421875;-45,73689651489258;1,1320604085922241;0,4043109118938446;0,32213422656059265;0,018584005534648895
117;3569,718994140625;17,193031311035156;67294,4921875;564,7546997070312;-1085,4296875;-47,00189208984375;1,1511510610580444;0,40965700149536133;0,32916733622550964;0,0191013403236866
118;3569,718994140625;17,193031311035156;67294,4921875;571,7993774414062;-1072,047119140625;-46,917327880859375;1,1071264743804932;0,4016280472278595;0,31952929496765137;0,018423795700073242
119;3569,718994140625;17,193031311035156;67294,4921875;501,5205383300781;-1076,7391357421875;-42,46553421020508;1,1046757698059082;0,3917275369167328;0,31953364610671997;0,01829303242266178
120;3569,718994140625;17,193031311035156;67294,4921875;489,724365234375;-1080,02978515625;-41,336883544921875;1,1145035028457642;0,40301674604415894;0,3255486786365509;0,018813034519553185
121;3569,718994140625;17,193031311035156;67294,4921875;467,52874755859375;-1076,9193115234375;-41,15937805175781;1,1110358238220215;0,3970450460910797;0,3260737359523773;0,018755396828055382
122;3569,718994140625;17,193031311035156;67294,4921875;465,3570861816406;-1067,7156982421875;-40,29742431640625;1,1096185445785522;0,39193156361579895;0,32730036973953247;0,01873781345784664
123;3569,718994140625;17,193031311035156;67294,4921875;465,5691223144531;-1065,030029296875;-40,781951904296875;1,0547361373901367;0,38924261927604675;0,31553083658218384;0,018001282587647438
124;3569,718994140625;17,193031311035156;67294,4921875;391,07745361328125;-1063,463623046875;-34,28572463989258;1,0380403995513916;0,38073253631591797;0,3124035596847534;0,01767653226852417
125;3569,718994140625;17,193031311035156;67294,4921875;411,16265869140625;-1035,90576171875;-34,97529602050781;1,0694351196289062;0,3974968194961548;0,32481926679611206;0,018630865961313248
126;3569,718994140625;17,193031311035156;67294,4921875;397,011474609375;-1022,0543212890625;-34,67150115966797;1,035016417503357;0,3753741681575775;0,315374493598938;0,017723815515637398
127;3569,718994140625;17,193031311035156;67294,4921875;379,2524108886719;-1012,8897094726562;-34,096073150634766;1,0242362022399902;0,38819316029548645;0,3164421617984772;0,017968706786632538
128;3569,718994140625;17,193031311035156;67294,4921875;383,2027282714844;-1003,8228149414062;-32,54854202270508;0,965681254863739;0,3767333924770355;0,30179449915885925;0,0169223640114069
129;3569,718994140625;17,193031311035156;67294,4921875;397,3359375;-983,1460571289062;-32,08314895629883;0,9637778997421265;0,3656216263771057;0,3018706738948822;0,016748961061239243
130;3569,718994140625;17,193031311035156;67294,4921875;362,7879333496094;-981,8056030273438;-29,279447555541992;0,9880098104476929;0,3724181354045868;0,31119033694267273;0,017368478700518608
131;3569,718994140625;17,193031311035156;67294,4921875;364,4415588378906;-958,994384765625;-29,5813045501709;0,9807872772216797;0,37329983711242676;0,3113414943218231;0,017372148111462593
132;3569,718994140625;17,193031311035156;67294,4921875;336,8309020996094;-943,9879150390625;-27,095500946044922;0,9473909139633179;0,3614417612552643;0,3026944696903229;0,01667795144021511
133;3569,718994140625;17,193031311035156;67294,4921875;345,83477783203125;-936,8073120117188;-29,664737701416016;0,9379710555076599;0,3566037714481354;0,3013025224208832;0,01650223322212696
134;3569,718994140625;17,193031311035156;67294,4921875;344,8145751953125;-919,6182250976562;-30,85107421875;0,8834378719329834;0,3409424424171448;0,28600141406059265;0,015370828099548817
135;3569,718994140625;17,193031311035156;67294,4921875;391,2736511230469;-887,7001342773438;-30,580530166625977;0,9098085165023804;0,35266008973121643;0,2962946593761444;0,01613650470972061
136;3569,718994140625;17,193031311035156;67294,4921875;393,8402099609375;-886,3179321289062;-31,3217716217041;0,926102340221405;0,35357266664505005;0,3024544417858124;0,016478311270475388
137;3569,718994140625;17,193031311035156;67294,4921875;433,4903869628906;-873,2044677734375;-34,73020553588867;0,9207518696784973;0,34530240297317505;0,30138078331947327;0,016237325966358185
138;3569,718994140625;17,193031311035156;67294,4921875;440,6352233886719;-870,27001953125;-33,34754180908203;0,8886865973472595;0,33963853120803833;0,29290106892585754;0,015702826902270317
139;3569,718994140625;17,193031311035156;67294,4921875;419,751953125;-829,8783569335938;-32,889278411865234;0,8988303542137146;0,33804166316986084;0,296773225069046;0,015849892050027847
140;3569,718994140625;17,193031311035156;67294,4921875;468,4364929199219;-824,6466674804688;-33,22115707397461;0,9308228492736816;0,3468160331249237;0,3080516457557678;0,016580482944846153
141;3569,718994140625;17,193031311035156;67294,4921875;482,6702575683594;-792,3450317382812;-35,67713928222656;0,8832571506500244;0,3326720595359802;0,2936539053916931;0,015597965568304062
142;3569,718994140625;17,193031311035156;67294,4921875;513,2142944335938;-768,3163452148438;-36,626075744628906;0,8613518476486206;0,3260979652404785;0,2873803973197937;0,015172897838056087
143;3569,718994140625;17,193031311035156;67294,4921875;435,56536865234375;-770,6156616210938;-33,982139587402344;0,8700901865959167;0,3251294791698456;0,290470689535141;0,015279537066817284
144;3569,718994140625;17,193031311035156;67294,4921875;464,062744140625;-736,1825561523438;-35,8777961730957;0,8651171922683716;0,3229422867298126;0,28934264183044434;0,015206115320324898
145;3569,718994140625;17,193031311035156;67294,4921875;516,6239624023438;-705,6069946289062;-38,321781158447266;0,8970689177513123;0,3337942659854889;0,30036646127700806;0,016013508662581444
146;3569,718994140625;17,193031311035156;67294,4921875;516,5396118164062;-686,1368408203125;-36,631103515625;0,8568044900894165;0,31671473383903503;0,286927193403244;0,014945074915885925
147;3569,718994140625;17,193031311035156;67294,4921875;489,3429870605469;-634,7221069335938;-35,12009811401367;0,8501849174499512;0,31298598647117615;0,28472501039505005;0,014744381420314312
148;3569,718994140625;17,193031311035156;67294,4921875;456,5576171875;-608,4822387695312;-31,693082809448242;0,8469008803367615;0,31103137135505676;0,28351515531539917;0,014511839486658573
149;3569,718994140625;17,193031311035156;67294,4921875;488,45062255859375;-576,7584838867188;-34,67656707763672;0,8849767446517944;0,32418662309646606;0,2960962951183319;0,015493362210690975
150;3569,718994140625;17,193031311035156;67294,4921875;425,0114440917969;-546,723388671875;-30,690000534057617;0,8443487882614136;0,30771008133888245;0,28216174244880676;0,014508474618196487
151;3569,718994140625;17,193031311035156;67294,4921875;428,9862976074219;-526,4295043945312;-30,6224422454834;0,8696014285087585;0,3175375759601593;0,2902400493621826;0,015035643242299557
152;3569,718994140625;17,193031311035156;67294,4921875;403,7207946777344;-492,74127197265625;-25,547168731689453;0,8359053730964661;0,30309075117111206;0,27835139632225037;0,014206997118890285
153;3569,718994140625;17,193031311035156;67294,4921875;365,5069274902344;-475,6876220703125;-23,365219116210938;0,8457010984420776;0,30953386425971985;0,2811885476112366;0,014293807558715343
154;3569,718994140625;17,193031311035156;67294,4921875;335,28302001953125;-450,28326416015625;-19,98544692993164;0,8428820967674255;0,30212536454200745;0,279043585062027;0,014323328621685505
155;3569,718994140625;17,193031311035156;67294,4921875;306,78326416015625;-433,615966796875;-18,67084312438965;0,8425697088241577;0,3054940402507782;0,27833011746406555;0,014182881452143192
156;3569,718994140625;17,193031311035156;67294,4921875;316,6728515625;-409,2958068847656;-17,845300674438477;0,8568722605705261;0,31268367171287537;0,2822170853614807;0,014444674365222454
157;3569,718994140625;17,193031311035156;67294,4921875;293,16455078125;-396,3746337890625;-16,30354118347168;0,8678942322731018;0,31576889753341675;0,2846542000770569;0,014674616977572441
158;3569,718994140625;17,193031311035156;67294,4921875;274,87579345703125;-374,14105224609375;-16,72843360900879;0,8731227517127991;0,3129362463951111;0,28474780917167664;0,014783143065869808
159;3569,718994140625;17,193031311035156;67294,4921875;254,4773712158203;-355,97906494140625;-13,216702461242676;0,8372373580932617;0,3008556067943573;0,271807461977005;0,013808694668114185
160;3569,718994140625;17,193031311035156;67294,4921875;185,28890991210938;-345,76092529296875;-9,052980422973633;0,8546172380447388;0,30968955159187317;0,27623459696769714;0,014142297208309174
161;3569,718994140625;17,193031311035156;67294,4921875;181,7631072998047;-325,2696228027344;-8,838079452514648;0,8755475282669067;0,30839264392852783;0,28073224425315857;0,01461836602538824
162;3569,718994140625;17,193031311035156;67294,4921875;204,17242431640625;-314,72589111328125;-8,627334594726562;0,8524065613746643;0,30237847566604614;0,2718760371208191;0,013959220610558987
163;3569,718994140625;17,193031311035156;67294,4921875;170,13381958007812;-308,2232360839844;-5,059913635253906;0,867809534072876;0,3187865912914276;0,27596941590309143;0,014187540858983994
164;3569,718994140625;17,193031311035156;67294,4921875;170,35824584960938;-294,1449279785156;-8,502613067626953;0,8777772784233093;0,3109458088874817;0,2763991355895996;0,014390386641025543
165;3569,718994140625;17,193031311035156;67294,4921875;162,7598419189453;-278,1896667480469;-7,490653991699219;0,865681529045105;0,3181624710559845;0,2716861367225647;0,013954337686300278
166;3569,718994140625;17,193031311035156;67294,4921875;187,19198608398438;-262,65643310546875;-7,7688307762146;0,8924074172973633;0,3245373070240021;0,2778276205062866;0,014522407203912735
167;3569,718994140625;17,193031311035156;67294,4921875;180,7421112060547;-235,44358825683594;-8,517071723937988;0,8775833249092102;0,3170701563358307;0,2710627317428589;0,014070771634578705
168;3569,718994140625;17,193031311035156;67294,4921875;192,3161163330078;-225,64781188964844;-10,751256942749023;0,8753286004066467;0,31550756096839905;0,26830267906188965;0,013914596289396286
169;3569,718994140625;17,193031311035156;67294,4921875;193,41976928710938;-197,3772430419922;-10,35970401763916;0,9005407691001892;0,3343006670475006;0,2747553884983063;0,01438671350479126
170;3569,718994140625;17,193031311035156;67294,4921875;171,87672424316406;-182,5613250732422;-7,7779693603515625;0,8575858473777771;0,3120017647743225;0,2591034471988678;0,013266215100884438
171;3569,718994140625;17,193031311035156;67294,4921875;208,25421142578125;-166,90496826171875;-9,172609329223633;0,8711312413215637;0,3195244371891022;0,26136887073516846;0,01348070241510868
172;3569,718994140625;17,193031311035156;67294,4921875;195,88160705566406;-138,69052124023438;-9,942652702331543;0,9287890195846558;0,34581443667411804;0,276923805475235;0,014722106046974659
173;3569,718994140625;17,193031311035156;67294,4921875;152,49755859375;-109,14103698730469;-6,629568099975586;0,8847302794456482;0,3178642690181732;0,26075872778892517;0,013593766838312149
174;3569,718994140625;17,193031311035156;67294,4921875;103,0417709350586;-84,87950134277344;-3,0826520919799805;0,885054349899292;0,31703275442123413;0,25874388217926025;0,0134884649887681
175;3569,718994140625;17,193031311035156;67294,4921875;130,52081298828125;-67,6228256225586;-4,380363941192627;0,9177345037460327;0,32244834303855896;0,26571428775787354;0,014117810875177383
176;3569,718994140625;17,193031311035156;67294,4921875;147,97341918945312;-52,76028060913086;-7,187469482421875;0,9382683038711548;0,35174328088760376;0,271430104970932;0,014481019228696823
177;3569,718994140625;17,193031311035156;67294,4921875;131,71328735351562;-31,469499588012695;-6,339454650878906;0,8923192024230957;0,31521451473236084;0,25462257862091064;0,013308926485478878
178;3569,718994140625;17,193031311035156;67294,4921875;63,735389709472656;-11,048375129699707;-3,7113471031188965;0,8990314602851868;0,3238462805747986;0,25519537925720215;0,013351989910006523
179;3569,718994140625;17,193031311035156;67294,4921875;71,76911163330078;-5,505795955657959;-4,029879093170166;0,9240459203720093;0,32255175709724426;0,2596454620361328;0,013783984817564487
180;3569,718994140625;17,193031311035156;67294,4921875;26,826297760009766;5,424305438995361;-2,7241268157958984;0,9451809525489807;0,36262479424476624;0,26653188467025757;0,01416029129177332
181;3569,718994140625;17,193031311035156;67294,4921875;22,779796600341797;8,638717651367188;-2,796926498413086;0,9150294065475464;0,3352353870868683;0,25508803129196167;0,013370483182370663
182;3569,718994140625;17,193031311035156;67294,4921875;22,286195755004883;17,220417022705078;-2,4443843364715576;0,9465063214302063;0,3687489628791809;0,26416081190109253;0,013944351114332676
183;3569,718994140625;17,193031311035156;67294,4921875;13,294526100158691;18,1215877532959;-1,2920327186584473;0,9653913378715515;0,36140313744544983;0,26673850417137146;0,014262205921113491
184;3569,718994140625;17,193031311035156;67294,4921875;8,386287689208984;23,737207412719727;-0,5407717823982239;0,9684925675392151;0,3645128607749939;0,26643577218055725;0,014212519861757755
185;3569,718994140625;17,193031311035156;67294,4921875;-11,68599796295166;33,13329315185547;1,661193609237671;0,9724568128585815;0,3668665587902069;0,2664186358451843;0,01418166235089302
186;3569,718994140625;17,193031311035156;67294,4921875;-8,596014976501465;42,367061614990234;-0,6034474968910217;0,9562923312187195;0,3585524260997772;0,26080432534217834;0,013711162842810154
187;3569,718994140625;17,193031311035156;67294,4921875;17,312700271606445;48,5825309753418;-0,7958892583847046;0,9708659052848816;0,35427922010421753;0,2631602883338928;0,013906307518482208
188;3569,718994140625;17,193031311035156;67294,4921875;-22,89938735961914;63,70085906982422;2,1007049083709717;1,0182207822799683;0,38892602920532227;0,276603102684021;0,014813504181802273
189;3569,718994140625;17,193031311035156;67294,4921875;-50,950599670410156;72,50174713134766;1,6347918510437012;1,0104743242263794;0,3805960416793823;0,2735254168510437;0,014532365836203098
190;3569,718994140625;17,193031311035156;67294,4921875;12,641663551330566;66,53138732910156;1,7571667432785034;1,0227998495101929;0,39002594351768494;0,2768212854862213;0,014677517116069794
191;3569,718994140625;17,193031311035156;67294,4921875;11,1261625289917;70,19348907470703;-0,3258555829524994;1,0824787616729736;0,42876213788986206;0,2939276099205017;0,015796968713402748
192;3569,718994140625;17,193031311035156;67294,4921875;23,8680362701416;73,12853240966797;0,33367496728897095;1,0592514276504517;0,4229651391506195;0,287791907787323;0,015192579478025436
193;3569,718994140625;17,193031311035156;67294,4921875;42,64487075805664;73,14857482910156;0,26070258021354675;1,0984001159667969;0,45427852869033813;0,29966577887535095;0,015845846384763718
194;3569,718994140625;17,193031311035156;67294,4921875;8,25004768371582;74,77406311035156;-0,7786407470703125;1,0404584407806396;0,40731924772262573;0,2824787497520447;0,014581708237528801
195;3569,718994140625;17,193031311035156;67294,4921875;-20,50957489013672;78,809814453125;0,5328588485717773;1,1007858514785767;0,43793171644210815;0,2997994124889374;0,01569744572043419
196;3569,718994140625;17,193031311035156;67294,4921875;-51,66532516479492;79,67103576660156;3,723123073577881;1,1418641805648804;0,4764059782028198;0,3130957782268524;0,016349775716662407
197;3569,718994140625;17,193031311035156;67294,4921875;7,136696815490723;55,84552764892578;0,34770455956459045;1,1496520042419434;0,4745934307575226;0,31567519903182983;0,016401082277297974
198;3569,718994140625;17,193031311035156;67294,4921875;51,27286148071289;38,713417053222656;0,40600576996803284;1,1125257015228271;0,44015809893608093;0,3052437901496887;0,015590569004416466
199;3569,718994140625;17,193031311035156;67294,4921875;59,57758712768555;12,077519416809082;-0,05796251446008682;1,1643918752670288;0,46691831946372986;0,32098954916000366;0,016491355374455452
200;3569,718994140625;17,193031311035156;67294,4921875;114,22172546386719;-20,766279220581055;-2,8519673347473145;1,2307764291763306;0,4812370538711548;0,33999931812286377;0,017671605572104454
201;3569,718994140625;17,193031311035156;67294,4921875;135,16787719726562;-32,431785583496094;-2,5112686157226562;1,2095346450805664;0,4911161959171295;0,33655279874801636;0,01711585931479931
202;3569,718994140625;17,193031311035156;67294,4921875;166,01673889160156;-49,89464569091797;-2,4993019104003906;1,1835768222808838;0,4501323699951172;0,3294593095779419;0,016558675095438957
203;3569,718994140625;17,193031311035156;67294,4921875;198,7624053955078;-81,3499526977539;-0,4398636221885681;1,2324358224868774;0,48119592666625977;0,3453997075557709;0,017364438623189926
204;3569,718994140625;17,193031311035156;67294,4921875;237,7746124267578;-98,20964050292969;-7,639981269836426;1,2551774978637695;0,5031697154045105;0,3542245626449585;0,017649101093411446
205;3569,718994140625;17,193031311035156;67294,4921875;325,4067077636719;-125,2519302368164;-8,024823188781738;1,2626895904541016;0,49842774868011475;0,35803478956222534;0,017698412761092186
206;3569,718994140625;17,193031311035156;67294,4921875;332,5373840332031;-143,6346435546875;-10,945056915283203;1,2651952505111694;0,4903884828090668;0,3605404496192932;0,017659451812505722
207;3569,718994140625;17,193031311035156;67294,4921875;367,8457946777344;-159,6855010986328;-12,72435188293457;1,2905267477035522;0,49398910999298096;0,3698098957538605;0,018035022541880608
208;3569,718994140625;17,193031311035156;67294,4921875;388,8937072753906;-166,27130126953125;-14,220048904418945;1,2845476865768433;0,49721017479896545;0,37052568793296814;0,01780635304749012
209;3569,718994140625;17,193031311035156;67294,4921875;460,7440185546875;-194,59791564941406;-14,974793434143066;1,3548641204833984;0,5164908170700073;0,3930799067020416;0,01900404691696167
210;3569,718994140625;17,193031311035156;67294,4921875;502,7715148925781;-202,8809356689453;-20,08919334411621;1,366302251815796;0,5197385549545288;0,39889979362487793;0,019112203270196915
211;3569,718994140625;17,193031311035156;67294,4921875;536,0955200195312;-207,39810180664062;-21,77916145324707;1,3293647766113281;0,47987499833106995;0,3902815282344818;0,018403256312012672
212;3569,718994140625;17,193031311035156;67294,4921875;574,5405883789062;-207,9401397705078;-17,6705322265625;1,3459804058074951;0,49906259775161743;0,3978462815284729;0,018590005114674568
213;3569,718994140625;17,193031311035156;67294,4921875;591,2783813476562;-208,43838500976562;-25,49411964416504;1,4003269672393799;0,5343707799911499;0,41659170389175415;0,019405730068683624
214;3569,718994140625;17,193031311035156;67294,4921875;599,5181274414062;-198,77227783203125;-25,536325454711914;1,430550217628479;0,5398168563842773;0,42817777395248413;0,019865402951836586
215;3569,718994140625;17,193031311035156;67294,4921875;606,3384399414062;-210,74197387695312;-21,83655548095703;1,3897556066513062;0,5099439024925232;0,41856715083122253;0,019115721806883812
216;3569,718994140625;17,193031311035156;67294,4921875;698,3860473632812;-226,61590576171875;-26,803043365478516;1,3669180870056152;0,4639659821987152;0,4145987033843994;0,018718088045716286
217;3569,718994140625;17,193031311035156;67294,4921875;707,5477294921875;-241,7688446044922;-29,319902420043945;1,4419677257537842;0,5163730978965759;0,4396795928478241;0,019907226786017418
218;3569,718994140625;17,193031311035156;67294,4921875;716,042724609375;-245,5741424560547;-31,385225296020508;1,4327545166015625;0,5138422250747681;0,43938344717025757;0,01966424472630024
219;3569,718994140625;17,193031311035156;67294,4921875;747,4482421875;-256,4332275390625;-34,96412658691406;1,45950186252594;0,5158560276031494;0,4502757489681244;0,020083734765648842
220;3569,718994140625;17,193031311035156;67294,4921875;746,3650512695312;-257,5559387207031;-35,698951721191406;1,43915593624115;0,4938752055168152;0,44690388441085815;0,019723499193787575
221;3569,718994140625;17,193031311035156;67294,4921875;787,453369140625;-282,3116760253906;-41,532711029052734;1,4372241497039795;0,5003237724304199;0,44837486743927;0,01959209144115448
222;3569,718994140625;17,193031311035156;67294,4921875;817,2066650390625;-300,2734375;-46,21016311645508;1,5734803676605225;0,5342627763748169;0,49394381046295166;0,02189815789461136
223;3569,718994140625;17,193031311035156;67294,4921875;849,4310302734375;-319,4883728027344;-45,078128814697266;1,5057964324951172;0,5001269578933716;0,4755820333957672;0,02074538916349411
224;3569,718994140625;17,193031311035156;67294,4921875;871,1631469726562;-339,59405517578125;-40,07582473754883;1,5091630220413208;0,5042939186096191;0,47865185141563416;0,02074124477803707
225;3569,718994140625;17,193031311035156;67294,4921875;855,2109985351562;-349,7728576660156;-43,13172912597656;1,5506231784820557;0,5191565155982971;0,4938243627548218;0,021381787955760956
226;3569,718994140625;17,193031311035156;67294,4921875;864,9903564453125;-387,2430725097656;-45,07937240600586;1,5821648836135864;0,5225254893302917;0,5064501166343689;0,021901020780205727
227;3569,718994140625;17,193031311035156;67294,4921875;839,1331787109375;-400,5126647949219;-44,688724517822266;1,5423369407653809;0,5020824074745178;0,49623769521713257;0,02123888209462166
228;3569,718994140625;17,193031311035156;67294,4921875;857,6088256835938;-430,9366149902344;-49,078880310058594;1,5178260803222656;0,4814039170742035;0,49146631360054016;0,020862426608800888
229;3569,718994140625;17,193031311035156;67294,4921875;853,8318481445312;-458,18072509765625;-49,725311279296875;1,5711418390274048;0,5211067199707031;0,5075299739837646;0,02153254859149456
230;3569,718994140625;17,193031311035156;67294,4921875;856,4025268554688;-481,1974792480469;-47,60628890991211;1,5806125402450562;0,5097004771232605;0,513965904712677;0,021811487153172493
231;3569,718994140625;17,193031311035156;67294,4921875;835,8117065429688;-516,7487182617188;-51,95527267456055;1,5862970352172852;0,5013346672058105;0,5188415050506592;0,02197190187871456
232;3569,718994140625;17,193031311035156;67294,4921875;843,349853515625;-538,5635986328125;-50,49464416503906;1,5562644004821777;0,4953397512435913;0,509546160697937;0,02142406441271305
233;3569,718994140625;17,193031311035156;67294,4921875;833,0665283203125;-552,9207763671875;-55,76197052001953;1,5401047468185425;0,48527827858924866;0,5063908696174622;0,021205397322773933
234;3569,718994140625;17,193031311035156;67294,4921875;834,7627563476562;-593,32275390625;-45,30877685546875;1,6274460554122925;0,516768217086792;0,5348103046417236;0,02257368713617325
235;3569,718994140625;17,193031311035156;67294,4921875;815,4141845703125;-605,3662109375;-47,27760314941406;1,617801547050476;0,5164955854415894;0,5308937430381775;0,02228473499417305
236;3569,718994140625;17,193031311035156;67294,4921875;802,08251953125;-635,62255859375;-44,17475509643555;1,5673320293426514;0,49281078577041626;0,517862856388092;0,02166239358484745
237;3569,718994140625;17,193031311035156;67294,4921875;789,8754272460938;-667,813720703125;-46,350154876708984;1,576606273651123;0,49614080786705017;0,5208563208580017;0,021787792444229126
238;3569,718994140625;17,193031311035156;67294,4921875;781,1859741210938;-705,84912109375;-48,99951934814453;1,616542100906372;0,5087599754333496;0,5334685444831848;0,022395309060811996
239;3569,718994140625;17,193031311035156;67294,4921875;771,330078125;-737,3115234375;-43,4863395690918;1,6599600315093994;0,5217682123184204;0,5461284518241882;0,022971179336309433
240;3569,718994140625;17,193031311035156;67294,4921875;793,992431640625;-765,01708984375;-49,54906463623047;1,5582208633422852;0,488746702671051;0,5154420733451843;0,02153230644762516
241;3569,718994140625;17,193031311035156;67294,4921875;765,723388671875;-802,8717651367188;-48,90239334106445;1,5928921699523926;0,49878573417663574;0,5259866714477539;0,0220754723995924
242;3569,718994140625;17,193031311035156;67294,4921875;692,3004760742188;-833,5259399414062;-40,94563674926758;1,6514981985092163;0,5136361718177795;0,5423255562782288;0,02284078486263752
243;3569,718994140625;17,193031311035156;67294,4921875;704,7078247070312;-863,5668334960938;-40,99775314331055;1,5643976926803589;0,4899185597896576;0,5163509845733643;0,02169778198003769
244;3569,718994140625;17,193031311035156;67294,4921875;695,7223510742188;-889,7102661132812;-43,94968795776367;1,5877286195755005;0,4987962543964386;0,5241993069648743;0,02218598872423172
245;3569,718994140625;17,193031311035156;67294,4921875;666,3067016601562;-917,0055541992188;-42,992576599121094;1,6161932945251465;0,50411456823349;0,5309002995491028;0,022554997354745865
246;3569,718994140625;17,193031311035156;67294,4921875;700,0390625;-938,8186645507812;-43,405059814453125;1,6007533073425293;0,5001958608627319;0,5251661539077759;0,02236490696668625
247;3569,718994140625;17,193031311035156;67294,4921875;666,2152099609375;-942,214111328125;-39,92154312133789;1,6411848068237305;0,5016165971755981;0,533222496509552;0,02269941382110119
248;3569,718994140625;17,193031311035156;67294,4921875;717,87646484375;-957,2437133789062;-46,87845230102539;1,6063884496688843;0,49412801861763;0,5217581987380981;0,022290319204330444
249;3569,718994140625;17,193031311035156;67294,4921875;689,8723754882812;-960,8184204101562;-41,25747299194336;1,6338450908660889;0,5012245774269104;0,5287836194038391;0,022766156122088432
250;3569,718994140625;17,193031311035156;67294,4921875;677,6257934570312;-974,0919189453125;-39,36759567260742;1,5936143398284912;0,5034221410751343;0,5180743336677551;0,022514281794428825
251;3569,718994140625;17,193031311035156;67294,4921875;661,505859375;-968,2636108398438;-41,27214431762695;1,5598931312561035;0,4854767322540283;0,5032053589820862;0,021796707063913345
252;3569,718994140625;17,193031311035156;67294,4921875;624,8032836914062;-996,31396484375;-39,76212692260742;1,5887327194213867;0,49048641324043274;0,5094432830810547;0,022234074771404266
253;3569,718994140625;17,193031311035156;67294,4921875;648,2840576171875;-983,9818725585938;-39,07987976074219;1,6003555059432983;0,49598369002342224;0,5113739371299744;0,022523602470755577
254;3569,718994140625;17,193031311035156;67294,4921875;644,6254272460938;-974,2233276367188;-37,47929382324219;1,6011823415756226;0,48682302236557007;0,5071870684623718;0,02236039750277996
255;3569,718994140625;17,193031311035156;67294,4921875;670,2094116210938;-975,5805053710938;-40,42306900024414;1,5568933486938477;0,48473265767097473;0,49315935373306274;0,02191799134016037
256;3569,718994140625;17,193031311035156;67294,4921875;608,640625;-982,1766967773438;-36,351654052734375;1,5898743867874146;0,5047813653945923;0,502964437007904;0,02273261733353138
257;3569,718994140625;17,193031311035156;67294,4921875;617,6392822265625;-984,3072509765625;-41,30076599121094;1,5456535816192627;0,4934643507003784;0,48676997423171997;0,02206631563603878
258;3569,718994140625;17,193031311035156;67294,4921875;618,387451171875;-978,0219116210938;-42,611759185791016;1,6223852634429932;0,49878841638565063;0,5042052865028381;0,02307053655385971
259;3569,718994140625;17,193031311035156;67294,4921875;635,417236328125;-986,2161865234375;-41,60869216918945;1,577033519744873;0,49172255396842957;0,4884725511074066;0,02248314581811428
260;3569,718994140625;17,193031311035156;67294,4921875;641,6867065429688;-990,7655029296875;-41,64673614501953;1,6074340343475342;0,49095264077186584;0,4929211437702179;0,0228605754673481
261;3569,718994140625;17,193031311035156;67294,4921875;630,91943359375;-997,0222778320312;-40,19489669799805;1,4817066192626953;0,4794720709323883;0,45637810230255127;0,02126011624932289
262;3569,718994140625;17,193031311035156;67294,4921875;629,7993774414062;-1017,3986206054688;-41,60962677001953;1,5272709131240845;0,47610247135162354;0,464025616645813;0,021779455244541168
263;3569,718994140625;17,193031311035156;67294,4921875;623,3690185546875;-1031,9718017578125;-43,558345794677734;1,4467921257019043;0,4668222963809967;0,4394150972366333;0,02071870118379593
264;3569,718994140625;17,193031311035156;67294,4921875;652,0003662109375;-1042,218505859375;-46,167423248291016;1,5199670791625977;0,47703489661216736;0,456127792596817;0,021839633584022522
265;3569,718994140625;17,193031311035156;67294,4921875;642,69482421875;-1058,158935546875;-45,25248336791992;1,4862728118896484;0,4711635410785675;0,44372889399528503;0,021394282579421997
266;3569,718994140625;17,193031311035156;67294,4921875;683,6869506835938;-1067,26123046875;-46,9326286315918;1,4444977045059204;0,4707906246185303;0,4304434061050415;0,020951727405190468
267;3569,718994140625;17,193031311035156;67294,4921875;698,6409912109375;-1076,31298828125;-50,5177116394043;1,4188528060913086;0,4633651673793793;0,4199863374233246;0,02056656777858734
268;3569,718994140625;17,193031311035156;67294,4921875;678,14892578125;-1103,378173828125;-47,9004020690918;1,4569056034088135;0,4741629362106323;0,4279526472091675;0,021306416019797325
269;3569,718994140625;17,193031311035156;67294,4921875;718,7035522460938;-1107,212890625;-54,289283752441406;1,4274961948394775;0,46938058733940125;0,41721200942993164;0,020930754020810127
270;3569,718994140625;17,193031311035156;67294,4921875;702,8234252929688;-1133,1717529296875;-54,045955657958984;1,4258224964141846;0,46609023213386536;0,41340944170951843;0,020926177501678467
271;3569,718994140625;17,193031311035156;67294,4921875;717,3595581054688;-1146,5516357421875;-54,58072280883789;1,4137767553329468;0,46272826194763184;0,40725669264793396;0,020793233066797256
272;3569,718994140625;17,193031311035156;67294,4921875;713,8118286132812;-1167,8707275390625;-55,66614532470703;1,4564076662063599;0,4662475883960724;0,41509297490119934;0,021474698558449745
273;3569,718994140625;17,193031311035156;67294,4921875;733,7249755859375;-1181,045166015625;-57,81522750854492;1,4196947813034058;0,4567885398864746;0,4024486541748047;0,0209237951785326
274;3569,718994140625;17,193031311035156;67294,4921875;745,0911865234375;-1198,0888671875;-58,17654800415039;1,3593031167984009;0,45990458130836487;0,3866845369338989;0,02031063288450241
275;3569,718994140625;17,193031311035156;67294,4921875;726,1830444335938;-1216,3067626953125;-58,03474807739258;1,4205466508865356;0,46302154660224915;0,39891722798347473;0,021243499591946602
276;3569,718994140625;17,193031311035156;67294,4921875;768,9083862304688;-1218,9075927734375;-61,107486724853516;1,3788018226623535;0,4457966685295105;0,384538471698761;0,02047254703938961
277;3569,718994140625;17,193031311035156;67294,4921875;814,4929809570312;-1223,2025146484375;-63,57378387451172;1,3574763536453247;0,4420919120311737;0,37721166014671326;0,020226163789629936
278;3569,718994140625;17,193031311035156;67294,4921875;740,6275024414062;-1253,9207763671875;-61,000282287597656;1,3613207340240479;0,4463236331939697;0,37703150510787964;0,020463764667510986
279;3569,718994140625;17,193031311035156;67294,4921875;785,9557495117188;-1261,34375;-62,84817123413086;1,3756979703903198;0,45434024930000305;0,3799890875816345;0,020915726199746132
280;3569,718994140625;17,193031311035156;67294,4921875;733,7322387695312;-1293,1893310546875;-62,44369125366211;1,3310720920562744;0,45821550488471985;0,3693433701992035;0,020517662167549133
281;3569,718994140625;17,193031311035156;67294,4921875;769,02783203125;-1288,779541015625;-65,38894653320312;1,3403849601745605;0,44185084104537964;0,36768901348114014;0,0204326082020998
282;3569,718994140625;17,193031311035156;67294,4921875;805,9942626953125;-1289,768798828125;-68,0768814086914;1,3186613321304321;0,4422599971294403;0,36203619837760925;0,020271867513656616
283;3569,718994140625;17,193031311035156;67294,4921875;791,7628784179688;-1297,7315673828125;-67,2845458984375;1,3078093528747559;0,4543640911579132;0,36089083552360535;0,020480597391724586
284;3569,718994140625;17,193031311035156;67294,4921875;805,5402221679688;-1297,07177734375;-69,67420959472656;1,32807457447052;0,43006330728530884;0,3611620366573334;0,020378388464450836
285;3569,718994140625;17,193031311035156;67294,4921875;726,9393920898438;-1318,34326171875;-63,81259536743164;1,2960455417633057;0,4248342216014862;0,35303395986557007;0,019967662170529366
286;3569,718994140625;17,193031311035156;67294,4921875;727,8826293945312;-1312,7392578125;-64,65882110595703;1,2927180528640747;0,4300791323184967;0,35310932993888855;0,02016041986644268
287;3569,718994140625;17,193031311035156;67294,4921875;695,8858642578125;-1307,259521484375;-63,072425842285156;1,2826448678970337;0,4323027431964874;0,35144561529159546;0,020199021324515343
288;3569,718994140625;17,193031311035156;67294,4921875;707,6290893554688;-1294,6351318359375;-65,41387176513672;1,2462393045425415;0,4308896064758301;0,34356066584587097;0,019802838563919067
289;3569,718994140625;17,193031311035156;67294,4921875;729,5241088867188;-1282,1380615234375;-65,5091781616211;1,2663966417312622;0,41591835021972656;0,3465135097503662;0,019881337881088257
290;3569,718994140625;17,193031311035156;67294,4921875;798,6834716796875;-1244,956298828125;-70,6482162475586;1,2626979351043701;0,4314294159412384;0,3488440215587616;0,020297516137361526
291;3569,718994140625;17,193031311035156;67294,4921875;743,3964233398438;-1244,2108154296875;-66,4417953491211;1,2166472673416138;0,4272492229938507;0,3388800621032715;0,01970658078789711
292;3569,718994140625;17,193031311035156;67294,4921875;662,399169921875;-1233,0826416015625;-60,33729934692383;1,2104368209838867;0,41781362891197205;0,33728379011154175;0,01955290138721466
293;3569,718994140625;17,193031311035156;67294,4921875;623,7618408203125;-1209,6546630859375;-54,60317611694336;1,165332317352295;0,4181006848812103;0,3283889889717102;0,019055813550949097
294;3569,718994140625;17,193031311035156;67294,4921875;629,919677734375;-1194,9853515625;-53,93804931640625;1,2009665966033936;0,4177623987197876;0,33805200457572937;0,019681820645928383
295;3569,718994140625;17,193031311035156;67294,4921875;624,0211791992188;-1160,1988525390625;-54,37738800048828;1,1458550691604614;0,40628886222839355;0,32526910305023193;0,018786484375596046
296;3569,718994140625;17,193031311035156;67294,4921875;641,7911987304688;-1135,2972412109375;-53,01976013183594;1,151401162147522;0,4133814871311188;0,3293476402759552;0,019145827740430832
297;3569,718994140625;17,193031311035156;67294,4921875;621,4173583984375;-1105,06689453125;-54,039154052734375;1,124913215637207;0,3992001414299011;0,3229546546936035;0,018585577607154846
298;3569,718994140625;17,193031311035156;67294,4921875;563,0944213867188;-1095,7254638671875;-49,40297317504883;1,152880311012268;0,41245511174201965;0,33347219228744507;0,01940207928419113
299;3569,718994140625;17,193031311035156;67294,4921875;577,2020874023438;-1071,664794921875;-48,79898452758789;1,1320176124572754;0,40095779299736023;0,3289664685726166;0,01897648721933365
300;3569,718994140625;17,193031311035156;67294,4921875;632,232177734375;-1033,238525390625;-52,83684539794922;1,072866678237915;0,39878904819488525;0,3164190351963043;0,018191736191511154
301;3569,718994140625;17,193031311035156;67294,4921875;556,1091918945312;-1036,1407470703125;-47,96554946899414;1,0694059133529663;0,391546368598938;0,31668928265571594;0,01810491643846035
302;3569,718994140625;17,193031311035156;67294,4921875;563,6513061523438;-1015,4976196289062;-47,235267639160156;1,0972908735275269;0,39665624499320984;0,32649102807044983;0,01874358579516411
303;3569,718994140625;17,193031311035156;67294,4921875;547,7482299804688;-1004,617431640625;-46,89441680908203;1,0461509227752686;0,38494861125946045;0,3143523633480072;0,017846884205937386
304;3569,718994140625;17,193031311035156;67294,4921875;520,2329711914062;-985,10595703125;-44,398624420166016;1,0469436645507812;0,3858417868614197;0,3168708384037018;0,017990924417972565
305;3569,718994140625;17,193031311035156;67294,4921875;495,6706237792969;-971,3045654296875;-40,842288970947266;1,0059254169464111;0,37325167655944824;0,306922972202301;0,01720326580107212
306;3569,718994140625;17,193031311035156;67294,4921875;488,38677978515625;-961,696533203125;-39,38845443725586;1,0038076639175415;0,3809589743614197;0,30951404571533203;0,017454110085964203
307;3569,718994140625;17,193031311035156;67294,4921875;498,8385009765625;-956,57958984375;-40,76683807373047;0,9982854127883911;0,3716035485267639;0,3089856803417206;0,01726003922522068
308;3569,718994140625;17,193031311035156;67294,4921875;494,6346130371094;-946,3013305664062;-41,87537384033203;0,9962858557701111;0,3807142674922943;0,31170913577079773;0,017537826672196388
309;3569,718994140625;17,193031311035156;67294,4921875;488,7725524902344;-947,3511352539062;-38,604835510253906;0,9422309398651123;0,35725200176239014;0,29638150334358215;0,016273025423288345
310;3569,718994140625;17,193031311035156;67294,4921875;535,9591674804688;-919,4129638671875;-43,026092529296875;0,9413274526596069;0,3667089641094208;0,2992296814918518;0,01656927354633808
311;3569,718994140625;17,193031311035156;67294,4921875;502,61602783203125;-904,0396728515625;-38,73359680175781;0,9778075218200684;0,36510756611824036;0,31078124046325684;0,01717265695333481
312;3569,718994140625;17,193031311035156;67294,4921875;535,304931640625;-897,2744750976562;-40,812957763671875;0,9261168241500854;0,35894498229026794;0,2977287769317627;0,016335314139723778
313;3569,718994140625;17,193031311035156;67294,4921875;521,3148193359375;-887,582763671875;-42,0873908996582;0,9131952524185181;0,35644251108169556;0,29555028676986694;0,01615624874830246
314;3569,718994140625;17,193031311035156;67294,4921875;496,5985412597656;-893,6932373046875;-40,08536911010742;0,9166829586029053;0,35055267810821533;0,2973915636539459;0,01615070179104805
315;3569,718994140625;17,193031311035156;67294,4921875;566,2257080078125;-872,2655029296875;-46,19099426269531;0,8939914703369141;0,3461812734603882;0,29203036427497864;0,01577402837574482
316;3569,718994140625;17,193031311035156;67294,4921875;529,2509765625;-866,6624755859375;-43,20623016357422;0,9036797881126404;0,34470200538635254;0,29597562551498413;0,01595311611890793
317;3569,718994140625;17,193031311035156;67294,4921875;565,6101684570312;-855,0451049804688;-44,65028762817383;0,9077553153038025;0,34809213876724243;0,29885464906692505;0,016168689355254173
318;3569,718994140625;17,193031311035156;67294,4921875;549,5458984375;-850,807373046875;-42,12980651855469;0,8904210329055786;0,3397779166698456;0,2941475510597229;0,015762515366077423
319;3569,718994140625;17,193031311035156;67294,4921875;549,0111083984375;-860,1091918945312;-40,866275787353516;0,8886162042617798;0,3349217474460602;0,2941492199897766;0,015650877729058266
320;3569,718994140625;17,193031311035156;67294,4921875;501,4053649902344;-833,49609375;-34,18232345581055;0,8802537322044373;0,32853925228118896;0,29197758436203003;0,01537516713142395
321;3569,718994140625;17,193031311035156;67294,4921875;524,4710693359375;-822,8676147460938;-38,957183837890625;0,8851255774497986;0,331587016582489;0,29459670186042786;0,015606660395860672
322;3569,718994140625;17,193031311035156;67294,4921875;506,2827453613281;-814,6859130859375;-35,525203704833984;0,8790298104286194;0,32839176058769226;0,29319819808006287;0,015473620966076851
323;3569,718994140625;17,193031311035156;67294,4921875;455,1822814941406;-798,0574340820312;-33,67771911621094;0,8738700151443481;0,32499006390571594;0,29190945625305176;0,01532643474638462
324;3569,718994140625;17,193031311035156;67294,4921875;452,5242919921875;-773,7210693359375;-29,9703369140625;0,8473730087280273;0,3146798610687256;0,283488392829895;0,014698844403028488
325;3569,718994140625;17,193031311035156;67294,4921875;469,1336364746094;-761,7548828125;-31,26303482055664;0,8429130911827087;0,31186914443969727;0,28220734000205994;0,014575930312275887
326;3569,718994140625;17,193031311035156;67294,4921875;431,2890930175781;-713,7123413085938;-26,993125915527344;0,8640703558921814;0,31845319271087646;0,2893650233745575;0,015072370879352093
327;3569,718994140625;17,193031311035156;67294,4921875;408,9697265625;-694,6643676757812;-27,35661506652832;0,8549522757530212;0,3142198920249939;0,28625890612602234;0,014733784832060337
328;3569,718994140625;17,193031311035156;67294,4921875;401,6608581542969;-659,362548828125;-25,60370635986328;0,8757035732269287;0,3214075565338135;0,2931074798107147;0,015227853320538998
329;3569,718994140625;17,193031311035156;67294,4921875;390,70257568359375;-624,7644653320312;-22,858606338500977;0,8577328324317932;0,31304076313972473;0,28681260347366333;0,014869382604956627
330;3569,718994140625;17,193031311035156;67294,4921875;348,962646484375;-587,1007080078125;-19,30204963684082;0,8509388566017151;0,30988845229148865;0,28417351841926575;0,014652127400040627
331;3569,718994140625;17,193031311035156;67294,4921875;320,0245666503906;-552,0400390625;-15,153280258178711;0,8625144362449646;0,31516343355178833;0,2876530587673187;0,014828967861831188
332;3569,718994140625;17,193031311035156;67294,4921875;279,3857421875;-507,3711242675781;-10,818114280700684;0,8451173901557922;0,30378443002700806;0,2809397280216217;0,014482074417173862
333;3569,718994140625;17,193031311035156;67294,4921875;244,51951599121094;-470,5741271972656;-12,643961906433105;0,8605517745018005;0,31117454171180725;0,28550150990486145;0,014762231148779392
334;3569,718994140625;17,193031311035156;67294,4921875;231,1065673828125;-455,79266357421875;-9,339704513549805;0,8431183099746704;0,3043525516986847;0,2788800895214081;0,014270858839154243
335;3569,718994140625;17,193031311035156;67294,4921875;207,69627380371094;-416,9523620605469;-5,583414554595947;0,8431165218353271;0,3056955337524414;0,27807116508483887;0,014181915670633316
336;3569,718994140625;17,193031311035156;67294,4921875;223,86761474609375;-385,82208251953125;-8,844719886779785;0,8745301365852356;0,320833295583725;0,2876673638820648;0,014845259487628937
337;3569,718994140625;17,193031311035156;67294,4921875;176,05596923828125;-352,6094970703125;-7,86144495010376;0,8524115085601807;0,30919909477233887;0,2789701819419861;0,014284263364970684
338;3569,718994140625;17,193031311035156;67294,4921875;142,26290893554688;-316,0344543457031;-5,222332954406738;0,875795841217041;0,3243096172809601;0,285879522562027;0,014709636569023132
339;3569,718994140625;17,193031311035156;67294,4921875;150,6116943359375;-287,8900146484375;-7,204538345336914;0,8614420294761658;0,3129953145980835;0,27934953570365906;0,014362148940563202
340;3569,718994140625;17,193031311035156;67294,4921875;158,48252868652344;-260,21710205078125;-7,440145969390869;0,8433913588523865;0,3017176687717438;0,27169549465179443;0,013875124976038933
341;3569,718994140625;17,193031311035156;67294,4921875;93,47493743896484;-229,3769073486328;-5,331369876861572;0,8744232058525085;0,3234289586544037;0,280982106924057;0,014477032236754894
342;3569,718994140625;17,193031311035156;67294,4921875;71,92398071289062;-212,9591064453125;-4,06995153427124;0,868389904499054;0,3142818212509155;0,2768324613571167;0,014302494004368782
343;3569,718994140625;17,193031311035156;67294,4921875;83,20234680175781;-191,1294403076172;-3,475344657897949;0,8664970397949219;0,31478604674339294;0,274612694978714;0,01416317094117403
344;3569,718994140625;17,193031311035156;67294,4921875;71,85253143310547;-170,48870849609375;-1,0364043712615967;0,8606279492378235;0,31121641397476196;0,27087101340293884;0,013937408104538918
345;3569,718994140625;17,193031311035156;67294,4921875;30,150672912597656;-141,2939910888672;0,6020416021347046;0,8733069896697998;0,3188353478908539;0,273257851600647;0,01414316426962614
346;3569,718994140625;17,193031311035156;67294,4921875;42,96141052246094;-128,700439453125;1,7504050731658936;0,8457327485084534;0,30724474787712097;0,26264652609825134;0,013375645503401756
347;3569,718994140625;17,193031311035156;67294,4921875;39,877872467041016;-114,9868392944336;1,2374677658081055;0,8776532411575317;0,32843589782714844;0,2713998854160309;0,01401589997112751
348;3569,718994140625;17,193031311035156;67294,4921875;51,91133117675781;-106,47526550292969;-0,8410900235176086;0,8584150671958923;0,3012394607067108;0,2618338465690613;0,013510008342564106
349;3569,718994140625;17,193031311035156;67294,4921875;33,21865463256836;-94,92283630371094;1,4529460668563843;0,8827784061431885;0,3239058554172516;0,2683876156806946;0,01396767795085907
350;3569,718994140625;17,193031311035156;67294,4921875;31,051490783691406;-81,73937225341797;-0,02293413318693638;0,8726459741592407;0,32300424575805664;0,2635153830051422;0,013609654270112514
351;3569,718994140625;17,193031311035156;67294,4921875;21,550161361694336;-71,09255981445312;-0,5421735644340515;0,9082610607147217;0,33541324734687805;0,2720811069011688;0,014353045262396336
352;3569,718994140625;17,193031311035156;67294,4921875;-7,545638561248779;-64,29808807373047;2,553494691848755;0,8957034349441528;0,3186366558074951;0,2652217447757721;0,01395433209836483
353;3569,718994140625;17,193031311035156;67294,4921875;12,715879440307617;-59,647457122802734;2,4015913009643555;0,8901636004447937;0,32686707377433777;0,26237407326698303;0,013707583770155907
354;3569,718994140625;17,193031311035156;67294,4921875;20,38585662841797;-58,19628143310547;2,1748788356781006;0,8889581561088562;0,3198697566986084;0,2594453990459442;0,013570699840784073
355;3569,718994140625;17,193031311035156;67294,4921875;9,530923843383789;-52,848297119140625;2,0462417602539062;0,8845530152320862;0,322014182806015;0,25650009512901306;0,01335253193974495
356;3569,718994140625;17,193031311035156;67294,4921875;21,46119499206543;-50,519996643066406;1,2662773132324219;0,8919235467910767;0,31624752283096313;0,25600123405456543;0,013407869264483452
357;3569,718994140625;17,193031311035156;67294,4921875;-43,430572509765625;-36,92763900756836;3,320996046066284;0,9156827330589294;0,3344409167766571;0,26170316338539124;0,013844157569110394
358;3569,718994140625;17,193031311035156;67294,4921875;-10,831962585449219;-43,71546936035156;3,2786781787872314;0,9278168082237244;0,33813008666038513;0,2632281482219696;0,014001176692545414
359;3569,718994140625;17,193031311035156;67294,4921875;-24,368026733398438;-45,84805679321289;0,47222447395324707;0,9140059947967529;0,34670352935791016;0,2586944103240967;0,013561731204390526
360;3569,718994140625;17,193031311035156;67294,4921875;-79,06067657470703;-21,504701614379883;1,4683754444122314;0,9286536574363708;0,3552654981613159;0,2613968253135681;0,013777188956737518
361;3569,718994140625;17,193031311035156;67294,4921875;-39,05748748779297;-33,217857360839844;0,9601625800132751;0,95436030626297;0,36100736260414124;0,2666439116001129;0,014245029538869858
362;3569,718994140625;17,193031311035156;67294,4921875;-30,958160400390625;-27,75969886779785;0,39283689856529236;0,9228189587593079;0,3239850103855133;0,25433066487312317;0,013401669450104237
363;3569,718994140625;17,193031311035156;67294,4921875;-41,87854766845703;-24,978071212768555;0,8890077471733093;0,9380351901054382;0,3244609236717224;0,2568037211894989;0,013606778346002102
364;3569,718994140625;17,193031311035156;67294,4921875;-26,602096557617188;-19,444677352905273;-0,4029334783554077;0,9734756350517273;0,3732631504535675;0,2681492269039154;0,014310832135379314
365;3569,718994140625;17,193031311035156;67294,4921875;-104,11949157714844;11,456450462341309;2,230381965637207;0,9596277475357056;0,3546806275844574;0,2621460258960724;0,013890529051423073
366;3569,718994140625;17,193031311035156;67294,4921875;-111,12699127197266;14,467347145080566;5,9105095863342285;0,9802588820457458;0,3636903762817383;0,26690101623535156;0,014221454039216042
367;3569,718994140625;17,193031311035156;67294,4921875;-39,50262451171875;15,15389347076416;1,1835142374038696;1,0067663192749023;0,38762566447257996;0,27437642216682434;0,014678698033094406
368;3569,718994140625;17,193031311035156;67294,4921875;-84,5804214477539;31,79637908935547;3,557403802871704;0,9813306331634521;0,36661240458488464;0,2658897340297699;0,014015743508934975
369;3569,718994140625;17,193031311035156;67294,4921875;-60,4755859375;34,36705780029297;2,82759690284729;1,0129754543304443;0,38650205731391907;0,27454543113708496;0,014576917514204979
370;3569,718994140625;17,193031311035156;67294,4921875;-77,76045989990234;59,204429626464844;3,1611530780792236;1,0070561170578003;0,3954615294933319;0,27342018485069275;0,01432464737445116
371;3569,718994140625;17,193031311035156;67294,4921875;-80,74105834960938;61,925296783447266;6,1025824546813965;1,0472490787506104;0,40838831663131714;0,28389593958854675;0,015062619931995869
372;3569,718994140625;17,193031311035156;67294,4921875;-86,78085327148438;60,820343017578125;4,954863548278809;1,0712904930114746;0,42190712690353394;0,29066914319992065;0,015442250296473503
373;3569,718994140625;17,193031311035156;67294,4921875;-48,39027404785156;78,06906127929688;3,131497621536255;1,0375092029571533;0,39966797828674316;0,28099244832992554;0,014634614810347557
374;3569,718994140625;17,193031311035156;67294,4921875;-65,17398834228516;79,763671875;8,506847381591797;1,042185664176941;0,4115726053714752;0,2832432985305786;0,014604363590478897
375;3569,718994140625;17,193031311035156;67294,4921875;-50,93449783325195;82,84506225585938;6,354975700378418;1,0957248210906982;0,4395894706249237;0,2987228035926819;0,015582500025629997
376;3569,718994140625;17,193031311035156;67294,4921875;-38,568965911865234;84,28898620605469;5,938117980957031;1,0819439888000488;0,42226430773735046;0,2948201298713684;0,01520831324160099
377;3569,718994140625;17,193031311035156;67294,4921875;19,421188354492188;68,61211395263672;5,289281845092773;1,1080379486083984;0,4409087002277374;0,3032629191875458;0,015610650181770325
378;3569,718994140625;17,193031311035156;67294,4921875;-16,999248504638672;77,91881561279297;5,344812870025635;1,1411484479904175;0,44791191816329956;0,31293785572052;0,01616896502673626
379;3569,718994140625;17,193031311035156;67294,4921875;4,163669586181641;68,32508850097656;6,25027322769165;1,1705291271209717;0,4510904848575592;0,3217014968395233;0,016638433560729027
380;3569,718994140625;17,193031311035156;67294,4921875;40,390869140625;69,56578826904297;3,6776504516601562;1,1716442108154297;0,4685121178627014;0,3242429792881012;0,016530003398656845
381;3569,718994140625;17,193031311035156;67294,4921875;63,101009368896484;58,830989837646484;3,5239877700805664;1,2142552137374878;0,489999383687973;0,3377368152141571;0,01723242923617363
382;3569,718994140625;17,193031311035156;67294,4921875;54,285579681396484;67,11090087890625;4,7293267250061035;1,2251770496368408;0,4835440516471863;0,34186381101608276;0,017353883013129234
383;3569,718994140625;17,193031311035156;67294,4921875;63,41682815551758;67,23519897460938;1,3495904207229614;1,2329517602920532;0,474161833524704;0,34526753425598145;0,017411738634109497
384;3569,718994140625;17,193031311035156;67294,4921875;105,6227035522461;41,56908416748047;3,663679838180542;1,1751939058303833;0,4446336328983307;0,3306344151496887;0,016224725171923637
385;3569,718994140625;17,193031311035156;67294,4921875;114,27416229248047;42,44803237915039;5,008312702178955;1,2509158849716187;0,4787292182445526;0,35419532656669617;0,01754865050315857
386;3569,718994140625;17,193031311035156;67294,4921875;112,1545639038086;33,91720962524414;2,619624137878418;1,3043073415756226;0,5265704393386841;0,37244218587875366;0,018367061391472816
387;3569,718994140625;17,193031311035156;67294,4921875;139,20074462890625;17,97125244140625;-1,8976197242736816;1,3194702863693237;0,5194437503814697;0,3786071538925171;0,018586231395602226
388;3569,718994140625;17,193031311035156;67294,4921875;151,1659393310547;0,8984794616699219;-2,3249707221984863;1,2987070083618164;0,5088823437690735;0,3748740255832672;0,018106183037161827
389;3569,718994140625;17,193031311035156;67294,4921875;161,97283935546875;-11,533164024353027;2,0742604732513428;1,3467330932617188;0,5049082636833191;0,3906838893890381;0,018935007974505424
390;3569,718994140625;17,193031311035156;67294,4921875;157,1495819091797;-21,84807014465332;4,659939765930176;1,3503836393356323;0,5073124766349792;0,394313782453537;0,018908370286226273
391;3569,718994140625;17,193031311035156;67294,4921875;174,55010986328125;-32,97541046142578;4,095200538635254;1,313239574432373;0,4909341335296631;0,38593482971191406;0,018154000863432884
392;3569,718994140625;17,193031311035156;67294,4921875;203,02755737304688;-63,820953369140625;2,5790629386901855;1,3424309492111206;0,5041952133178711;0,39709413051605225;0,018583210185170174
393;3569,718994140625;17,193031311035156;67294,4921875;225,6835174560547;-86,41849517822266;0,2793215215206146;1,3581433296203613;0,4936455190181732;0,404260516166687;0,018820594996213913
394;3569,718994140625;17,193031311035156;67294,4921875;224,90133666992188;-112,18638610839844;1,592539668083191;1,4115251302719116;0,5204504132270813;0,4228692650794983;0,01966441608965397
395;3569,718994140625;17,193031311035156;67294,4921875;271,4561767578125;-136,4126434326172;0,4791994094848633;1,374678373336792;0,5029128193855286;0,4144471287727356;0,018943114206194878
396;3569,718994140625;17,193031311035156;67294,4921875;270,774658203125;-163,11489868164062;0,8043875098228455;1,4190971851348877;0,5384276509284973;0,43026602268218994;0,019535021856427193
397;3569,718994140625;17,193031311035156;67294,4921875;241,8127899169922;-199,13414001464844;-0,2978810966014862;1,4326443672180176;0,5162762403488159;0,43731674551963806;0,019828733056783676
398;3569,718994140625;17,193031311035156;67294,4921875;288,450927734375;-226,83082580566406;0,44486677646636963;1,5791900157928467;0,6215566396713257;0,48369327187538147;0,02187221869826317
399;3569,718994140625;17,193031311035156;67294,4921875;275,7137756347656;-249,138916015625;-0,8544168472290039;1,3990026712417603;0,49241209030151367;0,4322845935821533;0,01914188824594021
400;3569,718994140625;17,193031311035156;67294,4921875;249,23573303222656;-248,447021484375;2,8844642639160156;1,4399334192276;0,5012902617454529;0,4475707411766052;0,01980726048350334
401;3569,718994140625;17,193031311035156;67294,4921875;262,52679443359375;-276,18267822265625;0,5706907510757446;1,4438307285308838;0,5013028383255005;0,4512239694595337;0,01981526054441929
402;3569,718994140625;17,193031311035156;67294,4921875;270,2964172363281;-304,88555908203125;1,1984138488769531;1,4497621059417725;0,4966312646865845;0,4556741416454315;0,019887495785951614
403;3569,718994140625;17,193031311035156;67294,4921875;273,8828430175781;-325,11322021484375;1,2331675291061401;1,5372675657272339;0,5518398880958557;0,484096497297287;0,021120648831129074
404;3569,718994140625;17,193031311035156;67294,4921875;286,4611511230469;-336,6105041503906;0,2146296203136444;1,521701455116272;0,5119295120239258;0,4833374619483948;0,02104424126446247
405;3569,718994140625;17,193031311035156;67294,4921875;297,974609375;-345,4957580566406;-0,002540215849876404;1,5173460245132446;0,51887446641922;0,4834209680557251;0,0208574291318655
406;3569,718994140625;17,193031311035156;67294,4921875;252,6942596435547;-371,9555358886719;3,8267533779144287;1,5195318460464478;0,5101862549781799;0,48672905564308167;0,020907167345285416
407;3569,718994140625;17,193031311035156;67294,4921875;293,5469665527344;-374,7903747558594;2,6955103874206543;1,5259997844696045;0,5077628493309021;0,49098894000053406;0,020999576896429062
408;3569,718994140625;17,193031311035156;67294,4921875;245,12754821777344;-392,3092041015625;3,7353150844573975;1,5164074897766113;0,49141812324523926;0,49092432856559753;0,020890410989522934
409;3569,718994140625;17,193031311035156;67294,4921875;265,5489501953125;-397,0976867675781;0,8741092681884766;1,500246524810791;0,4923820495605469;0,48652368783950806;0,020529570057988167
410;3569,718994140625;17,193031311035156;67294,4921875;268,7445983886719;-419,0989074707031;1,5354423522949219;1,5261210203170776;0,49984434247016907;0,4963710308074951;0,020929429680109024
411;3569,718994140625;17,193031311035156;67294,4921875;293,84417724609375;-429,87603759765625;-3,5330283641815186;1,5586296319961548;0,510364830493927;0,5080803036689758;0,02142365463078022
412;3569,718994140625;17,193031311035156;67294,4921875;225,5655059814453;-428,7591552734375;4,317791938781738;1,4965405464172363;0,47932249307632446;0,4907373785972595;0,020493965595960617
413;3569,718994140625;17,193031311035156;67294,4921875;203,2767333984375;-429,6373291015625;2,884178638458252;1,5710927248001099;0,5081827640533447;0,5149730443954468;0,021623216569423676
414;3569,718994140625;17,193031311035156;67294,4921875;204,28955078125;-431,38250732421875;7,157299041748047;1,550414800643921;0,4929772615432739;0,5109862089157104;0,021404312923550606
415;3569,718994140625;17,193031311035156;67294,4921875;180,0319061279297;-450,1217956542969;7,027237415313721;1,5536633729934692;0,4936637878417969;0,5127390623092651;0,021439990028738976
416;3569,718994140625;17,193031311035156;67294,4921875;175,09291076660156;-467,3974914550781;5,8357319831848145;1,5301873683929443;0,4835185110569;0,5064256191253662;0,02109496295452118
417;3569,718994140625;17,193031311035156;67294,4921875;159,1438751220703;-485,52752685546875;2,207766056060791;1,5590862035751343;0,489054799079895;0,5183441042900085;0,021686378866434097
418;3569,718994140625;17,193031311035156;67294,4921875;120,55204010009766;-513,2389526367188;6,496521949768066;1,5704814195632935;0,4962518513202667;0,5195714831352234;0,02169075421988964
419;3569,718994140625;17,193031311035156;67294,4921875;125,82426452636719;-509,98193359375;8,926156997680664;1,5515447854995728;0,48950767517089844;0,5127682089805603;0,021307146176695824
420;3569,718994140625;17,193031311035156;67294,4921875;101,29547119140625;-541,0775756835938;6,398270606994629;1,532729148864746;0,48197078704833984;0,5082123875617981;0,021139753982424736
421;3569,718994140625;17,193031311035156;67294,4921875;87,3825454711914;-558,7715454101562;15,34058952331543;1,5776790380477905;0,49520179629325867;0,5224272012710571;0,021861398592591286
422;3569,718994140625;17,193031311035156;67294,4921875;68,42444610595703;-577,9071655273438;9,556008338928223;1,5251832008361816;0,4787689745426178;0,5058223605155945;0,021079812198877335
423;3569,718994140625;17,193031311035156;67294,4921875;101,44944763183594;-609,9713745117188;12,749923706054688;1,6212009191513062;0,5038947463035583;0,5333698987960815;0,022363701835274696
424;3569,718994140625;17,193031311035156;67294,4921875;80,02397155761719;-629,4954833984375;10,145943641662598;1,5618510246276855;0,4882776439189911;0,5160102248191833;0,021664755418896675
425;3569,718994140625;17,193031311035156;67294,4921875;63,1866340637207;-655,4065551757812;9,835415840148926;1,5827908515930176;0,49407413601875305;0,52199387550354;0,022031178697943687
426;3569,718994140625;17,193031311035156;67294,4921875;40,8563117980957;-671,4512939453125;7,3147149085998535;1,574452519416809;0,4904598295688629;0,5180137753486633;0,021893514320254326
427;3569,718994140625;17,193031311035156;67294,4921875;42,22907257080078;-687,0787353515625;10,562653541564941;1,5595054626464844;0,4900396168231964;0,5137342214584351;0,021826941519975662
428;3569,718994140625;17,193031311035156;67294,4921875;44,43124771118164;-711,3290405273438;8,74271011352539;1,552869200706482;0,4832211434841156;0,5085492134094238;0,021591469645500183
429;3569,718994140625;17,193031311035156;67294,4921875;68,23367309570312;-723,5701293945312;3,7166097164154053;1,6193283796310425;0,5020701289176941;0,5282794833183289;0,022706961259245872
430;3569,718994140625;17,193031311035156;67294,4921875;75,22781372070312;-751,2091064453125;4,079130172729492;1,58514404296875;0,4951271712779999;0,5165916085243225;0,022271404042840004
431;3569,718994140625;17,193031311035156;67294,4921875;61,40364074707031;-784,2706298828125;4,5018768310546875;1,581567406654358;0,4928077459335327;0,5132580399513245;0,022215615957975388
432;3569,718994140625;17,193031311035156;67294,4921875;113,80498504638672;-807,178955078125;1,608918309211731;1,5712370872497559;0,4835384488105774;0,5063986778259277;0,021918874233961105
433;3569,718994140625;17,193031311035156;67294,4921875;121,41854858398438;-841,4202270507812;1,3517639636993408;1,5860267877578735;0,5008452534675598;0,5121491551399231;0,02252097614109516
434;3569,718994140625;17,193031311035156;67294,4921875;144,2925262451172;-857,9945678710938;-1,3536404371261597;1,5397751331329346;0,4939291179180145;0,4966789484024048;0,021920572966337204
435;3569,718994140625;17,193031311035156;67294,4921875;158,51316833496094;-890,2297973632812;-1,8845921754837036;1,5968163013458252;0,4854130446910858;0,5065614581108093;0,022351697087287903
436;3569,718994140625;17,193031311035156;67294,4921875;173,3364715576172;-919,4523315429688;-6,3473100662231445;1,592755675315857;0,49276235699653625;0,5045452117919922;0,022534504532814026
437;3569,718994140625;17,193031311035156;67294,4921875;215,25318908691406;-946,4349365234375;-10,434157371520996;1,580244541168213;0,4956887662410736;0,4992802143096924;0,02251029945909977
438;3569,718994140625;17,193031311035156;67294,4921875;273,73052978515625;-963,8744506835938;-15,707535743713379;1,59109628200531;0,4957391023635864;0,499176561832428;0,022675393149256706
439;3569,718994140625;17,193031311035156;67294,4921875;309,1672668457031;-993,2399291992188;-15,069679260253906;1,5437960624694824;0,4815406799316406;0,48157596588134766;0,02190990187227726
440;3569,718994140625;17,193031311035156;67294,4921875;335,5994567871094;-1025,3109130859375;-20,30449676513672;1,6183558702468872;0,5025049448013306;0,5013163685798645;0,02321496233344078
441;3569,718994140625;17,193031311035156;67294,4921875;360,8674621582031;-1051,041748046875;-24,27747917175293;1,5455920696258545;0,4857104420661926;0,47682952880859375;0,022115904837846756
442;3569,718994140625;17,193031311035156;67294,4921875;363,36395263671875;-1071,23828125;-23,431875228881836;1,5168037414550781;0,47509196400642395;0,4646301865577698;0,021628301590681076
443;3569,718994140625;17,193031311035156;67294,4921875;422,79681396484375;-1078,2496337890625;-28,222335815429688;1,5136339664459229;0,4778316617012024;0,4612692594528198;0,021702289581298828
444;3569,718994140625;17,193031311035156;67294,4921875;445,47869873046875;-1096,8975830078125;-33,56027603149414;1,524103045463562;0,4823506474494934;0,46154776215553284;0,021971311420202255
445;3569,718994140625;17,193031311035156;67294,4921875;442,32977294921875;-1107,9031982421875;-31,25939178466797;1,4883506298065186;0,49047034978866577;0,4510776996612549;0,021751856431365013
446;3569,718994140625;17,193031311035156;67294,4921875;441,3675842285156;-1107,3743896484375;-33,27167892456055;1,4488340616226196;0,4739926755428314;0,43545985221862793;0,0210361797362566
447;3569,718994140625;17,193031311035156;67294,4921875;445,2977600097656;-1109,4962158203125;-32,040557861328125;1,5225439071655273;0,4856661558151245;0,4523085951805115;0,022208580747246742
448;3569,718994140625;17,193031311035156;67294,4921875;433,36859130859375;-1120,5330810546875;-32,27863311767578;1,5246456861495972;0,47692760825157166;0,44823282957077026;0,022137025371193886
449;3569,718994140625;17,193031311035156;67294,4921875;470,9862060546875;-1114,94189453125;-34,087772369384766;1,4936420917510986;0,47465190291404724;0,43733322620391846;0,021794956177473068
450;3569,718994140625;17,193031311035156;67294,4921875;521,84375;-1098,3714599609375;-35,5269889831543;1,4963099956512451;0,4889652729034424;0,43737685680389404;0,02216961793601513
451;3569,718994140625;17,193031311035156;67294,4921875;485,2594909667969;-1107,0267333984375;-34,624305725097656;1,4806554317474365;0,47679603099823;0,428722620010376;0,02183271013200283
452;3569,718994140625;17,193031311035156;67294,4921875;453,608642578125;-1118,7601318359375;-33,50172805786133;1,420663833618164;0,4664906859397888;0,41012677550315857;0,020975487306714058
453;3569,718994140625;17,193031311035156;67294,4921875;471,7269287109375;-1118,046142578125;-35,237728118896484;1,440467119216919;0,47685056924819946;0,41381287574768066;0,02149904891848564
454;3569,718994140625;17,193031311035156;67294,4921875;523,9839477539062;-1098,5430908203125;-37,5799674987793;1,3820979595184326;0,47869762778282166;0,3981305658817291;0,020868754014372826
455;3569,718994140625;17,193031311035156;67294,4921875;488,5971374511719;-1112,0885009765625;-36,369991302490234;1,4351145029067993;0,47697484493255615;0,4075744152069092;0,02161046862602234
456;3569,718994140625;17,193031311035156;67294,4921875;479,8020324707031;-1120,1324462890625;-37,804325103759766;1,378113865852356;0,45285212993621826;0,38831862807273865;0,020523326471447945
457;3569,718994140625;17,193031311035156;67294,4921875;515,5802001953125;-1118,5667724609375;-41,08666229248047;1,338066816329956;0,45215001702308655;0,3770425021648407;0,020090002566576004
458;3569,718994140625;17,193031311035156;67294,4921875;523,8699340820312;-1119,47998046875;-42,18503952026367;1,378481388092041;0,45879828929901123;0,38533875346183777;0,020832983776926994
459;3569,718994140625;17,193031311035156;67294,4921875;512,6856689453125;-1137,6043701171875;-41,37805938720703;1,363219141960144;0,45379558205604553;0,37933585047721863;0,02064107544720173
460;3569,718994140625;17,193031311035156;67294,4921875;560,8161010742188;-1138,78369140625;-44,854305267333984;1,3411695957183838;0,46357065439224243;0,37441229820251465;0,020638104528188705
461;3569,718994140625;17,193031311035156;67294,4921875;542,1865234375;-1162,1207275390625;-45,11560821533203;1,341219186782837;0,44928213953971863;0,37072816491127014;0,020474068820476532
462;3569,718994140625;17,193031311035156;67294,4921875;555,048828125;-1169,0750732421875;-46,70875549316406;1,394480586051941;0,4592064321041107;0,38297176361083984;0,021471325308084488
463;3569,718994140625;17,193031311035156;67294,4921875;569,7401123046875;-1175,97412109375;-50,5748291015625;1,3912936449050903;0,45515650510787964;0,380628764629364;0,021464472636580467
464;3569,718994140625;17,193031311035156;67294,4921875;565,7291259765625;-1191,72607421875;-49,02617645263672;1,2790567874908447;0,44263166189193726;0,35300546884536743;0,019849184900522232
465;3569,718994140625;17,193031311035156;67294,4921875;557,5338745117188;-1199,1864013671875;-47,999881744384766;1,3192906379699707;0,45040565729141235;0,36258572340011597;0,020654352381825447
466;3569,718994140625;17,193031311035156;67294,4921875;688,4989624023438;-1188,569091796875;-57,22843551635742;1,3267736434936523;0,43579283356666565;0,36166587471961975;0,020575085654854774
467;3569,718994140625;17,193031311035156;67294,4921875;667,8702392578125;-1183,7720947265625;-56,46209716796875;1,251278042793274;0,43466392159461975;0,34464946389198303;0,01966068334877491
468;3569,718994140625;17,193031311035156;67294,4921875;648,0977783203125;-1193,5426025390625;-56,13031768798828;1,2787353992462158;0,43790677189826965;0,3513525128364563;0,020218851044774055
469;3569,718994140625;17,193031311035156;67294,4921875;651,1857299804688;-1199,4168701171875;-56,54214859008789;1,3369255065917969;0,4346720278263092;0,36423152685165405;0,021054843440651894
470;3569,718994140625;17,193031311035156;67294,4921875;692,5903930664062;-1185,70263671875;-58,33077621459961;1,219738483428955;0,41752752661705017;0,3359723389148712;0,019237015396356583
471;3569,718994140625;17,193031311035156;67294,4921875;693,4324340820312;-1182,5989990234375;-60,03300476074219;1,2724426984786987;0,42765748500823975;0,35008442401885986;0,020295022055506706
472;3569,718994140625;17,193031311035156;67294,4921875;693,8784790039062;-1189,078125;-59,609718322753906;1,2520583868026733;0,4281049072742462;0,3465232849121094;0,020154301077127457
473;3569,718994140625;17,193031311035156;67294,4921875;661,0267333984375;-1186,7474365234375;-56,83169937133789;1,2132951021194458;0,4291342794895172;0,3390355706214905;0,019765526056289673
474;3569,718994140625;17,193031311035156;67294,4921875;653,5155639648438;-1188,6553955078125;-55,9389762878418;1,1827049255371094;0,4189763367176056;0,3318403959274292;0,019254721701145172
475;3569,718994140625;17,193031311035156;67294,4921875;661,3397827148438;-1187,39453125;-56,47480010986328;1,1899269819259644;0,42639943957328796;0,3360147178173065;0,019635440781712532
476;3569,718994140625;17,193031311035156;67294,4921875;678,5370483398438;-1184,2430419921875;-58,39147186279297;1,2174221277236938;0,4155888259410858;0,34244146943092346;0,019922280684113503
477;3569,718994140625;17,193031311035156;67294,4921875;657,5365600585938;-1176,927001953125;-57,1316032409668;1,1800042390823364;0,4027724862098694;0,3336682617664337;0,019241012632846832
478;3569,718994140625;17,193031311035156;67294,4921875;662,101318359375;-1182,45751953125;-56,62896728515625;1,1466701030731201;0,4092542827129364;0,32857754826545715;0,01904347352683544
479;3569,718994140625;17,193031311035156;67294,4921875;619,9353637695312;-1188,0047607421875;-54,58439636230469;1,0953598022460938;0,40079522132873535;0,3171045780181885;0,018244223669171333
480;3569,718994140625;17,193031311035156;67294,4921875;621,27294921875;-1185,76953125;-51,85614013671875;1,1612026691436768;0,3993881642818451;0,334707647562027;0,01927243545651436
481;3569,718994140625;17,193031311035156;67294,4921875;656,6825561523438;-1169,0701904296875;-55,56211853027344;1,0738033056259155;0,39081498980522156;0,3144432306289673;0,017951911315321922
482;3569,718994140625;17,193031311035156;67294,4921875;689,716064453125;-1158,5059814453125;-58,3417854309082;1,093653917312622;0,39613083004951477;0,32209789752960205;0,01847841404378414
483;3569,718994140625;17,193031311035156;67294,4921875;690,591064453125;-1155,9364013671875;-57,309051513671875;1,078942894935608;0,3974456787109375;0,3207964599132538;0,018408622592687607
484;3569,718994140625;17,193031311035156;67294,4921875;688,1323852539062;-1135,5657958984375;-57,780399322509766;1,0349185466766357;0,3913886249065399;0,3111644387245178;0,01773543655872345
485;3569,718994140625;17,193031311035156;67294,4921875;688,2452392578125;-1094,5831298828125;-58,07533645629883;1,0191783905029297;0,3771073520183563;0,30738553404808044;0,01729518733918667
486;3569,718994140625;17,193031311035156;67294,4921875;657,18212890625;-1096,643310546875;-56,27400588989258;1,0412507057189941;0,37836259603500366;0,3153049051761627;0,01775568164885044
487;3569,718994140625;17,193031311035156;67294,4921875;685,1940307617188;-1053,169921875;-58,307369232177734;1,0241661071777344;0,3792721629142761;0,3131929636001587;0,017634866759181023
488;3569,718994140625;17,193031311035156;67294,4921875;649,0059204101562;-1041,9725341796875;-55,56880187988281;0,979648232460022;0,37230080366134644;0,30284616351127625;0,016913386061787605
489;3569,718994140625;17,193031311035156;67294,4921875;682,9635620117188;-1012,7401733398438;-58,693824768066406;1,0177085399627686;0,37374380230903625;0,31505370140075684;0,01761084422469139
490;3569,718994140625;17,193031311035156;67294,4921875;630,0546264648438;-982,323486328125;-53,23101806640625;0,95285964012146;0,36188459396362305;0,2984374463558197;0,01646392047405243
491;3569,718994140625;17,193031311035156;67294,4921875;637,9891357421875;-964,3643188476562;-53,31504440307617;0,9618497490882874;0,37042322754859924;0,3038228750228882;0,016890324652194977
492;3569,718994140625;17,193031311035156;67294,4921875;660,1698608398438;-925,7266845703125;-52,346824645996094;0,9255989193916321;0,35689863562583923;0,29424071311950684;0,01611599512398243
493;3569,718994140625;17,193031311035156;67294,4921875;658,6113891601562;-917,6376953125;-50,95509719848633;0,9525333642959595;0,3592045307159424;0,3036196529865265;0,016664041206240654
494;3569,718994140625;17,193031311035156;67294,4921875;590,4205322265625;-897,1264038085938;-47,88594436645508;0,9104214310646057;0,35119643807411194;0,29284563660621643;0,015919962897896767
495;3569,718994140625;17,193031311035156;67294,4921875;623,9393310546875;-883,2760009765625;-44,85956573486328;0,9174508452415466;0,351419597864151;0,29643622040748596;0,01611342467367649
496;3569,718994140625;17,193031311035156;67294,4921875;583,599853515625;-862,5587768554688;-46,740970611572266;0,9216433763504028;0,35729148983955383;0,2998632788658142;0,016391441226005554
497;3569,718994140625;17,193031311035156;67294,4921875;645,7789306640625;-852,1983642578125;-47,855934143066406;0,9230930209159851;0,34742942452430725;0,3005729615688324;0,01623407006263733
498;3569,718994140625;17,193031311035156;67294,4921875;598,5693969726562;-812,857177734375;-44,73905563354492;0,8711448907852173;0,3375501334667206;0,2861368656158447;0,015288806520402431
499;3569,718994140625;17,193031311035156;67294,4921875;631,7951049804688;-806,0175170898438;-46,67096710205078;0,9012866616249084;0,34149840474128723;0,29639068245887756;0,01589949242770672
500;3569,718994140625;17,193031311035156;67294,4921875;562,50244140625;-783,8762817382812;-41,14191436767578;0,8663495779037476;0,3288981318473816;0,2861119508743286;0,01511264406144619
501;3569,718994140625;17,193031311035156;67294,4921875;545,3320922851562;-756,87255859375;-39,5177116394043;0,8751777410507202;0,33130934834480286;0,2899670898914337;0,015367544256150723
502;3569,718994140625;17,193031311035156;67294,4921875;511,2916564941406;-756,4888305664062;-35,32554626464844;0,8672917485237122;0,32713499665260315;0,2881467938423157;0,01519047562032938
503;3569,718994140625;17,193031311035156;67294,4921875;505,9455261230469;-739,5045776367188;-36,689693450927734;0,8792164325714111;0,3275383710861206;0,29245877265930176;0,015377155505120754
504;3569,718994140625;17,193031311035156;67294,4921875;548,1600341796875;-730,051025390625;-36,575233459472656;0,8542189598083496;0,3213077485561371;0,2852218747138977;0,014952227473258972
505;3569,718994140625;17,193031311035156;67294,4921875;530,6929321289062;-716,773193359375;-36,847076416015625;0,866885244846344;0,3236037492752075;0,28974825143814087;0,015221213921904564
506;3569,718994140625;17,193031311035156;67294,4921875;456,4671936035156;-691,6788330078125;-29,348697662353516;0,8477083444595337;0,3151247799396515;0,2836490869522095;0,014732095412909985
507;3569,718994140625;17,193031311035156;67294,4921875;484,96875;-668,9077758789062;-31,063720703125;0,8393241763114929;0,31037405133247375;0,2809826135635376;0,014463058672845364
508;3569,718994140625;17,193031311035156;67294,4921875;479,19378662109375;-665,5458374023438;-31,270118713378906;0,864300012588501;0,31826308369636536;0,2893790602684021;0,015002244152128696
509;3569,718994140625;17,193031311035156;67294,4921875;456,6595153808594;-637,4318237304688;-30,65848159790039;0,8272231221199036;0,30389899015426636;0,2770288586616516;0,014162036590278149
510;3569,718994140625;17,193031311035156;67294,4921875;386,1343078613281;-611,3084716796875;-26,072240829467773;0,8605594635009766;0,31531745195388794;0,28803902864456177;0,014935214072465897
511;3569,718994140625;17,193031311035156;67294,4921875;395,9974060058594;-580,8262329101562;-25,2855167388916;0,8352038860321045;0,3045099079608917;0,27927881479263306;0,014322872273623943
512;3569,718994140625;17,193031311035156;67294,4921875;375,94384765625;-565,8281860351562;-23,179126739501953;0,8177173733711243;0,29733145236968994;0,2730666697025299;0,013828064315021038
513;3569,718994140625;17,193031311035156;67294,4921875;370,7728271484375;-557,852294921875;-22,52043914794922;0,8254854083061218;0,29872608184814453;0,27514201402664185;0,014009066857397556
514;3569,718994140625;17,193031311035156;67294,4921875;298,0516357421875;-532,97900390625;-18,13820457458496;0,8170239925384521;0,2947903573513031;0,2717236578464508;0,01374610885977745
515;3569,718994140625;17,193031311035156;67294,4921875;302,0698547363281;-516,7513427734375;-17,043628692626953;0,8256323337554932;0,29865720868110657;0,27398842573165894;0,01387903094291687
516;3569,718994140625;17,193031311035156;67294,4921875;257,2569274902344;-498,55450439453125;-17,704322814941406;0,8256344795227051;0,297946572303772;0,27317091822624207;0,013830456882715225
517;3569,718994140625;17,193031311035156;67294,4921875;208,76531982421875;-463,4171142578125;-13,6564359664917;0,8370452523231506;0,30293458700180054;0,276127427816391;0,01404004730284214
518;3569,718994140625;17,193031311035156;67294,4921875;220,2593231201172;-452,94488525390625;-10,7118501663208;0,8395521640777588;0,3036535680294037;0,2759493589401245;0,014043373055756092
519;3569,718994140625;17,193031311035156;67294,4921875;195,81924438476562;-432,4157409667969;-8,20457935333252;0,8240297436714172;0,2957651615142822;0,26959189772605896;0,013612956739962101
520;3569,718994140625;17,193031311035156;67294,4921875;176,70433044433594;-401,51470947265625;-4,985884666442871;0,81717449426651;0,2918652296066284;0,26607102155685425;0,013382241129875183
521;3569,718994140625;17,193031311035156;67294,4921875;132,7571258544922;-381,4544372558594;-5,090104579925537;0,8377073407173157;0,3027854561805725;0,2717450261116028;0,01379179023206234
522;3569,718994140625;17,193031311035156;67294,4921875;119,81573486328125;-363,56463623046875;-2,8154258728027344;0,8143278956413269;0,2968977093696594;0,2630304992198944;0,013088182546198368
523;3569,718994140625;17,193031311035156;67294,4921875;118,9112548828125;-336,01513671875;-4,638680934906006;0,8212956190109253;0,29619550704956055;0,26357710361480713;0,01322841551154852
524;3569,718994140625;17,193031311035156;67294,4921875;91,71907806396484;-298,05364990234375;-1,6475762128829956;0,844623863697052;0,30860087275505066;0,2698366641998291;0,013705811463296413
525;3569,718994140625;17,193031311035156;67294,4921875;51,73439407348633;-270,0455627441406;0,7939344644546509;0,8581807017326355;0,31209373474121094;0,2723931074142456;0,0139730554074049
526;3569,718994140625;17,193031311035156;67294,4921875;17,930522918701172;-232,5924072265625;3,854923725128174;0,8380184769630432;0,296494722366333;0,2636416554450989;0,01342590618878603
527;3569,718994140625;17,193031311035156;67294,4921875;42,757205963134766;-216,26284790039062;1,8147881031036377;0,8577057719230652;0,315774530172348;0,26906445622444153;0,01376252993941307
528;3569,718994140625;17,193031311035156;67294,4921875;11,24955940246582;-181,06881713867188;2,2734787464141846;0,8226335644721985;0,28546494245529175;0,254884272813797;0,012868339195847511
529;3569,718994140625;17,193031311035156;67294,4921875;9,520988464355469;-154,4009246826172;2,4400312900543213;0,8393510580062866;0,30351513624191284;0,2592213451862335;0,013151366263628006
530;3569,718994140625;17,193031311035156;67294,4921875;-12,036380767822266;-123,94373321533203;5,0574212074279785;0,855338454246521;0,3069852888584137;0,2620650827884674;0,013455566950142384
531;3569,718994140625;17,193031311035156;67294,4921875;-4,781556129455566;-103,38922882080078;3,357539176940918;0,8498236536979675;0,2968651056289673;0,25779542326927185;0,013231677934527397
532;3569,718994140625;17,193031311035156;67294,4921875;-79,59147644042969;-60,27653884887695;7,838710784912109;0,8552883863449097;0,3041268289089203;0,2579440772533417;0,013257662765681744
533;3569,718994140625;17,193031311035156;67294,4921875;-52,14778518676758;-39,711204528808594;7,370794296264648;0,8508423566818237;0,30283355712890625;0,2546830177307129;0,013045595958828926
534;3569,718994140625;17,193031311035156;67294,4921875;-47,01885223388672;-30,641252517700195;5,025816917419434;0,8531703948974609;0,3123568892478943;0,254154235124588;0,012978974729776382
535;3569,718994140625;17,193031311035156;67294,4921875;-60,66332244873047;-10,17031192779541;5,772760391235352;0,8832380175590515;0,3248460292816162;0,26123321056365967;0,01359604299068451
536;3569,718994140625;17,193031311035156;67294,4921875;-126,72474670410156;11,110838890075684;8,208598136901855;0,8803663849830627;0,313887357711792;0,25757870078086853;0,013427428901195526
537;3569,718994140625;17,193031311035156;67294,4921875;-90,68141174316406;13,814330101013184;6,8416900634765625;0,882773220539093;0,3251310884952545;0,25720128417015076;0,013367429375648499
538;3569,718994140625;17,193031311035156;67294,4921875;-138,4027099609375;39,90408706665039;10,574502944946289;0,8915911912918091;0,3161067068576813;0,2568269670009613;0,013466114178299904
539;3569,718994140625;17,193031311035156;67294,4921875;-164,33895874023438;49,916465759277344;13,185486793518066;0,8836714029312134;0,3316555321216583;0,2542262375354767;0,013156826607882977
540;3569,718994140625;17,193031311035156;67294,4921875;-180,39877319335938;66,0770492553711;10,82234001159668;0,8761833310127258;0,3148304224014282;0,24912163615226746;0,012885854579508305
541;3569,718994140625;17,193031311035156;67294,4921875;-154,38656616210938;59,17081069946289;11,549752235412598;0,9185787439346313;0,3275240957736969;0,25918424129486084;0,013744036667048931
542;3569,718994140625;17,193031311035156;67294,4921875;-189,43663024902344;63,671913146972656;12,059131622314453;0,9454865455627441;0,35373374819755554;0,2664051651954651;0,014247128739953041
543;3569,718994140625;17,193031311035156;67294,4921875;-254,70960998535156;80,85344696044922;14,952780723571777;0,9133458137512207;0,3395589590072632;0,2555784583091736;0,013405721634626389
544;3569,718994140625;17,193031311035156;67294,4921875;-261,44354248046875;82,27413940429688;14,325153350830078;0,9405341148376465;0,34180304408073425;0,2610059976577759;0,013900118879973888
545;3569,718994140625;17,193031311035156;67294,4921875;-275,89892578125;79,50774383544922;16,37235450744629;0,919536828994751;0,3436892330646515;0,25457528233528137;0,013317374512553215
546;3569,718994140625;17,193031311035156;67294,4921875;-258,4497375488281;66,42644500732422;16,325258255004883;0,9802247881889343;0,38809388875961304;0,27184486389160156;0,014535232447087765
547;3569,718994140625;17,193031311035156;67294,4921875;-268,0937805175781;63,3812255859375;15,61668872833252;0,9595751762390137;0,3686401844024658;0,2639714777469635;0,013978295959532261
548;3569,718994140625;17,193031311035156;67294,4921875;-260,3250732421875;57,88566589355469;19,612594604492188;0,9862209558486938;0,37024009227752686;0,2695138454437256;0,014444642700254917
549;3569,718994140625;17,193031311035156;67294,4921875;-250,61233520507812;51,28052520751953;18,446266174316406;0,9858976006507874;0,3672862648963928;0,2682817876338959;0,014319145120680332
550;3569,718994140625;17,193031311035156;67294,4921875;-295,8154296875;52,4388427734375;17,672719955444336;0,9855316877365112;0,37239494919776917;0,2678273022174835;0,01419871486723423
551;3569,718994140625;17,193031311035156;67294,4921875;-280,5032653808594;53,88997268676758;20,06373405456543;0,9866407513618469;0,3861362040042877;0,26854845881462097;0,014095058664679527
552;3569,718994140625;17,193031311035156;67294,4921875;-229,0316925048828;30,73180389404297;18,346084594726562;1,0766853094100952;0,4301610589027405;0,29322201013565063;0,015878260135650635
553;3569,718994140625;17,193031311035156;67294,4921875;-208,3524627685547;34,70292663574219;14,324788093566895;1,0382368564605713;0,4158031940460205;0,2824923098087311;0,014951168559491634
554;3569,718994140625;17,193031311035156;67294,4921875;-227,6367950439453;38,3744010925293;15,769001960754395;1,0305622816085815;0,40174245834350586;0,2794109582901001;0,014688188210129738
555;3569,718994140625;17,193031311035156;67294,4921875;-196,27169799804688;30,495159149169922;16,87293815612793;1,0749242305755615;0,415379136800766;0,2911868989467621;0,015492655336856842
556;3569,718994140625;17,193031311035156;67294,4921875;-182,8519744873047;35,99845886230469;15,289669036865234;1,0456311702728271;0,42509710788726807;0,2849184274673462;0,014731616713106632
557;3569,718994140625;17,193031311035156;67294,4921875;-155,93081665039062;29,55960464477539;15,951130867004395;1,0694019794464111;0,41379156708717346;0,290280282497406;0,01515254471451044
558;3569,718994140625;17,193031311035156;67294,4921875;-125,71446990966797;28,120861053466797;12,477685928344727;1,0905989408493042;0,4252015948295593;0,2967744469642639;0,015469461679458618
559;3569,718994140625;17,193031311035156;67294,4921875;-69,19049835205078;21,57940673828125;10,826554298400879;1,1266350746154785;0,4453780949115753;0,30766749382019043;0,016073985025286674
560;3569,718994140625;17,193031311035156;67294,4921875;-14,5031156539917;19,265487670898438;10,688488006591797;1,1172517538070679;0,4411024749279022;0,3059130609035492;0,01577432081103325
561;3569,718994140625;17,193031311035156;67294,4921875;-58,19684600830078;30,042470932006836;8,629565238952637;1,1237602233886719;0,4424329400062561;0,30862441658973694;0,015795795246958733
562;3569,718994140625;17,193031311035156;67294,4921875;5,281510353088379;17,572790145874023;5,943286418914795;1,1538782119750977;0,4681376516819;0,31883782148361206;0,016248013824224472
563;3569,718994140625;17,193031311035156;67294,4921875;-7,967663288116455;22,311811447143555;6,600118160247803;1,1686075925827026;0,46146392822265625;0,32352733612060547;0,016457419842481613
564;3569,718994140625;17,193031311035156;67294,4921875;68,16970825195312;11,443785667419434;6,335195541381836;1,2134228944778442;0,47689974308013916;0,33732154965400696;0,017215678468346596
565;3569,718994140625;17,193031311035156;67294,4921875;69,63067626953125;1,2503955364227295;9,486737251281738;1,2111482620239258;0,4773014187812805;0,3383781611919403;0,017062224447727203
566;3569,718994140625;17,193031311035156;67294,4921875;62,9296989440918;17,695575714111328;5,407407283782959;1,227474331855774;0,48883894085884094;0,3449245095252991;0,017255274578928947
567;3569,718994140625;17,193031311035156;67294,4921875;9,272868156433105;37,3263053894043;4,107123374938965;1,2373517751693726;0,4744713008403778;0,34885045886039734;0,017373843118548393
568;3569,718994140625;17,193031311035156;67294,4921875;37,21683883666992;21,329078674316406;6,1330132484436035;1,283021092414856;0,49967700242996216;0,36407390236854553;0,01811331883072853
569;3569,718994140625;17,193031311035156;67294,4921875;96,47570037841797;13,992682456970215;7,499032974243164;1,2418044805526733;0,4736005365848541;0,354126900434494;0,017265761271119118
570;3569,718994140625;17,193031311035156;67294,4921875;131,23948669433594;14,399261474609375;3,4426257610321045;1,2578346729278564;0,48217707872390747;0,3609601855278015;0,017463458701968193
571;3569,718994140625;17,193031311035156;67294,4921875;105,43528747558594;27,102752685546875;8,293448448181152;1,2687355279922485;0,4786064922809601;0,36615297198295593;0,017587032169103622
572;3569,718994140625;17,193031311035156;67294,4921875;130,46107482910156;19,435230255126953;4,142470836639404;1,2663657665252686;0,457830548286438;0,36740368604660034;0,01747923158109188
573;3569,718994140625;17,193031311035156;67294,4921875;158,0865936279297;-2,3462560176849365;4,369536876678467;1,3141661882400513;0,4855102598667145;0,3839509189128876;0,018255846574902534
574;3569,718994140625;17,193031311035156;67294,4921875;176,1138458251953;-6,13325834274292;2,236656427383423;1,3445888757705688;0,512215256690979;0,39558151364326477;0,018679384142160416
575;3569,718994140625;17,193031311035156;67294,4921875;211,18186950683594;-25,48291778564453;2,874927043914795;1,3606845140457153;0,5260716080665588;0,4029083549976349;0,01883757673203945
576;3569,718994140625;17,193031311035156;67294,4921875;179,4508819580078;-16,92378807067871;3,294286012649536;1,2926223278045654;0,47123512625694275;0,3850155472755432;0,01763608679175377
577;3569,718994140625;17,193031311035156;67294,4921875;173,01512145996094;-18,66775894165039;5,919272422790527;1,38994300365448;0,5120849609375;0,4166437089443207;0,01927911303937435
578;3569,718994140625;17,193031311035156;67294,4921875;168,0852813720703;-36,42611312866211;6,170126438140869;1,4324357509613037;0,5495127439498901;0,4319196045398712;0,01983155682682991
579;3569,718994140625;17,193031311035156;67294,4921875;170,46852111816406;-61,200157165527344;4,3203325271606445;1,459919810295105;0,534168541431427;0,4430534243583679;0,020352056249976158
580;3569,718994140625;17,193031311035156;67294,4921875;194,7825927734375;-70,74285125732422;6,728673934936523;1,4352611303329468;0,5170946717262268;0,43826788663864136;0,01987244188785553
581;3569,718994140625;17,193031311035156;67294,4921875;151,80482482910156;-87,91340637207031;10,396246910095215;1,5618139505386353;0,5974287390708923;0,47889333963394165;0,021755151450634003
582;3569,718994140625;17,193031311035156;67294,4921875;174,9452667236328;-116,0189437866211;3,249911069869995;1,3571827411651611;0,4626060426235199;0,41985395550727844;0,0184619203209877
583;3569,718994140625;17,193031311035156;67294,4921875;172,71876525878906;-141,51284790039062;5,673896789550781;1,3936631679534912;0,48646080493927;0,4332042932510376;0,018998080864548683
584;3569,718994140625;17,193031311035156;67294,4921875;231,8043670654297;-174,33583068847656;3,3780956268310547;1,4302220344543457;0,4953458309173584;0,44704827666282654;0,019585469737648964
585;3569,718994140625;17,193031311035156;67294,4921875;210,1204833984375;-203,36683654785156;5,332640647888184;1,432672381401062;0,5017569661140442;0,4497850239276886;0,019524231553077698
586;3569,718994140625;17,193031311035156;67294,4921875;247,47821044921875;-217,17868041992188;5,809483051300049;1,4639354944229126;0,49329787492752075;0,46277928352355957;0,02010945789515972
587;3569,718994140625;17,193031311035156;67294,4921875;173,70294189453125;-232,85235595703125;2,7722671031951904;1,5602922439575195;0,5447238683700562;0,4943101108074188;0,021566392853856087
588;3569,718994140625;17,193031311035156;67294,4921875;212,30870056152344;-265,5567626953125;10,777128219604492;1,5250345468521118;0,5191740989685059;0,4859923720359802;0,021003881469368935
589;3569,718994140625;17,193031311035156;67294,4921875;226,609375;-338,30291748046875;6,481061935424805;1,4229706525802612;0,4705686867237091;0,4563303291797638;0,01931278593838215
590;3569,718994140625;17,193031311035156;67294,4921875;268,4110107421875;-359,9144592285156;7,981001853942871;1,4517021179199219;0,48085084557533264;0,46720388531684875;0,019751504063606262
591;3569,718994140625;17,193031311035156;67294,4921875;255,2312469482422;-361,60968017578125;0,9386205077171326;1,5642585754394531;0,5271257758140564;0,504095733165741;0,02150951884686947
592;3569,718994140625;17,193031311035156;67294,4921875;271,9500732421875;-386,1882629394531;-0,24651452898979187;1,5017387866973877;0,4884684681892395;0,4873955249786377;0,020589729771018028
593;3569,718994140625;17,193031311035156;67294,4921875;255,47567749023438;-417,3189697265625;11,753287315368652;1,5919133424758911;0,5244312882423401;0,5171087980270386;0,021982833743095398
594;3569,718994140625;17,193031311035156;67294,4921875;279,9702453613281;-443,344482421875;1,5817800760269165;1,4743244647979736;0,47143828868865967;0,4822404384613037;0,02014048583805561
595;3569,718994140625;17,193031311035156;67294,4921875;278,9873352050781;-457,0092468261719;-3,668975830078125;1,5166372060775757;0,4868871569633484;0,4968428909778595;0,02080424129962921
596;3569,718994140625;17,193031311035156;67294,4921875;307,70452880859375;-482,75799560546875;-3,27923846244812;1,5925606489181519;0,5127025842666626;0,522249162197113;0,02201281674206257
597;3569,718994140625;17,193031311035156;67294,4921875;287,3199462890625;-513,2451171875;-1,0335367918014526;1,5738989114761353;0,5065030455589294;0,5166817903518677;0,021647561341524124
598;3569,718994140625;17,193031311035156;67294,4921875;257,0665283203125;-526,8889770507812;-3,3996152877807617;1,5908796787261963;0,5035450458526611;0,5252977609634399;0,022085625678300858
599;3569,718994140625;17,193031311035156;67294,4921875;313,6166076660156;-544,6704711914062;-2,4489011764526367;1,5958905220031738;0,5040512084960938;0,5278286337852478;0,022177288308739662
600;3569,718994140625;17,193031311035156;67294,4921875;267,0567626953125;-552,3255004882812;-2,0090556144714355;1,6101750135421753;0,5112578272819519;0,5311121940612793;0,02226598933339119
601;3569,718994140625;17,193031311035156;67294,4921875;242,58132934570312;-579,0308227539062;0,257785826921463;1,6206361055374146;0,5111609697341919;0,5364576578140259;0,02256026491522789
602;3569,718994140625;17,193031311035156;67294,4921875;267,0965270996094;-590,1439208984375;-5,631889820098877;1,5444962978363037;0,4860369861125946;0,5119416117668152;0,021329106763005257
603;3569,718994140625;17,193031311035156;67294,4921875;228,31932067871094;-591,8121948242188;-4,104445457458496;1,5909110307693481;0,5001005530357361;0,5269287824630737;0,022083332762122154
604;3569,718994140625;17,193031311035156;67294,4921875;211,33424377441406;-610,3034057617188;-6,2686309814453125;1,5654349327087402;0,49148622155189514;0,5187333226203918;0,021696222946047783
605;3569,718994140625;17,193031311035156;67294,4921875;226,64649963378906;-628,0527954101562;-6,063157558441162;1,6064127683639526;0,5034050345420837;0,5315003991127014;0,022357167676091194
606;3569,718994140625;17,193031311035156;67294,4921875;237,4463348388672;-650,8939208984375;-9,846227645874023;1,6062102317810059;0,4981699585914612;0,5271902680397034;0,021990260109305382
607;3569,718994140625;17,193031311035156;67294,4921875;208,8111572265625;-654,0751342773438;-3,621445655822754;1,5699747800827026;0,4912185072898865;0,5186858177185059;0,021807976067066193
608;3569,718994140625;17,193031311035156;67294,4921875;215,145263671875;-653,4686889648438;-7,460141658782959;1,5821276903152466;0,4926460385322571;0,5208828449249268;0,021943368017673492
609;3569,718994140625;17,193031311035156;67294,4921875;250,5518341064453;-673,7267456054688;-6,543295860290527;1,5830128192901611;0,49703699350357056;0,5223354697227478;0,02216794714331627
610;3569,718994140625;17,193031311035156;67294,4921875;224,9124755859375;-684,1878662109375;-7,1021881103515625;1,6259005069732666;0,5064800381660461;0,5337311029434204;0,0227856133133173
611;3569,718994140625;17,193031311035156;67294,4921875;200,8491668701172;-713,7684326171875;-3,596562623977661;1,6037553548812866;0,5013211369514465;0,5258713960647583;0,0225069522857666
612;3569,718994140625;17,193031311035156;67294,4921875;191,55899047851562;-731,1463012695312;-5,908763885498047;1,4948852062225342;0,4787105917930603;0,49246537685394287;0,020989829674363136
613;3569,718994140625;17,193031311035156;67294,4921875;219,6773681640625;-733,9447631835938;-10,146574020385742;1,5930366516113281;0,49644941091537476;0,5188473463058472;0,0223553366959095
614;3569,718994140625;17,193031311035156;67294,4921875;236,3324432373047;-754,052001953125;-9,030498504638672;1,6037828922271729;0,49660417437553406;0,5197005271911621;0,022492043673992157
615;3569,718994140625;17,193031311035156;67294,4921875;211,234619140625;-772,8572998046875;-9,417531967163086;1,5771052837371826;0,49637970328330994;0,5112525820732117;0,022279394790530205
616;3569,718994140625;17,193031311035156;67294,4921875;235,7876739501953;-785,4421997070312;-7,7602057456970215;1,5264925956726074;0,4801020324230194;0,49269017577171326;0,021434439346194267
617;3569,718994140625;17,193031311035156;67294,4921875;199,8657989501953;-800,9391479492188;-5,814327239990234;1,5635708570480347;0,48735910654067993;0,5013840198516846;0,022010695189237595
618;3569,718994140625;17,193031311035156;67294,4921875;183,60935974121094;-836,419921875;-6,848750591278076;1,638517141342163;0,5097364187240601;0,5227544903755188;0,023318752646446228
619;3569,718994140625;17,193031311035156;67294,4921875;249,91380310058594;-840,362548828125;-11,85310173034668;1,56100594997406;0,49876517057418823;0,49838733673095703;0,022307075560092926
620;3569,718994140625;17,193031311035156;67294,4921875;231,25326538085938;-860,3624877929688;-6,503966808319092;1,6424771547317505;0,5048205852508545;0,517457127571106;0,02335219644010067
621;3569,718994140625;17,193031311035156;67294,4921875;279,1507568359375;-867,419677734375;-7,754861831665039;1,580682635307312;0,4958241581916809;0,4972775876522064;0,02255198359489441
622;3569,718994140625;17,193031311035156;67294,4921875;274,2186279296875;-888,3674926757812;-10,382625579833984;1,5699986219406128;0,4849839508533478;0,4896313548088074;0,022260256111621857
623;3569,718994140625;17,193031311035156;67294,4921875;252,118408203125;-925,80517578125;-10,957109451293945;1,5716842412948608;0,5016317367553711;0,49033111333847046;0,022664209827780724
624;3569,718994140625;17,193031311035156;67294,4921875;288,3976745605469;-937,1622924804688;-13,306429862976074;1,5913411378860474;0,49117493629455566;0,4902692139148712;0,022734884172677994
625;3569,718994140625;17,193031311035156;67294,4921875;279,8686828613281;-962,0892333984375;-15,363637924194336;1,559423565864563;0,48799917101860046;0,47860705852508545;0,022370129823684692
626;3569,718994140625;17,193031311035156;67294,4921875;281,2152404785156;-994,0703735351562;-12,88675594329834;1,5914571285247803;0,4759966731071472;0,4814040958881378;0,022535644471645355
627;3569,718994140625;17,193031311035156;67294,4921875;295,921630859375;-1020,696533203125;-16,12967300415039;1,5158129930496216;0,48011037707328796;0,46014806628227234;0,02182931639254093
628;3569,718994140625;17,193031311035156;67294,4921875;358,35028076171875;-1023,5060424804688;-21,51133918762207;1,5232807397842407;0,49007973074913025;0,46061939001083374;0,022167762741446495
629;3569,718994140625;17,193031311035156;67294,4921875;349,5375671386719;-1056,7708740234375;-21,225730895996094;1,4810733795166016;0,4903104305267334;0,44720658659935;0,021722091361880302
630;3569,718994140625;17,193031311035156;67294,4921875;376,4062194824219;-1076,0911865234375;-24,6486873626709;1,49417245388031;0,48673638701438904;0,44664648175239563;0,021885059773921967
631;3569,718994140625;17,193031311035156;67294,4921875;355,70672607421875;-1093,62548828125;-23,832576751708984;1,4806842803955078;0,4727545380592346;0,4378982484340668;0,02152811922132969
632;3569,718994140625;17,193031311035156;67294,4921875;385,7571716308594;-1117,6580810546875;-24,832544326782227;1,4852644205093384;0,48489493131637573;0,43802377581596375;0,021882016211748123
633;3569,718994140625;17,193031311035156;67294,4921875;350,4795227050781;-1147,9847412109375;-26,210493087768555;1,512166976928711;0,4818934500217438;0,44092026352882385;0,022231269627809525
634;3569,718994140625;17,193031311035156;67294,4921875;381,1393127441406;-1160,8983154296875;-25,763309478759766;1,468566656112671;0,47884875535964966;0,4270950257778168;0,02171647921204567
635;3569,718994140625;17,193031311035156;67294,4921875;408,1018371582031;-1174,0589599609375;-30,840911865234375;1,4676908254623413;0,4751685559749603;0,423430860042572;0,02171759493649006
636;3569,718994140625;17,193031311035156;67294,4921875;382,2122497558594;-1193,51416015625;-31,70576286315918;1,4831957817077637;0,4746397137641907;0,42422211170196533;0,02198382280766964
637;3569,718994140625;17,193031311035156;67294,4921875;480,26165771484375;-1184,7821044921875;-35,99018096923828;1,4161899089813232;0,46259966492652893;0,4040183126926422;0,021003790199756622
638;3569,718994140625;17,193031311035156;67294,4921875;492,6339416503906;-1192,32958984375;-40,16211700439453;1,3501380681991577;0,4597714841365814;0,3859417736530304;0,020197195932269096
639;3569,718994140625;17,193031311035156;67294,4921875;460,2371826171875;-1203,2056884765625;-39,088050842285156;1,3877564668655396;0,45634597539901733;0,3917255401611328;0,020700514316558838
640;3569,718994140625;17,193031311035156;67294,4921875;491,2554016113281;-1205,3719482421875;-40,934688568115234;1,4459697008132935;0,47185420989990234;0,4053399860858917;0,02182992734014988
641;3569,718994140625;17,193031311035156;67294,4921875;583,7863159179688;-1189,9705810546875;-44,884159088134766;1,326261043548584;0,44961339235305786;0,37261122465133667;0,019966041669249535
642;3569,718994140625;17,193031311035156;67294,4921875;530,6956176757812;-1202,5089111328125;-41,62973403930664;1,3649821281433105;0,45980724692344666;0,3811987638473511;0,020758671686053276
643;3569,718994140625;17,193031311035156;67294,4921875;542,3641967773438;-1200,94921875;-44,573055267333984;1,3718591928482056;0,46025803685188293;0,3811802268028259;0,020958473905920982
644;3569,718994140625;17,193031311035156;67294,4921875;519,1158447265625;-1207,871826171875;-43,9938850402832;1,3662395477294922;0,4462573528289795;0,37625521421432495;0,020715216174721718
645;3569,718994140625;17,193031311035156;67294,4921875;584,5090942382812;-1193,8277587890625;-47,5996208190918;1,2536044120788574;0,4494645595550537;0,3505711555480957;0,019394434988498688
646;3569,718994140625;17,193031311035156;67294,4921875;608,0169677734375;-1191,670654296875;-50,77106857299805;1,3335325717926025;0,4487340748310089;0,367100328207016;0,020556896924972534
647;3569,718994140625;17,193031311035156;67294,4921875;569,0962524414062;-1179,3486328125;-47,21266555786133;1,273127555847168;0,4421694278717041;0,351890504360199;0,01973644271492958
648;3569,718994140625;17,193031311035156;67294,4921875;594,5133666992188;-1157,513427734375;-47,19178771972656;1,3215875625610352;0,4400630593299866;0,3616862893104553;0,02045156992971897
649;3569,718994140625;17,193031311035156;67294,4921875;521,0909423828125;-1170,2127685546875;-44,06320571899414;1,3263025283813477;0,4393101930618286;0,36224913597106934;0,020616479218006134
650;3569,718994140625;17,193031311035156;67294,4921875;631,24560546875;-1149,40380859375;-50,58616638183594;1,2933608293533325;0,43382105231285095;0,3539312779903412;0,020184166729450226
651;3569,718994140625;17,193031311035156;67294,4921875;625,957275390625;-1140,362060546875;-50,14044189453125;1,4042226076126099;0,43796029686927795;0,3794611692428589;0,021853623911738396
652;3569,718994140625;17,193031311035156;67294,4921875;633,8724975585938;-1121,9117431640625;-51,629024505615234;1,2763335704803467;0,42578181624412537;0,34927764534950256;0,020031368359923363
653;3569,718994140625;17,193031311035156;67294,4921875;616,46826171875;-1117,525146484375;-53,31962966918945;1,2565306425094604;0,4312283396720886;0,34616565704345703;0,02000363916158676
654;3569,718994140625;17,193031311035156;67294,4921875;551,00244140625;-1138,1170654296875;-46,95039367675781;1,1991347074508667;0,42086735367774963;0,33242374658584595;0,01912521943449974
655;3569,718994140625;17,193031311035156;67294,4921875;592,8704833984375;-1127,26904296875;-49,383033752441406;1,2793227434158325;0,4225158989429474;0,35162949562072754;0,02038266696035862
656;3569,718994140625;17,193031311035156;67294,4921875;509,5398864746094;-1122,07275390625;-40,12490463256836;1,2364470958709717;0,41858696937561035;0,34241071343421936;0,01984282024204731
657;3569,718994140625;17,193031311035156;67294,4921875;545,7828979492188;-1098,8720703125;-44,49266052246094;1,2181892395019531;0,42145130038261414;0,3399152457714081;0,019781550392508507
658;3569,718994140625;17,193031311035156;67294,4921875;520,3410034179688;-1091,9659423828125;-43,9019775390625;1,183251976966858;0,4077220559120178;0,3313017189502716;0,019125910475850105
659;3569,718994140625;17,193031311035156;67294,4921875;542,2945556640625;-1079,638671875;-44,593387603759766;1,1623648405075073;0,4060073494911194;0,3277432918548584;0,018922438845038414
660;3569,718994140625;17,193031311035156;67294,4921875;444,6951599121094;-1090,0732421875;-39,07632827758789;1,1438910961151123;0,4105994999408722;0,3257538378238678;0,018887735903263092
661;3569,718994140625;17,193031311035156;67294,4921875;464,1570129394531;-1081,18408203125;-37,84027099609375;1,1313362121582031;0,39228999614715576;0,3219537138938904;0,01842563971877098
662;3569,718994140625;17,193031311035156;67294,4921875;515,5076293945312;-1075,4620361328125;-42,024505615234375;1,1459335088729858;0,395223468542099;0,327708899974823;0,01882212422788143
663;3569,718994140625;17,193031311035156;67294,4921875;512,654296875;-1064,16650390625;-43,52858352661133;1,0978121757507324;0,3917003870010376;0,31766852736473083;0,018182704225182533
664;3569,718994140625;17,193031311035156;67294,4921875;521,060546875;-1060,734375;-45,898380279541016;1,0938396453857422;0,3887401819229126;0,31830716133117676;0,018177544698119164
665;3569,718994140625;17,193031311035156;67294,4921875;559,38232421875;-1037,606201171875;-49,855140686035156;1,0597918033599854;0,39810711145401;0,3133735656738281;0,01800556480884552
666;3569,718994140625;17,193031311035156;67294,4921875;511,624755859375;-1041,6561279296875;-44,423667907714844;1,0632845163345337;0,38862842321395874;0,3149843215942383;0,017969345673918724
667;3569,718994140625;17,193031311035156;67294,4921875;582,5628051757812;-1040,8255615234375;-50,020626068115234;1,0448979139328003;0,3823641836643219;0,3116922080516815;0,017670413479208946
668;3569,718994140625;17,193031311035156;67294,4921875;597,7635498046875;-1017,62548828125;-48,17844772338867;1,020561933517456;0,37408560514450073;0,3066197633743286;0,017232220619916916
669;3569,718994140625;17,193031311035156;67294,4921875;510,12017822265625;-1033,2371826171875;-42,505699157714844;1,0194028615951538;0,3758033514022827;0,30866849422454834;0,01736527681350708
670;3569,718994140625;17,193031311035156;67294,4921875;528,884765625;-1037,626708984375;-43,758052825927734;0,9939471483230591;0,38284724950790405;0,30520153045654297;0,017243770882487297
671;3569,718994140625;17,193031311035156;67294,4921875;557,265869140625;-1035,849609375;-45,26975631713867;0,9947044253349304;0,3755437135696411;0,30649644136428833;0,01720135658979416
672;3569,718994140625;17,193031311035156;67294,4921875;547,3326416015625;-1027,8570556640625;-41,584781646728516;0,9614176154136658;0,3586292564868927;0,2976806163787842;0,01639866642653942
673;3569,718994140625;17,193031311035156;67294,4921875;557,3221435546875;-1022,2390747070312;-43,49702072143555;0,9609615802764893;0,3623383939266205;0,3000166118144989;0,01658216491341591
674;3569,718994140625;17,193031311035156;67294,4921875;555,0264892578125;-994,8088989257812;-40,49412536621094;0,9339605569839478;0,3613411486148834;0,2946453094482422;0,016242556273937225
675;3569,718994140625;17,193031311035156;67294,4921875;569,3106689453125;-988,2677612304688;-45,48033905029297;0,9369218945503235;0,3598792850971222;0,2970992624759674;0,01634480617940426
676;3569,718994140625;17,193031311035156;67294,4921875;547,4061889648438;-971,7909545898438;-45,31572723388672;0,9148207306861877;0,3475109338760376;0,2913653254508972;0,015792127698659897
677;3569,718994140625;17,193031311035156;67294,4921875;519,0899658203125;-964,9199829101562;-46,311683654785156;0,8950454592704773;0,34843167662620544;0,2877846360206604;0,01560049969702959
678;3569,718994140625;17,193031311035156;67294,4921875;538,8797607421875;-948,1739501953125;-43,49519348144531;0,8563230633735657;0,3335586488246918;0,2769017517566681;0,01471850648522377
679;3569,718994140625;17,193031311035156;67294,4921875;536,0496826171875;-926,8123779296875;-40,13615036010742;0,8993228077888489;0,3427349627017975;0,2914324998855591;0,01568158157169819
680;3569,718994140625;17,193031311035156;67294,4921875;556,4784545898438;-917,2433471679688;-40,5449333190918;0,8361482620239258;0,3277267813682556;0,2734280824661255;0,014413774944841862
681;3569,718994140625;17,193031311035156;67294,4921875;553,1644897460938;-883,1781616210938;-41,800621032714844;0,8596951961517334;0,32981276512145996;0,2815857231616974;0,014897123910486698
682;3569,718994140625;17,193031311035156;67294,4921875;568,0125732421875;-860,5230102539062;-42,08283996582031;0,847019612789154;0,321483850479126;0,27824339270591736;0,014534074813127518
683;3569,718994140625;17,193031311035156;67294,4921875;563,7648315429688;-826,2886962890625;-39,738067626953125;0,8708067536354065;0,32727551460266113;0,28684327006340027;0,015095331706106663
684;3569,718994140625;17,193031311035156;67294,4921875;529,9515380859375;-796,7205200195312;-37,8444938659668;0,8358737826347351;0,3175739049911499;0,27676522731781006;0,01439549308270216
685;3569,718994140625;17,193031311035156;67294,4921875;506,44110107421875;-763,1013793945312;-33,392669677734375;0,8464370965957642;0,32331132888793945;0,28140830993652344;0,014786328189074993
686;3569,718994140625;17,193031311035156;67294,4921875;495,1939697265625;-744,8576049804688;-29,988155364990234;0,8282635807991028;0,31700363755226135;0,2762703001499176;0,014407770708203316
687;3569,718994140625;17,193031311035156;67294,4921875;528,1751708984375;-735,493408203125;-33,766319274902344;0,8598348498344421;0,3175872266292572;0,2861558496952057;0,014759468846023083
688;3569,718994140625;17,193031311035156;67294,4921875;528,958251953125;-695,0825805664062;-31,737470626831055;0,8336593508720398;0,3123711347579956;0,27859801054000854;0,014421981759369373
689;3569,718994140625;17,193031311035156;67294,4921875;436,2344055175781;-684,0989990234375;-23,05618667602539;0,795420229434967;0,29751408100128174;0,2662527561187744;0,013486936688423157
690;3569,718994140625;17,193031311035156;67294,4921875;476,29461669921875;-651,760986328125;-29,814096450805664;0,8045134544372559;0,299244225025177;0,26946839690208435;0,013709122315049171
691;3569,718994140625;17,193031311035156;67294,4921875;455,04998779296875;-618,3876342773438;-30,023067474365234;0,8280758261680603;0,3053271174430847;0,27724751830101013;0,014116480946540833
692;3569,718994140625;17,193031311035156;67294,4921875;442,8124084472656;-594,777099609375;-27,095598220825195;0,8284109234809875;0,30467259883880615;0,27739614248275757;0,014104018919169903
693;3569,718994140625;17,193031311035156;67294,4921875;409,82684326171875;-564,3092041015625;-22,367521286010742;0,7895207405090332;0,2891680896282196;0,2643264830112457;0,013213029131293297
694;3569,718994140625;17,193031311035156;67294,4921875;419,1282653808594;-544,6129760742188;-22,871055603027344;0,7989292740821838;0,2911338210105896;0,26722484827041626;0,013447566889226437
695;3569,718994140625;17,193031311035156;67294,4921875;369,4862365722656;-512,9952392578125;-20,276742935180664;0,8029890656471252;0,2924393117427826;0,2682894170284271;0,013444755226373672
696;3569,718994140625;17,193031311035156;67294,4921875;350,26031494140625;-495,68414306640625;-19,664112091064453;0,8156912922859192;0,29652029275894165;0,272113174200058;0,013723697513341904
697;3569,718994140625;17,193031311035156;67294,4921875;313,44586181640625;-474,1774597167969;-12,605254173278809;0,7798906564712524;0,2805134952068329;0,2594945430755615;0,012829533778131008
698;3569,718994140625;17,193031311035156;67294,4921875;275,92041015625;-453,46771240234375;-10,644237518310547;0,7912018299102783;0,2821415364742279;0,26248815655708313;0,013106398284435272
699;3569,718994140625;17,193031311035156;67294,4921875;288,6204528808594;-428,4570617675781;-11,444109916687012;0,7822102904319763;0,2791244685649872;0,2588287889957428;0,01278994232416153
700;3569,718994140625;17,193031311035156;67294,4921875;277,55560302734375;-408,5994873046875;-11,732246398925781;0,787739098072052;0,2842048406600952;0,26008641719818115;0,012792114168405533
701;3569,718994140625;17,193031311035156;67294,4921875;237,7323455810547;-381,141357421875;-8,25073528289795;0,8004934191703796;0,2879638969898224;0,26331135630607605;0,01307846698909998
702;3569,718994140625;17,193031311035156;67294,4921875;234,4478759765625;-364,7064208984375;-8,087661743164062;0,8094378709793091;0,29523152112960815;0,2655442953109741;0,013167069293558598
703;3569,718994140625;17,193031311035156;67294,4921875;199,33428955078125;-339,35198974609375;-5,382119178771973;0,8087626695632935;0,28800609707832336;0,2636488974094391;0,013192112557590008
704;3569,718994140625;17,193031311035156;67294,4921875;216,95765686035156;-334,99359130859375;-6,236946105957031;0,78328937292099;0,2760118842124939;0,25392404198646545;0,012482292018830776
705;3569,718994140625;17,193031311035156;67294,4921875;157,46644592285156;-307,44476318359375;-2,8828585147857666;0,7955828905105591;0,27982765436172485;0,2565727233886719;0,01272594090551138
706;3569,718994140625;17,193031311035156;67294,4921875;161,5182647705078;-293,56927490234375;0,10255925357341766;0,8047210574150085;0,2859216332435608;0,2583538889884949;0,012855526991188526
707;3569,718994140625;17,193031311035156;67294,4921875;129,9733123779297;-277,3041687011719;-1,5690090656280518;0,8170295357704163;0,2889128029346466;0,2607041597366333;0,013096120208501816
708;3569,718994140625;17,193031311035156;67294,4921875;99,50406646728516;-258,18023681640625;1,2586089372634888;0,794960618019104;0,2836049795150757;0,25233110785484314;0,012423809617757797
709;3569,718994140625;17,193031311035156;67294,4921875;125,15546417236328;-249,5821990966797;2,2100300788879395;0,7980291843414307;0,2806894779205322;0,25137636065483093;0,01243936363607645
710;3569,718994140625;17,193031311035156;67294,4921875;112,21050262451172;-225,23941040039062;1,4225304126739502;0,7971522212028503;0,2773459553718567;0,24921205639839172;0,012337894178926945
711;3569,718994140625;17,193031311035156;67294,4921875;102,5204849243164;-216,89602661132812;0,6199848651885986;0,8177518844604492;0,28859010338783264;0,25422465801239014;0,012750037014484406
712;3569,718994140625;17,193031311035156;67294,4921875;88,11032104492188;-199,5471954345703;3,6398894786834717;0,8239826560020447;0,2905641496181488;0,25433605909347534;0,012809032574295998
713;3569,718994140625;17,193031311035156;67294,4921875;96,86076354980469;-199,12905883789062;3,4305899143218994;0,8111708164215088;0,2846769392490387;0,24845410883426666;0,01239117980003357
714;3569,718994140625;17,193031311035156;67294,4921875;56,3793830871582;-179,08030700683594;5,217128753662109;0,8361868262290955;0,29212290048599243;0,25410598516464233;0,012911085039377213
715;3569,718994140625;17,193031311035156;67294,4921875;95,31070709228516;-177,69146728515625;1,3688302040100098;0,8359124064445496;0,29769277572631836;0,25256189703941345;0,012790440581738949
716;3569,718994140625;17,193031311035156;67294,4921875;122,08479309082031;-168,9669952392578;0,38139060139656067;0,8304687142372131;0,299282968044281;0,24929474294185638;0,012539352290332317
717;3569,718994140625;17,193031311035156;67294,4921875;72,3232192993164;-142,22755432128906;3,2511117458343506;0,8501067161560059;0,2934652864933014;0,25218239426612854;0,01292473915964365
718;3569,718994140625;17,193031311035156;67294,4921875;39,57253646850586;-117,95631408691406;3,173046350479126;0,8734873533248901;0,3193504214286804;0,2585712671279907;0,013363526202738285
719;3569,718994140625;17,193031311035156;67294,4921875;95,82037353515625;-119,36249542236328;-1,0408025979995728;0,8696707487106323;0,31657078862190247;0,25535351037979126;0,013163949362933636
720;3569,718994140625;17,193031311035156;67294,4921875;162,7724151611328;-115,47666931152344;-3,8458034992218018;0,862413763999939;0,3182021677494049;0,2516579031944275;0,012867622077465057
721;3569,718994140625;17,193031311035156;67294,4921875;105,2131118774414;-85,76215362548828;-1,0818177461624146;0,8580214381217957;0,3060862123966217;0,247624471783638;0,012665841728448868
722;3569,718994140625;17,193031311035156;67294,4921875;161,35430908203125;-85,40382385253906;-4,021360397338867;0,8714374303817749;0,30321046710014343;0,24901708960533142;0,012863373383879662
723;3569,718994140625;17,193031311035156;67294,4921875;188,51107788085938;-71,79190063476562;-9,867316246032715;0,8694800138473511;0,31546685099601746;0,24772731959819794;0,012705170549452305
724;3569,718994140625;17,193031311035156;67294,4921875;131,5563507080078;-40,91962814331055;-6,954217910766602;0,8946244716644287;0,325711727142334;0,2532218396663666;0,013179571367800236
725;3569,718994140625;17,193031311035156;67294,4921875;158,64920043945312;-22,102943420410156;-9,269355773925781;0,8758734464645386;0,2939654290676117;0,24428673088550568;0,012597698718309402
726;3569,718994140625;17,193031311035156;67294,4921875;163,51144409179688;-9,787867546081543;-9,73716926574707;0,8914123177528381;0,32628095149993896;0,24919898808002472;0,012873757630586624
727;3569,718994140625;17,193031311035156;67294,4921875;165,56781005859375;9,364171981811523;-10,441544532775879;0,9256891012191772;0,33859315514564514;0,2572193443775177;0,013540131971240044
728;3569,718994140625;17,193031311035156;67294,4921875;207,52296447753906;7,391460418701172;-10,887762069702148;0,9138169884681702;0,3327622711658478;0,25239190459251404;0,01315524522215128
729;3569,718994140625;17,193031311035156;67294,4921875;178,8193817138672;26,7899112701416;-10,27369213104248;0,9519625902175903;0,35688450932502747;0,26241105794906616;0,01389377936720848
730;3569,718994140625;17,193031311035156;67294,4921875;177,87840270996094;47,152217864990234;-11,76620101928711;0,9578178524971008;0,35692837834358215;0,2626347839832306;0,013907709158957005
731;3569,718994140625;17,193031311035156;67294,4921875;174,77699279785156;51,06257629394531;-10,166833877563477;0,9466124773025513;0,34807008504867554;0,2581140697002411;0,013542571105062962
732;3569,718994140625;17,193031311035156;67294,4921875;180,0460205078125;51,481040954589844;-11,019164085388184;0,9901018738746643;0,3755376935005188;0,2699128985404968;0,014376985840499401
733;3569,718994140625;17,193031311035156;67294,4921875;217,46975708007812;48,91561508178711;-12,330277442932129;0,9856138825416565;0,3699684739112854;0,2675665318965912;0,01416358258575201
734;3569,718994140625;17,193031311035156;67294,4921875;191,61012268066406;67,2932357788086;-10,997776985168457;1,0185908079147339;0,4002659320831299;0,2772427499294281;0,014746265485882759
735;3569,718994140625;17,193031311035156;67294,4921875;141,03575134277344;78,02294921875;-11,022509574890137;0,9904559254646301;0,3752467632293701;0,267993688583374;0,014039742760360241
736;3569,718994140625;17,193031311035156;67294,4921875;174,56045532226562;76,00089263916016;-15,72991943359375;1,0236557722091675;0,3911626935005188;0,2768855094909668;0,014631202444434166
737;3569,718994140625;17,193031311035156;67294,4921875;186,80380249023438;78,9496841430664;-14,475192070007324;0,998773992061615;0,39217013120651245;0,2707487642765045;0,013974572531878948
738;3569,718994140625;17,193031311035156;67294,4921875;139,7846221923828;87,40773010253906;-10,339435577392578;1,0806132555007935;0,42652812600135803;0,2930608093738556;0,015577372163534164
739;3569,718994140625;17,193031311035156;67294,4921875;147,5169677734375;74,3366928100586;-10,82219123840332;1,061552882194519;0,4258873760700226;0,2885216474533081;0,015057273209095001
740;3569,718994140625;17,193031311035156;67294,4921875;126,18853759765625;73,91844940185547;-10,484156608581543;1,0685683488845825;0,43107959628105164;0,29089227318763733;0,015082799829542637
741;3569,718994140625;17,193031311035156;67294,4921875;84,26646423339844;76,39485168457031;-5,981658458709717;1,0510375499725342;0,41453686356544495;0,2859382629394531;0,014630116522312164
742;3569,718994140625;17,193031311035156;67294,4921875;126,06947326660156;69,6905517578125;-5,500725269317627;1,0982786417007446;0,4372560977935791;0,2997061312198639;0,01548065710812807
743;3569,718994140625;17,193031311035156;67294,4921875;100,6098861694336;68,8324966430664;-2,940965175628662;1,1139802932739258;0,4399590790271759;0,30459001660346985;0,015693215653300285
744;3569,718994140625;17,193031311035156;67294,4921875;105,61573791503906;62,4784049987793;-5,320380210876465;1,1111482381820679;0,4382861852645874;0,30476075410842896;0,015528237447142601
745;3569,718994140625;17,193031311035156;67294,4921875;104,32221221923828;61,70561599731445;-0,9022747278213501;1,112773060798645;0,43046295642852783;0,3058602511882782;0,015467316843569279
746;3569,718994140625;17,193031311035156;67294,4921875;124,09126281738281;51,441009521484375;-0,6996605396270752;1,1612447500228882;0,46132057905197144;0,3211531639099121;0,016295865178108215
747;3569,718994140625;17,193031311035156;67294,4921875;162,67666625976562;35,47084426879883;-2,799241065979004;1,1857149600982666;0,46106016635894775;0,32889363169670105;0,016681304201483727
748;3569,718994140625;17,193031311035156;67294,4921875;129,2440643310547;49,98175048828125;-4,14352560043335;1,2182172536849976;0,4851711094379425;0,3401084244251251;0,017179351300001144
749;3569,718994140625;17,193031311035156;67294,4921875;157,5440216064453;20,93206024169922;-3,171795129776001;1,1890472173690796;0,4655873477458954;0,33331814408302307;0,01653304509818554
750;3569,718994140625;17,193031311035156;67294,4921875;166,40809631347656;21,06439971923828;-8,019137382507324;1,2163771390914917;0,46021369099617004;0,3422238826751709;0,016977796331048012
751;3569,718994140625;17,193031311035156;67294,4921875;194,9899139404297;-6,993322849273682;-7,312717437744141;1,226403832435608;0,4728251099586487;0,3473813533782959;0,017057929188013077
752;3569,718994140625;17,193031311035156;67294,4921875;171,0623779296875;-8,785581588745117;-2,9675393104553223;1,2734333276748657;0,47328394651412964;0,3623007535934448;0,017853189259767532
753;3569,718994140625;17,193031311035156;67294,4921875;207,50628662109375;-40,64072799682617;1,7234588861465454;1,244663119316101;0,4692745804786682;0,3565267026424408;0,017225952818989754
754;3569,718994140625;17,193031311035156;67294,4921875;193,46328735351562;-32,040504455566406;-5,320416450500488;1,2672183513641357;0,4641170799732208;0,3649846911430359;0,01756841316819191
755;3569,718994140625;17,193031311035156;67294,4921875;119,02689361572266;-18,0918025970459;3,908827543258667;1,31094491481781;0,5135168433189392;0,38074609637260437;0,01820337027311325
756;3569,718994140625;17,193031311035156;67294,4921875;178,43136596679688;-61,12226867675781;-2,1144471168518066;1,310928463935852;0,48772600293159485;0,382705956697464;0,018187442794442177
757;3569,718994140625;17,193031311035156;67294,4921875;206,12904357910156;-86,29264831542969;-1,9345896244049072;1,3302799463272095;0,4815084636211395;0,3907340168952942;0,018469149246811867
758;3569,718994140625;17,193031311035156;67294,4921875;164,43727111816406;-95,9166030883789;-2,2528483867645264;1,3758426904678345;0,5264108180999756;0,40703919529914856;0,019132431596517563
759;3569,718994140625;17,193031311035156;67294,4921875;176,49635314941406;-121,04945373535156;0,044188398867845535;1,353947639465332;0,5082597732543945;0,4030415713787079;0,018687011674046516
760;3569,718994140625;17,193031311035156;67294,4921875;234,14813232421875;-136,1856231689453;0,14615140855312347;1,358107328414917;0,48423290252685547;0,40684226155281067;0,018749119713902473
761;3569,718994140625;17,193031311035156;67294,4921875;139,74388122558594;-136,4879913330078;6,430081844329834;1,3988016843795776;0,5094159841537476;0,42168688774108887;0,01936967857182026
762;3569,718994140625;17,193031311035156;67294,4921875;202,57383728027344;-124,4205093383789;0,28747639060020447;1,3877692222595215;0,5157731771469116;0,4208367168903351;0,019045449793338776
763;3569,718994140625;17,193031311035156;67294,4921875;203,53643798828125;-143,51707458496094;6,5205183029174805;1,4131767749786377;0,500086784362793;0,43145161867141724;0,01951534114778042
764;3569,718994140625;17,193031311035156;67294,4921875;169,9889373779297;-154,40882873535156;15,928685188293457;1,4828661680221558;0,5604330897331238;0,45465925335884094;0,020452316850423813
765;3569,718994140625;17,193031311035156;67294,4921875;199,0207977294922;-161,4576873779297;8,247540473937988;1,4280000925064087;0,5235717296600342;0,4406116008758545;0,019527772441506386
766;3569,718994140625;17,193031311035156;67294,4921875;156,93592834472656;-168,6629180908203;4,119015693664551;1,4004149436950684;0,4825623035430908;0,4354015588760376;0,019147545099258423
767;3569,718994140625;17,193031311035156;67294,4921875;162,61476135253906;-169,72589111328125;10,388248443603516;1,4296952486038208;0,5000014901161194;0,44663092494010925;0,019559558480978012
768;3569,718994140625;17,193031311035156;67294,4921875;150,98513793945312;-202,6409454345703;9,131651878356934;1,4297536611557007;0,49071183800697327;0,4493389129638672;0,019548924639821053
769;3569,718994140625;17,193031311035156;67294,4921875;166,561279296875;-194,24005126953125;16,1907901763916;1,4237169027328491;0,4819830358028412;0,4499725103378296;0,019422315061092377
770;3569,718994140625;17,193031311035156;67294,4921875;133,18821716308594;-207,01161193847656;8,652986526489258;1,5266468524932861;0,5218612551689148;0,48445945978164673;0,021100174635648727
771;3569,718994140625;17,193031311035156;67294,4921875;178,2131805419922;-229,80282592773438;4,437091827392578;1,5041509866714478;0,5193958878517151;0,4789724051952362;0,020609186962246895
772;3569,718994140625;17,193031311035156;67294,4921875;40,76340103149414;-224,0224609375;11,894314765930176;1,5401158332824707;0,5152897834777832;0,4936298429965973;0,021290676668286324
773;3569,718994140625;17,193031311035156;67294,4921875;114,32606506347656;-270,9503479003906;9,208731651306152;1,5080796480178833;0,5029743313789368;0,48531895875930786;0,020711209625005722
774;3569,718994140625;17,193031311035156;67294,4921875;138,968505859375;-281,7614440917969;12,50380802154541;1,4929378032684326;0,49657613039016724;0,4821992516517639;0,020412573590874672
775;3569,718994140625;17,193031311035156;67294,4921875;33,244991302490234;-298,0696716308594;14,956768989562988;1,520514965057373;0,49669867753982544;0,4936565160751343;0,02091984450817108
776;3569,718994140625;17,193031311035156;67294,4921875;99,42085266113281;-318,27557373046875;11,869824409484863;1,5277115106582642;0,5007374882698059;0,49713990092277527;0,020978491753339767
777;3569,718994140625;17,193031311035156;67294,4921875;76,94873046875;-326,50457763671875;13,283804893493652;1,5125014781951904;0,4851338565349579;0,4950411319732666;0,020806768909096718
778;3569,718994140625;17,193031311035156;67294,4921875;52,20905685424805;-359,6591796875;13,426261901855469;1,5742132663726807;0,5030624866485596;0,5167744159698486;0,021835895255208015
779;3569,718994140625;17,193031311035156;67294,4921875;47,135948181152344;-405,0492248535156;13,559111595153809;1,5064318180084229;0,48157644271850586;0,4954434037208557;0,020670248195528984
780;3569,718994140625;17,193031311035156;67294,4921875;43,759918212890625;-417,4581298828125;17,26675033569336;1,5565897226333618;0,4991241693496704;0,5122418403625488;0,021447550505399704
781;3569,718994140625;17,193031311035156;67294,4921875;35,68172073364258;-447,03485107421875;14,48489761352539;1,5527948141098022;0,49609169363975525;0,5119242072105408;0,02137949876487255
782;3569,718994140625;17,193031311035156;67294,4921875;55,8695182800293;-466,8765869140625;11,574775695800781;1,4781407117843628;0,4655754268169403;0,4902104437351227;0,020281322300434113
783;3569,718994140625;17,193031311035156;67294,4921875;43,57670974731445;-494,74517822265625;14,731945991516113;1,5350261926651;0,4821116626262665;0,5103424191474915;0,021284209564328194
784;3569,718994140625;17,193031311035156;67294,4921875;28,35363006591797;-513,4906005859375;21,22997283935547;1,5979557037353516;0,5041252374649048;0,5298644304275513;0,022234300151467323
785;3569,718994140625;17,193031311035156;67294,4921875;15,737427711486816;-547,06005859375;13,675619125366211;1,602580189704895;0,5058767795562744;0,5299135446548462;0,02218007482588291
786;3569,718994140625;17,193031311035156;67294,4921875;-1,5034655332565308;-569,0220336914062;15,109536170959473;1,5707718133926392;0,4942120313644409;0,5201888680458069;0,021719373762607574
787;3569,718994140625;17,193031311035156;67294,4921875;-22,631824493408203;-587,4251708984375;12,577398300170898;1,568543553352356;0,4925505220890045;0,5196879506111145;0,02172360010445118
788;3569,718994140625;17,193031311035156;67294,4921875;-0,1437610685825348;-604,418701171875;17,510597229003906;1,6035776138305664;0,5027724504470825;0,5311260223388672;0,022336719557642937
789;3569,718994140625;17,193031311035156;67294,4921875;-36,04363250732422;-622,6384887695312;13,456626892089844;1,5613118410110474;0,4906330406665802;0,5181881785392761;0,021766895428299904
790;3569,718994140625;17,193031311035156;67294,4921875;5,403043270111084;-629,5429077148438;12,440892219543457;1,5678232908248901;0,4869735836982727;0,5161430835723877;0,021570052951574326
791;3569,718994140625;17,193031311035156;67294,4921875;-1,7662848234176636;-661,064453125;8,9802827835083;1,5306062698364258;0,4787888526916504;0,5055022239685059;0,021197428926825523
792;3569,718994140625;17,193031311035156;67294,4921875;-76,58699798583984;-673,5792236328125;15,750049591064453;1,5632216930389404;0,4872535467147827;0,5146970152854919;0,021720070391893387
793;3569,718994140625;17,193031311035156;67294,4921875;1,9421758651733398;-693,510498046875;12,425616264343262;1,6400855779647827;0,511322557926178;0,5390489101409912;0,02306726761162281
794;3569,718994140625;17,193031311035156;67294,4921875;-41,88619613647461;-709,1926879882812;10,913229942321777;1,5748966932296753;0,4955039620399475;0,5179734826087952;0,02214425429701805
795;3569,718994140625;17,193031311035156;67294,4921875;-6,931692600250244;-742,4132690429688;12,436799049377441;1,5801353454589844;0,5046366453170776;0,5205349326133728;0,022446488961577415
796;3569,718994140625;17,193031311035156;67294,4921875;-3,648405075073242;-761,8054809570312;9,216989517211914;1,552910566329956;0,4841054379940033;0,5062434673309326;0,021706556901335716
797;3569,718994140625;17,193031311035156;67294,4921875;6,433295726776123;-764,4071044921875;8,028768539428711;1,5772855281829834;0,4930276870727539;0,5127623081207275;0,02219589240849018
798;3569,718994140625;17,193031311035156;67294,4921875;6,571437358856201;-771,4302978515625;9,464171409606934;1,60646390914917;0,5034993290901184;0,520598828792572;0,022764796391129494
799;3569,718994140625;17,193031311035156;67294,4921875;47,53769302368164;-774,205322265625;6,3599467277526855;1,5629656314849854;0,4943821430206299;0,5054842829704285;0,022160902619361877
800;3569,718994140625;17,193031311035156;67294,4921875;53,374794006347656;-824,144775390625;2,696186065673828;1,6001510620117188;0,48680663108825684;0,5107200741767883;0,022383134812116623
801;3569,718994140625;17,193031311035156;67294,4921875;49,22545623779297;-835,90625;0,47518572211265564;1,6016861200332642;0,5050984025001526;0,5128118991851807;0,022872865200042725
802;3569,718994140625;17,193031311035156;67294,4921875;38,76702117919922;-847,0496826171875;4,046804904937744;1,513672113418579;0,48853132128715515;0,48459023237228394;0,021617362275719643
803;3569,718994140625;17,193031311035156;67294,4921875;-13,042213439941406;-885,6898803710938;3,5472049713134766;1,5923993587493896;0,49827873706817627;0,503751277923584;0,022722432389855385
804;3569,718994140625;17,193031311035156;67294,4921875;16,298606872558594;-876,039794921875;3,7817599773406982;1,5780062675476074;0,48981794714927673;0,4956519901752472;0,02243814803659916
805;3569,718994140625;17,193031311035156;67294,4921875;39,27873229980469;-870,6500854492188;0,8063002824783325;1,5501750707626343;0,4873461127281189;0,48534175753593445;0,02213454060256481
806;3569,718994140625;17,193031311035156;67294,4921875;18,743253707885742;-880,6284790039062;1,1433414220809937;1,516398310661316;0,4738519787788391;0,4713855981826782;0,021531840786337852
807;3569,718994140625;17,193031311035156;67294,4921875;23,99057388305664;-877,5397338867188;3,210280656814575;1,4986121654510498;0,48079559206962585;0,4653320610523224;0,02152078039944172
808;3569,718994140625;17,193031311035156;67294,4921875;37,851566314697266;-878,687255859375;0,09252584725618362;1,4970283508300781;0,48396557569503784;0,4625369906425476;0,02161521464586258
809;3569,718994140625;17,193031311035156;67294,4921875;-0,16793420910835266;-877,9113159179688;-0,9931278824806213;1,4802262783050537;0,48198366165161133;0,4549714922904968;0,021434027701616287
810;3569,718994140625;17,193031311035156;67294,4921875;49,38361740112305;-863,1715087890625;0,6563193798065186;1,4248474836349487;0,47770220041275024;0,43750274181365967;0,02073812671005726
811;3569,718994140625;17,193031311035156;67294,4921875;0,9880369901657104;-873,5755615234375;4,578100204467773;1,499707579612732;0,4880020022392273;0,45466238260269165;0,021894613280892372
812;3569,718994140625;17,193031311035156;67294,4921875;5,0372724533081055;-886,2093505859375;3,35050106048584;1,4530272483825684;0,4708649218082428;0,43711963295936584;0,02107604406774044
813;3569,718994140625;17,193031311035156;67294,4921875;4,593666076660156;-898,92138671875;3,483895778656006;1,4697948694229126;0,4904959201812744;0,44155153632164;0,021697955206036568
814;3569,718994140625;17,193031311035156;67294,4921875;60,09579849243164;-901,7442626953125;-1,3923851251602173;1,504634141921997;0,4762585163116455;0,44440799951553345;0,021931739524006844
815;3569,718994140625;17,193031311035156;67294,4921875;35,60894012451172;-926,1878662109375;-0,24534590542316437;1,4537101984024048;0,4821622967720032;0,4300943613052368;0,021490255370736122
816;3569,718994140625;17,193031311035156;67294,4921875;120,92135620117188;-915,4329223632812;-2,1823062896728516;1,4103338718414307;0,4697495698928833;0,4147019386291504;0,020796211436390877
817;3569,718994140625;17,193031311035156;67294,4921875;137,53369140625;-926,6363525390625;-8,272512435913086;1,437928557395935;0,47544074058532715;0,4193100333213806;0,02132030948996544
818;3569,718994140625;17,193031311035156;67294,4921875;183,81979370117188;-946,5341186523438;-10,332386016845703;1,426428198814392;0,4625208377838135;0,4116169810295105;0,02101142145693302
819;3569,718994140625;17,193031311035156;67294,4921875;198,85726928710938;-957,6204223632812;-11,835944175720215;1,406862497329712;0,46147558093070984;0,4041547477245331;0,020826127380132675
820;3569,718994140625;17,193031311035156;67294,4921875;194,1870574951172;-989,9034423828125;-13,761848449707031;1,3574135303497314;0,4669846296310425;0,3910883069038391;0,020379679277539253
821;3569,718994140625;17,193031311035156;67294,4921875;245,00999450683594;-989,93505859375;-18,37765884399414;1,3761903047561646;0,4647887945175171;0,39259448647499084;0,020666448399424553
822;3569,718994140625;17,193031311035156;67294,4921875;343,6011657714844;-998,2775268554688;-23,538867950439453;1,4012513160705566;0,4587768018245697;0,39501503109931946;0,020958734676241875
823;3569,718994140625;17,193031311035156;67294,4921875;340,0987854003906;-1015,86181640625;-26,196847915649414;1,4252899885177612;0,46003293991088867;0,39850205183029175;0,021379370242357254
824;3569,718994140625;17,193031311035156;67294,4921875;400,4928283691406;-1026,3250732421875;-32,821781158447266;1,30095374584198;0,45456111431121826;0,36751678586006165;0,01976463943719864
825;3569,718994140625;17,193031311035156;67294,4921875;468,2509460449219;-1022,7390747070312;-33,491249084472656;1,325933814048767;0,45305612683296204;0,37107932567596436;0,020157309249043465
826;3569,718994140625;17,193031311035156;67294,4921875;457,0704345703125;-1041,5234375;-35,86897277832031;1,3384665250778198;0,455349862575531;0,3726542294025421;0,020464211702346802
827;3569,718994140625;17,193031311035156;67294,4921875;527,0855712890625;-1033,3421630859375;-39,66972351074219;1,3025063276290894;0,43998441100120544;0,36074987053871155;0,01979321986436844
828;3569,718994140625;17,193031311035156;67294,4921875;574,4826049804688;-1037,264404296875;-45,15644073486328;1,2498393058776855;0,4407722055912018;0,3480445146560669;0,01921129785478115
829;3569,718994140625;17,193031311035156;67294,4921875;567,4069213867188;-1045,4891357421875;-45,85804748535156;1,2872934341430664;0,4391533136367798;0,3550795316696167;0,019784485921263695
830;3569,718994140625;17,193031311035156;67294,4921875;610,8779907226562;-1038,251953125;-48,30362319946289;1,264050841331482;0,43443915247917175;0,348431795835495;0,01948888972401619
831;3569,718994140625;17,193031311035156;67294,4921875;612,7587280273438;-1022,4666748046875;-49,35781478881836;1,3126534223556519;0,4371491074562073;0,35906982421875;0,02029995247721672
832;3569,718994140625;17,193031311035156;67294,4921875;663,8715209960938;-1011,333740234375;-52,13863754272461;1,303223967552185;0,42168503999710083;0,3543032109737396;0,019959768280386925
833;3569,718994140625;17,193031311035156;67294,4921875;734,0634155273438;-982,4032592773438;-57,46209716796875;1,2631778717041016;0,4264070987701416;0,3460087478160858;0,01964983344078064
834;3569,718994140625;17,193031311035156;67294,4921875;739,0391845703125;-983,0233154296875;-58,308170318603516;1,2437419891357422;0,42838403582572937;0,3421131372451782;0,019547542557120323
835;3569,718994140625;17,193031311035156;67294,4921875;730,1666259765625;-976,6151733398438;-55,1090087890625;1,2131198644638062;0,4173690974712372;0,3339312672615051;0,019019493833184242
836;3569,718994140625;17,193031311035156;67294,4921875;700,8423461914062;-977,7108154296875;-54,10536193847656;1,2274525165557861;0,41927486658096313;0,3379453122615814;0,019376598298549652
837;3569,718994140625;17,193031311035156;67294,4921875;742,8973999023438;-961,815185546875;-57,508827209472656;1,227603554725647;0,41804006695747375;0,3385276794433594;0,01947461999952793
838;3569,718994140625;17,193031311035156;67294,4921875;684,8740844726562;-966,2197875976562;-53,44518280029297;1,1987305879592896;0,41480550169944763;0,33246463537216187;0,019134128466248512
839;3569,718994140625;17,193031311035156;67294,4921875;623,716796875;-955,02685546875;-51,286582946777344;1,196621060371399;0,40513506531715393;0,3316648602485657;0,01901414804160595
840;3569,718994140625;17,193031311035156;67294,4921875;639,516845703125;-947,1183471679688;-51,45082092285156;1,1566139459609985;0,392437219619751;0,321943461894989;0,018292874097824097
841;3569,718994140625;17,193031311035156;67294,4921875;720,0283203125;-917,652587890625;-57,65934371948242;1,1548925638198853;0,403253436088562;0,3245081305503845;0,018644485622644424
842;3569,718994140625;17,193031311035156;67294,4921875;702,4254150390625;-910,5472412109375;-55,43405532836914;1,1149365901947021;0,40335813164711;0,31681856513023376;0,018205786123871803
843;3569,718994140625;17,193031311035156;67294,4921875;727,2503051757812;-904,587158203125;-56,32607650756836;1,1147687435150146;0,39397647976875305;0,31703266501426697;0,018116561695933342
844;3569,718994140625;17,193031311035156;67294,4921875;742,5374755859375;-886,9559326171875;-58,261444091796875;1,0982639789581299;0,4011911451816559;0,3159303665161133;0,018161864951252937
845;3569,718994140625;17,193031311035156;67294,4921875;782,8453369140625;-867,346435546875;-60,10655975341797;1,1045783758163452;0,3873583972454071;0,31731972098350525;0,018060527741909027
846;3569,718994140625;17,193031311035156;67294,4921875;779,2870483398438;-867,0372314453125;-57,01876449584961;1,0953149795532227;0,38752487301826477;0,3170836567878723;0,01805381290614605
847;3569,718994140625;17,193031311035156;67294,4921875;759,52587890625;-863,5740356445312;-57,48996353149414;1,066402554512024;0,3861894905567169;0,3119111657142639;0,01772700436413288
848;3569,718994140625;17,193031311035156;67294,4921875;809,6085205078125;-834,6448974609375;-61,26405715942383;1,0372207164764404;0,3768419921398163;0,3055381774902344;0,017201460897922516
849;3569,718994140625;17,193031311035156;67294,4921875;866,2723999023438;-801,7803344726562;-65,55430603027344;1,0389728546142578;0,37189868092536926;0,30736440420150757;0,017218029126524925
850;3569,718994140625;17,193031311035156;67294,4921875;825,5328979492188;-802,0460205078125;-63,4384765625;1,0071735382080078;0,37443897128105164;0,30186575651168823;0,016931619495153427
851;3569,718994140625;17,193031311035156;67294,4921875;873,8081665039062;-782,4913330078125;-65,1501235961914;0,9890553951263428;0,368108868598938;0,29851484298706055;0,016623733565211296
852;3569,718994140625;17,193031311035156;67294,4921875;851,5670166015625;-764,13623046875;-66,22088623046875;0,9313508868217468;0,3575036823749542;0,28448501229286194;0,015612855553627014
853;3569,718994140625;17,193031311035156;67294,4921875;865,8704223632812;-744,5799560546875;-65,66707611083984;0,9294647574424744;0,3539789319038391;0,2854660153388977;0,015604767017066479
854;3569,718994140625;17,193031311035156;67294,4921875;831,946044921875;-741,0669555664062;-63,94831848144531;0,9424955248832703;0,3563098609447479;0,2910880744457245;0,015960607677698135
855;3569,718994140625;17,193031311035156;67294,4921875;832,0857543945312;-725,9556274414062;-63,31346130371094;0,9173458814620972;0,3565181791782379;0,28648555278778076;0,015682358294725418
856;3569,718994140625;17,193031311035156;67294,4921875;866,7100219726562;-712,7783813476562;-67,22203063964844;0,8761910200119019;0,33809196949005127;0,2751029133796692;0,014695016667246819
857;3569,718994140625;17,193031311035156;67294,4921875;897,15673828125;-699,7443237304688;-67,80764770507812;0,895241916179657;0,34639623761177063;0,28300967812538147;0,01529074925929308
858;3569,718994140625;17,193031311035156;67294,4921875;892,1129760742188;-701,039794921875;-66,40193939208984;0,8764406442642212;0,33295321464538574;0,27801835536956787;0,014742322266101837
859;3569,718994140625;17,193031311035156;67294,4921875;911,011474609375;-699,2098388671875;-67,78822326660156;0,8818244338035583;0,3422664701938629;0,28232264518737793;0,015160852111876011
860;3569,718994140625;17,193031311035156;67294,4921875;932,3040161132812;-681,8735961914062;-68,92076873779297;0,8756862878799438;0,3339991271495819;0,2812544107437134;0,014933709986507893
861;3569,718994140625;17,193031311035156;67294,4921875;952,7515869140625;-660,0463256835938;-72,14111328125;0,8569949865341187;0,33112913370132446;0,27730950713157654;0,014662069268524647
862;3569,718994140625;17,193031311035156;67294,4921875;969,400634765625;-674,6055908203125;-74,98729705810547;0,8373584747314453;0,3228948414325714;0,2722897529602051;0,014218932949006557
863;3569,718994140625;17,193031311035156;67294,4921875;941,803466796875;-668,0347290039062;-71,8807601928711;0,8445181250572205;0,322466105222702;0,27560266852378845;0,014384550042450428
864;3569,718994140625;17,193031311035156;67294,4921875;962,4625244140625;-667,0400390625;-69,49954223632812;0,8188270330429077;0,3173288404941559;0,2690221071243286;0,01393982581794262
865;3569,718994140625;17,193031311035156;67294,4921875;949,1969604492188;-649,623779296875;-70,52278137207031;0,7969537973403931;0,3090975284576416;0,2629842758178711;0,013449251651763916
866;3569,718994140625;17,193031311035156;67294,4921875;969,9465942382812;-633,287109375;-70,915771484375;0,8136423230171204;0,31133508682250977;0,26904985308647156;0,013822117820382118
867;3569,718994140625;17,193031311035156;67294,4921875;975,1248168945312;-591,5732421875;-69,48025512695312;0,8204813599586487;0,31367430090904236;0,272254079580307;0,014059549197554588
868;3569,718994140625;17,193031311035156;67294,4921875;981,6375122070312;-559,9224243164062;-70,12973022460938;0,8014835119247437;0,30423036217689514;0,26655077934265137;0,013554226607084274
869;3569,718994140625;17,193031311035156;67294,4921875;945,9641723632812;-550,8616943359375;-63,54555130004883;0,8274893164634705;0,31229567527770996;0,2757572531700134;0,014225011691451073
870;3569,718994140625;17,193031311035156;67294,4921875;971,8178100585938;-523,7318725585938;-66,23709106445312;0,7990710735321045;0,3003937602043152;0,2667960822582245;0,013505086302757263
871;3569,718994140625;17,193031311035156;67294,4921875;957,883056640625;-501,196044921875;-68,525634765625;0,8012757897377014;0,2987173795700073;0,26777127385139465;0,013494058512151241
872;3569,718994140625;17,193031311035156;67294,4921875;959,385986328125;-476,47015380859375;-67,20314025878906;0,7930384874343872;0,29450342059135437;0,26530584692955017;0,013281126506626606
873;3569,718994140625;17,193031311035156;67294,4921875;925,6525268554688;-451,7107849121094;-62,999717712402344;0,8028140664100647;0,29691585898399353;0,2687511444091797;0,013537968508899212
874;3569,718994140625;17,193031311035156;67294,4921875;923,4823608398438;-415,681396484375;-62,62113571166992;0,7981535196304321;0,29401785135269165;0,26727136969566345;0,013436486944556236
875;3569,718994140625;17,193031311035156;67294,4921875;935,7097778320312;-389,4127197265625;-62,87391662597656;0,7969181537628174;0,29225820302963257;0,26674649119377136;0,01328329835087061
876;3569,718994140625;17,193031311035156;67294,4921875;930,5109252929688;-361,477294921875;-62,656864166259766;0,7928960919380188;0,2890912592411041;0,2652382254600525;0,013267610222101212
877;3569,718994140625;17,193031311035156;67294,4921875;881,4918823242188;-333,40472412109375;-59,721885681152344;0,7785176634788513;0,2827879786491394;0,26014479994773865;0,012827958911657333
878;3569,718994140625;17,193031311035156;67294,4921875;881,382568359375;-298,6685791015625;-60,19317626953125;0,7832581400871277;0,2832850217819214;0,2613299489021301;0,01291750743985176
879;3569,718994140625;17,193031311035156;67294,4921875;818,6854858398438;-274,4753723144531;-55,83552551269531;0,7882298231124878;0,2843373715877533;0,2625119686126709;0,01299060508608818
880;3569,718994140625;17,193031311035156;67294,4921875;815,493896484375;-245,05685424804688;-56,166664123535156;0,7972682118415833;0,2860587537288666;0,2648676037788391;0,013197357766330242
881;3569,718994140625;17,193031311035156;67294,4921875;809,1287231445312;-216,16265869140625;-55,725460052490234;0,7840781807899475;0,27945151925086975;0,25971367955207825;0,012822896242141724
882;3569,718994140625;17,193031311035156;67294,4921875;777,4449462890625;-206,1026153564453;-52,61704635620117;0,7863922715187073;0,28078681230545044;0,2597728669643402;0,012798252515494823
883;3569,718994140625;17,193031311035156;67294,4921875;730,7723388671875;-162,4898223876953;-49,35377883911133;0,7878761887550354;0,2815229296684265;0,25942477583885193;0,012760819867253304
884;3569,718994140625;17,193031311035156;67294,4921875;717,9281616210938;-142,0851287841797;-46,687164306640625;0,7761061787605286;0,2759999632835388;0,2545127868652344;0,0123997051268816
885;3569,718994140625;17,193031311035156;67294,4921875;677,2714233398438;-116,45064544677734;-43,20356369018555;0,7965112924575806;0,2849506735801697;0,26027753949165344;0,01283985748887062
886;3569,718994140625;17,193031311035156;67294,4921875;613,2861938476562;-81,69241333007812;-38,28345489501953;0,8002005219459534;0,2859461009502411;0,2603026032447815;0,012869209982454777
887;3569,718994140625;17,193031311035156;67294,4921875;594,184326171875;-43,414703369140625;-37,444942474365234;0,7921432256698608;0,2823065519332886;0,25637638568878174;0,012591656297445297
888;3569,718994140625;17,193031311035156;67294,4921875;573,7462158203125;-30,31136703491211;-36,72506332397461;0,7871959805488586;0,2772862911224365;0,25320038199424744;0,01241578720510006
889;3569,718994140625;17,193031311035156;67294,4921875;584,5064086914062;-7,749513626098633;-36,3929443359375;0,7918508648872375;0,276418536901474;0,2530956268310547;0,012471137568354607
890;3569,718994140625;17,193031311035156;67294,4921875;510,08538818359375;30,55788230895996;-30,87575912475586;0,7840398550033569;0,27314820885658264;0,24908454716205597;0,012183740735054016
891;3569,718994140625;17,193031311035156;67294,4921875;545,9856567382812;30,339262008666992;-35,099151611328125;0,780742347240448;0,2698821425437927;0,24633747339248657;0,012018870562314987
892;3569,718994140625;17,193031311035156;67294,4921875;551,1749877929688;58,853309631347656;-34,49982833862305;0,7880730628967285;0,27690136432647705;0,2473950833082199;0,012093441560864449
893;3569,718994140625;17,193031311035156;67294,4921875;559,2044677734375;76,82921600341797;-35,2976188659668;0,7946962118148804;0,27949297428131104;0,2478250116109848;0,012170939706265926
894;3569,718994140625;17,193031311035156;67294,4921875;471,4187927246094;110,89273834228516;-27,103801727294922;0,8193657398223877;0,2886951267719269;0,2537873685359955;0,012700763531029224
895;3569,718994140625;17,193031311035156;67294,4921875;581,780517578125;107,90862274169922;-34,66958236694336;0,8102890253067017;0,2849791646003723;0,24912331998348236;0,012374685145914555
896;3569,718994140625;17,193031311035156;67294,4921875;519,4288940429688;139,0617218017578;-29,31258773803711;0,8055788278579712;0,27555131912231445;0,2452365756034851;0,012172152288258076
897;3569,718994140625;17,193031311035156;67294,4921875;490,6752014160156;154,5967254638672;-29,354795455932617;0,806220293045044;0,2662980258464813;0,2428487241268158;0,01207936741411686
898;3569,718994140625;17,193031311035156;67294,4921875;475,1294860839844;166,41073608398438;-29,066076278686523;0,8111019730567932;0,2901291847229004;0,24421076476573944;0,012072645127773285
899;3569,718994140625;17,193031311035156;67294,4921875;485,89276123046875;171,5186309814453;-29,34724998474121;0,8291546106338501;0,29251745343208313;0,24739232659339905;0,012431493028998375
900;3569,718994140625;17,193031311035156;67294,4921875;509,289306640625;171,72805786132812;-33,84251022338867;0,8222799897193909;0,28883683681488037;0,24334029853343964;0,012156990356743336
901;3569,718994140625;17,193031311035156;67294,4921875;449,6320495605469;185,30377197265625;-28,711702346801758;0,8271410465240479;0,2912869155406952;0,2429431527853012;0,012167198583483696
902;3569,718994140625;17,193031311035156;67294,4921875;401,1904296875;205,95826721191406;-25,124691009521484;0,8148410320281982;0,286124587059021;0,23741768300533295;0,011752591468393803
903;3569,718994140625;17,193031311035156;67294,4921875;412,5164794921875;205,1186065673828;-25,975757598876953;0,8521773219108582;0,3050481975078583;0,24688062071800232;0,012549927458167076
904;3569,718994140625;17,193031311035156;67294,4921875;367,85052490234375;213,5052947998047;-22,284706115722656;0,8507933616638184;0,29441896080970764;0,24381235241889954;0,01240596640855074
905;3569,718994140625;17,193031311035156;67294,4921875;396,6878967285156;215,74110412597656;-23,234994888305664;0,8415331244468689;0,2961551249027252;0,23979038000106812;0,012072774581611156
906;3569,718994140625;17,193031311035156;67294,4921875;445,15802001953125;206,96775817871094;-27,102277755737305;0,8710569143295288;0,3087582588195801;0,24662277102470398;0,012661309912800789
907;3569,718994140625;17,193031311035156;67294,4921875;440,5951232910156;209,0838623046875;-29,487892150878906;0,8670265078544617;0,3112286627292633;0,24412159621715546;0,012451776303350925
908;3569,718994140625;17,193031311035156;67294,4921875;412,78887939453125;212,63499450683594;-28,564903259277344;0,8960289359092712;0,32894161343574524;0,25124332308769226;0,01301171537488699
909;3569,718994140625;17,193031311035156;67294,4921875;393,1158752441406;228,04786682128906;-27,64099884033203;0,9004928469657898;0,32315897941589355;0,2503385543823242;0,01299997791647911
910;3569,718994140625;17,193031311035156;67294,4921875;410,72918701171875;231,13760375976562;-28,20796775817871;0,8929596543312073;0,31816422939300537;0,246628537774086;0,012711280025541782
911;3569,718994140625;17,193031311035156;67294,4921875;388,5229797363281;259,0457763671875;-27,714263916015625;0,9012768864631653;0,3327496349811554;0,2485298365354538;0,012785831466317177
912;3569,718994140625;17,193031311035156;67294,4921875;418,7966003417969;260,39349365234375;-28,304231643676758;0,9142412543296814;0,3416949212551117;0,2512131333351135;0,012963821180164814
913;3569,718994140625;17,193031311035156;67294,4921875;462,45068359375;264,765380859375;-29,29432487487793;0,9301469326019287;0,35826098918914795;0,25532296299934387;0,013191116973757744
914;3569,718994140625;17,193031311035156;67294,4921875;413,75018310546875;290,6019287109375;-27,080589294433594;0,9381036162376404;0,36563020944595337;0,2568610906600952;0,013245007954537868
915;3569,718994140625;17,193031311035156;67294,4921875;350,5064697265625;314,439697265625;-23,042724609375;0,9702569246292114;0,3668973445892334;0,26387321949005127;0,013863821513950825
916;3569,718994140625;17,193031311035156;67294,4921875;369,69036865234375;318,8744812011719;-25,434814453125;0,9797207713127136;0,3781045377254486;0,26631757616996765;0,01394878514111042
917;3569,718994140625;17,193031311035156;67294,4921875;388,1144714355469;327,72393798828125;-25,789730072021484;0,9826095104217529;0,37542724609375;0,266226202249527;0,013900297693908215
918;3569,718994140625;17,193031311035156;67294,4921875;391,46343994140625;342,62091064453125;-25,98256492614746;0,9549599885940552;0,3780156373977661;0,2593405842781067;0,013143221847712994
919;3569,718994140625;17,193031311035156;67294,4921875;408,7412414550781;342,0780944824219;-28,051280975341797;1,013100028038025;0,389577716588974;0,27399346232414246;0,014325671829283237
920;3569,718994140625;17,193031311035156;67294,4921875;390,71429443359375;351,5516052246094;-26,584932327270508;1,019034504890442;0,38782674074172974;0,2752142548561096;0,014341000467538834
921;3569,718994140625;17,193031311035156;67294,4921875;406,36004638671875;356,83343505859375;-26,045318603515625;1,0226510763168335;0,38797804713249207;0,2761897146701813;0,01430690847337246
922;3569,718994140625;17,193031311035156;67294,4921875;347,50634765625;365,80181884765625;-21,08372688293457;1,0723198652267456;0,4295555353164673;0,2914280891418457;0,015198653563857079
923;3569,718994140625;17,193031311035156;67294,4921875;395,62762451171875;353,24951171875;-26,68602752685547;1,0303009748458862;0,4032953381538391;0,2797490656375885;0,014233047142624855
924;3569,718994140625;17,193031311035156;67294,4921875;381,7167663574219;372,8243408203125;-24,953227996826172;1,0866682529449463;0,4405907094478607;0,2966289222240448;0,015252494253218174
925;3569,718994140625;17,193031311035156;67294,4921875;369,38983154296875;362,52911376953125;-21,453351974487305;1,1282849311828613;0,46520015597343445;0,3092185854911804;0,01595943421125412
926;3569,718994140625;17,193031311035156;67294,4921875;325,92364501953125;375,5747985839844;-22,69632911682129;1,1015745401382446;0,4239942133426666;0,30094507336616516;0,015383548103272915
927;3569,718994140625;17,193031311035156;67294,4921875;296,0404052734375;385,3480529785156;-15,179683685302734;1,1491258144378662;0,4650421738624573;0,3163526952266693;0,016179408878087997
928;3569,718994140625;17,193031311035156;67294,4921875;296,9454650878906;376,1339416503906;-13,560868263244629;1,1582471132278442;0,47027337551116943;0,320170134305954;0,016243349760770798
929;3569,718994140625;17,193031311035156;67294,4921875;285,4127502441406;390,8135070800781;-12,157852172851562;1,109867811203003;0,426312655210495;0,3068607747554779;0,015244213864207268
930;3569,718994140625;17,193031311035156;67294,4921875;274,1849670410156;390,284423828125;-8,869011878967285;1,1859437227249146;0,45746463537216187;0,32958126068115234;0,016624342650175095
931;3569,718994140625;17,193031311035156;67294,4921875;240,49276733398438;389,7669372558594;-4,769018173217773;1,2108128070831299;0,47861990332603455;0,3387520909309387;0,016979549080133438
932;3569,718994140625;17,193031311035156;67294,4921875;222,93125915527344;373,1445617675781;-2,771237850189209;1,2482186555862427;0,4890328347682953;0,3509167730808258;0,017594890668988228
933;3569,718994140625;17,193031311035156;67294,4921875;225,46266174316406;368,5019226074219;-2,4135515689849854;1,197391152381897;0,4651353061199188;0,33839288353919983;0,016541387885808945
934;3569,718994140625;17,193031311035156;67294,4921875;178,74093627929688;367,52789306640625;-1,372733473777771;1,2503386735916138;0,5006479024887085;0,35597050189971924;0,01739523932337761
935;3569,718994140625;17,193031311035156;67294,4921875;178,66285705566406;358,7760925292969;2,7727138996124268;1,287627935409546;0,4943751096725464;0,3681168258190155;0,018051085993647575
936;3569,718994140625;17,193031311035156;67294,4921875;183,33799743652344;357,0007629394531;-4,150102615356445;1,270058274269104;0,48902443051338196;0,36542758345603943;0,017630048096179962
937;3569,718994140625;17,193031311035156;67294,4921875;148,40611267089844;361,55322265625;-0,5300522446632385;1,261054515838623;0,46363070607185364;0,36466729640960693;0,01741509698331356
938;3569,718994140625;17,193031311035156;67294,4921875;129,0869598388672;361,8584289550781;2,4596805572509766;1,2158247232437134;0,43203696608543396;0,35367241501808167;0,016515059396624565
939;3569,718994140625;17,193031311035156;67294,4921875;118,2086181640625;336,4083557128906;7,91314697265625;1,3411544561386108;0,5176764726638794;0,39337533712387085;0,018638739362359047
940;3569,718994140625;17,193031311035156;67294,4921875;116,94230651855469;330,8958435058594;5,669730186462402;1,2924330234527588;0,47506850957870483;0,3812791109085083;0,01774330995976925
941;3569,718994140625;17,193031311035156;67294,4921875;165,94371032714844;308,3419189453125;5,276907920837402;1,3110754489898682;0,4790289103984833;0,38932788372039795;0,018007365986704826
942;3569,718994140625;17,193031311035156;67294,4921875;116,26099395751953;279,0538024902344;10,970141410827637;1,3384878635406494;0,49297475814819336;0,40008634328842163;0,018407970666885376
943;3569,718994140625;17,193031311035156;67294,4921875;132,61471557617188;257,15472412109375;9,978400230407715;1,367587924003601;0,5069938898086548;0,41139134764671326;0,018831681460142136
944;3569,718994140625;17,193031311035156;67294,4921875;95,67337036132812;234,56336975097656;9,66958999633789;1,3740286827087402;0,5007283687591553;0,41597849130630493;0,018899384886026382
945;3569,718994140625;17,193031311035156;67294,4921875;105,83418273925781;214,69703674316406;5,7385077476501465;1,4115025997161865;0,5095478296279907;0,43002110719680786;0,01949944533407688
946;3569,718994140625;17,193031311035156;67294,4921875;116,28376770019531;195,43592834472656;7,803388595581055;1,3594024181365967;0,4913793206214905;0,4166238307952881;0,01849966123700142
947;3569,718994140625;17,193031311035156;67294,4921875;130,33924865722656;167,98919677734375;11,266812324523926;1,42482328414917;0,5061925649642944;0,4394053816795349;0,0196152925491333
948;3569,718994140625;17,193031311035156;67294,4921875;112,46929168701172;162,85975646972656;10,715553283691406;1,435228705406189;0,5159107446670532;0,444928914308548;0,019688867032527924
949;3569,718994140625;17,193031311035156;67294,4921875;106,83832550048828;129,63742065429688;7,487342357635498;1,4253965616226196;0,49441152811050415;0,44488728046417236;0,019545499235391617
950;3569,718994140625;17,193031311035156;67294,4921875;93,6888427734375;113,52999877929688;8,796651840209961;1,4612611532211304;0,5301370620727539;0,45742377638816833;0,01992044597864151
951;3569,718994140625;17,193031311035156;67294,4921875;72,63585662841797;100,21969604492188;9,051569938659668;1,3934317827224731;0,48077529668807983;0,43947482109069824;0,018877752125263214
952;3569,718994140625;17,193031311035156;67294,4921875;47,566768646240234;86,11775970458984;18,775041580200195;1,518155813217163;0,5269904732704163;0,4808259904384613;0,020934591069817543
953;3569,718994140625;17,193031311035156;67294,4921875;47,755218505859375;57,76644515991211;14,468581199645996;1,5001581907272339;0,5180968642234802;0,47731906175613403;0,02057730220258236
954;3569,718994140625;17,193031311035156;67294,4921875;46,05059051513672;46,478355407714844;11,557801246643066;1,4747755527496338;0,48271116614341736;0,4731437861919403;0,020269859582185745
955;3569,718994140625;17,193031311035156;67294,4921875;41,399295806884766;36,23104476928711;12,617456436157227;1,4930671453475952;0,5080983638763428;0,4792134761810303;0,0203834418207407
956;3569,718994140625;17,193031311035156;67294,4921875;31,47884750366211;16,655948638916016;16,830286026000977;1,5021032094955444;0,49346262216567993;0,4854753613471985;0,02064662054181099
957;3569,718994140625;17,193031311035156;67294,4921875;48,01469421386719;-11,08163070678711;5,930568218231201;1,5255439281463623;0,5025761723518372;0,49447497725486755;0,02098643034696579
958;3569,718994140625;17,193031311035156;67294,4921875;69,5250015258789;-12,772247314453125;14,767112731933594;1,5139373540878296;0,49614855647087097;0,49239811301231384;0,02076706849038601
959;3569,718994140625;17,193031311035156;67294,4921875;82,93722534179688;-27,693992614746094;12,581869125366211;1,5644502639770508;0,5158481597900391;0,5095198750495911;0,02151675522327423
960;3569,718994140625;17,193031311035156;67294,4921875;62,9637451171875;-50,56624984741211;11,50552749633789;1,5328927040100098;0,48542162775993347;0,5037322044372559;0,021194910630583763
961;3569,718994140625;17,193031311035156;67294,4921875;102,63629150390625;-76,81548309326172;9,353436470031738;1,5254374742507935;0,49252253770828247;0,500399649143219;0,020917989313602448
962;3569,718994140625;17,193031311035156;67294,4921875;89,93115234375;-92,9578628540039;8,545121192932129;1,508778691291809;0,4771428406238556;0,4980626106262207;0,02077549137175083
963;3569,718994140625;17,193031311035156;67294,4921875;105,9793930053711;-106,19113159179688;7,492583274841309;1,602369785308838;0,5132148265838623;0,5276987552642822;0,02218758687376976
964;3569,718994140625;17,193031311035156;67294,4921875;94,3554916381836;-119,88311004638672;10,08914566040039;1,5460550785064697;0,48990246653556824;0,5112844109535217;0,02134680561721325
965;3569,718994140625;17,193031311035156;67294,4921875;99,09996032714844;-152,54925537109375;3,9787697792053223;1,5859428644180298;0,5062432289123535;0,5225632786750793;0,021799979731440544
966;3569,718994140625;17,193031311035156;67294,4921875;116,6688461303711;-169,5718231201172;5,083050727844238;1,5065945386886597;0,47711315751075745;0,4980500340461731;0,020580139011144638
967;3569,718994140625;17,193031311035156;67294,4921875;133,10858154296875;-188,14320373535156;4,570843696594238;1,5265027284622192;0,48147085309028625;0,5055025219917297;0,020976031199097633
968;3569,718994140625;17,193031311035156;67294,4921875;119,64094543457031;-230,09120178222656;3,9141533374786377;1,524789810180664;0,47986823320388794;0,5050151348114014;0,020952994003891945
969;3569,718994140625;17,193031311035156;67294,4921875;110,01651000976562;-248,2955780029297;3,591153621673584;1,6110893487930298;0,5058853626251221;0,5330384373664856;0,02237601950764656
970;3569,718994140625;17,193031311035156;67294,4921875;117,93382263183594;-259,97918701171875;2,5980310440063477;1,5936541557312012;0,49966666102409363;0,5275754928588867;0,022145673632621765
971;3569,718994140625;17,193031311035156;67294,4921875;112,77299499511719;-282,9603576660156;5,857295036315918;1,5664304494857788;0,49006131291389465;0,5178533792495728;0,021678373217582703
972;3569,718994140625;17,193031311035156;67294,4921875;158,67210388183594;-285,2007751464844;-1,393140196800232;1,6126384735107422;0,5008200407028198;0,5305542945861816;0,02228713035583496
973;3569,718994140625;17,193031311035156;67294,4921875;178,06460571289062;-293,5046081542969;-1,0981754064559937;1,6299138069152832;0,5063807964324951;0,5363073348999023;0,022685158997774124
974;3569,718994140625;17,193031311035156;67294,4921875;186,66534423828125;-321,051025390625;-2,1166467666625977;1,5941308736801147;0,49143874645233154;0,5222716331481934;0,021968204528093338
975;3569,718994140625;17,193031311035156;67294,4921875;189,77455139160156;-333,25494384765625;0,6629094481468201;1,6061986684799194;0,5008420944213867;0,527837872505188;0,022472914308309555
976;3569,718994140625;17,193031311035156;67294,4921875;164,1276092529297;-356,0348205566406;3,876317262649536;1,6684409379959106;0,5097715258598328;0,543377697467804;0,023195497691631317
977;3569,718994140625;17,193031311035156;67294,4921875;220,2022705078125;-351,89288330078125;1,847004771232605;1,5664517879486084;0,4888592064380646;0,5123841166496277;0,02188834734261036
978;3569,718994140625;17,193031311035156;67294,4921875;191,5572509765625;-377,1272277832031;-4,4811201095581055;1,614136815071106;0,49899542331695557;0,524973452091217;0,022603753954172134
979;3569,718994140625;17,193031311035156;67294,4921875;188,31260681152344;-407,1478576660156;-1,1219033002853394;1,5941048860549927;0,49145346879959106;0,5164175629615784;0,02227170392870903
980;3569,718994140625;17,193031311035156;67294,4921875;187,2980499267578;-422,0440979003906;-0,34869709610939026;1,5493260622024536;0,4827270805835724;0,5014349818229675;0,021687572821974754
981;3569,718994140625;17,193031311035156;67294,4921875;146,20578002929688;-443,2315368652344;4,262406826019287;1,5686533451080322;0,480918288230896;0,5037472248077393;0,02185896411538124
982;3569,718994140625;17,193031311035156;67294,4921875;193,60873413085938;-460,621337890625;0,742965817451477;1,588914394378662;0,4989023208618164;0,5108413696289062;0,02253800816833973
983;3569,718994140625;17,193031311035156;67294,4921875;190,6175079345703;-481,2865905761719;-4,648518085479736;1,5203315019607544;0,485729843378067;0,48836231231689453;0,021574657410383224
984;3569,718994140625;17,193031311035156;67294,4921875;158,13323974609375;-511,0302429199219;-0,000963703787419945;1,6207828521728516;0,5029135942459106;0,5147379636764526;0,023046348243951797
985;3569,718994140625;17,193031311035156;67294,4921875;158,30784606933594;-527,55517578125;1,3766614198684692;1,5137364864349365;0,4840109646320343;0,48122239112854004;0,02154538221657276
986;3569,718994140625;17,193031311035156;67294,4921875;97,76434326171875;-576,5198974609375;1,3682382106781006;1,5128495693206787;0,4790952503681183;0,4772936701774597;0,021480973809957504
987;3569,718994140625;17,193031311035156;67294,4921875;166,42160034179688;-572,7698974609375;0,8310268521308899;1,5550202131271362;0,49088314175605774;0,4874381721019745;0,022234786301851273
988;3569,718994140625;17,193031311035156;67294,4921875;179,84146118164062;-602,902099609375;0,7287948131561279;1,5278927087783813;0,48552176356315613;0,476663202047348;0,021872932091355324
989;3569,718994140625;17,193031311035156;67294,4921875;171,46932983398438;-636,227783203125;-5,8103485107421875;1,473531723022461;0,47296780347824097;0,4577156901359558;0,0210547037422657
990;3569,718994140625;17,193031311035156;67294,4921875;172,81951904296875;-651,6104736328125;-5,989870071411133;1,4681252241134644;0,4682318866252899;0,4525347352027893;0,020949266850948334
991;3569,718994140625;17,193031311035156;67294,4921875;200,618896484375;-659,994873046875;-4,7631940841674805;1,5185526609420776;0,4905851483345032;0,46612414717674255;0,02202071063220501
992;3569,718994140625;17,193031311035156;67294,4921875;196,4664764404297;-698,0252685546875;-5,103688716888428;1,4867085218429565;0,4786912202835083;0,4529750645160675;0,021479375660419464
993;3569,718994140625;17,193031311035156;67294,4921875;249,62313842773438;-693,5535278320312;-9,020691871643066;1,5156065225601196;0,48147904872894287;0,457455039024353;0,02193513885140419
994;3569,718994140625;17,193031311035156;67294,4921875;215,2431640625;-719,4810180664062;-8,588491439819336;1,4847290515899658;0,47985103726387024;0,44645220041275024;0,021599560976028442
995;3569,718994140625;17,193031311035156;67294,4921875;227,84933471679688;-738,3314819335938;-8,867191314697266;1,4882752895355225;0,482820063829422;0,4446878433227539;0,021762074902653694
996;3569,718994140625;17,193031311035156;67294,4921875;286,800048828125;-750,5089111328125;-13,373442649841309;1,4842941761016846;0,47215625643730164;0,43878844380378723;0,02158208005130291
997;3569,718994140625;17,193031311035156;67294,4921875;324,3270263671875;-751,201904296875;-15,823370933532715;1,4287381172180176;0,47558626532554626;0,42298200726509094;0,02103455178439617
998;3569,718994140625;17,193031311035156;67294,4921875;338,8420104980469;-761,51123046875;-18,595672607421875;1,3816324472427368;0,45562994480133057;0,40545767545700073;0,020149925723671913
999;3569,718994140625;17,193031311035156;67294,4921875;335,68304443359375;-771,63671875;-15,790032386779785;1,4236061573028564;0,4720951020717621;0,41533640027046204;0,021053604781627655
1000;3569,718994140625;17,193031311035156;67294,4921875;369,1752624511719;-780,0013427734375;-18,8619327545166;1,4572362899780273;0,4726957082748413;0,4205127954483032;0,021562587469816208
1001;3569,718994140625;17,193031311035156;67294,4921875;296,36871337890625;-798,6073608398438;-15,119918823242188;1,4322295188903809;0,4711380898952484;0,41164618730545044;0,02130340225994587
1002;3569,718994140625;17,193031311035156;67294,4921875;348,2873840332031;-808,1715698242188;-19,224294662475586;1,4533398151397705;0,45944035053253174;0,4120248854160309;0,021424243226647377
1003;3569,718994140625;17,193031311035156;67294,4921875;356,4182434082031;-816,1701049804688;-20,398868560791016;1,3391984701156616;0,46227845549583435;0,38371410965919495;0,020120715722441673
1004;3569,718994140625;17,193031311035156;67294,4921875;361,9412841796875;-825,9172973632812;-21,225561141967773;1,3983927965164185;0,4505292773246765;0,3930424749851227;0,020740145817399025
1005;3569,718994140625;17,193031311035156;67294,4921875;367,85406494140625;-843,2362060546875;-23,3466796875;1,302839994430542;0,4492713212966919;0,36898425221443176;0,019584719091653824
1006;3569,718994140625;17,193031311035156;67294,4921875;425,6706848144531;-842,7410278320312;-26,24660301208496;1,3090195655822754;0,44328975677490234;0,36747676134109497;0,01964103989303112
1007;3569,718994140625;17,193031311035156;67294,4921875;460,1151123046875;-832,5060424804688;-28,65496063232422;1,35272216796875;0,4536602795124054;0,3772220015525818;0,02050548791885376
1008;3569,718994140625;17,193031311035156;67294,4921875;454,0567626953125;-837,9850463867188;-27,994089126586914;1,2902705669403076;0,43412312865257263;0,3584924340248108;0,019406171515583992
1009;3569,718994140625;17,193031311035156;67294,4921875;490,5594482421875;-836,750732421875;-29,956987380981445;1,2988896369934082;0,43339696526527405;0,35893121361732483;0,01960313320159912
1010;3569,718994140625;17,193031311035156;67294,4921875;529,4728393554688;-838,2354125976562;-34,68794631958008;1,2519203424453735;0,43140166997909546;0,34700897336006165;0,019048485904932022
1011;3569,718994140625;17,193031311035156;67294,4921875;601,5194702148438;-824,3927001953125;-38,107391357421875;1,2774286270141602;0,4300479292869568;0,3514769673347473;0,01946178264915943
1012;3569,718994140625;17,193031311035156;67294,4921875;602,8931884765625;-834,8230590820312;-38,93975830078125;1,2391659021377563;0,42588216066360474;0,34159156680107117;0,01897568069398403
1013;3569,718994140625;17,193031311035156;67294,4921875;595,0255737304688;-848,3402709960938;-40,83694076538086;1,213893175125122;0,4222601652145386;0,33490195870399475;0,018670883029699326
1014;3569,718994140625;17,193031311035156;67294,4921875;673,9302368164062;-834,8457641601562;-45,21601486206055;1,2173079252243042;0,41733235120773315;0,33453601598739624;0,01872154138982296
1015;3569,718994140625;17,193031311035156;67294,4921875;652,5055541992188;-839,4793701171875;-45,21189880371094;1,20755136013031;0,4079367220401764;0,3308168649673462;0,01849942095577717
1016;3569,718994140625;17,193031311035156;67294,4921875;744,22705078125;-823,9931640625;-50,73358154296875;1,2185159921646118;0,4112572968006134;0,3338681757450104;0,018836168572306633
1017;3569,718994140625;17,193031311035156;67294,4921875;756,6263427734375;-824,6021118164062;-51,565120697021484;1,2077704668045044;0,4023973047733307;0,3304510712623596;0,018606722354888916
1018;3569,718994140625;17,193031311035156;67294,4921875;746,9832153320312;-817,5358276367188;-52,81285858154297;1,2006683349609375;0,40965527296066284;0,33048099279403687;0,01879759319126606
1019;3569,718994140625;17,193031311035156;67294,4921875;827,1600952148438;-801,6849365234375;-59,58502960205078;1,1889523267745972;0,4008947014808655;0,3272627294063568;0,01855975016951561
1020;3569,718994140625;17,193031311035156;67294,4921875;841,4183959960938;-802,4491577148438;-62,47056198120117;1,1348146200180054;0,39808475971221924;0,3155328929424286;0,01787523552775383
1021;3569,718994140625;17,193031311035156;67294,4921875;843,3981323242188;-812,8328247070312;-62,126190185546875;1,1390501260757446;0,39751386642456055;0,3174518942832947;0,018043220043182373
1022;3569,718994140625;17,193031311035156;67294,4921875;881,9390869140625;-811,7216796875;-66,2859115600586;1,1256967782974243;0,39252910017967224;0,3148893713951111;0,017864394932985306
1023;3569,718994140625;17,193031311035156;67294,4921875;936,521240234375;-809,4375610351562;-70,87004852294922;1,1048381328582764;0,3909260034561157;0,31122514605522156;0,017657117918133736
1024;3569,718994140625;17,193031311035156;67294,4921875;958,138671875;-814,9686889648438;-72,3271255493164;1,136644721031189;0,38887879252433777;0,31983163952827454;0,018174339085817337
1025;3569,718994140625;17,193031311035156;67294,4921875;989,3389282226562;-810,6433715820312;-73,03250122070312;1,0637503862380981;0,3821493089199066;0,3034997880458832;0,01711455173790455
1026;3569,718994140625;17,193031311035156;67294,4921875;975,4603271484375;-808,3322143554688;-73,93099212646484;1,1278648376464844;0,3853971064090729;0,3208256661891937;0,018212858587503433
1027;3569,718994140625;17,193031311035156;67294,4921875;999,415771484375;-816,3350219726562;-75,38507080078125;1,076016902923584;0,3835931122303009;0,31012606620788574;0,017563609406352043
1028;3569,718994140625;17,193031311035156;67294,4921875;1004,2601318359375;-823,03759765625;-74,3116683959961;1,0620931386947632;0,3814975917339325;0,308430016040802;0,017435386776924133
1029;3569,718994140625;17,193031311035156;67294,4921875;1009,153076171875;-820,1763305664062;-75,56509399414062;1,0367411375045776;0,3781110644340515;0,3038105368614197;0,017107604071497917
1030;3569,718994140625;17,193031311035156;67294,4921875;998,1275024414062;-825,5782470703125;-75,00321960449219;1,0280944108963013;0,3746931850910187;0,3032478094100952;0,01701747439801693
1031;3569,718994140625;17,193031311035156;67294,4921875;1003,564453125;-831,484619140625;-75,88806915283203;0,977821409702301;0,3683619201183319;0,29201740026474;0,016241831704974174
1032;3569,718994140625;17,193031311035156;67294,4921875;1010,8478393554688;-839,1626586914062;-77,64445495605469;1,00108003616333;0,36622166633605957;0,2995312809944153;0,01664254255592823
1033;3569,718994140625;17,193031311035156;67294,4921875;1045,4599609375;-817,1026611328125;-81,20112609863281;0,9729689955711365;0,3650561571121216;0,29435819387435913;0,01631110906600952
1034;3569,718994140625;17,193031311035156;67294,4921875;1023,899169921875;-802,4627075195312;-79,6146469116211;0,943379282951355;0,3607345223426819;0,2882874011993408;0,015870586037635803
1035;3569,718994140625;17,193031311035156;67294,4921875;1068,2886962890625;-798,1529541015625;-80,21537017822266;0,9426730871200562;0,35586491227149963;0,2894425392150879;0,01584671251475811
1036;3569,718994140625;17,193031311035156;67294,4921875;1078,213623046875;-769,2774658203125;-84,54802703857422;0,9428390264511108;0,3524686098098755;0,29102542996406555;0,015862489119172096
1037;3569,718994140625;17,193031311035156;67294,4921875;1086,477783203125;-749,0056762695312;-84,19544219970703;0,8995614051818848;0,346660315990448;0,28087666630744934;0,015167719684541225
1038;3569,718994140625;17,193031311035156;67294,4921875;1115,4810791015625;-759,9003295898438;-87,55024719238281;0,9200605154037476;0,35208746790885925;0,28884783387184143;0,0157097727060318
1039;3569,718994140625;17,193031311035156;67294,4921875;1168,236328125;-734,2671508789062;-92,8720474243164;0,855036735534668;0,3406377136707306;0,2718780040740967;0,014513730071485043
1040;3569,718994140625;17,193031311035156;67294,4921875;1138,2310791015625;-717,8523559570312;-92,27740478515625;0,8848528861999512;0,34316354990005493;0,2818962633609772;0,015135753899812698
1041;3569,718994140625;17,193031311035156;67294,4921875;1197,859619140625;-700,048095703125;-95,44917297363281;0,8760581612586975;0,3424277603626251;0,28109654784202576;0,015066727995872498
1042;3569,718994140625;17,193031311035156;67294,4921875;1162,7376708984375;-669,2318115234375;-91,1037826538086;0,8631477952003479;0,33366408944129944;0,27808570861816406;0,014733252115547657
1043;3569,718994140625;17,193031311035156;67294,4921875;1195,0540771484375;-656,1997680664062;-95,40641021728516;0,8654901385307312;0,3343573212623596;0,2803455591201782;0,014867479912936687
1044;3569,718994140625;17,193031311035156;67294,4921875;1202,1744384765625;-639,4735717773438;-93,79157257080078;0,830891489982605;0,3264714479446411;0,2712061107158661;0,014209947548806667
1045;3569,718994140625;17,193031311035156;67294,4921875;1225,1104736328125;-622,5608520507812;-95,41832733154297;0,8523125648498535;0,32642364501953125;0,27852821350097656;0,014606001786887646
1046;3569,718994140625;17,193031311035156;67294,4921875;1229,745361328125;-613,740234375;-94,51632690429688;0,8342543244361877;0,3208141326904297;0,27403372526168823;0,014256441965699196
1047;3569,718994140625;17,193031311035156;67294,4921875;1198,8909912109375;-601,5847778320312;-94,01253509521484;0,8432524800300598;0,3257485330104828;0,2783399522304535;0,014596826396882534
1048;3569,718994140625;17,193031311035156;67294,4921875;1233,9952392578125;-589,9559326171875;-93,6225814819336;0,8207358717918396;0,3152574300765991;0,27174580097198486;0,014038821682333946
1049;3569,718994140625;17,193031311035156;67294,4921875;1254,814697265625;-570,09765625;-95,45369720458984;0,8244330286979675;0,31220316886901855;0,27340224385261536;0,014048963785171509
1050;3569,718994140625;17,193031311035156;67294,4921875;1204,170166015625;-550,6787719726562;-90,71598815917969;0,8070452213287354;0,307939738035202;0,2687522768974304;0,013755342923104763
1051;3569,718994140625;17,193031311035156;67294,4921875;1218,584716796875;-523,8045654296875;-93,28626251220703;0,8013814091682434;0,3019745349884033;0,26714831590652466;0,013525976799428463
1052;3569,718994140625;17,193031311035156;67294,4921875;1217,554931640625;-507,9103698730469;-91,19300079345703;0,8041205406188965;0,30080607533454895;0,26842379570007324;0,013560418970882893
1053;3569,718994140625;17,193031311035156;67294,4921875;1236,6363525390625;-469,55340576171875;-90,43242645263672;0,8020818829536438;0,2990242540836334;0,2681397497653961;0,013528889045119286
1054;3569,718994140625;17,193031311035156;67294,4921875;1150,7315673828125;-443,6860656738281;-85,35673522949219;0,8030972480773926;0,2979179620742798;0,2687097489833832;0,013543515466153622
1055;3569,718994140625;17,193031311035156;67294,4921875;1152,322998046875;-417,6046447753906;-85,4629135131836;0,7903953194618225;0,29185184836387634;0,26458296179771423;0,013202112168073654
1056;3569,718994140625;17,193031311035156;67294,4921875;1193,941650390625;-397,7927551269531;-87,31742858886719;0,8097497820854187;0,297507643699646;0,27104437351226807;0,013653312809765339
1057;3569,718994140625;17,193031311035156;67294,4921875;1164,9019775390625;-377,75189208984375;-82,84248352050781;0,7888308763504028;0,28849512338638306;0,2639613747596741;0,013132606633007526
1058;3569,718994140625;17,193031311035156;67294,4921875;1146,4193115234375;-339,39434814453125;-83,3365478515625;0,7986834645271301;0,29082170128822327;0,2670321464538574;0,013348097912967205
1059;3569,718994140625;17,193031311035156;67294,4921875;1143,7216796875;-315,705322265625;-82,1145248413086;0,7895057797431946;0,28628525137901306;0,2636338472366333;0,013068330474197865
1060;3569,718994140625;17,193031311035156;67294,4921875;1122,0145263671875;-288,679931640625;-79,73456573486328;0,8071333169937134;0,2927912771701813;0,2691556513309479;0,013425886631011963
1061;3569,718994140625;17,193031311035156;67294,4921875;1053,9747314453125;-255,08258056640625;-75,64907836914062;0,7744219303131104;0,2773939073085785;0,2575424015522003;0,012630593962967396
1062;3569,718994140625;17,193031311035156;67294,4921875;1066,575439453125;-225,78773498535156;-77,56590270996094;0,7978846430778503;0,2864150404930115;0,26479271054267883;0,013146269135177135
1063;3569,718994140625;17,193031311035156;67294,4921875;1034,614990234375;-218,28158569335938;-76,1804428100586;0,8060171008110046;0,2862694561481476;0,26655688881874084;0,013345025479793549
1064;3569,718994140625;17,193031311035156;67294,4921875;986,023681640625;-203,6760711669922;-72,40589141845703;0,7916312217712402;0,28344112634658813;0,26116743683815;0,012856361456215382
1065;3569,718994140625;17,193031311035156;67294,4921875;1016,8928833007812;-178,49386596679688;-70,0953140258789;0,8005624413490295;0,285534143447876;0,26310691237449646;0,01303801592439413
1066;3569,718994140625;17,193031311035156;67294,4921875;920,3958740234375;-170,6044158935547;-63,3328971862793;0,7992823123931885;0,2825219929218292;0,26146742701530457;0,012967088259756565
1067;3569,718994140625;17,193031311035156;67294,4921875;914,485107421875;-153,43902587890625;-63,993682861328125;0,8070558905601501;0,29212525486946106;0,26341351866722107;0,012995321303606033
1068;3569,718994140625;17,193031311035156;67294,4921875;907,030029296875;-140,49124145507812;-60,54154586791992;0,8033338785171509;0,2879365086555481;0,26074856519699097;0,012871159240603447
1069;3569,718994140625;17,193031311035156;67294,4921875;853,3799438476562;-110,78368377685547;-56,344200134277344;0,8190990090370178;0,29062092304229736;0,26428717374801636;0,013230015523731709
1070;3569,718994140625;17,193031311035156;67294,4921875;879,3994140625;-101,9132080078125;-59,570980072021484;0,8278632164001465;0,3003421723842621;0,2661951184272766;0,013309885747730732
1071;3569,718994140625;17,193031311035156;67294,4921875;847,1996459960938;-77,9517593383789;-55,12319564819336;0,8032516241073608;0,28273212909698486;0,2561034858226776;0,012674440629780293
1072;3569,718994140625;17,193031311035156;67294,4921875;799,8726196289062;-47,22087860107422;-54,831565856933594;0,8253672122955322;0,30200743675231934;0,26248008012771606;0,013059832155704498
1073;3569,718994140625;17,193031311035156;67294,4921875;794,9373779296875;-35,328147888183594;-52,66271209716797;0,8143426775932312;0,28431397676467896;0,2562210261821747;0,012787888757884502
1074;3569,718994140625;17,193031311035156;67294,4921875;800,4567260742188;-19,457305908203125;-52,98185348510742;0,8256153464317322;0,29629138112068176;0,25867900252342224;0,012940646149218082
1075;3569,718994140625;17,193031311035156;67294,4921875;760,5006713867188;9,02653694152832;-51,06825637817383;0,8250593543052673;0,28315091133117676;0,25568222999572754;0,012871467508375645
1076;3569,718994140625;17,193031311035156;67294,4921875;830,2091064453125;10,457161903381348;-55,325252532958984;0,8318195343017578;0,29479271173477173;0,25667402148246765;0,012922264635562897
1077;3569,718994140625;17,193031311035156;67294,4921875;772,8723754882812;55,36035919189453;-51,672367095947266;0,8526404500007629;0,3008972704410553;0,2610611617565155;0,013334657065570354
1078;3569,718994140625;17,193031311035156;67294,4921875;831,9450073242188;64,80640411376953;-55,35323715209961;0,8313130140304565;0,291808545589447;0,25249844789505005;0,012714265845716
1079;3569,718994140625;17,193031311035156;67294,4921875;754,1805419921875;99,10749816894531;-49,495628356933594;0,8430768847465515;0,30189791321754456;0,25459420680999756;0,012885424308478832
1080;3569,718994140625;17,193031311035156;67294,4921875;759,5574340820312;123,49021911621094;-50,564327239990234;0,8523410558700562;0,30724871158599854;0,2555831968784332;0,013004553504288197
1081;3569,718994140625;17,193031311035156;67294,4921875;736,5284423828125;145,68502807617188;-49,97153854370117;0,859022319316864;0,30391958355903625;0,25511568784713745;0,013068675063550472
1082;3569,718994140625;17,193031311035156;67294,4921875;761,2717895507812;140,4329376220703;-52,443641662597656;0,8539495468139648;0,3025112748146057;0,2516587972640991;0,012837549671530724
1083;3569,718994140625;17,193031311035156;67294,4921875;682,1967163085938;168,1888885498047;-44,867820739746094;0,8332791328430176;0,2750040590763092;0,24206076562404633;0,012213455513119698
1084;3569,718994140625;17,193031311035156;67294,4921875;684,2096557617188;186,05137634277344;-45,81996154785156;0,8631280660629272;0,3016604483127594;0,2501078248023987;0,012835093773901463
1085;3569,718994140625;17,193031311035156;67294,4921875;644,1912231445312;201,9093475341797;-45,30146789550781;0,8539031147956848;0,30205169320106506;0,2458503544330597;0,012505958788096905
1086;3569,718994140625;17,193031311035156;67294,4921875;645,6173706054688;219,18508911132812;-45,00392150878906;0,8737336993217468;0,3135657012462616;0,25005877017974854;0,012862371280789375
1087;3569,718994140625;17,193031311035156;67294,4921875;591,8140869140625;233,93295288085938;-40,27271270751953;0,8724587559700012;0,3021409511566162;0,24700090289115906;0,012711981311440468
1088;3569,718994140625;17,193031311035156;67294,4921875;533,0477294921875;249,49325561523438;-35,94641876220703;0,9056829214096069;0,3360097110271454;0,256443589925766;0,01337172370404005
1089;3569,718994140625;17,193031311035156;67294,4921875;580,3515014648438;255,400146484375;-39,68096923828125;0,9083439111709595;0,33553916215896606;0,255361407995224;0,013319803401827812
1090;3569,718994140625;17,193031311035156;67294,4921875;482,7153015136719;277,018798828125;-33,845008850097656;0,8945650458335876;0,32754912972450256;0,2496543526649475;0,012888474389910698
1091;3569,718994140625;17,193031311035156;67294,4921875;547,9531860351562;267,53363037109375;-37,95065689086914;0,8953248858451843;0,3286997079849243;0,24844898283481598;0,01278957724571228
1092;3569,718994140625;17,193031311035156;67294,4921875;537,7604370117188;263,9585876464844;-38,52863693237305;0,8872858285903931;0,31966063380241394;0,24436908960342407;0,012491699308156967
1093;3569,718994140625;17,193031311035156;67294,4921875;483,5595703125;293,6010437011719;-38,28192138671875;0,9100164771080017;0,34256041049957275;0,2505582869052887;0,012889117933809757
1094;3569,718994140625;17,193031311035156;67294,4921875;512,7890625;295,5881652832031;-36,34805679321289;0,9356048107147217;0,34953445196151733;0,25620222091674805;0,013355130329728127
1095;3569,718994140625;17,193031311035156;67294,4921875;481,2236022949219;308,60540771484375;-31,144975662231445;0,930457592010498;0,3368515968322754;0,2529188096523285;0,01312340795993805
1096;3569,718994140625;17,193031311035156;67294,4921875;485,0564880371094;320,5213623046875;-31,20810317993164;0,9571171998977661;0,3780941367149353;0,2617756724357605;0,01356508769094944
1097;3569,718994140625;17,193031311035156;67294,4921875;528,6680908203125;321,4474792480469;-33,57987594604492;0,9513217806816101;0,3519178628921509;0,25754013657569885;0,013357157818973064
1098;3569,718994140625;17,193031311035156;67294,4921875;484,3777160644531;338,45916748046875;-36,28994369506836;0,9834001064300537;0,3835764527320862;0,26714596152305603;0,01392580196261406
1099;3569,718994140625;17,193031311035156;67294,4921875;520,8704223632812;333,5021057128906;-34,47575378417969;0,9683265686035156;0,36646702885627747;0,2617405652999878;0,01349713932722807
1100;3569,718994140625;17,193031311035156;67294,4921875;461,6238708496094;348,07012939453125;-32,4061393737793;1,0059436559677124;0,39041781425476074;0,272340327501297;0,014183045364916325
1101;3569,718994140625;17,193031311035156;67294,4921875;471,46356201171875;346,3106994628906;-35,69924545288086;0,9760710597038269;0,3628016710281372;0,2629886865615845;0,013444792479276657
1102;3569,718994140625;17,193031311035156;67294,4921875;475,27667236328125;355,864013671875;-33,43906021118164;1,0299890041351318;0,3994012773036957;0,2787434756755829;0,014465046115219593
1103;3569,718994140625;17,193031311035156;67294,4921875;439,5562744140625;360,9495544433594;-29,350231170654297;1,0295835733413696;0,41218289732933044;0,2797415554523468;0,014310983940958977
1104;3569,718994140625;17,193031311035156;67294,4921875;464,229736328125;351,7860412597656;-29,421640396118164;1,0403728485107422;0,40272921323776245;0,282107412815094;0,01445817481726408
1105;3569,718994140625;17,193031311035156;67294,4921875;444,56671142578125;362,77899169921875;-29,031448364257812;1,0836840867996216;0,4311511516571045;0,2951826751232147;0,015217888168990612
1106;3569,718994140625;17,193031311035156;67294,4921875;429,1658630371094;362,79608154296875;-24,094274520874023;1,1059856414794922;0,45394816994667053;0,3028736710548401;0,015514405444264412
1107;3569,718994140625;17,193031311035156;67294,4921875;460,98931884765625;351,8755798339844;-28,812721252441406;1,0863896608352661;0,4251386523246765;0,2970963716506958;0,015065792016685009
1108;3569,718994140625;17,193031311035156;67294,4921875;439,5726623535156;351,35894775390625;-23,382925033569336;1,0874731540679932;0,41763171553611755;0,29799461364746094;0,014993581920862198
1109;3569,718994140625;17,193031311035156;67294,4921875;425,92132568359375;344,7833557128906;-24,20926856994629;1,1193177700042725;0,440435528755188;0,3085344135761261;0,01550485659390688
1110;3569,718994140625;17,193031311035156;67294,4921875;370,4477844238281;339,5428161621094;-21,058238983154297;1,162914514541626;0,4733448326587677;0,3227781057357788;0,016208572313189507
1111;3569,718994140625;17,193031311035156;67294,4921875;370,2774658203125;331,7272644042969;-17,480361938476562;1,1488544940948486;0,44586631655693054;0,3192999064922333;0,015889925882220268
1112;3569,718994140625;17,193031311035156;67294,4921875;348,02874755859375;340,4541320800781;-15,925610542297363;1,1913570165634155;0,4704817235469818;0,3331964910030365;0,016591276973485947
1113;3569,718994140625;17,193031311035156;67294,4921875;338,753662109375;340,7313537597656;-11,678160667419434;1,2125335931777954;0,48379021883010864;0,34115731716156006;0,016874609515070915
1114;3569,718994140625;17,193031311035156;67294,4921875;365,9859924316406;326,7903137207031;-11,203415870666504;1,1781502962112427;0,44912686944007874;0,33256155252456665;0,016172176226973534
1115;3569,718994140625;17,193031311035156;67294,4921875;324,1133117675781;335,72906494140625;-13,852532386779785;1,2717710733413696;0,5075133442878723;0,36195382475852966;0,017781268805265427
1116;3569,718994140625;17,193031311035156;67294,4921875;315,6753845214844;334,643310546875;-8,904478073120117;1,2757296562194824;0,4837739169597626;0,3645099699497223;0,017818700522184372
1117;3569,718994140625;17,193031311035156;67294,4921875;275,2073974609375;334,6885986328125;-3,842402219772339;1,293959379196167;0,5048991441726685;0,37247028946876526;0,018025727942585945
1118;3569,718994140625;17,193031311035156;67294,4921875;256,01300048828125;320,8460998535156;-0,4730639159679413;1,2655993700027466;0,4851147532463074;0,3664449453353882;0,017432954162359238
1119;3569,718994140625;17,193031311035156;67294,4921875;242,301513671875;311,544189453125;-1,4031985998153687;1,2855710983276367;0,47947198152542114;0,3744407892227173;0,017746351659297943
1120;3569,718994140625;17,193031311035156;67294,4921875;228,29542541503906;300,49822998046875;0,3597736954689026;1,271707534790039;0,4785008430480957;0,37295156717300415;0,017394138500094414
1121;3569,718994140625;17,193031311035156;67294,4921875;180,6529541015625;297,131591796875;0,3658832609653473;1,327742576599121;0,49992674589157104;0,3919813632965088;0,01832648180425167
1122;3569,718994140625;17,193031311035156;67294,4921875;117,6131362915039;293,51104736328125;12,15123176574707;1,3906949758529663;0,5486364960670471;0,4133853018283844;0,01923060044646263
1123;3569,718994140625;17,193031311035156;67294,4921875;193,6273193359375;268,9701843261719;2,0962789058685303;1,3022433519363403;0,48634812235832214;0,38948172330856323;0,01770278625190258
1124;3569,718994140625;17,193031311035156;67294,4921875;160,77627563476562;269,69659423828125;2,471372127532959;1,363306999206543;0,5018828511238098;0,41038578748703003;0,01874726079404354
1125;3569,718994140625;17,193031311035156;67294,4921875;103,97867584228516;251,38577270507812;3,025106430053711;1,3444839715957642;0,4943971633911133;0,4072760343551636;0,018329646438360214
1126;3569,718994140625;17,193031311035156;67294,4921875;113,44821166992188;240,18785095214844;9,045506477355957;1,288605809211731;0,43592169880867004;0,39328116178512573;0,017380693927407265
1127;3569,718994140625;17,193031311035156;67294,4921875;110,50115966796875;220,71487426757812;7,841468811035156;1,4233357906341553;0,5172110795974731;0,436482697725296;0,01958535425364971
1128;3569,718994140625;17,193031311035156;67294,4921875;131,4187469482422;205,76646423339844;10,467975616455078;1,3724757432937622;0,4822686016559601;0,4237109124660492;0,01869790628552437
1129;3569,718994140625;17,193031311035156;67294,4921875;141,21449279785156;188,48573303222656;6,303040504455566;1,3541890382766724;0,45990118384361267;0,42093586921691895;0,018373548984527588
1130;3569,718994140625;17,193031311035156;67294,4921875;164,19198608398438;160,9977569580078;8,978449821472168;1,3680415153503418;0,45004698634147644;0,4281807243824005;0,018594520166516304
1131;3569,718994140625;17,193031311035156;67294,4921875;166,4829864501953;143,0744171142578;9,906188011169434;1,4399172067642212;0,5058193802833557;0,45175638794898987;0,019658531993627548
1132;3569,718994140625;17,193031311035156;67294,4921875;141,0186004638672;124,06706237792969;7,260519981384277;1,466026782989502;0,49871841073036194;0,4630131423473358;0,0201403871178627
1133;3569,718994140625;17,193031311035156;67294,4921875;156,2766571044922;124,30313110351562;9,54444408416748;1,4555050134658813;0,4914664328098297;0,4620743691921234;0,019923385232686996
1134;3569,718994140625;17,193031311035156;67294,4921875;195,0904541015625;78,7040786743164;3,8389875888824463;1,4714908599853516;0,5013080835342407;0,4688931107521057;0,020107248798012733
1135;3569,718994140625;17,193031311035156;67294,4921875;168,49168395996094;54,0400276184082;9,166797637939453;1,4553110599517822;0,4850825071334839;0,46643245220184326;0,01985541358590126
1136;3569,718994140625;17,193031311035156;67294,4921875;156,0448455810547;21,674814224243164;8,05355167388916;1,5252227783203125;0,4974195063114166;0,491695761680603;0,02106272242963314
1137;3569,718994140625;17,193031311035156;67294,4921875;138,9661102294922;-0,7132009863853455;12,269680976867676;1,5459794998168945;0,5150186419487;0,49904343485832214;0,02128557674586773
1138;3569,718994140625;17,193031311035156;67294,4921875;101,69444274902344;-8,260968208312988;9,022972106933594;1,552646279335022;0,5127360820770264;0,5032134652137756;0,021387921646237373
1139;3569,718994140625;17,193031311035156;67294,4921875;126,0081787109375;-28,54331398010254;12,00269603729248;1,4954981803894043;0,4850940704345703;0,48718035221099854;0,020473085343837738
1140;3569,718994140625;17,193031311035156;67294,4921875;119,85179901123047;-40,41609573364258;6,786930084228516;1,4639796018600464;0,47123751044273376;0,4786778688430786;0,01994471810758114
1141;3569,718994140625;17,193031311035156;67294,4921875;116,56355285644531;-67,90267944335938;7,328965187072754;1,545483112335205;0,5079166293144226;0,5043480396270752;0,021091323345899582
1142;3569,718994140625;17,193031311035156;67294,4921875;133,62355041503906;-83,96631622314453;11,909724235534668;1,5108962059020996;0,48655807971954346;0,4958173334598541;0,020651990547776222
1143;3569,718994140625;17,193031311035156;67294,4921875;118,8023681640625;-115,12142944335938;10,990987777709961;1,4770904779434204;0,4665604531764984;0,48774972558021545;0,020223300904035568
1144;3569,718994140625;17,193031311035156;67294,4921875;65,00253295898438;-135,79290771484375;12,898650169372559;1,5113013982772827;0,480104923248291;0,4988018870353699;0,020722774788737297
1145;3569,718994140625;17,193031311035156;67294,4921875;78,4059829711914;-146,0811004638672;12,464319229125977;1,5490083694458008;0,4904923141002655;0,5121222138404846;0,021367797628045082
1146;3569,718994140625;17,193031311035156;67294,4921875;190,41969299316406;-174,69873046875;7,121142864227295;1,4952688217163086;0,470125675201416;0,496351420879364;0,020566731691360474
1147;3569,718994140625;17,193031311035156;67294,4921875;171,91522216796875;-210,69375610351562;4,005209445953369;1,562839150428772;0,49297860264778137;0,5175045728683472;0,02159876562654972
1148;3569,718994140625;17,193031311035156;67294,4921875;186,74462890625;-227,75115966796875;1,9872277975082397;1,6154435873031616;0,5087794065475464;0,5347069501876831;0,02245427668094635
1149;3569,718994140625;17,193031311035156;67294,4921875;199,59603881835938;-219,64419555664062;6,960929870605469;1,501684546470642;0,47193390130996704;0,49943962693214417;0,020732227712869644
1150;3569,718994140625;17,193031311035156;67294,4921875;194,99319458007812;-254,1863250732422;2,164435625076294;1,5754693746566772;0,49288544058799744;0,5185939073562622;0,02153572253882885
1151;3569,718994140625;17,193031311035156;67294,4921875;96,37689208984375;-291,085693359375;6,876843452453613;1,5467767715454102;0,48432114720344543;0,5114976167678833;0,02133876085281372
1152;3569,718994140625;17,193031311035156;67294,4921875;153,15115356445312;-288,2925720214844;2,419952154159546;1,5798530578613281;0,4969013035297394;0,5241847038269043;0,02209503948688507
1153;3569,718994140625;17,193031311035156;67294,4921875;223,68653869628906;-317,8671875;-0,7894047498703003;1,548995852470398;0,48536139726638794;0,5120424032211304;0,02150365710258484
1154;3569,718994140625;17,193031311035156;67294,4921875;187,20960998535156;-338,04388427734375;0,828376829624176;1,5416959524154663;0,47956597805023193;0,5071480870246887;0,02125386893749237
1155;3569,718994140625;17,193031311035156;67294,4921875;226,5396728515625;-346,5302734375;2,609701633453369;1,5340417623519897;0,48178189992904663;0,5057864189147949;0,021349426358938217
1156;3569,718994140625;17,193031311035156;67294,4921875;219,94512939453125;-365,5511779785156;1,1220014095306396;1,5500192642211914;0,4799824059009552;0,5072832703590393;0,02141077257692814
1157;3569,718994140625;17,193031311035156;67294,4921875;228,1241455078125;-368,7045593261719;3,4297142028808594;1,592760682106018;0,4943174421787262;0,5204070210456848;0,02222229726612568
1158;3569,718994140625;17,193031311035156;67294,4921875;219,97608947753906;-389,7020263671875;-1,4990649223327637;1,5471235513687134;0,480102002620697;0,5040374398231506;0,021486496552824974
1159;3569,718994140625;17,193031311035156;67294,4921875;212,5590362548828;-405,1624755859375;-5,6696391105651855;1,5651594400405884;0,4870932102203369;0,5086378455162048;0,0218758936971426
1160;3569,718994140625;17,193031311035156;67294,4921875;247,7070770263672;-423,29364013671875;-0,7790783643722534;1,5733307600021362;0,495457261800766;0,5109521150588989;0,02219812199473381
1161;3569,718994140625;17,193031311035156;67294,4921875;258,5084533691406;-440,6329040527344;-0,6866008043289185;1,5207748413085938;0,47443777322769165;0,4906995892524719;0,021217897534370422
1162;3569,718994140625;17,193031311035156;67294,4921875;247,392822265625;-463,0789794921875;-0,7929452061653137;1,5932505130767822;0,4896714389324188;0,5100895166397095;0,02232683077454567
1163;3569,718994140625;17,193031311035156;67294,4921875;274,6026916503906;-482,91015625;-10,913158416748047;1,5286725759506226;0,48459020256996155;0,49049437046051025;0,02160627767443657
1164;3569,718994140625;17,193031311035156;67294,4921875;293,79150390625;-501,9041442871094;-5,644886016845703;1,5878424644470215;0,48834922909736633;0,5036013126373291;0,0223397109657526
1165;3569,718994140625;17,193031311035156;67294,4921875;338,0965576171875;-524,476806640625;-8,863446235656738;1,5095632076263428;0,4722166657447815;0,4779074192047119;0,021211225539445877
1166;3569,718994140625;17,193031311035156;67294,4921875;369,39794921875;-543,7394409179688;-10,83354663848877;1,5311528444290161;0,4916471242904663;0,4845970869064331;0,021889185532927513
1167;3569,718994140625;17,193031311035156;67294,4921875;348,0006408691406;-575,9751586914062;-15,210665702819824;1,4630471467971802;0,47655990719795227;0,46161529421806335;0,020863981917500496
1168;3569,718994140625;17,193031311035156;67294,4921875;426,958984375;-601,8603515625;-19,41266632080078;1,4790514707565308;0,46960923075675964;0,4613490402698517;0,020953645929694176
1169;3569,718994140625;17,193031311035156;67294,4921875;408,46978759765625;-639,1781616210938;-17,73819351196289;1,5567134618759155;0,4817945659160614;0,48012077808380127;0,022121518850326538
1170;3569,718994140625;17,193031311035156;67294,4921875;475,84423828125;-660,1618041992188;-25,92563247680664;1,495855689048767;0,4741188883781433;0,4603680670261383;0,021332764998078346
1171;3569,718994140625;17,193031311035156;67294,4921875;506,53411865234375;-689,34326171875;-29,64105224609375;1,4961262941360474;0,4692474901676178;0,4564398229122162;0,021290743723511696
1172;3569,718994140625;17,193031311035156;67294,4921875;601,0297241210938;-707,4126586914062;-34,57798385620117;1,468044400215149;0,4654395878314972;0,4456673562526703;0,020944861695170403
1173;3569,718994140625;17,193031311035156;67294,4921875;623,7000122070312;-736,13671875;-37,82447052001953;1,46379554271698;0,46764183044433594;0,4418782591819763;0,020996101200580597
1174;3569,718994140625;17,193031311035156;67294,4921875;671,2385864257812;-752,9730224609375;-39,8328857421875;1,4236998558044434;0,4727271497249603;0,42986467480659485;0,020666787400841713
1175;3569,718994140625;17,193031311035156;67294,4921875;662,0313720703125;-789,435791015625;-42,039161682128906;1,4247064590454102;0,46368712186813354;0,42542850971221924;0,020572595298290253
1176;3569,718994140625;17,193031311035156;67294,4921875;747,5963745117188;-791,8656616210938;-47,17973709106445;1,4204143285751343;0,46450352668762207;0,4214746952056885;0,020599830895662308
1177;3569,718994140625;17,193031311035156;67294,4921875;741,0940551757812;-814,8714599609375;-47,354923248291016;1,436757206916809;0,454860657453537;0,42073944211006165;0,020675504580140114
1178;3569,718994140625;17,193031311035156;67294,4921875;793,6957397460938;-843,0723876953125;-53,57987594604492;1,4056360721588135;0,4643263816833496;0,41193583607673645;0,02055194228887558
1179;3569,718994140625;17,193031311035156;67294,4921875;810,4519653320312;-869,8632202148438;-53,48617172241211;1,406685471534729;0,45875611901283264;0,40835195779800415;0,02053256332874298
1180;3569,718994140625;17,193031311035156;67294,4921875;840,816162109375;-884,3173217773438;-55,772987365722656;1,3895752429962158;0,45507773756980896;0,40092259645462036;0,020325440913438797
1181;3569,718994140625;17,193031311035156;67294,4921875;894,864990234375;-895,5325317382812;-59,571006774902344;1,371405005455017;0,450715035200119;0,3932878077030182;0,020092438906431198
1182;3569,718994140625;17,193031311035156;67294,4921875;946,0175170898438;-904,1937866210938;-65,23751831054688;1,349196195602417;0,4447456896305084;0,3846339285373688;0,019777964800596237
1183;3569,718994140625;17,193031311035156;67294,4921875;872,8536987304688;-929,7037353515625;-62,29232406616211;1,3617749214172363;0,4449029266834259;0,3851659297943115;0,020024536177515984
1184;3569,718994140625;17,193031311035156;67294,4921875;932,4266967773438;-930,839599609375;-67,14857482910156;1,3467673063278198;0,44259434938430786;0,3790992796421051;0,019877219572663307
1185;3569,718994140625;17,193031311035156;67294,4921875;900,8603515625;-933,3129272460938;-62,978729248046875;1,3011298179626465;0,43644917011260986;0,36566904187202454;0,01926240883767605
1186;3569,718994140625;17,193031311035156;67294,4921875;944,8132934570312;-941,000244140625;-68,0455551147461;1,2951091527938843;0,42599356174468994;0,3607555031776428;0,01906200312077999
1187;3569,718994140625;17,193031311035156;67294,4921875;927,3709716796875;-954,6739501953125;-68,30194854736328;1,2760357856750488;0,4282653331756592;0,35515856742858887;0,01896250620484352
1188;3569,718994140625;17,193031311035156;67294,4921875;919,7705688476562;-956,165283203125;-66,46891784667969;1,2480535507202148;0,4242876172065735;0,3467850387096405;0,018614450469613075
1189;3569,718994140625;17,193031311035156;67294,4921875;866,693359375;-969,0883178710938;-64,13247680664062;1,270524024963379;0,4254602789878845;0,3506898283958435;0,019034063443541527
1190;3569,718994140625;17,193031311035156;67294,4921875;970,3072509765625;-943,77734375;-70,43624877929688;1,2029809951782227;0,419483482837677;0,33368247747421265;0,0181235671043396
1191;3569,718994140625;17,193031311035156;67294,4921875;925,3660278320312;-943,7689208984375;-67,99610137939453;1,2728486061096191;0,4172159731388092;0,34792181849479675;0,01909950189292431
1192;3569,718994140625;17,193031311035156;67294,4921875;918,3348999023438;-934,1743774414062;-67,18907928466797;1,219870686531067;0,4184146225452423;0,3356984853744507;0,018541451543569565
1193;3569,718994140625;17,193031311035156;67294,4921875;952,4593505859375;-911,8322143554688;-70,4439926147461;1,2259811162948608;0,4094257950782776;0,33518561720848083;0,01853778213262558
1194;3569,718994140625;17,193031311035156;67294,4921875;946,4317016601562;-901,118896484375;-70,40164184570312;1,1964468955993652;0,4131420850753784;0,32898712158203125;0,01834118738770485
1195;3569,718994140625;17,193031311035156;67294,4921875;928,4093017578125;-897,3567504882812;-70,02992248535156;1,1909465789794922;0,41627037525177;0,32822185754776;0,018449939787387848
1196;3569,718994140625;17,193031311035156;67294,4921875;971,6915283203125;-881,4564819335938;-73,34303283691406;1,1857025623321533;0,4044480323791504;0,32539355754852295;0,01823858544230461
1197;3569,718994140625;17,193031311035156;67294,4921875;983,6209106445312;-881,58935546875;-74,6610107421875;1,1646301746368408;0,4083144962787628;0,321682870388031;0,01815752312541008
1198;3569,718994140625;17,193031311035156;67294,4921875;1014,402099609375;-873,0650024414062;-78,35897064208984;1,1625611782073975;0,399712473154068;0,32047808170318604;0,018057968467473984
1199;3569,718994140625;17,193031311035156;67294,4921875;1043,3101806640625;-865,8616333007812;-80,95670318603516;1,1754753589630127;0,4005090296268463;0,32427653670310974;0,018373534083366394
1200;3569,718994140625;17,193031311035156;67294,4921875;1121,959228515625;-843,820556640625;-87,07559204101562;1,121934175491333;0,3987659215927124;0,31290820240974426;0,017718680202960968
1201;3569,718994140625;17,193031311035156;67294,4921875;1064,8970947265625;-858,9223022460938;-84,59612274169922;1,1659185886383057;0,39606335759162903;0,32361650466918945;0,01838652230799198
1202;3569,718994140625;17,193031311035156;67294,4921875;1116,3050537109375;-852,4458618164062;-89,99453735351562;1,1554337739944458;0,4015955328941345;0,3233703672885895;0,01849685050547123
1203;3569,718994140625;17,193031311035156;67294,4921875;1172,097412109375;-840,152099609375;-94,06583404541016;1,1319775581359863;0,3926197290420532;0,3181590735912323;0,018088608980178833
1204;3569,718994140625;17,193031311035156;67294,4921875;1207,1551513671875;-850,2413330078125;-97,57984161376953;1,1146832704544067;0,3845118284225464;0,3146102726459503;0,01777779497206211
1205;3569,718994140625;17,193031311035156;67294,4921875;1222,5308837890625;-849,0917358398438;-100,50988006591797;1,0788989067077637;0,39328649640083313;0,3092140257358551;0,01760108396410942
1206;3569,718994140625;17,193031311035156;67294,4921875;1266,822265625;-851,943359375;-105,11283111572266;1,083781123161316;0,38672566413879395;0,3112349212169647;0,017645055428147316
1207;3569,718994140625;17,193031311035156;67294,4921875;1293,4393310546875;-848,7291259765625;-105,99270629882812;1,110567331314087;0,38872265815734863;0,3198734223842621;0,018193457275629044
1208;3569,718994140625;17,193031311035156;67294,4921875;1275,1727294921875;-865,76708984375;-105,9602279663086;1,0622742176055908;0,3823876678943634;0,3094180226325989;0,01747928000986576
1209;3569,718994140625;17,193031311035156;67294,4921875;1304,3697509765625;-858,6890869140625;-108,34724426269531;1,0485997200012207;0,3820149600505829;0,30811211466789246;0,017392845824360847
1210;3569,718994140625;17,193031311035156;67294,4921875;1317,735107421875;-862,6339721679688;-108,41168975830078;1,0458712577819824;0,37601009011268616;0,3087509572505951;0,01732727140188217
1211;3569,718994140625;17,193031311035156;67294,4921875;1326,55615234375;-855,6382446289062;-108,63008117675781;1,0257772207260132;0,37982577085494995;0,306435227394104;0,01724230870604515
1212;3569,718994140625;17,193031311035156;67294,4921875;1355,112548828125;-848,3636474609375;-112,2372817993164;0,9713582396507263;0,3674602508544922;0,2932736575603485;0,01626032404601574
1213;3569,718994140625;17,193031311035156;67294,4921875;1362,39404296875;-842,3045043945312;-113,56553649902344;0,9588484168052673;0,3644218146800995;0,2917640805244446;0,016111595556139946
1214;3569,718994140625;17,193031311035156;67294,4921875;1363,9649658203125;-849,3458251953125;-111,1231918334961;0,9563843607902527;0,3607156276702881;0,2926980257034302;0,01609385572373867
1215;3569,718994140625;17,193031311035156;67294,4921875;1412,2142333984375;-850,0526123046875;-115,94232940673828;0,9253524541854858;0,35507234930992126;0,2859821617603302;0,015595448203384876
1216;3569,718994140625;17,193031311035156;67294,4921875;1411,502685546875;-844,3053588867188;-113,73904418945312;0,9324400424957275;0,34928765892982483;0,28907570242881775;0,015657547861337662
1217;3569,718994140625;17,193031311035156;67294,4921875;1413,354248046875;-833,8673706054688;-115,08856964111328;0,9023515582084656;0,3517753779888153;0,2834119498729706;0,015364919789135456
1218;3569,718994140625;17,193031311035156;67294,4921875;1411,625732421875;-834,5093994140625;-114,4924087524414;0,9058090448379517;0,344672828912735;0,28530561923980713;0,015339558012783527
1219;3569,718994140625;17,193031311035156;67294,4921875;1441,9559326171875;-815,0501098632812;-117,33478546142578;0,8739007711410522;0,3345829248428345;0,2772890329360962;0,014689034782350063
1220;3569,718994140625;17,193031311035156;67294,4921875;1431,4844970703125;-801,2613525390625;-114,9373779296875;0,8470375537872314;0,3347797691822052;0,2717495262622833;0,014373044483363628
1221;3569,718994140625;17,193031311035156;67294,4921875;1430,77294921875;-790,79638671875;-112,99369812011719;0,8378468751907349;0,32456791400909424;0,26956644654273987;0,01405523531138897
1222;3569,718994140625;17,193031311035156;67294,4921875;1431,740234375;-769,6661987304688;-114,00830841064453;0,8518815040588379;0,3313949406147003;0,27580803632736206;0,014537042006850243
1223;3569,718994140625;17,193031311035156;67294,4921875;1441,063232421875;-764,8677978515625;-114,23779296875;0,8243638277053833;0,32259228825569153;0,26856791973114014;0,013966334983706474
1224;3569,718994140625;17,193031311035156;67294,4921875;1439,484375;-751,60302734375;-114,096435546875;0,8343687057495117;0,3226777911186218;0,27273091673851013;0,014199493452906609
1225;3569,718994140625;17,193031311035156;67294,4921875;1414,5286865234375;-742,3456420898438;-109,3561019897461;0,815007746219635;0,3165428936481476;0,26782605051994324;0,013816394843161106
1226;3569,718994140625;17,193031311035156;67294,4921875;1446,8419189453125;-720,4639892578125;-114,77210998535156;0,8355492353439331;0,31963247060775757;0,2751927375793457;0,014276637695729733
1227;3569,718994140625;17,193031311035156;67294,4921875;1425,3658447265625;-703,8031005859375;-113,26424407958984;0,8366816639900208;0,3183079659938812;0,27646610140800476;0,01431968342512846
1228;3569,718994140625;17,193031311035156;67294,4921875;1408,6942138671875;-680,68408203125;-110,98934173583984;0,8020926117897034;0,3082699477672577;0,26636987924575806;0,013604100793600082
1229;3569,718994140625;17,193031311035156;67294,4921875;1418,9195556640625;-657,1011962890625;-113,86136627197266;0,8170723915100098;0,3091120719909668;0,27163445949554443;0,013891221024096012
1230;3569,718994140625;17,193031311035156;67294,4921875;1414,5911865234375;-624,25634765625;-112,04412078857422;0,8059357404708862;0,30332139134407043;0,26851019263267517;0,013606835156679153
1231;3569,718994140625;17,193031311035156;67294,4921875;1382,153076171875;-593,471923828125;-107,86479187011719;0,806696355342865;0,3033008575439453;0,2693822681903839;0,013691484928131104
1232;3569,718994140625;17,193031311035156;67294,4921875;1311,52978515625;-569,595947265625;-102,08902740478516;0,8003050088882446;0,2977292835712433;0,26739856600761414;0,013421665877103806
1233;3569,718994140625;17,193031311035156;67294,4921875;1290,534423828125;-530,8159790039062;-100,97393798828125;0,80812007188797;0,30008071660995483;0,2703755497932434;0,013688718900084496
1234;3569,718994140625;17,193031311035156;67294,4921875;1273,47216796875;-488,45257568359375;-102,44307708740234;0,8260445594787598;0,3048990070819855;0,27645143866539;0,0141036007553339
1235;3569,718994140625;17,193031311035156;67294,4921875;1245,654052734375;-453,4998474121094;-98,44515991210938;0,8203809261322021;0,30154842138290405;0,2746146321296692;0,01399043295532465
1236;3569,718994140625;17,193031311035156;67294,4921875;1214,50537109375;-412,9314880371094;-93,29310607910156;0,8087853789329529;0,29571104049682617;0,27061307430267334;0,013663665391504765
1237;3569,718994140625;17,193031311035156;67294,4921875;1176,6224365234375;-366,1415100097656;-90,32597351074219;0,7969669699668884;0,29042598605155945;0,26643848419189453;0,013269108720123768
1238;3569,718994140625;17,193031311035156;67294,4921875;1151,62353515625;-330,72235107421875;-85,99260711669922;0,8148722648620605;0,2951638996601105;0,2720606029033661;0,013742576353251934
1239;3569,718994140625;17,193031311035156;67294,4921875;1108,854248046875;-296,78826904296875;-82,99855041503906;0,8215540051460266;0,2970287501811981;0,27386829257011414;0,013843739405274391
1240;3569,718994140625;17,193031311035156;67294,4921875;1044,541015625;-264,7112121582031;-77,12957000732422;0,8176421523094177;0,294659823179245;0,27200543880462646;0,013699306175112724
1241;3569,718994140625;17,193031311035156;67294,4921875;1045,9307861328125;-233,16659545898438;-76,59239959716797;0,8131437301635742;0,29347363114356995;0,26992836594581604;0,013498079963028431
1242;3569,718994140625;17,193031311035156;67294,4921875;992,9332275390625;-210,33729553222656;-69,5621566772461;0,7979623079299927;0,28467828035354614;0,26392629742622375;0,013114802539348602
1243;3569,718994140625;17,193031311035156;67294,4921875;1001,6251831054688;-197,7294921875;-69,51506805419922;0,8075425624847412;0,289116770029068;0,2663313150405884;0,013269199058413506
1244;3569,718994140625;17,193031311035156;67294,4921875;909,209228515625;-172,35897827148438;-65,03253173828125;0,8063032627105713;0,2854921817779541;0,26472246646881104;0,013211522251367569
1245;3569,718994140625;17,193031311035156;67294,4921875;942,903564453125;-161,32139587402344;-67,22251892089844;0,8281192183494568;0,30011457204818726;0,2713240683078766;0,013595140539109707
1246;3569,718994140625;17,193031311035156;67294,4921875;945,1867065429688;-147,92564392089844;-64,7725830078125;0,8369083404541016;0,3021676242351532;0,2729012966156006;0,01376659981906414
1247;3569,718994140625;17,193031311035156;67294,4921875;914,7588500976562;-126,322265625;-64,97676086425781;0,8188608288764954;0,294828325510025;0,2656657099723816;0,013242499902844429
1248;3569,718994140625;17,193031311035156;67294,4921875;946,1591186523438;-120,15099334716797;-67,9214859008789;0,8098828792572021;0,2859334945678711;0,26092347502708435;0,012987034395337105
1249;3569,718994140625;17,193031311035156;67294,4921875;905,5280151367188;-108,86564636230469;-65,13307189941406;0,8028755784034729;0,28302139043807983;0,25717997550964355;0,01272408664226532
1250;3569,718994140625;17,193031311035156;67294,4921875;935,2662353515625;-99,63439178466797;-68,0660171508789;0,8393445014953613;0,2973526418209076;0,2673706114292145;0,013546004891395569
1251;3569,718994140625;17,193031311035156;67294,4921875;931,6317138671875;-97,39400482177734;-66,34456634521484;0,8398676514625549;0,3002627193927765;0,2660701870918274;0,013453640043735504
1252;3569,718994140625;17,193031311035156;67294,4921875;937,1624145507812;-82,38430786132812;-67,65299987792969;0,8365845084190369;0,3035229742527008;0,2636439800262451;0,013250770978629589
1253;3569,718994140625;17,193031311035156;67294,4921875;919,7347412109375;-62,56098175048828;-64,81697845458984;0,844662070274353;0,30103060603141785;0,26391950249671936;0,013388081453740597
1254;3569,718994140625;17,193031311035156;67294,4921875;924,2853393554688;-50,78764343261719;-66,19629669189453;0,8395990133285522;0,30267301201820374;0,26074740290641785;0,013149507343769073
1255;3569,718994140625;17,193031311035156;67294,4921875;907,5081176757812;-23,172391891479492;-62,90021514892578;0,8270099759101868;0,28902724385261536;0,25421378016471863;0,012768403626978397
1256;3569,718994140625;17,193031311035156;67294,4921875;884,8113403320312;-2,413539171218872;-61,838592529296875;0,8595134615898132;0,31117430329322815;0,2630871832370758;0,013434486463665962
1257;3569,718994140625;17,193031311035156;67294,4921875;875,618896484375;13,3571138381958;-61,384124755859375;0,8442434072494507;0,30301982164382935;0,25621357560157776;0,012965955771505833
1258;3569,718994140625;17,193031311035156;67294,4921875;853,3311157226562;28,922042846679688;-59,36056137084961;0,8374332189559937;0,3013114631175995;0,25222426652908325;0,012689989991486073
1259;3569,718994140625;17,193031311035156;67294,4921875;840,82275390625;45,20721435546875;-57,972957611083984;0,8508774638175964;0,29733842611312866;0,2535255253314972;0,012922819703817368
1260;3569,718994140625;17,193031311035156;67294,4921875;854,5804443359375;54,52598571777344;-57,96694564819336;0,8442460894584656;0,30603542923927307;0,25045374035835266;0,012634500861167908
1261;3569,718994140625;17,193031311035156;67294,4921875;830,6016845703125;78,57747650146484;-56,35708999633789;0,8541560173034668;0,3002741038799286;0,25061702728271484;0,012778706848621368
1262;3569,718994140625;17,193031311035156;67294,4921875;810,2371826171875;96,5995864868164;-56,458919525146484;0,8629119396209717;0,3173985779285431;0,2523464262485504;0,012854584492743015
1263;3569,718994140625;17,193031311035156;67294,4921875;805,7269287109375;114,76385498046875;-56,400726318359375;0,8802024126052856;0,31131190061569214;0,2543719410896301;0,013164795935153961
1264;3569,718994140625;17,193031311035156;67294,4921875;777,1644287109375;134,93096923828125;-55,0202751159668;0,8792633414268494;0,30765751004219055;0,25188207626342773;0,013023572973906994
1265;3569,718994140625;17,193031311035156;67294,4921875;749,018798828125;154,33448791503906;-54,12747573852539;0,8804211020469666;0,3123505413532257;0,2506740987300873;0,012937560677528381
1266;3569,718994140625;17,193031311035156;67294,4921875;728,96435546875;168,29991149902344;-52,37578582763672;0,8892343044281006;0,3303147852420807;0,2525791823863983;0,013016710057854652
1267;3569,718994140625;17,193031311035156;67294,4921875;763,0823974609375;169,60455322265625;-54,60166931152344;0,9325183629989624;0,3473680317401886;0,2631184160709381;0,013896756805479527
1268;3569,718994140625;17,193031311035156;67294,4921875;721,0826416015625;185,5122528076172;-51,92692565917969;0,9092815518379211;0,32538577914237976;0,2537711262702942;0,01324987132102251
1269;3569,718994140625;17,193031311035156;67294,4921875;723,4580078125;198,01553344726562;-54,28605651855469;0,9072002172470093;0,3393567204475403;0,252820760011673;0,013081180863082409
1270;3569,718994140625;17,193031311035156;67294,4921875;677,5422973632812;225,1891632080078;-50,013370513916016;0,9010745882987976;0,3270639479160309;0,24884022772312164;0,012831214815378189
1271;3569,718994140625;17,193031311035156;67294,4921875;635,4986572265625;246,44015502929688;-46,601646423339844;0,906299352645874;0,32762131094932556;0,24884043633937836;0,012833028100430965
1272;3569,718994140625;17,193031311035156;67294,4921875;657,64697265625;258,798583984375;-46,9961051940918;0,9495689868927002;0,35347703099250793;0,2602749168872833;0,013685009442269802
1273;3569,718994140625;17,193031311035156;67294,4921875;692,9336547851562;265,6986083984375;-50,11692810058594;0,9504735469818115;0,34800246357917786;0,2589395046234131;0,013584671542048454
1274;3569,718994140625;17,193031311035156;67294,4921875;656,0907592773438;289,29278564453125;-50,19578552246094;0,9625813364982605;0,3708256781101227;0,26271897554397583;0,013725738041102886
1275;3569,718994140625;17,193031311035156;67294,4921875;638,3485717773438;311,43572998046875;-48,0882568359375;0,9337911009788513;0,34583190083503723;0,25296032428741455;0,012984078377485275
1276;3569,718994140625;17,193031311035156;67294,4921875;616,815185546875;324,43017578125;-48,67423629760742;0,9487706422805786;0,347059041261673;0,2560485899448395;0,01320001669228077
1277;3569,718994140625;17,193031311035156;67294,4921875;638,9588623046875;336,52764892578125;-48,45274353027344;0,9833336472511292;0,37469667196273804;0,26599520444869995;0,013830249197781086
1278;3569,718994140625;17,193031311035156;67294,4921875;661,8194580078125;333,5819091796875;-50,105682373046875;0,9855234026908875;0,37408310174942017;0,2661290168762207;0,01376105472445488
1279;3569,718994140625;17,193031311035156;67294,4921875;701,1589965820312;335,85101318359375;-51,15744400024414;1,074366807937622;0,4377933740615845;0,2921607196331024;0,015472025610506535
1280;3569,718994140625;17,193031311035156;67294,4921875;701,7064208984375;346,17559814453125;-52,70545959472656;1,0600323677062988;0,4204859137535095;0,2873612344264984;0,015078556723892689
1281;3569,718994140625;17,193031311035156;67294,4921875;694,779296875;352,18084716796875;-48,071739196777344;1,0511585474014282;0,4153721034526825;0,28498169779777527;0,014776907861232758
1282;3569,718994140625;17,193031311035156;67294,4921875;704,8649291992188;353,40191650390625;-47,97920227050781;1,074824333190918;0,4108284115791321;0,29079973697662354;0,015161879360675812
1283;3569,718994140625;17,193031311035156;67294,4921875;754,2816772460938;333,870361328125;-51,50688934326172;1,0634844303131104;0,40643730759620667;0,2882668673992157;0,014818870462477207
1284;3569,718994140625;17,193031311035156;67294,4921875;736,8580932617188;331,66241455078125;-50,50539779663086;1,075722098350525;0,4205581545829773;0,2928834855556488;0,014944443479180336
1285;3569,718994140625;17,193031311035156;67294,4921875;710,607421875;322,0917053222656;-48,561824798583984;1,1135544776916504;0,44498151540756226;0,30465230345726013;0,015575184486806393
1286;3569,718994140625;17,193031311035156;67294,4921875;704,6484375;311,48944091796875;-47,789608001708984;1,1345115900039673;0,4353950023651123;0,3104090988636017;0,01590634323656559
1287;3569,718994140625;17,193031311035156;67294,4921875;705,6780395507812;293,029052734375;-50,61053466796875;1,1360315084457397;0,4435276985168457;0,3124856650829315;0,015819309279322624
1288;3569,718994140625;17,193031311035156;67294,4921875;701,2539672851562;274,5679016113281;-44,16855239868164;1,1675670146942139;0,46843981742858887;0,3232157230377197;0,016295069828629494
1289;3569,718994140625;17,193031311035156;67294,4921875;707,9979858398438;252,74261474609375;-43,62210464477539;1,160720944404602;0,452684611082077;0,3221980929374695;0,016084635630249977
1290;3569,718994140625;17,193031311035156;67294,4921875;722,45068359375;244,98468017578125;-48,92470169067383;1,1551791429519653;0,439784437417984;0,32185816764831543;0,01589265652000904
1291;3569,718994140625;17,193031311035156;67294,4921875;671,477294921875;237,0216064453125;-43,07395553588867;1,2283333539962769;0,470477819442749;0,3442844748497009;0,01718035712838173
1292;3569,718994140625;17,193031311035156;67294,4921875;649,4087524414062;240,59652709960938;-38,32682418823242;1,1915016174316406;0,4394870102405548;0,33530789613723755;0,01640177331864834
1293;3569,718994140625;17,193031311035156;67294,4921875;644,9573364257812;215,2574005126953;-36,34689712524414;1,2016222476959229;0,44247859716415405;0,34026333689689636;0,016501007601618767
1294;3569,718994140625;17,193031311035156;67294,4921875;640,1799926757812;204,79151916503906;-37,59049606323242;1,2136787176132202;0,46685177087783813;0,34649959206581116;0,016599467024207115
1295;3569,718994140625;17,193031311035156;67294,4921875;673,8359375;166,9185333251953;-37,15415954589844;1,2421427965164185;0,4685295820236206;0,3566616475582123;0,0170602984726429
1296;3569,718994140625;17,193031311035156;67294,4921875;595,6998901367188;195,58221435546875;-29,497066497802734;1,2295945882797241;0,46384063363075256;0,3553944230079651;0,01673346757888794
1297;3569,718994140625;17,193031311035156;67294,4921875;614,3114624023438;168,49464416503906;-28,02159881591797;1,2900944948196411;0,5070038437843323;0,37573298811912537;0,017671339213848114
1298;3569,718994140625;17,193031311035156;67294,4921875;633,0313720703125;153,3179473876953;-26,835588455200195;1,2653430700302124;0,4577908515930176;0,37035876512527466;0,01726043038070202
1299;3569,718994140625;17,193031311035156;67294,4921875;646,388671875;154,699462890625;-28,262636184692383;1,316065788269043;0,4825060963630676;0,38790133595466614;0,018085451796650887
1300;3569,718994140625;17,193031311035156;67294,4921875;632,273681640625;138,9652557373047;-27,9211368560791;1,330951452255249;0,4955446720123291;0,3949616253376007;0,01824464462697506
1301;3569,718994140625;17,193031311035156;67294,4921875;631,5905151367188;140,72103881835938;-27,73639488220215;1,3716676235198975;0,4897192120552063;0,40971142053604126;0,018938595429062843
1302;3569,718994140625;17,193031311035156;67294,4921875;622,2692260742188;138,74392700195312;-26,123380661010742;1,3497151136398315;0,47868967056274414;0,40585029125213623;0,01848459802567959
1303;3569,718994140625;17,193031311035156;67294,4921875;601,7687377929688;105,8563003540039;-26,865713119506836;1,3568975925445557;0,4840865731239319;0,41064873337745667;0,01853194460272789
1304;3569,718994140625;17,193031311035156;67294,4921875;666,4755249023438;79,57626342773438;-27,473783493041992;1,3708035945892334;0,48039335012435913;0,41759422421455383;0,018727971240878105
1305;3569,718994140625;17,193031311035156;67294,4921875;660,8488159179688;56,23262023925781;-31,867280960083008;1,4083685874938965;0,5006261467933655;0,4315447211265564;0,019290978088974953
1306;3569,718994140625;17,193031311035156;67294,4921875;689,2908935546875;45,254417419433594;-34,55313491821289;1,3877803087234497;0,4792438745498657;0,4280852973461151;0,018914373591542244
1307;3569,718994140625;17,193031311035156;67294,4921875;695,3062744140625;16,770601272583008;-30,38836097717285;1,4492074251174927;0,5002075433731079;0,44960325956344604;0,019911685958504677
1308;3569,718994140625;17,193031311035156;67294,4921875;720,38037109375;2,2762696743011475;-31,331520080566406;1,4462149143218994;0,4991682469844818;0,45112207531929016;0,019795553758740425
1309;3569,718994140625;17,193031311035156;67294,4921875;745,65380859375;-4,308272838592529;-37,73618698120117;1,4439786672592163;0,4892248511314392;0,4531616270542145;0,019735831767320633
1310;3569,718994140625;17,193031311035156;67294,4921875;783,0601806640625;-43,035186767578125;-40,378509521484375;1,465409517288208;0,49565476179122925;0,4622027277946472;0,020047849044203758
1311;3569,718994140625;17,193031311035156;67294,4921875;800,47998046875;-72,94178771972656;-42,33017349243164;1,4871547222137451;0,4892716705799103;0,47209441661834717;0,020421702414751053
1312;3569,718994140625;17,193031311035156;67294,4921875;821,3510131835938;-95,42229461669922;-45,374019622802734;1,4707633256912231;0,48995018005371094;0,46856027841567993;0,020070629194378853
1313;3569,718994140625;17,193031311035156;67294,4921875;817,28857421875;-125,4383773803711;-46,50989532470703;1,519347071647644;0,5074434280395508;0,4858608841896057;0,020829541608691216
1314;3569,718994140625;17,193031311035156;67294,4921875;825,5618896484375;-138,9247283935547;-45,60019302368164;1,518552303314209;0,5065072774887085;0,48738887906074524;0,020760811865329742
1315;3569,718994140625;17,193031311035156;67294,4921875;813,7813720703125;-136,34010314941406;-47,603851318359375;1,548464298248291;0,5122861266136169;0,49902966618537903;0,02124611660838127
1316;3569,718994140625;17,193031311035156;67294,4921875;856,0372924804688;-159,1337127685547;-46,740638732910156;1,5685216188430786;0,5126193761825562;0,5077196955680847;0,02159096486866474
1317;3569,718994140625;17,193031311035156;67294,4921875;867,8006591796875;-162,9040985107422;-53,2725715637207;1,5343905687332153;0,5004323124885559;0,49809014797210693;0,020980816334486008
1318;3569,718994140625;17,193031311035156;67294,4921875;875,0399169921875;-180,08258056640625;-53,08320617675781;1,5490870475769043;0,4938083291053772;0,5059247612953186;0,021321624517440796
1319;3569,718994140625;17,193031311035156;67294,4921875;865,3234252929688;-183,1054229736328;-49,81330490112305;1,5575201511383057;0,5007312297821045;0,5089145302772522;0,021374916657805443
1320;3569,718994140625;17,193031311035156;67294,4921875;825,048095703125;-208,69659423828125;-46,57149124145508;1,5700664520263672;0,500775933265686;0,5147256851196289;0,021613268181681633
1321;3569,718994140625;17,193031311035156;67294,4921875;810,0746459960938;-228,5874786376953;-44,9354362487793;1,5190749168395996;0,47916892170906067;0,5002192258834839;0,02083715610206127
1322;3569,718994140625;17,193031311035156;67294,4921875;802,7410278320312;-247,9148712158203;-43,95463943481445;1,5665985345840454;0,4961603283882141;0,5157297253608704;0,021566014736890793
1323;3569,718994140625;17,193031311035156;67294,4921875;834,1323852539062;-268,0108947753906;-42,4119987487793;1,5623422861099243;0,4935992658138275;0,515041172504425;0,02149827778339386
1324;3569,718994140625;17,193031311035156;67294,4921875;779,5890502929688;-296,2283935546875;-37,937374114990234;1,5530500411987305;0,48749077320098877;0,5141233801841736;0,021458901464939117
1325;3569,718994140625;17,193031311035156;67294,4921875;772,4783325195312;-303,220703125;-39,72258758544922;1,5877686738967896;0,4992503523826599;0,5247266888618469;0,02196837030351162
1326;3569,718994140625;17,193031311035156;67294,4921875;738,5785522460938;-325,1494140625;-42,337432861328125;1,547690987586975;0,48565179109573364;0,5131902098655701;0,021419091150164604
1327;3569,718994140625;17,193031311035156;67294,4921875;747,3887939453125;-337,60302734375;-36,15083312988281;1,5822244882583618;0,4961632788181305;0,5229089260101318;0,021892676129937172
1328;3569,718994140625;17,193031311035156;67294,4921875;658,8170166015625;-362,1367492675781;-29,982336044311523;1,5522966384887695;0,48555198311805725;0,5119765996932983;0,021332889795303345
1329;3569,718994140625;17,193031311035156;67294,4921875;644,4176025390625;-395,82806396484375;-30,829925537109375;1,6338340044021606;0,5098571181297302;0,538255512714386;0,022701401263475418
1330;3569,718994140625;17,193031311035156;67294,4921875;618,6788330078125;-427,5320739746094;-31,771873474121094;1,5908730030059814;0,4972873628139496;0,5246638655662537;0,02210535667836666
1331;3569,718994140625;17,193031311035156;67294,4921875;604,2842407226562;-444,7342834472656;-32,67564010620117;1,5804020166397095;0,4942277669906616;0,5207676887512207;0,021982477977871895
1332;3569,718994140625;17,193031311035156;67294,4921875;546,9325561523438;-478,6152038574219;-26,378917694091797;1,54261314868927;0,48195627331733704;0,5072843432426453;0,02136143483221531
1333;3569,718994140625;17,193031311035156;67294,4921875;517,8145141601562;-499,8524475097656;-26,54283332824707;1,5551718473434448;0,48484253883361816;0,5099868774414062;0,0215758103877306
1334;3569,718994140625;17,193031311035156;67294,4921875;481,1238708496094;-511,3960266113281;-21,69715690612793;1,521652340888977;0,4769218862056732;0,49869194626808167;0,021124335005879402
1335;3569,718994140625;17,193031311035156;67294,4921875;471,6578674316406;-528,4243774414062;-23,30848503112793;1,5605546236038208;0,4885731339454651;0,5097780227661133;0,021806763485074043
1336;3569,718994140625;17,193031311035156;67294,4921875;420,56988525390625;-539,4251708984375;-15,144027709960938;1,5705775022506714;0,49180227518081665;0,5114049315452576;0,022015133872628212
1337;3569,718994140625;17,193031311035156;67294,4921875;370,6705017089844;-567,9616088867188;-16,48161506652832;1,5542018413543701;0,48611825704574585;0,504095196723938;0,021759390830993652
1338;3569,718994140625;17,193031311035156;67294,4921875;357,10650634765625;-583,6458740234375;-12,370075225830078;1,5358833074569702;0,48779022693634033;0,49806880950927734;0,021656451746821404
1339;3569,718994140625;17,193031311035156;67294,4921875;369,4789123535156;-585,7527465820312;-12,292745590209961;1,5111769437789917;0,4812251031398773;0,48817867040634155;0,021291641518473625
1340;3569,718994140625;17,193031311035156;67294,4921875;364,0033264160156;-612,8134155273438;-15,266901016235352;1,5182278156280518;0,47117823362350464;0,4852909743785858;0,02117096446454525
1341;3569,718994140625;17,193031311035156;67294,4921875;336,39202880859375;-624,4737548828125;-13,075608253479004;1,5614358186721802;0,47449108958244324;0,4944958984851837;0,021721290424466133
1342;3569,718994140625;17,193031311035156;67294,4921875;352,7807312011719;-619,1031494140625;-13,805452346801758;1,5715019702911377;0,4792560935020447;0,49553534388542175;0,02199375629425049
1343;3569,718994140625;17,193031311035156;67294,4921875;348,43475341796875;-636,0671997070312;-10,48658275604248;1,4995191097259521;0,47343266010284424;0,4735547602176666;0,021159617230296135
1344;3569,718994140625;17,193031311035156;67294,4921875;357,1258239746094;-644,7817993164062;-14,702306747436523;1,4623438119888306;0,4710897207260132;0,4610016942024231;0,02074228599667549
1345;3569,718994140625;17,193031311035156;67294,4921875;335,2505798339844;-677,1134643554688;-15,899918556213379;1,486838698387146;0,47221124172210693;0,46450215578079224;0,02108820714056492
1346;3569,718994140625;17,193031311035156;67294,4921875;381,3587646484375;-687,5138549804688;-16,0972843170166;1,4650384187698364;0,4740438759326935;0,4564540982246399;0,02092202939093113
1347;3569,718994140625;17,193031311035156;67294,4921875;375,3296203613281;-716,2315673828125;-17,358352661132812;1,5218505859375;0,4795168936252594;0,4686119854450226;0,02173553593456745
1348;3569,718994140625;17,193031311035156;67294,4921875;401,39276123046875;-738,3746337890625;-19,642471313476562;1,423056960105896;0,4675808846950531;0,43876123428344727;0,020403219386935234
1349;3569,718994140625;17,193031311035156;67294,4921875;458,5721435546875;-753,66455078125;-23,700170516967773;1,4407354593276978;0,46887269616127014;0,4402898848056793;0,020692626014351845
1350;3569,718994140625;17,193031311035156;67294,4921875;428,7990417480469;-785,2906494140625;-21,998842239379883;1,3957852125167847;0,45543789863586426;0,4237481653690338;0,019952453672885895
1351;3569,718994140625;17,193031311035156;67294,4921875;462,1524353027344;-802,8247680664062;-23,82900047302246;1,4353762865066528;0,4692859947681427;0,4328051805496216;0,02075127139687538
1352;3569,718994140625;17,193031311035156;67294,4921875;465,2611083984375;-820,4353637695312;-26,406362533569336;1,3948736190795898;0,4635085165500641;0,4188642203807831;0,02021065168082714
1353;3569,718994140625;17,193031311035156;67294,4921875;509,1417541503906;-835,950927734375;-31,715654373168945;1,3696433305740356;0,4510636329650879;0,40758758783340454;0,01972886361181736
1354;3569,718994140625;17,193031311035156;67294,4921875;539,8468017578125;-853,4976196289062;-33,7241325378418;1,4186054468154907;0,45501235127449036;0,41702237725257874;0,020468730479478836
1355;3569,718994140625;17,193031311035156;67294,4921875;594,5223388671875;-867,393310546875;-38,32277297973633;1,4089926481246948;0,462289959192276;0,4129558503627777;0,020563794299960136
1356;3569,718994140625;17,193031311035156;67294,4921875;633,171875;-876,1480102539062;-40,27439498901367;1,3687818050384521;0,448808491230011;0,39827054738998413;0,019878922030329704
1357;3569,718994140625;17,193031311035156;67294,4921875;663,6298828125;-892,1642456054688;-42,77342987060547;1,3562843799591064;0,45716845989227295;0,3939783275127411;0,01995793730020523
1358;3569,718994140625;17,193031311035156;67294,4921875;649,33935546875;-910,3622436523438;-43,32615661621094;1,3595589399337769;0,44587650895118713;0,39017462730407715;0,019860055297613144
1359;3569,718994140625;17,193031311035156;67294,4921875;730,2623291015625;-901,5450439453125;-48,24737548828125;1,35503351688385;0,4442954361438751;0,3863033950328827;0,019853690639138222
1360;3569,718994140625;17,193031311035156;67294,4921875;742,0115356445312;-900,7490844726562;-50,864078521728516;1,2820075750350952;0,43439778685569763;0,3654986321926117;0,018814167007803917
1361;3569,718994140625;17,193031311035156;67294,4921875;744,5944213867188;-903,4049682617188;-50,70068359375;1,3211779594421387;0,4427247643470764;0,3735876679420471;0,019566619768738747
1362;3569,718994140625;17,193031311035156;67294,4921875;775,5621948242188;-910,840576171875;-53,318878173828125;1,3179376125335693;0,44157296419143677;0,37055444717407227;0,019593259319663048
1363;3569,718994140625;17,193031311035156;67294,4921875;799,2802734375;-908,63134765625;-55,652130126953125;1,3158420324325562;0,43964213132858276;0,36782577633857727;0,019622348248958588
1364;3569,718994140625;17,193031311035156;67294,4921875;834,6419067382812;-913,3057861328125;-59,155120849609375;1,3129016160964966;0,4375111758708954;0,36506083607673645;0,01964004710316658
1365;3569,718994140625;17,193031311035156;67294,4921875;863,1669921875;-919,879150390625;-61,746376037597656;1,2844734191894531;0,4334149956703186;0,3564799129962921;0,019289176911115646
1366;3569,718994140625;17,193031311035156;67294,4921875;842,7271728515625;-936,9811401367188;-60,659393310546875;1,2494962215423584;0,417201429605484;0,34475454688072205;0,018594995141029358
1367;3569,718994140625;17,193031311035156;67294,4921875;923,7318115234375;-932,2664794921875;-67,05226135253906;1,241989254951477;0,4314711391925812;0,3442763090133667;0,01890045963227749
1368;3569,718994140625;17,193031311035156;67294,4921875;948,340576171875;-939,3849487304688;-70,42581176757812;1,2355610132217407;0,41317909955978394;0,3390175998210907;0,018536962568759918
1369;3569,718994140625;17,193031311035156;67294,4921875;941,6542358398438;-952,4207763671875;-70,09262084960938;1,222447156906128;0,4143376052379608;0,33561670780181885;0,018500784412026405
1370;3569,718994140625;17,193031311035156;67294,4921875;981,2958374023438;-957,3402099609375;-74,44396209716797;1,2037506103515625;0,41768139600753784;0,3315573036670685;0,01843610405921936
1371;3569,718994140625;17,193031311035156;67294,4921875;997,5933837890625;-971,4365844726562;-76,81336975097656;1,1963797807693481;0,41144195199012756;0,3286997377872467;0,018317770212888718
1372;3569,718994140625;17,193031311035156;67294,4921875;1083,7965087890625;-968,3352661132812;-84,56419372558594;1,1728609800338745;0,41108614206314087;0,3234257698059082;0,018108544871211052
1373;3569,718994140625;17,193031311035156;67294,4921875;1079,7957763671875;-977,1563720703125;-86,36644744873047;1,2222986221313477;0,40621012449264526;0,3338538110256195;0,018785232678055763
1374;3569,718994140625;17,193031311035156;67294,4921875;1093,7103271484375;-982,5377807617188;-88,86031341552734;1,1874659061431885;0,40937522053718567;0,32699400186538696;0,01851063035428524
1375;3569,718994140625;17,193031311035156;67294,4921875;1125,4498291015625;-986,316650390625;-91,61450958251953;1,1670664548873901;0,40535181760787964;0,3224555253982544;0,018266931176185608
1376;3569,718994140625;17,193031311035156;67294,4921875;1155,0565185546875;-981,2869873046875;-93,2997817993164;1,1222447156906128;0,3897498846054077;0,3108617961406708;0,017417922616004944
1377;3569,718994140625;17,193031311035156;67294,4921875;1136,23876953125;-984,7334594726562;-93,81912231445312;1,1706969738006592;0,39929816126823425;0,324238657951355;0,018430279567837715
1378;3569,718994140625;17,193031311035156;67294,4921875;1182,2459716796875;-961,1110229492188;-96,78575897216797;1,1157056093215942;0,39630600810050964;0,31250476837158203;0,01772771030664444
1379;3569,718994140625;17,193031311035156;67294,4921875;1193,4931640625;-958,4273071289062;-96,2292251586914;1,1315993070602417;0,3908114433288574;0,3166864216327667;0,017948854714632034
1380;3569,718994140625;17,193031311035156;67294,4921875;1163,9525146484375;-955,863037109375;-95,06761932373047;1,114255666732788;0,38511815667152405;0,31338903307914734;0,017698056995868683
1381;3569,718994140625;17,193031311035156;67294,4921875;1204,4808349609375;-948,99267578125;-97,88471221923828;1,0561872720718384;0,37677109241485596;0,30030956864356995;0,01680738851428032
1382;3569,718994140625;17,193031311035156;67294,4921875;1231,078125;-936,000732421875;-100,20547485351562;1,0974336862564087;0,38540127873420715;0,3129463493824005;0,01772254705429077
1383;3569,718994140625;17,193031311035156;67294,4921875;1258,217041015625;-926,2447509765625;-102,26046752929688;1,0979797840118408;0,3835785984992981;0,31473731994628906;0,017810959368944168
1384;3569,718994140625;17,193031311035156;67294,4921875;1234,0731201171875;-928,3004150390625;-100,21366882324219;1,0444334745407104;0,37221208214759827;0,30232545733451843;0,016898002475500107
1385;3569,718994140625;17,193031311035156;67294,4921875;1311,5506591796875;-915,5352172851562;-106,28129577636719;1,0562458038330078;0,37837016582489014;0,3080523908138275;0,017340349033474922
1386;3569,718994140625;17,193031311035156;67294,4921875;1302,0706787109375;-913,22509765625;-107,82969665527344;0,9815166592597961;0,3688723146915436;0,2905930280685425;0,016145020723342896
1387;3569,718994140625;17,193031311035156;67294,4921875;1295,7354736328125;-908,0244750976562;-107,32621765136719;0,9980944395065308;0,3663085699081421;0,2963380515575409;0,016444021835923195
1388;3569,718994140625;17,193031311035156;67294,4921875;1297,9892578125;-902,725341796875;-108,55806732177734;0,994836151599884;0,3640744984149933;0,297334760427475;0,016456255689263344
1389;3569,718994140625;17,193031311035156;67294,4921875;1344,9248046875;-899,7698974609375;-110,5556640625;0,9593765139579773;0,36805254220962524;0,29106974601745605;0,016138851642608643
1390;3569,718994140625;17,193031311035156;67294,4921875;1347,0281982421875;-895,7982177734375;-110,64527893066406;0,9736688733100891;0,3688720464706421;0,2968761622905731;0,016485843807458878
1391;3569,718994140625;17,193031311035156;67294,4921875;1297,7333984375;-903,486328125;-107,43897247314453;0,934019923210144;0,35735374689102173;0,28727489709854126;0,015724997967481613
1392;3569,718994140625;17,193031311035156;67294,4921875;1316,7725830078125;-900,4165649414062;-108,41336059570312;0,9375887513160706;0,3625061511993408;0,29089346528053284;0,01600506901741028
1393;3569,718994140625;17,193031311035156;67294,4921875;1315,104736328125;-893,480224609375;-108,04519653320312;0,911912739276886;0,3607848286628723;0,28595635294914246;0,015664424747228622
1394;3569,718994140625;17,193031311035156;67294,4921875;1298,3577880859375;-876,4915771484375;-108,14002990722656;0,9176148772239685;0,35120657086372375;0,28814178705215454;0,015635769814252853
1395;3569,718994140625;17,193031311035156;67294,4921875;1351,4937744140625;-854,491455078125;-111,81307983398438;0,9135866761207581;0,3495246171951294;0,28875675797462463;0,015629688277840614
1396;3569,718994140625;17,193031311035156;67294,4921875;1318,4859619140625;-837,7046508789062;-104,74571228027344;0,8967368006706238;0,34618881344795227;0,28564122319221497;0,015385730192065239
1397;3569,718994140625;17,193031311035156;67294,4921875;1255,209716796875;-819,9608764648438;-101,8993148803711;0,867247462272644;0,33602654933929443;0,2780973017215729;0,0147695392370224
1398;3569,718994140625;17,193031311035156;67294,4921875;1306,5650634765625;-779,371826171875;-103,13921356201172;0,8585492968559265;0,3337034583091736;0,2770557999610901;0,014664211310446262
1399;3569,718994140625;17,193031311035156;67294,4921875;1258,2078857421875;-761,3718872070312;-100,8282699584961;0,875335693359375;0,33862191438674927;0,2838505804538727;0,015128766186535358
1400;3569,718994140625;17,193031311035156;67294,4921875;1265,928466796875;-728,2400512695312;-98,32952117919922;0,87059485912323;0,33616259694099426;0,2837395966053009;0,015074090100824833
1401;3569,718994140625;17,193031311035156;67294,4921875;1246,440185546875;-706,6463623046875;-99,93785095214844;0,8407686352729797;0,32612931728363037;0,27555426955223083;0,014437668956816196
1402;3569,718994140625;17,193031311035156;67294,4921875;1271,255615234375;-672,8541259765625;-99,82147979736328;0,8411337733268738;0,32293856143951416;0,2765478193759918;0,014428719878196716
1403;3569,718994140625;17,193031311035156;67294,4921875;1282,7652587890625;-640,7295532226562;-101,36052703857422;0,8587176203727722;0,33232998847961426;0,2838444411754608;0,015012376010417938
1404;3569,718994140625;17,193031311035156;67294,4921875;1280,02978515625;-613,9879760742188;-100,65901184082031;0,8601958155632019;0,3251623809337616;0,2845141291618347;0,014892487786710262
1405;3569,718994140625;17,193031311035156;67294,4921875;1315,87451171875;-579,7120361328125;-104,93179321289062;0,826852023601532;0,31452280282974243;0,2746678292751312;0,01418213825672865
1406;3569,718994140625;17,193031311035156;67294,4921875;1261,006103515625;-558,5853881835938;-97,91874694824219;0,8452284336090088;0,3182518482208252;0,28124916553497314;0,014599195681512356
1407;3569,718994140625;17,193031311035156;67294,4921875;1243,888916015625;-536,6832885742188;-97,13843536376953;0,8333175778388977;0,31240734457969666;0,2778612971305847;0,014305675402283669
1408;3569,718994140625;17,193031311035156;67294,4921875;1225,8994140625;-519,1148681640625;-96,41512298583984;0,8196988701820374;0,3056720793247223;0,27373263239860535;0,013942388817667961
1409;3569,718994140625;17,193031311035156;67294,4921875;1256,3690185546875;-509,7372741699219;-97,52723693847656;0,8281307816505432;0,30782803893089294;0,27692845463752747;0,014183862134814262
1410;3569,718994140625;17,193031311035156;67294,4921875;1253,7115478515625;-494,6651916503906;-97,68798828125;0,8269068002700806;0,3055303394794464;0,27665525674819946;0,014099130406975746
1411;3569,718994140625;17,193031311035156;67294,4921875;1245,3843994140625;-490,3980712890625;-98,95744323730469;0,8018707633018494;0,2955710291862488;0,2684675455093384;0,01355226431041956
1412;3569,718994140625;17,193031311035156;67294,4921875;1195,2603759765625;-470,80548095703125;-94,44348907470703;0,8298565149307251;0,30413955450057983;0,2777082622051239;0,01417306624352932
1413;3569,718994140625;17,193031311035156;67294,4921875;1168,163818359375;-449,048828125;-91,86205291748047;0,8071494698524475;0,2946902811527252;0,26994070410728455;0,013536120764911175
1414;3569,718994140625;17,193031311035156;67294,4921875;1130,2998046875;-427,2615966796875;-87,26250457763672;0,8196595311164856;0,29742729663848877;0,2738059163093567;0,013879572041332722
1415;3569,718994140625;17,193031311035156;67294,4921875;1081,70458984375;-397,47052001953125;-79,24081420898438;0,7959226369857788;0,28731971979141235;0,26543891429901123;0,013235338032245636
1416;3569,718994140625;17,193031311035156;67294,4921875;1057,4427490234375;-387,0475158691406;-79,77577209472656;0,8288794755935669;0,30098626017570496;0,27607619762420654;0,013924101367592812
1417;3569,718994140625;17,193031311035156;67294,4921875;996,501220703125;-348,2808532714844;-70,5494613647461;0,8031074404716492;0,2877085506916046;0,26664429903030396;0,013320456258952618
1418;3569,718994140625;17,193031311035156;67294,4921875;1001,9119262695312;-334,4773864746094;-68,62345123291016;0,8288655877113342;0,2989024519920349;0,27462685108184814;0,013861256651580334
1419;3569,718994140625;17,193031311035156;67294,4921875;956,844970703125;-301,2516174316406;-64,94232177734375;0,8140753507614136;0,2918214201927185;0,26877397298812866;0,013450922444462776
1420;3569,718994140625;17,193031311035156;67294,4921875;924,8554077148438;-276,4805603027344;-60,73828887939453;0,8201894164085388;0,29233843088150024;0,26972293853759766;0,013562394306063652
1421;3569,718994140625;17,193031311035156;67294,4921875;889,2210693359375;-237,51268005371094;-58,771820068359375;0,7936779856681824;0,2806563377380371;0,2598050832748413;0,012834085151553154
1422;3569,718994140625;17,193031311035156;67294,4921875;855,697509765625;-208,9693603515625;-55,19612121582031;0,7967234253883362;0,28194257616996765;0,2596818804740906;0,012831655330955982
1423;3569,718994140625;17,193031311035156;67294,4921875;850,2271728515625;-180,81484985351562;-56,78031539916992;0,8139366507530212;0,28739842772483826;0,2639749348163605;0,013199019245803356
1424;3569,718994140625;17,193031311035156;67294,4921875;850,8368530273438;-155,19390869140625;-55,51276397705078;0,8005315065383911;0,28817102313041687;0,25871512293815613;0,01271003670990467
1425;3569,718994140625;17,193031311035156;67294,4921875;836,7595825195312;-129,3478546142578;-54,9438591003418;0,7915270328521729;0,28067824244499207;0,2540467381477356;0,012440299615263939
1426;3569,718994140625;17,193031311035156;67294,4921875;862,49169921875;-124,8866958618164;-58,634498596191406;0,8219462037086487;0,2903909385204315;0,26215997338294983;0,013140545226633549
1427;3569,718994140625;17,193031311035156;67294,4921875;846,238037109375;-113,21833801269531;-57,32524108886719;0,809708297252655;0,28957441449165344;0,25691816210746765;0,012713544070720673
1428;3569,718994140625;17,193031311035156;67294,4921875;805,9434204101562;-83,20899963378906;-54,4649772644043;0,8275402784347534;0,29499292373657227;0,26076990365982056;0,013081654906272888
1429;3569,718994140625;17,193031311035156;67294,4921875;831,1263427734375;-65,22410583496094;-58,44941711425781;0,8135115504264832;0,28061652183532715;0,25383904576301575;0,012668614275753498
1430;3569,718994140625;17,193031311035156;67294,4921875;784,26416015625;-42,185340881347656;-54,18193435668945;0,8279755115509033;0,2982930839061737;0,25752633810043335;0,01288536749780178
1431;3569,718994140625;17,193031311035156;67294,4921875;743,15185546875;-21,482614517211914;-50,165367126464844;0,8048308491706848;0,28243300318717957;0,24787352979183197;0,012235274538397789
1432;3569,718994140625;17,193031311035156;67294,4921875;784,8825073242188;-25,08885383605957;-54,027156829833984;0,8157215714454651;0,28563594818115234;0,24927140772342682;0,012409542687237263
1433;3569,718994140625;17,193031311035156;67294,4921875;728,9309692382812;5,300119876861572;-49,64979553222656;0,838320791721344;0,2893557846546173;0,25385984778404236;0,012866289354860783
1434;3569,718994140625;17,193031311035156;67294,4921875;708,4302978515625;23,053604125976562;-51,09856033325195;0,8349956274032593;0,29173746705055237;0,2511361837387085;0,012674759142100811
1435;3569,718994140625;17,193031311035156;67294,4921875;722,9205932617188;33,43923568725586;-52,79499816894531;0,8221135139465332;0,2825855314731598;0,24491675198078156;0,012252566404640675
1436;3569,718994140625;17,193031311035156;67294,4921875;682,1939086914062;57,60273361206055;-48,927818298339844;0,8421179056167603;0,29813364148139954;0,24956014752388;0,012622944079339504
1437;3569,718994140625;17,193031311035156;67294,4921875;665,5462036132812;83,33779907226562;-47,93103790283203;0,8752232193946838;0,32222193479537964;0,2583219110965729;0,013286929577589035
1438;3569,718994140625;17,193031311035156;67294,4921875;684,9027709960938;99,669189453125;-48,418609619140625;0,851141631603241;0,297780841588974;0,2479323297739029;0,012616440653800964
1439;3569,718994140625;17,193031311035156;67294,4921875;683,0597534179688;122,68465423583984;-48,086631774902344;0,8651056289672852;0,30454134941101074;0,2501627504825592;0,012832839973270893
1440;3569,718994140625;17,193031311035156;67294,4921875;705,1970825195312;142,4712371826172;-50,182491302490234;0,8580675721168518;0,297438383102417;0,2458348274230957;0,012548611499369144
1441;3569,718994140625;17,193031311035156;67294,4921875;647,7830810546875;180,39549255371094;-47,50864028930664;0,851132333278656;0,30611664056777954;0,24290527403354645;0,012264872901141644
1442;3569,718994140625;17,193031311035156;67294,4921875;641,3639526367188;196,77813720703125;-46,98800277709961;0,8823713660240173;0,3199824094772339;0,2501925826072693;0,012887895107269287
1443;3569,718994140625;17,193031311035156;67294,4921875;632,8245239257812;218,66140747070312;-44,67229080200195;0,9228264093399048;0,3447644114494324;0,2606661915779114;0,01369732990860939
1444;3569,718994140625;17,193031311035156;67294,4921875;639,8622436523438;231,0268096923828;-47,21057891845703;0,9309027194976807;0,34758779406547546;0,2611660063266754;0,013760840520262718
1445;3569,718994140625;17,193031311035156;67294,4921875;647,3351440429688;238,598876953125;-48,861045837402344;0,9290611743927002;0,3432143032550812;0,2586922347545624;0,013599769212305546
1446;3569,718994140625;17,193031311035156;67294,4921875;644,3419799804688;251,17564392089844;-46,594242095947266;0,9164266586303711;0,3308926820755005;0,253040611743927;0,013191726058721542
1447;3569,718994140625;17,193031311035156;67294,4921875;658,1929931640625;264,784423828125;-49,96925354003906;0,9414231181144714;0,35359007120132446;0,25963273644447327;0,013631254434585571
1448;3569,718994140625;17,193031311035156;67294,4921875;661,9602661132812;276,18365478515625;-50,47517013549805;0,9483733773231506;0,3438646197319031;0,2592657208442688;0,013660047203302383
1449;3569,718994140625;17,193031311035156;67294,4921875;685,0143432617188;278,9238586425781;-52,59560012817383;0,96194988489151;0,37404119968414307;0,2638539969921112;0,013827691785991192
1450;3569,718994140625;17,193031311035156;67294,4921875;718,2565307617188;275,74755859375;-54,11936569213867;0,9668517112731934;0,37059396505355835;0,2637339234352112;0,013821875676512718
1451;3569,718994140625;17,193031311035156;67294,4921875;696,7429809570312;279,5126647949219;-53,39385223388672;0,9856605529785156;0,3750811815261841;0,267773300409317;0,014111785218119621
1452;3569,718994140625;17,193031311035156;67294,4921875;757,06201171875;267,5028991699219;-58,69618606567383;1,005584716796875;0,3929445445537567;0,27327144145965576;0,014408262446522713
1453;3569,718994140625;17,193031311035156;67294,4921875;726,4644165039062;258,121826171875;-55,60722351074219;0,9693201184272766;0,36984002590179443;0,2622012495994568;0,01351352222263813
1454;3569,718994140625;17,193031311035156;67294,4921875;768,7777099609375;240,3640899658203;-58,430206298828125;0,9982615113258362;0,37566718459129333;0,26929202675819397;0,014021333307027817
1455;3569,718994140625;17,193031311035156;67294,4921875;787,0594482421875;236,78172302246094;-61,613128662109375;1,032876968383789;0,4144495725631714;0,280345618724823;0,014597965404391289
1456;3569,718994140625;17,193031311035156;67294,4921875;807,177001953125;218,2553253173828;-59,7716178894043;1,0380330085754395;0,40842992067337036;0,281118243932724;0,01460364367812872
1457;3569,718994140625;17,193031311035156;67294,4921875;796,6438598632812;214,3774871826172;-59,87507629394531;1,011768102645874;0,3782575726509094;0,272809773683548;0,01395655982196331
1458;3569,718994140625;17,193031311035156;67294,4921875;775,7037353515625;218,1032257080078;-57,87776565551758;1,0537792444229126;0,3792710304260254;0,2836057245731354;0,014692150056362152
1459;3569,718994140625;17,193031311035156;67294,4921875;854,9314575195312;187,6030731201172;-59,759483337402344;1,0859287977218628;0,4229065775871277;0,29486802220344543;0,015240655280649662
1460;3569,718994140625;17,193031311035156;67294,4921875;836,0360717773438;187,36598205566406;-63,175384521484375;1,0906318426132202;0,42705288529396057;0,29702237248420715;0,015217224135994911
1461;3569,718994140625;17,193031311035156;67294,4921875;828,7487182617188;175,7400360107422;-63,78999328613281;1,1443541049957275;0,44183385372161865;0,31221938133239746;0,0161775890737772
1462;3569,718994140625;17,193031311035156;67294,4921875;843,7034301757812;167,7749786376953;-56,929141998291016;1,1345285177230835;0,4367223381996155;0,31056731939315796;0,015872331336140633
1463;3569,718994140625;17,193031311035156;67294,4921875;844,0272216796875;152,10848999023438;-56,3355598449707;1,1168804168701172;0,43782371282577515;0,3074037730693817;0,015398790128529072
1464;3569,718994140625;17,193031311035156;67294,4921875;833,52490234375;144,9473876953125;-53,07646560668945;1,155896544456482;0,4488821029663086;0,3193439841270447;0,016064060851931572
1465;3569,718994140625;17,193031311035156;67294,4921875;869,1888427734375;143,6113739013672;-55,754241943359375;1,2127209901809692;0,4929841458797455;0,33773157000541687;0,016991324722766876
1466;3569,718994140625;17,193031311035156;67294,4921875;854,5905151367188;138,67835998535156;-52,73076629638672;1,1940590143203735;0,46027839183807373;0,3330846428871155;0,016587719321250916
1467;3569,718994140625;17,193031311035156;67294,4921875;793,68115234375;153,594970703125;-47,21095657348633;1,2163007259368896;0,4743517339229584;0,34141021966934204;0,016892870888113976
1468;3569,718994140625;17,193031311035156;67294,4921875;824,568115234375;141,04066467285156;-47,095516204833984;1,1867977380752563;0,4543652832508087;0,3347499370574951;0,016245605424046516
1469;3569,718994140625;17,193031311035156;67294,4921875;822,4251708984375;129,8389129638672;-45,87244415283203;1,2289119958877563;0,4685909152030945;0,3486844599246979;0,016942966729402542
1470;3569,718994140625;17,193031311035156;67294,4921875;852,25634765625;114,95972442626953;-49,917396545410156;1,2290199995040894;0,4663306176662445;0,35084670782089233;0,016849976032972336
1471;3569,718994140625;17,193031311035156;67294,4921875;892,4501953125;94,11746978759766;-47,74757766723633;1,2225922346115112;0,44638508558273315;0,3508331775665283;0,016663266345858574
1472;3569,718994140625;17,193031311035156;67294,4921875;893,8932495117188;86,4876480102539;-48,1822624206543;1,3004636764526367;0,48652318120002747;0,37591949105262756;0,017983069643378258
1473;3569,718994140625;17,193031311035156;67294,4921875;936,9998779296875;66,18128967285156;-52,91355514526367;1,2777588367462158;0,4624892771244049;0,3715525269508362;0,017502160742878914
1474;3569,718994140625;17,193031311035156;67294,4921875;895,7432861328125;61,47697448730469;-51,61764144897461;1,2948440313339233;0,462703138589859;0,3790037930011749;0,017731623724102974
1475;3569,718994140625;17,193031311035156;67294,4921875;969,1473999023438;43,313072204589844;-61,41207504272461;1,2736468315124512;0,45727622509002686;0,3753640949726105;0,01726743020117283
1476;3569,718994140625;17,193031311035156;67294,4921875;984,4471435546875;27,563434600830078;-59,60129165649414;1,3269740343093872;0,48436376452445984;0,3937309980392456;0,018123969435691833
1477;3569,718994140625;17,193031311035156;67294,4921875;1018,6746826171875;17,178104400634766;-57,65201950073242;1,3915715217590332;0,5216422080993652;0,4155762791633606;0,019128823652863503
1478;3569,718994140625;17,193031311035156;67294,4921875;1068,7099609375;6,896709442138672;-65,96891784667969;1,388716459274292;0,5121442079544067;0,4173920452594757;0,01902458816766739
1479;3569,718994140625;17,193031311035156;67294,4921875;1081,7476806640625;-17,628416061401367;-63,165584564208984;1,413398265838623;0,503628671169281;0,42765048146247864;0,019436048343777657
1480;3569,718994140625;17,193031311035156;67294,4921875;1061,0965576171875;-34,580989837646484;-61,026607513427734;1,3837394714355469;0,4717841148376465;0,4216468334197998;0,018894320353865623
1481;3569,718994140625;17,193031311035156;67294,4921875;1132,648193359375;-48,04913330078125;-68,11233520507812;1,4005619287490845;0,481983482837677;0,42935624718666077;0,019118281081318855
1482;3569,718994140625;17,193031311035156;67294,4921875;1158,4466552734375;-74,17662048339844;-68,13160705566406;1,454185962677002;0,5019233226776123;0,4484198987483978;0,019973989576101303
1483;3569,718994140625;17,193031311035156;67294,4921875;1110,54150390625;-66,61468505859375;-64,29415893554688;1,4896245002746582;0,5131153464317322;0,46199831366539;0,020517684519290924
1484;3569,718994140625;17,193031311035156;67294,4921875;1140,682373046875;-76,32652282714844;-72,35958099365234;1,4707179069519043;0,49655529856681824;0,45903584361076355;0,020171064883470535
1485;3569,718994140625;17,193031311035156;67294,4921875;1139,4859619140625;-90,95877838134766;-71,55271911621094;1,4525262117385864;0,5005896687507629;0,4552386403083801;0,019752487540245056
1486;3569,718994140625;17,193031311035156;67294,4921875;1148,1466064453125;-114,02137756347656;-74,91687774658203;1,4713941812515259;0,4972972571849823;0,4639224410057068;0,02006997913122177
1487;3569,718994140625;17,193031311035156;67294,4921875;1138,0264892578125;-138,03794860839844;-68,92914581298828;1,4718633890151978;0,480201780796051;0,4673497676849365;0,020104292780160904
1488;3569,718994140625;17,193031311035156;67294,4921875;1134,9996337890625;-165,4966583251953;-66,29940032958984;1,49790620803833;0,4964841306209564;0,477203905582428;0,020468343049287796
1489;3569,718994140625;17,193031311035156;67294,4921875;1146,531005859375;-189,84091186523438;-72,55933380126953;1,5098378658294678;0,5025524497032166;0,48274460434913635;0,020603621378540993
1490;3569,718994140625;17,193031311035156;67294,4921875;1135,35546875;-213,10328674316406;-72,21100616455078;1,51936674118042;0,49629202485084534;0,4884958565235138;0,020789284259080887
1491;3569,718994140625;17,193031311035156;67294,4921875;1153,8555908203125;-234,83892822265625;-69,14815521240234;1,5163161754608154;0,48770663142204285;0,4900554418563843;0,020755363628268242
1492;3569,718994140625;17,193031311035156;67294,4921875;1169,383056640625;-279,22064208984375;-68,21617889404297;1,5654025077819824;0,5028683543205261;0,5076082944869995;0,021549290046095848
1493;3569,718994140625;17,193031311035156;67294,4921875;1087,3485107421875;-288,90435791015625;-70,04576873779297;1,5409704446792603;0,4949726164340973;0,501102864742279;0,021114731207489967
1494;3569,718994140625;17,193031311035156;67294,4921875;1111,3402099609375;-312,0066223144531;-66,93827056884766;1,5401827096939087;0,4876410663127899;0,5033372640609741;0,021150704473257065
1495;3569,718994140625;17,193031311035156;67294,4921875;1119,8416748046875;-337,7873840332031;-68,99645233154297;1,5908252000808716;0,511365532875061;0,5193094611167908;0,021858783438801765
1496;3569,718994140625;17,193031311035156;67294,4921875;1097,5035400390625;-374,3657531738281;-67,2529067993164;1,6123926639556885;0,515972375869751;0,5275506377220154;0,022211482748389244
1497;3569,718994140625;17,193031311035156;67294,4921875;1133,00146484375;-408,7944641113281;-69,07670593261719;1,5576980113983154;0,4937327206134796;0,5115576386451721;0,021371694281697273
1498;3569,718994140625;17,193031311035156;67294,4921875;1088,747802734375;-448,8482666015625;-69,97581481933594;1,600759744644165;0,5058885812759399;0,5265929102897644;0,022096015512943268
1499;3569,718994140625;17,193031311035156;67294,4921875;1064,5682373046875;-454,0623779296875;-70,12350463867188;1,5342392921447754;0,4800669848918915;0,5076438784599304;0,021141059696674347
1500;3569,718994140625;17,193031311035156;67294,4921875;1089,6087646484375;-490,95263671875;-68,72853088378906;1,601011872291565;0,5025291442871094;0,5289233922958374;0,022194381803274155
1501;3569,718994140625;17,193031311035156;67294,4921875;1065,5269775390625;-512,6546630859375;-68,7928695678711;1,6130250692367554;0,5059769749641418;0,5331210494041443;0,02240615151822567
1502;3569,718994140625;17,193031311035156;67294,4921875;1030,9014892578125;-546,6845092773438;-68,52385711669922;1,6137923002243042;0,5058316588401794;0,531542181968689;0,022292619571089745
1503;3569,718994140625;17,193031311035156;67294,4921875;1035,6011962890625;-557,1318359375;-68,46534729003906;1,6439502239227295;0,5140539407730103;0,5411407351493835;0,022793274372816086
1504;3569,718994140625;17,193031311035156;67294,4921875;1037,6005859375;-570,3828125;-66,78182220458984;1,6178520917892456;0,5038357377052307;0,5312168598175049;0,022282905876636505
1505;3569,718994140625;17,193031311035156;67294,4921875;996,8779907226562;-596,2183227539062;-64,88683319091797;1,5920428037643433;0,4959794282913208;0,5233333110809326;0,021976755931973457
1506;3569,718994140625;17,193031311035156;67294,4921875;986,2803955078125;-599,7506103515625;-62,236328125;1,5947608947753906;0,4991973042488098;0,5253081917762756;0,022198211401700974
1507;3569,718994140625;17,193031311035156;67294,4921875;952,8927612304688;-628,1822509765625;-67,57353973388672;1,5716625452041626;0,4924844801425934;0,5170858502388;0,02186063677072525
1508;3569,718994140625;17,193031311035156;67294,4921875;945,8881225585938;-629,7532348632812;-57,23289489746094;1,5895663499832153;0,4953479468822479;0,5207574367523193;0,02209492214024067
1509;3569,718994140625;17,193031311035156;67294,4921875;907,2910766601562;-641,5110473632812;-53,392921447753906;1,589296579360962;0,4894521236419678;0,5174261331558228;0,021926922723650932
1510;3569,718994140625;17,193031311035156;67294,4921875;882,573974609375;-649,0874633789062;-55,426231384277344;1,5973525047302246;0,4951145350933075;0,5198857188224792;0,022224612534046173
1511;3569,718994140625;17,193031311035156;67294,4921875;862,8108520507812;-650,0198974609375;-50,14011764526367;1,5795842409133911;0,4881560504436493;0,5121778249740601;0,02192533016204834
1512;3569,718994140625;17,193031311035156;67294,4921875;848,020751953125;-668,5025634765625;-55,11507797241211;1,5925791263580322;0,489679753780365;0,5140244364738464;0,022123780101537704
1513;3569,718994140625;17,193031311035156;67294,4921875;829,8312377929688;-668,2444458007812;-51,803409576416016;1,5715693235397339;0,4843532145023346;0,5057334899902344;0,02184777706861496
1514;3569,718994140625;17,193031311035156;67294,4921875;782,860595703125;-688,6978759765625;-50,19715881347656;1,5629962682724;0,48807021975517273;0,5025192499160767;0,021907811984419823
1515;3569,718994140625;17,193031311035156;67294,4921875;755,3284912109375;-702,5305786132812;-43,250370025634766;1,5626205205917358;0,48158252239227295;0,49869009852409363;0,02179129421710968
1516;3569,718994140625;17,193031311035156;67294,4921875;753,1919555664062;-690,7987060546875;-47,257362365722656;1,5628496408462524;0,4829481244087219;0,49673721194267273;0,021877042949199677
1517;3569,718994140625;17,193031311035156;67294,4921875;731,8721923828125;-698,851806640625;-44,77034378051758;1,5257834196090698;0,4763829708099365;0,48358556628227234;0,021397311240434647
1518;3569,718994140625;17,193031311035156;67294,4921875;714,5538330078125;-705,718505859375;-42,120574951171875;1,5852837562561035;0,4857933819293976;0,497900128364563;0,02227725461125374
1519;3569,718994140625;17,193031311035156;67294,4921875;659,8898315429688;-714,7666625976562;-40,36351013183594;1,5300283432006836;0,48127931356430054;0,48038414120674133;0,02164682373404503
1520;3569,718994140625;17,193031311035156;67294,4921875;655,794677734375;-713,6951904296875;-38,22106170654297;1,55095636844635;0,4803563058376312;0,4826636016368866;0,02191023714840412
1521;3569,718994140625;17,193031311035156;67294,4921875;693,0394287109375;-705,1582641601562;-37,70988845825195;1,5126502513885498;0,47664088010787964;0,4694357216358185;0,02146618813276291
1522;3569,718994140625;17,193031311035156;67294,4921875;600,48095703125;-723,27880859375;-30,73406410217285;1,4924945831298828;0,4701865315437317;0,4602387547492981;0,02116352692246437
1523;3569,718994140625;17,193031311035156;67294,4921875;573,7021484375;-752,0179443359375;-35,32648468017578;1,4835025072097778;0,4675534963607788;0,45452991127967834;0,02106732875108719
1524;3569,718994140625;17,193031311035156;67294,4921875;563,1983032226562;-756,2257080078125;-32,80782699584961;1,4893534183502197;0,4679733216762543;0,45301347970962524;0,021203408017754555
1525;3569,718994140625;17,193031311035156;67294,4921875;560,8955688476562;-768,3912963867188;-33,623836517333984;1,4926120042800903;0,47559255361557007;0,45205777883529663;0,02145666815340519
1526;3569,718994140625;17,193031311035156;67294,4921875;546,5186767578125;-776,3090209960938;-28,508655548095703;1,4641050100326538;0,46575242280960083;0,44019538164138794;0,020993025973439217
1527;3569,718994140625;17,193031311035156;67294,4921875;520,0214233398438;-791,5053100585938;-31,381990432739258;1,414435625076294;0,4588337540626526;0,4238048493862152;0,020332971587777138
1528;3569,718994140625;17,193031311035156;67294,4921875;507,48028564453125;-802,0606079101562;-28,14417266845703;1,4156761169433594;0,46106627583503723;0,42146483063697815;0,020458117127418518
1529;3569,718994140625;17,193031311035156;67294,4921875;457,2377624511719;-831,6055297851562;-26,123388290405273;1,3795162439346313;0,46074676513671875;0,40974417328834534;0,020078787580132484
1530;3569,718994140625;17,193031311035156;67294,4921875;441,33544921875;-847,7608032226562;-25,922435760498047;1,39749014377594;0,4507157802581787;0,40940356254577637;0,02018090710043907
1531;3569,718994140625;17,193031311035156;67294,4921875;466,0091552734375;-851,433837890625;-28,537696838378906;1,360109806060791;0,4531293213367462;0,39807841181755066;0,019844116643071175
1532;3569,718994140625;17,193031311035156;67294,4921875;437,950439453125;-885,9693603515625;-26,999887466430664;1,3690224885940552;0,4514963924884796;0,3971221148967743;0,020003339275717735
1533;3569,718994140625;17,193031311035156;67294,4921875;447,11187744140625;-900,6044311523438;-28,355621337890625;1,3418439626693726;0,4467552602291107;0,3872929811477661;0,019652683287858963
1534;3569,718994140625;17,193031311035156;67294,4921875;432,0408630371094;-927,212646484375;-27,399938583374023;1,3258877992630005;0,4428446590900421;0,38038763403892517;0,019458824768662453
1535;3569,718994140625;17,193031311035156;67294,4921875;389,1097106933594;-953,64501953125;-26,197166442871094;1,2750043869018555;0,4361362159252167;0,36517271399497986;0,01876259222626686
1536;3569,718994140625;17,193031311035156;67294,4921875;483,231689453125;-940,4922485351562;-32,146141052246094;1,3168272972106934;0,4375927448272705;0,3727211058139801;0,01941526122391224
1537;3569,718994140625;17,193031311035156;67294,4921875;480,5974426269531;-964,1289672851562;-33,71542739868164;1,3174716234207153;0,4404314160346985;0,37118199467658997;0,019573591649532318
1538;3569,718994140625;17,193031311035156;67294,4921875;488,52978515625;-988,0938720703125;-34,21648025512695;1,2997037172317505;0,44164931774139404;0,36537158489227295;0,019464684650301933
1539;3569,718994140625;17,193031311035156;67294,4921875;503,5054626464844;-1014,7214965820312;-38,33305740356445;1,3104853630065918;0,43017077445983887;0,3641294538974762;0,01946897618472576
1540;3569,718994140625;17,193031311035156;67294,4921875;512,2108154296875;-1047,9022216796875;-38,75395202636719;1,2561066150665283;0,4253200590610504;0,3495456278324127;0,018766339868307114
1541;3569,718994140625;17,193031311035156;67294,4921875;575,1419067382812;-1057,3414306640625;-43,656429290771484;1,271101474761963;0,4241185188293457;0,35130774974823;0,019039055332541466
1542;3569,718994140625;17,193031311035156;67294,4921875;560,87060546875;-1057,349853515625;-43,227638244628906;1,2484462261199951;0,4198574125766754;0,344401478767395;0,018759751692414284
1543;3569,718994140625;17,193031311035156;67294,4921875;634,6527709960938;-1049,1234130859375;-47,910743713378906;1,239851713180542;0,42561662197113037;0,3424524664878845;0,018877549096941948
1544;3569,718994140625;17,193031311035156;67294,4921875;619,1040649414062;-1054,297607421875;-47,341270446777344;1,2012195587158203;0,42365139722824097;0,33287855982780457;0,018431799486279488
1545;3569,718994140625;17,193031311035156;67294,4921875;650,2951049804688;-1040,187255859375;-51,42314910888672;1,2213948965072632;0,4188409745693207;0,3360258638858795;0,018717333674430847
1546;3569,718994140625;17,193031311035156;67294,4921875;631,1814575195312;-1035,5965576171875;-50,861263275146484;1,2272305488586426;0,4093615710735321;0,33553749322891235;0,01870224066078663
1547;3569,718994140625;17,193031311035156;67294,4921875;642,314208984375;-1031,0941162109375;-49,51702117919922;1,2544364929199219;0,40969398617744446;0,3416002094745636;0,019191185012459755
1548;3569,718994140625;17,193031311035156;67294,4921875;647,4410400390625;-1020,5848999023438;-50,416255950927734;1,1917781829833984;0,413925439119339;0,32846295833587646;0,018570315092802048
1549;3569,718994140625;17,193031311035156;67294,4921875;640,0511474609375;-1015,3064575195312;-51,22752380371094;1,1926132440567017;0,4066886007785797;0,32789120078086853;0,018544180318713188
1550;3569,718994140625;17,193031311035156;67294,4921875;718,11279296875;-1005,2823486328125;-55,652767181396484;1,1803773641586304;0,40265029668807983;0,3251297175884247;0,018411843106150627
1551;3569,718994140625;17,193031311035156;67294,4921875;655,1409301757812;-1004,9947509765625;-52,91533279418945;1,223307728767395;0,3966834247112274;0,33476924896240234;0,018972346559166908
1552;3569,718994140625;17,193031311035156;67294,4921875;662,5415649414062;-996,9248046875;-53,41386413574219;1,111863613128662;0,3970535099506378;0,310601145029068;0,017589718103408813
1553;3569,718994140625;17,193031311035156;67294,4921875;639,5045776367188;-993,0565185546875;-51,33831024169922;1,1428797245025635;0,3998904824256897;0,3191627860069275;0,018212711438536644
1554;3569,718994140625;17,193031311035156;67294,4921875;683,7225341796875;-967,1385498046875;-53,8551025390625;1,1738765239715576;0,39810773730278015;0,3273616135120392;0,01872868649661541
1555;3569,718994140625;17,193031311035156;67294,4921875;727,69384765625;-948,69873046875;-57,07233810424805;1,1082184314727783;0,39765313267707825;0,3136671185493469;0,017929837107658386
1556;3569,718994140625;17,193031311035156;67294,4921875;760,5179443359375;-936,6166381835938;-58,38031768798828;1,1199448108673096;0,3964018225669861;0,3178139626979828;0,01819586381316185
1557;3569,718994140625;17,193031311035156;67294,4921875;727,9330444335938;-922,5186767578125;-54,38132095336914;1,1438783407211304;0,394101619720459;0,32490894198417664;0,01860637776553631
1558;3569,718994140625;17,193031311035156;67294,4921875;772,042236328125;-912,61279296875;-58,808231353759766;1,0980499982833862;0,3913941979408264;0,3156066834926605;0,018025845289230347
1559;3569,718994140625;17,193031311035156;67294,4921875;787,7509155273438;-905,1234741210938;-61,84245300292969;1,1003116369247437;0,38354647159576416;0,31706079840660095;0,017995895817875862
1560;3569,718994140625;17,193031311035156;67294,4921875;798,7669067382812;-893,8803100585938;-62,651084899902344;1,0845311880111694;0,38018131256103516;0,314889520406723;0,017814451828598976
1561;3569,718994140625;17,193031311035156;67294,4921875;808,9735107421875;-881,3246459960938;-61,49400329589844;1,0910454988479614;0,3850105106830597;0,3193123936653137;0,01814749650657177
1562;3569,718994140625;17,193031311035156;67294,4921875;805,646484375;-878,2288208007812;-60,801788330078125;1,020721197128296;0,37960559129714966;0,3034554421901703;0,01712276227772236
1563;3569,718994140625;17,193031311035156;67294,4921875;852,4044799804688;-859,2802124023438;-63,16521072387695;1,0388269424438477;0,37693122029304504;0,30974912643432617;0,01744123175740242
1564;3569,718994140625;17,193031311035156;67294,4921875;850,0429077148438;-851,0567016601562;-64,99195861816406;1,0489555597305298;0,3810519278049469;0,3150876760482788;0,01780148595571518
1565;3569,718994140625;17,193031311035156;67294,4921875;880,622314453125;-838,3599243164062;-68,26844787597656;1,022695779800415;0,37773963809013367;0,31023678183555603;0,017451243475079536
1566;3569,718994140625;17,193031311035156;67294,4921875;926,3239135742188;-828,296142578125;-70,79915618896484;0,9723712205886841;0,37269043922424316;0,2988751530647278;0,016690105199813843
1567;3569,718994140625;17,193031311035156;67294,4921875;914,94384765625;-825,1547241210938;-69,99824523925781;0,9792893528938293;0,37357228994369507;0,3028922975063324;0,016922572627663612
1568;3569,718994140625;17,193031311035156;67294,4921875;937,6456298828125;-814,8550415039062;-71,69318389892578;0,9656201601028442;0,3713648319244385;0,30113479495048523;0,016765596345067024
1569;3569,718994140625;17,193031311035156;67294,4921875;930,3478393554688;-816,5984497070312;-73,02611541748047;0,9225854277610779;0,36802229285240173;0,29139643907546997;0,016107061877846718
1570;3569,718994140625;17,193031311035156;67294,4921875;970,0645141601562;-795,8934936523438;-74,81745147705078;0,9572898745536804;0,36415407061576843;0,3020789921283722;0,01667075976729393
1571;3569,718994140625;17,193031311035156;67294,4921875;962,2737426757812;-786,927734375;-75,11652374267578;0,918200671672821;0,3615219295024872;0,2931694984436035;0,016093691810965538
1572;3569,718994140625;17,193031311035156;67294,4921875;961,969482421875;-778,9076538085938;-75,55027770996094;0,8828350901603699;0,3426811695098877;0,2830056846141815;0,015200779773294926
1573;3569,718994140625;17,193031311035156;67294,4921875;951,6884765625;-766,84326171875;-70,4120864868164;0,9003340601921082;0,34096401929855347;0,2892917990684509;0,015501228161156178
1574;3569,718994140625;17,193031311035156;67294,4921875;969,40087890625;-751,025634765625;-74,40461730957031;0,8816236853599548;0,336704820394516;0,2852441370487213;0,015195798128843307
1575;3569,718994140625;17,193031311035156;67294,4921875;989,0210571289062;-738,0846557617188;-74,13484954833984;0,8763733506202698;0,3374650180339813;0,28540655970573425;0,015219101682305336
1576;3569,718994140625;17,193031311035156;67294,4921875;983,253662109375;-727,1837158203125;-75,15113830566406;0,8851119875907898;0,3420836329460144;0,2898576557636261;0,015543506480753422
1577;3569,718994140625;17,193031311035156;67294,4921875;1001,3915405273438;-726,7857666015625;-75,09138488769531;0,8574428558349609;0,3273603022098541;0,28163015842437744;0,014811809174716473
1578;3569,718994140625;17,193031311035156;67294,4921875;1003,2888793945312;-717,4278564453125;-74,01473236083984;0,8732054829597473;0,3313521444797516;0,2878071367740631;0,015216883271932602
1579;3569,718994140625;17,193031311035156;67294,4921875;1027,762939453125;-709,9458618164062;-78,17290496826172;0,8606615662574768;0,3284108638763428;0,2849985659122467;0,015025989152491093
1580;3569,718994140625;17,193031311035156;67294,4921875;1038,6268310546875;-686,0264282226562;-80,2240219116211;0,8340256810188293;0,3185930550098419;0,2771904468536377;0,014430353417992592
1581;3569,718994140625;17,193031311035156;67294,4921875;1030,627197265625;-669,8869018554688;-78,55287170410156;0,8340693116188049;0,31492099165916443;0,27763667702674866;0,01437009871006012
1582;3569,718994140625;17,193031311035156;67294,4921875;992,4642944335938;-661,0436401367188;-75,10083770751953;0,8294476866722107;0,31288737058639526;0,276806503534317;0,014310589991509914
1583;3569,718994140625;17,193031311035156;67294,4921875;965,3350219726562;-631,6107788085938;-73,1296157836914;0,8158954381942749;0,3054724335670471;0,27262336015701294;0,013930544257164001
1584;3569,718994140625;17,193031311035156;67294,4921875;960,8971557617188;-606,5188598632812;-70,80667114257812;0,8342829942703247;0,31054243445396423;0,2790587544441223;0,014381284825503826
1585;3569,718994140625;17,193031311035156;67294,4921875;987,9046630859375;-579,3461303710938;-73,10578918457031;0,804674506187439;0,2982846200466156;0,26937711238861084;0,013631710782647133
1586;3569,718994140625;17,193031311035156;67294,4921875;969,6461791992188;-555,5369262695312;-71,78321075439453;0,8642723560333252;0,3180826008319855;0,28925666213035583;0,01500164158642292
1587;3569,718994140625;17,193031311035156;67294,4921875;949,8370361328125;-524,11474609375;-69,12393951416016;0,8477608561515808;0,3110482394695282;0,2837640643119812;0,014637351967394352
1588;3569,718994140625;17,193031311035156;67294,4921875;919,803466796875;-491,9091796875;-66,21772003173828;0,840409517288208;0,307609885931015;0,28114765882492065;0,014347592368721962
1589;3569,718994140625;17,193031311035156;67294,4921875;864,5701904296875;-455,06439208984375;-63,046852111816406;0,8307475447654724;0,30242016911506653;0,2776196599006653;0,014149089343845844
1590;3569,718994140625;17,193031311035156;67294,4921875;847,807861328125;-423,3036804199219;-61,867252349853516;0,8264083862304688;0,2991483807563782;0,27572202682495117;0,014029653742909431
1591;3569,718994140625;17,193031311035156;67294,4921875;830,803466796875;-381,64215087890625;-58,85385513305664;0,8419193625450134;0,30601051449775696;0,2805102467536926;0,014291441068053246
1592;3569,718994140625;17,193031311035156;67294,4921875;778,0845947265625;-344,4683532714844;-53,48095703125;0,8129040598869324;0,2908632159233093;0,26995033025741577;0,01361946202814579
1593;3569,718994140625;17,193031311035156;67294,4921875;760,8677978515625;-307,8920593261719;-50,41268539428711;0,8430256247520447;0,3035883605480194;0,27937430143356323;0,014269646257162094
1594;3569,718994140625;17,193031311035156;67294,4921875;713,5761108398438;-271,92987060546875;-46,325157165527344;0,837212860584259;0,30020368099212646;0,2765127718448639;0,01407803874462843
1595;3569,718994140625;17,193031311035156;67294,4921875;682,9517211914062;-229,96803283691406;-44,80939483642578;0,8088446855545044;0,2922877073287964;0,26639246940612793;0,013238634914159775
1596;3569,718994140625;17,193031311035156;67294,4921875;617,2643432617188;-204,8072509765625;-39,43288803100586;0,8293007612228394;0,29543232917785645;0,271736204624176;0,013759396970272064
1597;3569,718994140625;17,193031311035156;67294,4921875;624,1065063476562;-188,4647979736328;-39,16395568847656;0,8561969995498657;0,30986717343330383;0,27971500158309937;0,014305174350738525
1598;3569,718994140625;17,193031311035156;67294,4921875;556,809326171875;-161,26451110839844;-34,377769470214844;0,8329921364784241;0,29639554023742676;0,27044788002967834;0,013701981864869595
1599;3569,718994140625;17,193031311035156;67294,4921875;538,02880859375;-136,58494567871094;-32,700645446777344;0,8633080124855042;0,3139371871948242;0,27938297390937805;0,014318181201815605
1600;3569,718994140625;17,193031311035156;67294,4921875;544,0203247070312;-111,23184967041016;-30,917795181274414;0,8486420512199402;0,3058314621448517;0,27290108799934387;0,013898579403758049
1601;3569,718994140625;17,193031311035156;67294,4921875;558,9107666015625;-106,20205688476562;-34,54938507080078;0,8555841445922852;0,30458691716194153;0,27320629358291626;0,014006556011736393
1602;3569,718994140625;17,193031311035156;67294,4921875;499,37908935546875;-68,1876449584961;-29,47995376586914;0,8421457409858704;0,2978508174419403;0,26707449555397034;0,013591388240456581
1603;3569,718994140625;17,193031311035156;67294,4921875;519,3201293945312;-55,59016799926758;-32,0716552734375;0,8426332473754883;0,3085070252418518;0,26631900668144226;0,013447149656713009
1604;3569,718994140625;17,193031311035156;67294,4921875;487,18499755859375;-44,62506103515625;-29,832347869873047;0,8715657591819763;0,3233511447906494;0,27392756938934326;0,01404518075287342
1605;3569,718994140625;17,193031311035156;67294,4921875;464,59832763671875;-21,857810974121094;-27,921003341674805;0,8819228410720825;0,31832560896873474;0,27447590231895447;0,01424666028469801
1606;3569,718994140625;17,193031311035156;67294,4921875;482,9142761230469;-12,06374740600586;-28,38108253479004;0,8640024662017822;0,31445586681365967;0,26712796092033386;0,013700777664780617
1607;3569,718994140625;17,193031311035156;67294,4921875;497,5851135253906;9,067486763000488;-28,142959594726562;0,8408514857292175;0,29375165700912476;0,257000207901001;0,013062980026006699
1608;3569,718994140625;17,193031311035156;67294,4921875;477,4473571777344;29,886980056762695;-29,429737091064453;0,8752522468566895;0,32351261377334595;0,26689672470092773;0,01374734379351139
1609;3569,718994140625;17,193031311035156;67294,4921875;471,5520324707031;45,68165969848633;-29,653076171875;0,8688762187957764;0,3063812553882599;0,2616426944732666;0,013517459854483604
1610;3569,718994140625;17,193031311035156;67294,4921875;497,81182861328125;50,181114196777344;-30,931201934814453;0,8684463500976562;0,30720052123069763;0,25949594378471375;0,013394106179475784
1611;3569,718994140625;17,193031311035156;67294,4921875;497,8310852050781;63,31117630004883;-31,521650314331055;0,8741527199745178;0,31372934579849243;0,25946617126464844;0,013412735424935818
1612;3569,718994140625;17,193031311035156;67294,4921875;455,9779052734375;82,89681243896484;-29,84322738647461;0,8646687269210815;0,3235883414745331;0,2557021379470825;0,013036149553954601
1613;3569,718994140625;17,193031311035156;67294,4921875;493,6576232910156;75,55367279052734;-32,116233825683594;0,9159071445465088;0,34364959597587585;0,2687719464302063;0,014142395928502083
1614;3569,718994140625;17,193031311035156;67294,4921875;431,3203125;103,16744995117188;-30,026355743408203;0,9007307291030884;0,33184075355529785;0,26171138882637024;0,013681151904165745
1615;3569,718994140625;17,193031311035156;67294,4921875;454,5777893066406;110,39766693115234;-29,59187126159668;0,8934293389320374;0,32362303137779236;0,25711125135421753;0,01339657325297594
1616;3569,718994140625;17,193031311035156;67294,4921875;423,24652099609375;122,75616455078125;-29,767253875732422;0,9259191155433655;0,33149367570877075;0,2641219198703766;0,014018253423273563
1617;3569,718994140625;17,193031311035156;67294,4921875;424,4723205566406;121,16171264648438;-30,642139434814453;0,9020546078681946;0,32499945163726807;0,25558772683143616;0,013357792980968952
1618;3569,718994140625;17,193031311035156;67294,4921875;413,34332275390625;132,50978088378906;-28,600547790527344;0,9076696038246155;0,3286188244819641;0,2554987967014313;0,013367445208132267
1619;3569,718994140625;17,193031311035156;67294,4921875;392,42413330078125;133,16043090820312;-27,243974685668945;0,9303334951400757;0,3492571711540222;0,2611483931541443;0,013759240508079529
1620;3569,718994140625;17,193031311035156;67294,4921875;412,14483642578125;127,38008117675781;-26,772228240966797;0,9251099228858948;0,3403618633747101;0,25746655464172363;0,013523286208510399
1621;3569,718994140625;17,193031311035156;67294,4921875;414,4174499511719;131,1703338623047;-28,215286254882812;0,9486076235771179;0,36078667640686035;0,26342445611953735;0,013924462720751762
1622;3569,718994140625;17,193031311035156;67294,4921875;407,39208984375;123,29244232177734;-25,9848575592041;0,9652825593948364;0,364386647939682;0,2663652300834656;0,014173224568367004
1623;3569,718994140625;17,193031311035156;67294,4921875;394,2574462890625;133,69354248046875;-25,772741317749023;0,9868719577789307;0,3693963885307312;0,27072882652282715;0,01452034804970026
1624;3569,718994140625;17,193031311035156;67294,4921875;383,5468444824219;152,47113037109375;-25,715879440307617;0,9575365781784058;0,3608331084251404;0,2617274820804596;0,01375874225050211
1625;3569,718994140625;17,193031311035156;67294,4921875;387,3460693359375;176,24716186523438;-26,427961349487305;1,0077488422393799;0,38771313428878784;0,2750450670719147;0,014723949134349823
1626;3569,718994140625;17,193031311035156;67294,4921875;394,37890625;167,46725463867188;-27,761098861694336;0,9941948056221008;0,378704309463501;0,2701687216758728;0,014310665428638458
1627;3569,718994140625;17,193031311035156;67294,4921875;395,6357727050781;176,8515625;-28,602489471435547;1,0352805852890015;0,3905700147151947;0,2803133726119995;0,015054882504045963
1628;3569,718994140625;17,193031311035156;67294,4921875;437,8020935058594;170,29034423828125;-30,246044158935547;1,0289607048034668;0,38394874334335327;0,2777504622936249;0,014797652140259743
1629;3569,718994140625;17,193031311035156;67294,4921875;537,7197875976562;158,7512969970703;-38,12783432006836;0,9665385484695435;0,3573012351989746;0,2603321373462677;0,013356246054172516
1630;3569,718994140625;17,193031311035156;67294,4921875;473,5903625488281;188,0091094970703;-32,72128677368164;1,0415750741958618;0,4154691696166992;0,2825929522514343;0,014803461730480194
1631;3569,718994140625;17,193031311035156;67294,4921875;596,2280883789062;167,44277954101562;-41,429710388183594;1,0808676481246948;0,432110995054245;0,2932910621166229;0,015496497973799706
1632;3569,718994140625;17,193031311035156;67294,4921875;639,301025390625;165,74896240234375;-44,65885925292969;1,085098147392273;0,4322803318500519;0,2944788336753845;0,015462399460375309
1633;3569,718994140625;17,193031311035156;67294,4921875;627,3082885742188;171,42507934570312;-42,11324691772461;1,061309576034546;0,41205593943595886;0,28762879967689514;0,014870013110339642
1634;3569,718994140625;17,193031311035156;67294,4921875;640,395751953125;186,03421020507812;-41,93537902832031;1,055492877960205;0,41475096344947815;0,28689688444137573;0,014622804708778858
1635;3569,718994140625;17,193031311035156;67294,4921875;691,7321166992188;193,5047149658203;-45,388458251953125;1,101905107498169;0,4445800483226776;0,3009584844112396;0,015424929559230804
1636;3569,718994140625;17,193031311035156;67294,4921875;676,2552490234375;193,6315460205078;-45,93807601928711;1,1145631074905396;0,4290870428085327;0,3040541410446167;0,015601780265569687
1637;3569,718994140625;17,193031311035156;67294,4921875;707,4114990234375;175,85345458984375;-46,66691207885742;1,175278663635254;0,4655182957649231;0,3224933445453644;0,016665136441588402
1638;3569,718994140625;17,193031311035156;67294,4921875;691,7770385742188;177,62136840820312;-42,543792724609375;1,1822232007980347;0,47132760286331177;0,32583096623420715;0,01667632721364498
1639;3569,718994140625;17,193031311035156;67294,4921875;735,0930786132812;156,73681640625;-48,084590911865234;1,1715397834777832;0,46573975682258606;0,32422885298728943;0,016356173902750015
1640;3569,718994140625;17,193031311035156;67294,4921875;750,2630615234375;139,94326782226562;-47,6275634765625;1,2009913921356201;0,4497022330760956;0,33266282081604004;0,01683945767581463
1641;3569,718994140625;17,193031311035156;67294,4921875;751,7437133789062;136,97132873535156;-47,33697509765625;1,154542326927185;0,42317694425582886;0,32113510370254517;0,015854815021157265
1642;3569,718994140625;17,193031311035156;67294,4921875;763,8319091796875;113,47608184814453;-42,97963333129883;1,2584710121154785;0,49000054597854614;0,35319870710372925;0,017693690955638885
1643;3569,718994140625;17,193031311035156;67294,4921875;804,2625122070312;88,27761840820312;-46,308563232421875;1,2213647365570068;0,47373828291893005;0,344697505235672;0,016892394050955772
1644;3569,718994140625;17,193031311035156;67294,4921875;853,0365600585938;84,83075714111328;-48,93008041381836;1,30923330783844;0,4986978769302368;0,37142112851142883;0,018430497497320175
1645;3569,718994140625;17,193031311035156;67294,4921875;875,7171630859375;59,2396354675293;-55,03102493286133;1,2814279794692993;0,48728233575820923;0,36579665541648865;0,017821848392486572
1646;3569,718994140625;17,193031311035156;67294,4921875;890,4814453125;51,3770866394043;-54,717159271240234;1,2507895231246948;0,4588814973831177;0,3589358329772949;0,01718488708138466
1647;3569,718994140625;17,193031311035156;67294,4921875;996,5481567382812;-4,156046390533447;-63,116668701171875;1,2827645540237427;0,4934079647064209;0,3710435628890991;0,017625488340854645
1648;3569,718994140625;17,193031311035156;67294,4921875;941,275146484375;-8,133867263793945;-55,969913482666016;1,323053240776062;0,4984768033027649;0,3850027620792389;0,01829095557332039
1649;3569,718994140625;17,193031311035156;67294,4921875;1024,5731201171875;-30,228530883789062;-59,18110275268555;1,343712568283081;0,5089169144630432;0,3936292231082916;0,018556296825408936
1650;3569,718994140625;17,193031311035156;67294,4921875;1009,3368530273438;-33,09789276123047;-50,48152160644531;1,3548977375030518;0,47460928559303284;0,3991958200931549;0,018721705302596092
1651;3569,718994140625;17,193031311035156;67294,4921875;1046,611083984375;-71,97907257080078;-59,091644287109375;1,3773410320281982;0,5027157068252563;0,4086681008338928;0,01902080327272415
1652;3569,718994140625;17,193031311035156;67294,4921875;1024,80517578125;-63,19151306152344;-57,62274169921875;1,409738540649414;0,5125283598899841;0,42103126645088196;0,019508400931954384
1653;3569,718994140625;17,193031311035156;67294,4921875;1100,3883056640625;-95,675048828125;-59,33134460449219;1,3895689249038696;0,4987944960594177;0,41771799325942993;0,01908876933157444
1654;3569,718994140625;17,193031311035156;67294,4921875;1101,0888671875;-120,04490661621094;-65,37091064453125;1,4719752073287964;0,5281861424446106;0,44531187415122986;0,02043972909450531
1655;3569,718994140625;17,193031311035156;67294,4921875;1143,0518798828125;-156,65892028808594;-63,37709426879883;1,4455883502960205;0,5116638541221619;0,4401383399963379;0,01992635615170002
1656;3569,718994140625;17,193031311035156;67294,4921875;1131,470703125;-172,73696899414062;-57,39400863647461;1,4376314878463745;0,5012680292129517;0,4405181407928467;0,01973789930343628
1657;3569,718994140625;17,193031311035156;67294,4921875;1210,5721435546875;-196,98573303222656;-68,202880859375;1,4476706981658936;0,5026775002479553;0,44626861810684204;0,01984962821006775
1658;3569,718994140625;17,193031311035156;67294,4921875;1171,3006591796875;-208,7025604248047;-69,0595474243164;1,4446630477905273;0,4969503879547119;0,44801369309425354;0,019749589264392853
1659;3569,718994140625;17,193031311035156;67294,4921875;1193,1396484375;-221,81118774414062;-71,66952514648438;1,4914801120758057;0,5142806768417358;0,4649701714515686;0,020477809011936188
1660;3569,718994140625;17,193031311035156;67294,4921875;1205,2520751953125;-249,64064025878906;-73,62391662597656;1,5151629447937012;0,5112984776496887;0,47528937458992004;0,020862627774477005
1661;3569,718994140625;17,193031311035156;67294,4921875;1217,1976318359375;-284,9654541015625;-77,2571029663086;1,507437825202942;0,5044547915458679;0,4754360616207123;0,020696010440587997
1662;3569,718994140625;17,193031311035156;67294,4921875;1198,7679443359375;-297,9445495605469;-73,92845916748047;1,5161267518997192;0,4996436834335327;0,48090142011642456;0,02082405425608158
1663;3569,718994140625;17,193031311035156;67294,4921875;1198,4638671875;-319,3193359375;-74,16584014892578;1,50651216506958;0,4896182119846344;0,48049113154411316;0,0206492617726326
1664;3569,718994140625;17,193031311035156;67294,4921875;1241,23193359375;-345,3639221191406;-78,880859375;1,5456352233886719;0,5047375559806824;0,49483436346054077;0,021257806569337845
1665;3569,718994140625;17,193031311035156;67294,4921875;1254,877197265625;-378,8922424316406;-82,56968688964844;1,5806769132614136;0,5163891315460205;0,5079325437545776;0,02180028147995472
1666;3569,718994140625;17,193031311035156;67294,4921875;1243,97119140625;-375,3905029296875;-77,3491439819336;1,5121018886566162;0,48583656549453735;0,48848143219947815;0,0206767488270998
1667;3569,718994140625;17,193031311035156;67294,4921875;1229,7491455078125;-389,2029113769531;-85,37940216064453;1,555511713027954;0,5081735253334045;0,5029643774032593;0,02129175513982773
1668;3569,718994140625;17,193031311035156;67294,4921875;1231,1904296875;-417,75579833984375;-79,40859985351562;1,5698579549789429;0,49958330392837524;0,510963499546051;0,02162756212055683
1669;3569,718994140625;17,193031311035156;67294,4921875;1223,967041015625;-419,3096618652344;-77,90982818603516;1,5947315692901611;0,5110116600990295;0,5197461843490601;0,021981114521622658
1670;3569,718994140625;17,193031311035156;67294,4921875;1235,76220703125;-439,8125305175781;-83,39140319824219;1,569313406944275;0,4988166391849518;0,5133337378501892;0,02158709615468979
1671;3569,718994140625;17,193031311035156;67294,4921875;1184,69091796875;-449,81573486328125;-77,50079345703125;1,5756157636642456;0,5019843578338623;0,5159302353858948;0,02164304256439209
1672;3569,718994140625;17,193031311035156;67294,4921875;1156,905029296875;-469,7942199707031;-77,0986557006836;1,5891016721725464;0,505765974521637;0,5209847688674927;0,021836459636688232
1673;3569,718994140625;17,193031311035156;67294,4921875;1112,7845458984375;-486,7899169921875;-74,55836486816406;1,5823147296905518;0,49674880504608154;0,5219030976295471;0,021880941465497017
1674;3569,718994140625;17,193031311035156;67294,4921875;1124,7259521484375;-508,2915954589844;-67,85956573486328;1,58729088306427;0,4991683065891266;0,5235474705696106;0,02193242311477661
1675;3569,718994140625;17,193031311035156;67294,4921875;1072,8067626953125;-496,3968811035156;-69,9910888671875;1,6380895376205444;0,5158490538597107;0,5395838618278503;0,022701779380440712
1676;3569,718994140625;17,193031311035156;67294,4921875;1043,56689453125;-508,63336181640625;-65,81805419921875;1,5267019271850586;0,4787975549697876;0,5049766898155212;0,020990723744034767
1677;3569,718994140625;17,193031311035156;67294,4921875;1004,447998046875;-519,8787231445312;-66,76997375488281;1,6519582271575928;0,5179868936538696;0,5427062511444092;0,022794930264353752
1678;3569,718994140625;17,193031311035156;67294,4921875;954,5613403320312;-543,0803833007812;-56,89009475708008;1,6486111879348755;0,5152570605278015;0,5418888330459595;0,022789057344198227
1679;3569,718994140625;17,193031311035156;67294,4921875;971,4625244140625;-550,5109252929688;-62,16785430908203;1,5570615530014038;0,4881387948989868;0,5147180557250977;0,021553847938776016
1680;3569,718994140625;17,193031311035156;67294,4921875;927,8199462890625;-558,455078125;-54,61579895019531;1,5931891202926636;0,498384028673172;0,5253785252571106;0,022122036665678024
1681;3569,718994140625;17,193031311035156;67294,4921875;863,3322143554688;-582,4051513671875;-48,878334045410156;1,5980356931686401;0,5007585883140564;0,5269675254821777;0,022280516102910042
1682;3569,718994140625;17,193031311035156;67294,4921875;880,6751708984375;-599,98046875;-54,45359420776367;1,648038387298584;0,5090456604957581;0,5390352606773376;0,022835249081254005
1683;3569,718994140625;17,193031311035156;67294,4921875;820,8289184570312;-632,2653198242188;-45,48324203491211;1,6268614530563354;0,5048481225967407;0,5324664115905762;0,022647786885499954
1684;3569,718994140625;17,193031311035156;67294,4921875;817,511962890625;-639,4197387695312;-50,26010513305664;1,5691035985946655;0,49389222264289856;0,5150763392448425;0,021947180852293968
1685;3569,718994140625;17,193031311035156;67294,4921875;819,0055541992188;-653,4493408203125;-43,14748001098633;1,5717065334320068;0,4883788228034973;0,5123453140258789;0,02183302864432335
1686;3569,718994140625;17,193031311035156;67294,4921875;813,2739868164062;-670,1292724609375;-42,35676956176758;1,6489431858062744;0,5049976110458374;0,5337444543838501;0,022963697090744972
1687;3569,718994140625;17,193031311035156;67294,4921875;805,6548461914062;-699,622802734375;-46,01638412475586;1,5857210159301758;0,49551257491111755;0,5144569873809814;0,022229233756661415
1688;3569,718994140625;17,193031311035156;67294,4921875;765,3192749023438;-724,4993286132812;-44,95848846435547;1,6277624368667603;0,5013883709907532;0,5242006182670593;0,022800296545028687
1689;3569,718994140625;17,193031311035156;67294,4921875;735,7373046875;-740,3849487304688;-41,38209533691406;1,686852216720581;0,5184018015861511;0,5407799482345581;0,02382011152803898
1690;3569,718994140625;17,193031311035156;67294,4921875;700,6619262695312;-764,889404296875;-43,52576446533203;1,5238900184631348;0,48235708475112915;0,4897089898586273;0,021427642554044724
1691;3569,718994140625;17,193031311035156;67294,4921875;749,2301025390625;-783,7169799804688;-45,45987319946289;1,5819119215011597;0,4935995936393738;0,5042572617530823;0,022314468398690224
1692;3569,718994140625;17,193031311035156;67294,4921875;732,661865234375;-806,8633422851562;-44,46951675415039;1,5923062562942505;0,4916745722293854;0,5038817524909973;0,02242567017674446
1693;3569,718994140625;17,193031311035156;67294,4921875;682,3416137695312;-828,24560546875;-47,97898483276367;1,6510555744171143;0,5164576172828674;0,5210654139518738;0,023623721674084663
1694;3569,718994140625;17,193031311035156;67294,4921875;706,3231811523438;-841,3384399414062;-46,886966705322266;1,5506579875946045;0,4918677806854248;0,48797479271888733;0,022083289921283722
1695;3569,718994140625;17,193031311035156;67294,4921875;689,1591186523438;-859,7100830078125;-43,069305419921875;1,57297945022583;0,4784587025642395;0,488080769777298;0,02209293842315674
1696;3569,718994140625;17,193031311035156;67294,4921875;666,14990234375;-871,5106811523438;-44,017791748046875;1,58063542842865;0,48945513367652893;0,4891106188297272;0,02247205190360546
1697;3569,718994140625;17,193031311035156;67294,4921875;720,4573974609375;-859,9486694335938;-44,368709564208984;1,5584523677825928;0,48871469497680664;0,4803330898284912;0,022267252206802368
1698;3569,718994140625;17,193031311035156;67294,4921875;647,016357421875;-891,5181884765625;-44,691776275634766;1,64247727394104;0,49227216839790344;0,49885421991348267;0,023337461054325104
1699;3569,718994140625;17,193031311035156;67294,4921875;662,9292602539062;-894,3317260742188;-48,73507308959961;1,5057955980300903;0,47993242740631104;0,45935624837875366;0,021611835807561874
1700;3569,718994140625;17,193031311035156;67294,4921875;645,19482421875;-905,0582885742188;-40,286136627197266;1,503762125968933;0,48827216029167175;0,45717987418174744;0,021802827715873718
1701;3569,718994140625;17,193031311035156;67294,4921875;671,8548583984375;-915,6077270507812;-46,4184684753418;1,4955884218215942;0,4979936480522156;0,45371806621551514;0,02193799614906311
1702;3569,718994140625;17,193031311035156;67294,4921875;723,565673828125;-918,2615356445312;-46,43062973022461;1,4540916681289673;0,482252299785614;0,4376450777053833;0,021222077310085297
1703;3569,718994140625;17,193031311035156;67294,4921875;723,2181396484375;-922,3967895507812;-50,33563995361328;1,4738445281982422;0,4621824324131012;0,43585801124572754;0,021151114255189896
1704;3569,718994140625;17,193031311035156;67294,4921875;677,417724609375;-936,812255859375;-44,83876419067383;1,4931299686431885;0,4859020411968231;0,4413954019546509;0,021911006420850754
1705;3569,718994140625;17,193031311035156;67294,4921875;639,6907958984375;-949,8792114257812;-43,15375518798828;1,5182161331176758;0,48325851559638977;0,44382336735725403;0,022246716544032097
1706;3569,718994140625;17,193031311035156;67294,4921875;724,2682495117188;-951,195556640625;-48,033233642578125;1,3992743492126465;0,466516375541687;0,40972867608070374;0,020552273839712143
1707;3569,718994140625;17,193031311035156;67294,4921875;717,7981567382812;-947,9825439453125;-50,50350570678711;1,4393165111541748;0,4727107286453247;0,41733524203300476;0,021247802302241325
1708;3569,718994140625;17,193031311035156;67294,4921875;664,4400024414062;-978,9495849609375;-48,05143356323242;1,4019989967346191;0,45705026388168335;0,4032166004180908;0,0205728430300951
1709;3569,718994140625;17,193031311035156;67294,4921875;624,1384887695312;-985,926513671875;-43,324771881103516;1,3917349576950073;0,4615236222743988;0,3989359736442566;0,02061791718006134
1710;3569,718994140625;17,193031311035156;67294,4921875;622,5443725585938;-981,547607421875;-40,61909103393555;1,3818790912628174;0,45736071467399597;0,39346349239349365;0,020504716783761978
1711;3569,718994140625;17,193031311035156;67294,4921875;538,6561279296875;-1013,2007446289062;-38,92387771606445;1,4678055047988892;0,449197381734848;0,40961751341819763;0,021502170711755753
1712;3569,718994140625;17,193031311035156;67294,4921875;589,9572143554688;-972,0204467773438;-41,36669921875;1,3270264863967896;0,443051278591156;0,37408187985420227;0,01971922069787979
1713;3569,718994140625;17,193031311035156;67294,4921875;490,05548095703125;-991,4343872070312;-33,53981399536133;1,3043619394302368;0,4464300274848938;0,36754217743873596;0,019591405987739563
1714;3569,718994140625;17,193031311035156;67294,4921875;524,966796875;-981,0573120117188;-37,636260986328125;1,297196626663208;0,4320855736732483;0,3618015646934509;0,01931530237197876
1715;3569,718994140625;17,193031311035156;67294,4921875;467,2041931152344;-979,9934692382812;-32,235443115234375;1,2553471326828003;0,444757342338562;0,35295233130455017;0,019119417294859886
1716;3569,718994140625;17,193031311035156;67294,4921875;458,25439453125;-977,5978393554688;-32,913368225097656;1,3070214986801147;0,4330556094646454;0,36113476753234863;0,019675811752676964
1717;3569,718994140625;17,193031311035156;67294,4921875;468,6014099121094;-966,5650634765625;-33,256778717041016;1,2411671876907349;0,4297523498535156;0,3447418808937073;0,018855134025216103
1718;3569,718994140625;17,193031311035156;67294,4921875;422,4563903808594;-977,3504028320312;-30,20273208618164;1,292927622795105;0,4211523234844208;0,3538786768913269;0,019463153555989265
1719;3569,718994140625;17,193031311035156;67294,4921875;387,96673583984375;-977,9116821289062;-29,23763656616211;1,2222174406051636;0,41768699884414673;0,33683255314826965;0,018575802445411682
1720;3569,718994140625;17,193031311035156;67294,4921875;448,9136047363281;-957,2861938476562;-30,063779830932617;1,252941608428955;0,4228208363056183;0,3438725769519806;0,019209833815693855
1721;3569,718994140625;17,193031311035156;67294,4921875;356,01397705078125;-983,166259765625;-27,4863338470459;1,2283560037612915;0,42319339513778687;0,3381342887878418;0,019008539617061615
1722;3569,718994140625;17,193031311035156;67294,4921875;433,2691650390625;-964,5314331054688;-34,3173828125;1,269585371017456;0,41618311405181885;0,3460826873779297;0,019527152180671692
1723;3569,718994140625;17,193031311035156;67294,4921875;473,9959716796875;-948,61572265625;-37,26513671875;1,175923228263855;0,41418612003326416;0,3250653147697449;0,018348082900047302
1724;3569,718994140625;17,193031311035156;67294,4921875;484,8065490722656;-946,8472900390625;-38,96817398071289;1,1986560821533203;0,42619195580482483;0,33226078748703003;0,01903196983039379
1725;3569,718994140625;17,193031311035156;67294,4921875;527,4710693359375;-942,5582885742188;-39,30713653564453;1,1939858198165894;0,41674932837486267;0,3302512466907501;0,018897036090493202
1726;3569,718994140625;17,193031311035156;67294,4921875;500,7579650878906;-950,5682983398438;-40,78449630737305;1,2244272232055664;0,4156724810600281;0,33765411376953125;0,01941848360002041
1727;3569,718994140625;17,193031311035156;67294,4921875;504,4456787109375;-953,4867553710938;-39,73456573486328;1,1648021936416626;0,40383949875831604;0,32338157296180725;0,01846628077328205
1728;3569,718994140625;17,193031311035156;67294,4921875;456,9201354980469;-969,896484375;-37,93983840942383;1,2349789142608643;0,41511794924736023;0,34213900566101074;0,019810456782579422
1729;3569,718994140625;17,193031311035156;67294,4921875;497,5756530761719;-970,9819946289062;-40,903812408447266;1,1531126499176025;0,40577176213264465;0,3233994245529175;0,01860138215124607
1730;3569,718994140625;17,193031311035156;67294,4921875;593,206298828125;-950,5968017578125;-45,995323181152344;1,135799765586853;0,4087636470794678;0,32131439447402954;0,018549185246229172
1731;3569,718994140625;17,193031311035156;67294,4921875;587,45068359375;-950,8291015625;-46,11044692993164;1,1251153945922852;0,38986870646476746;0,3176881670951843;0,018100475892424583
1732;3569,718994140625;17,193031311035156;67294,4921875;565,0341796875;-958,7212524414062;-46,354736328125;1,136328935623169;0,4020116925239563;0,3237837553024292;0,01866469904780388
1733;3569,718994140625;17,193031311035156;67294,4921875;688,177978515625;-925,8565673828125;-52,662227630615234;1,1076487302780151;0,39594900608062744;0,31802886724472046;0,018246574327349663
1734;3569,718994140625;17,193031311035156;67294,4921875;624,803955078125;-931,0576171875;-50,593963623046875;1,1089907884597778;0,3974894881248474;0,3205230236053467;0,018424922600388527
1735;3569,718994140625;17,193031311035156;67294,4921875;711,3577880859375;-911,3994140625;-54,76857376098633;1,1095857620239258;0,38662639260292053;0,3212561011314392;0,018302608281373978
1736;3569,718994140625;17,193031311035156;67294,4921875;689,8178100585938;-897,72509765625;-54,74081039428711;1,0388214588165283;0,38489678502082825;0,30593785643577576;0,017365895211696625
1737;3569,718994140625;17,193031311035156;67294,4921875;722,958984375;-890,5106201171875;-55,368377685546875;1,0170960426330566;0,3820416331291199;0,3023034334182739;0,01709909923374653
1738;3569,718994140625;17,193031311035156;67294,4921875;771,8314819335938;-864,67578125;-59,49031448364258;1,036226511001587;0,39127418398857117;0,3103930652141571;0,017700964584946632
1739;3569,718994140625;17,193031311035156;67294,4921875;784,9744262695312;-851,910400390625;-63,657562255859375;1,055364727973938;0,38706067204475403;0,3168087303638458;0,018008895218372345
1740;3569,718994140625;17,193031311035156;67294,4921875;903,2677001953125;-826,0221557617188;-71,5706558227539;0,9998490810394287;0,3784112334251404;0,30384063720703125;0,01709960401058197
1741;3569,718994140625;17,193031311035156;67294,4921875;901,9627685546875;-817,81591796875;-71,46668243408203;1,0201451778411865;0,3742750883102417;0,31066086888313293;0,017413275316357613
1742;3569,718994140625;17,193031311035156;67294,4921875;878,674560546875;-826,6992797851562;-69,10379028320312;0,9950361847877502;0,3739219605922699;0,30632221698760986;0,017141159623861313
1743;3569,718994140625;17,193031311035156;67294,4921875;834,7359008789062;-829,3377075195312;-69,31397247314453;0,9678177833557129;0,36200574040412903;0,2998145818710327;0,01655297726392746
1744;3569,718994140625;17,193031311035156;67294,4921875;920,2595825195312;-809,0878295898438;-74,81153869628906;0,9425092935562134;0,36568915843963623;0,2956787347793579;0,01635546050965786
1745;3569,718994140625;17,193031311035156;67294,4921875;900,293212890625;-801,4895629882812;-72,19915008544922;0,9567031264305115;0,3661188781261444;0,3014790117740631;0,016680900007486343
1746;3569,718994140625;17,193031311035156;67294,4921875;957,1737060546875;-793,8872680664062;-75,15653228759766;0,9203847646713257;0,3654518723487854;0,2936032712459564;0,01618042029440403
1747;3569,718994140625;17,193031311035156;67294,4921875;919,7841186523438;-794,9584350585938;-75,29302978515625;0,9509808421134949;0,35804465413093567;0,30280470848083496;0,01657971367239952
1748;3569,718994140625;17,193031311035156;67294,4921875;992,7891235351562;-760,4102172851562;-79,36573028564453;0,9698987007141113;0,35962530970573425;0,31003978848457336;0,016972741112113
1749;3569,718994140625;17,193031311035156;67294,4921875;948,46533203125;-769,223876953125;-74,8403091430664;0,9250731468200684;0,35160568356513977;0,2984679043292999;0,01620166003704071
1750;3569,718994140625;17,193031311035156;67294,4921875;1003,1065673828125;-756,2550659179688;-79,97199249267578;0,9300656914710999;0,3562360107898712;0,30204761028289795;0,01646854728460312
1751;3569,718994140625;17,193031311035156;67294,4921875;972,5210571289062;-749,4450073242188;-76,91219329833984;0,9208829402923584;0,3495793640613556;0,30023640394210815;0,01623823679983616
1752;3569,718994140625;17,193031311035156;67294,4921875;1000,2999877929688;-729,3341064453125;-81,35957336425781;0,9271298050880432;0,35106682777404785;0,3036213517189026;0,016435692086815834
1753;3569,718994140625;17,193031311035156;67294,4921875;995,4752197265625;-709,7875366210938;-76,82678985595703;0,9034150838851929;0,33678051829338074;0,29655298590660095;0,01574556529521942
1754;3569,718994140625;17,193031311035156;67294,4921875;1010,6724853515625;-690,1521606445312;-79,83672332763672;0,8900781273841858;0,3372165262699127;0,2939925193786621;0,015659010037779808
1755;3569,718994140625;17,193031311035156;67294,4921875;1025,682373046875;-665,1659545898438;-78,91449737548828;0,8612198829650879;0,32463565468788147;0,285312682390213;0,014943739399313927
1756;3569,718994140625;17,193031311035156;67294,4921875;1039,45947265625;-648,6033935546875;-79,56019592285156;0,8809255957603455;0,33096978068351746;0,29266640543937683;0,015459955669939518
1757;3569,718994140625;17,193031311035156;67294,4921875;1055,9847412109375;-623,5996704101562;-78,7027587890625;0,8853901624679565;0,33356255292892456;0,2951013147830963;0,015664206817746162
1758;3569,718994140625;17,193031311035156;67294,4921875;1040,9552001953125;-603,4555053710938;-77,56298828125;0,911765992641449;0,3413190543651581;0,3043665587902069;0,016290562227368355
1759;3569,718994140625;17,193031311035156;67294,4921875;1054,66064453125;-576,470458984375;-79,35425567626953;0,8710874319076538;0,3221975862979889;0,29088157415390015;0,015131575055420399
1760;3569,718994140625;17,193031311035156;67294,4921875;1040,9549560546875;-544,3660278320312;-78,90585327148438;0,8719994425773621;0,32456278800964355;0,29191839694976807;0,015369834378361702
1761;3569,718994140625;17,193031311035156;67294,4921875;1024,7744140625;-517,0411987304688;-78,69534301757812;0,8886380791664124;0,3271380364894867;0,29730668663978577;0,015564722940325737
1762;3569,718994140625;17,193031311035156;67294,4921875;1039,3670654296875;-506,2772521972656;-79,6594009399414;0,8611804842948914;0,31654617190361023;0,288299560546875;0,015008464455604553
1763;3569,718994140625;17,193031311035156;67294,4921875;942,0764770507812;-477,61480712890625;-71,05370330810547;0,8986454010009766;0,32932496070861816;0,3006831407546997;0,015789009630680084
1764;3569,718994140625;17,193031311035156;67294,4921875;944,4871215820312;-453,5350646972656;-70,78874969482422;0,9102365970611572;0,3333415389060974;0,3043835461139679;0,01600107178092003
1765;3569,718994140625;17,193031311035156;67294,4921875;944,0966186523438;-426,7073669433594;-71,09599304199219;0,8445895910263062;0,3077179491519928;0,28207629919052124;0,01441960223019123
1766;3569,718994140625;17,193031311035156;67294,4921875;876,0787963867188;-397,87310791015625;-65,1643295288086;0,8691314458847046;0,31584465503692627;0,28980469703674316;0,015004053711891174
1767;3569,718994140625;17,193031311035156;67294,4921875;831,7547607421875;-364,06201171875;-61,63100051879883;0,8464825749397278;0,3063633143901825;0,28163549304008484;0,014414691366255283
1768;3569,718994140625;17,193031311035156;67294,4921875;782,3248291015625;-331,96185302734375;-56,996402740478516;0,8483681678771973;0,30669915676116943;0,2815801501274109;0,014407346025109291
1769;3569,718994140625;17,193031311035156;67294,4921875;716,378662109375;-301,91729736328125;-49,86098098754883;0,8725357055664062;0,3142435848712921;0,28871676325798035;0,014970648102462292
1770;3569,718994140625;17,193031311035156;67294,4921875;655,8356323242188;-261,7684326171875;-46,759605407714844;0,8463112711906433;0,3059593737125397;0,27922511100769043;0,014233585447072983
1771;3569,718994140625;17,193031311035156;67294,4921875;610,3223876953125;-229,26382446289062;-41,461692810058594;0,8678776025772095;0,3127756714820862;0,28522172570228577;0,014723806641995907
1772;3569,718994140625;17,193031311035156;67294,4921875;545,9969482421875;-204,75277709960938;-35,853633880615234;0,8764434456825256;0,315520703792572;0,2868402302265167;0,01487185899168253
1773;3569,718994140625;17,193031311035156;67294,4921875;481,011962890625;-179,15768432617188;-31,10825538635254;0,8632248044013977;0,30946075916290283;0,2811427414417267;0,014488469809293747
1774;3569,718994140625;17,193031311035156;67294,4921875;437,745361328125;-137,54925537109375;-27,017208099365234;0,8912395238876343;0,33165428042411804;0,2898319959640503;0,014974045567214489
1775;3569,718994140625;17,193031311035156;67294,4921875;335,0044250488281;-94,78092956542969;-19,76106071472168;0,8603764176368713;0,3115900158882141;0,2776292562484741;0,014242532663047314
1776;3569,718994140625;17,193031311035156;67294,4921875;292,6841125488281;-57,783042907714844;-15,272242546081543;0,8485456705093384;0,3041907548904419;0,27202051877975464;0,01389394886791706
1777;3569,718994140625;17,193031311035156;67294,4921875;243,0308074951172;-39,12754821777344;-12,442437171936035;0,8528081178665161;0,30227920413017273;0,2714675962924957;0,01393114309757948
1778;3569,718994140625;17,193031311035156;67294,4921875;245,657470703125;-21,083208084106445;-13,601914405822754;0,8995029926300049;0,326517254114151;0,2851443886756897;0,014945939183235168
1779;3569,718994140625;17,193031311035156;67294,4921875;206,9543914794922;8,029380798339844;-9,446219444274902;0,8417273759841919;0,29544541239738464;0,2642464339733124;0,013486269861459732
1780;3569,718994140625;17,193031311035156;67294,4921875;197,04995727539062;26,529455184936523;-8,216958045959473;0,8606226444244385;0,3109264075756073;0,26901882886886597;0,013826459646224976
1781;3569,718994140625;17,193031311035156;67294,4921875;151,15499877929688;54,33551025390625;-5,331576824188232;0,8583824038505554;0,312921941280365;0,26663148403167725;0,01366437692195177
1782;3569,718994140625;17,193031311035156;67294,4921875;116,39702606201172;71,14838409423828;-4,5104522705078125;0,8438148498535156;0,3046789765357971;0,2599276006221771;0,013218505308032036
1783;3569,718994140625;17,193031311035156;67294,4921875;71,02139282226562;96,82591247558594;0,03449099138379097;0,9129474759101868;0,34264853596687317;0,2801847457885742;0,01474288571625948
1784;3569,718994140625;17,193031311035156;67294,4921875;75,18938446044922;103,33577728271484;-2,0023586750030518;0,8720325827598572;0,3174123764038086;0,264730304479599;0,013693281449377537
1785;3569,718994140625;17,193031311035156;67294,4921875;72,4647216796875;110,94307708740234;-2,271637439727783;0,8912851810455322;0,31892991065979004;0,26798948645591736;0,014048301614820957
1786;3569,718994140625;17,193031311035156;67294,4921875;66,10506439208984;132,24111938476562;-2,23209547996521;0,8840821981430054;0,31930437684059143;0,2639543414115906;0,013763600029051304
1787;3569,718994140625;17,193031311035156;67294,4921875;111,11651611328125;131,02413940429688;-4,792308330535889;0,8760038614273071;0,3084302544593811;0,2587948441505432;0,01345827803015709
1788;3569,718994140625;17,193031311035156;67294,4921875;139,7263641357422;133,74305725097656;-6,538003444671631;0,8635492920875549;0,309400737285614;0,2535127103328705;0,013045350089669228
1789;3569,718994140625;17,193031311035156;67294,4921875;176,5138397216797;139,66046142578125;-8,918821334838867;0,9050098061561584;0,32941266894340515;0,2640034258365631;0,013899003155529499
1790;3569,718994140625;17,193031311035156;67294,4921875;194,4977264404297;144,42686462402344;-10,173855781555176;0,9056253433227539;0,33511561155319214;0,2625778019428253;0,013789181597530842
1791;3569,718994140625;17,193031311035156;67294,4921875;184,57005310058594;154,32896423339844;-9,736085891723633;0,9023761749267578;0,3271782100200653;0,259063184261322;0,013595291413366795
1792;3569,718994140625;17,193031311035156;67294,4921875;188,88694763183594;162,89894104003906;-11,394354820251465;0,9249963760375977;0,32895493507385254;0,2630440294742584;0,013980474323034286
1793;3569,718994140625;17,193031311035156;67294,4921875;260,22100830078125;170,84552001953125;-16,429067611694336;0,9383289217948914;0,3487522006034851;0,2661491632461548;0,014167774468660355
1794;3569,718994140625;17,193031311035156;67294,4921875;310,871826171875;172,8492431640625;-19,143539428710938;0,9285686612129211;0,33105188608169556;0,26039960980415344;0,013812669552862644
1795;3569,718994140625;17,193031311035156;67294,4921875;365,0949401855469;172,19773864746094;-24,21866226196289;0,9310105443000793;0,35179513692855835;0,26101112365722656;0,013750188052654266
1796;3569,718994140625;17,193031311035156;67294,4921875;344,9512023925781;188,3961181640625;-23,422422409057617;0,9691519141197205;0,3740311563014984;0,27068617939949036;0,0144731430336833
1797;3569,718994140625;17,193031311035156;67294,4921875;383,2192077636719;195,85877990722656;-27,181554794311523;0,9286724925041199;0,3458336293697357;0,25683534145355225;0,013452391140162945
1798;3569,718994140625;17,193031311035156;67294,4921875;397,66546630859375;215,50863647460938;-27,710201263427734;0,9765627384185791;0,37690627574920654;0,2697446644306183;0,014383194036781788
1799;3569,718994140625;17,193031311035156;67294,4921875;400,6718444824219;237,83985900878906;-27,946714401245117;0,978348970413208;0,36445897817611694;0,26788026094436646;0,014300293289124966
1800;3569,718994140625;17,193031311035156;67294,4921875;454,5990295410156;214,9789581298828;-30,690298080444336;0,9602728486061096;0,35978344082832336;0,2619888484477997;0,013782879337668419
1801;3569,718994140625;17,193031311035156;67294,4921875;504,8280334472656;225,2168731689453;-35,96541213989258;1,007822871208191;0,3821932375431061;0,27433207631111145;0,014686711132526398
1802;3569,718994140625;17,193031311035156;67294,4921875;601,2551879882812;214,88656616210938;-43,20669937133789;0,9888653755187988;0,3687857985496521;0,267872154712677;0,014155528508126736
1803;3569,718994140625;17,193031311035156;67294,4921875;542,1666870117188;245,0819854736328;-39,72979736328125;1,014214038848877;0,3998664617538452;0,27576032280921936;0,014563451521098614
1804;3569,718994140625;17,193031311035156;67294,4921875;603,8761596679688;231,0093536376953;-47,071144104003906;1,0018203258514404;0,3865557312965393;0,27125486731529236;0,014189397916197777
1805;3569,718994140625;17,193031311035156;67294,4921875;650,56591796875;236,90379333496094;-48,44171905517578;1,0247442722320557;0,3842809200286865;0,2763284146785736;0,014555903151631355
1806;3569,718994140625;17,193031311035156;67294,4921875;677,9109497070312;237,91387939453125;-48,822662353515625;1,0793418884277344;0,4195276200771332;0,29198601841926575;0,015564185567200184
1807;3569,718994140625;17,193031311035156;67294,4921875;650,5745849609375;241,63095092773438;-50,507755279541016;1,0878444910049438;0,4278170168399811;0,2946861982345581;0,0156150683760643
1808;3569,718994140625;17,193031311035156;67294,4921875;593,3088989257812;271,427978515625;-42,58717727661133;1,0955188274383545;0,43927645683288574;0,29756638407707214;0,015637988224625587
1809;3569,718994140625;17,193031311035156;67294,4921875;619,89697265625;264,4027099609375;-44,82552719116211;1,0548653602600098;0,4133029580116272;0,28624865412712097;0,014703613705933094
1810;3569,718994140625;17,193031311035156;67294,4921875;592,1814575195312;270,17156982421875;-39,69255828857422;1,084697961807251;0,43545082211494446;0,2955954074859619;0,015175169333815575
1811;3569,718994140625;17,193031311035156;67294,4921875;622,7705688476562;265,2419128417969;-45,31393051147461;1,1414817571640015;0,44283556938171387;0,3108828663825989;0,01622365601360798
1812;3569,718994140625;17,193031311035156;67294,4921875;694,8035278320312;245,3826141357422;-48,09854507446289;1,1214238405227661;0,4348627030849457;0,30637067556381226;0,015716472640633583
1813;3569,718994140625;17,193031311035156;67294,4921875;639,6441650390625;256,588134765625;-45,24720001220703;1,1411994695663452;0,4483640491962433;0,3132419288158417;0,01598886027932167
1814;3569,718994140625;17,193031311035156;67294,4921875;742,518798828125;248,74623107910156;-51,11783981323242;1,1910243034362793;0,4702390730381012;0,3283722400665283;0,016844656318426132
1815;3569,718994140625;17,193031311035156;67294,4921875;743,6589965820312;227,6552276611328;-51,24812698364258;1,1884441375732422;0,46274644136428833;0,3288062512874603;0,01669403724372387
1816;3569,718994140625;17,193031311035156;67294,4921875;714,0523071289062;235,39376831054688;-46,179500579833984;1,2027523517608643;0,4571599066257477;0,33389222621917725;0,016869688406586647
1817;3569,718994140625;17,193031311035156;67294,4921875;720,8593139648438;234,8274688720703;-42,85091018676758;1,261535882949829;0,49333828687667847;0,35269981622695923;0,017859358340501785
1818;3569,718994140625;17,193031311035156;67294,4921875;742,3109741210938;212,95091247558594;-40,704288482666016;1,251315951347351;0,49317577481269836;0,3519427180290222;0,017552051693201065
1819;3569,718994140625;17,193031311035156;67294,4921875;751,2081298828125;199,0414276123047;-42,095298767089844;1,284069299697876;0,5020986795425415;0,3630927801132202;0,018064342439174652
1820;3569,718994140625;17,193031311035156;67294,4921875;706,2246704101562;208,0531463623047;-45,58775329589844;1,2850911617279053;0,49102628231048584;0,365213543176651;0,018001839518547058
1821;3569,718994140625;17,193031311035156;67294,4921875;637,1793212890625;218,92205810546875;-37,244808197021484;1,2638256549835205;0,4745456874370575;0,3612068295478821;0,01752474345266819
1822;3569,718994140625;17,193031311035156;67294,4921875;693,419189453125;187,20297241210938;-39,27973556518555;1,2882587909698486;0,48673591017723083;0,370664119720459;0,01787242293357849
1823;3569,718994140625;17,193031311035156;67294,4921875;700,065673828125;163,13699340820312;-40,971946716308594;1,2800787687301636;0,4692065417766571;0,3704368472099304;0,01765165477991104
1824;3569,718994140625;17,193031311035156;67294,4921875;697,1316528320312;153,1403045654297;-40,03544616699219;1,3197021484375;0,4987766444683075;0,384718656539917;0,01825147308409214
1825;3569,718994140625;17,193031311035156;67294,4921875;718,4450073242188;124,57167053222656;-38,60451889038086;1,3290976285934448;0,49964991211891174;0,38995957374572754;0,018331419676542282
1826;3569,718994140625;17,193031311035156;67294,4921875;784,8155517578125;96,99366760253906;-43,475833892822266;1,3865448236465454;0,5216296315193176;0,4094904959201813;0,019262021407485008
1827;3569,718994140625;17,193031311035156;67294,4921875;815,6128540039062;70,68328857421875;-44,17443084716797;1,4082087278366089;0,5230376124382019;0,41855934262275696;0,019570931792259216
1828;3569,718994140625;17,193031311035156;67294,4921875;810,358642578125;62,28083038330078;-45,11735153198242;1,4324432611465454;0,5256952047348022;0,4285051226615906;0,019923249259591103
1829;3569,718994140625;17,193031311035156;67294,4921875;850,134765625;41,761226654052734;-43,82376480102539;1,4046231508255005;0,5017336010932922;0,42293646931648254;0,01938859187066555
1830;3569,718994140625;17,193031311035156;67294,4921875;892,17724609375;15,599998474121094;-46,74573516845703;1,4000605344772339;0,4699661433696747;0,42459025979042053;0,019262708723545074
1831;3569,718994140625;17,193031311035156;67294,4921875;870,941162109375;-15,285735130310059;-48,10673904418945;1,4739079475402832;0,5376163721084595;0,44916754961013794;0,02038823440670967
1832;3569,718994140625;17,193031311035156;67294,4921875;895,5526123046875;-43,71650314331055;-44,99253463745117;1,4123809337615967;0,48975858092308044;0,43348580598831177;0,019343221560120583
1833;3569,718994140625;17,193031311035156;67294,4921875;945,7516479492188;-81,3079833984375;-48,98844909667969;1,494409203529358;0,5340128540992737;0,46088090538978577;0,020620832219719887
1834;3569,718994140625;17,193031311035156;67294,4921875;991,5264282226562;-112,34193420410156;-56,65217590332031;1,4472250938415527;0,5140803456306458;0,44883373379707336;0,019744275137782097
1835;3569,718994140625;17,193031311035156;67294,4921875;1003,364990234375;-133,79603576660156;-55,47865295410156;1,5056418180465698;0,5137127041816711;0,470239520072937;0,020774632692337036
1836;3569,718994140625;17,193031311035156;67294,4921875;992,9891967773438;-152,1435089111328;-55,99686050415039;1,4742707014083862;0,5035784840583801;0,4627656936645508;0,020179081708192825
1837;3569,718994140625;17,193031311035156;67294,4921875;973,5979614257812;-177,44361877441406;-56,84611129760742;1,5568181276321411;0,5200575590133667;0,4916846752166748;0,02156403847038746
1838;3569,718994140625;17,193031311035156;67294,4921875;977,558349609375;-199,70584106445312;-54,455665588378906;1,510583519935608;0,5116998553276062;0,47879570722579956;0,02069585956633091
1839;3569,718994140625;17,193031311035156;67294,4921875;1004,2091064453125;-228,4431610107422;-61,644718170166016;1,5448909997940063;0,5152854919433594;0,49230727553367615;0,02126869186758995
1840;3569,718994140625;17,193031311035156;67294,4921875;1046,9190673828125;-244,8033905029297;-61,549110412597656;1,565168857574463;0,5060235857963562;0,5021170377731323;0,021640485152602196
1841;3569,718994140625;17,193031311035156;67294,4921875;1042,0806884765625;-243,84146118164062;-63,9453010559082;1,5132272243499756;0,4919247031211853;0,48706069588661194;0,02072848565876484
1842;3569,718994140625;17,193031311035156;67294,4921875;1051,9227294921875;-271,9027404785156;-68,1853256225586;1,5944410562515259;0,5262961387634277;0,5139923691749573;0,021977342665195465
1843;3569,718994140625;17,193031311035156;67294,4921875;1030,9083251953125;-291,1168212890625;-64,44038391113281;1,5369173288345337;0,4937400817871094;0,49864211678504944;0,02110200747847557
1844;3569,718994140625;17,193031311035156;67294,4921875;1022,6707763671875;-289,63067626953125;-62,73058319091797;1,5199332237243652;0,4865325391292572;0,4947741627693176;0,0208059661090374
1845;3569,718994140625;17,193031311035156;67294,4921875;1053,2763671875;-306,07061767578125;-65,15084075927734;1,6053012609481812;0,5084247589111328;0,5248114466667175;0,022251883521676064
1846;3569,718994140625;17,193031311035156;67294,4921875;1013,9602661132812;-317,19317626953125;-65,1129150390625;1,5105538368225098;0,47358787059783936;0,4960174560546875;0,020716408267617226
1847;3569,718994140625;17,193031311035156;67294,4921875;1038,514404296875;-330,66766357421875;-64,46382141113281;1,5905567407608032;0,506198525428772;0,5214676856994629;0,02193783037364483
1848;3569,718994140625;17,193031311035156;67294,4921875;1036,51220703125;-317,8757629394531;-63,47873306274414;1,5327104330062866;0,4836505055427551;0,5043679475784302;0,02103240415453911
1849;3569,718994140625;17,193031311035156;67294,4921875;994,3273315429688;-342,1562805175781;-56,412418365478516;1,597098469734192;0,5037956237792969;0,5261453986167908;0,022091533988714218
1850;3569,718994140625;17,193031311035156;67294,4921875;1023,3214111328125;-349,8414001464844;-58,8897705078125;1,6405702829360962;0,5196146368980408;0,5394128561019897;0,022691577672958374
1851;3569,718994140625;17,193031311035156;67294,4921875;982,0548706054688;-398,16815185546875;-64,5224380493164;1,6041117906570435;0,5053298473358154;0,5288107395172119;0,022167321294546127
1852;3569,718994140625;17,193031311035156;67294,4921875;1022,2955932617188;-389,1323547363281;-67,44325256347656;1,6028891801834106;0,5034204721450806;0,5294381976127625;0,022212035953998566
1853;3569,718994140625;17,193031311035156;67294,4921875;994,4236450195312;-404,31964111328125;-61,92373275756836;1,6192539930343628;0,5080167055130005;0,5341147780418396;0,02243483066558838
1854;3569,718994140625;17,193031311035156;67294,4921875;964,9075927734375;-415,323486328125;-62,40208053588867;1,5956175327301025;0,4999922215938568;0,5269562602043152;0,022113975137472153
1855;3569,718994140625;17,193031311035156;67294,4921875;985,6080322265625;-419,72052001953125;-64,72786712646484;1,5553524494171143;0,48779797554016113;0,5144564509391785;0,021538224071264267
1856;3569,718994140625;17,193031311035156;67294,4921875;945,2886962890625;-444,83489990234375;-60,26082229614258;1,657704472541809;0,5167872309684753;0,5453046560287476;0,02307441271841526
1857;3569,718994140625;17,193031311035156;67294,4921875;915,9299926757812;-467,4643859863281;-66,3748550415039;1,5479907989501953;0,4857005774974823;0,5109899044036865;0,021465061232447624
1858;3569,718994140625;17,193031311035156;67294,4921875;850,3055419921875;-498,0145263671875;-53,777748107910156;1,6491124629974365;0,5095616579055786;0,5395321249961853;0,022843128070235252
1859;3569,718994140625;17,193031311035156;67294,4921875;891,0722045898438;-510,04351806640625;-60,5002555847168;1,6715171337127686;0,5176655054092407;0,5468208193778992;0,023342367261648178
1860;3569,718994140625;17,193031311035156;67294,4921875;886,6383666992188;-539,7871704101562;-53,65891647338867;1,6278047561645508;0,5031886100769043;0,5312322974205017;0,022633254528045654
1861;3569,718994140625;17,193031311035156;67294,4921875;850,5858764648438;-549,8119506835938;-48,47176742553711;1,6015108823776245;0,49797189235687256;0,5224770903587341;0,022336920723319054
1862;3569,718994140625;17,193031311035156;67294,4921875;812,6065673828125;-584,7891235351562;-50,15650177001953;1,6246886253356934;0,4977664351463318;0,5262892842292786;0,022545745596289635
1863;3569,718994140625;17,193031311035156;67294,4921875;794,4855346679688;-590,5150756835938;-48,599700927734375;1,6229207515716553;0,4998369812965393;0,5249291062355042;0,022651448845863342
1864;3569,718994140625;17,193031311035156;67294,4921875;841,9927368164062;-610,2080688476562;-54,483909606933594;1,6253976821899414;0,5011776089668274;0,5240967869758606;0,022760728374123573
1865;3569,718994140625;17,193031311035156;67294,4921875;856,2661743164062;-616,8465576171875;-53,822509765625;1,6616469621658325;0,5114389657974243;0,5335355997085571;0,023401426151394844
1866;3569,718994140625;17,193031311035156;67294,4921875;747,1491088867188;-652,5745239257812;-46,96159362792969;1,5657413005828857;0,4915526807308197;0,5029568076133728;0,022051427513360977
1867;3569,718994140625;17,193031311035156;67294,4921875;749,4141845703125;-675,8037109375;-43,1172981262207;1,584671139717102;0,4936399757862091;0,5058122277259827;0,022333528846502304
1868;3569,718994140625;17,193031311035156;67294,4921875;686,80029296875;-693,37939453125;-44,51158142089844;1,5798592567443848;0,4939378499984741;0,502232015132904;0,022339651361107826
1869;3569,718994140625;17,193031311035156;67294,4921875;687,1436157226562;-701,1301879882812;-37,38223648071289;1,562259554862976;0,48933881521224976;0,49426862597465515;0,022102946415543556
1870;3569,718994140625;17,193031311035156;67294,4921875;588,9970092773438;-728,62451171875;-33,4343376159668;1,5577837228775024;0,48294797539711;0,48917821049690247;0,021969372406601906
1871;3569,718994140625;17,193031311035156;67294,4921875;573,0415649414062;-749,315185546875;-32,91161346435547;1,5443003177642822;0,4834379255771637;0,483124703168869;0,021887807175517082
1872;3569,718994140625;17,193031311035156;67294,4921875;588,128173828125;-755,2583618164062;-32,232666015625;1,5271464586257935;0,48944103717803955;0,4771263301372528;0,021866371855139732
1873;3569,718994140625;17,193031311035156;67294,4921875;593,7570190429688;-743,8123779296875;-27,697080612182617;1,518823266029358;0,47899559140205383;0,4701007306575775;0,021620886400341988
1874;3569,718994140625;17,193031311035156;67294,4921875;491,8926696777344;-784,5742797851562;-28,20379638671875;1,5195308923721313;0,4757094979286194;0,46667665243148804;0,02162015810608864
1875;3569,718994140625;17,193031311035156;67294,4921875;551,0839233398438;-796,3529663085938;-34,15499496459961;1,4860931634902954;0,47248971462249756;0,45472198724746704;0,021230453625321388
1876;3569,718994140625;17,193031311035156;67294,4921875;531,1776733398438;-805,0243530273438;-30,918941497802734;1,4758257865905762;0,4696357250213623;0,44860750436782837;0,021113209426403046
1877;3569,718994140625;17,193031311035156;67294,4921875;507,5291748046875;-840,1560668945312;-32,092926025390625;1,429319143295288;0,4666358232498169;0,43358680605888367;0,020564254373311996
1878;3569,718994140625;17,193031311035156;67294,4921875;541,6551513671875;-828,92919921875;-30,7144832611084;1,4797992706298828;0,459015429019928;0,4415968060493469;0,021070310845971107
1879;3569,718994140625;17,193031311035156;67294,4921875;517,2362670898438;-849,2640380859375;-36,10841369628906;1,4227193593978882;0,4600888192653656;0,42480072379112244;0,02048598788678646
1880;3569,718994140625;17,193031311035156;67294,4921875;547,1018676757812;-849,3698120117188;-35,3187141418457;1,46272873878479;0,47280585765838623;0,43362727761268616;0,021281816065311432
1881;3569,718994140625;17,193031311035156;67294,4921875;534,4998168945312;-863,3956909179688;-33,988914489746094;1,4268689155578613;0,4692239463329315;0,42139166593551636;0,020848531275987625
1882;3569,718994140625;17,193031311035156;67294,4921875;511,6587219238281;-870,7564086914062;-32,65511703491211;1,3918768167495728;0,45743656158447266;0,40813806653022766;0,020268134772777557
1883;3569,718994140625;17,193031311035156;67294,4921875;477,88616943359375;-886,7130126953125;-31,231412887573242;1,4030182361602783;0,4651110768318176;0,4092438220977783;0,020628144964575768
1884;3569,718994140625;17,193031311035156;67294,4921875;578,8416748046875;-869,9248657226562;-37,11992645263672;1,4138598442077637;0,465378999710083;0,40905076265335083;0,020848622545599937
1885;3569,718994140625;17,193031311035156;67294,4921875;540,3795166015625;-884,1222534179688;-34,914772033691406;1,3724050521850586;0,45694613456726074;0,39529868960380554;0,020252151414752007
1886;3569,718994140625;17,193031311035156;67294,4921875;535,0315551757812;-887,0078125;-33,17742919921875;1,3687858581542969;0,4542827010154724;0,3914888799190521;0,020240720361471176
1887;3569,718994140625;17,193031311035156;67294,4921875;570,7587890625;-885,9299926757812;-38,11285400390625;1,3320354223251343;0,4442123770713806;0,37898561358451843;0,019666459411382675
1888;3569,718994140625;17,193031311035156;67294,4921875;519,1142578125;-890,9055786132812;-34,9828987121582;1,3458489179611206;0,4403987228870392;0,37930169701576233;0,019855597987771034
1889;3569,718994140625;17,193031311035156;67294,4921875;600,9729614257812;-874,6788940429688;-38,87733840942383;1,3038101196289062;0,4465070068836212;0,3686698079109192;0,01952979527413845
1890;3569,718994140625;17,193031311035156;67294,4921875;537,570068359375;-886,815185546875;-36,24732971191406;1,3435810804367065;0,44462689757347107;0,3754286766052246;0,020103715360164642
1891;3569,718994140625;17,193031311035156;67294,4921875;592,8023681640625;-877,5036010742188;-40,18478775024414;1,2918277978897095;0,4356270432472229;0,360568106174469;0,01935471035540104
1892;3569,718994140625;17,193031311035156;67294,4921875;616,4688110351562;-868,3731689453125;-40,39360046386719;1,329113483428955;0,43800005316734314;0,3677506446838379;0,019987212494015694
1893;3569,718994140625;17,193031311035156;67294,4921875;551,6309204101562;-889,6696166992188;-38,662384033203125;1,280941367149353;0,4297928810119629;0,35430464148521423;0,019298996776342392
1894;3569,718994140625;17,193031311035156;67294,4921875;604,1824340820312;-887,1759643554688;-42,42330551147461;1,2512900829315186;0,42342278361320496;0,34554144740104675;0,018882982432842255
1895;3569,718994140625;17,193031311035156;67294,4921875;605,1385498046875;-889,5503540039062;-42,261497497558594;1,2611445188522339;0,4383341073989868;0,3491784334182739;0,019426362589001656
1896;3569,718994140625;17,193031311035156;67294,4921875;653,6112060546875;-877,31884765625;-46,188995361328125;1,2348098754882812;0,4276733994483948;0,3409139811992645;0,018972136080265045
1897;3569,718994140625;17,193031311035156;67294,4921875;587,7568359375;-900,42236328125;-43,51091384887695;1,232399344444275;0,4184124767780304;0,3383999764919281;0,01885949820280075
1898;3569,718994140625;17,193031311035156;67294,4921875;656,8252563476562;-885,1515502929688;-45,908267974853516;1,2253992557525635;0,41649752855300903;0,33625054359436035;0,018839078024029732
1899;3569,718994140625;17,193031311035156;67294,4921875;611,5432739257812;-907,0826416015625;-44,62384033203125;1,2507106065750122;0,4198942482471466;0,34232500195503235;0,019371021538972855
1900;3569,718994140625;17,193031311035156;67294,4921875;625,6282958984375;-907,5162963867188;-45,380680084228516;1,2193801403045654;0,4278630018234253;0,33674919605255127;0,019235730171203613
1901;3569,718994140625;17,193031311035156;67294,4921875;653,2308349609375;-907,8317260742188;-47,99951934814453;1,2262544631958008;0,42184507846832275;0,33769556879997253;0,019328869879245758
1902;3569,718994140625;17,193031311035156;67294,4921875;646,8311157226562;-916,7599487304688;-48,307472229003906;1,2249138355255127;0,4207817614078522;0,33780553936958313;0,01941215805709362
1903;3569,718994140625;17,193031311035156;67294,4921875;672,6624145507812;-921,0482788085938;-49,23505401611328;1,2081259489059448;0,4171697795391083;0,3342699110507965;0,01922978274524212
1904;3569,718994140625;17,193031311035156;67294,4921875;693,647705078125;-917,2269287109375;-51,15962219238281;1,1811707019805908;0,4217132329940796;0,3298499286174774;0,019075658172369003
1905;3569,718994140625;17,193031311035156;67294,4921875;673,3158569335938;-917,2517700195312;-52,132598876953125;1,1758960485458374;0,41091156005859375;0,32816261053085327;0,018900642171502113
1906;3569,718994140625;17,193031311035156;67294,4921875;682,1279296875;-900,3298950195312;-52,987186431884766;1,2067532539367676;0,42324531078338623;0,33835700154304504;0,019721245393157005
1907;3569,718994140625;17,193031311035156;67294,4921875;683,0125732421875;-902,1368408203125;-52,48434066772461;1,1450084447860718;0,39972808957099915;0,32222771644592285;0,01847359538078308
1908;3569,718994140625;17,193031311035156;67294,4921875;730,5794067382812;-893,342041015625;-57,12636947631836;1,1534174680709839;0,405750572681427;0,3266632854938507;0,018852155655622482
1909;3569,718994140625;17,193031311035156;67294,4921875;697,1121826171875;-885,1466064453125;-57,56010437011719;1,1975674629211426;0,41401392221450806;0,33999019861221313;0,01978156715631485
1910;3569,718994140625;17,193031311035156;67294,4921875;726,4482421875;-864,7095947265625;-55,83527374267578;1,139099359512329;0,4054594933986664;0,3269157111644745;0,018895359709858894
1911;3569,718994140625;17,193031311035156;67294,4921875;729,803955078125;-865,3366088867188;-54,064849853515625;1,1002261638641357;0,40381669998168945;0,31941282749176025;0,018423601984977722
1912;3569,718994140625;17,193031311035156;67294,4921875;723,7159423828125;-859,51953125;-53,396202087402344;1,1053932905197144;0,4027738571166992;0,32251930236816406;0,018598562106490135
1913;3569,718994140625;17,193031311035156;67294,4921875;747,3786010742188;-842,2066040039062;-56,04841995239258;1,0891354084014893;0,39195379614830017;0,31919094920158386;0,018243810161948204
1914;3569,718994140625;17,193031311035156;67294,4921875;763,8057250976562;-830,0692749023438;-57,019569396972656;1,0944193601608276;0,39859849214553833;0,3235640227794647;0,01858747936785221
1915;3569,718994140625;17,193031311035156;67294,4921875;790,1245727539062;-815,79345703125;-58,61968994140625;1,0133700370788574;0,3864002823829651;0,30402886867523193;0,017232488840818405
1916;3569,718994140625;17,193031311035156;67294,4921875;805,6285400390625;-798,4789428710938;-61,30525588989258;1,0208853483200073;0,38621655106544495;0,30796462297439575;0,017454039305448532
1917;3569,718994140625;17,193031311035156;67294,4921875;857,145263671875;-783,643798828125;-65,10455322265625;1,053853154182434;0,3910868465900421;0,3191099762916565;0,018164649605751038
1918;3569,718994140625;17,193031311035156;67294,4921875;918,9357299804688;-755,4735107421875;-70,46110534667969;1,0360913276672363;0,38515955209732056;0,3160158693790436;0,017877012491226196
1919;3569,718994140625;17,193031311035156;67294,4921875;958,6229858398438;-744,1231689453125;-74,26583099365234;0,9582198262214661;0,3666950464248657;0,29567044973373413;0,01639208011329174
1920;3569,718994140625;17,193031311035156;67294,4921875;982,3165283203125;-726,0225219726562;-76,4798812866211;0,9749072194099426;0,37360018491744995;0,3029489815235138;0,016904281452298164
1921;3569,718994140625;17,193031311035156;67294,4921875;966,3572998046875;-719,8660888671875;-74,47438049316406;1,0035914182662964;0,3793478012084961;0,3132941722869873;0,017568795010447502
1922;3569,718994140625;17,193031311035156;67294,4921875;1011,3517456054688;-696,3529052734375;-78,19801330566406;0,9697985053062439;0,3707304000854492;0,3052788972854614;0,016958825290203094
1923;3569,718994140625;17,193031311035156;67294,4921875;1008,8993530273438;-692,2067260742188;-80,74413299560547;0,9383648037910461;0,3570065200328827;0,2970699667930603;0,016253646463155746
1924;3569,718994140625;17,193031311035156;67294,4921875;987,0652465820312;-671,1305541992188;-76,55909729003906;0,9381871819496155;0,3648229241371155;0,299845814704895;0,016519848257303238
1925;3569,718994140625;17,193031311035156;67294,4921875;1012,8414306640625;-659,3601684570312;-77,66922760009766;0,9705783128738403;0,36599746346473694;0,3106437027454376;0,01712656207382679
1926;3569,718994140625;17,193031311035156;67294,4921875;930,4703979492188;-646,3555297851562;-71,08049011230469;0,9510511159896851;0,3621333837509155;0,3065722584724426;0,01682574674487114
1927;3569,718994140625;17,193031311035156;67294,4921875;992,0831909179688;-626,3330688476562;-77,31065368652344;0,9515771269798279;0,3589005470275879;0,30799832940101624;0,016829010099172592
1928;3569,718994140625;17,193031311035156;67294,4921875;962,8618774414062;-604,2763061523438;-73,7188949584961;0,9105530381202698;0,34919071197509766;0,2969265580177307;0,016056090593338013
1929;3569,718994140625;17,193031311035156;67294,4921875;972,3350830078125;-595,681884765625;-73,00636291503906;0,8952781558036804;0,3416387736797333;0,2931518256664276;0,015708081424236298
1930;3569,718994140625;17,193031311035156;67294,4921875;962,8795166015625;-587,6625366210938;-73,07858276367188;0,9247941970825195;0,3514707386493683;0,30400577187538147;0,01646314561367035
1931;3569,718994140625;17,193031311035156;67294,4921875;963,8793334960938;-572,4542846679688;-72,25323486328125;0,8882389068603516;0,33600908517837524;0,2930034399032593;0,015581632032990456
1932;3569,718994140625;17,193031311035156;67294,4921875;926,3751831054688;-553,3817138671875;-68,11551666259766;0,8928264379501343;0,3406181335449219;0,29595503211021423;0,01584245078265667
1933;3569,718994140625;17,193031311035156;67294,4921875;1009,608154296875;-530,236572265625;-76,8084945678711;0,8610934019088745;0,3278998136520386;0,2863198220729828;0,015100344084203243
1934;3569,718994140625;17,193031311035156;67294,4921875;947,2373046875;-508,5546875;-72,33279418945312;0,8695484399795532;0,32747411727905273;0,28955256938934326;0,015252388082444668
1935;3569,718994140625;17,193031311035156;67294,4921875;983,4508666992188;-496,87188720703125;-70,87273406982422;0,8810073733329773;0,3278721868991852;0,2936456799507141;0,015428685583174229
1936;3569,718994140625;17,193031311035156;67294,4921875;956,1403198242188;-482,38262939453125;-68,42210388183594;0,894935667514801;0,3321656286716461;0,29881125688552856;0,01578587479889393
1937;3569,718994140625;17,193031311035156;67294,4921875;949,431640625;-477,44390869140625;-67,35960388183594;0,9011909365653992;0,3318835496902466;0,3010672926902771;0,0158025361597538
1938;3569,718994140625;17,193031311035156;67294,4921875;916,8350830078125;-461,9498291015625;-66,72803497314453;0,863322913646698;0,3189913332462311;0,28893086314201355;0,01504066027700901
1939;3569,718994140625;17,193031311035156;67294,4921875;910,2784423828125;-459,8279724121094;-66,65653991699219;0,829163134098053;0,30571502447128296;0,2776949107646942;0,014269538223743439
1940;3569,718994140625;17,193031311035156;67294,4921875;848,2808227539062;-441,66229248046875;-63,843624114990234;0,8852464556694031;0,3247157037258148;0,2963164746761322;0,015551544725894928
1941;3569,718994140625;17,193031311035156;67294,4921875;864,2420654296875;-416,38140869140625;-63,72745895385742;0,8444712162017822;0,30854639410972595;0,2825101315975189;0,014525900594890118
1942;3569,718994140625;17,193031311035156;67294,4921875;835,1393432617188;-373,26507568359375;-58,03111267089844;0,8730192184448242;0,3180933892726898;0,29177433252334595;0,015188655816018581
1943;3569,718994140625;17,193031311035156;67294,4921875;807,6948852539062;-351,18438720703125;-53,98135757446289;0,8840376734733582;0,32273492217063904;0,2951355576515198;0,01534856203943491
1944;3569,718994140625;17,193031311035156;67294,4921875;803,2495727539062;-328,8362121582031;-58,25127029418945;0,8606433868408203;0,31100788712501526;0,286641389131546;0,014823493547737598
1945;3569,718994140625;17,193031311035156;67294,4921875;765,9717407226562;-303,792724609375;-52,571414947509766;0,8536291718482971;0,30875542759895325;0,2837364971637726;0,014571665786206722
1946;3569,718994140625;17,193031311035156;67294,4921875;746,5355834960938;-289,4458923339844;-50,1993522644043;0,8741394281387329;0,3187861442565918;0,29002201557159424;0,014956758357584476
1947;3569,718994140625;17,193031311035156;67294,4921875;713,787841796875;-247,1016387939453;-45,87087631225586;0,8672058582305908;0,31091928482055664;0,2864930331707001;0,01483052596449852
1948;3569,718994140625;17,193031311035156;67294,4921875;633,1893310546875;-207,25100708007812;-39,54520034790039;0,8740414381027222;0,3193143606185913;0,2882513105869293;0,014840202406048775
1949;3569,718994140625;17,193031311035156;67294,4921875;574,8820190429688;-168,569091796875;-36,850101470947266;0,8777027726173401;0,32149186730384827;0,2884475290775299;0,014862204901874065
1950;3569,718994140625;17,193031311035156;67294,4921875;561,5419921875;-129,9412384033203;-33,61637496948242;0,8525177240371704;0,3070758879184723;0,278608113527298;0,014247609302401543
1951;3569,718994140625;17,193031311035156;67294,4921875;496,4838562011719;-94,30545806884766;-30,33400535583496;0,856914222240448;0,3078838288784027;0,27871599793434143;0,01429528184235096
1952;3569,718994140625;17,193031311035156;67294,4921875;457,3741455078125;-59,795745849609375;-24,296964645385742;0,8916988968849182;0,32683151960372925;0,28913363814353943;0,015020904131233692
1953;3569,718994140625;17,193031311035156;67294,4921875;450,1474609375;-15,641518592834473;-24,964826583862305;0,8584285378456116;0,3170945644378662;0,27708539366722107;0,014097989536821842
1954;3569,718994140625;17,193031311035156;67294,4921875;361,41217041015625;20,248125076293945;-18,667390823364258;0,8533028960227966;0,3104347288608551;0,27350935339927673;0,013950721360743046
1955;3569,718994140625;17,193031311035156;67294,4921875;288,29461669921875;50,831050872802734;-15,770790100097656;0,8652490377426147;0,3154931962490082;0,2757495641708374;0,014163385145366192
1956;3569,718994140625;17,193031311035156;67294,4921875;260,7796630859375;84,02745819091797;-13,905574798583984;0,8795099258422852;0,31301966309547424;0,2779248356819153;0,01446252316236496
1957;3569,718994140625;17,193031311035156;67294,4921875;227,32479858398438;104,33229064941406;-9,604955673217773;0,8734388947486877;0,3142113983631134;0,2744731307029724;0,014216634444892406
1958;3569,718994140625;17,193031311035156;67294,4921875;195,06619262695312;128,44847106933594;-9,044758796691895;0,8640704154968262;0,3212668001651764;0,2705470621585846;0,013840674422681332
1959;3569,718994140625;17,193031311035156;67294,4921875;190,12025451660156;152,5408935546875;-9,606744766235352;0,8776949644088745;0,32280513644218445;0,2725951075553894;0,014109033159911633
1960;3569,718994140625;17,193031311035156;67294,4921875;132,72842407226562;183,73487854003906;-6,464141845703125;0,8528245687484741;0,3045666515827179;0,26220470666885376;0,01344017032533884
1961;3569,718994140625;17,193031311035156;67294,4921875;116,04712677001953;198,09788513183594;-6,2388763427734375;0,8798292875289917;0,31882449984550476;0,2688809633255005;0,013984251767396927
1962;3569,718994140625;17,193031311035156;67294,4921875;82,49236297607422;214,28109741210938;-3,862449884414673;0,9035495519638062;0,3353703022003174;0,2747092545032501;0,01442780438810587
1963;3569,718994140625;17,193031311035156;67294,4921875;84,3034439086914;233,34103393554688;-3,667929172515869;0,8767769932746887;0,3241139054298401;0,26442405581474304;0,013689933344721794
1964;3569,718994140625;17,193031311035156;67294,4921875;39,52537155151367;253,24908447265625;-1,1329548358917236;0,8969730734825134;0,32376810908317566;0,26776376366615295;0,014077023603022099
1965;3569,718994140625;17,193031311035156;67294,4921875;62,83737564086914;247,95143127441406;-1,327567219734192;0,8876732587814331;0,3204745650291443;0,26292505860328674;0,013748068362474442
1966;3569,718994140625;17,193031311035156;67294,4921875;-22,042146682739258;276,1182861328125;1,6634230613708496;0,8906909823417664;0,33394402265548706;0,2628161609172821;0,013688956387341022
1967;3569,718994140625;17,193031311035156;67294,4921875;-72,99761962890625;307,7015075683594;2,379671812057495;0,8648331761360168;0,313065767288208;0,25227636098861694;0,012984038330614567
1968;3569,718994140625;17,193031311035156;67294,4921875;-86,46417236328125;319,8428649902344;2,090654134750366;0,8859242796897888;0,31933262944221497;0,25634631514549255;0,013371381908655167
1969;3569,718994140625;17,193031311035156;67294,4921875;-38,85954666137695;319,8097839355469;1,0040035247802734;0,9071840047836304;0,3337392807006836;0,2610902488231659;0,013747826218605042
1970;3569,718994140625;17,193031311035156;67294,4921875;-0,31207841634750366;321,4295349121094;0,7853747010231018;0,899229884147644;0,3232339024543762;0,2562848925590515;0,013448125682771206
1971;3569,718994140625;17,193031311035156;67294,4921875;-11,674131393432617;329,5838317871094;1,1210048198699951;0,9344167113304138;0,3523790240287781;0,2658131420612335;0,014133160002529621
1972;3569,718994140625;17,193031311035156;67294,4921875;27,682756423950195;318,0507507324219;-3,132335662841797;0,9224171042442322;0,3299654424190521;0,25913429260253906;0,01373749878257513
1973;3569,718994140625;17,193031311035156;67294,4921875;5,510775089263916;327,2552185058594;-1,4347875118255615;0,9405022859573364;0,3535481095314026;0,26392510533332825;0,014034832827746868
1974;3569,718994140625;17,193031311035156;67294,4921875;13,745070457458496;327,31488037109375;-2,5246896743774414;0,9743965864181519;0,36452344059944153;0,27162590622901917;0,014666832983493805
1975;3569,718994140625;17,193031311035156;67294,4921875;26,127931594848633;321,7294921875;-2,940885305404663;0,9311271905899048;0,3445948362350464;0,2577829360961914;0,013585837557911873
1976;3569,718994140625;17,193031311035156;67294,4921875;88,58377075195312;317,2001953125;-7,631511688232422;0,9688042998313904;0,36877551674842834;0,26766443252563477;0,01430358737707138
1977;3569,718994140625;17,193031311035156;67294,4921875;76,81000518798828;318,90423583984375;-8,348800659179688;0,9750319719314575;0,36933404207229614;0,2679694890975952;0,014321313239634037
1978;3569,718994140625;17,193031311035156;67294,4921875;105,17256164550781;313,0836181640625;-9,372349739074707;0,9657444953918457;0,3623690605163574;0,26402702927589417;0,013998591341078281
1979;3569,718994140625;17,193031311035156;67294,4921875;56,42676544189453;319,61065673828125;-6,702729225158691;1,0020617246627808;0,38299819827079773;0,2735240161418915;0,014666985720396042
1980;3569,718994140625;17,193031311035156;67294,4921875;67,44979858398438;321,0771484375;-4,365751266479492;1,0022426843643188;0,38145095109939575;0,27260658144950867;0,014551259577274323
1981;3569,718994140625;17,193031311035156;67294,4921875;53,689727783203125;318,8692626953125;-3,1702206134796143;1,005233883857727;0,4043402671813965;0,27446940541267395;0,014467022381722927
1982;3569,718994140625;17,193031311035156;67294,4921875;6,24882698059082;324,6446838378906;0,9734209179878235;1,0217278003692627;0,38831210136413574;0,2766692638397217;0,014727831818163395
1983;3569,718994140625;17,193031311035156;67294,4921875;107,99346923828125;299,0627746582031;-5,639243125915527;1,0194237232208252;0,39736172556877136;0,2764500081539154;0,01455809734761715
1984;3569,718994140625;17,193031311035156;67294,4921875;71,57067108154297;308,81610107421875;-4,541560649871826;1,0230273008346558;0,39612460136413574;0,2770501971244812;0,014519989490509033
1985;3569,718994140625;17,193031311035156;67294,4921875;43,14310836791992;328,151123046875;-2,95090913772583;1,0247241258621216;0,3912065029144287;0,277108758687973;0,014444254338741302
1986;3569,718994140625;17,193031311035156;67294,4921875;96,51677703857422;326,39361572265625;-6,5805864334106445;1,06338369846344;0,41968175768852234;0,28869473934173584;0,01512142550200224
1987;3569,718994140625;17,193031311035156;67294,4921875;79,68191528320312;338,6803894042969;-4,833323001861572;1,1017361879348755;0,4443994462490082;0,300099641084671;0,01577492617070675
1988;3569,718994140625;17,193031311035156;67294,4921875;114,01629638671875;343,3775634765625;-3,8620433807373047;1,1095807552337646;0,43883803486824036;0,3021397292613983;0,015830889344215393
1989;3569,718994140625;17,193031311035156;67294,4921875;143,82138061523438;349,40625;-8,075789451599121;1,1251389980316162;0,4488011300563812;0,3073122203350067;0,016023555770516396
1990;3569,718994140625;17,193031311035156;67294,4921875;110,02799987792969;349,25433349609375;-4,94687032699585;1,138481616973877;0,4401822090148926;0,3109641969203949;0,01618860848248005
1991;3569,718994140625;17,193031311035156;67294,4921875;154,511474609375;337,4473571777344;-4,756871700286865;1,1380455493927002;0,44681209325790405;0,3122735619544983;0,016064319759607315
1992;3569,718994140625;17,193031311035156;67294,4921875;143,0447998046875;348,5930480957031;-7,373766899108887;1,1471655368804932;0,4480145275592804;0,3158310353755951;0,016137883067131042
1993;3569,718994140625;17,193031311035156;67294,4921875;218,16680908203125;330,6685791015625;-6,528360843658447;1,1490927934646606;0,4440935552120209;0,3174501955509186;0,016073565930128098
1994;3569,718994140625;17,193031311035156;67294,4921875;239,2813262939453;342,06866455078125;-6,950753688812256;1,2100239992141724;0,46258994936943054;0,33559563755989075;0,017143046483397484
1995;3569,718994140625;17,193031311035156;67294,4921875;238,5780792236328;345,88507080078125;-4,097891330718994;1,2256542444229126;0,48791754245758057;0,3425261676311493;0,01731184870004654
1996;3569,718994140625;17,193031311035156;67294,4921875;252,5286865234375;336,563232421875;-9,732794761657715;1,1835310459136963;0,4710659086704254;0,3324674069881439;0,01639384962618351
1997;3569,718994140625;17,193031311035156;67294,4921875;224,069091796875;358,0586853027344;-2,907789468765259;1,2066649198532104;0,4587652385234833;0,3399757146835327;0,01678202487528324
1998;3569,718994140625;17,193031311035156;67294,4921875;212,3099822998047;347,9410095214844;-1,6502265930175781;1,280363917350769;0,5051813721656799;0,36352065205574036;0,01803022250533104
1999;3569,718994140625;17,193031311035156;67294,4921875;234,27825927734375;341,82635498046875;-7,450288772583008;1,2465509176254272;0,47772350907325745;0,35557302832603455;0,0173324141651392
2000;3569,718994140625;17,193031311035156;67294,4921875;262,6346435546875;311,9582824707031;-5,295412063598633;1,2841882705688477;0,5119124054908752;0,3691364824771881;0,0178667102009058
2001;3569,718994140625;17,193031311035156;67294,4921875;220,84295654296875;317,4130554199219;-3,2345433235168457;1,2648301124572754;0,4761105179786682;0,36511924862861633;0,017498986795544624
2002;3569,718994140625;17,193031311035156;67294,4921875;253,213623046875;304,6271057128906;-8,609134674072266;1,299729824066162;0,5013025403022766;0,3778670132160187;0,018014034256339073
2003;3569,718994140625;17,193031311035156;67294,4921875;231,44625854492188;295,6878356933594;-3,549384593963623;1,3367036581039429;0,5109208822250366;0,39102038741111755;0,018605545163154602
2004;3569,718994140625;17,193031311035156;67294,4921875;241,08250427246094;274,6473388671875;-2,5157203674316406;1,4166383743286133;0,5359521508216858;0,41700485348701477;0,019955236464738846
2005;3569,718994140625;17,193031311035156;67294,4921875;263,31597900390625;268,6513366699219;-1,0620416402816772;1,3688790798187256;0,5255167484283447;0,4055885374546051;0,018979504704475403
2006;3569,718994140625;17,193031311035156;67294,4921875;277,625;250,84371948242188;-2,151412010192871;1,409660816192627;0,5275775790214539;0,42025256156921387;0,01966412365436554
2007;3569,718994140625;17,193031311035156;67294,4921875;309,5814514160156;229,57574462890625;-1,335701584815979;1,4391103982925415;0,5480628609657288;0,4317081570625305;0,02004673145711422
2008;3569,718994140625;17,193031311035156;67294,4921875;304,0144958496094;215,5880126953125;-3,8123064041137695;1,4269475936889648;0,5251926779747009;0,43077629804611206;0,0198223777115345
2009;3569,718994140625;17,193031311035156;67294,4921875;294,5592346191406;200,9014892578125;-4,5731000900268555;1,3777294158935547;0,4838152825832367;0,41871729493141174;0,01894998736679554
2010;3569,718994140625;17,193031311035156;67294,4921875;276,4471435546875;185,64984130859375;-1,6084822416305542;1,432633876800537;0,5157257914543152;0,43786463141441345;0,01979921944439411
2011;3569,718994140625;17,193031311035156;67294,4921875;336,79376220703125;159,32203674316406;-7,7167487144470215;1,4087953567504883;0,48102670907974243;0,43364831805229187;0,01938648521900177
2012;3569,718994140625;17,193031311035156;67294,4921875;332,17010498046875;129,93235778808594;-2,563910961151123;1,4424636363983154;0,5136697292327881;0,4460134506225586;0,019836336374282837
2013;3569,718994140625;17,193031311035156;67294,4921875;351,94805908203125;92,96229553222656;-6,581253528594971;1,4475855827331543;0,5101084113121033;0,45015019178390503;0,019875891506671906
2014;3569,718994140625;17,193031311035156;67294,4921875;410,1270446777344;79,504638671875;-8,54125690460205;1,4174367189407349;0,49554675817489624;0,44317826628685;0,01930137723684311
2015;3569,718994140625;17,193031311035156;67294,4921875;422,53338623046875;42,147830963134766;-8,180357933044434;1,4903628826141357;0,5123637914657593;0,4686369299888611;0,020533379167318344
2016;3569,718994140625;17,193031311035156;67294,4921875;464,6246643066406;11,959358215332031;-10,544350624084473;1,4849971532821655;0,5059771537780762;0,4693564474582672;0,020402198657393456
2017;3569,718994140625;17,193031311035156;67294,4921875;510,2850646972656;-26,4788875579834;-15,525333404541016;1,4587901830673218;0,4875776171684265;0,4636940658092499;0,019949818029999733
2018;3569,718994140625;17,193031311035156;67294,4921875;544,35107421875;-62,23472213745117;-16,944135665893555;1,4974651336669922;0,5045772790908813;0,47766345739364624;0,020526720210909843
2019;3569,718994140625;17,193031311035156;67294,4921875;566,4668579101562;-86,33245086669922;-20,483613967895508;1,5098543167114258;0,49259674549102783;0,48478254675865173;0,02078188955783844
2020;3569,718994140625;17,193031311035156;67294,4921875;573,9307861328125;-124,48149871826172;-16,444345474243164;1,5173794031143188;0,495313435792923;0,48898574709892273;0,02086866833269596
2021;3569,718994140625;17,193031311035156;67294,4921875;592,5436401367188;-129,13832092285156;-19,487607955932617;1,493718147277832;0,4788210988044739;0,48394402861595154;0,020489100366830826
2022;3569,718994140625;17,193031311035156;67294,4921875;615,0694580078125;-165,80654907226562;-22,568256378173828;1,5063014030456543;0,49263906478881836;0,48834511637687683;0,020589541643857956
2023;3569,718994140625;17,193031311035156;67294,4921875;641,8672485351562;-175,70648193359375;-25,387393951416016;1,6041805744171143;0,5252954959869385;0,521258533000946;0,02217044308781624
2024;3569,718994140625;17,193031311035156;67294,4921875;675,1331787109375;-199,3094482421875;-30,287715911865234;1,5244771242141724;0,4919116497039795;0,4976070523262024;0,02088771015405655
2025;3569,718994140625;17,193031311035156;67294,4921875;638,0928344726562;-206,86056518554688;-29,32518768310547;1,603438377380371;0,5172510743141174;0,5243608355522156;0,022166546434164047
2026;3569,718994140625;17,193031311035156;67294,4921875;619,48046875;-238,87826538085938;-33,576744079589844;1,4898096323013306;0,48139846324920654;0,4876159131526947;0,020179662853479385
2027;3569,718994140625;17,193031311035156;67294,4921875;646,4435424804688;-233,3451690673828;-27,624879837036133;1,564420223236084;0,4965622127056122;0,5150015950202942;0,02158968523144722
2028;3569,718994140625;17,193031311035156;67294,4921875;637,6005249023438;-246,0153350830078;-32,5497932434082;1,6326611042022705;0,5205047130584717;0,537078857421875;0,022631356492638588
2029;3569,718994140625;17,193031311035156;67294,4921875;664,1782836914062;-256,3660888671875;-30,914735794067383;1,614421010017395;0,5136240124702454;0,5314030051231384;0,02229423075914383
2030;3569,718994140625;17,193031311035156;67294,4921875;632,1176147460938;-267,16754150390625;-32,243587493896484;1,541588306427002;0,48652875423431396;0,5094143152236938;0,021202581003308296
2031;3569,718994140625;17,193031311035156;67294,4921875;613,3577270507812;-286,2030944824219;-26,681222915649414;1,557487964630127;0,4909668266773224;0,5146511197090149;0,021445512771606445
2032;3569,718994140625;17,193031311035156;67294,4921875;585,4472045898438;-281,6401672363281;-30,45899200439453;1,543410301208496;0,48535746335983276;0,5105411410331726;0,021247461438179016
2033;3569,718994140625;17,193031311035156;67294,4921875;556,6878051757812;-302,5502014160156;-33,25901794433594;1,6124109029769897;0,5061662197113037;0,5325571894645691;0,022349147126078606
2034;3569,718994140625;17,193031311035156;67294,4921875;528,7373657226562;-325,4134216308594;-25,331674575805664;1,6243823766708374;0,5088557600975037;0,5364644527435303;0,0225721076130867
2035;3569,718994140625;17,193031311035156;67294,4921875;514,555908203125;-335,0216979980469;-27,909015655517578;1,5971910953521729;0,5001526474952698;0,527932345867157;0,022201701998710632
2036;3569,718994140625;17,193031311035156;67294,4921875;522,1484375;-342,3258361816406;-26,45595932006836;1,6494616270065308;0,5154266953468323;0,5442922115325928;0,02306421287357807
2037;3569,718994140625;17,193031311035156;67294,4921875;534,89697265625;-355,4501037597656;-33,29201889038086;1,5924917459487915;0,49747520685195923;0,5250594019889832;0,02215641550719738
2038;3569,718994140625;17,193031311035156;67294,4921875;505,93792724609375;-379,948486328125;-24,669763565063477;1,5603314638137817;0,4896322786808014;0,5148600935935974;0,02174478769302368
2039;3569,718994140625;17,193031311035156;67294,4921875;449,5227355957031;-390,13458251953125;-23,885120391845703;1,578369140625;0,49473538994789124;0,519527018070221;0,02205744758248329
2040;3569,718994140625;17,193031311035156;67294,4921875;486,3013610839844;-395,2854919433594;-22,891542434692383;1,654759407043457;0,5109805464744568;0,5405939817428589;0,023121675476431847
2041;3569,718994140625;17,193031311035156;67294,4921875;444,678466796875;-418,1640930175781;-23,242237091064453;1,5342518091201782;0,48339053988456726;0,5033026337623596;0,021438010036945343
2042;3569,718994140625;17,193031311035156;67294,4921875;470,1749572753906;-431,44873046875;-22,8629150390625;1,6064023971557617;0,5003922581672668;0,523562490940094;0,02253984846174717
2043;3569,718994140625;17,193031311035156;67294,4921875;409,18902587890625;-474,41326904296875;-19,749290466308594;1,6121824979782104;0,5041137933731079;0,5242887139320374;0,022727707400918007
2044;3569,718994140625;17,193031311035156;67294,4921875;395,0836181640625;-512,7853393554688;-15,971095085144043;1,6002984046936035;0,49669238924980164;0,5175566077232361;0,02246970310807228
2045;3569,718994140625;17,193031311035156;67294,4921875;375,68310546875;-531,1746826171875;-15,129973411560059;1,5380390882492065;0,48960745334625244;0,49854815006256104;0,021734079346060753
2046;3569,718994140625;17,193031311035156;67294,4921875;414,44024658203125;-541,1799926757812;-20,083019256591797;1,5741348266601562;0,49357661604881287;0,5061591267585754;0,022224755957722664
2047;3569,718994140625;17,193031311035156;67294,4921875;383,438232421875;-566,0245971679688;-17,19048500061035;1,5723941326141357;0,4876907169818878;0,502055823802948;0,022112973034381866
2048;3569,718994140625;17,193031311035156;67294,4921875;460,60443115234375;-571,8782348632812;-16,476104736328125;1,5036927461624146;0,4745093286037445;0,47955942153930664;0,021149398759007454
2049;3569,718994140625;17,193031311035156;67294,4921875;432,0374755859375;-593,7990112304688;-19,359521865844727;1,5603079795837402;0,4844048321247101;0,49334725737571716;0,02200505882501602
2050;3569,718994140625;17,193031311035156;67294,4921875;435,508056640625;-623,6404418945312;-18,020111083984375;1,4577122926712036;0,47148197889328003;0,4623079001903534;0,020657191053032875
2051;3569,718994140625;17,193031311035156;67294,4921875;512,7931518554688;-630,8466186523438;-22,03436851501465;1,5450366735458374;0,47293463349342346;0,48185357451438904;0,021686436608433723
2052;3569,718994140625;17,193031311035156;67294,4921875;462,7919616699219;-661,1575927734375;-22,677860260009766;1,5073109865188599;0,47994664311408997;0,47093141078948975;0,021474167704582214
2053;3569,718994140625;17,193031311035156;67294,4921875;485,2991027832031;-674,5440673828125;-21,734371185302734;1,4821603298187256;0,46797680854797363;0,45950180292129517;0,020995471626520157
2054;3569,718994140625;17,193031311035156;67294,4921875;466,6776123046875;-699,9577026367188;-23,324764251708984;1,4999282360076904;0,47554099559783936;0,46242186427116394;0,021402835845947266
2055;3569,718994140625;17,193031311035156;67294,4921875;480,811279296875;-706,61328125;-21,666423797607422;1,4182978868484497;0,46984127163887024;0,4381755590438843;0,020383717492222786
2056;3569,718994140625;17,193031311035156;67294,4921875;452,0634460449219;-728,3436889648438;-21,971073150634766;1,4481483697891235;0,46709930896759033;0,44212278723716736;0,020743563771247864
2057;3569,718994140625;17,193031311035156;67294,4921875;501,83197021484375;-740,17626953125;-28,116437911987305;1,4739527702331543;0,4702266752719879;0,44605201482772827;0,021167827770113945
2058;3569,718994140625;17,193031311035156;67294,4921875;460,611572265625;-755,3709716796875;-23,031082153320312;1,3689981698989868;0,45570701360702515;0,4148256778717041;0,01968548633158207
2059;3569,718994140625;17,193031311035156;67294,4921875;412,4122619628906;-782,3867797851562;-19,8968563079834;1,4189754724502563;0,4647183418273926;0,4256622791290283;0,02052457071840763
2060;3569,718994140625;17,193031311035156;67294,4921875;450,99554443359375;-790,4064331054688;-26,030805587768555;1,3789461851119995;0,4589886963367462;0,4120780825614929;0,019989628344774246
2061;3569,718994140625;17,193031311035156;67294,4921875;423,7225341796875;-822,4170532226562;-29,57448387145996;1,4322149753570557;0,4572550654411316;0,4217139184474945;0,02067391201853752
2062;3569,718994140625;17,193031311035156;67294,4921875;433,7641296386719;-823,3961791992188;-26,517484664916992;1,4238039255142212;0,46188777685165405;0,4175912141799927;0,02073267474770546
2063;3569,718994140625;17,193031311035156;67294,4921875;427,7445373535156;-841,041015625;-27,101734161376953;1,386724591255188;0,4658299684524536;0,4066635072231293;0,020419051870703697
2064;3569,718994140625;17,193031311035156;67294,4921875;441,14703369140625;-834,09814453125;-26,470518112182617;1,3696914911270142;0,4638151526451111;0,39961183071136475;0,020242588594555855
2065;3569,718994140625;17,193031311035156;67294,4921875;470,6835021972656;-824,588134765625;-29,745033264160156;1,419759750366211;0,4657450020313263;0,40899330377578735;0,020988333970308304
2066;3569,718994140625;17,193031311035156;67294,4921875;440,6912841796875;-830,6921997070312;-25,873977661132812;1,3701754808425903;0,46177926659584045;0,39425528049468994;0,02037101797759533
2067;3569,718994140625;17,193031311035156;67294,4921875;407,6744689941406;-832,9096069335938;-25,7056827545166;1,3775887489318848;0,47139257192611694;0,3951604962348938;0,020725946873426437
2068;3569,718994140625;17,193031311035156;67294,4921875;437,5087585449219;-829,2849731445312;-26,334335327148438;1,3776957988739014;0,45079657435417175;0,3894656300544739;0,020429303869605064
2069;3569,718994140625;17,193031311035156;67294,4921875;426,94488525390625;-829,6100463867188;-27,980995178222656;1,3739691972732544;0,4505801200866699;0,3864228427410126;0,02047090232372284
2070;3569,718994140625;17,193031311035156;67294,4921875;412,8412170410156;-829,7120971679688;-27,438825607299805;1,39315664768219;0,4634716510772705;0,39083683490753174;0,02106114663183689
2071;3569,718994140625;17,193031311035156;67294,4921875;387,2948303222656;-835,3541870117188;-27,679521560668945;1,3152310848236084;0,44535696506500244;0,36846110224723816;0,01980486884713173
2072;3569,718994140625;17,193031311035156;67294,4921875;407,2981872558594;-825,899169921875;-26,535646438598633;1,3215073347091675;0,4436405301094055;0,3679508864879608;0,019950635731220245
2073;3569,718994140625;17,193031311035156;67294,4921875;396,4139099121094;-831,453857421875;-27,71790313720703;1,3336249589920044;0,45366352796554565;0,37080493569374084;0,020406823605298996
2074;3569,718994140625;17,193031311035156;67294,4921875;431,69500732421875;-810,5386352539062;-28,591901779174805;1,2667434215545654;0,4378527104854584;0,3520938456058502;0,019321195781230927
2075;3569,718994140625;17,193031311035156;67294,4921875;418,4254150390625;-812,6057739257812;-27,990182876586914;1,3088696002960205;0,42893171310424805;0,3589705228805542;0,01979554072022438
2076;3569,718994140625;17,193031311035156;67294,4921875;451,364501953125;-811,8814086914062;-30,676191329956055;1,2514065504074097;0,4372831881046295;0,3466896116733551;0,01931769959628582
2077;3569,718994140625;17,193031311035156;67294,4921875;476,7812194824219;-805,1342163085938;-32,9144172668457;1,264469027519226;0,43172723054885864;0,34801119565963745;0,019491158425807953
2078;3569,718994140625;17,193031311035156;67294,4921875;520,307861328125;-814,2501220703125;-37,06117630004883;1,2877346277236938;0,4337114691734314;0,35301488637924194;0,019955821335315704
2079;3569,718994140625;17,193031311035156;67294,4921875;538,3048706054688;-807,6478881835938;-38,11388397216797;1,2802681922912598;0,4335154592990875;0,35108059644699097;0,019968904554843903
2080;3569,718994140625;17,193031311035156;67294,4921875;581,953857421875;-812,9401245117188;-41,553462982177734;1,2936245203018188;0,43538475036621094;0,35430678725242615;0,020306171849370003
2081;3569,718994140625;17,193031311035156;67294,4921875;556,002685546875;-820,4547729492188;-41,198570251464844;1,200451135635376;0,43510445952415466;0,33381587266921997;0,01914498396217823
2082;3569,718994140625;17,193031311035156;67294,4921875;545,5430297851562;-829,2250366210938;-42,335548400878906;1,2460393905639648;0,4332068860530853;0,3439638912677765;0,019861096516251564
2083;3569,718994140625;17,193031311035156;67294,4921875;561,744384765625;-822,2454223632812;-42,848663330078125;1,2486451864242554;0,42888888716697693;0,34448009729385376;0,019932573661208153
2084;3569,718994140625;17,193031311035156;67294,4921875;576,5914916992188;-826,5645751953125;-44,34726333618164;1,2670671939849854;0,42576974630355835;0,3489736318588257;0,02024298906326294
2085;3569,718994140625;17,193031311035156;67294,4921875;603,4525146484375;-818,5025024414062;-48,9952392578125;1,2411589622497559;0,4209485948085785;0,34341830015182495;0,01991298235952854
2086;3569,718994140625;17,193031311035156;67294,4921875;588,0593872070312;-827,13232421875;-47,14960479736328;1,209747314453125;0,4091898500919342;0,3357367515563965;0,019348973408341408
2087;3569,718994140625;17,193031311035156;67294,4921875;631,781005859375;-819,331298828125;-51,34214782714844;1,1947962045669556;0,4144023656845093;0,3344070315361023;0,01938486658036709
2088;3569,718994140625;17,193031311035156;67294,4921875;638,4915161132812;-822,0131225585938;-51,10478591918945;1,170971155166626;0,4095345139503479;0,3296850323677063;0,0190710611641407
2089;3569,718994140625;17,193031311035156;67294,4921875;592,4064331054688;-826,26953125;-50,076515197753906;1,1498019695281982;0,4172392785549164;0,32749709486961365;0,01905803754925728
2090;3569,718994140625;17,193031311035156;67294,4921875;606,0789184570312;-830,1848754882812;-51,356689453125;1,1735785007476807;0,4094161093235016;0,3336494266986847;0,019355932250618935
2091;3569,718994140625;17,193031311035156;67294,4921875;641,2650756835938;-824,069091796875;-50,635982513427734;1,0969622135162354;0,3944023847579956;0,3152850866317749;0,018056487664580345
2092;3569,718994140625;17,193031311035156;67294,4921875;626,4154663085938;-812,0794067382812;-50,008636474609375;1,1141400337219238;0,4035428762435913;0,3225248157978058;0,01862531527876854
2093;3569,718994140625;17,193031311035156;67294,4921875;654,59521484375;-794,0079345703125;-51,492305755615234;1,110090970993042;0,4033870995044708;0,32351741194725037;0,018683800473809242
2094;3569,718994140625;17,193031311035156;67294,4921875;640,0781860351562;-794,8678588867188;-49,36461639404297;1,133457899093628;0,4057987928390503;0,3316059708595276;0,01919332519173622
2095;3569,718994140625;17,193031311035156;67294,4921875;641,7080688476562;-791,8923950195312;-51,2331428527832;1,122907042503357;0,4068547785282135;0,3313486576080322;0,019181260839104652
2096;3569,718994140625;17,193031311035156;67294,4921875;640,3809204101562;-792,18603515625;-50,92570877075195;1,044707179069519;0,3886003792285919;0,31171715259552;0,017750443890690804
2097;3569,718994140625;17,193031311035156;67294,4921875;670,2772216796875;-774,5514526367188;-51,81682205200195;1,0575941801071167;0,40438708662986755;0,31918469071388245;0,018381938338279724
2098;3569,718994140625;17,193031311035156;67294,4921875;653,3489990234375;-768,296142578125;-51,09052276611328;1,0132229328155518;0,3792802691459656;0,3067564368247986;0,017293527722358704
2099;3569,718994140625;17,193031311035156;67294,4921875;675,8363037109375;-745,8010864257812;-51,15420150756836;1,0374763011932373;0,3766136169433594;0,3147191107273102;0,017693353816866875
2100;3569,718994140625;17,193031311035156;67294,4921875;712,582275390625;-734,194091796875;-53,320743560791016;1,0132324695587158;0,39180323481559753;0,31259846687316895;0,017769400030374527
2101;3569,718994140625;17,193031311035156;67294,4921875;681,5798950195312;-701,6956176757812;-49,26752853393555;0,9845746755599976;0,38010960817337036;0,3057001829147339;0,017187094315886497
2102;3569,718994140625;17,193031311035156;67294,4921875;671,2530517578125;-690,2241821289062;-48,43470764160156;1,0023369789123535;0,375319242477417;0,311763733625412;0,017450574785470963
2103;3569,718994140625;17,193031311035156;67294,4921875;683,4886474609375;-680,0934448242188;-50,28145217895508;0,9396960735321045;0,36797451972961426;0,29624101519584656;0,016419287770986557
2104;3569,718994140625;17,193031311035156;67294,4921875;700,1149291992188;-660,0888671875;-51,128822326660156;0,9671904444694519;0,38129517436027527;0,30714499950408936;0,017216160893440247
2105;3569,718994140625;17,193031311035156;67294,4921875;657,0347900390625;-645,128662109375;-47,8661003112793;0,9478892683982849;0,3639223277568817;0,30160650610923767;0,016640540212392807
2106;3569,718994140625;17,193031311035156;67294,4921875;680,1503295898438;-618,6419677734375;-49,01185607910156;0,9362278580665588;0,3636264204978943;0,3001768887042999;0,016537679359316826
2107;3569,718994140625;17,193031311035156;67294,4921875;650,7227783203125;-611,6817016601562;-46,532447814941406;0,9361768364906311;0,3613133132457733;0,3015739619731903;0,016567841172218323
2108;3569,718994140625;17,193031311035156;67294,4921875;682,3413696289062;-578,7528076171875;-47,76508712768555;0,9413326382637024;0,3599764406681061;0,30447450280189514;0,0166942086070776
2109;3569,718994140625;17,193031311035156;67294,4921875;719,6769409179688;-540,9249877929688;-51,58043670654297;0,920684814453125;0,3573465049266815;0,29996079206466675;0,016388865187764168
2110;3569,718994140625;17,193031311035156;67294,4921875;710,1048583984375;-528,8142700195312;-51,252838134765625;0,9334138631820679;0,3648628294467926;0,3058910369873047;0,016817566007375717
2111;3569,718994140625;17,193031311035156;67294,4921875;742,055908203125;-505,1483459472656;-53,48265838623047;0,929045557975769;0,3487814664840698;0,3041146993637085;0,01642930693924427
2112;3569,718994140625;17,193031311035156;67294,4921875;695,1702270507812;-493,107177734375;-46,443668365478516;0,907852828502655;0,3462640643119812;0,29908230900764465;0,016133539378643036
2113;3569,718994140625;17,193031311035156;67294,4921875;713,1221923828125;-470,1601867675781;-51,411808013916016;0,8863186836242676;0,3342196047306061;0,2926599681377411;0,01554594375193119
2114;3569,718994140625;17,193031311035156;67294,4921875;709,33349609375;-443,3979797363281;-51,06118392944336;0,9064301252365112;0,3455824851989746;0,30080103874206543;0,016215024515986443
2115;3569,718994140625;17,193031311035156;67294,4921875;677,0667724609375;-420,8060302734375;-48,59946060180664;0,8929246068000793;0,33399930596351624;0,29648783802986145;0,015728166326880455
2116;3569,718994140625;17,193031311035156;67294,4921875;679,1817626953125;-412,9524230957031;-48,064632415771484;0,8845521807670593;0,3360525667667389;0,2951464354991913;0,015758495777845383
2117;3569,718994140625;17,193031311035156;67294,4921875;682,4915161132812;-391,076171875;-47,822731018066406;0,8827020525932312;0,3289479911327362;0,2944565415382385;0,015528742223978043
2118;3569,718994140625;17,193031311035156;67294,4921875;604,551513671875;-379,1584777832031;-39,62604522705078;0,8861575722694397;0,3298022747039795;0,2961485683917999;0,015652403235435486
2119;3569,718994140625;17,193031311035156;67294,4921875;596,5620727539062;-360,3626403808594;-41,43918228149414;0,8610311150550842;0,3195860981941223;0,28809884190559387;0,015040164813399315
2120;3569,718994140625;17,193031311035156;67294,4921875;570,3558959960938;-334,4000549316406;-36,15806579589844;0,8445255756378174;0,3128507137298584;0,2828531265258789;0,014677864499390125
2121;3569,718994140625;17,193031311035156;67294,4921875;581,9574584960938;-321,91888427734375;-36,80753707885742;0,8745339512825012;0,32209110260009766;0,2928585410118103;0,015329915098845959
2122;3569,718994140625;17,193031311035156;67294,4921875;606,9204711914062;-302,96014404296875;-36,30170440673828;0,8812358379364014;0,3233796954154968;0,2950874865055084;0,015527901239693165
2123;3569,718994140625;17,193031311035156;67294,4921875;543,6366577148438;-288,2334289550781;-31,10350227355957;0,840505838394165;0,307483434677124;0,28126591444015503;0,01443882379680872
2124;3569,718994140625;17,193031311035156;67294,4921875;561,6373291015625;-280,4924011230469;-33,5618782043457;0,8928037881851196;0,3256148397922516;0,29847845435142517;0,015709957107901573
2125;3569,718994140625;17,193031311035156;67294,4921875;534,2288818359375;-267,56591796875;-30,954906463623047;0,879621684551239;0,3215968608856201;0,2937674820423126;0,015264559537172318
2126;3569,718994140625;17,193031311035156;67294,4921875;568,2002563476562;-236,93670654296875;-34,14863586425781;0,8599834442138672;0,31121453642845154;0,2865416407585144;0,014840108342468739
2127;3569,718994140625;17,193031311035156;67294,4921875;504,6097412109375;-217,71849060058594;-28,973751068115234;0,8634505271911621;0,31073716282844543;0,28699854016304016;0,014896076172590256
2128;3569,718994140625;17,193031311035156;67294,4921875;519,9765625;-195,7745361328125;-30,10439682006836;0,8336884379386902;0,3008440434932709;0,27649396657943726;0,014065444469451904
2129;3569,718994140625;17,193031311035156;67294,4921875;502,3366394042969;-181,0107879638672;-31,568527221679688;0,8661983609199524;0,3162711262702942;0,2867371141910553;0,01473971363157034
2130;3569,718994140625;17,193031311035156;67294,4921875;461,5956726074219;-152,2244873046875;-23,872331619262695;0,842392086982727;0,30007076263427734;0,27739426493644714;0,014209944754838943
2131;3569,718994140625;17,193031311035156;67294,4921875;455,2383728027344;-134,13522338867188;-26,09134864807129;0,8800758123397827;0,3183823525905609;0,28912514448165894;0,015018229372799397
2132;3569,718994140625;17,193031311035156;67294,4921875;430,84710693359375;-101,54805755615234;-25,144329071044922;0,8429203629493713;0,30023324489593506;0,2754431664943695;0,014078696258366108
2133;3569,718994140625;17,193031311035156;67294,4921875;393,32867431640625;-84,72760772705078;-21,825468063354492;0,8951820731163025;0,32473039627075195;0,29170098900794983;0,015241610817611217
2134;3569,718994140625;17,193031311035156;67294,4921875;350,6091003417969;-53,696434020996094;-21,95159149169922;0,8533423542976379;0,30277279019355774;0,2762114405632019;0,014193293638527393
2135;3569,718994140625;17,193031311035156;67294,4921875;336,994384765625;-23,074024200439453;-18,730192184448242;0,8469835519790649;0,3039341866970062;0,2730363607406616;0,013935473747551441
2136;3569,718994140625;17,193031311035156;67294,4921875;330,0811462402344;9,818597793579102;-18,61503028869629;0,8703092336654663;0,3175358772277832;0,27946045994758606;0,01439680065959692
2137;3569,718994140625;17,193031311035156;67294,4921875;298,35076904296875;32,0618782043457;-16,616945266723633;0,875288724899292;0,3187379837036133;0,279406875371933;0,014446514658629894
2138;3569,718994140625;17,193031311035156;67294,4921875;348,7589416503906;41,889339447021484;-20,65703773498535;0,8894261121749878;0,32065269351005554;0,28194665908813477;0,014722867868840694
2139;3569,718994140625;17,193031311035156;67294,4921875;293,3487243652344;72,59573364257812;-17,976058959960938;0,8783429861068726;0,3062824606895447;0,27584531903266907;0,014386954717338085
2140;3569,718994140625;17,193031311035156;67294,4921875;262,1334533691406;104,85259246826172;-13,221343040466309;0,8725124597549438;0,31985974311828613;0,2734898626804352;0,014115561731159687
2141;3569,718994140625;17,193031311035156;67294,4921875;234,8215789794922;122,14396667480469;-9,657970428466797;0,8836685419082642;0,31987735629081726;0,27477675676345825;0,0143128652125597
2142;3569,718994140625;17,193031311035156;67294,4921875;186,86155700683594;149,7703857421875;-8,03522777557373;0,8742498159408569;0,31763526797294617;0,2700469493865967;0,01398836076259613
2143;3569,718994140625;17,193031311035156;67294,4921875;115,42544555664062;185,76803588867188;-3,5899856090545654;0,9073675870895386;0,33921292424201965;0,2790810465812683;0,014655758626759052
2144;3569,718994140625;17,193031311035156;67294,4921875;72,2395248413086;209,53956604003906;-0,35338345170021057;0,866631031036377;0,3117579221725464;0,2635865807533264;0,013619550503790379
2145;3569,718994140625;17,193031311035156;67294,4921875;77,72988891601562;228,1816864013672;-0,7028282880783081;0,8562368750572205;0,3098635673522949;0,2586430311203003;0,013263128697872162
2146;3569,718994140625;17,193031311035156;67294,4921875;25,21108055114746;254,94070434570312;0,9477497935295105;0,9192042946815491;0,3350227177143097;0,275779664516449;0,014652425423264503
2147;3569,718994140625;17,193031311035156;67294,4921875;7,561699390411377;266,78076171875;2,225067615509033;0,8846336603164673;0,32775866985321045;0,26385292410850525;0,013725386932492256
2148;3569,718994140625;17,193031311035156;67294,4921875;9,668235778808594;277,9573974609375;2,3469431400299072;0,8906850218772888;0,3271128833293915;0,2634088397026062;0,013770192861557007
2149;3569,718994140625;17,193031311035156;67294,4921875;-21,02040672302246;293,70623779296875;2,727761745452881;0,9019341468811035;0,326045960187912;0,26428550481796265;0,013928225263953209
2150;3569,718994140625;17,193031311035156;67294,4921875;-26,679073333740234;301,5341491699219;0,599768340587616;0,901706337928772;0,3250162601470947;0,2621678411960602;0,013813699595630169
2151;3569,718994140625;17,193031311035156;67294,4921875;-55,89509582519531;319,64404296875;1,7884807586669922;0,8993064761161804;0,34304848313331604;0,2611496150493622;0,013621233403682709
2152;3569,718994140625;17,193031311035156;67294,4921875;-19,55860710144043;322,9096374511719;1,4692720174789429;0,9262363314628601;0,3413737118244171;0,266014039516449;0,014154198579490185
2153;3569,718994140625;17,193031311035156;67294,4921875;-35,379878997802734;341,99267578125;1,8416557312011719;0,9576229453086853;0,357717901468277;0,273504376411438;0,014749218709766865
2154;3569,718994140625;17,193031311035156;67294,4921875;-67,17501068115234;360,768310546875;4,290589332580566;0,9269068241119385;0,3357732594013214;0,26206323504447937;0,013938761316239834
2155;3569,718994140625;17,193031311035156;67294,4921875;-114,02871704101562;378,80035400390625;3,8847010135650635;0,929191529750824;0,3383910655975342;0,26114946603775024;0,013877342455089092
2156;3569,718994140625;17,193031311035156;67294,4921875;-110,26837921142578;375,81256103515625;5,943897247314453;0,9266861081123352;0,3523285388946533;0,2600761353969574;0,0137018458917737
2157;3569,718994140625;17,193031311035156;67294,4921875;-92,23995208740234;375,301025390625;1,6653735637664795;0,9425106048583984;0,3532694876194;0,2625531852245331;0,013949980027973652
2158;3569,718994140625;17,193031311035156;67294,4921875;-112,46148681640625;376,41668701171875;2,5470731258392334;0,9697771668434143;0,3778870105743408;0,26989370584487915;0,014430868439376354
2159;3569,718994140625;17,193031311035156;67294,4921875;-162,43258666992188;399,29296875;5,236056804656982;0,9897575974464417;0,3848324418067932;0,27400320768356323;0,014755851589143276
2160;3569,718994140625;17,193031311035156;67294,4921875;-152,14553833007812;395,1002197265625;5,919139862060547;0,9834078550338745;0,37390995025634766;0,270311564207077;0,014504737220704556
2161;3569,718994140625;17,193031311035156;67294,4921875;-130,09645080566406;390,9522705078125;4,586671829223633;0,9624408483505249;0,35815101861953735;0,2628622055053711;0,013930611312389374
2162;3569,718994140625;17,193031311035156;67294,4921875;-146,29800415039062;399,0730895996094;2,438549518585205;0,9904465675354004;0,39327776432037354;0,27157852053642273;0,014410609379410744
2163;3569,718994140625;17,193031311035156;67294,4921875;-110,76161193847656;392,4976501464844;0,9334745407104492;1,0056101083755493;0,36034122109413147;0,27186691761016846;0,01460426114499569
2164;3569,718994140625;17,193031311035156;67294,4921875;-108,47808074951172;386,7666015625;4,177830696105957;1,0048179626464844;0,3850843906402588;0,2729228436946869;0,014506565406918526
2165;3569,718994140625;17,193031311035156;67294,4921875;-181,0010986328125;389,6049499511719;9,661864280700684;1,0140215158462524;0,4087744951248169;0,27649855613708496;0,014558416791260242
2166;3569,718994140625;17,193031311035156;67294,4921875;-115,982177734375;373,4772033691406;2,2311513423919678;0,9789669513702393;0,34507450461387634;0,26295390725135803;0,013704387471079826
2167;3569,718994140625;17,193031311035156;67294,4921875;-134,55001831054688;370,3450012207031;8,029702186584473;1,0399755239486694;0,41910457611083984;0,2829924523830414;0,014883716590702534
2168;3569,718994140625;17,193031311035156;67294,4921875;-80,62812042236328;350,3382873535156;3,247417449951172;1,0598498582839966;0,4159013032913208;0,2875491976737976;0,015207177959382534
2169;3569,718994140625;17,193031311035156;67294,4921875;-100,35155487060547;358,0595703125;7,107665061950684;1,0672122240066528;0,4276276230812073;0,29032543301582336;0,015234393998980522
2170;3569,718994140625;17,193031311035156;67294,4921875;-165,6082763671875;373,3157653808594;12,850152015686035;1,0940625667572021;0,4327857494354248;0,2975517809391022;0,015683073550462723
2171;3569,718994140625;17,193031311035156;67294,4921875;-133,8367462158203;363,0886535644531;9,85583209991455;1,1135061979293823;0,42363783717155457;0,30224084854125977;0,01596798747777939
2172;3569,718994140625;17,193031311035156;67294,4921875;-152,7803497314453;364,3789978027344;11,454277038574219;1,0960341691970825;0,41033750772476196;0,2977755069732666;0,015510636381804943
2173;3569,718994140625;17,193031311035156;67294,4921875;-107,23741149902344;362,6820068359375;10,245832443237305;1,13079833984375;0,44364896416664124;0,3093152940273285;0,016098225489258766
2174;3569,718994140625;17,193031311035156;67294,4921875;-149,3073272705078;376,9772644042969;13,48764419555664;1,1184861660003662;0,4353422224521637;0,3067115545272827;0,015750201418995857
2175;3569,718994140625;17,193031311035156;67294,4921875;-189,60394287109375;396,01416015625;10,541982650756836;1,16201913356781;0,4542910158634186;0,3199341595172882;0,016502613201737404
2176;3569,718994140625;17,193031311035156;67294,4921875;-156,8877716064453;379,11920166015625;14,500770568847656;1,1693423986434937;0,4621518552303314;0,32350853085517883;0,016532665118575096
2177;3569,718994140625;17,193031311035156;67294,4921875;-109,46882629394531;375,3885498046875;12,553123474121094;1,1738466024398804;0,48457667231559753;0,327227920293808;0,016445839777588844
2178;3569,718994140625;17,193031311035156;67294,4921875;-118,24666595458984;385,9688415527344;15,376314163208008;1,1716450452804565;0,46237990260124207;0,3270604908466339;0,0163688063621521
2179;3569,718994140625;17,193031311035156;67294,4921875;-132,29812622070312;391,56463623046875;13,93898868560791;1,238149881362915;0,5041961073875427;0,3480513095855713;0,01749706082046032
2180;3569,718994140625;17,193031311035156;67294,4921875;-101,55230712890625;391,85736083984375;10,266378402709961;1,2151223421096802;0,4814589321613312;0,3427756428718567;0,016993988305330276
2181;3569,718994140625;17,193031311035156;67294,4921875;-86,75519561767578;394,1504211425781;10,676621437072754;1,2591824531555176;0,5052162408828735;0,3573828935623169;0,017703359946608543
2182;3569,718994140625;17,193031311035156;67294,4921875;-72,89700317382812;397,7018127441406;8,634177207946777;1,2939411401748657;0,5163039565086365;0,369209885597229;0,01825679838657379
2183;3569,718994140625;17,193031311035156;67294,4921875;42,04131317138672;368,5877380371094;2,5162858963012695;1,2639439105987549;0,4893731474876404;0,3622916340827942;0,017641613259911537
2184;3569,718994140625;17,193031311035156;67294,4921875;-15,38036823272705;372,3236389160156;7,776126861572266;1,2545255422592163;0,48358893394470215;0,36170491576194763;0,01737374998629093
2185;3569,718994140625;17,193031311035156;67294,4921875;25,057069778442383;348,1857604980469;10,94504451751709;1,3332452774047852;0,5179726481437683;0,386859655380249;0,018713586032390594
2186;3569,718994140625;17,193031311035156;67294,4921875;33,97418212890625;325,251708984375;8,661041259765625;1,3156208992004395;0,518952488899231;0,38424623012542725;0,01825619488954544
2187;3569,718994140625;17,193031311035156;67294,4921875;33,907596588134766;311,6502990722656;11,824069023132324;1,3143062591552734;0,5042711496353149;0,3859888017177582;0,018194613978266716
2188;3569,718994140625;17,193031311035156;67294,4921875;43,564598083496094;298,2085876464844;13,589133262634277;1,3331658840179443;0,5076769590377808;0,3939170241355896;0,018457232043147087
2189;3569,718994140625;17,193031311035156;67294,4921875;85,50823211669922;298,3775939941406;7,4849443435668945;1,3623645305633545;0,5141080021858215;0,4050070345401764;0,018908966332674026
2190;3569,718994140625;17,193031311035156;67294,4921875;77,77718353271484;283,01348876953125;13,203941345214844;1,360092282295227;0,5174797177314758;0,4068097770214081;0,018752604722976685
2191;3569,718994140625;17,193031311035156;67294,4921875;86,74176788330078;265,7701110839844;11,440135955810547;1,3967945575714111;0,5201839804649353;0,4203191101551056;0,01936669833958149
2192;3569,718994140625;17,193031311035156;67294,4921875;111,62938690185547;247,6963348388672;9,083922386169434;1,3714275360107422;0,5078216791152954;0,41517284512519836;0,018840990960597992
2193;3569,718994140625;17,193031311035156;67294,4921875;131,22906494140625;216,8896026611328;9,803759574890137;1,4505547285079956;0,5252984166145325;0,441825807094574;0,02019498497247696
2194;3569,718994140625;17,193031311035156;67294,4921875;161,771728515625;215,193115234375;5,890148162841797;1,484028697013855;0,552639901638031;0,4543302357196808;0,02061660774052143
2195;3569,718994140625;17,193031311035156;67294,4921875;200,92674255371094;168,97262573242188;1,2275317907333374;1,4645761251449585;0,5278737545013428;0,45119762420654297;0,020289942622184753
2196;3569,718994140625;17,193031311035156;67294,4921875;210,3460693359375;141,42074584960938;4,257504940032959;1,3717072010040283;0,48504483699798584;0,4251164495944977;0,018640955910086632
2197;3569,718994140625;17,193031311035156;67294,4921875;219,4091339111328;142,4814453125;3,2113876342773438;1,388556718826294;0,4559594392776489;0,43379858136177063;0,01897842437028885
2198;3569,718994140625;17,193031311035156;67294,4921875;245,63116455078125;116,24461364746094;2,0795016288757324;1,4786709547042847;0,5177925229072571;0,46313440799713135;0,020383717492222786
2199;3569,718994140625;17,193031311035156;67294,4921875;263,9925842285156;72,02072143554688;-1,3364983797073364;1,4301400184631348;0,49461328983306885;0,45034652948379517;0,01951676979660988
2200;3569,718994140625;17,193031311035156;67294,4921875;285,10760498046875;58,26314926147461;2,232090950012207;1,5027230978012085;0,5133132934570312;0,4756951332092285;0,020734649151563644
2201;3569,718994140625;17,193031311035156;67294,4921875;245,51121520996094;46,89351272583008;8,205072402954102;1,4584710597991943;0,49147114157676697;0,4641099274158478;0,01996205560863018
2202;3569,718994140625;17,193031311035156;67294,4921875;255,89137268066406;32,60084533691406;-1,2221664190292358;1,427994728088379;0,48348456621170044;0,4560873210430145;0,019364625215530396
2203;3569,718994140625;17,193031311035156;67294,4921875;279,9342956542969;-3,142730712890625;-4,1758623123168945;1,5288761854171753;0,5200532674789429;0,4898858964443207;0,02100289799273014
2204;3569,718994140625;17,193031311035156;67294,4921875;255,0455780029297;-10,34344482421875;1,4467289447784424;1,4789851903915405;0,47924044728279114;0,47774460911750793;0,020292814821004868
2205;3569,718994140625;17,193031311035156;67294,4921875;292,9532165527344;-39,509483337402344;-1,9942439794540405;1,4997037649154663;0,4880993664264679;0,48589885234832764;0,02059928886592388
2206;3569,718994140625;17,193031311035156;67294,4921875;288,17572021484375;-48,41146469116211;-3,58498477935791;1,5014816522598267;0,4819914996623993;0,4887863099575043;0,020646706223487854
2207;3569,718994140625;17,193031311035156;67294,4921875;252,37277221679688;-70,50117492675781;2,211038589477539;1,5355322360992432;0,5005470514297485;0,5001794099807739;0,021115999668836594
2208;3569,718994140625;17,193031311035156;67294,4921875;216,72332763671875;-83,61622619628906;-3,7019472122192383;1,5324844121932983;0,493274986743927;0,5013396143913269;0,0211032684892416
2209;3569,718994140625;17,193031311035156;67294,4921875;251,4871368408203;-119,90840148925781;-5,024797439575195;1,5182462930679321;0,4881647527217865;0,497760146856308;0,02083529904484749
2210;3569,718994140625;17,193031311035156;67294,4921875;265,78240966796875;-145,8113555908203;-0,6328458786010742;1,524187684059143;0,4910595118999481;0,5002296566963196;0,020873136818408966
2211;3569,718994140625;17,193031311035156;67294,4921875;270,89825439453125;-169,20291137695312;-1,0103545188903809;1,5785621404647827;0,5070449113845825;0,5189431309700012;0,021764906123280525
2212;3569,718994140625;17,193031311035156;67294,4921875;261,357177734375;-181,27098083496094;-2,16386342048645;1,5357362031936646;0,4871227741241455;0,5071952939033508;0,021160298958420753
2213;3569,718994140625;17,193031311035156;67294,4921875;223,9029083251953;-209,6643524169922;2,033928394317627;1,542174220085144;0,4886029362678528;0,5098428130149841;0,02125486731529236
2214;3569,718994140625;17,193031311035156;67294,4921875;242,5892791748047;-228,03736877441406;-3,3006463050842285;1,5853151082992554;0,5011098980903625;0,5247240662574768;0,021985499188303947
2215;3569,718994140625;17,193031311035156;67294,4921875;243,79190063476562;-228,6563262939453;-4,794469356536865;1,5621297359466553;0,49197643995285034;0,5182629823684692;0,021661898121237755
2216;3569,718994140625;17,193031311035156;67294,4921875;215,58799743652344;-236,0771484375;-3,3168482780456543;1,5668001174926758;0,49381116032600403;0,5185773372650146;0,02163700945675373
2217;3569,718994140625;17,193031311035156;67294,4921875;240,05006408691406;-243,0681610107422;1,5998661518096924;1,562541127204895;0,49138930439949036;0,5169329047203064;0,021547963842749596
2218;3569,718994140625;17,193031311035156;67294,4921875;195,8960723876953;-260,04681396484375;-0,22627873718738556;1,5965909957885742;0,5006324052810669;0,5272788405418396;0,022056840360164642
2219;3569,718994140625;17,193031311035156;67294,4921875;168,87847900390625;-282,83941650390625;4,522749423980713;1,5954943895339966;0,5001590847969055;0,5282397866249084;0,022195426747202873
2220;3569,718994140625;17,193031311035156;67294,4921875;169,58935546875;-282,79693603515625;5,437369346618652;1,5834280252456665;0,494939923286438;0,5231436491012573;0,02195177786052227
2221;3569,718994140625;17,193031311035156;67294,4921875;166,47503662109375;-298,7438659667969;4,236828804016113;1,5399705171585083;0,48535171151161194;0,5112320780754089;0,021487925201654434
2222;3569,718994140625;17,193031311035156;67294,4921875;134,35035705566406;-321,67822265625;2,806501626968384;1,4863849878311157;0,4673343598842621;0,49194595217704773;0,020538801327347755
2223;3569,718994140625;17,193031311035156;67294,4921875;172,1795196533203;-327,98944091796875;3,412895917892456;1,5279614925384521;0,4778077006340027;0,5035771131515503;0,021169178187847137
2224;3569,718994140625;17,193031311035156;67294,4921875;165,76589965820312;-338,36083984375;4,74152946472168;1,555106520652771;0,4882029592990875;0,5122581720352173;0,0217299722135067
2225;3569,718994140625;17,193031311035156;67294,4921875;153,8893280029297;-360,42431640625;5,102713108062744;1,5999648571014404;0,4941786527633667;0,5228843688964844;0,02225542441010475
2226;3569,718994140625;17,193031311035156;67294,4921875;165,13475036621094;-380,640625;0,9599699974060059;1,5713391304016113;0,4925174117088318;0,5145928859710693;0,022040314972400665
2227;3569,718994140625;17,193031311035156;67294,4921875;165,8904266357422;-398,58819580078125;1,3991432189941406;1,5450187921524048;0,48557499051094055;0,5047690868377686;0,021656500175595284
2228;3569,718994140625;17,193031311035156;67294,4921875;182,2248992919922;-427,9587097167969;0,13635115325450897;1,5889586210250854;0,492538183927536;0,5154184699058533;0,022259466350078583
2229;3569,718994140625;17,193031311035156;67294,4921875;172,40196228027344;-461,91949462890625;-3,2389893531799316;1,558577060699463;0,48952358961105347;0,505394697189331;0,02194286696612835
2230;3569,718994140625;17,193031311035156;67294,4921875;208,55665588378906;-476,22882080078125;-6,252713680267334;1,555924654006958;0,4847796857357025;0,5014944076538086;0,021837271749973297
2231;3569,718994140625;17,193031311035156;67294,4921875;201,0651092529297;-510,5756530761719;-5,463948726654053;1,627648949623108;0,48932889103889465;0,5182567834854126;0,02265901491045952
2232;3569,718994140625;17,193031311035156;67294,4921875;231,23785400390625;-519,5313720703125;-4,075685977935791;1,6185928583145142;0,4986593723297119;0,5157933235168457;0,022862931713461876
2233;3569,718994140625;17,193031311035156;67294,4921875;282,4054260253906;-547,2211303710938;-6,994192600250244;1,5606716871261597;0,48188626766204834;0,4951670467853546;0,021936319768428802
2234;3569,718994140625;17,193031311035156;67294,4921875;290,3923034667969;-573,3720092773438;-13,209637641906738;1,5470761060714722;0,485859215259552;0,4900412857532501;0,021926401183009148
2235;3569,718994140625;17,193031311035156;67294,4921875;310,6236267089844;-606,7018432617188;-13,110457420349121;1,5618178844451904;0,4904528558254242;0,4920034110546112;0,02222396433353424
2236;3569,718994140625;17,193031311035156;67294,4921875;350,64093017578125;-623,5386962890625;-18,870908737182617;1,5912901163101196;0,486977219581604;0,4959564208984375;0,022513898089528084
2237;3569,718994140625;17,193031311035156;67294,4921875;396,88006591796875;-654,096435546875;-17,878793716430664;1,5010309219360352;0,4815112054347992;0,46934476494789124;0,021450547501444817
2238;3569,718994140625;17,193031311035156;67294,4921875;438,5977478027344;-671,3187866210938;-24,416656494140625;1,518388271331787;0,47893616557121277;0,4703162610530853;0,021643495187163353
2239;3569,718994140625;17,193031311035156;67294,4921875;444,2709045410156;-709,703369140625;-23,568092346191406;1,4994838237762451;0,4777703285217285;0,46242374181747437;0,02145146019756794
2240;3569,718994140625;17,193031311035156;67294,4921875;482,4765930175781;-721,3722534179688;-22,590633392333984;1,495710849761963;0,48416006565093994;0,4596579670906067;0,021576188504695892
2241;3569,718994140625;17,193031311035156;67294,4921875;511,7489318847656;-742,49169921875;-27,534406661987305;1,4510278701782227;0,4682348370552063;0,4427213668823242;0,02079877443611622
2242;3569,718994140625;17,193031311035156;67294,4921875;559,9306030273438;-739,4800415039062;-32,92367172241211;1,5222184658050537;0,48273059725761414;0,45984065532684326;0,02197089232504368
2243;3569,718994140625;17,193031311035156;67294,4921875;544,3972778320312;-764,8958129882812;-33,402549743652344;1,4993056058883667;0,4775359332561493;0,4502280056476593;0,021659592166543007
2244;3569,718994140625;17,193031311035156;67294,4921875;576,0631103515625;-762,774658203125;-31,84770965576172;1,4712083339691162;0,4778580665588379;0,4404054880142212;0,02138848416507244
2245;3569,718994140625;17,193031311035156;67294,4921875;617,3063354492188;-770,7103271484375;-38,14662170410156;1,482546329498291;0,47882890701293945;0,4403195083141327;0,021608879789710045
2246;3569,718994140625;17,193031311035156;67294,4921875;532,3237915039062;-808,8014526367188;-34,009639739990234;1,480210304260254;0,4942009150981903;0,43940645456314087;0,021920491009950638
2247;3569,718994140625;17,193031311035156;67294,4921875;565,2587890625;-816,8834228515625;-35,55362319946289;1,4911307096481323;0,4679435193538666;0,4346275329589844;0,02163894847035408
2248;3569,718994140625;17,193031311035156;67294,4921875;600,5586547851562;-815,0812377929688;-37,31977844238281;1,398977279663086;0,4686352014541626;0,41000813245773315;0,02059364691376686
2249;3569,718994140625;17,193031311035156;67294,4921875;601,0711059570312;-825,413330078125;-39,70799255371094;1,420796513557434;0,4807392656803131;0,41448643803596497;0,02115846611559391
2250;3569,718994140625;17,193031311035156;67294,4921875;597,8511962890625;-824,62744140625;-37,52329635620117;1,4456968307495117;0,4655364155769348;0,4151020348072052;0,02126842737197876
2251;3569,718994140625;17,193031311035156;67294,4921875;613,9059448242188;-829,7489013671875;-39,11310577392578;1,4398624897003174;0,4690156877040863;0,4117302894592285;0,021344561129808426
2252;3569,718994140625;17,193031311035156;67294,4921875;657,4576416015625;-819,1026000976562;-43,93872833251953;1,4280786514282227;0,46338480710983276;0,4056072235107422;0,021174218505620956
2253;3569,718994140625;17,193031311035156;67294,4921875;657,3660888671875;-818,8331909179688;-42,50924301147461;1,4173980951309204;0,46513235569000244;0,4010812044143677;0,021159246563911438
2254;3569,718994140625;17,193031311035156;67294,4921875;634,306396484375;-839,53759765625;-43,714908599853516;1,3617247343063354;0,46067535877227783;0,38548099994659424;0,020455796271562576
2255;3569,718994140625;17,193031311035156;67294,4921875;651,8209838867188;-843,6644287109375;-45,5548210144043;1,3981080055236816;0,4747554063796997;0,3940243422985077;0,02127622440457344
2256;3569,718994140625;17,193031311035156;67294,4921875;646,8380126953125;-848,2003784179688;-45,411865234375;1,3455615043640137;0,46158722043037415;0,37815725803375244;0,020448876544833183
2257;3569,718994140625;17,193031311035156;67294,4921875;628,3629760742188;-854,356689453125;-45,60151290893555;1,3781096935272217;0,4525907337665558;0,3823319375514984;0,020797710865736008
2258;3569,718994140625;17,193031311035156;67294,4921875;632,1796875;-852,85498046875;-44,9409065246582;1,3883347511291504;0,450828492641449;0,3828282058238983;0,020995700731873512
2259;3569,718994140625;17,193031311035156;67294,4921875;659,3572387695312;-836,84765625;-46,13553237915039;1,308031439781189;0,4459080398082733;0,36277201771736145;0,019959863275289536
2260;3569,718994140625;17,193031311035156;67294,4921875;716,5029296875;-814,3179321289062;-51,75117492675781;1,3107951879501343;0,45702823996543884;0,3640798032283783;0,020313678309321404
2261;3569,718994140625;17,193031311035156;67294,4921875;702,3107299804688;-818,2747802734375;-50,83984375;1,2993717193603516;0,4472210109233856;0,35903435945510864;0,020084895193576813
2262;3569,718994140625;17,193031311035156;67294,4921875;601,2745361328125;-838,6820678710938;-47,308658599853516;1,3713784217834473;0,4455575942993164;0,3740258812904358;0,021112198010087013
2263;3569,718994140625;17,193031311035156;67294,4921875;614,3469848632812;-827,254638671875;-47,25210952758789;1,3598346710205078;0,43460991978645325;0,36926791071891785;0,020848555490374565
2264;3569,718994140625;17,193031311035156;67294,4921875;629,2860717773438;-824,0707397460938;-49,09949493408203;1,2589097023010254;0,440876841545105;0,3475222587585449;0,01975702866911888
2265;3569,718994140625;17,193031311035156;67294,4921875;639,0841064453125;-813,4470825195312;-50,04269790649414;1,3629258871078491;0,4280901849269867;0,36861005425453186;0,020984843373298645
2266;3569,718994140625;17,193031311035156;67294,4921875;601,4874877929688;-819,4196166992188;-47,40153121948242;1,3110815286636353;0,4378873109817505;0,3585902154445648;0,020640190690755844
2267;3569,718994140625;17,193031311035156;67294,4921875;575,3636474609375;-809,0607299804688;-44,88861846923828;1,3122286796569824;0,4231063425540924;0,3569767475128174;0,02046109549701214
2268;3569,718994140625;17,193031311035156;67294,4921875;533,408203125;-807,6765747070312;-43,258358001708984;1,3247478008270264;0,4309106767177582;0,3614852726459503;0,02092638425529003
2269;3569,718994140625;17,193031311035156;67294,4921875;454,8422546386719;-827,8309936523438;-36,69664001464844;1,2302700281143188;0,42706865072250366;0,34038203954696655;0,019692715257406235
2270;3569,718994140625;17,193031311035156;67294,4921875;508,2037353515625;-792,94677734375;-39,65916442871094;1,259103536605835;0,42464232444763184;0,3473934531211853;0,020163560286164284
2271;3569,718994140625;17,193031311035156;67294,4921875;532,2321166992188;-793,4577026367188;-41,194576263427734;1,2302052974700928;0,4132148325443268;0,3402305245399475;0,019645070657134056
2272;3569,718994140625;17,193031311035156;67294,4921875;460,15216064453125;-809,3347778320312;-36,21522903442383;1,1684478521347046;0,4151858389377594;0,3276525139808655;0,01895875670015812
2273;3569,718994140625;17,193031311035156;67294,4921875;441,0535888671875;-804,5778198242188;-32,25187683105469;1,2225285768508911;0,4177199602127075;0,341749370098114;0,019893664866685867
2274;3569,718994140625;17,193031311035156;67294,4921875;433,0904846191406;-802,1754150390625;-35,08346939086914;1,2277430295944214;0,42322254180908203;0,34529349207878113;0,020212477073073387
2275;3569,718994140625;17,193031311035156;67294,4921875;370,880615234375;-820,28564453125;-26,668712615966797;1,143704891204834;0,4110194444656372;0,32565173506736755;0,018893973901867867
2276;3569,718994140625;17,193031311035156;67294,4921875;306,7496643066406;-798,8787841796875;-25,84514617919922;1,1926220655441284;0,409394770860672;0,3386261761188507;0,0196735430508852
2277;3569,718994140625;17,193031311035156;67294,4921875;375,91064453125;-790,9483032226562;-25,46558380126953;1,1084434986114502;0,4093925654888153;0,3205799460411072;0,018593542277812958
2278;3569,718994140625;17,193031311035156;67294,4921875;402,7216491699219;-777,64404296875;-29,280277252197266;1,1247135400772095;0,40514761209487915;0,3256918787956238;0,01886187121272087
2279;3569,718994140625;17,193031311035156;67294,4921875;315,5755920410156;-779,4606323242188;-22,704803466796875;1,1464554071426392;0,40796589851379395;0,3333151638507843;0,019356636330485344
2280;3569,718994140625;17,193031311035156;67294,4921875;362,6041259765625;-764,1098022460938;-27,948095321655273;1,0564380884170532;0,3971472382545471;0,31201663613319397;0,017923399806022644
2281;3569,718994140625;17,193031311035156;67294,4921875;376,4413146972656;-755,3308715820312;-25,353586196899414;1,0422271490097046;0,40342652797698975;0,31140953302383423;0,017946375533938408
2282;3569,718994140625;17,193031311035156;67294,4921875;345,3309020996094;-750,5518798828125;-28,346052169799805;1,0203678607940674;0,38848596811294556;0,30590566992759705;0,01742415316402912
2283;3569,718994140625;17,193031311035156;67294,4921875;364,34674072265625;-727,2470703125;-26,177173614501953;1,0289126634597778;0,3950551748275757;0,3109355866909027;0,0178004689514637
2284;3569,718994140625;17,193031311035156;67294,4921875;369,9134826660156;-699,0523681640625;-27,258230209350586;1,037039041519165;0,3940255045890808;0,31487685441970825;0,018012704327702522
2285;3569,718994140625;17,193031311035156;67294,4921875;374,0833740234375;-671,451171875;-28,880250930786133;0,9718353152275085;0,38118869066238403;0,29863765835762024;0,016842156648635864
2286;3569,718994140625;17,193031311035156;67294,4921875;370,58001708984375;-642,374755859375;-29,22019386291504;1,0077080726623535;0,3847002685070038;0,31025534868240356;0,01757778413593769
2287;3569,718994140625;17,193031311035156;67294,4921875;321,34820556640625;-625,313720703125;-22,15627670288086;1,0603899955749512;0,38901227712631226;0,32658183574676514;0,018564369529485703
2288;3569,718994140625;17,193031311035156;67294,4921875;338,48358154296875;-609,9661254882812;-26,473121643066406;0,9780009984970093;0,37280794978141785;0,30495256185531616;0,017060821875929832
2289;3569,718994140625;17,193031311035156;67294,4921875;332,9398498535156;-597,3309326171875;-24,291303634643555;0,9931454062461853;0,37057361006736755;0,31063011288642883;0,017329374328255653
2290;3569,718994140625;17,193031311035156;67294,4921875;314,05413818359375;-587,7666625976562;-20,97235870361328;0,9487829804420471;0,3638252913951874;0,2998393177986145;0,01659587398171425
2291;3569,718994140625;17,193031311035156;67294,4921875;341,6195983886719;-566,5684204101562;-21,509546279907227;0,9868632555007935;0,3744714558124542;0,3132564127445221;0,017506062984466553
2292;3569,718994140625;17,193031311035156;67294,4921875;324,164306640625;-548,2305297851562;-19,010852813720703;0,9158028960227966;0,36206239461898804;0,29421910643577576;0,01620478928089142
2293;3569,718994140625;17,193031311035156;67294,4921875;284,9314880371094;-528,0748291015625;-19,906444549560547;0,9484826326370239;0,3586508631706238;0,30438244342803955;0,016716713085770607
2294;3569,718994140625;17,193031311035156;67294,4921875;304,8699035644531;-504,1549987792969;-21,285724639892578;0,9164013862609863;0,3489673137664795;0,2959655821323395;0,01607300341129303
2295;3569,718994140625;17,193031311035156;67294,4921875;315,91961669921875;-497,82867431640625;-20,748817443847656;0,8969281911849976;0,34566035866737366;0,29165446758270264;0,015772942453622818
2296;3569,718994140625;17,193031311035156;67294,4921875;379,6588439941406;-471,0621337890625;-24,635929107666016;0,8993366956710815;0,3461706042289734;0,29379525780677795;0,015892740339040756
2297;3569,718994140625;17,193031311035156;67294,4921875;335,2047119140625;-457,9046325683594;-19,378557205200195;0,8952057361602783;0,3439359664916992;0,29368969798088074;0,015842923894524574
2298;3569,718994140625;17,193031311035156;67294,4921875;333,22918701171875;-454,1578674316406;-19,358787536621094;0,9418034553527832;0,3580228388309479;0,309824675321579;0,01694960705935955
2299;3569,718994140625;17,193031311035156;67294,4921875;310,4302978515625;-436,6363525390625;-20,294008255004883;0,8935458660125732;0,34253817796707153;0,2954294979572296;0,015906913205981255
2300;3569,718994140625;17,193031311035156;67294,4921875;323,2391357421875;-437,89306640625;-19,995716094970703;0,8993130922317505;0,3366672992706299;0,29743802547454834;0,015855636447668076
2301;3569,718994140625;17,193031311035156;67294,4921875;339,9112548828125;-404,306884765625;-21,96428871154785;0,9080275893211365;0,3393804430961609;0,30121126770973206;0,016102125868201256
2302;3569,718994140625;17,193031311035156;67294,4921875;323,6430969238281;-392,37396240234375;-21,802677154541016;0,8814238905906677;0,3329489529132843;0,2936362624168396;0,01562950387597084
2303;3569,718994140625;17,193031311035156;67294,4921875;343,0194396972656;-357,89404296875;-18,111772537231445;0,8697120547294617;0,3235552906990051;0,28984886407852173;0,015170864760875702
2304;3569,718994140625;17,193031311035156;67294,4921875;360,0584411621094;-345,75299072265625;-19,99110221862793;0,8557226657867432;0,3236749768257141;0,28644803166389465;0,015116186812520027
2305;3569,718994140625;17,193031311035156;67294,4921875;397,4045104980469;-313,1365966796875;-23,662595748901367;0,8675379753112793;0,3229568302631378;0,2902469336986542;0,015247301198542118
2306;3569,718994140625;17,193031311035156;67294,4921875;417,8955383300781;-311,456787109375;-27,910940170288086;0,8860403299331665;0,3272581398487091;0,2964801788330078;0,015572614036500454
2307;3569,718994140625;17,193031311035156;67294,4921875;378,1792297363281;-275,9532470703125;-21,54570198059082;0,8835425972938538;0,3263966739177704;0,29596030712127686;0,015624022111296654
2308;3569,718994140625;17,193031311035156;67294,4921875;421,9749755859375;-259,5309753417969;-23,82157325744629;0,8656613826751709;0,31847792863845825;0,2899203300476074;0,015095730312168598
2309;3569,718994140625;17,193031311035156;67294,4921875;404,9556579589844;-249,64260864257812;-24,378704071044922;0,8416266441345215;0,3082466125488281;0,2818053066730499;0,01458042860031128
2310;3569,718994140625;17,193031311035156;67294,4921875;435,1039733886719;-233,6676483154297;-26,143680572509766;0,8455772995948792;0,30880987644195557;0,2829008996486664;0,014601943083107471
2311;3569,718994140625;17,193031311035156;67294,4921875;428,96978759765625;-221,6039581298828;-25,2978515625;0,8377969264984131;0,3045540452003479;0,27994534373283386;0,014388316310942173
2312;3569,718994140625;17,193031311035156;67294,4921875;393,0968017578125;-194,31735229492188;-22,00599479675293;0,8697534203529358;0,3166100084781647;0,2902611792087555;0,015088984742760658
2313;3569,718994140625;17,193031311035156;67294,4921875;365,9757995605469;-171,3269805908203;-23,488487243652344;0,8532223701477051;0,3098747730255127;0,2842118740081787;0,014635017141699791
2314;3569,718994140625;17,193031311035156;67294,4921875;379,4518737792969;-155,7232666015625;-23,55817413330078;0,8755688667297363;0,31745314598083496;0,2910008430480957;0,015144051983952522
2315;3569,718994140625;17,193031311035156;67294,4921875;379,5648498535156;-155,33961486816406;-23,842449188232422;0,8407183289527893;0,30577778816223145;0,2787911593914032;0,01418235246092081
2316;3569,718994140625;17,193031311035156;67294,4921875;383,0750427246094;-141,91464233398438;-21,741533279418945;0,8552189469337463;0,309724360704422;0,2826922535896301;0,014521311037242413
2317;3569,718994140625;17,193031311035156;67294,4921875;327,2441711425781;-111,72541809082031;-17,332679748535156;0,8464537858963013;0,3070164918899536;0,27892181277275085;0,014230388216674328
2318;3569,718994140625;17,193031311035156;67294,4921875;329,1543273925781;-99,33672332763672;-17,775371551513672;0,8755866885185242;0,32067930698394775;0,2877196967601776;0,014849267899990082
2319;3569,718994140625;17,193031311035156;67294,4921875;328,6438293457031;-71,59847259521484;-19,313207626342773;0,8629391193389893;0,3160924017429352;0,2824370861053467;0,014472655951976776
2320;3569,718994140625;17,193031311035156;67294,4921875;327,5928039550781;-56,23979187011719;-19,062843322753906;0,8588420748710632;0,30904266238212585;0,2794354259967804;0,014371807686984539
2321;3569,718994140625;17,193031311035156;67294,4921875;312,3968200683594;-25,362079620361328;-18,766355514526367;0,8472667932510376;0,31268250942230225;0,2750062644481659;0,013916577212512493
2322;3569,718994140625;17,193031311035156;67294,4921875;274,1419372558594;8,280729293823242;-13,906157493591309;0,8547437191009521;0,3157522678375244;0,27607986330986023;0,014039281755685806
2323;3569,718994140625;17,193031311035156;67294,4921875;285,977783203125;22,882837295532227;-14,242271423339844;0,859952449798584;0,3123193085193634;0,2758478820323944;0,014153494499623775
2324;3569,718994140625;17,193031311035156;67294,4921875;253,2229461669922;44,97450256347656;-12,123296737670898;0,8486539125442505;0,3154079020023346;0,2712860703468323;0,013724303804337978
2325;3569,718994140625;17,193031311035156;67294,4921875;231,19235229492188;73,69894409179688;-10,912179946899414;0,8610192537307739;0,3135552406311035;0,2730846703052521;0,014016445726156235
2326;3569,718994140625;17,193031311035156;67294,4921875;212,3164825439453;101,38591766357422;-11,211125373840332;0,8898733854293823;0,3282785415649414;0,28084495663642883;0,014615535736083984
2327;3569,718994140625;17,193031311035156;67294,4921875;181,3041229248047;122,76858520507812;-8,653820037841797;0,8723666071891785;0,3160081207752228;0,27307695150375366;0,014133390039205551
2328;3569,718994140625;17,193031311035156;67294,4921875;172,03787231445312;151,5653076171875;-6,467128753662109;0,8403652310371399;0,29536697268486023;0,26057809591293335;0,013286895118653774
2329;3569,718994140625;17,193031311035156;67294,4921875;144,5993194580078;180,71804809570312;-5,662571430206299;0,8638648390769958;0,31188011169433594;0,26670101284980774;0,013747845776379108
2330;3569,718994140625;17,193031311035156;67294,4921875;100,14349365234375;211,641845703125;-3,163498640060425;0,8878533840179443;0,3297828435897827;0,2729662358760834;0,014203250408172607
2331;3569,718994140625;17,193031311035156;67294,4921875;73,31072998046875;230,26589965820312;-1,6551704406738281;0,8933727145195007;0,32702234387397766;0,27230027318000793;0,014256841503083706
2332;3569,718994140625;17,193031311035156;67294,4921875;68,03067779541016;245,8916778564453;-2,786357879638672;0,8859411478042603;0,33006298542022705;0,2685656249523163;0,013964013196527958
2333;3569,718994140625;17,193031311035156;67294,4921875;26,442920684814453;251,7173309326172;-1,536943793296814;0,859994649887085;0,30540895462036133;0,25753387808799744;0,013273795135319233
2334;3569,718994140625;17,193031311035156;67294,4921875;38,06939697265625;258,4251403808594;-0,13781671226024628;0,8922570943832397;0,33581194281578064;0,2668076455593109;0,013905571773648262
2335;3569,718994140625;17,193031311035156;67294,4921875;-43,10824203491211;272,6158752441406;4,14798641204834;0,867196798324585;0,29676398634910583;0,2549501955509186;0,013228327967226505
2336;3569,718994140625;17,193031311035156;67294,4921875;-53,83513259887695;283,5864562988281;3,6442785263061523;0,9098273515701294;0,3324197232723236;0,267219215631485;0,01413233857601881
2337;3569,718994140625;17,193031311035156;67294,4921875;-51,664974212646484;294,1269226074219;3,7863640785217285;0,919180154800415;0,34233665466308594;0,26854366064071655;0,014237080700695515
2338;3569,718994140625;17,193031311035156;67294,4921875;-56,522823333740234;308,58935546875;2,217048406600952;0,8896058201789856;0,32173478603363037;0,2572234869003296;0,013448333367705345
2339;3569,718994140625;17,193031311035156;67294,4921875;-98,2374038696289;325,6474609375;4,160831451416016;0,8958878517150879;0,31745001673698425;0,2566595673561096;0,013480167835950851
2340;3569,718994140625;17,193031311035156;67294,4921875;-111,66679382324219;325,8124694824219;4,277694225311279;0,9309104084968567;0,3421594798564911;0,26586806774139404;0,014179551042616367
2341;3569,718994140625;17,193031311035156;67294,4921875;-137,01954650878906;328,1231994628906;6,139739990234375;0,9052567481994629;0,32328927516937256;0,256033718585968;0,013478947803378105
2342;3569,718994140625;17,193031311035156;67294,4921875;-180,13035583496094;343,8326721191406;10,714644432067871;0,9334806799888611;0,34849995374679565;0,2635694146156311;0,014015676453709602
2343;3569,718994140625;17,193031311035156;67294,4921875;-205,96714782714844;354,1699523925781;11,617203712463379;0,9504464864730835;0,3532066345214844;0,2665780484676361;0,014283789321780205
2344;3569,718994140625;17,193031311035156;67294,4921875;-245,8575439453125;362,1128234863281;11,939212799072266;0,9198703169822693;0,3452247977256775;0,25678831338882446;0,013481294736266136
2345;3569,718994140625;17,193031311035156;67294,4921875;-171,61476135253906;355,7939758300781;8,03311538696289;0,9331923127174377;0,32842227816581726;0,2573290169239044;0,013648764230310917
2346;3569,718994140625;17,193031311035156;67294,4921875;-105,19871520996094;367,457275390625;6,624386787414551;0,9727564454078674;0,3726303279399872;0,26935163140296936;0,014437111094594002
2347;3569,718994140625;17,193031311035156;67294,4921875;-107,89850616455078;375,8798522949219;9,280993461608887;0,9598562717437744;0,3528420031070709;0,26334133744239807;0,01403521467000246
2348;3569,718994140625;17,193031311035156;67294,4921875;-131,41403198242188;393,3634338378906;9,296260833740234;0,9633932113647461;0,35935091972351074;0,26364123821258545;0,01400416437536478
2349;3569,718994140625;17,193031311035156;67294,4921875;-135,60269165039062;409,462890625;8,356402397155762;1,0138503313064575;0,39793553948402405;0,27804580330848694;0,014981198124587536
2350;3569,718994140625;17,193031311035156;67294,4921875;-123,8857650756836;404,3434753417969;8,85682201385498;0,9787108898162842;0,37773796916007996;0,2670409381389618;0,014111937955021858
2351;3569,718994140625;17,193031311035156;67294,4921875;-136,88539123535156;413,1902770996094;6,415657043457031;1,012157678604126;0,3958141803741455;0,2758626937866211;0,01471965853124857
2352;3569,718994140625;17,193031311035156;67294,4921875;-170,10853576660156;413,100830078125;8,250593185424805;1,0116184949874878;0,3922625184059143;0,27487912774086;0,014598467387259007
2353;3569,718994140625;17,193031311035156;67294,4921875;-167,75473022460938;413,9125671386719;8,712471008300781;1,0139405727386475;0,3851795792579651;0,27448925375938416;0,014538886956870556
2354;3569,718994140625;17,193031311035156;67294,4921875;-163,07005310058594;414,56231689453125;8,978273391723633;0,999385416507721;0,38123711943626404;0,2704191505908966;0,014120484702289104
2355;3569,718994140625;17,193031311035156;67294,4921875;-126,23339080810547;409,5780944824219;8,29524040222168;1,0223488807678223;0,3884790539741516;0,2764277458190918;0,014498149044811726
2356;3569,718994140625;17,193031311035156;67294,4921875;-132,9381103515625;411,91986083984375;8,4629545211792;1,066070318222046;0,4450034499168396;0,29120945930480957;0,015222671441733837
2357;3569,718994140625;17,193031311035156;67294,4921875;-108,90587615966797;401,1756286621094;6,769148826599121;1,0727514028549194;0,44033899903297424;0,2926386296749115;0,015278258360922337
2358;3569,718994140625;17,193031311035156;67294,4921875;-132,02215576171875;401,6803894042969;9,502745628356934;1,0542311668395996;0,4198037087917328;0,2869965434074402;0,014816991053521633
2359;3569,718994140625;17,193031311035156;67294,4921875;-93,19906616210938;393,65020751953125;4,39361572265625;1,0929901599884033;0,456930011510849;0,2995218336582184;0,015435360372066498
2360;3569,718994140625;17,193031311035156;67294,4921875;-118,04554748535156;387,0682067871094;6,699443817138672;1,1301673650741577;0,44703856110572815;0,30868208408355713;0,016152063384652138
2361;3569,718994140625;17,193031311035156;67294,4921875;-75,37606048583984;372,23651123046875;9,175727844238281;1,1349785327911377;0,4399971663951874;0,3102892339229584;0,016146952286362648
2362;3569,718994140625;17,193031311035156;67294,4921875;-50,6091194152832;372,9272766113281;7,823169708251953;1,1344889402389526;0,43539464473724365;0,31089863181114197;0,01603497937321663
2363;3569,718994140625;17,193031311035156;67294,4921875;-24,847824096679688;367,49322509765625;8,646857261657715;1,1435635089874268;0,4316236078739166;0,31414660811424255;0,01611088030040264
2364;3569,718994140625;17,193031311035156;67294,4921875;30,046030044555664;368,226318359375;3,9085633754730225;1,1630828380584717;0,4544944167137146;0,3216293752193451;0,01638520322740078
2365;3569,718994140625;17,193031311035156;67294,4921875;-8,310391426086426;386,2196960449219;5,899566650390625;1,2002956867218018;0,46800559759140015;0,33331382274627686;0,01700356975197792
2366;3569,718994140625;17,193031311035156;67294,4921875;-8,212255477905273;384,05108642578125;6,083518028259277;1,2261022329330444;0,48583492636680603;0,3424399793148041;0,017384110018610954
2367;3569,718994140625;17,193031311035156;67294,4921875;11,293327331542969;383,48370361328125;2,750786542892456;1,1961357593536377;0,46128395199775696;0,33517467975616455;0,016735166311264038
2368;3569,718994140625;17,193031311035156;67294,4921875;6,190706729888916;379,5853576660156;8,3447265625;1,2248080968856812;0,47933870553970337;0,34530267119407654;0,017170866951346397
2369;3569,718994140625;17,193031311035156;67294,4921875;-11,623116493225098;382,947265625;10,637444496154785;1,2698957920074463;0,502836287021637;0,3601852357387543;0,017907001078128815
2370;3569,718994140625;17,193031311035156;67294,4921875;-2,8806655406951904;385,57537841796875;8,83433723449707;1,2654725313186646;0,4905523955821991;0,36058101058006287;0,01775161363184452
2371;3569,718994140625;17,193031311035156;67294,4921875;17,885835647583008;376,2419738769531;9,619566917419434;1,2958381175994873;0,5023288726806641;0,3713826835155487;0,01821916736662388
2372;3569,718994140625;17,193031311035156;67294,4921875;20,985553741455078;376,389892578125;8,843161582946777;1,2577579021453857;0,48329469561576843;0,36250150203704834;0,017432034015655518
2373;3569,718994140625;17,193031311035156;67294,4921875;46,52645492553711;389,046630859375;8,302816390991211;1,3055496215820312;0,5109765529632568;0,37876030802726746;0,01819036155939102
2374;3569,718994140625;17,193031311035156;67294,4921875;68,80015563964844;395,8040771484375;9,673906326293945;1,3258835077285767;0,5358642935752869;0,38728389143943787;0,018369104713201523
2375;3569,718994140625;17,193031311035156;67294,4921875;74,28553771972656;383,92236328125;6,545827388763428;1,3525527715682983;0,5218008160591125;0,39701008796691895;0,018883606418967247
2376;3569,718994140625;17,193031311035156;67294,4921875;90,63225555419922;351,5730285644531;8,491768836975098;1,3644105195999146;0,513886034488678;0,40278223156929016;0,019045909866690636
2377;3569,718994140625;17,193031311035156;67294,4921875;126,05937194824219;335,2767333984375;6,361525058746338;1,3433880805969238;0,496153861284256;0,39894211292266846;0,01861155591905117
2378;3569,718994140625;17,193031311035156;67294,4921875;107,91532135009766;317,58612060546875;7,34459924697876;1,385949969291687;0,5296801328659058;0,414150595664978;0,019218293949961662
2379;3569,718994140625;17,193031311035156;67294,4921875;82,56397247314453;286,4859313964844;8,207722663879395;1,3737729787826538;0,5227727890014648;0,4129343628883362;0,01891721598803997
2380;3569,718994140625;17,193031311035156;67294,4921875;92,36846923828125;264,7840881347656;10,239144325256348;1,3414757251739502;0,49594447016716003;0,40565383434295654;0,01833009161055088
2381;3569,718994140625;17,193031311035156;67294,4921875;99,4862289428711;249,15478515625;13,555511474609375;1,4065555334091187;0,5215170979499817;0,4277575612068176;0,019393902271986008
2382;3569,718994140625;17,193031311035156;67294,4921875;127,1770248413086;224,8855438232422;6,867716312408447;1,3663597106933594;0,48702821135520935;0,41819584369659424;0,01870090700685978
2383;3569,718994140625;17,193031311035156;67294,4921875;151,53285217285156;221,14169311523438;11,011650085449219;1,3920713663101196;0,49559953808784485;0,42846933007240295;0,019084841012954712
2384;3569,718994140625;17,193031311035156;67294,4921875;138,06549072265625;199,9881591796875;14,752676963806152;1,454169750213623;0,5270838141441345;0,44973790645599365;0,02004415914416313
2385;3569,718994140625;17,193031311035156;67294,4921875;134,15286254882812;180,71481323242188;13,566361427307129;1,4542912244796753;0,504772424697876;0,45281004905700684;0,020086804404854774
2386;3569,718994140625;17,193031311035156;67294,4921875;140,3601837158203;168,54837036132812;8,670681953430176;1,4329590797424316;0,502107560634613;0,44824865460395813;0,01963365077972412
2387;3569,718994140625;17,193031311035156;67294,4921875;118,17281341552734;145,6821746826172;7,949865818023682;1,443015694618225;0,49472591280937195;0,4540553092956543;0,01980413869023323
2388;3569,718994140625;17,193031311035156;67294,4921875;122,97176361083984;149,03170776367188;7,758347034454346;1,4353179931640625;0,484561562538147;0,45413652062416077;0,01965501718223095
2389;3569,718994140625;17,193031311035156;67294,4921875;119,93675994873047;130,39561462402344;10,490320205688477;1,4794723987579346;0,513871967792511;0,46928220987319946;0,020260117948055267
2390;3569,718994140625;17,193031311035156;67294,4921875;124,35127258300781;118,52201843261719;7,988498210906982;1,488187313079834;0,5045801401138306;0,47475990653038025;0,02044275961816311
2391;3569,718994140625;17,193031311035156;67294,4921875;125,64080047607422;119,84156036376953;9,791104316711426;1,4946260452270508;0,4970884323120117;0,47937339544296265;0,02056475542485714
2392;3569,718994140625;17,193031311035156;67294,4921875;66,12301635742188;98,36325073242188;12,428223609924316;1,493994951248169;0,5014968514442444;0,4804784655570984;0,02046889252960682
2393;3569,718994140625;17,193031311035156;67294,4921875;122,51219177246094;75,68116760253906;11,828516960144043;1,4977437257766724;0,5013091564178467;0,48333823680877686;0,020486928522586823
2394;3569,718994140625;17,193031311035156;67294,4921875;107,21476745605469;58,678951263427734;14,792061805725098;1,5151395797729492;0,4994669556617737;0,49121034145355225;0,020808907225728035
2395;3569,718994140625;17,193031311035156;67294,4921875;137,71124267578125;31,456663131713867;15,085834503173828;1,539109468460083;0,5052308440208435;0,5005701780319214;0,021188203245401382
2396;3569,718994140625;17,193031311035156;67294,4921875;72,7362060546875;18,83390235900879;13,519617080688477;1,4505082368850708;0,46285367012023926;0,4748739004135132;0,019799532368779182
2397;3569,718994140625;17,193031311035156;67294,4921875;119,29447937011719;-18,409143447875977;13,917091369628906;1,5336700677871704;0,5031040906906128;0,5008256435394287;0,02098381705582142
2398;3569,718994140625;17,193031311035156;67294,4921875;83,21427917480469;-39,52128219604492;10,654129028320312;1,5126219987869263;0,48681640625;0,4965640604496002;0,02074635587632656
2399;3569,718994140625;17,193031311035156;67294,4921875;104,3982162475586;-58,41954803466797;11,240238189697266;1,491675615310669;0,47852471470832825;0,490694522857666;0,020378557965159416
2400;3569,718994140625;17,193031311035156;67294,4921875;115,61619567871094;-71,48332977294922;9,390624046325684;1,5489113330841064;0,4958425462245941;0,5102880597114563;0,02132532000541687
2401;3569,718994140625;17,193031311035156;67294,4921875;99,2297592163086;-96,46745300292969;10,101276397705078;1,5656585693359375;0,5024839639663696;0,5154767036437988;0,02149800769984722
2402;3569,718994140625;17,193031311035156;67294,4921875;111,51084899902344;-106,806640625;11,626811981201172;1,5564842224121094;0,4968501627445221;0,5133362412452698;0,02136251889169216
2403;3569,718994140625;17,193031311035156;67294,4921875;102,04826354980469;-131,84365844726562;11,362951278686523;1,546852469444275;0,49057820439338684;0,5114822387695312;0,021278221160173416
2404;3569,718994140625;17,193031311035156;67294,4921875;44,51092529296875;-153,43504333496094;13,436752319335938;1,6110010147094727;0,5095148682594299;0,5329567193984985;0,022350961342453957
2405;3569,718994140625;17,193031311035156;67294,4921875;51,2178955078125;-181,69271850585938;14,345248222351074;1,5618736743927002;0,49251553416252136;0,5170455574989319;0,021545933559536934
2406;3569,718994140625;17,193031311035156;67294,4921875;33,39923858642578;-180,2440948486328;13,646509170532227;1,5816075801849365;0,4974733591079712;0,5254341959953308;0,022032806649804115
2407;3569,718994140625;17,193031311035156;67294,4921875;3,832266092300415;-190,7606658935547;14,997599601745605;1,5228559970855713;0,47863495349884033;0,5057845711708069;0,021055512130260468
2408;3569,718994140625;17,193031311035156;67294,4921875;-13,705852508544922;-213,2488250732422;11,691744804382324;1,5794092416763306;0,4948694705963135;0,5228241086006165;0,021905997768044472
2409;3569,718994140625;17,193031311035156;67294,4921875;-12,851275444030762;-207,3518524169922;10,991345405578613;1,5638642311096191;0,4872204065322876;0,515657901763916;0,021501123905181885
2410;3569,718994140625;17,193031311035156;67294,4921875;-30,658634185791016;-232,73455810546875;13,413565635681152;1,5283724069595337;0,48075979948043823;0,507107675075531;0,02126437798142433
2411;3569,718994140625;17,193031311035156;67294,4921875;-34,06597137451172;-235,40528869628906;13,38866138458252;1,5691500902175903;0,49068954586982727;0,5183449387550354;0,02185170352458954
2412;3569,718994140625;17,193031311035156;67294,4921875;-43,16044616699219;-254,3606414794922;14,725237846374512;1,5592615604400635;0,48312652111053467;0,5123675465583801;0,0215291790664196
2413;3569,718994140625;17,193031311035156;67294,4921875;-34,48713684082031;-272,4052429199219;15,007535934448242;1,55039381980896;0,48325076699256897;0,5098682641983032;0,021549873054027557
2414;3569,718994140625;17,193031311035156;67294,4921875;-60,45024108886719;-297,65606689453125;14,986649513244629;1,5179027318954468;0,47291895747184753;0,49806737899780273;0,021025678142905235
2415;3569,718994140625;17,193031311035156;67294,4921875;-68,29444885253906;-304,7056884765625;16,805261611938477;1,5541402101516724;0,4856068789958954;0,509158730506897;0,02172825112938881
2416;3569,718994140625;17,193031311035156;67294,4921875;-86,93266296386719;-343,34625244140625;12,272560119628906;1,5905838012695312;0,4980807602405548;0,5199345946311951;0,022416211664676666
2417;3569,718994140625;17,193031311035156;67294,4921875;-91,82598114013672;-370,3117980957031;16,276819229125977;1,578500509262085;0,488790899515152;0,512785792350769;0,02209538221359253
2418;3569,718994140625;17,193031311035156;67294,4921875;-128,113525390625;-392,55755615234375;13,847489356994629;1,5870521068572998;0,4953658878803253;0,5148502588272095;0,02238747850060463
2419;3569,718994140625;17,193031311035156;67294,4921875;-105,39537048339844;-416,81280517578125;14,79604434967041;1,5693573951721191;0,4875035583972931;0,5066040754318237;0,02206415683031082
2420;3569,718994140625;17,193031311035156;67294,4921875;-127,48705291748047;-445,2501220703125;17,389930725097656;1,5303601026535034;0,4788680076599121;0,4928409457206726;0,0215157363563776
2421;3569,718994140625;17,193031311035156;67294,4921875;-119,26686096191406;-472,055419921875;15,82325267791748;1,5162373781204224;0,47845402359962463;0,4870757758617401;0,02140023000538349
2422;3569,718994140625;17,193031311035156;67294,4921875;-116,93180847167969;-494,1211242675781;12,869924545288086;1,6074111461639404;0,4885333180427551;0,509915292263031;0,022595800459384918
2423;3569,718994140625;17,193031311035156;67294,4921875;-146,4156951904297;-512,6178588867188;15,32650375366211;1,5492889881134033;0,4826708137989044;0,49160411953926086;0,021919455379247665
2424;3569,718994140625;17,193031311035156;67294,4921875;-79,15373992919922;-521,46240234375;7,5952839851379395;1,588728904724121;0,489875465631485;0,5005019903182983;0,022539779543876648
2425;3569,718994140625;17,193031311035156;67294,4921875;-121,52074432373047;-552,0224609375;12,147865295410156;1,504456639289856;0,4907415211200714;0,47680753469467163;0,021662689745426178
2426;3569,718994140625;17,193031311035156;67294,4921875;-96,4564208984375;-567,4580078125;16,87464141845703;1,596398115158081;0,48897042870521545;0,4968641400337219;0,02270079031586647
2427;3569,718994140625;17,193031311035156;67294,4921875;-11,491950988769531;-563,1129150390625;7,384859561920166;1,533789038658142;0,48550623655319214;0,477590948343277;0,021988170221447945
2428;3569,718994140625;17,193031311035156;67294,4921875;35,1682014465332;-570,079833984375;7,973721504211426;1,5198485851287842;0,4876258671283722;0,4716204106807709;0,021915338933467865
2429;3569,718994140625;17,193031311035156;67294,4921875;56,578914642333984;-579,0010375976562;7,327368259429932;1,5121420621871948;0,4835214912891388;0,4660094976425171;0,021795837208628654
2430;3569,718994140625;17,193031311035156;67294,4921875;98,38822937011719;-585,0758666992188;3,5268588066101074;1,4978647232055664;0,4858710765838623;0,4599374830722809;0,021721195429563522
2431;3569,718994140625;17,193031311035156;67294,4921875;128,44876098632812;-610,740234375;-1,4151310920715332;1,4467072486877441;0,4720497131347656;0,44185736775398254;0,020904865115880966
2432;3569,718994140625;17,193031311035156;67294,4921875;115,02019500732422;-616,4396362304688;-2,1104910373687744;1,4874159097671509;0,4852520227432251;0,4512947201728821;0,02169203571975231
2433;3569,718994140625;17,193031311035156;67294,4921875;131,307373046875;-633,3809814453125;-3,2863521575927734;1,4337748289108276;0,47514620423316956;0,433452844619751;0,02091125398874283
2434;3569,718994140625;17,193031311035156;67294,4921875;212,91856384277344;-622,7951049804688;-7,454061985015869;1,5636521577835083;0,48297181725502014;0,4635419249534607;0,022677699103951454
2435;3569,718994140625;17,193031311035156;67294,4921875;217,03382873535156;-633,1731567382812;-6,682604789733887;1,4396697282791138;0,4790348410606384;0,42979344725608826;0,021171756088733673
2436;3569,718994140625;17,193031311035156;67294,4921875;284,1232604980469;-633,850341796875;-14,321786880493164;1,5285170078277588;0,4776298701763153;0,4480617046356201;0,02229381538927555
2437;3569,718994140625;17,193031311035156;67294,4921875;252,16323852539062;-653,451171875;-12,149911880493164;1,4296793937683105;0,48606306314468384;0,42296501994132996;0,021299630403518677
2438;3569,718994140625;17,193031311035156;67294,4921875;267,4483642578125;-675,819091796875;-15,83576774597168;1,4123613834381104;0,47306713461875916;0,4138925075531006;0,02092432789504528
2439;3569,718994140625;17,193031311035156;67294,4921875;301,9881286621094;-688,4558715820312;-19,488059997558594;1,4507923126220703;0,49524348974227905;0,42400655150413513;0,021868718788027763
2440;3569,718994140625;17,193031311035156;67294,4921875;325,29730224609375;-697,8440551757812;-18,021013259887695;1,4261318445205688;0,47033601999282837;0,4113949239253998;0,02119426243007183
2441;3569,718994140625;17,193031311035156;67294,4921875;339,44818115234375;-714,2388305664062;-23,298402786254883;1,4503170251846313;0,4672987461090088;0,41402456164360046;0,021519338712096214
2442;3569,718994140625;17,193031311035156;67294,4921875;339,2222900390625;-734,9835815429688;-21,962749481201172;1,4600107669830322;0,47395551204681396;0,4149031937122345;0,021851396188139915
2443;3569,718994140625;17,193031311035156;67294,4921875;311,447509765625;-749,1259155273438;-21,162012100219727;1,4384636878967285;0,4649116098880768;0,40614137053489685;0,02149461768567562
2444;3569,718994140625;17,193031311035156;67294,4921875;387,3374938964844;-739,66796875;-24,029558181762695;1,4309262037277222;0,47575312852859497;0,4039878249168396;0,021692810580134392
2445;3569,718994140625;17,193031311035156;67294,4921875;388,0100402832031;-751,312744140625;-27,322792053222656;1,4371256828308105;0,4678709805011749;0,40208351612091064;0,021717149764299393
2446;3569,718994140625;17,193031311035156;67294,4921875;365,5346984863281;-762,9326782226562;-26,988506317138672;1,4086418151855469;0,47069239616394043;0,3941904604434967;0,021500498056411743
2447;3569,718994140625;17,193031311035156;67294,4921875;413,43988037109375;-757,672119140625;-29,176557540893555;1,3893529176712036;0,44948142766952515;0,3847503066062927;0,020937995985150337
2448;3569,718994140625;17,193031311035156;67294,4921875;370,2024841308594;-767,4189453125;-26,522464752197266;1,3735772371292114;0,46165868639945984;0,3816339671611786;0,021073151379823685
2449;3569,718994140625;17,193031311035156;67294,4921875;445,9029541015625;-753,9010009765625;-30,61895179748535;1,3292603492736816;0,45566603541374207;0,3694656491279602;0,020478973165154457
2450;3569,718994140625;17,193031311035156;67294,4921875;434,0698547363281;-749,0391845703125;-29,891000747680664;1,297397255897522;0,44879063963890076;0,36016571521759033;0,020027367398142815
2451;3569,718994140625;17,193031311035156;67294,4921875;375,4229431152344;-750,5562133789062;-29,851226806640625;1,2842481136322021;0,44093942642211914;0,35507887601852417;0,019805941730737686
2452;3569,718994140625;17,193031311035156;67294,4921875;352,81024169921875;-739,6686401367188;-25,384296417236328;1,34404718875885;0,4469730854034424;0,3685615062713623;0,02082555741071701
2453;3569,718994140625;17,193031311035156;67294,4921875;381,86395263671875;-724,3489990234375;-25,685302734375;1,3093304634094238;0,4397604167461395;0,35917770862579346;0,02033267542719841
2454;3569,718994140625;17,193031311035156;67294,4921875;357,7740783691406;-713,4790649414062;-24,46723175048828;1,3457788228988647;0,4376981854438782;0,3666340708732605;0,02088501863181591
2455;3569,718994140625;17,193031311035156;67294,4921875;373,67578125;-699,5050659179688;-26,660058975219727;1,3048954010009766;0,4324265718460083;0,3565790355205536;0,020351696759462357
2456;3569,718994140625;17,193031311035156;67294,4921875;369,75494384765625;-701,4948120117188;-24,511228561401367;1,2753655910491943;0,43925613164901733;0,35110804438591003;0,020212465897202492
2457;3569,718994140625;17,193031311035156;67294,4921875;375,0827941894531;-708,5247802734375;-26,786252975463867;1,2473958730697632;0,43012019991874695;0,34370914101600647;0,01976458542048931
2458;3569,718994140625;17,193031311035156;67294,4921875;328,0404968261719;-717,060546875;-25,217920303344727;1,2440309524536133;0,4295135736465454;0,34327423572540283;0,019824372604489326
2459;3569,718994140625;17,193031311035156;67294,4921875;352,4482116699219;-707,1621704101562;-25,405574798583984;1,2456670999526978;0,43395793437957764;0,3449150621891022;0,02005760371685028
2460;3569,718994140625;17,193031311035156;67294,4921875;337,4393005371094;-705,9202270507812;-25,28704261779785;1,2108139991760254;0,42885661125183105;0,3370886445045471;0,019591035321354866
2461;3569,718994140625;17,193031311035156;67294,4921875;311,3023376464844;-705,7158813476562;-25,84864044189453;1,1916239261627197;0,42224979400634766;0,33267736434936523;0,019308114424347878
2462;3569,718994140625;17,193031311035156;67294,4921875;280,02581787109375;-710,084716796875;-23,41710090637207;1,2153093814849854;0,42274239659309387;0,3392028212547302;0,019770769402384758
2463;3569,718994140625;17,193031311035156;67294,4921875;278,05084228515625;-713,3319091796875;-21,63612937927246;1,1731375455856323;0,40426456928253174;0,32810261845588684;0,018903234973549843
2464;3569,718994140625;17,193031311035156;67294,4921875;253,61196899414062;-718,4644165039062;-22,527963638305664;1,1669011116027832;0,41150298714637756;0,32908985018730164;0,019096987321972847
2465;3569,718994140625;17,193031311035156;67294,4921875;273,0114440917969;-707,25341796875;-20,724109649658203;1,1461997032165527;0,41623973846435547;0,32648125290870667;0,01902199722826481
2466;3569,718994140625;17,193031311035156;67294,4921875;235,58750915527344;-711,7169189453125;-19,561912536621094;1,129351258277893;0,4153292179107666;0,3239951729774475;0,018877726048231125
2467;3569,718994140625;17,193031311035156;67294,4921875;240,88250732421875;-701,227294921875;-17,981822967529297;1,1468279361724854;0,40372079610824585;0,32812464237213135;0,019003618508577347
2468;3569,718994140625;17,193031311035156;67294,4921875;262,3089294433594;-686,4967651367188;-19,552867889404297;1,0925146341323853;0,40387028455734253;0,31705302000045776;0,01834002323448658
2469;3569,718994140625;17,193031311035156;67294,4921875;237,97134399414062;-664,513671875;-16,557483673095703;1,0972931385040283;0,4128058850765228;0,32127663493156433;0,018707498908042908
2470;3569,718994140625;17,193031311035156;67294,4921875;203,5034942626953;-650,2510986328125;-15,39754581451416;1,0478577613830566;0,3972991406917572;0,30903998017311096;0,01776805706322193
2471;3569,718994140625;17,193031311035156;67294,4921875;169,54627990722656;-633,9263916015625;-13,286458015441895;1,0708880424499512;0,4049846827983856;0,3175867795944214;0,018384741619229317
2472;3569,718994140625;17,193031311035156;67294,4921875;183,96116638183594;-611,109130859375;-14,694106101989746;1,047560453414917;0,3888051211833954;0,31157171726226807;0,017807530239224434
2473;3569,718994140625;17,193031311035156;67294,4921875;173,31396484375;-593,85498046875;-13,212470054626465;1,0375988483428955;0,38252949714660645;0,31021934747695923;0,017627378925681114
2474;3569,718994140625;17,193031311035156;67294,4921875;146,99734497070312;-579,4932250976562;-12,133487701416016;1,0186783075332642;0,38151466846466064;0,30733394622802734;0,01743021234869957
2475;3569,718994140625;17,193031311035156;67294,4921875;143,4195098876953;-564,411376953125;-13,308082580566406;1,0209251642227173;0,3750925660133362;0,309040904045105;0,017418036237359047
2476;3569,718994140625;17,193031311035156;67294,4921875;139,865966796875;-544,6528930664062;-12,158539772033691;0,9885845184326172;0,37340807914733887;0,30253979563713074;0,017000539228320122
2477;3569,718994140625;17,193031311035156;67294,4921875;120,82722473144531;-544,1968994140625;-10,535332679748535;0,9983519911766052;0,3797946274280548;0,30784931778907776;0,01739116571843624
2478;3569,718994140625;17,193031311035156;67294,4921875;119,68937683105469;-514,73681640625;-10,421112060546875;0,9748535752296448;0,37621021270751953;0,30320829153060913;0,01704762876033783
2479;3569,718994140625;17,193031311035156;67294,4921875;148,7147979736328;-486,99713134765625;-11,203384399414062;0,9732455611228943;0,37216252088546753;0,30414626002311707;0,01702873222529888
2480;3569,718994140625;17,193031311035156;67294,4921875;108,79350280761719;-491,016845703125;-8,31645679473877;0,9564276933670044;0,3756529986858368;0,30200251936912537;0,016928302124142647
2481;3569,718994140625;17,193031311035156;67294,4921875;116,45134735107422;-473,3482360839844;-7,979180335998535;0,963042140007019;0,3629918098449707;0,3039676249027252;0,01683773659169674
2482;3569,718994140625;17,193031311035156;67294,4921875;86,24239349365234;-458,8878479003906;-6,07485294342041;0,915661096572876;0,36050766706466675;0,2926444709300995;0,01613377220928669
2483;3569,718994140625;17,193031311035156;67294,4921875;82,440673828125;-461,57318115234375;-5,556163787841797;0,943522572517395;0,3636126220226288;0,30223482847213745;0,016724029555916786
2484;3569,718994140625;17,193031311035156;67294,4921875;93,44184112548828;-458,37274169921875;-5,505298614501953;0,8976200222969055;0,34343570470809937;0,28878533840179443;0,015613208524882793
2485;3569,718994140625;17,193031311035156;67294,4921875;77,36170196533203;-451,4397277832031;-3,471879482269287;0,9419232606887817;0,35846391320228577;0,30438417196273804;0,01672980561852455
2486;3569,718994140625;17,193031311035156;67294,4921875;26,763870239257812;-440,5561218261719;-2,87977933883667;0,893717348575592;0,3488255739212036;0,2912980914115906;0,015834227204322815
2487;3569,718994140625;17,193031311035156;67294,4921875;28,535675048828125;-412,06793212890625;-2,457392454147339;0,8492655158042908;0,3319135010242462;0,27814623713493347;0,014802294783294201
2488;3569,718994140625;17,193031311035156;67294,4921875;31,856693267822266;-388,9314880371094;-0,26281073689460754;0,8660784959793091;0,33447569608688354;0,28440243005752563;0,015192631632089615
2489;3569,718994140625;17,193031311035156;67294,4921875;86,6781997680664;-354,7967224121094;-2,195600986480713;0,9241551160812378;0,35105979442596436;0,3040255606174469;0,016542810946702957
2490;3569,718994140625;17,193031311035156;67294,4921875;35,28570556640625;-349,7928161621094;-0,10426562279462814;0,8765912055969238;0,3311651945114136;0,28925034403800964;0,015362812206149101
2491;3569,718994140625;17,193031311035156;67294,4921875;58,19021224975586;-329,77459716796875;-3,1089277267456055;0,8861737847328186;0,3413982093334198;0,2942197620868683;0,015849247574806213
2492;3569,718994140625;17,193031311035156;67294,4921875;52,24502182006836;-321,5806579589844;-0,8877803683280945;0,864267885684967;0,3283421993255615;0,2872847616672516;0,015229788608849049
2493;3569,718994140625;17,193031311035156;67294,4921875;94,2337875366211;-289,5623474121094;-3,983788251876831;0,8646149635314941;0,3265823423862457;0,2879842221736908;0,01522761955857277
2494;3569,718994140625;17,193031311035156;67294,4921875;73,21783447265625;-270,6816101074219;-1,5420869588851929;0,842120885848999;0,3154677152633667;0,280862033367157;0,014598116278648376
2495;3569,718994140625;17,193031311035156;67294,4921875;75,09263610839844;-238,8885955810547;-1,3758991956710815;0,8312439322471619;0,31334570050239563;0,2780632972717285;0,014478273689746857
2496;3569,718994140625;17,193031311035156;67294,4921875;90,345458984375;-222,62081909179688;-1,546485424041748;0,8470319509506226;0,3154294490814209;0,2833510637283325;0,014739859849214554
2497;3569,718994140625;17,193031311035156;67294,4921875;105,63299560546875;-202,18930053710938;-2,0317091941833496;0,8414377570152283;0,3124493360519409;0,2817648947238922;0,014606857672333717
2498;3569,718994140625;17,193031311035156;67294,4921875;106,21768188476562;-192,0604248046875;0,1241343766450882;0,8425061106681824;0,3114008605480194;0,28220900893211365;0,014574735425412655
2499;3569,718994140625;17,193031311035156;67294,4921875;113,04389190673828;-169,27366638183594;-1,374634861946106;0,8509102463722229;0,31369748711586;0,28511831164360046;0,014821231365203857
2500;3569,718994140625;17,193031311035156;67294,4921875;111,52623748779297;-157,918701171875;-1,168830394744873;0,8423177599906921;0,30933937430381775;0,28215906023979187;0,014601095579564571
2501;3569,718994140625;17,193031311035156;67294,4921875;105,6219253540039;-147,74134826660156;-0,997100293636322;0,847070574760437;0,3098786473274231;0,28356873989105225;0,01469530537724495
2502;3569,718994140625;17,193031311035156;67294,4921875;133,304931640625;-139,05880737304688;-4,587708473205566;0,844482421875;0,30928733944892883;0,2824738621711731;0,014482280239462852
2503;3569,718994140625;17,193031311035156;67294,4921875;131,0079345703125;-124,2747802734375;-1,4373223781585693;0,8356911540031433;0,30372151732444763;0,27908581495285034;0,014327102340757847
2504;3569,718994140625;17,193031311035156;67294,4921875;96,81598663330078;-100,54358673095703;1,5122129917144775;0,8284728527069092;0,3007509708404541;0,27623212337493896;0,014081599190831184
2505;3569,718994140625;17,193031311035156;67294,4921875;88,03373718261719;-79,88590240478516;-0,15149210393428802;0,8042380809783936;0,29165518283843994;0,2676232159137726;0,013395839370787144
2506;3569,718994140625;17,193031311035156;67294,4921875;56,621337890625;-61,38825988769531;2,49558424949646;0,8630717396736145;0,3137151598930359;0,28660935163497925;0,014820744283497334
2507;3569,718994140625;17,193031311035156;67294,4921875;91,02273559570312;-45,731204986572266;0,8751693964004517;0,8765851259231567;0,31792280077934265;0,2902846038341522;0,015113238245248795
2508;3569,718994140625;17,193031311035156;67294,4921875;58,60090637207031;-30,64942741394043;0,27409127354621887;0,8246341943740845;0,29818111658096313;0,27220064401626587;0,013761669397354126
2509;3569,718994140625;17,193031311035156;67294,4921875;60,248565673828125;-2,535407543182373;-1,7533797025680542;0,8699781894683838;0,3144896626472473;0,28619882464408875;0,014841469004750252
2510;3569,718994140625;17,193031311035156;67294,4921875;56,900917053222656;18,2432861328125;-0,7844619154930115;0,8524035811424255;0,31140270829200745;0,27963727712631226;0,014289858750998974
2511;3569,718994140625;17,193031311035156;67294,4921875;36,627017974853516;45,32562255859375;1,5408215522766113;0,8520001173019409;0,3119858503341675;0,2784421741962433;0,014208376407623291
2512;3569,718994140625;17,193031311035156;67294,4921875;29,556840896606445;66,56261444091797;3,3234946727752686;0,8426024317741394;0,3013586401939392;0,2736053466796875;0,013987991958856583
2513;3569,718994140625;17,193031311035156;67294,4921875;14,064567565917969;97,78736877441406;5,069340229034424;0,8467435240745544;0,30362027883529663;0,27371692657470703;0,014010303653776646
2514;3569,718994140625;17,193031311035156;67294,4921875;-13,327959060668945;119,48436737060547;5,009079933166504;0,8727148771286011;0,317626953125;0,2810811996459961;0,01454175915569067
2515;3569,718994140625;17,193031311035156;67294,4921875;14,856125831604004;144,57400512695312;2,0228192806243896;0,8501693606376648;0,30548325181007385;0,2720530331134796;0,013934203423559666
2516;3569,718994140625;17,193031311035156;67294,4921875;24,863605499267578;172,26437377929688;3,1248250007629395;0,8947073221206665;0,3274783194065094;0,2851971387863159;0,014908943325281143
2517;3569,718994140625;17,193031311035156;67294,4921875;38,12261199951172;173,8028564453125;0,7899221181869507;0,848840594291687;0,3030109405517578;0,2683684527873993;0,013743530958890915
2518;3569,718994140625;17,193031311035156;67294,4921875;48,416011810302734;196,72560119628906;1,777402400970459;0,8455954194068909;0,2931984066963196;0,26501885056495667;0,013594632036983967
2519;3569,718994140625;17,193031311035156;67294,4921875;45,1258659362793;213,96347045898438;1,0808885097503662;0,8556450605392456;0,3062146008014679;0,267229288816452;0,013730842620134354
2520;3569,718994140625;17,193031311035156;67294,4921875;52,40738296508789;221,4454345703125;0,6783910989761353;0,872717559337616;0,31807756423950195;0,27125483751296997;0,014035696163773537
2521;3569,718994140625;17,193031311035156;67294,4921875;38,76874542236328;237,74441528320312;1,6886006593704224;0,8622013926506042;0,31080976128578186;0,2659043073654175;0,013698974624276161
2522;3569,718994140625;17,193031311035156;67294,4921875;29,620737075805664;254,58758544921875;0,5270920395851135;0,8645706176757812;0,3099789321422577;0,26466700434684753;0,013665345497429371
2523;3569,718994140625;17,193031311035156;67294,4921875;37,25339889526367;268,94464111328125;-0,11477364599704742;0,8707526922225952;0,31533944606781006;0,26495668292045593;0,013711567968130112
2524;3569,718994140625;17,193031311035156;67294,4921875;38,444557189941406;282,19488525390625;0,5331989526748657;0,8907817602157593;0,3162101209163666;0,26859772205352783;0,014093390665948391
2525;3569,718994140625;17,193031311035156;67294,4921875;22,582454681396484;299,5722351074219;-0,6173049807548523;0,8963826894760132;0,3223237097263336;0,2686784267425537;0,014121715910732746
2526;3569,718994140625;17,193031311035156;67294,4921875;33,00400924682617;300,1900634765625;-0,6590148210525513;0,8837287425994873;0,3285057842731476;0,2638721168041229;0,01370223332196474
2527;3569,718994140625;17,193031311035156;67294,4921875;46,660953521728516;308,8372497558594;-1,319790244102478;0,8996618390083313;0,32594406604766846;0,26597392559051514;0,013989651575684547
2528;3569,718994140625;17,193031311035156;67294,4921875;32,79860305786133;325,75244140625;-2,258065700531006;0,9030353426933289;0,33477476239204407;0,2656877040863037;0,013956430368125439
2529;3569,718994140625;17,193031311035156;67294,4921875;11,793012619018555;346,18310546875;-0,42561912536621094;0,8869370222091675;0,31020835041999817;0,25754231214523315;0,01347495336085558
2530;3569,718994140625;17,193031311035156;67294,4921875;25,765222549438477;354,99365234375;-1,8564850091934204;0,9005383253097534;0,3358467221260071;0,2613752484321594;0,013683701865375042
2531;3569,718994140625;17,193031311035156;67294,4921875;62,251953125;357,2484130859375;-4,085513114929199;0,8829019069671631;0,32291942834854126;0,2539457082748413;0,013171656988561153
2532;3569,718994140625;17,193031311035156;67294,4921875;49,24221420288086;382,1628723144531;-6,171894073486328;0,8780950307846069;0,30890506505966187;0,2498483955860138;0,012952130287885666
2533;3569,718994140625;17,193031311035156;67294,4921875;30,66029167175293;395,2464599609375;-3,7233152389526367;0,9047941565513611;0,3249989151954651;0,2562951445579529;0,013465181924402714
2534;3569,718994140625;17,193031311035156;67294,4921875;2,6727283000946045;410,86981201171875;-1,403757095336914;0,9450377225875854;0,3632126450538635;0,2679987847805023;0,014263792894780636
2535;3569,718994140625;17,193031311035156;67294,4921875;-24,763317108154297;424,7629089355469;0,08599307388067245;0,9265300631523132;0,34174299240112305;0,2599441111087799;0,013746283017098904
2536;3569,718994140625;17,193031311035156;67294,4921875;-0,6648448705673218;433,09515380859375;-0,2736353874206543;0,9434919357299805;0,3500489890575409;0,263347327709198;0,014017377980053425
2537;3569,718994140625;17,193031311035156;67294,4921875;-24,498624801635742;439,6418151855469;-0,34959378838539124;0,9752281308174133;0,3765029013156891;0,2719651758670807;0,014607601799070835
2538;3569,718994140625;17,193031311035156;67294,4921875;-22,27511215209961;446,44854736328125;-2,782475709915161;0,9150617718696594;0,33481600880622864;0,2523764669895172;0,013160682283341885
2539;3569,718994140625;17,193031311035156;67294,4921875;-38,46518325805664;451,291015625;-2,4375462532043457;0,9442217946052551;0,3342280685901642;0,2583332359790802;0,01368589885532856
2540;3569,718994140625;17,193031311035156;67294,4921875;-13,291668891906738;450,2109680175781;-3,669800281524658;0,970299482345581;0,37142470479011536;0,2665943205356598;0,014171993359923363
2541;3569,718994140625;17,193031311035156;67294,4921875;-47,44613265991211;454,8663635253906;-1,6271878480911255;0,9872885346412659;0,37986254692077637;0,27040526270866394;0,014432708732783794
2542;3569,718994140625;17,193031311035156;67294,4921875;-36,04087829589844;455,3667297363281;-3,8476884365081787;0,9814298152923584;0,3726133704185486;0,2675281763076782;0,014199340716004372
2543;3569,718994140625;17,193031311035156;67294,4921875;-35,086673736572266;447,1742858886719;-0,6240383982658386;0,9959022402763367;0,3720313310623169;0,27025672793388367;0,014400414191186428
2544;3569,718994140625;17,193031311035156;67294,4921875;-89,16316223144531;457,96478271484375;2,6772282123565674;0,9773007035255432;0,3679035007953644;0,26484784483909607;0,013896980322897434
2545;3569,718994140625;17,193031311035156;67294,4921875;-127,36656188964844;455,60345458984375;6,199950218200684;0,9823306798934937;0,36821138858795166;0,26565319299697876;0,01390102505683899
2546;3569,718994140625;17,193031311035156;67294,4921875;-168,41635131835938;459,6557922363281;6,830934524536133;1,026275634765625;0,41024255752563477;0,2791619598865509;0,014710917137563229
2547;3569,718994140625;17,193031311035156;67294,4921875;-142,5796356201172;454,57183837890625;6,944204807281494;1,0063930749893188;0,381723016500473;0,2720411717891693;0,014207424595952034
2548;3569,718994140625;17,193031311035156;67294,4921875;-188,8590545654297;462,8191833496094;10,189949035644531;1,058681845664978;0,42559877038002014;0,2879061698913574;0,015174899250268936
2549;3569,718994140625;17,193031311035156;67294,4921875;-174,09178161621094;457,2580871582031;6,571700572967529;1,0853108167648315;0,45597296953201294;0,2967010736465454;0,015557678416371346
2550;3569,718994140625;17,193031311035156;67294,4921875;-175,02272033691406;453,54193115234375;9,142913818359375;1,0922855138778687;0,4335286319255829;0,2970131039619446;0,015664370730519295
2551;3569,718994140625;17,193031311035156;67294,4921875;-203,46763610839844;449,9239196777344;13,470355033874512;1,0849567651748657;0,45268914103507996;0,2969476282596588;0,015338961035013199
2552;3569,718994140625;17,193031311035156;67294,4921875;-233,92587280273438;452,0374755859375;13,956686019897461;1,1364742517471313;0,44373947381973267;0,3095730245113373;0,016347108408808708
2553;3569,718994140625;17,193031311035156;67294,4921875;-211,7730712890625;443,8268127441406;16,991817474365234;1,0949888229370117;0,41387057304382324;0,29816102981567383;0,015420527197420597
2554;3569,718994140625;17,193031311035156;67294,4921875;-184,608154296875;443,8580322265625;15,611190795898438;1,1437923908233643;0,45147764682769775;0,31350037455558777;0,016281932592391968
2555;3569,718994140625;17,193031311035156;67294,4921875;-222,87611389160156;446,7776184082031;15,156341552734375;1,1463110446929932;0,4573892652988434;0,31550008058547974;0,016221722587943077
2556;3569,718994140625;17,193031311035156;67294,4921875;-181,89190673828125;440,783203125;14,770731925964355;1,154554009437561;0,4668895900249481;0,3192541003227234;0,01626504771411419
2557;3569,718994140625;17,193031311035156;67294,4921875;-175,68930053710938;438,69970703125;13,90954875946045;1,1342132091522217;0,45316562056541443;0,3145653009414673;0,01577482745051384
2558;3569,718994140625;17,193031311035156;67294,4921875;-175,10244750976562;432,71319580078125;15,36806583404541;1,1923178434371948;0,48158299922943115;0,3323534429073334;0,016799015924334526
2559;3569,718994140625;17,193031311035156;67294,4921875;-216,08123779296875;438,908203125;15,658175468444824;1,207811951637268;0,47034043073654175;0,33739200234413147;0,017035605385899544
2560;3569,718994140625;17,193031311035156;67294,4921875;-214,40695190429688;426,58636474609375;18,595340728759766;1,231136441230774;0,5055140256881714;0,34674978256225586;0,017305715009570122
2561;3569,718994140625;17,193031311035156;67294,4921875;-187,4261932373047;420,46270751953125;16,712167739868164;1,2620911598205566;0,5176699161529541;0,3572068214416504;0,01779165305197239
2562;3569,718994140625;17,193031311035156;67294,4921875;-225,48915100097656;417,10333251953125;18,486934661865234;1,2264586687088013;0,4938778281211853;0,348568856716156;0,017048964276909828
2563;3569,718994140625;17,193031311035156;67294,4921875;-209,0513458251953;400,0084228515625;22,650188446044922;1,28692626953125;0,5161046981811523;0,36765536665916443;0,018097244203090668
2564;3569,718994140625;17,193031311035156;67294,4921875;-210,49267578125;403,5087890625;20,17377471923828;1,2092499732971191;0,46653613448143005;0,3468364179134369;0,016606448218226433
2565;3569,718994140625;17,193031311035156;67294,4921875;-212,07864379882812;397,7970275878906;20,896364212036133;1,2719608545303345;0,5048076510429382;0,3673221468925476;0,017638515681028366
2566;3569,718994140625;17,193031311035156;67294,4921875;-186,6711883544922;375,101806640625;19,51304054260254;1,2561893463134766;0,4906569719314575;0,36467963457107544;0,01728227362036705
2567;3569,718994140625;17,193031311035156;67294,4921875;-161,80076599121094;362,9926452636719;23,448863983154297;1,2483047246932983;0,4707403779029846;0,3642083406448364;0,01710912026464939
2568;3569,718994140625;17,193031311035156;67294,4921875;-158,60693359375;360,3189697265625;19,917186737060547;1,3163059949874878;0,49581488966941833;0,3863696753978729;0,018274594098329544
2569;3569,718994140625;17,193031311035156;67294,4921875;-111,74011993408203;346,11688232421875;21,982379913330078;1,3171253204345703;0,49221181869506836;0,3889162540435791;0,018217409029603004
2570;3569,718994140625;17,193031311035156;67294,4921875;-122,82398223876953;338,99334716796875;19,8121337890625;1,3143904209136963;0,493215411901474;0,39047691226005554;0,01807989366352558
2571;3569,718994140625;17,193031311035156;67294,4921875;-137,31289672851562;323,68603515625;23,099342346191406;1,2955753803253174;0,4679103493690491;0,3871537744998932;0,01771973818540573
2572;3569,718994140625;17,193031311035156;67294,4921875;-144,66224670410156;311,78875732421875;21,5264835357666;1,4079680442810059;0,5298729538917542;0,42325133085250854;0,01958167925477028
2573;3569,718994140625;17,193031311035156;67294,4921875;-97,63507080078125;281,77789306640625;20,503246307373047;1,388838529586792;0,5073872208595276;0,42000365257263184;0,01922518014907837
2574;3569,718994140625;17,193031311035156;67294,4921875;-136,09930419921875;282,9087219238281;21,81036949157715;1,392870306968689;0,5133363604545593;0,4235957860946655;0,019200948998332024
2575;3569,718994140625;17,193031311035156;67294,4921875;-143,42822265625;279,34661865234375;25,804439544677734;1,4373588562011719;0,5321125388145447;0,43950924277305603;0,01988908089697361
2576;3569,718994140625;17,193031311035156;67294,4921875;-139,72000122070312;270,38946533203125;25,22937774658203;1,4430009126663208;0,5292869210243225;0,4436824321746826;0,019933125004172325
2577;3569,718994140625;17,193031311035156;67294,4921875;-149,48928833007812;257,0116882324219;27,931072235107422;1,4149500131607056;0,5029361248016357;0,4377287030220032;0,01945512369275093
2578;3569,718994140625;17,193031311035156;67294,4921875;-130,23574829101562;244,73130798339844;18,670495986938477;1,4314225912094116;0,5173945426940918;0,4448115825653076;0,019618883728981018
2579;3569,718994140625;17,193031311035156;67294,4921875;-118,30276489257812;238,29090881347656;22,849000930786133;1,4760288000106812;0,518876314163208;0,4614240527153015;0,020407650619745255
2580;3569,718994140625;17,193031311035156;67294,4921875;-103,42251586914062;215,5192108154297;23,40993881225586;1,3911662101745605;0,4808988869190216;0,43730393052101135;0,018921205773949623
2581;3569,718994140625;17,193031311035156;67294,4921875;-115,02180480957031;205,75375366210938;21,614036560058594;1,4464457035064697;0,49155333638191223;0,45718130469322205;0,019868029281497
2582;3569,718994140625;17,193031311035156;67294,4921875;-117,30072021484375;184,53329467773438;26,64731216430664;1,4911528825759888;0,5135923027992249;0,47298935055732727;0,020539842545986176
2583;3569,718994140625;17,193031311035156;67294,4921875;-112,06549072265625;168,64303588867188;23,165298461914062;1,4509868621826172;0,506072461605072;0,46165931224823;0,01972218044102192
2584;3569,718994140625;17,193031311035156;67294,4921875;-117,62295532226562;162,11932373046875;28,6168212890625;1,4361205101013184;0,47740238904953003;0,4603600800037384;0,01960868574678898
2585;3569,718994140625;17,193031311035156;67294,4921875;-142,6183624267578;143,93643188476562;26,383041381835938;1,4854135513305664;0,49963122606277466;0,47741442918777466;0,02036089263856411
2586;3569,718994140625;17,193031311035156;67294,4921875;-157,3720245361328;98,84918212890625;23,50050163269043;1,5270380973815918;0,5035538077354431;0,49336498975753784;0,02109927497804165
2587;3569,718994140625;17,193031311035156;67294,4921875;-116,46086120605469;84,53703308105469;16,68932342529297;1,4741299152374268;0,48815661668777466;0,47750648856163025;0,020138802006840706
2588;3569,718994140625;17,193031311035156;67294,4921875;-123,27178192138672;66,10919952392578;21,052196502685547;1,489849328994751;0,4926086664199829;0,4839610755443573;0,020361771807074547
2589;3569,718994140625;17,193031311035156;67294,4921875;-77,66902923583984;41,920379638671875;22,933975219726562;1,4984108209609985;0,48499298095703125;0,4893456995487213;0,02058245614171028
2590;3569,718994140625;17,193031311035156;67294,4921875;-64,63788604736328;20,448158264160156;23,904539108276367;1,502957820892334;0,48836570978164673;0,4916031062602997;0,02059699408710003
2591;3569,718994140625;17,193031311035156;67294,4921875;-81,60286712646484;7,492003440856934;23,283788681030273;1,5421265363693237;0,49748495221138;0,5059751868247986;0,0212684478610754
2592;3569,718994140625;17,193031311035156;67294,4921875;-50,589752197265625;-27,2701473236084;19,55227279663086;1,54438316822052;0,4988047182559967;0,5072937607765198;0,021250780671834946
2593;3569,718994140625;17,193031311035156;67294,4921875;-73,32938385009766;-34,307674407958984;22,400022506713867;1,5287954807281494;0,49233901500701904;0,5029866695404053;0,020963244140148163
2594;3569,718994140625;17,193031311035156;67294,4921875;-23,387271881103516;-66,0960464477539;19,269123077392578;1,503244400024414;0,4803491532802582;0,4959808886051178;0,02057640440762043
2595;3569,718994140625;17,193031311035156;67294,4921875;-12,588493347167969;-86,50765228271484;14,66014575958252;1,5033068656921387;0,47775042057037354;0,49713703989982605;0,020612599328160286
2596;3569,718994140625;17,193031311035156;67294,4921875;-3,4578893184661865;-104,07898712158203;20,613264083862305;1,502037525177002;0,4747234880924225;0,49802467226982117;0,020649615675210953
2597;3569,718994140625;17,193031311035156;67294,4921875;-6,557631015777588;-122,6828842163086;18,505908966064453;1,5536224842071533;0,49057522416114807;0,5153619050979614;0,02151017263531685
2598;3569,718994140625;17,193031311035156;67294,4921875;5,73085355758667;-142,1369171142578;18,52538299560547;1,5681278705596924;0,493386447429657;0,5217136740684509;0,021845176815986633
2599;3569,718994140625;17,193031311035156;67294,4921875;-18,96172523498535;-159,11868286132812;16,57330322265625;1,5440932512283325;0,48628702759742737;0,5122547149658203;0,021337205544114113
2600;3569,718994140625;17,193031311035156;67294,4921875;-5,057135105133057;-182,69863891601562;19,222888946533203;1,612111210823059;0,5067406892776489;0,5333076119422913;0,02236376702785492
2601;3569,718994140625;17,193031311035156;67294,4921875;-9,385186195373535;-187,2604522705078;19,702091217041016;1,5163860321044922;0,4765595495700836;0,5036678910255432;0,020955368876457214
2602;3569,718994140625;17,193031311035156;67294,4921875;42,687530517578125;-204,16928100585938;19,316137313842773;1,5816723108291626;0,4948280453681946;0,5229138731956482;0,02189418487250805
2603;3569,718994140625;17,193031311035156;67294,4921875;-4,811469554901123;-226,46363830566406;14,33188533782959;1,5151498317718506;0,47699183225631714;0,5034979581832886;0,02104760892689228
2604;3569,718994140625;17,193031311035156;67294,4921875;-16,751480102539062;-264,636962890625;12,790604591369629;1,5734559297561646;0,4914703965187073;0,5197799205780029;0,021855859085917473
2605;3569,718994140625;17,193031311035156;67294,4921875;20,45022964477539;-292,31829833984375;12,146574974060059;1,5421808958053589;0,48391035199165344;0,5100917816162109;0,021471910178661346
2606;3569,718994140625;17,193031311035156;67294,4921875;16,879331588745117;-314,38385009765625;10,643661499023438;1,5776002407073975;0,48988813161849976;0,5186771154403687;0,02189643681049347
2607;3569,718994140625;17,193031311035156;67294,4921875;10,194534301757812;-346,0845947265625;7,678516864776611;1,5457394123077393;0,4837525188922882;0,5088417530059814;0,021543176844716072
2608;3569,718994140625;17,193031311035156;67294,4921875;-14,392247200012207;-376,1593322753906;12,90020751953125;1,5703282356262207;0,48760125041007996;0,5144377946853638;0,02186761610209942
2609;3569,718994140625;17,193031311035156;67294,4921875;-9,623303413391113;-391,5165710449219;13,590193748474121;1,5609204769134521;0,4901324212551117;0,5118821263313293;0,021912505850195885
2610;3569,718994140625;17,193031311035156;67294,4921875;-4,331482887268066;-439,792236328125;9,538825988769531;1,5395926237106323;0,4821007251739502;0,5030074715614319;0,021541401743888855
2611;3569,718994140625;17,193031311035156;67294,4921875;-8,890877723693848;-485,0880126953125;16,260204315185547;1,5143694877624512;0,4774797856807709;0,4941043555736542;0,021224675700068474
2612;3569,718994140625;17,193031311035156;67294,4921875;-89,41079711914062;-501,2366943359375;12,944952964782715;1,5819817781448364;0,4845231771469116;0,5106362700462341;0,02204876020550728
2613;3569,718994140625;17,193031311035156;67294,4921875;-35,97637176513672;-489,7132873535156;10,379847526550293;1,5354087352752686;0,47978344559669495;0,49623480439186096;0,02154858037829399
2614;3569,718994140625;17,193031311035156;67294,4921875;-52,3192138671875;-519,295166015625;14,701130867004395;1,4708980321884155;0,46779608726501465;0,4754500985145569;0,020656157284975052
2615;3569,718994140625;17,193031311035156;67294,4921875;-52,06859588623047;-554,854736328125;16,136337280273438;1,4899687767028809;0,46916693449020386;0,4784477651119232;0,020917372778058052
2616;3569,718994140625;17,193031311035156;67294,4921875;-96,8595962524414;-560,4625244140625;14,661407470703125;1,6226893663406372;0,49693891406059265;0,5156657695770264;0,022948196157813072
2617;3569,718994140625;17,193031311035156;67294,4921875;-119,21702575683594;-593,7421264648438;16,14597511291504;1,564849853515625;0,4831061363220215;0,49581754207611084;0,022091316059231758
2618;3569,718994140625;17,193031311035156;67294,4921875;-154,9378204345703;-607,3416748046875;20,95133399963379;1,54694402217865;0,48731961846351624;0,4897575080394745;0,02204001694917679
2619;3569,718994140625;17,193031311035156;67294,4921875;-204,03500366210938;-614,0387573242188;22,354658126831055;1,5075476169586182;0,47652488946914673;0,4751400649547577;0,021427642554044724
2620;3569,718994140625;17,193031311035156;67294,4921875;-177,5536651611328;-636,8470458984375;16,3630313873291;1,5112297534942627;0,47408199310302734;0,47301775217056274;0,021463336423039436
2621;3569,718994140625;17,193031311035156;67294,4921875;-157,6951904296875;-650,7393798828125;18,76447868347168;1,5304070711135864;0,47855961322784424;0,4760482609272003;0,02181728556752205
2622;3569,718994140625;17,193031311035156;67294,4921875;-172,41354370117188;-672,9392700195312;17,169771194458008;1,5440871715545654;0,48335063457489014;0,47764483094215393;0,022121427580714226
2623;3569,718994140625;17,193031311035156;67294,4921875;-169,9570770263672;-685,4591674804688;17,37108612060547;1,4403046369552612;0,478592187166214;0,44805556535720825;0,020863335579633713
2624;3569,718994140625;17,193031311035156;67294,4921875;-199,7598114013672;-709,9646606445312;17,337356567382812;1,4698870182037354;0,47423088550567627;0,4517975449562073;0,02118777111172676
2625;3569,718994140625;17,193031311035156;67294,4921875;-225,3642120361328;-733,7240600585938;16,81294059753418;1,5037318468093872;0,47371193766593933;0,45726528763771057;0,021627768874168396
2626;3569,718994140625;17,193031311035156;67294,4921875;-158,51795959472656;-733,284912109375;17,124109268188477;1,4856222867965698;0,49094507098197937;0,4529643952846527;0,021787922829389572
2627;3569,718994140625;17,193031311035156;67294,4921875;-160,25872802734375;-761,9507446289062;15,182364463806152;1,476231575012207;0,47429242730140686;0,44480130076408386;0,021428383886814117
2628;3569,718994140625;17,193031311035156;67294,4921875;-172,5924530029297;-798,3971557617188;14,423479080200195;1,4162214994430542;0,4790955185890198;0,42818519473075867;0,020837724208831787
2629;3569,718994140625;17,193031311035156;67294,4921875;-147,82200622558594;-821,489990234375;13,655856132507324;1,4433372020721436;0,4856807291507721;0,4330599904060364;0,021351182833313942
2630;3569,718994140625;17,193031311035156;67294,4921875;-127,207275390625;-853,7564697265625;10,59155559539795;1,4576740264892578;0,4788002073764801;0,43246254324913025;0,021472880616784096
2631;3569,718994140625;17,193031311035156;67294,4921875;-124,80725860595703;-897,6461791992188;11,240029335021973;1,4067665338516235;0,4740403890609741;0,41668596863746643;0,0208161398768425
2632;3569,718994140625;17,193031311035156;67294,4921875;-127,50352478027344;-921,0533447265625;11,589826583862305;1,3852633237838745;0,4739437699317932;0,40889620780944824;0,020608121529221535
2633;3569,718994140625;17,193031311035156;67294,4921875;-56,10622787475586;-916,4453125;3,9215869903564453;1,4519200325012207;0,48784133791923523;0,424309104681015;0,021770203486084938
2634;3569,718994140625;17,193031311035156;67294,4921875;-49,94567108154297;-942,7930297851562;2,600782632827759;1,4496865272521973;0,4731191396713257;0,4186788499355316;0,02155313640832901
2635;3569,718994140625;17,193031311035156;67294,4921875;-67,881103515625;-969,3685913085938;4,3190813064575195;1,362888216972351;0,45741209387779236;0,39331868290901184;0,020241130143404007
2636;3569,718994140625;17,193031311035156;67294,4921875;-9,756467819213867;-958,9067993164062;0,4724011719226837;1,411420464515686;0,4686793386936188;0,40408048033714294;0,02114591747522354
2637;3569,718994140625;17,193031311035156;67294,4921875;-33,76933670043945;-985,8390502929688;1,4283720254898071;1,4200900793075562;0,47062480449676514;0,40409696102142334;0,021375328302383423
2638;3569,718994140625;17,193031311035156;67294,4921875;-26,041379928588867;-999,676025390625;0,7501181364059448;1,3755309581756592;0,4498678743839264;0,38832923769950867;0,020494841039180756
2639;3569,718994140625;17,193031311035156;67294,4921875;-8,804685592651367;-999,9158325195312;1,0954699516296387;1,3576892614364624;0,4689928889274597;0,38542473316192627;0,020711729303002357
2640;3569,718994140625;17,193031311035156;67294,4921875;-9,205536842346191;-1007,8037109375;-1,6658998727798462;1,414811134338379;0,44949302077293396;0,3933655619621277;0,021160829812288284
2641;3569,718994140625;17,193031311035156;67294,4921875;-9,100117683410645;-1018,066650390625;-1,1419020891189575;1,3871454000473022;0,4536428451538086;0,3859875202178955;0,020987730473279953
2642;3569,718994140625;17,193031311035156;67294,4921875;-8,072868347167969;-1009,7224731445312;-3,040985584259033;1,3143737316131592;0,45386093854904175;0,36813297867774963;0,020140288397669792
2643;3569,718994140625;17,193031311035156;67294,4921875;-1,8181228637695312;-999,2349853515625;-2,3087024688720703;1,3714555501937866;0,4574284851551056;0,38010087609291077;0,021056007593870163
2644;3569,718994140625;17,193031311035156;67294,4921875;6,6738176345825195;-989,0106201171875;-3,8724703788757324;1,3296176195144653;0,4487727880477905;0,3681640326976776;0,02044079266488552
2645;3569,718994140625;17,193031311035156;67294,4921875;-16,51591682434082;-998,8603515625;-2,9789516925811768;1,3260762691497803;0,4558694064617157;0,367496520280838;0,020633986219763756
2646;3569,718994140625;17,193031311035156;67294,4921875;-65,33396911621094;-1003,4558715820312;-0,22629007697105408;1,3160851001739502;0,45196738839149475;0,36380958557128906;0,02053191512823105
2647;3569,718994140625;17,193031311035156;67294,4921875;-52,8643684387207;-998,29736328125;-1,1885709762573242;1,2848927974700928;0,44849351048469543;0,35569843649864197;0,02015305869281292
2648;3569,718994140625;17,193031311035156;67294,4921875;-21,138349533081055;-1000,4238891601562;-3,1891603469848633;1,2769705057144165;0,4332215487957001;0,35104984045028687;0,01985262520611286
2649;3569,718994140625;17,193031311035156;67294,4921875;-17,210115432739258;-994,40478515625;-4,169759750366211;1,3098162412643433;0,4412428140640259;0,3593166470527649;0,020566731691360474
2650;3569,718994140625;17,193031311035156;67294,4921875;-30,89577865600586;-996,0262451171875;-3,606957197189331;1,2665481567382812;0,4274270534515381;0,34748131036758423;0,019813694059848785
2651;3569,718994140625;17,193031311035156;67294,4921875;9,895872116088867;-994,420166015625;-5,419681549072266;1,316498041152954;0,4382542371749878;0,36037907004356384;0,020825663581490517
2652;3569,718994140625;17,193031311035156;67294,4921875;-3,41898512840271;-988,6586303710938;-6,213644504547119;1,291784644126892;0,4304596185684204;0,35397768020629883;0,020446741953492165
2653;3569,718994140625;17,193031311035156;67294,4921875;15,630276679992676;-979,50146484375;-7,885013580322266;1,2467702627182007;0,4314216077327728;0,3445245623588562;0,01997292973101139
2654;3569,718994140625;17,193031311035156;67294,4921875;-9,006793022155762;-991,385986328125;-7,189542770385742;1,2554532289505005;0,42766088247299194;0,3465425670146942;0,020131481811404228
2655;3569,718994140625;17,193031311035156;67294,4921875;21,095993041992188;-977,7144165039062;-8,537219047546387;1,2045466899871826;0,4219835698604584;0,33502745628356934;0,019427694380283356
2656;3569,718994140625;17,193031311035156;67294,4921875;1,9148879051208496;-982,2836303710938;-6,42453145980835;1,1917299032211304;0,4291031062602997;0,3341546356678009;0,01950969360768795
2657;3569,718994140625;17,193031311035156;67294,4921875;38,59141540527344;-966,4658813476562;-8,044829368591309;1,2474685907363892;0,4193556606769562;0,34651169180870056;0,02020273357629776
2658;3569,718994140625;17,193031311035156;67294,4921875;32,25040817260742;-960,3330688476562;-9,419347763061523;1,1642621755599976;0,40716254711151123;0,3269195556640625;0,018901145085692406
2659;3569,718994140625;17,193031311035156;67294,4921875;8,146289825439453;-956,4737548828125;-7,263299465179443;1,1717907190322876;0,4096844494342804;0,33038240671157837;0,019179601222276688
2660;3569,718994140625;17,193031311035156;67294,4921875;3,302598714828491;-951,2594604492188;-6,993982315063477;1,117785096168518;0,4033532738685608;0,3184056580066681;0,018391326069831848
2661;3569,718994140625;17,193031311035156;67294,4921875;24,14263916015625;-935,5091552734375;-6,638325214385986;1,1031047105789185;0,40811848640441895;0,3172122538089752;0,018394270911812782
2662;3569,718994140625;17,193031311035156;67294,4921875;37,52005386352539;-920,8306884765625;-7,249063968658447;1,080948829650879;0,39339175820350647;0,31146788597106934;0,017871906980872154
2663;3569,718994140625;17,193031311035156;67294,4921875;41,35626983642578;-910,2863159179688;-9,312724113464355;1,083548665046692;0,3985496163368225;0,3145018219947815;0,018134722486138344
2664;3569,718994140625;17,193031311035156;67294,4921875;59,49856185913086;-892,4476318359375;-10,133525848388672;1,107380986213684;0,40028536319732666;0,3222465217113495;0,018634703010320663
2665;3569,718994140625;17,193031311035156;67294,4921875;11,904874801635742;-891,782958984375;-6,436798572540283;1,0809402465820312;0,3964839577674866;0,31721192598342896;0,01827767677605152
2666;3569,718994140625;17,193031311035156;67294,4921875;47,9928092956543;-884,5225219726562;-9,205544471740723;1,0625840425491333;0,3826136887073517;0,31274089217185974;0,017805350944399834
2667;3569,718994140625;17,193031311035156;67294,4921875;31,886262893676758;-883,4812622070312;-9,193755149841309;1,077432632446289;0,3852695822715759;0,31873688101768494;0,0181892029941082
2668;3569,718994140625;17,193031311035156;67294,4921875;42,61320877075195;-875,3651123046875;-10,547038078308105;1,0519880056381226;0,38155972957611084;0,31392011046409607;0,01784055121243
2669;3569,718994140625;17,193031311035156;67294,4921875;16,518756866455078;-881,517333984375;-9,467589378356934;1,011570930480957;0,38417986035346985;0,3061153292655945;0,01740395464003086
2670;3569,718994140625;17,193031311035156;67294,4921875;35,98594284057617;-873,610107421875;-8,666162490844727;0,9915646314620972;0,37599650025367737;0,30188003182411194;0,017021862789988518
2671;3569,718994140625;17,193031311035156;67294,4921875;20,642967224121094;-874,5578002929688;-8,486748695373535;1,0273839235305786;0,37908777594566345;0,3133956491947174;0,017727306112647057
2672;3569,718994140625;17,193031311035156;67294,4921875;27,223176956176758;-865,9664916992188;-8,859245300292969;0,9824115037918091;0,3715488612651825;0,3027719259262085;0,016977597028017044
2673;3569,718994140625;17,193031311035156;67294,4921875;57,813385009765625;-864,96630859375;-11,18715763092041;0,9984491467475891;0,36702436208724976;0,3082932233810425;0,017197037115693092
2674;3569,718994140625;17,193031311035156;67294,4921875;17,153831481933594;-870,9070434570312;-9,182849884033203;0,9639493823051453;0,36251747608184814;0,3005386292934418;0,016669755801558495
2675;3569,718994140625;17,193031311035156;67294,4921875;52,381229400634766;-863,9938354492188;-10,20849609375;0,9484732747077942;0,36342671513557434;0,2983744144439697;0,01654651388525963
2676;3569,718994140625;17,193031311035156;67294,4921875;71,24710845947266;-852,9857788085938;-10,072966575622559;0,9452149868011475;0,36663082242012024;0,2996692359447479;0,01665389910340309
2677;3569,718994140625;17,193031311035156;67294,4921875;11,704523086547852;-854,3971557617188;-4,0577802658081055;0,9164478778839111;0,36136868596076965;0,2929614186286926;0,016164621338248253
2678;3569,718994140625;17,193031311035156;67294,4921875;28,35721778869629;-828,890869140625;-6,079095363616943;0,9127162098884583;0,3576086759567261;0,29307821393013;0,01610361970961094
2679;3569,718994140625;17,193031311035156;67294,4921875;56,874267578125;-801,837646484375;-3,7223854064941406;0,9124914407730103;0,3570381700992584;0,2945060431957245;0,01616480201482773
2680;3569,718994140625;17,193031311035156;67294,4921875;23,47667121887207;-790,9530029296875;-3,868333101272583;0,8890403509140015;0,3439990282058716;0,2879188060760498;0,0155704440549016
2681;3569,718994140625;17,193031311035156;67294,4921875;13,800299644470215;-765,9049682617188;-1,8704670667648315;0,875789225101471;0,34382325410842896;0,28561675548553467;0,015428620390594006
2682;3569,718994140625;17,193031311035156;67294,4921875;12,144261360168457;-743,4912719726562;-2,2644131183624268;0,8954328298568726;0,34586673974990845;0,29267099499702454;0,01585315354168415
2683;3569,718994140625;17,193031311035156;67294,4921875;-29,248737335205078;-719,722412109375;1,4818785190582275;0,8842874765396118;0,34068605303764343;0,2901788353919983;0,015620258636772633
2684;3569,718994140625;17,193031311035156;67294,4921875;-2,9516091346740723;-694,037109375;1,4485923051834106;0,8906267285346985;0,34527766704559326;0,29370126128196716;0,015891464427113533
2685;3569,718994140625;17,193031311035156;67294,4921875;-45,11008071899414;-661,8778686523438;1,371822476387024;0,8773196935653687;0,3370407819747925;0,2900250554084778;0,015544826164841652
2686;3569,718994140625;17,193031311035156;67294,4921875;-51,760276794433594;-622,2954711914062;2,8737387657165527;0,8816803097724915;0,3339289426803589;0,2919052541255951;0,015571151860058308
2687;3569,718994140625;17,193031311035156;67294,4921875;-103,92591094970703;-595,5718994140625;6,817681312561035;0,8730277419090271;0,32905471324920654;0,28976571559906006;0,015354597009718418
2688;3569,718994140625;17,193031311035156;67294,4921875;-81,92005157470703;-560,31689453125;6,196163654327393;0,8670283555984497;0,3288949131965637;0,28883591294288635;0,015336791053414345
2689;3569,718994140625;17,193031311035156;67294,4921875;-75,95193481445312;-533,951416015625;4,700434684753418;0,8536481857299805;0,3219720423221588;0,28486108779907227;0,014989836141467094
2690;3569,718994140625;17,193031311035156;67294,4921875;-134,1469268798828;-517,736328125;7,276257038116455;0,8554144501686096;0,3206421434879303;0,28582513332366943;0,015005960129201412
2691;3569,718994140625;17,193031311035156;67294,4921875;-123,56735229492188;-498,7974548339844;6,886576175689697;0,8853902816772461;0,32981374859809875;0,2961181104183197;0,01570863462984562
2692;3569,718994140625;17,193031311035156;67294,4921875;-170,803466796875;-478,4817199707031;10,952126502990723;0,8525325059890747;0,3182649612426758;0,28565022349357605;0,015002964064478874
2693;3569,718994140625;17,193031311035156;67294,4921875;-193,5172882080078;-456,5958251953125;12,590805053710938;0,8511442542076111;0,31606143712997437;0,285292387008667;0,01494084857404232
2694;3569,718994140625;17,193031311035156;67294,4921875;-239,8948211669922;-427,1907653808594;15,81228256225586;0,8494633436203003;0,31385841965675354;0,2847268879413605;0,014846224337816238
2695;3569,718994140625;17,193031311035156;67294,4921875;-230,172607421875;-407,4830627441406;13,191197395324707;0,8482619524002075;0,31221845746040344;0,2842825949192047;0,014809389598667622
2696;3569,718994140625;17,193031311035156;67294,4921875;-246,4487762451172;-396,041015625;15,416465759277344;0,8441312313079834;0,31011730432510376;0,28274962306022644;0,01458297111093998
2697;3569,718994140625;17,193031311035156;67294,4921875;-331,77105712890625;-369,146240234375;17,796159744262695;0,8436663746833801;0,30794864892959595;0,28232935070991516;0,014655747450888157
2698;3569,718994140625;17,193031311035156;67294,4921875;-341,5530700683594;-347,4876708984375;21,316478729248047;0,8271922469139099;0,3022811710834503;0,27654945850372314;0,0141233429312706
2699;3569,718994140625;17,193031311035156;67294,4921875;-367,9206848144531;-322,72479248046875;22,66686248779297;0,8443780541419983;0,30765822529792786;0,2818577289581299;0,014538772404193878
2700;3569,718994140625;17,193031311035156;67294,4921875;-421,0645751953125;-295,7362060546875;24,807769775390625;0,825674295425415;0,30014723539352417;0,27510198950767517;0,014025351032614708
2701;3569,718994140625;17,193031311035156;67294,4921875;-450,5889892578125;-274,4490966796875;25,64034652709961;0,8230445981025696;0,2989324629306793;0,2736358940601349;0,013905099593102932
2702;3569,718994140625;17,193031311035156;67294,4921875;-462,3522033691406;-249,79147338867188;26,121286392211914;0,849147617816925;0,31163543462753296;0,281873494386673;0,014429042115807533
2703;3569,718994140625;17,193031311035156;67294,4921875;-505,527099609375;-235,5579071044922;29,852582931518555;0,855139970779419;0,3105192482471466;0,282829225063324;0,014609641395509243
2704;3569,718994140625;17,193031311035156;67294,4921875;-491,18292236328125;-230,86097717285156;30,444849014282227;0,8383054733276367;0,3055279552936554;0,2764757573604584;0,014103603549301624
2705;3569,718994140625;17,193031311035156;67294,4921875;-484,05224609375;-219,06448364257812;29,737741470336914;0,8638930916786194;0,3156187832355499;0,28398215770721436;0,014679592102766037
2706;3569,718994140625;17,193031311035156;67294,4921875;-483,9441833496094;-200,3478546142578;30,295019149780273;0,8403148055076599;0,3020305633544922;0,27478206157684326;0,014088050462305546
2707;3569,718994140625;17,193031311035156;67294,4921875;-525,979736328125;-180,59718322753906;33,0277214050293;0,8260895609855652;0,290662944316864;0,26851779222488403;0,013707672245800495
2708;3569,718994140625;17,193031311035156;67294,4921875;-451,1312255859375;-183,375732421875;29,273279190063477;0,8406948447227478;0,30073443055152893;0,2724170684814453;0,013966677710413933
2709;3569,718994140625;17,193031311035156;67294,4921875;-457,62579345703125;-173,25514221191406;31,760997772216797;0,8297734260559082;0,2977330982685089;0,2676556408405304;0,013609121553599834
2710;3569,718994140625;17,193031311035156;67294,4921875;-489,95001220703125;-170,40658569335938;31,399518966674805;0,8653397560119629;0,3168628513813019;0,2782216966152191;0,014373494312167168
2711;3569,718994140625;17,193031311035156;67294,4921875;-494,0235900878906;-158,2730712890625;31,745040893554688;0,8901752233505249;0,32450616359710693;0,2845497727394104;0,014915227890014648
2712;3569,718994140625;17,193031311035156;67294,4921875;-505,1890563964844;-145,30633544921875;31,83092498779297;0,8399399518966675;0,30140411853790283;0,2665868401527405;0,013623754493892193
2713;3569,718994140625;17,193031311035156;67294,4921875;-469,1516418457031;-148,3422393798828;31,039066314697266;0,8428059220314026;0,3032974302768707;0,26599133014678955;0,013606398366391659
2714;3569,718994140625;17,193031311035156;67294,4921875;-454,7032470703125;-127,51093292236328;29,37495994567871;0,8507200479507446;0,30876344442367554;0,26706308126449585;0,013703690841794014
2715;3569,718994140625;17,193031311035156;67294,4921875;-459,55267333984375;-126,37357330322266;29,652429580688477;0,880427896976471;0,3254081904888153;0,27513065934181213;0,014316634275019169
2716;3569,718994140625;17,193031311035156;67294,4921875;-442,1288146972656;-99,31499481201172;26,874834060668945;0,8291317224502563;0,3005470037460327;0,2569243311882019;0,012987114489078522
2717;3569,718994140625;17,193031311035156;67294,4921875;-408,55633544921875;-90,00761413574219;25,31964683532715;0,8521111607551575;0,3093840181827545;0,2623257040977478;0,01346547156572342
2718;3569,718994140625;17,193031311035156;67294,4921875;-392,7524719238281;-72,21884155273438;24,8161678314209;0,9061263799667358;0,34395793080329895;0,2783280611038208;0,014620878733694553
2719;3569,718994140625;17,193031311035156;67294,4921875;-345,47235107421875;-56,25687026977539;20,36188316345215;0,8568835854530334;0,3088981509208679;0,2599990665912628;0,013395564630627632
2720;3569,718994140625;17,193031311035156;67294,4921875;-340,7090759277344;-41,02631378173828;19,373769760131836;0,8772826194763184;0,3189873993396759;0,2645489573478699;0,01378296036273241
2721;3569,718994140625;17,193031311035156;67294,4921875;-350,58941650390625;-12,493476867675781;18,48261260986328;0,8463261127471924;0,30082082748413086;0,252841591835022;0,0129452059045434
2722;3569,718994140625;17,193031311035156;67294,4921875;-332,1818542480469;18,87091636657715;17,739826202392578;0,8899951577186584;0,32897627353668213;0,2650512754917145;0,013872400857508183
2723;3569,718994140625;17,193031311035156;67294,4921875;-290,15692138671875;35,97246551513672;14,621261596679688;0,8912872672080994;0,32699504494667053;0,2633475363254547;0,013802892528474331
2724;3569,718994140625;17,193031311035156;67294,4921875;-249,9508514404297;45,38752365112305;13,242873191833496;0,8803626298904419;0,31185653805732727;0,25735846161842346;0,01344328559935093
2725;3569,718994140625;17,193031311035156;67294,4921875;-248,4821319580078;72,9933853149414;12,154762268066406;0,8485778570175171;0,30008286237716675;0,2462795227766037;0,012582686729729176
2726;3569,718994140625;17,193031311035156;67294,4921875;-233,73915100097656;89,80662536621094;11,0424165725708;0,9273560047149658;0,34088757634162903;0,2683548629283905;0,01431827899068594
2727;3569,718994140625;17,193031311035156;67294,4921875;-201,16188049316406;99,29344177246094;10,153412818908691;0,9031645059585571;0,33244726061820984;0,25961577892303467;0,013652367517352104
2728;3569,718994140625;17,193031311035156;67294,4921875;-204,0464630126953;109,69266510009766;10,115466117858887;0,9098381996154785;0,31711557507514954;0,25834351778030396;0,013677718117833138
2729;3569,718994140625;17,193031311035156;67294,4921875;-201,03265380859375;116,3113021850586;7,1465935707092285;0,909047544002533;0,3188779950141907;0,25662609934806824;0,013556171208620071
2730;3569,718994140625;17,193031311035156;67294,4921875;-188,80372619628906;136,4963836669922;9,34917163848877;0,8991549015045166;0,3312217593193054;0,2535552382469177;0,01323503628373146
2731;3569,718994140625;17,193031311035156;67294,4921875;-178,4458770751953;140,6992645263672;7,897857666015625;0,9338854551315308;0,35075563192367554;0,2623669505119324;0,013920053839683533
2732;3569,718994140625;17,193031311035156;67294,4921875;-212,13006591796875;158,29522705078125;9,875713348388672;0,9289126992225647;0,3498785197734833;0,25959518551826477;0,013698965311050415
2733;3569,718994140625;17,193031311035156;67294,4921875;-246,1080780029297;174,9673309326172;8,732812881469727;0,9243820905685425;0,3473333716392517;0,2569016218185425;0,013489211909472942
2734;3569,718994140625;17,193031311035156;67294,4921875;-250,3469696044922;182,8885955810547;12,355436325073242;0,9660490155220032;0,368413507938385;0,26761487126350403;0,01431149709969759
2735;3569,718994140625;17,193031311035156;67294,4921875;-274,8294677734375;193,1207733154297;10,885053634643555;0,95255047082901;0,34664779901504517;0,26134341955184937;0,01390000805258751
2736;3569,718994140625;17,193031311035156;67294,4921875;-229,6890106201172;183,5891571044922;9,818876266479492;0,9829775094985962;0,3631921708583832;0,26903364062309265;0,014460335485637188
2737;3569,718994140625;17,193031311035156;67294,4921875;-268,0552978515625;181,94349670410156;11,191612243652344;0,9822013974189758;0,33634310960769653;0,2658356726169586;0,01426517404615879
2738;3569,718994140625;17,193031311035156;67294,4921875;-298,9145812988281;183,22415161132812;12,050786972045898;0,9804397225379944;0,37163296341896057;0,2672833800315857;0,014200190082192421
2739;3569,718994140625;17,193031311035156;67294,4921875;-364,7342529296875;204,2078399658203;15,485107421875;0,9848282337188721;0,3905026614665985;0,2691475450992584;0,01417065691202879
2740;3569,718994140625;17,193031311035156;67294,4921875;-389,2981872558594;212,35296630859375;19,58243751525879;0,9783828854560852;0,364919513463974;0,2649928331375122;0,01394526194781065
2741;3569,718994140625;17,193031311035156;67294,4921875;-365,0810852050781;204,20570373535156;18,403478622436523;0,9946386218070984;0,39273005723953247;0,2706263065338135;0,014174889773130417
2742;3569,718994140625;17,193031311035156;67294,4921875;-388,7557373046875;206,0074005126953;19,005165100097656;1,0000333786010742;0,3989752531051636;0,27208977937698364;0,014176065102219582
2743;3569,718994140625;17,193031311035156;67294,4921875;-394,211181640625;212,2852325439453;19,464462280273438;1,029351830482483;0,3918124735355377;0,2784794569015503;0,014719439670443535
2744;3569,718994140625;17,193031311035156;67294,4921875;-373,8332824707031;209,94493103027344;20,042922973632812;1,0251922607421875;0,3827004134654999;0,2768152952194214;0,01452785637229681
2745;3569,718994140625;17,193031311035156;67294,4921875;-383,40765380859375;199,79998779296875;21,57408332824707;1,0610291957855225;0,41901203989982605;0,28823599219322205;0,015163923613727093
2746;3569,718994140625;17,193031311035156;67294,4921875;-456,05291748046875;201,43856811523438;24,712617874145508;1,0597907304763794;0,4159140884876251;0,2879761755466461;0,015037915669381618
2747;3569,718994140625;17,193031311035156;67294,4921875;-470,4853210449219;198,54042053222656;27,5028076171875;1,0704920291900635;0,4274557828903198;0,29178428649902344;0,015142540447413921
2748;3569,718994140625;17,193031311035156;67294,4921875;-409,15350341796875;187,9927215576172;24,72868537902832;1,0799071788787842;0,423782080411911;0,29440832138061523;0,015246775932610035
2749;3569,718994140625;17,193031311035156;67294,4921875;-457,9856262207031;175,0748748779297;26,730947494506836;1,127726674079895;0,45997801423072815;0,30927443504333496;0,01607789844274521
2750;3569,718994140625;17,193031311035156;67294,4921875;-430,0141906738281;162,10678100585938;26,13221549987793;1,0919713973999023;0,42416927218437195;0,29897886514663696;0,015297950245440006
2751;3569,718994140625;17,193031311035156;67294,4921875;-434,119873046875;139,62632751464844;27,826419830322266;1,1361831426620483;0,4645777642726898;0,31344422698020935;0,016032040119171143
2752;3569,718994140625;17,193031311035156;67294,4921875;-441,4902648925781;126,18669128417969;29,261024475097656;1,1633436679840088;0,46444249153137207;0,3214077353477478;0,016498686745762825
2753;3569,718994140625;17,193031311035156;67294,4921875;-430,7507629394531;114,75716400146484;30,950719833374023;1,14066481590271;0,45774561166763306;0,31649667024612427;0,01594317890703678
2754;3569,718994140625;17,193031311035156;67294,4921875;-409,8499450683594;89,8772201538086;25,533573150634766;1,1935725212097168;0,46276915073394775;0,33177879452705383;0,016908500343561172
2755;3569,718994140625;17,193031311035156;67294,4921875;-386,5774841308594;68,07854461669922;28,453956604003906;1,2141499519348145;0,4757741093635559;0,3392912447452545;0,01720038428902626
2756;3569,718994140625;17,193031311035156;67294,4921875;-425,13140869140625;63,533443450927734;32,097198486328125;1,1801416873931885;0,4697331190109253;0,3317142128944397;0,0164327435195446
2757;3569,718994140625;17,193031311035156;67294,4921875;-444,8236999511719;66,55937194824219;31,14713478088379;1,215454339981079;0,4955051839351654;0,34384170174598694;0,016970816999673843
2758;3569,718994140625;17,193031311035156;67294,4921875;-443,36199951171875;61,871524810791016;34,000816345214844;1,2713948488235474;0,5382066369056702;0,3622785806655884;0,017818517982959747
2759;3569,718994140625;17,193031311035156;67294,4921875;-424,4725036621094;44,806243896484375;33,51079177856445;1,2330503463745117;0,4735974073410034;0,35146257281303406;0,017207495868206024
2760;3569,718994140625;17,193031311035156;67294,4921875;-449,6815490722656;56,892391204833984;34,295772552490234;1,2282930612564087;0,4591333866119385;0,35173043608665466;0,01705216057598591
2761;3569,718994140625;17,193031311035156;67294,4921875;-477,4463806152344;59,769287109375;35,865814208984375;1,2897471189498901;0,5344646573066711;0,3729424476623535;0,01790587045252323
2762;3569,718994140625;17,193031311035156;67294,4921875;-459,8177490234375;66,54899597167969;35,30026626586914;1,2766274213790894;0,4821036458015442;0,37006086111068726;0,01777908392250538
2763;3569,718994140625;17,193031311035156;67294,4921875;-475,85302734375;66,09516906738281;37,957557678222656;1,2358413934707642;0,4433562159538269;0,3599482774734497;0,016977135092020035
2764;3569,718994140625;17,193031311035156;67294,4921875;-471,2224426269531;77,9471664428711;37,54759216308594;1,3291795253753662;0,5035524964332581;0,38995715975761414;0,018570775166153908
2765;3569,718994140625;17,193031311035156;67294,4921875;-494,7061767578125;76,45030212402344;40,13339614868164;1,32537043094635;0,5057634711265564;0,3912156820297241;0,01840686984360218
2766;3569,718994140625;17,193031311035156;67294,4921875;-466,5478210449219;91,54204559326172;39,08308792114258;1,3151310682296753;0,5036452412605286;0,39050403237342834;0,018126418814063072
2767;3569,718994140625;17,193031311035156;67294,4921875;-474,40325927734375;80,29756164550781;37,35141372680664;1,3478872776031494;0,512835681438446;0,40256237983703613;0,018651671707630157
2768;3569,718994140625;17,193031311035156;67294,4921875;-488,8984069824219;74,79048156738281;39,903438568115234;1,3805887699127197;0,5220937728881836;0,4147191047668457;0,01916869916021824
2769;3569,718994140625;17,193031311035156;67294,4921875;-494,5396423339844;80,2964859008789;39,9124641418457;1,348264455795288;0,49193239212036133;0,4074295163154602;0,018588393926620483
2770;3569,718994140625;17,193031311035156;67294,4921875;-507,1688537597656;67,24024963378906;41,05219650268555;1,3487650156021118;0,4915657341480255;0,4099428355693817;0,018528949469327927
2771;3569,718994140625;17,193031311035156;67294,4921875;-512,0491943359375;53,8693962097168;44,772796630859375;1,3845770359039307;0,511196494102478;0,4231208562850952;0,019060486927628517
2772;3569,718994140625;17,193031311035156;67294,4921875;-482,4720153808594;39,83427429199219;40,92127990722656;1,3987773656845093;0,5106173157691956;0,4298916161060333;0,0192678514868021
2773;3569,718994140625;17,193031311035156;67294,4921875;-485,5712585449219;40,08368682861328;41,49755096435547;1,3793843984603882;0,4771824777126312;0,4267854690551758;0,018967807292938232
2774;3569,718994140625;17,193031311035156;67294,4921875;-497,44720458984375;24,96498680114746;42,68516540527344;1,3931607007980347;0,48921602964401245;0,43315961956977844;0,019129501655697823
2775;3569,718994140625;17,193031311035156;67294,4921875;-467,927734375;2,7237589359283447;41,95493698120117;1,3903290033340454;0,4975981116294861;0,4341382682323456;0,018958846107125282
2776;3569,718994140625;17,193031311035156;67294,4921875;-479,6807861328125;-8,860135078430176;41,72393798828125;1,4249378442764282;0,4975559711456299;0,4475516080856323;0,019577624276280403
2777;3569,718994140625;17,193031311035156;67294,4921875;-480,47174072265625;-16,573457717895508;40,821022033691406;1,4488240480422974;0,5033442378044128;0,4572705328464508;0,019945811480283737
2778;3569,718994140625;17,193031311035156;67294,4921875;-495,33544921875;-38,714988708496094;42,6551399230957;1,443169116973877;0,5029295682907104;0,4573827385902405;0,01977386698126793
2779;3569,718994140625;17,193031311035156;67294,4921875;-493,9543762207031;-40,6312370300293;41,97380065917969;1,4437068700790405;0,4976275563240051;0,4597603976726532;0,019763046875596046
2780;3569,718994140625;17,193031311035156;67294,4921875;-490,1445007324219;-71,05883026123047;40,52621078491211;1,460532307624817;0,5043755173683167;0,4668276011943817;0,01997934654355049
2781;3569,718994140625;17,193031311035156;67294,4921875;-485,6665344238281;-94,65174865722656;43,503055572509766;1,4565436840057373;0,48158007860183716;0,4689022898674011;0,02002287656068802
2782;3569,718994140625;17,193031311035156;67294,4921875;-500,3577880859375;-123,40532684326172;42,24197006225586;1,4716055393218994;0,4919707179069519;0,4749630093574524;0,020199807360768318
2783;3569,718994140625;17,193031311035156;67294,4921875;-499,6696472167969;-138,86090087890625;47,10596466064453;1,5171037912368774;0,5047433972358704;0,4914167821407318;0,020945923402905464
2784;3569,718994140625;17,193031311035156;67294,4921875;-523,870849609375;-163,37701416015625;46,55612564086914;1,4694733619689941;0,48509517312049866;0,47777724266052246;0,02012484334409237
2785;3569,718994140625;17,193031311035156;67294,4921875;-523,798095703125;-187,04638671875;44,85825729370117;1,4486596584320068;0,4732273817062378;0,4728653132915497;0,019779734313488007
2786;3569,718994140625;17,193031311035156;67294,4921875;-506,12017822265625;-211,5009002685547;46,69345474243164;1,540354609489441;0,5063180923461914;0,5034705400466919;0,021254930645227432
2787;3569,718994140625;17,193031311035156;67294,4921875;-478,6773986816406;-246,24838256835938;41,63145446777344;1,4665954113006592;0,47522661089897156;0,4814029335975647;0,020054901018738747
2788;3569,718994140625;17,193031311035156;67294,4921875;-457,925537109375;-266,5063781738281;42,37738800048828;1,4937132596969604;0,4796888530254364;0,4919719398021698;0,020543795078992844
2789;3569,718994140625;17,193031311035156;67294,4921875;-454,7511291503906;-309,3592224121094;41,74582290649414;1,475392460823059;0,47561487555503845;0,4862027168273926;0,02015908621251583
2790;3569,718994140625;17,193031311035156;67294,4921875;-417,54473876953125;-342,2643127441406;40,12677001953125;1,4990885257720947;0,47933652997016907;0,49551331996917725;0,02060396783053875
2791;3569,718994140625;17,193031311035156;67294,4921875;-403,9303894042969;-396,9268798828125;38,85146713256836;1,482925534248352;0,4690135717391968;0,4922531545162201;0,02041994035243988
2792;3569,718994140625;17,193031311035156;67294,4921875;-341,7774963378906;-407,0001525878906;38,24528121948242;1,50021231174469;0,4778061807155609;0,49694985151290894;0,020587366074323654
2793;3569,718994140625;17,193031311035156;67294,4921875;-315,69219970703125;-448,5115661621094;33,652339935302734;1,5497232675552368;0,4938603341579437;0,5128578543663025;0,021337104961276054
2794;3569,718994140625;17,193031311035156;67294,4921875;-340,7392883300781;-462,98126220703125;28,93357276916504;1,510920524597168;0,4792551100254059;0,5007845163345337;0,020720457658171654
2795;3569,718994140625;17,193031311035156;67294,4921875;-299,8193054199219;-489,7079162597656;33,56167221069336;1,5077685117721558;0,4762328565120697;0,5007556080818176;0,02074260637164116
2796;3569,718994140625;17,193031311035156;67294,4921875;-303,35504150390625;-511,9021301269531;33,37257766723633;1,5382806062698364;0,4851469397544861;0,5099844932556152;0,021179093047976494
2797;3569,718994140625;17,193031311035156;67294,4921875;-262,9289245605469;-518,9949340820312;32,7205924987793;1,4929306507110596;0,47021979093551636;0,4983782172203064;0,020702172070741653
2798;3569,718994140625;17,193031311035156;67294,4921875;-258,18035888671875;-539,4022216796875;24,82769012451172;1,5628935098648071;0,49051088094711304;0,5180664658546448;0,021635156124830246
2799;3569,718994140625;17,193031311035156;67294,4921875;-295,9255065917969;-563,0087280273438;27,96186065673828;1,5435211658477783;0,48432672023773193;0,5122249126434326;0,02140459418296814
2800;3569,718994140625;17,193031311035156;67294,4921875;-269,0204772949219;-564,540771484375;25,51097297668457;1,4885746240615845;0,4690137505531311;0,49536117911338806;0,02063995599746704
2801;3569,718994140625;17,193031311035156;67294,4921875;-242,46951293945312;-573,866455078125;24,8990421295166;1,547303318977356;0,48295527696609497;0,5114573240280151;0,021420404314994812
2802;3569,718994140625;17,193031311035156;67294,4921875;-226,4622039794922;-577,4338989257812;25,381452560424805;1,5503431558609009;0,4875459372997284;0,513857901096344;0,02168625220656395
2803;3569,718994140625;17,193031311035156;67294,4921875;-248,24029541015625;-591,1595458984375;22,610309600830078;1,5392996072769165;0,4814419150352478;0,5081464052200317;0,021421723067760468
2804;3569,718994140625;17,193031311035156;67294,4921875;-236,93914794921875;-588,3463745117188;23,38154411315918;1,5352809429168701;0,48410990834236145;0,5073912143707275;0,021518930792808533
2805;3569,718994140625;17,193031311035156;67294,4921875;-232,81568908691406;-606,5291748046875;22,150127410888672;1,6237133741378784;0,5058454871177673;0,5331368446350098;0,022861482575535774
2806;3569,718994140625;17,193031311035156;67294,4921875;-209,75819396972656;-610,360595703125;21,718963623046875;1,5824196338653564;0,48597073554992676;0,5160979628562927;0,02196800895035267
2807;3569,718994140625;17,193031311035156;67294,4921875;-219,70968627929688;-622,1112670898438;22,310712814331055;1,5489561557769775;0,4825252592563629;0,5059595108032227;0,02166159451007843
2808;3569,718994140625;17,193031311035156;67294,4921875;-216,65264892578125;-625,395263671875;23,450876235961914;1,5436949729919434;0,4871126711368561;0,5044327974319458;0,021770548075437546
2809;3569,718994140625;17,193031311035156;67294,4921875;-209,73573303222656;-642,5413208007812;21,10346221923828;1,4728806018829346;0,45837610960006714;0,4779251217842102;0,020399458706378937
2810;3569,718994140625;17,193031311035156;67294,4921875;-196,90838623046875;-652,1451416015625;20,23253059387207;1,5627233982086182;0,48209646344184875;0,5041957497596741;0,021886521950364113
2811;3569,718994140625;17,193031311035156;67294,4921875;-173,56385803222656;-646,1741943359375;17,483762741088867;1,5016448497772217;0,47043368220329285;0,4843592047691345;0,021051887422800064
2812;3569,718994140625;17,193031311035156;67294,4921875;-184,2411346435547;-659,0950927734375;20,574947357177734;1,4805972576141357;0,4699416756629944;0,4769679009914398;0,020859548822045326
2813;3569,718994140625;17,193031311035156;67294,4921875;-229,06802368164062;-684,776123046875;19,708053588867188;1,5371040105819702;0,48163026571273804;0,4915553033351898;0,02174660749733448
2814;3569,718994140625;17,193031311035156;67294,4921875;-219,03025817871094;-698,1085205078125;20,901687622070312;1,54535973072052;0,48264390230178833;0,4915682077407837;0,021895399317145348
2815;3569,718994140625;17,193031311035156;67294,4921875;-196,7554931640625;-713,2238159179688;19,250652313232422;1,5458872318267822;0,48856687545776367;0,49053168296813965;0,022069748491048813
2816;3569,718994140625;17,193031311035156;67294,4921875;-233,2447967529297;-756,2816772460938;17,59279441833496;1,485647439956665;0,4757117033004761;0,47023823857307434;0,021180355921387672
2817;3569,718994140625;17,193031311035156;67294,4921875;-249,37632751464844;-763,1495361328125;18,673147201538086;1,5285744667053223;0,4780842661857605;0,4789760112762451;0,02174905501306057
2818;3569,718994140625;17,193031311035156;67294,4921875;-239,04739379882812;-786,7679443359375;16,805749893188477;1,5098612308502197;0,4790284037590027;0,4718003273010254;0,021605052053928375
2819;3569,718994140625;17,193031311035156;67294,4921875;-258,4920654296875;-809,193115234375;21,99812889099121;1,4705618619918823;0,4727720320224762;0,4580604135990143;0,021073760464787483
2820;3569,718994140625;17,193031311035156;67294,4921875;-207,09178161621094;-821,4867553710938;14,701936721801758;1,4626855850219727;0,4765195846557617;0,4540809094905853;0,02109888568520546
2821;3569,718994140625;17,193031311035156;67294,4921875;-211,65054321289062;-840,1329956054688;16,073179244995117;1,558661699295044;0,4799511432647705;0,47587502002716064;0,022325389087200165
2822;3569,718994140625;17,193031311035156;67294,4921875;-232,46450805664062;-872,442138671875;16,88523292541504;1,5041518211364746;0,5004164576530457;0,46310174465179443;0,02211890183389187
2823;3569,718994140625;17,193031311035156;67294,4921875;-229,5566864013672;-900,0438232421875;20,763771057128906;1,4464048147201538;0,48435676097869873;0,4430588483810425;0,02118391916155815
2824;3569,718994140625;17,193031311035156;67294,4921875;-211,3784637451172;-923,7871704101562;16,842247009277344;1,4723097085952759;0,48818254470825195;0,4472181499004364;0,021625617519021034
2825;3569,718994140625;17,193031311035156;67294,4921875;-198,4304962158203;-950,761474609375;11,509242057800293;1,4788868427276611;0,48740699887275696;0,44580167531967163;0,02175251580774784
2826;3569,718994140625;17,193031311035156;67294,4921875;-167,65310668945312;-964,5806274414062;13,453289031982422;1,5047990083694458;0,48724687099456787;0,44916364550590515;0,02212626300752163
2827;3569,718994140625;17,193031311035156;67294,4921875;-146,3780059814453;-983,029541015625;11,032139778137207;1,4089863300323486;0,4685629606246948;0,4199694097042084;0,02066757343709469
2828;3569,718994140625;17,193031311035156;67294,4921875;-128,484375;-1000,704345703125;8,960331916809082;1,4368921518325806;0,460416316986084;0,4225709140300751;0,020918702706694603
2829;3569,718994140625;17,193031311035156;67294,4921875;-158,08377075195312;-1030,2552490234375;9,502826690673828;1,4274868965148926;0,4650576412677765;0,418418288230896;0,02096080407500267
2830;3569,718994140625;17,193031311035156;67294,4921875;-139,10977172851562;-1038,62744140625;9,101968765258789;1,3638536930084229;0,4607699513435364;0,4000159800052643;0,020149923861026764
2831;3569,718994140625;17,193031311035156;67294,4921875;-127,67711639404297;-1049,6387939453125;6,230029106140137;1,410901665687561;0,47587820887565613;0,4111284017562866;0,021091777831315994
2832;3569,718994140625;17,193031311035156;67294,4921875;-154,16798400878906;-1072,5960693359375;9,845866203308105;1,4400832653045654;0,4690939486026764;0,4143168330192566;0,02140924334526062
2833;3569,718994140625;17,193031311035156;67294,4921875;-127,39163970947266;-1080,7916259765625;5,5113725662231445;1,399178147315979;0,4702101945877075;0,40256959199905396;0,020991399884223938
2834;3569,718994140625;17,193031311035156;67294,4921875;-129,05691528320312;-1088,780517578125;6,27391242980957;1,3909095525741577;0,45542845129966736;0,395930677652359;0,020685425028204918
2835;3569,718994140625;17,193031311035156;67294,4921875;-101,30338287353516;-1093,4671630859375;3,673311710357666;1,4112030267715454;0,46997517347335815;0,40080660581588745;0,021301746368408203
2836;3569,718994140625;17,193031311035156;67294,4921875;-120,6272964477539;-1102,7222900390625;3,1936190128326416;1,3879719972610474;0,4674522280693054;0,39301934838294983;0,02104194089770317
2837;3569,718994140625;17,193031311035156;67294,4921875;-119,32803344726562;-1093,88427734375;4,104043006896973;1,3266663551330566;0,4546278715133667;0,37510213255882263;0,020092209801077843
2838;3569,718994140625;17,193031311035156;67294,4921875;-103,3490219116211;-1082,2535400390625;2,6700210571289062;1,3312797546386719;0,4520893096923828;0,3739950656890869;0,020189622417092323
2839;3569,718994140625;17,193031311035156;67294,4921875;-129,03855895996094;-1091,6544189453125;4,9438018798828125;1,353531837463379;0,44463643431663513;0,3762206435203552;0,02041979320347309
2840;3569,718994140625;17,193031311035156;67294,4921875;-109,62202453613281;-1070,4669189453125;2,7276103496551514;1,3066654205322266;0,44965827465057373;0,365082323551178;0,01999964937567711
2841;3569,718994140625;17,193031311035156;67294,4921875;-110,12907409667969;-1076,2628173828125;2,654524087905884;1,3604868650436401;0,45349404215812683;0,3764391839504242;0,020876426249742508
2842;3569,718994140625;17,193031311035156;67294,4921875;-26,078887939453125;-1042,42626953125;-2,1139261722564697;1,2897592782974243;0,448760986328125;0,35882440209388733;0,01994732953608036
2843;3569,718994140625;17,193031311035156;67294,4921875;-58,02741622924805;-1046,6712646484375;-0,6752128005027771;1,3084042072296143;0,4389159083366394;0,3604489266872406;0,020100178197026253
2844;3569,718994140625;17,193031311035156;67294,4921875;-37,161155700683594;-1027,3284912109375;-2,2682299613952637;1,2676721811294556;0,41999655961990356;0,3476702868938446;0,01926535740494728
2845;3569,718994140625;17,193031311035156;67294,4921875;-11,200904846191406;-1008,6818237304688;-2,613597869873047;1,2627177238464355;0,4266601800918579;0,34705236554145813;0,01944415643811226
2846;3569,718994140625;17,193031311035156;67294,4921875;-43,405975341796875;-1003,9205932617188;-1,2211905717849731;1,2434574365615845;0,4315706789493561;0,34317341446876526;0,019390039145946503
2847;3569,718994140625;17,193031311035156;67294,4921875;-11,247612953186035;-987,3901977539062;-3,4415817260742188;1,2738364934921265;0,4306158423423767;0,3495336174964905;0,019885726273059845
2848;3569,718994140625;17,193031311035156;67294,4921875;-38,935340881347656;-987,1123046875;-2,612536668777466;1,220809817314148;0,4262300431728363;0,3370630443096161;0,019186045974493027
2849;3569,718994140625;17,193031311035156;67294,4921875;-74,70501708984375;-981,9260864257812;-0,468035489320755;1,2405747175216675;0,4243754744529724;0,3412906527519226;0,019525490701198578
2850;3569,718994140625;17,193031311035156;67294,4921875;-64,24439239501953;-982,2833251953125;-0,6931158304214478;1,2379190921783447;0,4237622618675232;0,3409329056739807;0,019590036943554878
2851;3569,718994140625;17,193031311035156;67294,4921875;-79,2571029663086;-984,842041015625;-0,4272647202014923;1,222123146057129;0,4167427718639374;0,33683228492736816;0,01933833211660385
2852;3569,718994140625;17,193031311035156;67294,4921875;-47,018775939941406;-968,0392456054688;-2,543592691421509;1,242154836654663;0,4156874418258667;0,34185901284217834;0,01970236748456955
2853;3569,718994140625;17,193031311035156;67294,4921875;-43,10985565185547;-965,9508056640625;-2,6702425479888916;1,1734369993209839;0,41975733637809753;0,3278057873249054;0,018957076594233513
2854;3569,718994140625;17,193031311035156;67294,4921875;-28,79320526123047;-949,8936767578125;-5,0147929191589355;1,1818069219589233;0,4207246005535126;0,33076807856559753;0,01921074092388153
2855;3569,718994140625;17,193031311035156;67294,4921875;-57,61004638671875;-951,9476318359375;-3,3316845893859863;1,143992304801941;0,4026702046394348;0,3205493986606598;0,018408961594104767
2856;3569,718994140625;17,193031311035156;67294,4921875;-51,18654251098633;-944,5694580078125;-5,725038528442383;1,1526079177856445;0,41529932618141174;0,3255898654460907;0,018916616216301918
2857;3569,718994140625;17,193031311035156;67294,4921875;-59,11521530151367;-950,6554565429688;-4,948756217956543;1,1899774074554443;0,4114314615726471;0,3349981904029846;0,019479813054203987
2858;3569,718994140625;17,193031311035156;67294,4921875;-57,125728607177734;-944,9287719726562;-5,352247714996338;1,1186256408691406;0,39971619844436646;0,31820783019065857;0,01833023503422737
2859;3569,718994140625;17,193031311035156;67294,4921875;-48,12360763549805;-941,650146484375;-4,957397937774658;1,1801519393920898;0,4064738154411316;0,3351761996746063;0,01946696639060974
2860;3569,718994140625;17,193031311035156;67294,4921875;-67,94976806640625;-945,1766357421875;-3,6677470207214355;1,0952080488204956;0,40680068731307983;0,31687894463539124;0,018369924277067184
2861;3569,718994140625;17,193031311035156;67294,4921875;-70,41311645507812;-943,7124633789062;-4,9554243087768555;1,0872889757156372;0,3945331573486328;0,3149159848690033;0,01810538023710251
2862;3569,718994140625;17,193031311035156;67294,4921875;-50,045989990234375;-934,0018920898438;-4,910342216491699;1,0688903331756592;0,3946455419063568;0,31228402256965637;0,017951324582099915
2863;3569,718994140625;17,193031311035156;67294,4921875;-84,48531341552734;-938,4922485351562;-4,946917533874512;1,0459667444229126;0,3854112923145294;0,3072361648082733;0,017518945038318634
2864;3569,718994140625;17,193031311035156;67294,4921875;-115,52487182617188;-938,6864624023438;-0,3770974576473236;1,0233001708984375;0,38754451274871826;0,30383554100990295;0,017336690798401833
2865;3569,718994140625;17,193031311035156;67294,4921875;-142,97169494628906;-945,0591430664062;1,0812948942184448;1,0732821226119995;0,3981897234916687;0,3194429874420166;0,01842033490538597
2866;3569,718994140625;17,193031311035156;67294,4921875;-105,51285552978516;-936,5767822265625;-0,4322257936000824;0,9894908666610718;0,37453556060791016;0,2973366379737854;0,016750866547226906
2867;3569,718994140625;17,193031311035156;67294,4921875;-111,75102233886719;-930,4935913085938;1,0138773918151855;1,068577766418457;0,3866821825504303;0,3207134008407593;0,018303386867046356
2868;3569,718994140625;17,193031311035156;67294,4921875;-147,3590545654297;-930,1782836914062;2,709688425064087;1,0025888681411743;0,37929245829582214;0,3049984872341156;0,01725805550813675
2869;3569,718994140625;17,193031311035156;67294,4921875;-118,5138931274414;-918,697265625;-0,5861331224441528;1,0210113525390625;0,3777051270008087;0,3114088177680969;0,017594918608665466
2870;3569,718994140625;17,193031311035156;67294,4921875;-101,90650177001953;-910,9861450195312;-0,6106907725334167;1,0220415592193604;0,3787282109260559;0,31376776099205017;0,017730427905917168
2871;3569,718994140625;17,193031311035156;67294,4921875;-121,36647033691406;-904,2962036132812;1,0925719738006592;0,9525055289268494;0,3644932806491852;0,29572823643684387;0,016447165980935097
2872;3569,718994140625;17,193031311035156;67294,4921875;-114,94148254394531;-893,3684692382812;0,3671850264072418;0,9715986847877502;0,3693201243877411;0,3031587600708008;0,016940075904130936
2873;3569,718994140625;17,193031311035156;67294,4921875;-83,08802795410156;-875,7100219726562;-1,651777744293213;0,9634290933609009;0,3658883571624756;0,30235689878463745;0,016823604702949524
2874;3569,718994140625;17,193031311035156;67294,4921875;-85,88690185546875;-863,5728759765625;-0,5271865129470825;0,9277598261833191;0,36055558919906616;0,29390332102775574;0,0162364412099123
2875;3569,718994140625;17,193031311035156;67294,4921875;-51,7971305847168;-846,8516235351562;-2,931724786758423;0,947214663028717;0,36483529210090637;0,30133894085884094;0,0167169701308012
2876;3569,718994140625;17,193031311035156;67294,4921875;-61,73332977294922;-827,48876953125;-3,078585386276245;0,9325058460235596;0,3622232973575592;0,29866525530815125;0,01650785282254219
2877;3569,718994140625;17,193031311035156;67294,4921875;-43,42383575439453;-819,019287109375;-3,3780055046081543;0,9292204976081848;0,35687264800071716;0,2986697852611542;0,016408642753958702
2878;3569,718994140625;17,193031311035156;67294,4921875;-65,37006378173828;-788,6358032226562;-2,51204776763916;0,9228035807609558;0,35463225841522217;0,2981363534927368;0,016330696642398834
2879;3569,718994140625;17,193031311035156;67294,4921875;-37,67068099975586;-754,7380981445312;-1,6148672103881836;0,9357910752296448;0,35190314054489136;0,3028640151023865;0,016515906900167465
2880;3569,718994140625;17,193031311035156;67294,4921875;-96,73719787597656;-746,930908203125;2,5843703746795654;0,9146513342857361;0,35240527987480164;0,29840877652168274;0,016289109364151955
2881;3569,718994140625;17,193031311035156;67294,4921875;-28,10016441345215;-692,343505859375;-0,5502257347106934;0,9210848212242126;0,34812840819358826;0,30100345611572266;0,016332674771547318
2882;3569,718994140625;17,193031311035156;67294,4921875;2,389143466949463;-669,2608642578125;-4,82668924331665;0,9071810245513916;0,3449808657169342;0,2979199290275574;0,01611059159040451
2883;3569,718994140625;17,193031311035156;67294,4921875;-18,124927520751953;-629,7130126953125;-0,04064495489001274;0,8843659162521362;0,3397512435913086;0,291941374540329;0,015700889751315117
2884;3569,718994140625;17,193031311035156;67294,4921875;-45,60458755493164;-596,6447143554688;3,8944954872131348;0,8659176230430603;0,32961493730545044;0,28649306297302246;0,015208837576210499
2885;3569,718994140625;17,193031311035156;67294,4921875;-88,71985626220703;-562,976806640625;5,314879894256592;0,9049674868583679;0,3390846848487854;0,29974105954170227;0,01605864241719246
2886;3569,718994140625;17,193031311035156;67294,4921875;-102,62095642089844;-543,6027221679688;8,013838768005371;0,885517954826355;0,33408159017562866;0,2944212555885315;0,015711698681116104
2887;3569,718994140625;17,193031311035156;67294,4921875;-105,94253540039062;-510,224609375;6,785224914550781;0,8706510663032532;0,3275136649608612;0,29011213779449463;0,015356478281319141
2888;3569,718994140625;17,193031311035156;67294,4921875;-72,56706237792969;-483,623046875;7,9105224609375;0,863074541091919;0,3244655430316925;0,2882238030433655;0,015214412473142147
2889;3569,718994140625;17,193031311035156;67294,4921875;-135,26577758789062;-468,615478515625;10,552873611450195;0,8561276793479919;0,32158374786376953;0,2864355444908142;0,01508834958076477
2890;3569,718994140625;17,193031311035156;67294,4921875;-139,30731201171875;-441,6690979003906;5,5809855461120605;0,8858828544616699;0,32992637157440186;0,29650449752807617;0,01574700139462948
2891;3569,718994140625;17,193031311035156;67294,4921875;-177,18438720703125;-422,36810302734375;11,12218189239502;0,8829057812690735;0,32709747552871704;0,2956543266773224;0,015609119087457657
2892;3569,718994140625;17,193031311035156;67294,4921875;-213,8261260986328;-403,2557067871094;13,943472862243652;0,8651822209358215;0,32055792212486267;0,29002565145492554;0,015278252772986889
2893;3569,718994140625;17,193031311035156;67294,4921875;-184,5031280517578;-382,98095703125;13,58741569519043;0,8957914710044861;0,3302779197692871;0,3001938760280609;0,015924712643027306
2894;3569,718994140625;17,193031311035156;67294,4921875;-259,05194091796875;-370,9449157714844;17,732254028320312;0,8712250590324402;0,32015228271484375;0,2919238209724426;0,015361237339675426
2895;3569,718994140625;17,193031311035156;67294,4921875;-299,95855712890625;-356,2045593261719;16,20398712158203;0,8579432964324951;0,31441619992256165;0,2872961461544037;0,014978240244090557
2896;3569,718994140625;17,193031311035156;67294,4921875;-263,8805847167969;-348,63287353515625;14,535284042358398;0,8803365230560303;0,3229503333568573;0,2945767939090729;0,015425520949065685
2897;3569,718994140625;17,193031311035156;67294,4921875;-322,02294921875;-316,71258544921875;19,2973690032959;0,8666438460350037;0,31680828332901;0,2896064519882202;0,015091397799551487
2898;3569,718994140625;17,193031311035156;67294,4921875;-344,0842590332031;-297,3753662109375;19,182416915893555;0,8864397406578064;0,32500532269477844;0,29585856199264526;0,015492460690438747
2899;3569,718994140625;17,193031311035156;67294,4921875;-427,7239685058594;-280,3048095703125;24,856060028076172;0,8775381445884705;0,3230123817920685;0,2924599349498749;0,015181705355644226
2900;3569,718994140625;17,193031311035156;67294,4921875;-454,7917175292969;-271,5835876464844;27,850669860839844;0,8402709364891052;0,30483105778694153;0,2791212201118469;0,014338099397718906
2901;3569,718994140625;17,193031311035156;67294,4921875;-469,5283508300781;-266,7256164550781;31,787200927734375;0,8463173508644104;0,3036218583583832;0,2801666855812073;0,014492775313556194
2902;3569,718994140625;17,193031311035156;67294,4921875;-459,0821533203125;-266,7471008300781;29,26926612854004;0,852622926235199;0,30741187930107117;0,28154993057250977;0,014566950500011444
2903;3569,718994140625;17,193031311035156;67294,4921875;-539,9427490234375;-245,13961791992188;30,661518096923828;0,8837271928787231;0,3206503689289093;0,29104188084602356;0,015252125449478626
2904;3569,718994140625;17,193031311035156;67294,4921875;-518,35009765625;-250,3600616455078;29,161170959472656;0,8670721650123596;0,3177504539489746;0,28479912877082825;0,014737718738615513
2905;3569,718994140625;17,193031311035156;67294,4921875;-549,9608154296875;-232,5014190673828;31,21799659729004;0,8707736730575562;0,31898802518844604;0,2848978340625763;0,014773418195545673
2906;3569,718994140625;17,193031311035156;67294,4921875;-648,9920043945312;-213,13108825683594;36,814632415771484;0,8441039323806763;0,3050491213798523;0,2746855914592743;0,014092175289988518
2907;3569,718994140625;17,193031311035156;67294,4921875;-613,3385620117188;-208,2471160888672;35,09187698364258;0,849356472492218;0,3098730444908142;0,2753903269767761;0,014127621427178383
2908;3569,718994140625;17,193031311035156;67294,4921875;-644,0726318359375;-196,982421875;37,23674011230469;0,8654959201812744;0,3079465627670288;0,2786555588245392;0,014511315152049065
2909;3569,718994140625;17,193031311035156;67294,4921875;-639,6642456054688;-191,66302490234375;39,396488189697266;0,8613748550415039;0,3020387887954712;0,2755621075630188;0,014343861490488052
2910;3569,718994140625;17,193031311035156;67294,4921875;-669,7206420898438;-179,406005859375;40,30794906616211;0,8641151189804077;0,3133929967880249;0,2757967710494995;0,014295465312898159
2911;3569,718994140625;17,193031311035156;67294,4921875;-689,2694702148438;-159,4828338623047;43,722694396972656;0,8640785813331604;0,3167649507522583;0,2745268642902374;0,014196308329701424
2912;3569,718994140625;17,193031311035156;67294,4921875;-716,0208129882812;-138,10585021972656;42,25429153442383;0,8902746438980103;0,32923951745033264;0,2814423739910126;0,014742321334779263
2913;3569,718994140625;17,193031311035156;67294,4921875;-701,190673828125;-125,21856689453125;40,018829345703125;0,8874931931495667;0,32055750489234924;0,2782451808452606;0,014624509960412979
2914;3569,718994140625;17,193031311035156;67294,4921875;-759,454833984375;-94,50067901611328;44,872825622558594;0,8758234977722168;0,3218972086906433;0,27334052324295044;0,014235549606382847
2915;3569,718994140625;17,193031311035156;67294,4921875;-716,4776611328125;-78,24747467041016;41,255645751953125;0,9043499827384949;0,3374030888080597;0,2808687686920166;0,014818032272160053
2916;3569,718994140625;17,193031311035156;67294,4921875;-724,9161987304688;-52,840919494628906;41,027557373046875;0,8520124554634094;0,30609145760536194;0,26190540194511414;0,013502676971256733
2917;3569,718994140625;17,193031311035156;67294,4921875;-713,2472534179688;-30,764358520507812;41,9605598449707;0,9070355892181396;0,3339608609676361;0,2776314616203308;0,014716331847012043
2918;3569,718994140625;17,193031311035156;67294,4921875;-761,4834594726562;-4,985583782196045;42,203765869140625;0,8758592009544373;0,32961562275886536;0,26688438653945923;0,01384838204830885
2919;3569,718994140625;17,193031311035156;67294,4921875;-746,1075439453125;15,864739418029785;38,90888977050781;0,8478153944015503;0,30266129970550537;0,25518861413002014;0,013121851719915867
2920;3569,718994140625;17,193031311035156;67294,4921875;-794,333740234375;52,04088592529297;39,9400520324707;0,8843967318534851;0,33070096373558044;0,26561829447746277;0,013878773897886276
2921;3569,718994140625;17,193031311035156;67294,4921875;-786,5612182617188;74,72805786132812;40,067626953125;0,9120575189590454;0,330132395029068;0,2711052894592285;0,01444663293659687
2922;3569,718994140625;17,193031311035156;67294,4921875;-803,3674926757812;99,16120910644531;42,68231964111328;0,8760759830474854;0,3203967213630676;0,25887665152549744;0,013498201966285706
2923;3569,718994140625;17,193031311035156;67294,4921875;-770,9105224609375;113,83879852294922;40,169227600097656;0,8797553777694702;0,31306779384613037;0,25744447112083435;0,013487177900969982
2924;3569,718994140625;17,193031311035156;67294,4921875;-742,0279541015625;127,30018615722656;36,95875930786133;0,9108515381813049;0,3293534815311432;0,2651456892490387;0,014109562151134014
2925;3569,718994140625;17,193031311035156;67294,4921875;-711,746337890625;146,5270233154297;33,77122497558594;0,8899250030517578;0,31972721219062805;0,25713416934013367;0,01352031622081995
2926;3569,718994140625;17,193031311035156;67294,4921875;-741,307861328125;174,69613647460938;35,59400177001953;0,9167876839637756;0,3347814083099365;0,2635842561721802;0,014037813991308212
2927;3569,718994140625;17,193031311035156;67294,4921875;-699,0740356445312;180,94268798828125;34,42139434814453;0,8964217305183411;0,3199332654476166;0,25543826818466187;0,013457520864903927
2928;3569,718994140625;17,193031311035156;67294,4921875;-732,5572509765625;211,1174774169922;33,51959228515625;0,9326165318489075;0,3555810749530792;0,26599571108818054;0,014181618578732014
2929;3569,718994140625;17,193031311035156;67294,4921875;-659,702392578125;198,40158081054688;31,762683868408203;0,899451732635498;0,3262600302696228;0,253572940826416;0,013321149162948132
2930;3569,718994140625;17,193031311035156;67294,4921875;-664,4989013671875;220,42352294921875;29,471961975097656;0,9122652411460876;0,32817792892456055;0,25546708703041077;0,013504995964467525
2931;3569,718994140625;17,193031311035156;67294,4921875;-670,8485107421875;218,94375610351562;30,95604705810547;0,9086353182792664;0,3457045555114746;0,25460800528526306;0,01330979261547327
2932;3569,718994140625;17,193031311035156;67294,4921875;-646,84033203125;229,90821838378906;32,294498443603516;0,9377391934394836;0,34273919463157654;0,26022040843963623;0,013867274858057499
2933;3569,718994140625;17,193031311035156;67294,4921875;-589,6054077148438;221,70419311523438;29,003040313720703;0,9357091784477234;0,34827807545661926;0,2589092254638672;0,013718447647988796
2934;3569,718994140625;17,193031311035156;67294,4921875;-620,3146362304688;235,55397033691406;29,518409729003906;0,9655336737632751;0,3644815981388092;0,2663824260234833;0,01427427027374506
2935;3569,718994140625;17,193031311035156;67294,4921875;-600,5790405273438;230,3624267578125;30,91901397705078;0,9913761019706726;0,38661500811576843;0,2734159529209137;0,014726844616234303
2936;3569,718994140625;17,193031311035156;67294,4921875;-569,3988647460938;210,9553680419922;26,6951847076416;0,995302140712738;0,39597028493881226;0,2741408944129944;0,014691933058202267
2937;3569,718994140625;17,193031311035156;67294,4921875;-553,6307983398438;212,7823486328125;26,599687576293945;0,9939099550247192;0,39428555965423584;0,27276742458343506;0,014553865417838097
2938;3569,718994140625;17,193031311035156;67294,4921875;-609,0799560546875;216,84815979003906;31,33721351623535;0,9888306856155396;0,3771812319755554;0,26939743757247925;0,014349213801324368
2939;3569,718994140625;17,193031311035156;67294,4921875;-556,125;199,97955322265625;32,164756774902344;1,0112178325653076;0,4140779674053192;0,2771433889865875;0,014676284976303577
2940;3569,718994140625;17,193031311035156;67294,4921875;-521,5029907226562;195,166015625;27,07537269592285;0,9937663674354553;0,3756535053253174;0,26939836144447327;0,01424356084316969
2941;3569,718994140625;17,193031311035156;67294,4921875;-552,0570678710938;208,26756286621094;24,291236877441406;1,008745551109314;0,3954501450061798;0,2741914689540863;0,01445157453417778
2942;3569,718994140625;17,193031311035156;67294,4921875;-557,2972412109375;200,1154327392578;28,601985931396484;1,020099401473999;0,3985498249530792;0,27695295214653015;0,014589675702154636
2943;3569,718994140625;17,193031311035156;67294,4921875;-535,4183959960938;184,9394989013672;28,14629554748535;1,0360053777694702;0,41384732723236084;0,281858891248703;0,014806143939495087
2944;3569,718994140625;17,193031311035156;67294,4921875;-483,5394592285156;175,910400390625;21,24388313293457;1,0633721351623535;0,4231833517551422;0,2892441749572754;0,01527909655123949
2945;3569,718994140625;17,193031311035156;67294,4921875;-513,5454711914062;173,5463104248047;24,10042381286621;1,0568679571151733;0,42570146918296814;0,288023442029953;0,0150263961404562
2946;3569,718994140625;17,193031311035156;67294,4921875;-483,2767333984375;166,19346618652344;25,262359619140625;1,0422860383987427;0,41710323095321655;0,28417879343032837;0,014622403308749199
2947;3569,718994140625;17,193031311035156;67294,4921875;-457,62933349609375;156,7203826904297;27,40395164489746;1,1021232604980469;0,4438704550266266;0,3011607527732849;0,0157504603266716
2948;3569,718994140625;17,193031311035156;67294,4921875;-457,63458251953125;151,67666625976562;27,346223831176758;1,0796699523925781;0,4184868335723877;0,29459184408187866;0,01521633192896843
2949;3569,718994140625;17,193031311035156;67294,4921875;-464,69671630859375;154,42288208007812;27,63442611694336;1,1488982439041138;0,47172775864601135;0,3159295916557312;0,016462769359350204
2950;3569,718994140625;17,193031311035156;67294,4921875;-467,509765625;161,93280029296875;24,321456909179688;1,0965453386306763;0,43676453828811646;0,30157768726348877;0,01534350123256445
2951;3569,718994140625;17,193031311035156;67294,4921875;-392,71234130859375;153,08499145507812;21,234134674072266;1,1474765539169312;0,45777541399002075;0,3166727125644684;0,016263464465737343
2952;3569,718994140625;17,193031311035156;67294,4921875;-428,4158935546875;154,42367553710938;24,13109588623047;1,2175915241241455;0,5247138738632202;0,339434415102005;0,01738865301012993
2953;3569,718994140625;17,193031311035156;67294,4921875;-430,67987060546875;151,00625610351562;26,47149085998535;1,1927540302276611;0,48368439078330994;0,3321080803871155;0,016932731494307518
2954;3569,718994140625;17,193031311035156;67294,4921875;-435,9017333984375;141,27789306640625;23,269996643066406;1,1989413499832153;0,48407864570617676;0,3351471424102783;0,016960395500063896
2955;3569,718994140625;17,193031311035156;67294,4921875;-485,04742431640625;146,6309356689453;29,116485595703125;1,1699610948562622;0,45629647374153137;0,3277991712093353;0,01634148694574833
2956;3569,718994140625;17,193031311035156;67294,4921875;-490,6986389160156;148,74183654785156;31,119068145751953;1,227290153503418;0,494550883769989;0,3462265729904175;0,017309974879026413
2957;3569,718994140625;17,193031311035156;67294,4921875;-504,83935546875;148,3560028076172;32,909908294677734;1,224041223526001;0,4866798222064972;0,3467780351638794;0,01717257685959339
2958;3569,718994140625;17,193031311035156;67294,4921875;-473,55987548828125;150,14186096191406;32,39729690551758;1,2042661905288696;0,4819084107875824;0,34308305382728577;0,01668584533035755
2959;3569,718994140625;17,193031311035156;67294,4921875;-516,385986328125;152,9422607421875;38,884033203125;1,2647688388824463;0,4777697026729584;0,36133840680122375;0,0178054366260767
2960;3569,718994140625;17,193031311035156;67294,4921875;-511,8573303222656;146,33067321777344;36,781890869140625;1,2272690534591675;0,46791619062423706;0,3527641296386719;0,017018718644976616
2961;3569,718994140625;17,193031311035156;67294,4921875;-514,0183715820312;148,81900024414062;36,13398742675781;1,2379668951034546;0,4803454577922821;0,3581278920173645;0,017111020162701607
2962;3569,718994140625;17,193031311035156;67294,4921875;-513,9163208007812;148,29684448242188;36,61642837524414;1,2890413999557495;0,5042430758476257;0,3751547634601593;0,017960766330361366
2963;3569,718994140625;17,193031311035156;67294,4921875;-577,064453125;146,19677734375;41,01675796508789;1,3356397151947021;0,5461128950119019;0,3914179503917694;0,018591346219182014
2964;3569,718994140625;17,193031311035156;67294,4921875;-586,33154296875;146,74264526367188;42,8123893737793;1,3112540245056152;0,5097913146018982;0,3860176205635071;0,018204620108008385
2965;3569,718994140625;17,193031311035156;67294,4921875;-629,4810791015625;147,73342895507812;47,618045806884766;1,3169480562210083;0,514889657497406;0,3899751603603363;0,018201598897576332
2966;3569,718994140625;17,193031311035156;67294,4921875;-604,2936401367188;133,54736328125;45,47347640991211;1,3103904724121094;0,4988420009613037;0,3901847004890442;0,0180647075176239
2967;3569,718994140625;17,193031311035156;67294,4921875;-601,2717895507812;125,16974639892578;44,28297424316406;1,3011666536331177;0,475229948759079;0,38963544368743896;0,017895221710205078
2968;3569,718994140625;17,193031311035156;67294,4921875;-650,4566040039062;139,93055725097656;48,02954864501953;1,3657078742980957;0,5346776247024536;0,4113324284553528;0,018795127049088478
2969;3569,718994140625;17,193031311035156;67294,4921875;-617,2935180664062;119,66693878173828;46,38398361206055;1,3837149143218994;0,516433835029602;0,4191811680793762;0,019189102575182915
2970;3569,718994140625;17,193031311035156;67294,4921875;-664,7954711914062;105,28165435791016;50,16454315185547;1,3769786357879639;0,506055474281311;0,4195486307144165;0,019028788432478905
2971;3569,718994140625;17,193031311035156;67294,4921875;-716,7468872070312;106,72381591796875;46,307769775390625;1,413093090057373;0,5370332598686218;0,4326496720314026;0,019478419795632362
2972;3569,718994140625;17,193031311035156;67294,4921875;-683,4447021484375;86,2157974243164;48,67746353149414;1,376503586769104;0,5009135007858276;0,42407310009002686;0,01889795809984207
2973;3569,718994140625;17,193031311035156;67294,4921875;-730,9578857421875;69,4144287109375;50,165592193603516;1,4188520908355713;0,5167264342308044;0,439390629529953;0,019568825140595436
2974;3569,718994140625;17,193031311035156;67294,4921875;-675,0982055664062;34,51654052734375;49,32107925415039;1,421350359916687;0,521028459072113;0,4422508776187897;0,01950754038989544
2975;3569,718994140625;17,193031311035156;67294,4921875;-718,3178100585938;4,751582622528076;51,167205810546875;1,3696213960647583;0,48425641655921936;0,4288117289543152;0,018653150647878647
2976;3569,718994140625;17,193031311035156;67294,4921875;-698,5103759765625;-20,003198623657227;52,500877380371094;1,3986976146697998;0,48246875405311584;0,44047731161117554;0,019171059131622314
2977;3569,718994140625;17,193031311035156;67294,4921875;-762,537841796875;-28,741369247436523;58,79817199707031;1,4099498987197876;0,49746599793434143;0,445512980222702;0,019231580197811127
2978;3569,718994140625;17,193031311035156;67294,4921875;-768,2395629882812;-50,57801055908203;54,22300720214844;1,4407274723052979;0,48821067810058594;0,4582555294036865;0,019840238615870476
2979;3569,718994140625;17,193031311035156;67294,4921875;-745,1382446289062;-72,33648681640625;53,55967330932617;1,4815397262573242;0,5086266994476318;0,4727846384048462;0,020450379699468613
2980;3569,718994140625;17,193031311035156;67294,4921875;-727,9751586914062;-92,05419158935547;60,01526641845703;1,4832189083099365;0,5055025815963745;0,47536206245422363;0,020447729155421257
2981;3569,718994140625;17,193031311035156;67294,4921875;-761,2984619140625;-131,0963134765625;53,98016357421875;1,4460580348968506;0,49656903743743896;0,4647548198699951;0,01970687136054039
2982;3569,718994140625;17,193031311035156;67294,4921875;-741,792236328125;-160,01095581054688;52,17927169799805;1,4418911933898926;0,48770248889923096;0,46552756428718567;0,0196527112275362
2983;3569,718994140625;17,193031311035156;67294,4921875;-714,9202270507812;-172,34666442871094;54,844276428222656;1,4227436780929565;0,4704131484031677;0,4617973268032074;0,01938232220709324
2984;3569,718994140625;17,193031311035156;67294,4921875;-724,8770751953125;-219,73785400390625;52,418968200683594;1,4454212188720703;0,4814715087413788;0,4700374901294708;0,019681619480252266
2985;3569,718994140625;17,193031311035156;67294,4921875;-689,1004638671875;-234,56185913085938;53,988189697265625;1,4770561456680298;0,48371922969818115;0,4825518727302551;0,020274030044674873
2986;3569,718994140625;17,193031311035156;67294,4921875;-701,9701538085938;-240,71693420410156;52,96438217163086;1,4364866018295288;0,47022634744644165;0,47033631801605225;0,019533617421984673
2987;3569,718994140625;17,193031311035156;67294,4921875;-670,0235595703125;-252,93753051757812;44,79738235473633;1,558625340461731;0,5144402384757996;0,5104691386222839;0,021488701924681664
2988;3569,718994140625;17,193031311035156;67294,4921875;-595,0818481445312;-287,4633483886719;46,047203063964844;1,5257701873779297;0,4918542802333832;0,5026385188102722;0,021082667633891106
2989;3569,718994140625;17,193031311035156;67294,4921875;-629,2876586914062;-312,4010314941406;49,67928695678711;1,532621145248413;0,49757152795791626;0,5046748518943787;0,021078191697597504
2990;3569,718994140625;17,193031311035156;67294,4921875;-586,884765625;-316,14794921875;47,33887481689453;1,436668038368225;0,45346948504447937;0,476956307888031;0,01968011073768139
2991;3569,718994140625;17,193031311035156;67294,4921875;-519,5802001953125;-352,7541198730469;47,0497932434082;1,449026107788086;0,46069929003715515;0,48054227232933044;0,019804581999778748
2992;3569,718994140625;17,193031311035156;67294,4921875;-529,6310424804688;-380,4218444824219;42,867435455322266;1,4728851318359375;0,4655929207801819;0,4898028075695038;0,020264573395252228
2993;3569,718994140625;17,193031311035156;67294,4921875;-488,4563903808594;-378,4900207519531;41,737403869628906;1,514543890953064;0,47931259870529175;0,5035321712493896;0,02093130722641945
2994;3569,718994140625;17,193031311035156;67294,4921875;-439,3292236328125;-385,6584777832031;38,54823303222656;1,5614306926727295;0,49223169684410095;0,5203925967216492;0,021786609664559364
2995;3569,718994140625;17,193031311035156;67294,4921875;-475,1824951171875;-440,0236511230469;39,0640983581543;1,5136834383010864;0,4789288640022278;0,5020575523376465;0,020776798948645592
2996;3569,718994140625;17,193031311035156;67294,4921875;-380,09173583984375;-442,3593444824219;34,062232971191406;1,4833139181137085;0,4672967195510864;0,49434980750083923;0,02046172320842743
2997;3569,718994140625;17,193031311035156;67294,4921875;-301,8927307128906;-448,6677551269531;26,671476364135742;1,525597333908081;0,48025962710380554;0,507323682308197;0,021111877635121346
2998;3569,718994140625;17,193031311035156;67294,4921875;-294,76947021484375;-474,18707275390625;26,806915283203125;1,5197885036468506;0,4775811433792114;0,5046684145927429;0,02098000980913639
2999;3569,718994140625;17,193031311035156;67294,4921875;-252,51759338378906;-504,81683349609375;23,83746910095215;1,5508477687835693;0,48728835582733154;0,5153074860572815;0,021578766405582428
