"B1 AOI0";;;;;;;;;;
"Index [1]";"X [mm]";"Y [mm]";"Z [mm]";"U [mm]";"V [mm]";"W [mm]";"Sigma_X [mm]";"Sigma_Y [mm]";"Sigma_Z [mm]";"sigma [pixel]"
0;-180,0595245361328;-230,6667022705078;3657,599853515625;1,2147725494589386e-17;5,4758233808838847e-14;-9,963048181599321e-14;0,33553969860076904;0,12124527245759964;0,09135113656520844;0,008510938845574856
1;-180,0595245361328;-230,6667022705078;3657,599853515625;-0,6916698217391968;0,18709051609039307;0,2804394066333771;0,41722676157951355;0,1523718386888504;0,11422699689865112;0,0046034869737923145
2;-180,0595245361328;-230,6667022705078;3657,599853515625;0,08374204486608505;-0,08671014755964279;-0,09155528247356415;0,47085949778556824;0,17313118278980255;0,12885308265686035;0,006067818030714989
3;-180,0595245361328;-230,6667022705078;3657,599853515625;-0,7527377605438232;0,19601652026176453;0,0037433928810060024;0,4490077793598175;0,16492052376270294;0,12287798523902893;0,0055021862499415874
4;-180,0595245361328;-230,6667022705078;3657,599853515625;0,11028238385915756;-0,01452074758708477;-0,034548960626125336;0,42132359743118286;0,15458445250988007;0,11530501395463943;0,004720184486359358
5;-180,0595245361328;-230,6667022705078;3657,599853515625;0,004886189475655556;0,13881048560142517;-0,14369161427021027;0,4669855237007141;0,17207053303718567;0,12777112424373627;0,005943257361650467
6;-180,0595245361328;-230,6667022705078;3657,599853515625;-0,043947748839855194;0,08065246790647507;-0,14708063006401062;0,4620257616043091;0,1696699857711792;0,12643595039844513;0,005830665118992329
7;-180,0595245361328;-230,6667022705078;3657,599853515625;-0,9733765125274658;0,38917434215545654;-0,01475612260401249;0,48141828179359436;0,1769845336675644;0,13173657655715942;0,006313980091363192
8;-180,0595245361328;-230,6667022705078;3657,599853515625;-0,806349515914917;0,47491124272346497;-0,15901675820350647;0,4719056785106659;0,1731407195329666;0,1291458010673523;0,006072626914829016
9;-180,0595245361328;-230,6667022705078;3657,599853515625;-0,16552545130252838;0,18890222907066345;-0,04761994257569313;0,47538140416145325;0,17515301704406738;0,13007470965385437;0,006137671414762735
10;-180,0595245361328;-230,6667022705078;3657,599853515625;-0,4177844226360321;0,19175902009010315;-0,21362826228141785;0,4954068958759308;0,1825050711631775;0,13555870950222015;0,006638084538280964
11;-180,0595245361328;-230,6667022705078;3657,599853515625;0,020188508555293083;0,1431107372045517;-0,04580825939774513;0,49288055300712585;0,18133443593978882;0,13487964868545532;0,00657839048653841
12;-180,0595245361328;-230,6667022705078;3657,599853515625;-0,3612328767776489;0,0847109779715538;-0,19598321616649628;0,490328311920166;0,18074318766593933;0,134179025888443;0,006496945861726999
13;-180,0595245361328;-230,6667022705078;3657,599853515625;-0,8963634967803955;0,42125222086906433;0,06919874250888824;0,49166542291641235;0,18066388368606567;0,13456618785858154;0,006543833762407303
14;-180,0595245361328;-230,6667022705078;3657,599853515625;-0,9625072479248047;0,5592864751815796;0,11032985895872116;0,5009493231773376;0,1845317929983139;0,1370978206396103;0,00675644027069211
15;-180,0595245361328;-230,6667022705078;3657,599853515625;-0,3837347626686096;0,189256951212883;0,21471112966537476;0,5148653388023376;0,19027593731880188;0,14089125394821167;0,007054127752780914
16;-180,0595245361328;-230,6667022705078;3657,599853515625;-1,3083871603012085;0,6672806739807129;-0,09187070280313492;0,49099966883659363;0,18123352527618408;0,1343814730644226;0,006473901681602001
17;-180,0595245361328;-230,6667022705078;3657,599853515625;-0,7199888229370117;0,36716291308403015;-0,09335678815841675;0,5112228989601135;0,18872493505477905;0,1399182677268982;0,006971849128603935
18;-180,0595245361328;-230,6667022705078;3657,599853515625;-0,4746473431587219;0,15026143193244934;0,13905397057533264;0,5313260555267334;0,19675354659557343;0,14540793001651764;0,007402089424431324
19;-180,0595245361328;-230,6667022705078;3657,599853515625;-1,0624021291732788;0,5092012286186218;0,053738903254270554;0,5309172868728638;0,19650118052959442;0,14530706405639648;0,00739770894870162
20;-180,0595245361328;-230,6667022705078;3657,599853515625;-1,2359944581985474;0,5486517548561096;0,053781796246767044;0,527371346950531;0,19513054192066193;0,14434880018234253;0,007313811220228672
21;-180,0595245361328;-230,6667022705078;3657,599853515625;-1,6227545738220215;0,713733971118927;-0,16154111921787262;0,5245957374572754;0,1939431130886078;0,14360664784908295;0,007258063182234764
22;-180,0595245361328;-230,6667022705078;3657,599853515625;-0,9171873927116394;0,45059141516685486;-0,0583609901368618;0,5211969614028931;0,19262738525867462;0,1426941156387329;0,007177833467721939
23;-180,0595245361328;-230,6667022705078;3657,599853515625;-1,7216434478759766;0,7161468863487244;-0,3119072914123535;0,5331536531448364;0,19716189801692963;0,1459716409444809;0,007451141253113747
24;-180,0595245361328;-230,6667022705078;3657,599853515625;-2,035660982131958;0,8575694561004639;-0,3387053906917572;0,532004177570343;0,19677208364009857;0,1456689089536667;0,007417810149490833
25;-180,0595245361328;-230,6667022705078;3657,599853515625;-1,9099807739257812;0,6944099068641663;-0,3109758198261261;0,5488308668136597;0,20328879356384277;0,15026798844337463;0,0077842785976827145
26;-180,0595245361328;-230,6667022705078;3657,599853515625;-2,092834234237671;0,7121255993843079;-0,2539638876914978;0,5377795100212097;0,19926415383815765;0,1472499817609787;0,007511497475206852
27;-180,0595245361328;-230,6667022705078;3657,599853515625;-2,6309852600097656;0,8834996819496155;-0,2589991092681885;0,5408930778503418;0,20026174187660217;0,14812935888767242;0,007601428776979446
28;-180,0595245361328;-230,6667022705078;3657,599853515625;-1,8428399562835693;0,8368593454360962;-0,037479668855667114;0,5357373952865601;0,19855166971683502;0,14671216905117035;0,00745102483779192
29;-180,0595245361328;-230,6667022705078;3657,599853515625;-2,375112771987915;0,6203361749649048;-0,3008064925670624;0,5513668656349182;0,20414330065250397;0,15102045238018036;0,007842452265322208
30;-180,0595245361328;-230,6667022705078;3657,599853515625;-2,0029125213623047;0,8879725933074951;-0,12714362144470215;0,5611281394958496;0,2078026682138443;0,1537049561738968;0,008061516098678112
31;-180,0595245361328;-230,6667022705078;3657,599853515625;-1,9984580278396606;0,9576359987258911;-0,27563005685806274;0,5590717792510986;0,20739500224590302;0,15312597155570984;0,007971609942615032
32;-180,0595245361328;-230,6667022705078;3657,599853515625;-1,8727140426635742;0,666037380695343;-0,2789369225502014;0,5415223836898804;0,20068080723285675;0,14835059642791748;0,007586336228996515
33;-180,0595245361328;-230,6667022705078;3657,599853515625;-2,0022034645080566;0,7838553190231323;-0,28258460760116577;0,5613771677017212;0,2077561765909195;0,1538325995206833;0,008076117374002934
34;-180,0595245361328;-230,6667022705078;3657,599853515625;-2,1726419925689697;0,9507461190223694;-0,3001895844936371;0,5612474083900452;0,20808720588684082;0,15377436578273773;0,008034911938011646
35;-180,0595245361328;-230,6667022705078;3657,599853515625;-2,443178415298462;0,9631690979003906;-0,5112538933753967;0,5544882416725159;0,20529544353485107;0,15197116136550903;0,007912414148449898
36;-180,0595245361328;-230,6667022705078;3657,599853515625;-2,392683506011963;0,8082225322723389;-0,13308538496494293;0,5664759874343872;0,20963793992996216;0,1552877128124237;0,008191550150513649
37;-180,0595245361328;-230,6667022705078;3657,599853515625;-2,154421329498291;0,7205008864402771;-0,34073811769485474;0,574650764465332;0,21296657621860504;0,15750880539417267;0,008351852186024189
38;-180,0595245361328;-230,6667022705078;3657,599853515625;-2,080176830291748;0,8306904435157776;-0,3592453896999359;0,5732219219207764;0,2123856395483017;0,1571427285671234;0,008326075971126556
39;-180,0595245361328;-230,6667022705078;3657,599853515625;-1,8535881042480469;0,6504348516464233;-0,2831617295742035;0,5642896294593811;0,20893804728984833;0,15473727881908417;0,008138855919241905
40;-180,0595245361328;-230,6667022705078;3657,599853515625;-2,50580096244812;0,7713132500648499;-0,3280656039714813;0,5725424885749817;0,21201293170452118;0,15702177584171295;0,00832307431846857
41;-180,0595245361328;-230,6667022705078;3657,599853515625;-2,440953254699707;0,6447775363922119;-0,3267991244792938;0,5738996863365173;0,21246814727783203;0,15742996335029602;0,008355834521353245
42;-180,0595245361328;-230,6667022705078;3657,599853515625;-2,415661096572876;0,6752524971961975;-0,621934711933136;0,5694347620010376;0,21095970273017883;0,15620116889476776;0,008252506144344807
43;-180,0595245361328;-230,6667022705078;3657,599853515625;-2,0841965675354004;0,4823947548866272;-0,293162077665329;0,5876767635345459;0,21764755249023438;0,1612556278705597;0,008653832599520683
44;-180,0595245361328;-230,6667022705078;3657,599853515625;-1,9402340650558472;0,43866631388664246;-0,07065503299236298;0,595413863658905;0,2204662412405014;0,1634269505739212;0,008814113214612007
45;-180,0595245361328;-230,6667022705078;3657,599853515625;-2,1181881427764893;0,45386606454849243;-0,15715038776397705;0,6006364226341248;0,22264237701892853;0,16483184695243835;0,008930276148021221
46;-180,0595245361328;-230,6667022705078;3657,599853515625;-2,3558108806610107;0,4613259732723236;-0,23027963936328888;0,5977217555046082;0,22129277884960175;0,16417153179645538;0,008834226988255978
47;-180,0595245361328;-230,6667022705078;3657,599853515625;-2,180878162384033;0,4062829315662384;-0,3244818150997162;0,6054568886756897;0,22443082928657532;0,16625164449214935;0,009021731093525887
48;-180,0595245361328;-230,6667022705078;3657,599853515625;-2,0474891662597656;0,14983302354812622;-0,3303532004356384;0,6082851886749268;0,22585271298885345;0,16691447794437408;0,00908663310110569
49;-180,0595245361328;-230,6667022705078;3657,599853515625;-1,7735669612884521;0,45960143208503723;-0,5150560736656189;0,6092600226402283;0,22596357762813568;0,16737452149391174;0,009085383266210556
50;-180,0595245361328;-230,6667022705078;3657,599853515625;-2,2810354232788086;0,2992607057094574;-0,247965469956398;0,6249354481697083;0,23204384744167328;0,17160001397132874;0,009438970126211643
51;-180,0595245361328;-230,6667022705078;3657,599853515625;-1,502539038658142;0,13962259888648987;-0,23861801624298096;0,5944554209709167;0,22065816819667816;0,16338127851486206;0,00876123458147049
52;-180,0595245361328;-230,6667022705078;3657,599853515625;-2,4909846782684326;0,3349516987800598;-0,49547502398490906;0,6184046864509583;0,22977617383003235;0,16987593472003937;0,009296314790844917
53;-180,0595245361328;-230,6667022705078;3657,599853515625;-1,3914114236831665;0,2601122260093689;-0,02364037185907364;0,6233260631561279;0,23171190917491913;0,17124447226524353;0,009398527443408966
54;-180,0595245361328;-230,6667022705078;3657,599853515625;-1,8080048561096191;0,3102171719074249;-0,49921494722366333;0,6355623602867126;0,23636378347873688;0,17464891076087952;0,009643975645303726
55;-180,0595245361328;-230,6667022705078;3657,599853515625;-2,0514116287231445;0,20302166044712067;-0,4425213932991028;0,618111252784729;0,2299947738647461;0,16984818875789642;0,009290119633078575
56;-180,0595245361328;-230,6667022705078;3657,599853515625;-1,1195694208145142;0,39802083373069763;0,06742095202207565;0,6478612422943115;0,24118544161319733;0,17806249856948853;0,009895502589643002
57;-180,0595245361328;-230,6667022705078;3657,599853515625;-1,6687803268432617;0,18887265026569366;-0,36113935708999634;0,6371252536773682;0,23734895884990692;0,17525041103363037;0,009625457227230072
58;-180,0595245361328;-230,6667022705078;3657,599853515625;-1,0999454259872437;0,2366289496421814;-0,06223221495747566;0,6404562592506409;0,23873336613178253;0,1761651188135147;0,009703553281724453
59;-180,0595245361328;-230,6667022705078;3657,599853515625;-1,0092031955718994;0,22908078134059906;-0,2084740847349167;0,6497464776039124;0,24233636260032654;0,1787191480398178;0,009900256991386414
60;-180,0595245361328;-230,6667022705078;3657,599853515625;-2,0344948768615723;0,32602521777153015;-0,4790508449077606;0,6307676434516907;0,23540714383125305;0,17351891100406647;0,009516499936580658
61;-180,0595245361328;-230,6667022705078;3657,599853515625;-0,639806866645813;0,317415714263916;0,3864063322544098;0,6557771563529968;0,24492311477661133;0,18044377863407135;0,010006916709244251
62;-180,0595245361328;-230,6667022705078;3657,599853515625;-1,7576117515563965;0,394612193107605;-0,49245157837867737;0,648829460144043;0,2424597293138504;0,17852619290351868;0,009880364872515202
63;-180,0595245361328;-230,6667022705078;3657,599853515625;-0,8486895561218262;0,15081702172756195;-0,06514808535575867;0,6525791883468628;0,24395206570625305;0,17952431738376617;0,009976821020245552
64;-180,0595245361328;-230,6667022705078;3657,599853515625;-1,3095407485961914;0,12402260303497314;-0,24818454682826996;0,6649251580238342;0,24883639812469482;0,18301481008529663;0,010189693421125412
65;-180,0595245361328;-230,6667022705078;3657,599853515625;-0,6179611086845398;0,48263028264045715;0,21882544457912445;0,6630746722221375;0,2482166886329651;0,18246424198150635;0,010179943405091763
66;-180,0595245361328;-230,6667022705078;3657,599853515625;-1,4492119550704956;0,2301604449748993;0,1528216302394867;0,6699381470680237;0,2509627342224121;0,1843777447938919;0,010313296690583229
67;-180,0595245361328;-230,6667022705078;3657,599853515625;-1,137984037399292;0,28982454538345337;0,15435801446437836;0,6707055568695068;0,2515582740306854;0,18468469381332397;0,010291492566466331
68;-180,0595245361328;-230,6667022705078;3657,599853515625;-0,5827733874320984;0,354112833738327;0,07676821202039719;0,6722924709320068;0,2522081136703491;0,18507738411426544;0,010352804325520992
69;-180,0595245361328;-230,6667022705078;3657,599853515625;-0,3797819912433624;0,4733588695526123;0,09237971901893616;0,6760749816894531;0,2538200616836548;0,1861390620470047;0,010422658175230026
70;-180,0595245361328;-230,6667022705078;3657,599853515625;-0,314066618680954;0,5662529468536377;0,258037805557251;0,6719599366188049;0,25245654582977295;0,18502843379974365;0,01033907849341631
71;-180,0595245361328;-230,6667022705078;3657,599853515625;-0,6364676356315613;0,5731179714202881;0,18602979183197021;0,6798934936523438;0,2554359436035156;0,18715304136276245;0,010528595186769962
72;-180,0595245361328;-230,6667022705078;3657,599853515625;-0,5030737519264221;0,7271895408630371;0,14594480395317078;0,6789550185203552;0,25568687915802;0,18709169328212738;0,010420392267405987
73;-180,0595245361328;-230,6667022705078;3657,599853515625;-0,7548179626464844;0,47460347414016724;0,17047156393527985;0,680986762046814;0,25639569759368896;0,1875694841146469;0,010512209497392178
74;-180,0595245361328;-230,6667022705078;3657,599853515625;-0,7636562585830688;0,5901092886924744;0,27472564578056335;0,6774502396583557;0,2554612457752228;0,1866961121559143;0,01039681863039732
75;-180,0595245361328;-230,6667022705078;3657,599853515625;-0,9490249156951904;0,6809765100479126;0,1313401758670807;0,6819946765899658;0,25696927309036255;0,18781624734401703;0,010558327659964561
76;-180,0595245361328;-230,6667022705078;3657,599853515625;-0,8252640962600708;0,5698756575584412;0,3214852213859558;0,6822121739387512;0,2575208246707916;0,18799908459186554;0,010509271174669266
77;-180,0595245361328;-230,6667022705078;3657,599853515625;-1,0885233879089355;0,7808782458305359;0,09543678909540176;0,6889540553092957;0,26002731919288635;0,18979303538799286;0,010679339058697224
78;-180,0595245361328;-230,6667022705078;3657,599853515625;-1,6524875164031982;0,5096632242202759;0,14980533719062805;0,6970974206924438;0,26348525285720825;0,19212286174297333;0,01080043613910675
79;-180,0595245361328;-230,6667022705078;3657,599853515625;-1,1965371370315552;0,7237718105316162;0,2559104859828949;0,692204475402832;0,26203271746635437;0,19086213409900665;0,010660779662430286
80;-180,0595245361328;-230,6667022705078;3657,599853515625;-0,12305555492639542;0,5306283831596375;0,3032989799976349;0,7152316570281982;0,2704451382160187;0,19706036150455475;0,011193237267434597
81;-180,0595245361328;-230,6667022705078;3657,599853515625;0,5776494145393372;0,3340715765953064;0,40730562806129456;0,6984683871269226;0,26427948474884033;0,19245457649230957;0,010866477154195309
82;-180,0595245361328;-230,6667022705078;3657,599853515625;-0,4995989203453064;0,544196605682373;0,22998817265033722;0,6957683563232422;0,26353704929351807;0,19175806641578674;0,01079484447836876
83;-180,0595245361328;-230,6667022705078;3657,599853515625;-0,13422679901123047;0,6224838495254517;0,27251312136650085;0,7058665156364441;0,26736894249916077;0,19450171291828156;0,011014769785106182
84;-180,0595245361328;-230,6667022705078;3657,599853515625;-0,10894276946783066;0,6008309125900269;0,2778375744819641;0,7225794792175293;0,2742063105106354;0,19922469556331635;0,011279232800006866
85;-180,0595245361328;-230,6667022705078;3657,599853515625;0,0004475281457416713;0,5862025022506714;0,10817808657884598;0,7193992733955383;0,2725496292114258;0,19816753268241882;0,011313117109239101
86;-180,0595245361328;-230,6667022705078;3657,599853515625;0,1577918976545334;0,555563747882843;0,25469309091567993;0,7219787240028381;0,27402886748313904;0,19900664687156677;0,011311521753668785
87;-180,0595245361328;-230,6667022705078;3657,599853515625;-1,0933401584625244;0,42464450001716614;0,14534273743629456;0,7404747605323792;0,28074467182159424;0,2039611041545868;0,011731872335076332
88;-180,0595245361328;-230,6667022705078;3657,599853515625;-0,5215953588485718;0,5176895260810852;0,1290193349123001;0,7258519530296326;0,27494844794273376;0,1998244822025299;0,011494630016386509
89;-180,0595245361328;-230,6667022705078;3657,599853515625;0,16279582679271698;0,763109028339386;0,1625014990568161;0,7560034394264221;0,2867523431777954;0,20820212364196777;0,012050898745656013
90;-180,0595245361328;-230,6667022705078;3657,599853515625;-0,042182911187410355;0,5043339729309082;0,31466811895370483;0,746340274810791;0,28316858410835266;0,20553134381771088;0,011871147900819778
91;-180,0595245361328;-230,6667022705078;3657,599853515625;-0,8202972412109375;0,45684853196144104;0,13423305749893188;0,7512699365615845;0,28524401783943176;0,2069166898727417;0,01195661723613739
92;-180,0595245361328;-230,6667022705078;3657,599853515625;-0,8787170648574829;0,3463771641254425;0,1159897968173027;0,7445356845855713;0,28312453627586365;0,2051585167646408;0,011784473434090614
93;-180,0595245361328;-230,6667022705078;3657,599853515625;-1,300755500793457;0,2508012056350708;0,1593097299337387;0,756315290927887;0,28732994198799133;0,20829372107982635;0,012062112800776958
94;-180,0595245361328;-230,6667022705078;3657,599853515625;-0,13778769969940186;0,24790577590465546;0,2733687460422516;0,7476363182067871;0,2844794988632202;0,2060154676437378;0,011850566603243351
95;-180,0595245361328;-230,6667022705078;3657,599853515625;-1,0201984643936157;0,6091110706329346;0,11460103839635849;0,7603884935379028;0,28908294439315796;0,2094176709651947;0,012141234241425991
96;-180,0595245361328;-230,6667022705078;3657,599853515625;0,2438700944185257;0,7434173822402954;0,33139148354530334;0,7429763078689575;0,28287795186042786;0,20471405982971191;0,011763925664126873
97;-180,0595245361328;-230,6667022705078;3657,599853515625;-1,1997218132019043;0,45242685079574585;0,18129825592041016;0,762769341468811;0,28990381956100464;0,2099982351064682;0,01221980806440115
98;-180,0595245361328;-230,6667022705078;3657,599853515625;-0,23773111402988434;0,5467424988746643;0,14980298280715942;0,7706189155578613;0,29342037439346313;0,2123023271560669;0,01231299713253975
99;-180,0595245361328;-230,6667022705078;3657,599853515625;-0,3866056799888611;0,7407042384147644;0,22598080337047577;0,7598403692245483;0,28914037346839905;0,20924527943134308;0,012140599079430103
100;-180,0595245361328;-230,6667022705078;3657,599853515625;0,32270947098731995;1,0753722190856934;0,32046273350715637;0,7616452574729919;0,28980639576911926;0,209715336561203;0,012186276726424694
101;-180,0595245361328;-230,6667022705078;3657,599853515625;-1,1415319442749023;0,25728198885917664;0,11834850162267685;0,7612272500991821;0,28988882899284363;0,2096496969461441;0,012154885567724705
102;-180,0595245361328;-230,6667022705078;3657,599853515625;-1,1595820188522339;0,27137288451194763;0,3965764045715332;0,7696585655212402;0,29228469729423523;0,2117234617471695;0,012417010962963104
103;-180,0595245361328;-230,6667022705078;3657,599853515625;0,15161508321762085;0,5330248475074768;0,14669255912303925;0,7535507082939148;0,28693661093711853;0,20749369263648987;0,012024173513054848
104;-180,0595245361328;-230,6667022705078;3657,599853515625;-0,20734407007694244;0,4149141013622284;0,28111696243286133;0,7636141777038574;0,2903651297092438;0,21013572812080383;0,012271888554096222
105;-180,0595245361328;-230,6667022705078;3657,599853515625;-0,6010507941246033;0,4138036072254181;0,3841637074947357;0,7765587568283081;0,2950803339481354;0,21362528204917908;0,012547837570309639
106;-180,0595245361328;-230,6667022705078;3657,599853515625;-0,9594647288322449;-0,17009292542934418;0,34000274538993835;0,7735297679901123;0,29396459460258484;0,21279004216194153;0,01248945016413927
107;-180,0595245361328;-230,6667022705078;3657,599853515625;-0,659204363822937;-0,013310178183019161;0,2916872203350067;0,7650554180145264;0,29099416732788086;0,21051980555057526;0,01229988131672144
108;-180,0595245361328;-230,6667022705078;3657,599853515625;-0,8291897773742676;-0,12557807564735413;0,24140170216560364;0,7624501585960388;0,29041019082069397;0,20991195738315582;0,012195926159620285
109;-180,0595245361328;-230,6667022705078;3657,599853515625;-0,7389790415763855;0,2651444673538208;0,28235432505607605;0,7604300379753113;0,2895592153072357;0,20932574570178986;0,012168169021606445
110;-180,0595245361328;-230,6667022705078;3657,599853515625;-0,16554713249206543;0,04995300993323326;0,39943060278892517;0,7580815553665161;0,28875038027763367;0,20869487524032593;0,012107942253351212
111;-180,0595245361328;-230,6667022705078;3657,599853515625;-0,10177987068891525;0,05781801789999008;0,29988545179367065;0,7693594694137573;0,2929089069366455;0,2117615044116974;0,012340790592133999
112;-180,0595245361328;-230,6667022705078;3657,599853515625;-0,49657872319221497;-0,25729840993881226;0,10821545124053955;0,771742045879364;0,2934340536594391;0,2123321294784546;0,012437631376087666
113;-180,0595245361328;-230,6667022705078;3657,599853515625;-0,826524019241333;0,20179951190948486;0,3116286098957062;0,7574785351753235;0,2878988981246948;0,208344966173172;0,012174348346889019
114;-180,0595245361328;-230,6667022705078;3657,599853515625;-1,0048748254776;-0,035860802978277206;0,5718689560890198;0,7607383728027344;0,289236456155777;0,20927326381206512;0,012218138203024864
115;-180,0595245361328;-230,6667022705078;3657,599853515625;-0,20499619841575623;0,04702552407979965;0,2428303211927414;0,7566586136817932;0,28760311007499695;0,20812943577766418;0,012144341133534908
116;-180,0595245361328;-230,6667022705078;3657,599853515625;-1,0144129991531372;-0,19245509803295135;0,5092583894729614;0,7529056668281555;0,2860100567340851;0,20705099403858185;0,012088694609701633
117;-180,0595245361328;-230,6667022705078;3657,599853515625;-0,5877627730369568;-0,09357809275388718;0,33330222964286804;0,7444276809692383;0,28304773569107056;0,20480877161026;0,011872968636453152
118;-180,0595245361328;-230,6667022705078;3657,599853515625;-0,32668930292129517;0,12169884145259857;0,3457206189632416;0,7386985421180725;0,2805774211883545;0,20315344631671906;0,011799302883446217
119;-180,0595245361328;-230,6667022705078;3657,599853515625;-0,49512553215026855;0,06594949960708618;0,450959175825119;0,7503513693809509;0,2846564054489136;0,20625196397304535;0,01206700224429369
120;-180,0595245361328;-230,6667022705078;3657,599853515625;-0,33322975039482117;-0,17753438651561737;0,29856446385383606;0,7408088445663452;0,28109878301620483;0,20366202294826508;0,011860039085149765
121;-180,0595245361328;-230,6667022705078;3657,599853515625;-0,6114057898521423;-0,3049325942993164;0,5203421711921692;0,7258210182189941;0,2754552960395813;0,19957295060157776;0,011545720510184765
122;-180,0595245361328;-230,6667022705078;3657,599853515625;-1,2192811965942383;-0,4716343283653259;0,7974854707717896;0,7300407886505127;0,276991069316864;0,20072956383228302;0,011621074751019478
123;-180,0595245361328;-230,6667022705078;3657,599853515625;-0,41676175594329834;0,06531011313199997;0,29550454020500183;0,7166759371757507;0,2717111110687256;0,19701063632965088;0,011381220072507858
124;-180,0595245361328;-230,6667022705078;3657,599853515625;-1,1013416051864624;-0,23329046368598938;0,6333316564559937;0,7081530690193176;0,26858511567115784;0,19472135603427887;0,011169527657330036
125;-180,0595245361328;-230,6667022705078;3657,599853515625;-1,0681051015853882;-0,40415796637535095;0,4749745726585388;0,7174546718597412;0,27161258459091187;0,1971156746149063;0,011430484242737293
126;-180,0595245361328;-230,6667022705078;3657,599853515625;-1,5408824682235718;-0,5131169557571411;0,6591916084289551;0,7060156464576721;0,26724743843078613;0,1939881443977356;0,01119103655219078
127;-180,0595245361328;-230,6667022705078;3657,599853515625;-0,8931809067726135;-0,4397985339164734;0,37950727343559265;0,6970575451850891;0,2639886140823364;0,19161300361156464;0,010954025201499462
128;-180,0595245361328;-230,6667022705078;3657,599853515625;-1,0551037788391113;-0,26871493458747864;0,4244500994682312;0,6929429769515991;0,2621098756790161;0,190383180975914;0,010921626351773739
129;-180,0595245361328;-230,6667022705078;3657,599853515625;-1,059775710105896;-0,37471404671669006;0,6323804259300232;0,6844087839126587;0,25876501202583313;0,1880265325307846;0,010749810375273228
130;-180,0595245361328;-230,6667022705078;3657,599853515625;-0,7944251894950867;-0,4618929922580719;0,5733116269111633;0,6686988472938538;0,2526090145111084;0,18365126848220825;0,010459749028086662
131;-180,0595245361328;-230,6667022705078;3657,599853515625;-1,2812780141830444;-0,5597413778305054;0,7517923712730408;0,6757712364196777;0,2551136314868927;0,18555359542369843;0,010610338300466537
132;-180,0595245361328;-230,6667022705078;3657,599853515625;-1,2888964414596558;-0,5062081813812256;0,8369875550270081;0,6796935200691223;0,25635167956352234;0,18655891716480255;0,010717176832258701
133;-180,0595245361328;-230,6667022705078;3657,599853515625;-1,5437856912612915;-0,7073130011558533;0,8839632868766785;0,6623494029045105;0,24975666403770447;0,18182803690433502;0,010349626652896404
134;-180,0595245361328;-230,6667022705078;3657,599853515625;-1,0635437965393066;-0,45312511920928955;0,6737486124038696;0,6817104816436768;0,2569740116596222;0,18715332448482513;0,010717857629060745
135;-180,0595245361328;-230,6667022705078;3657,599853515625;-1,5830649137496948;-0,6866463422775269;0,7263649702072144;0,6462023854255676;0,24331311881542206;0,17729030549526215;0,010051684454083443
136;-180,0595245361328;-230,6667022705078;3657,599853515625;-0,7006160616874695;-0,4764443635940552;0,6140257120132446;0,6556639671325684;0,24688856303691864;0,17997992038726807;0,010187682695686817
137;-180,0595245361328;-230,6667022705078;3657,599853515625;-1,3689944744110107;-0,5607541799545288;0,604004979133606;0,644815981388092;0,24260862171649933;0,17693880200386047;0,009994285181164742
138;-180,0595245361328;-230,6667022705078;3657,599853515625;-1,5066654682159424;-0,7061218619346619;0,9815818071365356;0,6375346779823303;0,23969309031963348;0,17488133907318115;0,00986592285335064
139;-180,0595245361328;-230,6667022705078;3657,599853515625;-1,1664478778839111;-0,5015989542007446;0,8664180636405945;0,6255674362182617;0,23504860699176788;0,1715593785047531;0,009628349915146828
140;-180,0595245361328;-230,6667022705078;3657,599853515625;-0,7580487728118896;-0,5822912454605103;0,5126566886901855;0,6290168762207031;0,23624920845031738;0,17255406081676483;0,009667983278632164
141;-180,0595245361328;-230,6667022705078;3657,599853515625;-1,4401017427444458;-0,6463356614112854;1,0784341096878052;0,6251226663589478;0,23463359475135803;0,17142561078071594;0,009609195403754711
142;-180,0595245361328;-230,6667022705078;3657,599853515625;-0,4299106299877167;-0,4375400245189667;0,23078380525112152;0,6027641296386719;0,22611337900161743;0,16531267762184143;0,009126567281782627
143;-180,0595245361328;-230,6667022705078;3657,599853515625;-1,3135532140731812;-0,5614371299743652;1,0050593614578247;0,5864965319633484;0,21988211572170258;0,1608116626739502;0,008794371038675308
144;-180,0595245361328;-230,6667022705078;3657,599853515625;-1,170352578163147;-0,6088242530822754;0,7493028044700623;0,5803720951080322;0,21745102107524872;0,15913036465644836;0,00865690503269434
145;-180,0595245361328;-230,6667022705078;3657,599853515625;-1,1021076440811157;-0,4900699257850647;0,5941855311393738;0,5662010908126831;0,21204128861427307;0,15519121289253235;0,008364813402295113
146;-180,0595245361328;-230,6667022705078;3657,599853515625;-1,1408069133758545;-0,5752543807029724;0,5257874727249146;0,5853314399719238;0,21905086934566498;0,16044896841049194;0,008763911202549934
147;-180,0595245361328;-230,6667022705078;3657,599853515625;-0,8733707070350647;-0,5160887837409973;0,22379343211650848;0,5601771473884583;0,20952273905277252;0,15353037416934967;0,008224847726523876
148;-180,0595245361328;-230,6667022705078;3657,599853515625;-0,5840813517570496;-0,5108868479728699;0,5387184619903564;0,5610437989234924;0,20968952775001526;0,15377232432365417;0,008234238252043724
149;-180,0595245361328;-230,6667022705078;3657,599853515625;-1,1265747547149658;-0,4338628053665161;0,5994275212287903;0,5629187226295471;0,21052294969558716;0,15414568781852722;0,008293227292597294
150;-180,0595245361328;-230,6667022705078;3657,599853515625;-1,0560647249221802;-0,3436414897441864;0,7849322557449341;0,5465722680091858;0,2041553258895874;0,1497257947921753;0,007927986793220043
151;-180,0595245361328;-230,6667022705078;3657,599853515625;-0,778913676738739;-0,32487285137176514;0,508061408996582;0,5398704409599304;0,2015800029039383;0,14786480367183685;0,0077757444232702255
152;-180,0595245361328;-230,6667022705078;3657,599853515625;-0,7111851572990417;-0,5002532601356506;0,5440493822097778;0,535834789276123;0,199729785323143;0,14682020246982574;0,007666050456464291
153;-180,0595245361328;-230,6667022705078;3657,599853515625;-1,0357078313827515;-0,37525856494903564;0,325023889541626;0,5412023067474365;0,2017623633146286;0,14823465049266815;0,007799054961651564
154;-180,0595245361328;-230,6667022705078;3657,599853515625;-0,1116124764084816;-0,43647846579551697;0,2559505105018616;0,5320512056350708;0,19847449660301208;0,14566084742546082;0,007585371844470501
155;-180,0595245361328;-230,6667022705078;3657,599853515625;0,027118554338812828;-0,5335240960121155;-0,04504377394914627;0,5245732069015503;0,19547180831432343;0,14363496005535126;0,0074160294607281685
156;-180,0595245361328;-230,6667022705078;3657,599853515625;-0,4339420199394226;-0,44465330243110657;0,023741593584418297;0,5181839466094971;0,1926998496055603;0,14192812144756317;0,007261429913341999
157;-180,0595245361328;-230,6667022705078;3657,599853515625;-0,48857593536376953;-0,4206223487854004;0,13730528950691223;0,5166417956352234;0,1919878125190735;0,14149902760982513;0,007222070824354887
158;-180,0595245361328;-230,6667022705078;3657,599853515625;-0,8541491627693176;-0,4104475677013397;0,21241262555122375;0,5079253315925598;0,18876971304416656;0,1390758603811264;0,007021924946457148
159;-180,0595245361328;-230,6667022705078;3657,599853515625;-0,6434349417686462;-0,3383948504924774;0,22338344156742096;0,48352742195129395;0,17953971028327942;0,13239450752735138;0,006431853864341974
160;-180,0595245361328;-230,6667022705078;3657,599853515625;-0,1351393461227417;-0,3128831386566162;0,0571981742978096;0,5009469985961914;0,18596410751342773;0,13714605569839478;0,006851158104836941
161;-180,0595245361328;-230,6667022705078;3657,599853515625;-0,6086143851280212;-0,3196362555027008;0,23240558803081512;0,5019429326057434;0,18605771660804749;0,13742975890636444;0,006868905387818813
162;-180,0595245361328;-230,6667022705078;3657,599853515625;-0,10227639973163605;-0,35986489057540894;-0,1645376980304718;0,48423171043395996;0,179229736328125;0,1325877457857132;0,006437809206545353
163;-180,0595245361328;-230,6667022705078;3657,599853515625;-0,2070704996585846;-0,44282442331314087;0,04583878815174103;0,4768083989620209;0,17653082311153412;0,1305307149887085;0,0062559824436903
164;-180,0595245361328;-230,6667022705078;3657,599853515625;-0,5229766964912415;-0,3538905680179596;0,03332601115107536;0,47248902916908264;0,1747342199087143;0,12934930622577667;0,006145450286567211
165;-180,0595245361328;-230,6667022705078;3657,599853515625;-0,8249640464782715;-0,037316128611564636;0,2627815008163452;0,45262235403060913;0,16674071550369263;0,12394774705171585;0,005616487469524145
166;-180,0595245361328;-230,6667022705078;3657,599853515625;-0,5242450833320618;-0,2063141018152237;0,17699651420116425;0,47238460183143616;0,17458242177963257;0,12930092215538025;0,006136408541351557
167;-180,0595245361328;-230,6667022705078;3657,599853515625;-0,2027767449617386;-0,1253582388162613;-0,1426009237766266;0,4722658693790436;0,1740851104259491;0,12928570806980133;0,006121186073869467
168;-180,0595245361328;-230,6667022705078;3657,599853515625;-0,22289952635765076;-0,2101413607597351;-0,29842373728752136;0,45724809169769287;0,16873914003372192;0,12514884769916534;0,005742946173995733
169;-180,0595245361328;-230,6667022705078;3657,599853515625;-0,32529041171073914;-0,1810293048620224;-0,09100651741027832;0,49202942848205566;0,18178535997867584;0,13464444875717163;0,006609823554754257
170;-180,0595245361328;-230,6667022705078;3657,599853515625;-0,3951435983181;-0,22364942729473114;-0,019470086321234703;0,48199719190597534;0,17793911695480347;0,1318984180688858;0,006361392792314291
171;-180,0595245361328;-230,6667022705078;3657,599853515625;-0,1331821233034134;-0,2485702782869339;-0,2914935350418091;0,45792707800865173;0,16868293285369873;0,1253238022327423;0,0057521662674844265
172;-180,0595245361328;-230,6667022705078;3657,599853515625;0,10878664255142212;-0,2954659163951874;-0,4380342960357666;0,4371107518672943;0,16003313660621643;0,11966873705387115;0,00516505865380168
173;-180,0595245361328;-230,6667022705078;3657,599853515625;0,2627562880516052;-0,3998081088066101;-0,30286628007888794;0,328805536031723;0,11886543780565262;0,0900842696428299;0,00030493049416691065
174;-180,0595245361328;-230,6667022705078;3657,599853515625;-0,47598764300346375;-0,17572425305843353;-0,010116576217114925;0,41816046833992004;0,1526491641998291;0,1144854947924614;0,004620630759745836
175;-180,0595245361328;-230,6667022705078;3657,599853515625;0,32877227663993835;-0,46765783429145813;-0,37570446729660034;0,4712902903556824;0,1732841283082962;0,12897086143493652;0,006078473292291164
176;-180,0595245361328;-230,6667022705078;3657,599853515625;-0,5507766604423523;-0,18087570369243622;-0,2755662798881531;0,4500093460083008;0,16531580686569214;0,12314744293689728;0,005528413224965334
177;-180,0595245361328;-230,6667022705078;3657,599853515625;0,3697153925895691;-0,4005979001522064;-0,33373045921325684;0,4204297363758087;0,15422116219997406;0,11506269127130508;0,004696130286902189
178;-180,0595245361328;-230,6667022705078;3657,599853515625;0,2734728455543518;-0,2515055537223816;-0,44845423102378845;0,4654998183250427;0,1715129166841507;0,12736466526985168;0,0059047359973192215
179;-180,0595245361328;-230,6667022705078;3657,599853515625;0,24774034321308136;-0,3158639669418335;-0,46110567450523376;0,4615332782268524;0,1694614142179489;0,12630125880241394;0,005818144418299198
180;-180,0595245361328;-230,6667022705078;3657,599853515625;-0,7055530548095703;0,06649188697338104;-0,3114796578884125;0,4809737801551819;0,17680953443050385;0,13161563873291016;0,006303046364337206
181;-180,0595245361328;-230,6667022705078;3657,599853515625;-0,6020990610122681;0,09128964692354202;-0,45666977763175964;0,4718749523162842;0,17311687767505646;0,12913788855075836;0,006071603856980801
182;-180,0595245361328;-230,6667022705078;3657,599853515625;-0,10058057308197021;-0,08086223155260086;-0,39260992407798767;0,4754464030265808;0,17511782050132751;0,13009455800056458;0,006143338046967983
183;-180,0595245361328;-230,6667022705078;3657,599853515625;-0,27677422761917114;-0,01185853686183691;-0,3563079237937927;0,49621549248695374;0,18283802270889282;0,13577869534492493;0,0066566262394189835
184;-180,0595245361328;-230,6667022705078;3657,599853515625;0,07087262719869614;-0,0064161852933466434;-0,1993132084608078;0,49307915568351746;0,1814166158437729;0,1349337249994278;0,0065830848179757595
185;-180,0595245361328;-230,6667022705078;3657,599853515625;-0,19985584914684296;-0,12820710241794586;-0,33524090051651;0,491569459438324;0,1812259703874588;0,13451427221298218;0,0065265013836324215
186;-180,0595245361328;-230,6667022705078;3657,599853515625;-0,7726134657859802;0,18487460911273956;-0,15837229788303375;0,49263718724250793;0,18102405965328217;0,1348320096731186;0,006567327305674553
187;-180,0595245361328;-230,6667022705078;3657,599853515625;-0,749367356300354;0,31933414936065674;-0,05549520254135132;0,5004972815513611;0,1843443214893341;0,13697482645511627;0,006746233440935612
188;-180,0595245361328;-230,6667022705078;3657,599853515625;-0,16552522778511047;-0,09204662591218948;0,018277009949088097;0,5142381191253662;0,1900641918182373;0,14072327315807343;0,0070371367037296295
189;-180,0595245361328;-230,6667022705078;3657,599853515625;-1,2487411499023438;0,4339609742164612;-0,31426647305488586;0,490982323884964;0,18124020099639893;0,13437126576900482;0,006472162902355194
190;-180,0595245361328;-230,6667022705078;3657,599853515625;-0,5625157952308655;0,11106238514184952;-0,23434948921203613;0,5110561847686768;0,18865437805652618;0,1398729681968689;0,006968440487980843
191;-180,0595245361328;-230,6667022705078;3657,599853515625;-0,2847136855125427;-0,13410533964633942;-0,08108750730752945;0,5322275161743164;0,19708284735679626;0,1456524133682251;0,007424237672239542
192;-180,0595245361328;-230,6667022705078;3657,599853515625;-0,8856959342956543;0,25037717819213867;-0,11341563612222672;0,530915379524231;0,19653263688087463;0,14530515670776367;0,007394513580948114
193;-180,0595245361328;-230,6667022705078;3657,599853515625;-0,9897434115409851;0,250933974981308;-0,13102054595947266;0,5280240774154663;0,19538480043411255;0,14452683925628662;0,0073282900266349316
194;-180,0595245361328;-230,6667022705078;3657,599853515625;-1,484574317932129;0,43930384516716003;-0,42748698592185974;0,524969756603241;0,19409042596817017;0,14370866119861603;0,007266281172633171
195;-180,0595245361328;-230,6667022705078;3657,599853515625;-0,8267781734466553;0,25777968764305115;-0,23403309285640717;0,5208607316017151;0,19248877465724945;0,14259904623031616;0,007170971017330885
196;-180,0595245361328;-230,6667022705078;3657,599853515625;-1,6605117321014404;0,5230290293693542;-0,48174193501472473;0,5329628586769104;0,19709143042564392;0,145917147397995;0,00744661083444953
197;-180,0595245361328;-230,6667022705078;3657,599853515625;-1,834473729133606;0,6084228754043579;-0,5125596523284912;0,5319936275482178;0,1967698335647583;0,14566200971603394;0,007417434360831976
198;-180,0595245361328;-230,6667022705078;3657,599853515625;-1,7184627056121826;0,46970334649086;-0,4855268895626068;0,5489401817321777;0,2033216953277588;0,1502983719110489;0,007787609007209539
199;-180,0595245361328;-230,6667022705078;3657,599853515625;-1,9220525026321411;0,5018983483314514;-0,3511509597301483;0,5378689169883728;0,19930538535118103;0,14727410674095154;0,007512579672038555
200;-180,0595245361328;-230,6667022705078;3657,599853515625;-2,4462904930114746;0,6562852263450623;-0,42143407464027405;0,5406765937805176;0,2001951038837433;0,14806504547595978;0,0075948815792799
201;-180,0595245361328;-230,6667022705078;3657,599853515625;-1,7656779289245605;0,6706883907318115;-0,21692591905593872;0,5358486771583557;0,19857549667358398;0,14674384891986847;0,007456192746758461
202;-180,0595245361328;-230,6667022705078;3657,599853515625;-2,282979726791382;0,3983323872089386;-0,45406848192214966;0,5521810054779053;0,20445045828819275;0,15124297142028809;0,007860776968300343
203;-180,0595245361328;-230,6667022705078;3657,599853515625;-1,9867563247680664;0,7463212013244629;-0,29792913794517517;0,5615090727806091;0,20794886350631714;0,15380890667438507;0,008069770410656929
204;-180,0595245361328;-230,6667022705078;3657,599853515625;-1,7277947664260864;0,6877161264419556;-0,40632784366607666;0,5581197142601013;0,20704416930675507;0,1528649628162384;0,00794899556785822
205;-180,0595245361328;-230,6667022705078;3657,599853515625;-1,7811857461929321;0,47525081038475037;-0,4430041015148163;0,5414072871208191;0,20061245560646057;0,14832143485546112;0,007587228901684284
206;-180,0595245361328;-230,6667022705078;3657,599853515625;-1,8265098333358765;0,5868666172027588;-0,40885233879089355;0,561477780342102;0,20779000222682953;0,15386106073856354;0,008078624494373798
207;-180,0595245361328;-230,6667022705078;3657,599853515625;-1,8892022371292114;0,641140341758728;-0,42857682704925537;0,561221718788147;0,2080773264169693;0,1537676751613617;0,008034361526370049
208;-180,0595245361328;-230,6667022705078;3657,599853515625;-2,3332016468048096;0,7562575936317444;-0,6498129367828369;0,5547878742218018;0,2054121494293213;0,1520525962114334;0,007918736897408962
209;-180,0595245361328;-230,6667022705078;3657,599853515625;-2,055325746536255;0,5727322101593018;-0,30188608169555664;0,5669330358505249;0,20982834696769714;0,15541023015975952;0,008200488984584808
210;-180,0595245361328;-230,6667022705078;3657,599853515625;-2,013535737991333;0,5537226796150208;-0,476888507604599;0,5739920139312744;0,21271125972270966;0,157328799366951;0,00833820179104805
211;-180,0595245361328;-230,6667022705078;3657,599853515625;-1,8365678787231445;0,5861347317695618;-0,45466694235801697;0,573788583278656;0,2126118689775467;0,1572956144809723;0,008337259292602539
212;-180,0595245361328;-230,6667022705078;3657,599853515625;-1,413267731666565;0,3049946427345276;-0,4365621507167816;0,5627040266990662;0,20834556221961975;0,15430358052253723;0,008103674277663231
213;-180,0595245361328;-230,6667022705078;3657,599853515625;-2,3153016567230225;0,6173082590103149;-0,47661712765693665;0,5731062889099121;0,2122155725955963;0,15717975795269012;0,00833585113286972
214;-180,0595245361328;-230,6667022705078;3657,599853515625;-2,276571273803711;0,45450472831726074;-0,4158225357532501;0,5737680792808533;0,21241870522499084;0,15739399194717407;0,008352969773113728
215;-180,0595245361328;-230,6667022705078;3657,599853515625;-2,363103151321411;0,5274980068206787;-0,7622328400611877;0,5684759616851807;0,2106000781059265;0,15594099462032318;0,008231483399868011
216;-180,0595245361328;-230,6667022705078;3657,599853515625;-1,9905074834823608;0,31633976101875305;-0,4371323883533478;0,5873945951461792;0,21753482520580292;0,1611798107624054;0,008647683076560497
217;-180,0595245361328;-230,6667022705078;3657,599853515625;-1,8013453483581543;0,275653600692749;-0,22529752552509308;0,5948202610015869;0,2202494889497757;0,16326496005058289;0,0088017163798213
218;-180,0595245361328;-230,6667022705078;3657,599853515625;-1,7656264305114746;0,1756248027086258;-0,24551190435886383;0,6021214127540588;0,22320125997066498;0,16523616015911102;0,008961987681686878
219;-180,0595245361328;-230,6667022705078;3657,599853515625;-2,269611358642578;0,37848058342933655;-0,36596372723579407;0,5987194180488586;0,22166746854782104;0,16444337368011475;0,008856107480823994
220;-180,0595245361328;-230,6667022705078;3657,599853515625;-1,9066952466964722;0,3648921251296997;-0,42986246943473816;0,6035408973693848;0,22371044754981995;0,16572856903076172;0,008980347774922848
221;-180,0595245361328;-230,6667022705078;3657,599853515625;-1,9270247220993042;0,030361726880073547;-0,43929144740104675;0,6101691722869873;0,22654837369918823;0,1674332618713379;0,009127294644713402
222;-180,0595245361328;-230,6667022705078;3657,599853515625;-2,0415844917297363;0,2947758734226227;-0,5751734375953674;0,6105242371559143;0,2264341413974762;0,16772036254405975;0,009112044237554073
223;-180,0595245361328;-230,6667022705078;3657,599853515625;-2,0893514156341553;0,17287398874759674;-0,3558157682418823;0,6263266801834106;0,2325568050146103;0,17198427021503448;0,009467579424381256
224;-180,0595245361328;-230,6667022705078;3657,599853515625;-1,8389275074005127;0,030812164768576622;-0,3059696853160858;0,5957552790641785;0,22114020586013794;0,1637386977672577;0,008788246661424637
225;-180,0595245361328;-230,6667022705078;3657,599853515625;-2,294135093688965;0,2275482714176178;-0,5699049234390259;0,6189871430397034;0,22998914122581482;0,17003917694091797;0,009307642467319965
226;-180,0595245361328;-230,6667022705078;3657,599853515625;-1,1760839223861694;0,09295690804719925;-0,12390195578336716;0,6229203939437866;0,23155809938907623;0,17113758623600006;0,00938904657959938
227;-180,0595245361328;-230,6667022705078;3657,599853515625;-1,749424934387207;0,19890500605106354;-0,6912402510643005;0,6364399194717407;0,2366892695426941;0,17489197850227356;0,009661350399255753
228;-180,0595245361328;-230,6667022705078;3657,599853515625;-1,7897266149520874;-0,01710323616862297;-0,4779042601585388;0,6163956522941589;0,2293567806482315;0,16937211155891418;0,009255345910787582
229;-180,0595245361328;-230,6667022705078;3657,599853515625;-1,415202260017395;0,22045399248600006;-0,16122066974639893;0,6462596654891968;0,2405885010957718;0,17761461436748505;0,00986538827419281
230;-180,0595245361328;-230,6667022705078;3657,599853515625;-1,6277014017105103;0,060505129396915436;-0,4371923804283142;0,6352008581161499;0,23662865161895752;0,17470984160900116;0,00959269143640995
231;-180,0595245361328;-230,6667022705078;3657,599853515625;-0,8069701194763184;-0,03654821217060089;-0,09685508906841278;0,641694962978363;0,23919564485549927;0,17650729417800903;0,00972777884453535
232;-180,0595245361328;-230,6667022705078;3657,599853515625;-0,822579562664032;-0,05288577452301979;-0,24721990525722504;0,651448667049408;0,24296844005584717;0,17918360233306885;0,009936170652508736
233;-180,0595245361328;-230,6667022705078;3657,599853515625;-1,7248753309249878;0,1440824419260025;-0,594249427318573;0,6356222629547119;0,23722036182880402;0,17485633492469788;0,009614051319658756
234;-180,0595245361328;-230,6667022705078;3657,599853515625;-0,4287649989128113;0,18209496140480042;0,2909448444843292;0,6568819880485535;0,2453525960445404;0,18076451122760773;0,010019974783062935
235;-180,0595245361328;-230,6667022705078;3657,599853515625;-1,8680956363677979;0,18540024757385254;-0,7920509576797485;0,6507458090782166;0,24317163228988647;0,17904959619045258;0,00992044247686863
236;-180,0595245361328;-230,6667022705078;3657,599853515625;-0,5478910803794861;0,006178419571369886;-0,08105452358722687;0,6515626311302185;0,24357645213603973;0,17924858629703522;0,009954980574548244
237;-180,0595245361328;-230,6667022705078;3657,599853515625;-1,272943139076233;0,052654929459095;-0,3836737275123596;0,6646268367767334;0,24872440099716187;0,18293294310569763;0,010183886624872684
238;-180,0595245361328;-230,6667022705078;3657,599853515625;-0,7978101372718811;0,3271029591560364;0,03890223056077957;0,6640793681144714;0,2485937774181366;0,1827414631843567;0,01019964274019003
239;-180,0595245361328;-230,6667022705078;3657,599853515625;-1,3682745695114136;0,097084179520607;-0,007911372929811478;0,6697565913200378;0,25087976455688477;0,18431861698627472;0,010312988422811031
240;-180,0595245361328;-230,6667022705078;3657,599853515625;-0,8732699751853943;0,13008570671081543;0,067548468708992;0,6700634360313416;0,251322478055954;0,18450690805912018;0,010277618654072285
241;-180,0595245361328;-230,6667022705078;3657,599853515625;-0,6309286952018738;0,18030418455600739;-0,09411229193210602;0,674876868724823;0,25319841504096985;0,18579621613025665;0,010399186052381992
242;-180,0595245361328;-230,6667022705078;3657,599853515625;-0,3928483724594116;0,3580549955368042;-0,06266924738883972;0,6789256930351257;0,25491756200790405;0,18694020807743073;0,010472477413713932
243;-180,0595245361328;-230,6667022705078;3657,599853515625;-0,15485958755016327;0,4106595516204834;0,17771653831005096;0,6751381754875183;0,25365549325942993;0,18590682744979858;0,010400835424661636
244;-180,0595245361328;-230,6667022705078;3657,599853515625;-0,2487795054912567;0,3969052731990814;0,16276192665100098;0,6802718043327332;0,25557941198349;0,18725910782814026;0,010535766370594501
245;-180,0595245361328;-230,6667022705078;3657,599853515625;-0,12349972873926163;0,5096905827522278;0,06262240558862686;0,6791360974311829;0,2557544410228729;0,187141552567482;0,010423916392028332
246;-180,0595245361328;-230,6667022705078;3657,599853515625;-0,5569263696670532;0,261327862739563;0,059717416763305664;0,6810794472694397;0,2564338743686676;0,18759648501873016;0,010513327084481716
247;-180,0595245361328;-230,6667022705078;3657,599853515625;-0,43632999062538147;0,3991760015487671;0,22908616065979004;0,6771513223648071;0,25534218549728394;0,18661147356033325;0,010392303578555584
248;-180,0595245361328;-230,6667022705078;3657,599853515625;-0,6252307295799255;0,5645167827606201;0,06487003713846207;0,6800277233123779;0,25625330209732056;0,18728169798851013;0,01051546260714531
249;-180,0595245361328;-230,6667022705078;3657,599853515625;-0,3651966452598572;0,35721150040626526;0,20612579584121704;0,6803399324417114;0,2568081319332123;0,18748138844966888;0,010473833419382572
250;-180,0595245361328;-230,6667022705078;3657,599853515625;-0,8746392130851746;0,5775859355926514;-0,024480542168021202;0,6860302090644836;0,25894635915756226;0,18899571895599365;0,010618234053254128
251;-180,0595245361328;-230,6667022705078;3657,599853515625;-1,490994930267334;0,3062875270843506;-0,050620902329683304;0,7001679539680481;0,2646351456642151;0,1929655224084854;0,010861865244805813
252;-180,0595245361328;-230,6667022705078;3657,599853515625;-1,1254940032958984;0,444955050945282;0,07555553317070007;0,6958184838294983;0,26337921619415283;0,19185136258602142;0,010734932497143745
253;-180,0595245361328;-230,6667022705078;3657,599853515625;0,0323769673705101;0,3706929087638855;0,2545431852340698;0,7185102701187134;0,27167466282844543;0,19796009361743927;0,01125819981098175
254;-180,0595245361328;-230,6667022705078;3657,599853515625;-0,7091839909553528;0,34878262877464294;0,17033833265304565;0,6992761492729187;0,264600545167923;0,1926824003458023;0,010879690758883953
255;-180,0595245361328;-230,6667022705078;3657,599853515625;-0,6098573803901672;0,4837755560874939;0,07592654973268509;0,6962605714797974;0,2637232542037964;0,19189706444740295;0,010804422199726105
256;-180,0595245361328;-230,6667022705078;3657,599853515625;-0,038746267557144165;0,534534215927124;0,12611062824726105;0,7073851823806763;0,2679508626461029;0,19492243230342865;0,011043176986277103
257;-180,0595245361328;-230,6667022705078;3657,599853515625;-0,13857638835906982;0,339397668838501;0,10390068590641022;0,7219671010971069;0,27398860454559326;0,19906064867973328;0,011264799162745476
258;-180,0595245361328;-230,6667022705078;3657,599853515625;0,04547819867730141;0,2716636657714844;-0,1296655535697937;0,7181816697120667;0,27209025621414185;0,19782282412052155;0,011289369314908981
259;-180,0595245361328;-230,6667022705078;3657,599853515625;0,1563279926776886;0,2526763081550598;-0,020417824387550354;0,7214695811271667;0,27382543683052063;0,19884394109249115;0,011303224600851536
260;-180,0595245361328;-230,6667022705078;3657,599853515625;-0,21228890120983124;0,15165002644062042;-0,0025508878752589226;0,7382825016975403;0,27990883588790894;0,20335613191127777;0,011690189130604267
261;-180,0595245361328;-230,6667022705078;3657,599853515625;-0,4791608452796936;0,1637122631072998;-0,07078855484724045;0,7293148040771484;0,2762396037578583;0,20076985657215118;0,011564146727323532
262;-180,0595245361328;-230,6667022705078;3657,599853515625;0,3277050256729126;0,4674694240093231;-0,07225401699542999;0,7602115869522095;0,28834283351898193;0,20935936272144318;0,012132354080677032
263;-180,0595245361328;-230,6667022705078;3657,599853515625;-0,0021873617079108953;0,2167830914258957;0,07786456495523453;0,7499596476554871;0,2845369279384613;0,20652662217617035;0,011941435746848583
264;-180,0595245361328;-230,6667022705078;3657,599853515625;-0,4313693642616272;0,1670614629983902;-0,03939182683825493;0,7535880208015442;0,2861115634441376;0,20755134522914886;0,012002727948129177
265;-180,0595245361328;-230,6667022705078;3657,599853515625;-0,49316564202308655;0,08134697377681732;-0,12043417245149612;0,7450533509254456;0,28333809971809387;0,2053050398826599;0,011792253702878952
266;-180,0595245361328;-230,6667022705078;3657,599853515625;-0,6504271030426025;-0,178953617811203;-0,09961603581905365;0,755702555179596;0,28710290789604187;0,20812669396400452;0,012049607001245022
267;-180,0595245361328;-230,6667022705078;3657,599853515625;-0,05296296626329422;0,018479149788618088;0,10410170257091522;0,74692702293396;0,2842080891132355;0,20580703020095825;0,011837043799459934
268;-180,0595245361328;-230,6667022705078;3657,599853515625;-0,5372002124786377;0,17704777419567108;-0,10681287199258804;0,7593156695365906;0,28868260979652405;0,20912423729896545;0,012119661085307598
269;-180,0595245361328;-230,6667022705078;3657,599853515625;0,2330292910337448;0,3734382092952728;0,03953590616583824;0,7415524125099182;0,2823371887207031;0,2043224573135376;0,011736459098756313
270;-180,0595245361328;-230,6667022705078;3657,599853515625;-0,6969963312149048;0,16654318571090698;-0,03635067865252495;0,7605392336845398;0,28908953070640564;0,2093937247991562;0,012173056602478027
271;-180,0595245361328;-230,6667022705078;3657,599853515625;-0,20675264298915863;0,3194310665130615;-0,10981748253107071;0,7720534801483154;0,2939610779285431;0,21268007159233093;0,01234100479632616
272;-180,0595245361328;-230,6667022705078;3657,599853515625;-0,17433024942874908;0,40157368779182434;-0,08167187124490738;0,7620940804481506;0,2900090515613556;0,2098688930273056;0,01218231488019228
273;-180,0595245361328;-230,6667022705078;3657,599853515625;0,5157797932624817;0,5985404849052429;-0,010868136771023273;0,7650489211082458;0,29106009006500244;0,21064095199108124;0,012256670743227005
274;-180,0595245361328;-230,6667022705078;3657,599853515625;-0,6439453959465027;-0,10056270658969879;-0,13415013253688812;0,7623072862625122;0,29030415415763855;0,2099483460187912;0,012174920178949833
275;-180,0595245361328;-230,6667022705078;3657,599853515625;-0,36189204454421997;0,10276789218187332;0,23961474001407623;0,7700855731964111;0,2924499809741974;0,21184171736240387;0,012424912303686142
276;-180,0595245361328;-230,6667022705078;3657,599853515625;0,5551532506942749;0,21190685033798218;-0,06627015769481659;0,7542323470115662;0,28716331720352173;0,20767207443714142;0,012041563168168068
277;-180,0595245361328;-230,6667022705078;3657,599853515625;-0,36247867345809937;-0,02370731718838215;0,04232762008905411;0,7636595964431763;0,2903863489627838;0,21014940738677979;0,012272320687770844
278;-180,0595245361328;-230,6667022705078;3657,599853515625;-0,025583414360880852;0,12072960287332535;0,11961506307125092;0,7752513289451599;0,2945973575115204;0,21326956152915955;0,012521208263933659
279;-180,0595245361328;-230,6667022705078;3657,599853515625;-0,804628849029541;-0,5003810524940491;0,09331033378839493;0,7725432515144348;0,2935861647129059;0,21251749992370605;0,012470739893615246
280;-180,0595245361328;-230,6667022705078;3657,599853515625;-0,32088637351989746;-0,25875478982925415;0,0821983814239502;0,7643858194351196;0,29071202874183655;0,21032774448394775;0,012290324084460735
281;-180,0595245361328;-230,6667022705078;3657,599853515625;-0,5934163331985474;-0,4257596731185913;-0,04434852674603462;0,764546275138855;0,2911902368068695;0,21051055192947388;0,012238625437021255
282;-180,0595245361328;-230,6667022705078;3657,599853515625;-0,057276174426078796;-0,19322003424167633;-0,04434480518102646;0,7626271843910217;0,2903917133808136;0,20992936193943024;0,012210853397846222
283;-180,0595245361328;-230,6667022705078;3657,599853515625;0,09115719050168991;-0,3582940101623535;0,12014523893594742;0,7603567242622375;0,2895984947681427;0,20932075381278992;0,012154337018728256
284;-180,0595245361328;-230,6667022705078;3657,599853515625;0,09136958420276642;-0,32981008291244507;0,010212603025138378;0,7696155309677124;0,29299184679985046;0,21182768046855927;0,012347900308668613
285;-180,0595245361328;-230,6667022705078;3657,599853515625;-0,3347957134246826;-0,5405291318893433;-0,09339165687561035;0,772933304309845;0,29388540983200073;0,21262988448143005;0,012460879981517792
286;-180,0595245361328;-230,6667022705078;3657,599853515625;-0,6075448989868164;-0,15846771001815796;0,05560460686683655;0,7569225430488586;0,28770285844802856;0,20819666981697083;0,01216158363968134
287;-180,0595245361328;-230,6667022705078;3657,599853515625;-0,4763174057006836;-0,3464454710483551;0,30170345306396484;0,7607851624488831;0,28925812244415283;0,20928730070590973;0,012218446470797062
288;-180,0595245361328;-230,6667022705078;3657,599853515625;-0,06799592077732086;-0,38186514377593994;0,0027888102922588587;0,7565633654594421;0,2875593900680542;0,20810094475746155;0,012143704108893871
289;-180,0595245361328;-230,6667022705078;3657,599853515625;-0,6401547193527222;-0,47214028239250183;0,2511081397533417;0,7522929906845093;0,28577423095703125;0,20688152313232422;0,012077384628355503
290;-180,0595245361328;-230,6667022705078;3657,599853515625;-0,06951235979795456;-0,4347856044769287;0,04329792410135269;0,7440972924232483;0,2829195559024811;0,20471717417240143;0,011867109686136246
291;-180,0595245361328;-230,6667022705078;3657,599853515625;-0,13936243951320648;-0,179404154419899;0,08715701103210449;0,7387976050376892;0,28060421347618103;0,20316964387893677;0,011803003028035164
292;-180,0595245361328;-230,6667022705078;3657,599853515625;-0,4946194291114807;-0,2546488642692566;0,19934283196926117;0,7513512372970581;0,2850300669670105;0,2065250128507614;0,012087308801710606
293;-180,0595245361328;-230,6667022705078;3657,599853515625;-0,7124866247177124;-0,5576099157333374;0,21311061084270477;0,741326093673706;0,2812980115413666;0,20380638539791107;0,011869637295603752
294;-180,0595245361328;-230,6667022705078;3657,599853515625;-1,1803419589996338;-0,7205808162689209;0,432089626789093;0,7264803051948547;0,2757050395011902;0,19975408911705017;0,01155872829258442
295;-180,0595245361328;-230,6667022705078;3657,599853515625;-0,7585093379020691;-0,6740407347679138;0,5229698419570923;0,72957444190979;0,2768234312534332;0,20060503482818604;0,011610344983637333
296;-180,0595245361328;-230,6667022705078;3657,599853515625;-0,2787184715270996;-0,23293578624725342;0,05981495603919029;0,7171832323074341;0,2718891203403473;0,19713550806045532;0,011393994092941284
297;-180,0595245361328;-230,6667022705078;3657,599853515625;-0,973719596862793;-0,49230581521987915;0,3222373425960541;0,7073031663894653;0,2682588994503021;0,19447791576385498;0,01115388609468937
298;-180,0595245361328;-230,6667022705078;3657,599853515625;-1,0685490369796753;-0,6591384410858154;0,294914573431015;0,7165586352348328;0,27128979563713074;0,19687731564044952;0,011410009115934372
299;-180,0595245361328;-230,6667022705078;3657,599853515625;-1,296109676361084;-0,7979323863983154;0,42730897665023804;0,7065141201019287;0,26743629574775696;0,1941252052783966;0,011200882494449615
300;-180,0595245361328;-230,6667022705078;3657,599853515625;-0,571157693862915;-0,7827648520469666;0,19306360185146332;0,6977010369300842;0,26421937346458435;0,19178427755832672;0,010970096103847027
301;-180,0595245361328;-230,6667022705078;3657,599853515625;-0,7588952779769897;-0,538234531879425;0,1718638837337494;0,6927139759063721;0,26202499866485596;0,1903219223022461;0,010916965082287788
302;-180,0595245361328;-230,6667022705078;3657,599853515625;-0,8710795640945435;-0,675593376159668;0,43237000703811646;0,6840053200721741;0,25862032175064087;0,18791989982128143;0,010740215890109539
303;-180,0595245361328;-230,6667022705078;3657,599853515625;-0,7396981716156006;-0,7780531048774719;0,33185797929763794;0,667959988117218;0,252332478761673;0,18344619870185852;0,010444359853863716
304;-180,0595245361328;-230,6667022705078;3657,599853515625;-0,9480931162834167;-0,9168855547904968;0,49599969387054443;0,674903392791748;0,2547869384288788;0,1853213906288147;0,01059300359338522
305;-180,0595245361328;-230,6667022705078;3657,599853515625;-1,0241749286651611;-0,8371579647064209;0,5590844750404358;0,6801866292953491;0,25653985142707825;0,18669059872627258;0,010726665146648884
306;-180,0595245361328;-230,6667022705078;3657,599853515625;-1,4336174726486206;-1,0473719835281372;0,6812152862548828;0,6624420285224915;0,24979422986507416;0,1818537563085556;0,010350832715630531
307;-180,0595245361328;-230,6667022705078;3657,599853515625;-0,7717646360397339;-0,7555275559425354;0,38313430547714233;0,6822800636291504;0,2571929097175598;0,18731224536895752;0,010727624408900738
308;-180,0595245361328;-230,6667022705078;3657,599853515625;-1,5206139087677002;-1,0600388050079346;0,533004105091095;0,6459178924560547;0,2432078868150711;0,1772180050611496;0,010045251809060574
309;-180,0595245361328;-230,6667022705078;3657,599853515625;-0,4439718425273895;-0,8162216544151306;0,30757221579551697;0,6566479802131653;0,24725574254989624;0,18024727702140808;0,010209166444838047
310;-180,0595245361328;-230,6667022705078;3657,599853515625;-1,2327724695205688;-0,8557094931602478;0,3867323398590088;0,6458274126052856;0,24298305809497833;0,17721040546894073;0,01001796592026949
311;-180,0595245361328;-230,6667022705078;3657,599853515625;-1,2213460206985474;-1,0920392274856567;0,6998509764671326;0,6378522515296936;0,23980994522571564;0,17496535181999207;0,009873797185719013
312;-180,0595245361328;-230,6667022705078;3657,599853515625;-1,0727424621582031;-0,8646116852760315;0,6940396428108215;0,6250408887863159;0,2348557859659195;0,17142164707183838;0,009614930488169193
313;-180,0595245361328;-230,6667022705078;3657,599853515625;-0,5429843068122864;-0,8973718881607056;0,2772686779499054;0,6293224692344666;0,23636524379253387;0,17263983190059662;0,009673180989921093
314;-180,0595245361328;-230,6667022705078;3657,599853515625;-1,082798957824707;-0,9937604665756226;0,7665966749191284;0,6247015595436096;0,2344755232334137;0,17130903899669647;0,009601008147001266
315;-180,0595245361328;-230,6667022705078;3657,599853515625;-0,4324132204055786;-0,796224057674408;0,014802101068198681;0,6034888029098511;0,22638539969921112;0,1655072420835495;0,00914387684315443
316;-180,0595245361328;-230,6667022705078;3657,599853515625;-1,1242725849151611;-0,963468611240387;0,7179796695709229;0,5862419009208679;0,2197868674993515;0,16074185073375702;0,008788957260549068
317;-180,0595245361328;-230,6667022705078;3657,599853515625;-0,7644575238227844;-1,048056960105896;0,43760034441947937;0,5804710984230042;0,217487171292305;0,1591598093509674;0,008657941594719887
318;-180,0595245361328;-230,6667022705078;3657,599853515625;-0,8117192387580872;-0,9167423844337463;0,27014338970184326;0,5645092129707336;0,21140563488006592;0,15473055839538574;0,008327139541506767
319;-180,0595245361328;-230,6667022705078;3657,599853515625;-0,8112504482269287;-0,9591898918151855;0,20551107823848724;0,5850176215171814;0,21893593668937683;0,1603609025478363;0,008758215233683586
320;-180,0595245361328;-230,6667022705078;3657,599853515625;-0,6305094957351685;-0,8727994561195374;-0,08248922973871231;0,5597447156906128;0,20936545729637146;0,1534089297056198;0,008216427639126778
321;-180,0595245361328;-230,6667022705078;3657,599853515625;-0,31336453557014465;-0,9358676671981812;0,2100343257188797;0,5608233213424683;0,20960135757923126;0,15371541678905487;0,008227803744375706
322;-180,0595245361328;-230,6667022705078;3657,599853515625;-0,8705012202262878;-0,8829020857810974;0,2748127579689026;0,5614663362503052;0,2099819779396057;0,15374699234962463;0,008260541595518589
323;-180,0595245361328;-230,6667022705078;3657,599853515625;-0,69037264585495;-0,8323268890380859;0,43855372071266174;0,5462234020233154;0,20402002334594727;0,1496315449476242;0,00791993923485279
324;-180,0595245361328;-230,6667022705078;3657,599853515625;-0,5926145911216736;-0,7831099033355713;0,18549713492393494;0,5401238799095154;0,20167624950408936;0,14793415367603302;0,007781499531120062
325;-180,0595245361328;-230,6667022705078;3657,599853515625;-0,3476078510284424;-0,9723256826400757;0,15680108964443207;0,5366114974021912;0,20002131164073944;0,14703227579593658;0,007683601230382919
326;-180,0595245361328;-230,6667022705078;3657,599853515625;-0,8312857747077942;-0,798819899559021;-0,0026324461214244366;0,5424202680587769;0,20221646130084991;0,14856846630573273;0,007826341316103935
327;-180,0595245361328;-230,6667022705078;3657,599853515625;0,0976548120379448;-0,8816352486610413;-0,09920745342969894;0,5325918793678284;0,198670893907547;0,1458098143339157;0,00759835634380579
328;-180,0595245361328;-230,6667022705078;3657,599853515625;0,3787563145160675;-1,0759005546569824;-0,43675947189331055;0,5258602499961853;0,19594553112983704;0,1439797282218933;0,007446133065968752
329;-180,0595245361328;-230,6667022705078;3657,599853515625;-0,17334070801734924;-0,8399514555931091;-0,3521261513233185;0,5206814408302307;0,1936408132314682;0,14260703325271606;0,007319377735257149
330;-180,0595245361328;-230,6667022705078;3657,599853515625;-0,17202846705913544;-0,8489315509796143;-0,23971012234687805;0,5164247751235962;0,19189928472042084;0,14143215119838715;0,007216545287519693
331;-180,0595245361328;-230,6667022705078;3657,599853515625;-0,70158451795578;-0,7983272671699524;-0,07733609527349472;0,5074211955070496;0,18858209252357483;0,13893690705299377;0,0070100524462759495
332;-180,0595245361328;-230,6667022705078;3657,599853515625;-0,42776253819465637;-0,7243950366973877;0,014449956826865673;0,4826835095882416;0,1792147159576416;0,13216495513916016;0,006411327049136162
333;-180,0595245361328;-230,6667022705078;3657,599853515625;0,10307765752077103;-0,7582002878189087;-0,2519814074039459;0,49936243891716003;0,1853688806295395;0,13671322166919708;0,006813333369791508
334;-180,0595245361328;-230,6667022705078;3657,599853515625;-0,4015525281429291;-0,7436978816986084;-0,1366935521364212;0,5014076828956604;0,18585233390331268;0,13728000223636627;0,006856032181531191
335;-180,0595245361328;-230,6667022705078;3657,599853515625;0,13412053883075714;-0,7117454409599304;-0,5080894827842712;0,48444265127182007;0,1793137639760971;0,13264520466327667;0,006443168502300978
336;-180,0595245361328;-230,6667022705078;3657,599853515625;0,03966669738292694;-0,7926872968673706;-0,21563845872879028;0,4764381945133209;0,1763964146375656;0,13042940199375153;0,006246741861104965
337;-180,0595245361328;-230,6667022705078;3657,599853515625;-0,37570950388908386;-0,694220244884491;-0,2754080295562744;0,4733911156654358;0,17507755756378174;0,1295953392982483;0,006168017629534006
338;-180,0595245361328;-230,6667022705078;3657,599853515625;-0,6298927664756775;-0,4115909934043884;-0,08544646203517914;0,4518609941005707;0,1664477288722992;0,12374033778905869;0,005596076603978872
339;-180,0595245361328;-230,6667022705078;3657,599853515625;-0,32504165172576904;-0,4874327480792999;-0,09613310545682907;0,47232043743133545;0,1745547652244568;0,12928204238414764;0,006134849973022938
340;-180,0595245361328;-230,6667022705078;3657,599853515625;0,02427785098552704;-0,45528802275657654;-0,41077446937561035;0,4729464054107666;0,1743684560060501;0,12946918606758118;0,006139701697975397
341;-180,0595245361328;-230,6667022705078;3657,599853515625;-0,03552517294883728;-0,5305895209312439;-0,5410110950469971;0,45800843834877014;0,16902275383472443;0,12535575032234192;0,005762801971286535
342;-180,0595245361328;-230,6667022705078;3657,599853515625;-0,10464031994342804;-0,5419237017631531;-0,35965800285339355;0,4911509156227112;0,18144725263118744;0,13440486788749695;0,006588613614439964
343;-180,0595245361328;-230,6667022705078;3657,599853515625;-0,07971974462270737;-0,6577619910240173;-0,3405621349811554;0,4823746383190155;0,17803120613098145;0,13200430572032928;0,006371296942234039
344;-180,0595245361328;-230,6667022705078;3657,599853515625;0,14356765151023865;-0,6090814471244812;-0,5988430976867676;0,45744678378105164;0,1684805154800415;0,12519291043281555;0,00574004091322422
345;-180,0595245361328;-230,6667022705078;3657,599853515625;0,2572447657585144;-0,643696665763855;-0,7313055992126465;0,4367172420024872;0,1599476933479309;0,11955808103084564;0,005161575973033905
346;-180,0595245361328;-230,6667022705078;3657,599853515625;0,41519924998283386;-0,7504729628562927;-0,5902627110481262;0,3292474150657654;0,11903982609510422;0,09020254760980606;0,00043166583054699004
347;-180,0595245361328;-230,6667022705078;3657,599853515625;-0,1638435274362564;-0,6285302042961121;-0,32851141691207886;0,4186226427555084;0,15276798605918884;0,11461426317691803;0,004625654313713312
348;-180,0595245361328;-230,6667022705078;3657,599853515625;0,5916025042533875;-0,8750350475311279;-0,7235291004180908;0,4711834192276001;0,17324163019657135;0,12894368171691895;0,0060757664032280445
349;-180,0595245361328;-230,6667022705078;3657,599853515625;-0,2466813027858734;-0,6161085367202759;-0,6291773915290833;0,4499085247516632;0,1652735322713852;0,12312287092208862;0,005525823216885328
350;-180,0595245361328;-230,6667022705078;3657,599853515625;0,6930252313613892;-0,8877130150794983;-0,6872661113739014;0,41929033398628235;0,1537700891494751;0,11475121229887009;0,004664232023060322
351;-180,0595245361328;-230,6667022705078;3657,599853515625;0,6132455468177795;-0,7211670875549316;-0,7917139530181885;0,4656726121902466;0,17161357402801514;0,12741269171237946;0,005906559992581606
352;-180,0595245361328;-230,6667022705078;3657,599853515625;0,5499832034111023;-0,8000870943069458;-0,8384236097335815;0,46282264590263367;0,1699610948562622;0,12665405869483948;0,005851122550666332
353;-180,0595245361328;-230,6667022705078;3657,599853515625;-0,5149913430213928;-0,4063691198825836;-0,6922337412834167;0,4804885983467102;0,17664317786693573;0,1314820945262909;0,006291057914495468
354;-180,0595245361328;-230,6667022705078;3657,599853515625;-0,297955721616745;-0,3635459840297699;-0,8283820152282715;0,4720763862133026;0,17318817973136902;0,12919433414936066;0,006076538469642401
355;-180,0595245361328;-230,6667022705078;3657,599853515625;0,26497718691825867;-0,5736166834831238;-0,7035866975784302;0,47531792521476746;0,17503376305103302;0,13006074726581573;0,006142285652458668
356;-180,0595245361328;-230,6667022705078;3657,599853515625;0,03896030783653259;-0,5949802398681641;-0,8489826321601868;0,4958835542201996;0,182717964053154;0,13568784296512604;0,006648409180343151
357;-180,0595245361328;-230,6667022705078;3657,599853515625;0,4290691912174225;-0,6238789558410645;-0,6873222589492798;0,4930160939693451;0,1814044564962387;0,1349160522222519;0,006581349764019251
358;-180,0595245361328;-230,6667022705078;3657,599853515625;0,27092161774635315;-0,7807446122169495;-0,7965703010559082;0,49200743436813354;0,1813802272081375;0,13463328778743744;0,006537913344800472
359;-180,0595245361328;-230,6667022705078;3657,599853515625;-0,4251405894756317;-0,42105910181999207;-0,6384828686714172;0,49340617656707764;0,18130841851234436;0,13504239916801453;0,0065858857706189156
360;-180,0595245361328;-230,6667022705078;3657,599853515625;-0,41195860505104065;-0,26679664850234985;-0,5005983710289001;0,5001891851425171;0,1842035949230194;0,1369001567363739;0,006739696953445673
361;-180,0595245361328;-230,6667022705078;3657,599853515625;0,16897401213645935;-0,6755903363227844;-0,46936333179473877;0,5139918327331543;0,18994897603988647;0,14065219461917877;0,007033167872577906
362;-180,0595245361328;-230,6667022705078;3657,599853515625;-0,8499696850776672;-0,16213425993919373;-0,7841145992279053;0,49168312549591064;0,1815156638622284;0,13456225395202637;0,006488431245088577
363;-180,0595245361328;-230,6667022705078;3657,599853515625;-0,2862136960029602;-0,4100344181060791;-0,6865748167037964;0,5103777647018433;0,18838651478290558;0,13968800008296967;0,006953167263418436
364;-180,0595245361328;-230,6667022705078;3657,599853515625;0,02569335326552391;-0,6587393283843994;-0,5673940181732178;0,5320112109184265;0,19696871936321259;0,14559459686279297;0,0074224648997187614
365;-180,0595245361328;-230,6667022705078;3657,599853515625;-0,49066558480262756;-0,32809045910835266;-0,5366761088371277;0,5315479636192322;0,19679532945156097;0,1454770714044571;0,007406842429190874
366;-180,0595245361328;-230,6667022705078;3657,599853515625;-0,6213936805725098;-0,2945052981376648;-0,5712383389472961;0,5287896990776062;0,19569247961044312;0,14473536610603333;0,0073443083092570305
367;-180,0595245361328;-230,6667022705078;3657,599853515625;-1,1808414459228516;-0,06987845152616501;-0,8134310245513916;0,5245559215545654;0,19395440816879272;0,14359553158283234;0,007254804950207472
368;-180,0595245361328;-230,6667022705078;3657,599853515625;-0,4937134087085724;-0,268572062253952;-0,6348257064819336;0,520875871181488;0,19250743091106415;0,14260181784629822;0,007170213386416435
369;-180,0595245361328;-230,6667022705078;3657,599853515625;-1,3984988927841187;0,04973507672548294;-0,9091411232948303;0,5322812795639038;0,1968185007572174;0,14573152363300323;0,007432213053107262
370;-180,0595245361328;-230,6667022705078;3657,599853515625;-1,5966532230377197;0,15767140686511993;-0,8882381916046143;0,5316184163093567;0,1966392695903778;0,14555878937244415;0,007407735101878643
371;-180,0595245361328;-230,6667022705078;3657,599853515625;-1,3224601745605469;-0,10712157934904099;-0,8511785268783569;0,5495213270187378;0,2035299390554428;0,1504579484462738;0,007801864296197891
372;-180,0595245361328;-230,6667022705078;3657,599853515625;-1,4059392213821411;-0,11029937118291855;-0,745586633682251;0,5387164950370789;0,1996147781610489;0,14750643074512482;0,0075335088185966015
373;-180,0595245361328;-230,6667022705078;3657,599853515625;-2,1554477214813232;0,18781162798404694;-0,779220700263977;0,5411137938499451;0,20037201046943665;0,1481837034225464;0,007603579666465521
374;-180,0595245361328;-230,6667022705078;3657,599853515625;-1,396509051322937;0,1646844744682312;-0,5897578001022339;0,535791277885437;0,19853205978870392;0,14673185348510742;0,007457893807440996
375;-180,0595245361328;-230,6667022705078;3657,599853515625;-1,9673869609832764;-0,0661308616399765;-0,8183967471122742;0,5524083375930786;0,20452725887298584;0,15130922198295593;0,007866737432777882
376;-180,0595245361328;-230,6667022705078;3657,599853515625;-1,6588276624679565;0,29628944396972656;-0,6371244788169861;0,561991274356842;0,20812363922595978;0,15394124388694763;0,008081130683422089
377;-180,0595245361328;-230,6667022705078;3657,599853515625;-1,5035603046417236;0,2420438975095749;-0,7652492523193359;0,556860625743866;0,2065785527229309;0,15251989662647247;0,007919294759631157
378;-180,0595245361328;-230,6667022705078;3657,599853515625;-1,5232956409454346;0,051223404705524445;-0,776622474193573;0,5408607721328735;0,20038343966007233;0,14817430078983307;0,007577888667583466
379;-180,0595245361328;-230,6667022705078;3657,599853515625;-1,6259821653366089;0,18480989336967468;-0,7641760110855103;0,5609816312789917;0,20759151875972748;0,15372654795646667;0,008068457245826721
380;-180,0595245361328;-230,6667022705078;3657,599853515625;-1,6638810634613037;0,2638549208641052;-0,7505823969841003;0,5606666803359985;0,20785674452781677;0,15361692011356354;0,008023478090763092
381;-180,0595245361328;-230,6667022705078;3657,599853515625;-2,020364761352539;0,329276442527771;-0,9352136850357056;0,5551128387451172;0,20554280281066895;0,15213392674922943;0,007925255224108696
382;-180,0595245361328;-230,6667022705078;3657,599853515625;-2,0232386589050293;0,26732081174850464;-0,6160388588905334;0,5668137669563293;0,2098047137260437;0,1553749144077301;0,008196533657610416
383;-180,0595245361328;-230,6667022705078;3657,599853515625;-1,727749228477478;0,17677265405654907;-0,7731813192367554;0,5740181803703308;0,21271641552448273;0,15733753144741058;0,008339176885783672
384;-180,0595245361328;-230,6667022705078;3657,599853515625;-1,5583186149597168;0,17589940130710602;-0,7350291013717651;0,5735902786254883;0,21254651248455048;0,15723967552185059;0,008332054130733013
385;-180,0595245361328;-230,6667022705078;3657,599853515625;-1,7356479167938232;0,20313280820846558;-0,7903013229370117;0,5631127953529358;0,20848731696605682;0,15441414713859558;0,008113497868180275
386;-180,0595245361328;-230,6667022705078;3657,599853515625;-1,964242696762085;0,1801060289144516;-0,6725881099700928;0,5730119347572327;0,2121831625699997;0,15715108811855316;0,008333634585142136
387;-180,0595245361328;-230,6667022705078;3657,599853515625;-1,829605221748352;-0,10548520088195801;-0,778278648853302;0,5736892819404602;0,2123997062444687;0,15737134218215942;0,008350957185029984
388;-180,0595245361328;-230,6667022705078;3657,599853515625;-1,7309526205062866;-0,06689263135194778;-1,1246142387390137;0,5673540234565735;0,21018590033054352;0,15563257038593292;0,008206459693610668
389;-180,0595245361328;-230,6667022705078;3657,599853515625;-1,561350703239441;-0,2990524470806122;-0,8233112096786499;0,5858381986618042;0,21696069836616516;0,16075189411640167;0,008614161983132362
390;-180,0595245361328;-230,6667022705078;3657,599853515625;-1,3529735803604126;-0,23492856323719025;-0,6311942934989929;0,5939935445785522;0,21993722021579742;0,1630396544933319;0,008783796802163124
391;-180,0595245361328;-230,6667022705078;3657,599853515625;-1,484778642654419;-0,3099203407764435;-0,6747525334358215;0,6025140881538391;0,22334420680999756;0,16534633934497833;0,008970338851213455
392;-180,0595245361328;-230,6667022705078;3657,599853515625;-1,6823899745941162;-0,21636471152305603;-0,7223330140113831;0,5987096428871155;0,22164680063724518;0,1644466519355774;0,008852623403072357
393;-180,0595245361328;-230,6667022705078;3657,599853515625;-1,6822035312652588;-0,28049713373184204;-0,8144125938415527;0,6030424237251282;0,22351965308189392;0,16559427976608276;0,008969167247414589
394;-180,0595245361328;-230,6667022705078;3657,599853515625;-1,6447292566299438;-0,38308048248291016;-0,8531421422958374;0,6105738282203674;0,22670312225818634;0,16754209995269775;0,009135566651821136
395;-180,0595245361328;-230,6667022705078;3657,599853515625;-1,4194526672363281;-0,28874701261520386;-0,937831699848175;0,6097663044929504;0,22615839540958405;0,1675100475549698;0,009097645990550518
396;-180,0595245361328;-230,6667022705078;3657,599853515625;-1,638091802597046;-0,367344468832016;-0,7548671960830688;0,6273031234741211;0,23292149603366852;0,17225117981433868;0,009488146752119064
397;-180,0595245361328;-230,6667022705078;3657,599853515625;-0,9745320677757263;-0,6496592164039612;-0,6513261795043945;0,5948006510734558;0,22078973054885864;0,16347277164459229;0,008770007640123367
398;-180,0595245361328;-230,6667022705078;3657,599853515625;-1,9615089893341064;-0,3557198941707611;-1,0275678634643555;0,6176432967185974;0,2294922173023224;0,16966736316680908;0,009280309081077576
399;-180,0595245361328;-230,6667022705078;3657,599853515625;-0,8447315692901611;-0,40081852674484253;-0,5177052021026611;0,6211094260215759;0,23088569939136505;0,17063817381858826;0,009351898916065693
400;-180,0595245361328;-230,6667022705078;3657,599853515625;-1,3918638229370117;-0,3417609632015228;-1,1220498085021973;0,6335771083831787;0,23562566936016083;0,17410188913345337;0,009603767655789852
401;-180,0595245361328;-230,6667022705078;3657,599853515625;-1,2976100444793701;-0,5654870867729187;-0,8816378712654114;0,6159642934799194;0,22919516265392303;0,16925886273384094;0,009245242923498154
402;-180,0595245361328;-230,6667022705078;3657,599853515625;-0,47276467084884644;-0,32487213611602783;-0,474423348903656;0,6471540927886963;0,2409215122461319;0,17786577343940735;0,009881872683763504
403;-180,0595245361328;-230,6667022705078;3657,599853515625;-0,836621880531311;-0,6283822059631348;-0,8613471388816833;0,6369130611419678;0,2372683584690094;0,17518849670886993;0,009623083285987377
404;-180,0595245361328;-230,6667022705078;3657,599853515625;-0,764670193195343;-0,4267648160457611;-0,5799769163131714;0,6431286931037903;0,23972807824611664;0,17689856886863708;0,009758086875081062
405;-180,0595245361328;-230,6667022705078;3657,599853515625;-0,5663114786148071;-0,5703354477882385;-0,7636927366256714;0,6515092253684998;0,24299199879169464;0,1792021095752716;0,009936525486409664
406;-180,0595245361328;-230,6667022705078;3657,599853515625;-1,261012315750122;-0,4430035352706909;-0,9847404956817627;0,6343122124671936;0,23672817647457123;0,1744925081729889;0,009589001536369324
407;-180,0595245361328;-230,6667022705078;3657,599853515625;-0,21778221428394318;-0,23427262902259827;-0,18267863988876343;0,6542580723762512;0,24436882138252258;0,1800392121076584;0,009969456121325493
408;-180,0595245361328;-230,6667022705078;3657,599853515625;-1,1025358438491821;-0,41537249088287354;-0,9912319183349609;0,6482253074645996;0,2422264814376831;0,17835544049739838;0,009871157817542553
409;-180,0595245361328;-230,6667022705078;3657,599853515625;-0,23555850982666016;-0,49798765778541565;-0,5504637956619263;0,6511024832725525;0,2434040904045105;0,1791221648454666;0,009945708326995373
410;-180,0595245361328;-230,6667022705078;3657,599853515625;-0,4550864100456238;-0,659659743309021;-0,8506251573562622;0,6660231351852417;0,24924343824386597;0,18331478536128998;0,010212547145783901
411;-180,0595245361328;-230,6667022705078;3657,599853515625;-0,2182280570268631;-0,16135218739509583;-0,2746019959449768;0,6635720133781433;0,248408704996109;0,1826050579547882;0,010188136249780655
412;-180,0595245361328;-230,6667022705078;3657,599853515625;-1,0098503828048706;-0,4670660197734833;-0,4080827534198761;0,670520007610321;0,2511677145957947;0,18453086912631989;0,010327809490263462
413;-180,0595245361328;-230,6667022705078;3657,599853515625;-0,6381614208221436;-0,395677387714386;-0,36870819330215454;0,6708697080612183;0,251619815826416;0,18472985923290253;0,010294774547219276
414;-180,0595245361328;-230,6667022705078;3657,599853515625;-0,01718616485595703;-0,30548903346061707;-0,4379241168498993;0,6742980480194092;0,2529769241809845;0,18563486635684967;0,010388609953224659
415;-180,0595245361328;-230,6667022705078;3657,599853515625;0,032846979796886444;-0,13903026282787323;-0,43275246024131775;0,6787387728691101;0,2548563778400421;0,18689699470996857;0,010466514155268669
416;-180,0595245361328;-230,6667022705078;3657,599853515625;0,26418495178222656;-0,14126905798912048;-0,3127281665802002;0,6749645471572876;0,25357404351234436;0,1858481764793396;0,010400885716080666
417;-180,0595245361328;-230,6667022705078;3657,599853515625;0,11884532868862152;-0,20507027208805084;-0,2713104784488678;0,679925262928009;0,2554427683353424;0,1871597170829773;0,010529868304729462
418;-180,0595245361328;-230,6667022705078;3657,599853515625;-0,008728905580937862;0,04550827294588089;-0,37356701493263245;0,6787876486778259;0,2556140720844269;0,18704074621200562;0,010419432073831558
419;-180,0595245361328;-230,6667022705078;3657,599853515625;-0,46569252014160156;-0,2518071234226227;-0,4470820128917694;0,6809836626052856;0,25638774037361145;0,18756021559238434;0,01051345095038414
420;-180,0595245361328;-230,6667022705078;3657,599853515625;0,005922276992350817;-0,14776380360126495;-0,23587727546691895;0,6759681701660156;0,2548912763595581;0,1862841099500656;0,010370246134698391
421;-180,0595245361328;-230,6667022705078;3657,599853515625;0,02507821097970009;-0,08155501633882523;-0,36423295736312866;0,6819280982017517;0,257001131772995;0,18781962990760803;0,010547499172389507
422;-180,0595245361328;-230,6667022705078;3657,599853515625;-0,15378756821155548;-0,18558718264102936;-0,20853453874588013;0,6825615763664246;0,25763413310050964;0,18808899819850922;0,01051961351186037
423;-180,0595245361328;-230,6667022705078;3657,599853515625;-0,5781871676445007;0,14749406278133392;-0,4494549632072449;0,6889357566833496;0,26003605127334595;0,18979378044605255;0,01067621074616909
424;-180,0595245361328;-230,6667022705078;3657,599853515625;-0,988292932510376;-0,2890259027481079;-0,41882872581481934;0,6990672945976257;0,26420220732688904;0,192656472325325;0,010843719355762005
425;-180,0595245361328;-230,6667022705078;3657,599853515625;-0,9238997101783752;-0,1129404827952385;-0,3434259593486786;0,6959019303321838;0,2634027302265167;0,19186849892139435;0,010738098993897438
426;-180,0595245361328;-230,6667022705078;3657,599853515625;0,32867246866226196;-0,14226263761520386;-0,22032397985458374;0,7180694341659546;0,2715129554271698;0,1978403776884079;0,01124879252165556
427;-180,0595245361328;-230,6667022705078;3657,599853515625;0,6598085761070251;-0,47165611386299133;-0,24214118719100952;0,6980178356170654;0,2641296982765198;0,1923375129699707;0,010854324325919151
428;-180,0595245361328;-230,6667022705078;3657,599853515625;-0,188303604722023;-0,05167509242892265;-0,2870665490627289;0,6945009827613831;0,2630489766597748;0,19140712916851044;0,010771336033940315
429;-180,0595245361328;-230,6667022705078;3657,599853515625;0,6237491369247437;-0,07958715409040451;-0,26960763335227966;0,7057279348373413;0,2673342525959015;0,19446751475334167;0,01100927870720625
430;-180,0595245361328;-230,6667022705078;3657,599853515625;0,1939973086118698;-0,218468576669693;-0,36190274357795715;0,7195691466331482;0,2730906903743744;0,19840645790100098;0,011216605082154274
431;-180,0595245361328;-230,6667022705078;3657,599853515625;0,2374071478843689;-0,2683897912502289;-0,5890756845474243;0,7197480797767639;0,27268296480178833;0,1982625126838684;0,01131969504058361
432;-180,0595245361328;-230,6667022705078;3657,599853515625;-0,3555343747138977;-0,08156406134366989;-0,43101590871810913;0,7247828245162964;0,27508649230003357;0,19976471364498138;0,011366226710379124
433;-180,0595245361328;-230,6667022705078;3657,599853515625;-0,008864251896739006;-0,4313463270664215;-0,4507684111595154;0,7417547702789307;0,2812110483646393;0,2043081820011139;0,011758929118514061
434;-180,0595245361328;-230,6667022705078;3657,599853515625;-0,19422626495361328;-0,22385558485984802;-0,4616789221763611;0,7304461598396301;0,2766686975955963;0,20108161866664886;0,011586019769310951
435;-180,0595245361328;-230,6667022705078;3657,599853515625;0,8993365168571472;-0,001162789878435433;-0,42373910546302795;0,7612833380699158;0,28874313831329346;0,20964676141738892;0,012153753079473972
436;-180,0595245361328;-230,6667022705078;3657,599853515625;-0,04936029389500618;-0,07339798659086227;-0,24234126508235931;0,7501366138458252;0,28462615609169006;0,20658539235591888;0,011942263692617416
437;-180,0595245361328;-230,6667022705078;3657,599853515625;-0,15747857093811035;-0,2671557366847992;-0,4390816390514374;0,7530167698860168;0,2858773171901703;0,20738893747329712;0,01199385430663824
438;-180,0595245361328;-230,6667022705078;3657,599853515625;-0,3821510076522827;-0,4579416513442993;-0,5404618382453918;0,7443913817405701;0,28307589888572693;0,20511959493160248;0,011781001463532448
439;-180,0595245361328;-230,6667022705078;3657,599853515625;-0,09371104836463928;-0,6051575541496277;-0,45217055082321167;0,7534027695655823;0,2862245440483093;0,20749211311340332;0,012005994096398354
440;-180,0595245361328;-230,6667022705078;3657,599853515625;0,8706948161125183;-0,6176857948303223;-0,2826958894729614;0,7460923790931702;0,28390735387802124;0,2055819183588028;0,011818643659353256
441;-180,0595245361328;-230,6667022705078;3657,599853515625;-0,2288403958082199;-0,2606694996356964;-0,4639693796634674;0,7598459720611572;0,28890109062194824;0,2092752605676651;0,01212768629193306
442;-180,0595245361328;-230,6667022705078;3657,599853515625;0,6356000304222107;-0,07770710438489914;-0,3091388940811157;0,7443822026252747;0,28339365124702454;0,2050960510969162;0,01179360132664442
443;-180,0595245361328;-230,6667022705078;3657,599853515625;-0,3193773329257965;-0,2890087962150574;-0,37730109691619873;0,7646733522415161;0,29064029455184937;0,21052613854408264;0,012254836969077587
444;-180,0595245361328;-230,6667022705078;3657,599853515625;0,12395062297582626;-0,13296057283878326;-0,4012908339500427;0,7717140913009644;0,293830543756485;0,21258628368377686;0,012334713712334633
445;-180,0595245361328;-230,6667022705078;3657,599853515625;-0,05026780441403389;-0,06517164409160614;-0,4277840852737427;0,7623533606529236;0,2901322543621063;0,20994745194911957;0,01218417938798666
446;-180,0595245361328;-230,6667022705078;3657,599853515625;1,216305136680603;0,1265229433774948;-0,29870548844337463;0,7655799984931946;0,2912350296974182;0,21077947318553925;0,012270106934010983
447;-180,0595245361328;-230,6667022705078;3657,599853515625;-0,3148801028728485;-0,459713876247406;-0,4666922688484192;0,7620064616203308;0,29020437598228455;0,20986975729465485;0,012167145498096943
448;-180,0595245361328;-230,6667022705078;3657,599853515625;-0,10047566890716553;-0,5273389220237732;-0,17420591413974762;0,769034206867218;0,2920701205730438;0,2115582376718521;0,012402825988829136
449;-180,0595245361328;-230,6667022705078;3657,599853515625;0,9751483201980591;-0,15554527938365936;-0,4089999794960022;0,7536999583244324;0,28697142004966736;0,20752860605716705;0,01202990673482418
450;-180,0595245361328;-230,6667022705078;3657,599853515625;0,026223866268992424;-0,5235666036605835;-0,36617815494537354;0,7614863514900208;0,2895829379558563;0,20955778658390045;0,012227799743413925
451;-180,0595245361328;-230,6667022705078;3657,599853515625;0,3885314464569092;-0,5454677939414978;-0,2692931592464447;0,7751973271369934;0,29459890723228455;0,21326112747192383;0,012517840601503849
452;-180,0595245361328;-230,6667022705078;3657,599853515625;-0,27235251665115356;-1,0947831869125366;-0,33969536423683167;0,7742887139320374;0,2942458689212799;0,21299660205841064;0,01250474527478218
453;-180,0595245361328;-230,6667022705078;3657,599853515625;0,0338173545897007;-0,8850774168968201;-0,334536075592041;0,76801997423172;0,2920532524585724;0,21131597459316254;0,012365133501589298
454;-180,0595245361328;-230,6667022705078;3657,599853515625;-0,355869859457016;-1,1033238172531128;-0,4062930643558502;0,765931248664856;0,2916969954967499;0,21085916459560394;0,0122682461515069
455;-180,0595245361328;-230,6667022705078;3657,599853515625;-0,0374339260160923;-0,5936252474784851;-0,3367547392845154;0,7625625133514404;0,2903522551059723;0,20990733802318573;0,012211788445711136
456;-180,0595245361328;-230,6667022705078;3657,599853515625;0,41897454857826233;-0,7731893658638;-0,3193891942501068;0,7603227496147156;0,2895749807357788;0,20930828154087067;0,01215533446520567
457;-180,0595245361328;-230,6667022705078;3657,599853515625;0,9738873243331909;-0,7909961342811584;-0,371878057718277;0,7698835730552673;0,29307395219802856;0,21188831329345703;0,012356034480035305
458;-180,0595245361328;-230,6667022705078;3657,599853515625;-0,08117029815912247;-1,049741268157959;-0,44146573543548584;0,7731953263282776;0,29396191239356995;0,21269503235816956;0,012469015084207058
459;-180,0595245361328;-230,6667022705078;3657,599853515625;0,31392544507980347;-0,9989879727363586;-0,3230234980583191;0,7552564740180969;0,2871195077896118;0,20775343477725983;0,01212267205119133
460;-180,0595245361328;-230,6667022705078;3657,599853515625;-0,3648454248905182;-0,8816456198692322;-0,08602184802293777;0,7605753540992737;0,2891704738140106;0,20922710001468658;0,012215539813041687
461;-180,0595245361328;-230,6667022705078;3657,599853515625;0,19519741833209991;-0,8314484357833862;-0,35917210578918457;0,758085310459137;0,2881063222885132;0,20850977301597595;0,012177691794931889
462;-180,0595245361328;-230,6667022705078;3657,599853515625;-0,6721276640892029;-1,0427358150482178;-0,09579291939735413;0,7540335655212402;0,28641897439956665;0,2073550820350647;0,012113337405025959
463;-180,0595245361328;-230,6667022705078;3657,599853515625;0,40823739767074585;-0,9703539609909058;-0,3708362579345703;0,7453030347824097;0,2833784818649292;0,20504893362522125;0,011890220455825329
464;-180,0595245361328;-230,6667022705078;3657,599853515625;0,11468186229467392;-0,6565829515457153;-0,35465100407600403;0,7384307384490967;0,28047502040863037;0,20307528972625732;0,011794310063123703
465;-180,0595245361328;-230,6667022705078;3657,599853515625;0,5218364000320435;-0,8710506558418274;-0,19260163605213165;0,7509073615074158;0,28485676646232605;0,2064014971256256;0,012079457752406597
466;-180,0595245361328;-230,6667022705078;3657,599853515625;-0,03310567885637283;-1,0753862857818604;-0,2661890387535095;0,7414913773536682;0,28134405612945557;0,20384570956230164;0,011875544674694538
467;-180,0595245361328;-230,6667022705078;3657,599853515625;-0,32566964626312256;-1,3032314777374268;-0,039139386266469955;0,7268200516700745;0,27582624554634094;0,19984468817710876;0,011566766537725925
468;-180,0595245361328;-230,6667022705078;3657,599853515625;-0,09309467673301697;-1,2928446531295776;-0,0037179989740252495;0,7295248508453369;0,27681097388267517;0,20059306919574738;0,01160796545445919
469;-180,0595245361328;-230,6667022705078;3657,599853515625;0,2993212938308716;-0,776119589805603;-0,37635916471481323;0,7162312269210815;0,2715252935886383;0,1968734860420227;0,011376239359378815
470;-180,0595245361328;-230,6667022705078;3657,599853515625;-0,5931673645973206;-1,049017310142517;-0,027454527094960213;0,7067334055900574;0,2680305242538452;0,19433042407035828;0,011145637370646
471;-180,0595245361328;-230,6667022705078;3657,599853515625;-0,6001344919204712;-1,2195955514907837;-0,09280820190906525;0,7164413928985596;0,27125146985054016;0,1968471109867096;0,011406634002923965
472;-180,0595245361328;-230,6667022705078;3657,599853515625;-0,8513450622558594;-1,318688988685608;-0,036057841032743454;0,7068387269973755;0,26755961775779724;0,1942143589258194;0,011207163333892822
473;-180,0595245361328;-230,6667022705078;3657,599853515625;-0,10127157717943192;-1,3255722522735596;-0,25278082489967346;0,69796222448349;0,2643209397792816;0,1918572336435318;0,010974638164043427
474;-180,0595245361328;-230,6667022705078;3657,599853515625;-0,30917996168136597;-1,1306250095367432;-0,23735056817531586;0,6930609345436096;0,26215094327926636;0,19041474163532257;0,01092485710978508
475;-180,0595245361328;-230,6667022705078;3657,599853515625;-0,7009629011154175;-1,1890355348587036;0,03846242278814316;0,6845988631248474;0,25884541869163513;0,18808290362358093;0,010751581750810146
476;-180,0595245361328;-230,6667022705078;3657,599853515625;0,03158041462302208;-1,3234914541244507;-0,13641765713691711;0,668107807636261;0,252389520406723;0,18349039554595947;0,01044709887355566
477;-180,0595245361328;-230,6667022705078;3657,599853515625;-0,7572337985038757;-1,4713596105575562;0,12182054668664932;0,6745779514312744;0,25466275215148926;0,18523098528385162;0,010586795397102833
478;-180,0595245361328;-230,6667022705078;3657,599853515625;-0,7573121190071106;-1,3344576358795166;0,19136659801006317;0,6802731156349182;0,2565683126449585;0,18671678006649017;0,010729394853115082
479;-180,0595245361328;-230,6667022705078;3657,599853515625;-0,9627989530563354;-1,619505763053894;0,24380294978618622;0,6629183292388916;0,24996615946292877;0,18197529017925262;0,010362914763391018
480;-180,0595245361328;-230,6667022705078;3657,599853515625;-0,3912230134010315;-1,3319295644760132;-0,06846266239881516;0,6822306513786316;0,2571762502193451;0,18729618191719055;0,010725951753556728
481;-180,0595245361328;-230,6667022705078;3657,599853515625;-1,2001696825027466;-1,5539371967315674;0,15669487416744232;0,6452100872993469;0,24295233190059662;0,17702695727348328;0,010028067044913769
482;-180,0595245361328;-230,6667022705078;3657,599853515625;-0,18554046750068665;-1,3100464344024658;-0,058913785964250565;0,6556617617607117;0,2468801736831665;0,17997299134731293;0,010191604495048523
483;-180,0595245361328;-230,6667022705078;3657,599853515625;-0,7428087592124939;-1,3866702318191528;-0,00783200841397047;0,6459641456604004;0,2430349439382553;0,17724820971488953;0,01002056896686554
484;-180,0595245361328;-230,6667022705078;3657,599853515625;-0,9185267090797424;-1,6324213743209839;0,3356834053993225;0,6383337378501892;0,2399922013282776;0,1750984936952591;0,009883240796625614
485;-180,0595245361328;-230,6667022705078;3657,599853515625;-0,54842609167099;-1,4099605083465576;0,1871872991323471;0,6250834465026855;0,23487213253974915;0,1714337170124054;0,009615614078938961
486;-180,0595245361328;-230,6667022705078;3657,599853515625;-0,2408529371023178;-1,4717562198638916;-0,11095698177814484;0,6296355724334717;0,23648451268672943;0,17272864282131195;0,00967795867472887
487;-180,0595245361328;-230,6667022705078;3657,599853515625;-0,7388802766799927;-1,4919382333755493;0,35582056641578674;0,6252681016921997;0,234687939286232;0,17146247625350952;0,00961359404027462
488;-180,0595245361328;-230,6667022705078;3657,599853515625;0,14254821836948395;-1,3239660263061523;-0,4128073453903198;0,6041886806488037;0,22664809226989746;0,16569599509239197;0,009160105139017105
489;-180,0595245361328;-230,6667022705078;3657,599853515625;-0,7791638970375061;-1,4779666662216187;0,37791258096694946;0,5864747762680054;0,2198742926120758;0,16080649197101593;0,008793610148131847
490;-180,0595245361328;-230,6667022705078;3657,599853515625;-0,5017386674880981;-1,4765405654907227;0,10888663679361343;0,579358696937561;0,21707049012184143;0,15885549783706665;0,00863398052752018
491;-180,0595245361328;-230,6667022705078;3657,599853515625;-0,3919476568698883;-1,3386400938034058;-0,10871915519237518;0,5657496452331543;0,21187438070774078;0,15506529808044434;0,008355553261935711
492;-180,0595245361328;-230,6667022705078;3657,599853515625;-0,6548720002174377;-1,38457453250885;-0,1037323847413063;0,5875890254974365;0,21990293264389038;0,16106179356575012;0,008814697153866291
493;-180,0595245361328;-230,6667022705078;3657,599853515625;-0,33861109614372253;-1,3575752973556519;-0,4678797721862793;0,5608036518096924;0,20975886285305023;0,1537010818719864;0,008238859474658966
494;-180,0595245361328;-230,6667022705078;3657,599853515625;-0,11315653473138809;-1,3391071557998657;-0,08274511992931366;0,5607236623764038;0,20956601202487946;0,1536870300769806;0,008226101286709309
495;-180,0595245361328;-230,6667022705078;3657,599853515625;-0,3911411762237549;-1,3250703811645508;-0,12649856507778168;0,5612381100654602;0,20989157259464264;0,15368694067001343;0,008255859836935997
496;-180,0595245361328;-230,6667022705078;3657,599853515625;-0,6687617301940918;-1,1319217681884766;0,15315617620944977;0,5455054640769958;0,2037447988986969;0,1494387686252594;0,007903476245701313
497;-180,0595245361328;-230,6667022705078;3657,599853515625;-0,5041079521179199;-1,0762791633605957;-0,05921769142150879;0,5372175574302673;0,20057432353496552;0,1471441388130188;0,007715528830885887
498;-180,0595245361328;-230,6667022705078;3657,599853515625;-0,0689367726445198;-1,3984826803207397;-0,12446931004524231;0,5348172783851624;0,19936420023441315;0,1465374082326889;0,007645263336598873
499;-180,0595245361328;-230,6667022705078;3657,599853515625;-0,672667920589447;-1,2333046197891235;-0,2521836757659912;0,5446828007698059;0,2030521035194397;0,1491902619600296;0,007876396179199219
500;-180,0595245361328;-230,6667022705078;3657,599853515625;0,25129401683807373;-1,1605521440505981;-0,34528544545173645;0,5338539481163025;0,1991439312696457;0,14615483582019806;0,007627477869391441
501;-180,0595245361328;-230,6667022705078;3657,599853515625;0,5785638689994812;-1,3806695938110352;-0,648378849029541;0,5238810777664185;0,19521038234233856;0,1434391736984253;0,007400065660476685
502;-180,0595245361328;-230,6667022705078;3657,599853515625;0,016495296731591225;-1,2667012214660645;-0,5627033114433289;0,5175962448120117;0,19246409833431244;0,14176684617996216;0,007246755063533783
503;-180,0595245361328;-230,6667022705078;3657,599853515625;0,011144954711198807;-1,218994140625;-0,4822039306163788;0,5153785347938538;0,19151191413402557;0,14114950597286224;0,00719264755025506
504;-180,0595245361328;-230,6667022705078;3657,599853515625;-0,3646400272846222;-1,248828649520874;-0,4278341233730316;0,5068032145500183;0,18835681676864624;0,1387680619955063;0,006995487958192825
505;-180,0595245361328;-230,6667022705078;3657,599853515625;-0,23389595746994019;-1,1200536489486694;-0,36392298340797424;0,4824996292591095;0,17913922667503357;0,13211584091186523;0,0064069838263094425
506;-180,0595245361328;-230,6667022705078;3657,599853515625;0,485906720161438;-1,1525684595108032;-0,607213020324707;0,4989562928676605;0,1852182149887085;0,13660195469856262;0,006803598720580339
507;-180,0595245361328;-230,6667022705078;3657,599853515625;-0,1182456985116005;-1,0794583559036255;-0,37172165513038635;0,5018576383590698;0,18602290749549866;0,137407124042511;0,006866771727800369
508;-180,0595245361328;-230,6667022705078;3657,599853515625;0,42794618010520935;-1,1152751445770264;-0,7705366015434265;0,4848555028438568;0,17947064340114594;0,13275758922100067;0,006453281734138727
509;-180,0595245361328;-230,6667022705078;3657,599853515625;0,2984696626663208;-1,1875159740447998;-0,5811030268669128;0,47590556740760803;0,1761883795261383;0,13028477132320404;0,006233570631593466
510;-180,0595245361328;-230,6667022705078;3657,599853515625;-0,09822952002286911;-1,0902105569839478;-0,5585189461708069;0,4741617441177368;0,17537319660186768;0,1298055201768875;0,006187268998473883
511;-180,0595245361328;-230,6667022705078;3657,599853515625;-0,33465492725372314;-0,7992933392524719;-0,34434953331947327;0,4503708481788635;0,1658732295036316;0,12333422154188156;0,005555897485464811
512;-180,0595245361328;-230,6667022705078;3657,599853515625;-0,10598218441009521;-0,9108265042304993;-0,42181387543678284;0,47225016355514526;0,17454679310321808;0,12926004827022552;0,006132860202342272
513;-180,0595245361328;-230,6667022705078;3657,599853515625;0,1853882372379303;-0,8417273759841919;-0,722969114780426;0,4720742404460907;0,17406819760799408;0,12922891974449158;0,0061194864101707935
514;-180,0595245361328;-230,6667022705078;3657,599853515625;0,3071182370185852;-0,9604200124740601;-0,8757655620574951;0,45808592438697815;0,16904135048389435;0,1253788322210312;0,005765128415077925
515;-180,0595245361328;-230,6667022705078;3657,599853515625;0,17399320006370544;-0,936672568321228;-0,6947739124298096;0,49054741859436035;0,1812364012002945;0,13423895835876465;0,006573827937245369
516;-180,0595245361328;-230,6667022705078;3657,599853515625;0,15597571432590485;-1,014091968536377;-0,6409143805503845;0,48196545243263245;0,1778509020805359;0,13190069794654846;0,00636139465495944
517;-180,0595245361328;-230,6667022705078;3657,599853515625;0,25967541337013245;-0,9219159483909607;-0,8651519417762756;0,4574398994445801;0,16846981644630432;0,12519441545009613;0,005739972926676273
518;-180,0595245361328;-230,6667022705078;3657,599853515625;0,4772206246852875;-0,975951075553894;-1,0023523569107056;0,4363185167312622;0,15988002717494965;0,11944540590047836;0,005158805288374424
519;-180,0595245361328;-230,6667022705078;3657,599853515625;0,6209467053413391;-1,0380268096923828;-0,8545850515365601;0,3302880823612213;0,11945289373397827;0,09048778563737869;0,000634938885923475
520;-180,0595245361328;-230,6667022705078;3657,599853515625;0,028158079832792282;-0,918812096118927;-0,6107388734817505;0,41930973529815674;0,1529725193977356;0,1148044615983963;0,004636406432837248
521;-180,0595245361328;-230,6667022705078;3657,599853515625;0,7206732630729675;-1,1330026388168335;-0,9417808651924133;0,4713912904262543;0,17331074178218842;0,12899933755397797;0,006080822087824345
522;-180,0595245361328;-230,6667022705078;3657,599853515625;-0,14952993392944336;-0,8556466102600098;-0,8403170704841614;0,45096662640571594;0,1656941920518875;0,12341117858886719;0,005553392693400383
523;-180,0595245361328;-230,6667022705078;3657,599853515625;0,8499476909637451;-1,1367915868759155;-0,9036001563072205;0,418449729681015;0,15342983603477478;0,11452239751815796;0,0046412148512899876
524;-180,0595245361328;-230,6667022705078;3657,599853515625;0,6827466487884521;-0,9275490641593933;-0,9730919003486633;0,46500566601753235;0,17137843370437622;0,1272287219762802;0,005888004787266254
525;-180,0595245361328;-230,6667022705078;3657,599853515625;0,5475664734840393;-0,9625866413116455;-0,9937062859535217;0,46293479204177856;0,1699967086315155;0,1266850084066391;0,0058540282770991325
526;-180,0595245361328;-230,6667022705078;3657,599853515625;-0,34894582629203796;-0,6292669773101807;-0,8173129558563232;0,4796130061149597;0,1763240098953247;0,1312423199415207;0,006269392091780901
527;-180,0595245361328;-230,6667022705078;3657,599853515625;-0,22165381908416748;-0,5680445432662964;-1,0007728338241577;0,4722318947315216;0,17324568331241608;0,12923695147037506;0,006080405320972204
528;-180,0595245361328;-230,6667022705078;3657,599853515625;0,5219200253486633;-0,8442783355712891;-0,8862829804420471;0,4752572774887085;0,17498064041137695;0,13004501163959503;0,006142475642263889
529;-180,0595245361328;-230,6667022705078;3657,599853515625;0,1639450341463089;-0,8081879019737244;-1,0368419885635376;0,4955427348613739;0,18259963393211365;0,13559426367282867;0,006639760918915272
530;-180,0595245361328;-230,6667022705078;3657,599853515625;0,6322202086448669;-0,8723061084747314;-0,8581209182739258;0,4928579330444336;0,18134978413581848;0,1348726451396942;0,0065774270333349705
531;-180,0595245361328;-230,6667022705078;3657,599853515625;0,32645556330680847;-0,9559338688850403;-0,9699305891990662;0,4930797815322876;0,1817871332168579;0,13492624461650848;0,006564024370163679
532;-180,0595245361328;-230,6667022705078;3657,599853515625;-0,24629440903663635;-0,6593971252441406;-0,8160872459411621;0,49436962604522705;0,18166573345661163;0,13530345261096954;0,006609088275581598
533;-180,0595245361328;-230,6667022705078;3657,599853515625;-0,22605174779891968;-0,5399214625358582;-0,6863002181053162;0,49998050928115845;0,1841093748807907;0,13683491945266724;0,006735220085829496
534;-180,0595245361328;-230,6667022705078;3657,599853515625;0,3543717861175537;-0,9657338261604309;-0,6669377684593201;0,5135650634765625;0,18980737030506134;0,14053574204444885;0,007021395489573479
535;-180,0595245361328;-230,6667022705078;3657,599853515625;-0,7032506465911865;-0,49600106477737427;-1,051325798034668;0,49217191338539124;0,18171042203903198;0,13469557464122772;0,006499461364001036
536;-180,0595245361328;-230,6667022705078;3657,599853515625;0,016187816858291626;-0,8124232292175293;-0,9566101431846619;0,5102366805076599;0,18831899762153625;0,139649897813797;0,006950761657208204
537;-180,0595245361328;-230,6667022705078;3657,599853515625;0,2442912459373474;-1,0576611757278442;-0,8489958047866821;0,5323067307472229;0,19707252085208893;0,14567534625530243;0,007430156227201223
538;-180,0595245361328;-230,6667022705078;3657,599853515625;-0,3213654160499573;-0,7085312008857727;-0,863466203212738;0,5306760668754578;0,19647999107837677;0,14523832499980927;0,007385138887912035
539;-180,0595245361328;-230,6667022705078;3657,599853515625;-0,5351764559745789;-0,6368661522865295;-0,9048126339912415;0,5288845896720886;0,19573107361793518;0,1447611302137375;0,007346285041421652
540;-180,0595245361328;-230,6667022705078;3657,599853515625;-1,0089693069458008;-0,4324495792388916;-1,1266597509384155;0,5239234566688538;0,19373194873332977;0,14342086017131805;0,007238535210490227
541;-180,0595245361328;-230,6667022705078;3657,599853515625;-0,26495641469955444;-0,6127551794052124;-0,9371461272239685;0,5210094451904297;0,19255296885967255;0,14263826608657837;0,007173823192715645
542;-180,0595245361328;-230,6667022705078;3657,599853515625;-1,257783055305481;-0,2250741869211197;-1,1674984693527222;0,5330970883369446;0,19710645079612732;0,1459556668996811;0,007452676072716713
543;-180,0595245361328;-230,6667022705078;3657,599853515625;-1,3885903358459473;-0,137668177485466;-1,1105810403823853;0,5329219698905945;0,19712984561920166;0,14591526985168457;0,007437982130795717
544;-180,0595245361328;-230,6667022705078;3657,599853515625;-1,1887891292572021;-0,3422534167766571;-1,0694324970245361;0,5499407649040222;0,2036835104227066;0,15057538449764252;0,00781183922663331
545;-180,0595245361328;-230,6667022705078;3657,599853515625;-1,3255319595336914;-0,34904393553733826;-0,9696258306503296;0,5388417840003967;0,19966310262680054;0,14754058420658112;0,007536279037594795
546;-180,0595245361328;-230,6667022705078;3657,599853515625;-1,9411596059799194;-0,12592250108718872;-0,9938890933990479;0,5416368246078491;0,20056776702404022;0,1483267843723297;0,0076157464645802975
547;-180,0595245361328;-230,6667022705078;3657,599853515625;-1,2520021200180054;-0,11669944226741791;-0,8204972147941589;0,5356177091598511;0,19845184683799744;0,1466832458972931;0,007455881219357252
548;-180,0595245361328;-230,6667022705078;3657,599853515625;-1,7570524215698242;-0,3520369827747345;-1,0380074977874756;0,5525269508361816;0,2045602649450302;0,15133897960186005;0,007870510220527649
549;-180,0595245361328;-230,6667022705078;3657,599853515625;-1,4760313034057617;-0,03683481737971306;-0,8900845646858215;0,5620791912078857;0,20814014971256256;0,15396595001220703;0,008084570989012718
550;-180,0595245361328;-230,6667022705078;3657,599853515625;-1,3197211027145386;-0,06365493685007095;-1,0306265354156494;0,5557440519332886;0,20617027580738068;0,1522061973810196;0,00789219606667757
551;-180,0595245361328;-230,6667022705078;3657,599853515625;-1,2767915725708008;-0,3014284074306488;-1,0443423986434937;0,5409349799156189;0,20039896667003632;0,14819565415382385;0,007581268437206745
552;-180,0595245361328;-230,6667022705078;3657,599853515625;-1,3971771001815796;-0,15589480102062225;-1,036651611328125;0,5610964894294739;0,20763155817985535;0,15375956892967224;0,00807124376296997
553;-180,0595245361328;-230,6667022705078;3657,599853515625;-1,4001702070236206;-0,13930782675743103;-1,0048011541366577;0,5608106255531311;0,20791392028331757;0,15365572273731232;0,008026307448744774
554;-180,0595245361328;-230,6667022705078;3657,599853515625;-1,7934120893478394;-0,008975215256214142;-1,1992788314819336;0,5562365055084229;0,20596963167190552;0,15244708955287933;0,00794986542314291
555;-180,0595245361328;-230,6667022705078;3657,599853515625;-1,596695899963379;-0,21697749197483063;-0,8872420787811279;0,5665377974510193;0,2097131609916687;0,1552978903055191;0,008189629763364792
556;-180,0595245361328;-230,6667022705078;3657,599853515625;-1,5412776470184326;-0,14428655803203583;-1,0804275274276733;0,573847770690918;0,2126411497592926;0,15729156136512756;0,00833655521273613
557;-180,0595245361328;-230,6667022705078;3657,599853515625;-1,129852294921875;-0,25207898020744324;-1,0212386846542358;0,5740239024162292;0,21270836889743805;0,15735851228237152;0,008341645821928978
558;-180,0595245361328;-230,6667022705078;3657,599853515625;-1,3479723930358887;-0,22237607836723328;-1,0134838819503784;0,5637212991714478;0,20869983732700348;0,15458613634109497;0,008127931505441666
559;-180,0595245361328;-230,6667022705078;3657,599853515625;-1,8256815671920776;-0,19896851480007172;-1,061375379562378;0,5726311206817627;0,21202367544174194;0,15704995393753052;0,008326119743287563
560;-180,0595245361328;-230,6667022705078;3657,599853515625;-1,9440581798553467;-0,2843576967716217;-1,0991638898849487;0,5744664072990417;0,21267583966255188;0,15758582949638367;0,008368339389562607
561;-180,0595245361328;-230,6667022705078;3657,599853515625;-1,6791547536849976;-0,2579520046710968;-1,3191167116165161;0,5669686198234558;0,21003951132297516;0,15553055703639984;0,008198094554245472
562;-180,0595245361328;-230,6667022705078;3657,599853515625;-1,1831759214401245;-0,5643348097801208;-0,9505667090415955;0,5857980251312256;0,21694742143154144;0,1607355773448944;0,0086132837459445
563;-180,0595245361328;-230,6667022705078;3657,599853515625;-1,0073795318603516;-0,5924521684646606;-0,8167291879653931;0,5941742062568665;0,22000181674957275;0,16308927536010742;0,008787499740719795
564;-180,0595245361328;-230,6667022705078;3657,599853515625;-1,282198190689087;-0,537591814994812;-0,782123863697052;0,6028852462768555;0,2234896868467331;0,16544458270072937;0,008978281170129776
565;-180,0595245361328;-230,6667022705078;3657,599853515625;-1,4549733400344849;-0,4839920103549957;-0,9404216408729553;0,5980477929115295;0,22141125798225403;0,16426138579845428;0,008840748108923435
566;-180,0595245361328;-230,6667022705078;3657,599853515625;-1,4976415634155273;-0,38666585087776184;-1,0683425664901733;0,6026273369789124;0,22335673868656158;0,1654837429523468;0,008959353901445866
567;-180,0595245361328;-230,6667022705078;3657,599853515625;-1,4986867904663086;-0,6586003303527832;-1,059107780456543;0,6115118861198425;0,22704757750034332;0,1678011119365692;0,009155933745205402
568;-180,0595245361328;-230,6667022705078;3657,599853515625;-1,4398658275604248;-0,47554728388786316;-1,150688648223877;0,6085860133171082;0,22572359442710876;0,16718415915966034;0,009073839522898197
569;-180,0595245361328;-230,6667022705078;3657,599853515625;-1,264591097831726;-0,6285611987113953;-0,8889369964599609;0,6274586915969849;0,2329881638288498;0,17228716611862183;0,009492294862866402
570;-180,0595245361328;-230,6667022705078;3657,599853515625;-1,2097636461257935;-0,7234071493148804;-1,0296422243118286;0,5944290161132812;0,22065436840057373;0,16336825489997864;0,008763348683714867
571;-180,0595245361328;-230,6667022705078;3657,599853515625;-1,9595614671707153;-0,5521929264068604;-1,269396185874939;0,6188358068466187;0,22993065416812897;0,16999979317188263;0,009303990751504898
572;-180,0595245361328;-230,6667022705078;3657,599853515625;-0,5848526358604431;-0,677619457244873;-0,6865904331207275;0,6227448582649231;0,23148681223392487;0,17109772562980652;0,00938323698937893
573;-180,0595245361328;-230,6667022705078;3657,599853515625;-1,330105185508728;-0,49422702193260193;-1,3439258337020874;0,6365335583686829;0,23672154545783997;0,17492316663265228;0,009661468677222729
574;-180,0595245361328;-230,6667022705078;3657,599853515625;-1,0934453010559082;-0,6658183336257935;-1,0271927118301392;0,6162546277046204;0,22930225729942322;0,16934305429458618;0,009250313974916935
575;-180,0595245361328;-230,6667022705078;3657,599853515625;-0,7974918484687805;-0,4117969870567322;-0,6603603959083557;0,6486101746559143;0,2414635270833969;0,17826737463474274;0,009911014698445797
576;-180,0595245361328;-230,6667022705078;3657,599853515625;-0,7439712285995483;-0,7796465158462524;-0,9934720396995544;0,6369482278823853;0,23728010058403015;0,17519433796405792;0,009625880979001522
577;-180,0595245361328;-230,6667022705078;3657,599853515625;-0,6764820218086243;-0,6229236125946045;-0,7605373859405518;0,6432893872261047;0,23978936672210693;0,17694605886936188;0,009759604930877686
578;-180,0595245361328;-230,6667022705078;3657,599853515625;-0,2045760303735733;-0,6888411641120911;-0,819840669631958;0,6517143249511719;0,24307449162006378;0,17926780879497528;0,009936143644154072
579;-180,0595245361328;-230,6667022705078;3657,599853515625;-0,9581542611122131;-0,7166628241539001;-1,08937406539917;0,6381027698516846;0,23814819753170013;0,17554178833961487;0,009662727825343609
580;-180,0595245361328;-230,6667022705078;3657,599853515625;-0,25387290120124817;-0,4902167022228241;-0,3532901406288147;0,6557697653770447;0,24494171142578125;0,1804634928703308;0,009995026513934135
581;-180,0595245361328;-230,6667022705078;3657,599853515625;-0,9600042700767517;-0,5381578803062439;-1,1133010387420654;0,6513383984565735;0,243398979306221;0,17921818792819977;0,009929681196808815
582;-180,0595245361328;-230,6667022705078;3657,599853515625;0,26744505763053894;-0,7568572163581848;-0,645356297492981;0,6514285802841187;0,24353313446044922;0,17921578884124756;0,009950146079063416
583;-180,0595245361328;-230,6667022705078;3657,599853515625;-0,25874537229537964;-0,7465709447860718;-0,8547741174697876;0,6683263778686523;0,25010713934898376;0,1839504837989807;0,010257367976009846
584;-180,0595245361328;-230,6667022705078;3657,599853515625;0,23156987130641937;-0,37599706649780273;-0,37289300560951233;0,6629854440689087;0,2481943815946579;0,18244677782058716;0,010174984112381935
585;-180,0595245361328;-230,6667022705078;3657,599853515625;-0,8285926580429077;-0,6567028760910034;-0,6130539774894714;0,6704643964767456;0,2511350214481354;0,18450580537319183;0,010329317301511765
586;-180,0595245361328;-230,6667022705078;3657,599853515625;-0,48421648144721985;-0,5636370182037354;-0,4879259765148163;0,6714795827865601;0,25184932351112366;0,18489789962768555;0,010306175798177719
587;-180,0595245361328;-230,6667022705078;3657,599853515625;-0,07393960654735565;-0,5411085486412048;-0,6416783332824707;0,6739830374717712;0,2528533637523651;0,18554864823818207;0,01038346253335476
588;-180,0595245361328;-230,6667022705078;3657,599853515625;0,23292037844657898;-0,3522489666938782;-0,5663305521011353;0,6776255369186401;0,25445541739463806;0,1865948885679245;0,010440577752888203
589;-180,0595245361328;-230,6667022705078;3657,599853515625;0,41741976141929626;-0,30316755175590515;-0,41908371448516846;0,6738252639770508;0,2531379461288452;0,1855352818965912;0,010379928164184093
590;-180,0595245361328;-230,6667022705078;3657,599853515625;0,1281864494085312;-0,32008931040763855;-0,437377005815506;0,6780462265014648;0,25473272800445557;0,18664278090000153;0,01049332320690155
591;-180,0595245361328;-230,6667022705078;3657,599853515625;0,3300279378890991;-0,19852598011493683;-0,5238536596298218;0,6813598275184631;0,2565983533859253;0,18775656819343567;0,010465527884662151
592;-180,0595245361328;-230,6667022705078;3657,599853515625;-0,30275803804397583;-0,42519691586494446;-0,5927976369857788;0,682271420955658;0,2568807899951935;0,18792413175106049;0,01053702738136053
593;-180,0595245361328;-230,6667022705078;3657,599853515625;0,2528747320175171;-0,3120585083961487;-0,3142992854118347;0,677033007144928;0,25528421998023987;0,1865738481283188;0,010392804630100727
594;-180,0595245361328;-230,6667022705078;3657,599853515625;0,006327609531581402;-0,1467302143573761;-0,48053276538848877;0,6813734769821167;0,2567978799343109;0,18767352402210236;0,010535654611885548
595;-180,0595245361328;-230,6667022705078;3657,599853515625;-0,5087615251541138;-0,2819614112377167;-0,39712223410606384;0,6821314096450806;0,2574741244316101;0,18797168135643005;0,010510691441595554
596;-180,0595245361328;-230,6667022705078;3657,599853515625;-0,15791694819927216;-0,14677660167217255;-0,5345641374588013;0,6893598437309265;0,26020851731300354;0,18991491198539734;0,010682324878871441
597;-180,0595245361328;-230,6667022705078;3657,599853515625;-0,8610045313835144;-0,49911242723464966;-0,6400932669639587;0,6970558762550354;0,2634357810020447;0,1920999139547348;0,010805808939039707
598;-180,0595245361328;-230,6667022705078;3657,599853515625;-0,865827202796936;-0,2813853919506073;-0,5185371041297913;0,6936858892440796;0,2625602185726166;0,19125625491142273;0,010696171782910824
599;-180,0595245361328;-230,6667022705078;3657,599853515625;0,42692869901657104;-0,28604552149772644;-0,3442932665348053;0,7155143618583679;0,2705388367176056;0,197133868932724;0,01120065525174141
600;-180,0595245361328;-230,6667022705078;3657,599853515625;0,04409811273217201;-0,4294877052307129;-0,40620529651641846;0,6956969499588013;0,26327964663505554;0,19170735776424408;0,010804596357047558
601;-180,0595245361328;-230,6667022705078;3657,599853515625;-0,4354639947414398;-0,23082850873470306;-0,5271009802818298;0,6959131360054016;0,2635694146156311;0,1917915642261505;0,010801180265843868
602;-180,0595245361328;-230,6667022705078;3657,599853515625;0,04727666825056076;-0,08624923974275589;-0,4143701195716858;0,7085593938827515;0,2683940529823303;0,19524237513542175;0,011066088452935219
603;-180,0595245361328;-230,6667022705078;3657,599853515625;0,31304848194122314;-0,5687565207481384;-0,6033174991607666;0,721526026725769;0,2738293707370758;0,19894355535507202;0,011254803277552128
604;-180,0595245361328;-230,6667022705078;3657,599853515625;0,38295021653175354;-0,5492040514945984;-0,7808043956756592;0,719777524471283;0,2726938724517822;0,19827227294445038;0,011320202611386776
605;-180,0595245361328;-230,6667022705078;3657,599853515625;-0,3220503032207489;-0,16587240993976593;-0,5731814503669739;0,7246257662773132;0,2750128507614136;0,1997145414352417;0,0113654350861907
606;-180,0595245361328;-230,6667022705078;3657,599853515625;0,30978330969810486;-0,5616378784179688;-0,5514310598373413;0,7415361404418945;0,28110530972480774;0,20424103736877441;0,011757583357393742
607;-180,0595245361328;-230,6667022705078;3657,599853515625;0,05590188503265381;-0,2509097158908844;-0,5303043127059937;0,7292996048927307;0,2762379050254822;0,20076702535152435;0,011563381180167198
608;-180,0595245361328;-230,6667022705078;3657,599853515625;0,9768999814987183;-0,19974499940872192;-0,5759004354476929;0,7598426938056946;0,28820565342903137;0,2092587649822235;0,012124850414693356
609;-180,0595245361328;-230,6667022705078;3657,599853515625;0,0904802605509758;-0,2727842628955841;-0,3866106867790222;0,7475442886352539;0,2836415767669678;0,2058679610490799;0,011892364360392094
610;-180,0595245361328;-230,6667022705078;3657,599853515625;0,30274125933647156;-0,45670056343078613;-0,5825026631355286;0,7510426640510559;0,2851202189922333;0,20684310793876648;0,01195680070668459
611;-180,0595245361328;-230,6667022705078;3657,599853515625;-0,19162124395370483;-0,49853602051734924;-0,5463641285896301;0,7441259026527405;0,2829759418964386;0,2050468772649765;0,011775754392147064
612;-180,0595245361328;-230,6667022705078;3657,599853515625;-1,0894817113876343;-0,7334283590316772;-0,5947389006614685;0,7540748119354248;0,28645941615104675;0,20767132937908173;0,012021366506814957
613;-180,0595245361328;-230,6667022705078;3657,599853515625;0,9009013175964355;-0,6898588538169861;-0,3288561701774597;0,7496410608291626;0,28523245453834534;0,20655252039432526;0,011890060268342495
614;-180,0595245361328;-230,6667022705078;3657,599853515625;-0,6270030736923218;-0,4945546090602875;-0,657214343547821;0,7598158121109009;0,2888818383216858;0,20926488935947418;0,012128094211220741
615;-180,0595245361328;-230,6667022705078;3657,599853515625;0,8326869010925293;-0,32845205068588257;-0,4223504960536957;0,744223952293396;0,28331586718559265;0,20504747331142426;0,011793018318712711
616;-180,0595245361328;-230,6667022705078;3657,599853515625;-0,5212963819503784;-0,5553637742996216;-0,5417201519012451;0,7643513083457947;0,29051825404167175;0,21043768525123596;0,012248600833117962
617;-180,0595245361328;-230,6667022705078;3657,599853515625;0,5865590572357178;-0,3891921937465668;-0,5142814517021179;0,770929217338562;0,29352742433547974;0,21236884593963623;0,01232034619897604
618;-180,0595245361328;-230,6667022705078;3657,599853515625;0,3309154212474823;-0,16692471504211426;-0,4858466684818268;0,761044979095459;0,28964003920555115;0,2095886766910553;0,01215831097215414
619;-180,0595245361328;-230,6667022705078;3657,599853515625;1,1397737264633179;0,024324005469679832;-0,4041944742202759;0,7635946273803711;0,290470153093338;0,21023011207580566;0,012233160436153412
620;-180,0595245361328;-230,6667022705078;3657,599853515625;-0,2052193284034729;-0,6906328201293945;-0,6793563365936279;0,7609344720840454;0,28980061411857605;0,2095758467912674;0,012146028690040112
621;-180,0595245361328;-230,6667022705078;3657,599853515625;0,45378386974334717;-0,7330165505409241;-0,2407248467206955;0,7699329853057861;0,29241621494293213;0,21180686354637146;0,01241967175155878
622;-180,0595245361328;-230,6667022705078;3657,599853515625;1,1107351779937744;-0,5298643112182617;-0,6079561710357666;0,7556052803993225;0,28767532110214233;0,2080475389957428;0,012069310992956161
623;-180,0595245361328;-230,6667022705078;3657,599853515625;0,4888876974582672;-0,6844556331634521;-0,42963293194770813;0,7636234760284424;0,2903776168823242;0,21014082431793213;0,012271018698811531
624;-180,0595245361328;-230,6667022705078;3657,599853515625;-0,03226655721664429;-0,680709719657898;-0,4044467806816101;0,7749980092048645;0,2945258915424347;0,213206946849823;0,012513686902821064
625;-180,0595245361328;-230,6667022705078;3657,599853515625;-0,0412469208240509;-1,1533517837524414;-0,4430713951587677;0,7745488286018372;0,29434269666671753;0,21306775510311127;0,01251005195081234
626;-180,0595245361328;-230,6667022705078;3657,599853515625;0,23746301233768463;-1,0010396242141724;-0,476604700088501;0,7686022520065308;0,29226186871528625;0,2114725410938263;0,012377852573990822
627;-180,0595245361328;-230,6667022705078;3657,599853515625;0,2540598511695862;-1,180747389793396;-0,4948422312736511;0,7662625908851624;0,2918095886707306;0,21094641089439392;0,012276521883904934
628;-180,0595245361328;-230,6667022705078;3657,599853515625;0,44576823711395264;-0,6328093409538269;-0,46365615725517273;0,7609370946884155;0,2897305488586426;0,20945946872234344;0,012181065045297146
629;-180,0595245361328;-230,6667022705078;3657,599853515625;0,28770506381988525;-0,7594995498657227;-0,3989488184452057;0,7583498358726501;0,2888301908969879;0,2087670862674713;0,012116549536585808
630;-180,0595245361328;-230,6667022705078;3657,599853515625;0,7206371426582336;-0,8641817569732666;-0,4737311899662018;0,7686963677406311;0,29261255264282227;0,21156592667102814;0,012334772385656834
631;-180,0595245361328;-230,6667022705078;3657,599853515625;0,654371976852417;-1,3833898305892944;-0,5226198434829712;0,7754907011985779;0,2948175072669983;0,2133214771747589;0,012515450827777386
632;-180,0595245361328;-230,6667022705078;3657,599853515625;0,11607004702091217;-0,8580916523933411;-0,40655994415283203;0,7557982206344604;0,2873169779777527;0,20789995789527893;0,012134311720728874
633;-180,0595245361328;-230,6667022705078;3657,599853515625;-0,38918498158454895;-0,9829999804496765;-0,12187434732913971;0,7621455192565918;0,2897551357746124;0,2096552699804306;0,012247582897543907
634;-180,0595245361328;-230,6667022705078;3657,599853515625;0,5973042845726013;-0,963308572769165;-0,45052242279052734;0,7587059140205383;0,2883414030075073;0,20868022739887238;0,012189812026917934
635;-180,0595245361328;-230,6667022705078;3657,599853515625;-0,30369096994400024;-1,1167504787445068;-0,25883591175079346;0,7538843154907227;0,2863515615463257;0,20731063187122345;0,01211202796548605
636;-180,0595245361328;-230,6667022705078;3657,599853515625;0,6444327235221863;-1,098165512084961;-0,4859423339366913;0,7457269430160522;0,28352612257003784;0,20516158640384674;0,011900757439434528
637;-180,0595245361328;-230,6667022705078;3657,599853515625;0,231441468000412;-0,82896888256073;-0,4296799302101135;0,7379621863365173;0,28030577301979065;0,2029494047164917;0,011783863417804241
638;-180,0595245361328;-230,6667022705078;3657,599853515625;0,05225704610347748;-0,8192334175109863;-0,3002489507198334;0,7504870295524597;0,28469645977020264;0,20628535747528076;0,012071399949491024
639;-180,0595245361328;-230,6667022705078;3657,599853515625;-0,09585434943437576;-1,0321142673492432;-0,31273120641708374;0,7410261631011963;0,2811791002750397;0,20372162759304047;0,01186462864279747
640;-180,0595245361328;-230,6667022705078;3657,599853515625;-0,1806166172027588;-1,3351706266403198;-0,12112592160701752;0,7272268533706665;0,2759936451911926;0,1999613493680954;0,011572265066206455
641;-180,0595245361328;-230,6667022705078;3657,599853515625;-0,6498390436172485;-1,360958456993103;0,0885373204946518;0,729209303855896;0,27668824791908264;0,20050521194934845;0,01160252746194601
642;-180,0595245361328;-230,6667022705078;3657,599853515625;0,597303569316864;-0,8661302328109741;-0,4568736255168915;0,7156940698623657;0,2713102400302887;0,1967182606458664;0,011367587372660637
643;-180,0595245361328;-230,6667022705078;3657,599853515625;-0,5372098088264465;-1,1319036483764648;-0,0647912472486496;0,706623911857605;0,26797690987586975;0,19429023563861847;0,011146394535899162
644;-180,0595245361328;-230,6667022705078;3657,599853515625;-0,6484402418136597;-1,2619975805282593;-0,1878288984298706;0,7160902619361877;0,2711365222930908;0,1967577338218689;0,011396369896829128
645;-180,0595245361328;-230,6667022705078;3657,599853515625;-0,7639920711517334;-1,4126300811767578;-0,01339865941554308;0,7070317268371582;0,2676216959953308;0,19428333640098572;0,011212934739887714
646;-180,0595245361328;-230,6667022705078;3657,599853515625;-0,2214740663766861;-1,3764452934265137;-0,335161954164505;0,698949933052063;0,26469025015830994;0,19212676584720612;0,010995314456522465
647;-180,0595245361328;-230,6667022705078;3657,599853515625;-0,5280959010124207;-1,1846195459365845;-0,28182780742645264;0,6936017870903015;0,26234015822410583;0,19055664539337158;0,010939296334981918
648;-180,0595245361328;-230,6667022705078;3657,599853515625;-0,4270983338356018;-1,3005154132843018;-0,05106903612613678;0,6847705841064453;0,2589089274406433;0,1881292462348938;0,010755338706076145
649;-180,0595245361328;-230,6667022705078;3657,599853515625;-0,0735822468996048;-1,3411962985992432;-0,19989009201526642;0,6680616736412048;0,25237730145454407;0,1834881752729416;0,01044478639960289
650;-180,0595245361328;-230,6667022705078;3657,599853515625;-0,49238210916519165;-1,539787769317627;0,03179740533232689;0,6745366454124451;0,2546537518501282;0,1852230280637741;0,010584530420601368
651;-180,0595245361328;-230,6667022705078;3657,599853515625;-0,8614521026611328;-1,4448593854904175;0,1250952184200287;0,6802011132240295;0,2565378248691559;0,18669383227825165;0,010728750377893448
652;-180,0595245361328;-230,6667022705078;3657,599853515625;-1,0047078132629395;-1,7004936933517456;0,23654162883758545;0,662368893623352;0,2497558444738388;0,18182167410850525;0,010352829471230507
653;-180,0595245361328;-230,6667022705078;3657,599853515625;-0,39551153779029846;-1,3804945945739746;-0,003740455489605665;0,6820975542068481;0,25712519884109497;0,18725880980491638;0,010723856277763844
654;-180,0595245361328;-230,6667022705078;3657,599853515625;-1,2418158054351807;-1,5917946100234985;0,17320874333381653;0,6449936628341675;0,2428678721189499;0,17696888744831085;0,010024478659033775
655;-180,0595245361328;-230,6667022705078;3657,599853515625;-0,31392982602119446;-1,3540425300598145;-0,1200047954916954;0,6559349894523621;0,24697963893413544;0,18004468083381653;0,010198893025517464
656;-180,0595245361328;-230,6667022705078;3657,599853515625;-0,7164857983589172;-1,4772934913635254;-0,04963602498173714;0,64714115858078;0,24347494542598724;0,1775682121515274;0,01004600990563631
657;-180,0595245361328;-230,6667022705078;3657,599853515625;-0,9292874336242676;-1,72201406955719;0,2874011695384979;0,6385402083396912;0,24006962776184082;0,1751546859741211;0,00988767109811306
658;-180,0595245361328;-230,6667022705078;3657,599853515625;-0,625077486038208;-1,4422943592071533;0,19029545783996582;0,6253385543823242;0,23496940732002258;0,17150522768497467;0,00962035171687603
659;-180,0595245361328;-230,6667022705078;3657,599853515625;-0,06067081168293953;-1,5434714555740356;-0,18673387169837952;0,6297821998596191;0,23654046654701233;0,17277006804943085;0,009680288843810558
660;-180,0595245361328;-230,6667022705078;3657,599853515625;-0,7220234274864197;-1,5762776136398315;0,2971245050430298;0,6242489218711853;0,23430460691452026;0,17117950320243835;0,009594058617949486
661;-180,0595245361328;-230,6667022705078;3657,599853515625;0,2628243565559387;-1,4145913124084473;-0,4879840016365051;0,6039093732833862;0,22654350101947784;0,16561713814735413;0,009155397303402424
662;-180,0595245361328;-230,6667022705078;3657,599853515625;-0,8197059631347656;-1,5171303749084473;0,30172282457351685;0,587092936038971;0,22010685503482819;0,16097420454025269;0,008807512000203133
663;-180,0595245361328;-230,6667022705078;3657,599853515625;-0,29133808612823486;-1,5892934799194336;-0,06236274912953377;0,580165445804596;0,21737176179885864;0,15907886624336243;0,008650102652609348
664;-180,0595245361328;-230,6667022705078;3657,599853515625;-0,5136716961860657;-1,4327884912490845;-0,14494916796684265;0,5662265419960022;0,21205614507198334;0,15519249439239502;0,008366880007088184
665;-180,0595245361328;-230,6667022705078;3657,599853515625;-0,6087713837623596;-1,4810612201690674;-0,12337282299995422;0,5877183675765991;0,21995379030704498;0,1610954999923706;0,008818299509584904
666;-180,0595245361328;-230,6667022705078;3657,599853515625;-0,28541600704193115;-1,4234297275543213;-0,5139968395233154;0,5609190464019775;0,20980621874332428;0,15373006463050842;0,008242323063313961
667;-180,0595245361328;-230,6667022705078;3657,599853515625;0,07774661481380463;-1,5066004991531372;-0,1914970874786377;0,5615848898887634;0,20988762378692627;0,15392352640628815;0,008244631811976433
668;-180,0595245361328;-230,6667022705078;3657,599853515625;-0,3880223035812378;-1,4347352981567383;-0,21388567984104156;0,5597983598709106;0,20935212075710297;0,1532927304506302;0,008223658427596092
669;-180,0595245361328;-230,6667022705078;3657,599853515625;-0,3897150158882141;-1,337956428527832;0,03226669505238533;0,5457400679588318;0,20381958782672882;0,1495092362165451;0,007907899096608162
670;-180,0595245361328;-230,6667022705078;3657,599853515625;-0,37813666462898254;-1,2542736530303955;-0,20087265968322754;0,5350297093391418;0,1997581422328949;0,14654430747032166;0,007665685378015041
671;-180,0595245361328;-230,6667022705078;3657,599853515625;-0,0002129215863533318;-1,452876091003418;-0,2654138505458832;0,5371322631835938;0,20022937655448914;0,14716972410678864;0,007697130087763071
672;-180,0595245361328;-230,6667022705078;3657,599853515625;-0,5973048210144043;-1,3014295101165771;-0,3917797803878784;0,5419556498527527;0,20202767848968506;0,14844541251659393;0,007814927957952023
673;-180,0595245361328;-230,6667022705078;3657,599853515625;0,23214858770370483;-1,3411380052566528;-0,4162076413631439;0,5323582291603088;0,19861114025115967;0,14574001729488373;0,0075907716527581215
674;-180,0595245361328;-230,6667022705078;3657,599853515625;0,5309851765632629;-1,5131239891052246;-0,7235841155052185;0,5233458876609802;0,1950072944164276;0,14329540729522705;0,007387765217572451
675;-180,0595245361328;-230,6667022705078;3657,599853515625;0,1942135989665985;-1,4546903371810913;-0,7280699610710144;0,5180501341819763;0,1926230937242508;0,14189410209655762;0,0072563872672617435
676;-180,0595245361328;-230,6667022705078;3657,599853515625;0,10896101593971252;-1,4110791683197021;-0,5966617465019226;0,5156158804893494;0,19159755110740662;0,1412152647972107;0,00719789881259203
677;-180,0595245361328;-230,6667022705078;3657,599853515625;-0,3379635512828827;-1,3691192865371704;-0,5240764617919922;0,5071015954017639;0,18848277628421783;0,13884760439395905;0,007002556696534157
678;-180,0595245361328;-230,6667022705078;3657,599853515625;-0,11460868269205093;-1,2838947772979736;-0,5053567886352539;0,48321908712387085;0,17940515279769897;0,13231799006462097;0,006424795836210251
679;-180,0595245361328;-230,6667022705078;3657,599853515625;0,5484673380851746;-1,2943549156188965;-0,706782341003418;0,498792827129364;0,18518391251564026;0,13655395805835724;0,006799385882914066
680;-180,0595245361328;-230,6667022705078;3657,599853515625;0,05069712549448013;-1,2445356845855713;-0,5025856494903564;0,5017136931419373;0,18595299124717712;0,13736703991889954;0,006862655282020569
681;-180,0595245361328;-230,6667022705078;3657,599853515625;0,5467133522033691;-1,2836639881134033;-0,9187348484992981;0,4843570291996002;0,17929090559482574;0,13262039422988892;0,006441476289182901
682;-180,0595245361328;-230,6667022705078;3657,599853515625;0,3366491198539734;-1,3409316539764404;-0,6771771907806396;0,47519078850746155;0,1759197860956192;0,13008937239646912;0,00621578237041831
683;-180,0595245361328;-230,6667022705078;3657,599853515625;0,03080228716135025;-1,2709368467330933;-0,685889720916748;0,4739341735839844;0,1752912551164627;0,12974321842193604;0,006181615870445967
684;-180,0595245361328;-230,6667022705078;3657,599853515625;-0,26759904623031616;-0,9787289500236511;-0,47511300444602966;0,4498743414878845;0,16567692160606384;0,12319978326559067;0,005541930440813303
685;-180,0595245361328;-230,6667022705078;3657,599853515625;0,05154292657971382;-1,095205545425415;-0,5645767450332642;0,47210535407066345;0,17449766397476196;0,12922152876853943;0,006129149347543716
686;-180,0595245361328;-230,6667022705078;3657,599853515625;0,30562278628349304;-1,0137240886688232;-0,8487584590911865;0,4725472331047058;0,17426462471485138;0,12935709953308105;0,006132152397185564
687;-180,0595245361328;-230,6667022705078;3657,599853515625;0,3514469563961029;-1,1259318590164185;-0,9845585823059082;0,4587317109107971;0,16926930844783783;0,1255551129579544;0,005782268941402435
688;-180,0595245361328;-230,6667022705078;3657,599853515625;0,2397851198911667;-1,0855586528778076;-0,8137201070785522;0,4896303415298462;0,18090268969535828;0,13398787379264832;0,006551425904035568
689;-180,0595245361328;-230,6667022705078;3657,599853515625;0,17507535219192505;-1,1566721200942993;-0,7491968870162964;0,4821840524673462;0,17792768776416779;0,13195408880710602;0,00636680843308568
690;-180,0595245361328;-230,6667022705078;3657,599853515625;0,44608965516090393;-1,1164350509643555;-0,9811310172080994;0,45718178153038025;0,16836372017860413;0,12512217462062836;0,00573338195681572
691;-180,0595245361328;-230,6667022705078;3657,599853515625;0,6455577611923218;-1,1754279136657715;-1,129289984703064;0,43591830134391785;0,15977977216243744;0,119333416223526;0,005152090452611446
692;-180,0595245361328;-230,6667022705078;3657,599853515625;0,6117310523986816;-1,1667691469192505;-0,9634606838226318;0,3312324285507202;0,11982246488332748;0,09074348956346512;0,0007780955638736486
693;-180,0595245361328;-230,6667022705078;3657,599853515625;0,10175830870866776;-1,0992858409881592;-0,7250220775604248;0,4200904965400696;0,15320387482643127;0,11502054333686829;0,004647369030863047
694;-180,0595245361328;-230,6667022705078;3657,599853515625;0,8642607927322388;-1,3243273496627808;-1,0906646251678467;0,47145211696624756;0,17333745956420898;0,1290159374475479;0,006082410924136639
695;-180,0595245361328;-230,6667022705078;3657,599853515625;-0,0639304667711258;-1,0425405502319336;-0,9354193806648254;0,4513039290904999;0,16583211719989777;0,12350588291883469;0,00556207774206996
696;-180,0595245361328;-230,6667022705078;3657,599853515625;0,8909628391265869;-1,277363896369934;-1,0263221263885498;0,4178841710090637;0,15319423377513885;0,11436843872070312;0,004626186098903418
697;-180,0595245361328;-230,6667022705078;3657,599853515625;0,7953764200210571;-1,112298607826233;-1,097701907157898;0,4637441635131836;0,170899897813797;0,1268843114376068;0,005855449475347996
698;-180,0595245361328;-230,6667022705078;3657,599853515625;0,6833042502403259;-1,129341959953308;-1,1351110935211182;0,46305978298187256;0,1700362116098404;0,1267170011997223;0,005857248790562153
699;-180,0595245361328;-230,6667022705078;3657,599853515625;-0,14692075550556183;-0,8350813388824463;-0,9752054214477539;0,47778651118278503;0,1756325662136078;0,13074269890785217;0,00622417451813817
700;-180,0595245361328;-230,6667022705078;3657,599853515625;-0,1464381366968155;-0,7263582348823547;-1,1197410821914673;0,4723527133464813;0,17327864468097687;0,12927038967609406;0,0060831340961158276
701;-180,0595245361328;-230,6667022705078;3657,599853515625;0,5980684161186218;-0,990757405757904;-1,0120095014572144;0,4751303791999817;0,1748875081539154;0,13001202046871185;0,006141654681414366
702;-180,0595245361328;-230,6667022705078;3657,599853515625;0,3154312074184418;-1,0171276330947876;-1,1415477991104126;0,4962197244167328;0,1828715205192566;0,1357787698507309;0,006655489560216665
703;-180,0595245361328;-230,6667022705078;3657,599853515625;0,707134485244751;-1,0733639001846313;-1,0756218433380127;0,49328315258026123;0,18153426051139832;0,13498803973197937;0,006587229669094086
704;-180,0595245361328;-230,6667022705078;3657,599853515625;0,42421042919158936;-1,118093490600586;-1,1313456296920776;0,49374809861183167;0,18202567100524902;0,13510942459106445;0,006581179331988096
705;-180,0595245361328;-230,6667022705078;3657,599853515625;-0,16317546367645264;-0,82431960105896;-0,9465340375900269;0,4946904480457306;0,1817796230316162;0,13539382815361023;0,006616797298192978
706;-180,0595245361328;-230,6667022705078;3657,599853515625;-0,13183917105197906;-0,6855791211128235;-0,8188127875328064;0,4991609454154968;0,18377889692783356;0,13661164045333862;0,006716232746839523
707;-180,0595245361328;-230,6667022705078;3657,599853515625;0,3797903060913086;-1,0654813051223755;-0,7689447999000549;0,5125359892845154;0,18944257497787476;0,14025276899337769;0,006994843482971191
708;-180,0595245361328;-230,6667022705078;3657,599853515625;-0,5988643169403076;-0,5777387619018555;-1,1112992763519287;0,49162307381629944;0,18150469660758972;0,13454535603523254;0,006485710386186838
709;-180,0595245361328;-230,6667022705078;3657,599853515625;-0,021568598225712776;-0,8107275366783142;-0,9906863570213318;0,5095928311347961;0,18806126713752747;0,13946551084518433;0,006936449557542801
710;-180,0595245361328;-230,6667022705078;3657,599853515625;0,29083576798439026;-1,0794806480407715;-0,8604691624641418;0,5318701863288879;0,19688650965690613;0,14555710554122925;0,0074220201931893826
711;-180,0595245361328;-230,6667022705078;3657,599853515625;-0,2925102412700653;-0,7182394862174988;-0,8640991449356079;0,5309528112411499;0,19660229980945587;0,1453130543231964;0,007389722857624292
712;-180,0595245361328;-230,6667022705078;3657,599853515625;-0,5126991868019104;-0,6296591758728027;-0,8799910545349121;0,5299547910690308;0,19614681601524353;0,14505566656589508;0,007370087783783674
713;-180,0595245361328;-230,6667022705078;3657,599853515625;-0,8949007987976074;-0,4819783568382263;-1,132553219795227;0,5240303874015808;0,1937905251979828;0,14344921708106995;0,007239350117743015
714;-180,0595245361328;-230,6667022705078;3657,599853515625;-0,2957990765571594;-0,635222315788269;-0,9502240419387817;0,5214146375656128;0,19270721077919006;0,14274924993515015;0,007183189038187265
715;-180,0595245361328;-230,6667022705078;3657,599853515625;-1,176795244216919;-0,3236407935619354;-1,2117505073547363;0,5324580669403076;0,19684645533561707;0,14578166604042053;0,007439503911882639
716;-180,0595245361328;-230,6667022705078;3657,599853515625;-1,299739122390747;-0,24974890053272247;-1,1880964040756226;0,5332873463630676;0,1972736269235611;0,14601470530033112;0,007445917464792728
717;-180,0595245361328;-230,6667022705078;3657,599853515625;-1,0692020654678345;-0,4859888553619385;-1,1636284589767456;0,5504323244094849;0,2038634866476059;0,15070740878582;0,007823563180863857
718;-180,0595245361328;-230,6667022705078;3657,599853515625;-1,22148859500885;-0,45393848419189453;-1,0497897863388062;0,5381957292556763;0,19939963519573212;0,14736618101596832;0,0075238412246108055
719;-180,0595245361328;-230,6667022705078;3657,599853515625;-1,8356980085372925;-0,23188723623752594;-1,0831823348999023;0,542429506778717;0,2008754014968872;0,14854291081428528;0,007632924243807793
720;-180,0595245361328;-230,6667022705078;3657,599853515625;-1,1646348237991333;-0,22886700928211212;-0,9119216203689575;0,5349730253219604;0,19818362593650818;0,14650864899158478;0,007444336079061031
721;-180,0595245361328;-230,6667022705078;3657,599853515625;-1,658754825592041;-0,4437439739704132;-1,1032272577285767;0,5532333850860596;0,20482905209064484;0,15153175592422485;0,007886188104748726
722;-180,0595245361328;-230,6667022705078;3657,599853515625;-1,4112128019332886;-0,09678258001804352;-0,9336403608322144;0,5622024536132812;0,20819175243377686;0,15400293469429016;0,008086826652288437
723;-180,0595245361328;-230,6667022705078;3657,599853515625;-1,3051449060440063;-0,15812109410762787;-1,0997055768966675;0,554948091506958;0,20587100088596344;0,15199589729309082;0,007874120026826859
724;-180,0595245361328;-230,6667022705078;3657,599853515625;-1,3176953792572021;-0,3307184875011444;-1,1127946376800537;0,5408260226249695;0,2003277987241745;0,14816832542419434;0,007582736201584339
725;-180,0595245361328;-230,6667022705078;3657,599853515625;-1,3553802967071533;-0,20615409314632416;-1,087164044380188;0,5609526038169861;0,20756985247135162;0,15371957421302795;0,008068573661148548
726;-180,0595245361328;-230,6667022705078;3657,599853515625;-1,3263516426086426;-0,187925785779953;-1,036935806274414;0,5602735877037048;0,20771780610084534;0,15350840985774994;0,008013514801859856
727;-180,0595245361328;-230,6667022705078;3657,599853515625;-1,8936337232589722;0,01688326522707939;-1,2586840391159058;0,5569202303886414;0,206231489777565;0,1526334285736084;0,007964720018208027
728;-180,0595245361328;-230,6667022705078;3657,599853515625;-1,5764350891113281;-0,205100879073143;-0,9033595323562622;0,5668292045593262;0,2098473459482193;0,1553744077682495;0,008194337598979473
729;-180,0595245361328;-230,6667022705078;3657,599853515625;-1,6890909671783447;-0,11897150427103043;-1,0774099826812744;0,5737855434417725;0,21261560916900635;0,1572747826576233;0,008335381746292114
730;-180,0595245361328;-230,6667022705078;3657,599853515625;-1,365700125694275;-0,149454265832901;-1,0669291019439697;0,5737938284873962;0,2126234769821167;0,15729521214962006;0,008336461149156094
731;-180,0595245361328;-230,6667022705078;3657,599853515625;-1,4009000062942505;-0,2164629101753235;-1,043884515762329;0,5625770688056946;0,20827272534370422;0,15427401661872864;0,008102505467832088
732;-180,0595245361328;-230,6667022705078;3657,599853515625;-1,9668779373168945;-0,16321074962615967;-1,0874963998794556;0,5721400380134583;0,21184217929840088;0,15691518783569336;0,00831524282693863
733;-180,0595245361328;-230,6667022705078;3657,599853515625;-1,8680405616760254;-0,30362212657928467;-1,0280791521072388;0,5736580491065979;0,2123868465423584;0,15736129879951477;0,00835031270980835
734;-180,0595245361328;-230,6667022705078;3657,599853515625;-1,761243462562561;-0,26129597425460815;-1,3237898349761963;0,567046582698822;0,21006536483764648;0,1555502861738205;0,008200017735362053
735;-180,0595245361328;-230,6667022705078;3657,599853515625;-1,3755607604980469;-0,44574591517448425;-0,9751545190811157;0,5851666927337646;0,21671263873577118;0,16056755185127258;0,00859965942800045
736;-180,0595245361328;-230,6667022705078;3657,599853515625;-1,434807300567627;-0,41822105646133423;-0,8072532415390015;0,593435525894165;0,21973393857479095;0,16288527846336365;0,00877216923981905
737;-180,0595245361328;-230,6667022705078;3657,599853515625;-1,1599605083465576;-0,5522252917289734;-0,7507662177085876;0,6033889651298523;0,22367915511131287;0,16558139026165009;0,008989022113382816
738;-180,0595245361328;-230,6667022705078;3657,599853515625;-1,517503261566162;-0,41941091418266296;-0,8680392503738403;0,5988883376121521;0,2217283397912979;0,1644911766052246;0,008859465830028057
739;-180,0595245361328;-230,6667022705078;3657,599853515625;-1,718737006187439;-0,39330238103866577;-1,052587628364563;0,6010497212409973;0,22276294231414795;0,16505494713783264;0,008925090543925762
740;-180,0595245361328;-230,6667022705078;3657,599853515625;-1,6730191707611084;-0,5957829356193542;-0,9796252250671387;0,6116687655448914;0,22710616886615753;0,16784419119358063;0,0091592688113451
741;-180,0595245361328;-230,6667022705078;3657,599853515625;-1,6139440536499023;-0,2589074373245239;-1,2685577869415283;0,6096407175064087;0,22611381113529205;0,1674734205007553;0,00909560639411211
742;-180,0595245361328;-230,6667022705078;3657,599853515625;-1,644933819770813;-0,4597548842430115;-0,8774658441543579;0,6279682517051697;0,23317532241344452;0,17242833971977234;0,009502718225121498
743;-180,0595245361328;-230,6667022705078;3657,599853515625;-1,4820436239242554;-0,5655807852745056;-0,8457438349723816;0,5964378118515015;0,22139838337898254;0,16392138600349426;0,0088047431781888
744;-180,0595245361328;-230,6667022705078;3657,599853515625;-1,9343900680541992;-0,31999149918556213;-1,3292670249938965;0,6183017492294312;0,22973376512527466;0,1698511242866516;0,009293343871831894
745;-180,0595245361328;-230,6667022705078;3657,599853515625;-1,291111946105957;-0,35222551226615906;-0,6977205276489258;0,6217547059059143;0,23111923038959503;0,1708248406648636;0,009362979792058468
746;-180,0595245361328;-230,6667022705078;3657,599853515625;-1,4842244386672974;-0,38097962737083435;-1,1614699363708496;0,6360785365104675;0,2365511655807495;0,1748001128435135;0,009651446714997292
747;-180,0595245361328;-230,6667022705078;3657,599853515625;-1,0296887159347534;-0,6154363751411438;-0,8977953791618347;0,6150727272033691;0,228862926363945;0,16901414096355438;0,009226590394973755
748;-180,0595245361328;-230,6667022705078;3657,599853515625;-0,535732626914978;-0,3753519654273987;-0,5547532439231873;0,6484171748161316;0,2413911521434784;0,1782105267047882;0,009908309206366539
749;-180,0595245361328;-230,6667022705078;3657,599853515625;-1,1974462270736694;-0,5023655891418457;-0,9764469861984253;0,6376575231552124;0,23753948509693146;0,17537343502044678;0,00964844785630703
750;-180,0595245361328;-230,6667022705078;3657,599853515625;-0,6262942552566528;-0,4839397370815277;-0,606054961681366;0,6419346928596497;0,23927642405033112;0,1765577644109726;0,009740101173520088
751;-180,0595245361328;-230,6667022705078;3657,599853515625;-0,40658384561538696;-0,5949256420135498;-0,7690818309783936;0,6513870358467102;0,2429463267326355;0,17916910350322723;0,009933770634233952
752;-180,0595245361328;-230,6667022705078;3657,599853515625;-1,4814647436141968;-0,3875559866428375;-0,9760063886642456;0,6362977027893066;0,23746861517429352;0,1750386506319046;0,009629183448851109
753;-180,0595245361328;-230,6667022705078;3657,599853515625;-0,24437230825424194;-0,2817617356777191;-0,22098544239997864;0,6528051495552063;0,24384360015392303;0,17965705692768097;0,009930695407092571
754;-180,0595245361328;-230,6667022705078;3657,599853515625;-1,626084566116333;-0,23253487050533295;-1,1573669910430908;0,6518619656562805;0,24359741806983948;0,17936550080776215;0,009938586503267288
755;-180,0595245361328;-230,6667022705078;3657,599853515625;-0,3346734941005707;-0,3707255721092224;-0,5543031692504883;0,650425910949707;0,24316389858722687;0,1789451241493225;0,009928322397172451
756;-180,0595245361328;-230,6667022705078;3657,599853515625;-0,34532201290130615;-0,5923805236816406;-0,7225722074508667;0,6687895059585571;0,2502754032611847;0,18407341837882996;0,010268116369843483
757;-180,0595245361328;-230,6667022705078;3657,599853515625;-0,08167438209056854;-0,17856253683567047;-0,2605089843273163;0,6613884568214417;0,247600719332695;0,18200995028018951;0,010141936130821705
758;-180,0595245361328;-230,6667022705078;3657,599853515625;-0,5605279803276062;-0,4346202611923218;-0,3273993134498596;0,6694067716598511;0,25073713064193726;0,18421702086925507;0,010308811441063881
759;-180,0595245361328;-230,6667022705078;3657,599853515625;-0,17744256556034088;-0,427730917930603;-0,29486027359962463;0,669840395450592;0,2512299716472626;0,18444186449050903;0,010275487788021564
760;-180,0595245361328;-230,6667022705078;3657,599853515625;-0,09671836346387863;-0,24666963517665863;-0,4096392095088959;0,6726940870285034;0,2523694932460785;0,18519186973571777;0,0103580541908741
761;-180,0595245361328;-230,6667022705078;3657,599853515625;-0,06697745621204376;-0,08453942835330963;-0,40025585889816284;0,6778980493545532;0,2545745372772217;0,18667860329151154;0,010441796854138374
762;-180,0595245361328;-230,6667022705078;3657,599853515625;-0,09326823055744171;0,0012551904655992985;-0,2537202537059784;0,6753695011138916;0,2537202537059784;0,18596085906028748;0,010409866459667683
763;-180,0595245361328;-230,6667022705078;3657,599853515625;0,03751594200730324;-0,06535782665014267;-0,1959696263074875;0,6794227957725525;0,25525030493736267;0,18702027201652527;0,010520406998693943
764;-180,0595245361328;-230,6667022705078;3657,599853515625;0,31322917342185974;0,05516617372632027;-0,3016192615032196;0,681322455406189;0,2565743923187256;0,1877429336309433;0,0104671660810709
765;-180,0595245361328;-230,6667022705078;3657,599853515625;-0,522881805896759;-0,0905233696103096;-0,3460982143878937;0,6822108626365662;0,2568656802177429;0,18790903687477112;0,010534205473959446
766;-180,0595245361328;-230,6667022705078;3657,599853515625;-0,21053731441497803;-0,017561674118041992;-0,16415490210056305;0,6766160130500793;0,2551203966140747;0,18645648658275604;0,010386033914983273
767;-180,0595245361328;-230,6667022705078;3657,599853515625;-0,09136296063661575;0,15145760774612427;-0,23576505482196808;0,6804747581481934;0,2564869821071625;0,1874322146177292;0,010512979701161385
768;-180,0595245361328;-230,6667022705078;3657,599853515625;-0,19192108511924744;-0,11526349931955338;-0,15240192413330078;0,679976224899292;0,2566601634025574;0,18737757205963135;0,01046862080693245
769;-180,0595245361328;-230,6667022705078;3657,599853515625;0,10574140399694443;0,0030677798204123974;-0,3987364172935486;0,6870324611663818;0,25934121012687683;0,1892780363559723;0,010634840466082096
770;-180,0595245361328;-230,6667022705078;3657,599853515625;-1,0372936725616455;-0,21867898106575012;-0,45814645290374756;0,6948269009590149;0,262581467628479;0,19148162007331848;0,010764681734144688
771;-180,0595245361328;-230,6667022705078;3657,599853515625;-0,9610259532928467;-0,015867097303271294;-0,36549830436706543;0,6952202916145325;0,26311245560646057;0,19167296588420868;0,010731526650488377
772;-180,0595245361328;-230,6667022705078;3657,599853515625;0,6255439519882202;-0,06040716916322708;-0,10814695060253143;0,7167357206344604;0,270993709564209;0,19746819138526917;0,011225339025259018
773;-180,0595245361328;-230,6667022705078;3657,599853515625;0,9368495345115662;-0,31853172183036804;-0,07297118008136749;0,6980384588241577;0,26416707038879395;0,19235309958457947;0,01084986887872219
774;-180,0595245361328;-230,6667022705078;3657,599853515625;-0,12039544433355331;-0,03959409520030022;-0,31770142912864685;0,6943296194076538;0,262969434261322;0,1913551390171051;0,010770385153591633
775;-180,0595245361328;-230,6667022705078;3657,599853515625;0,42090314626693726;0,02034808322787285;-0,23719476163387299;0,7076671123504639;0,2680562436580658;0,19499985873699188;0,011048683896660805
776;-180,0595245361328;-230,6667022705078;3657,599853515625;-0,30093127489089966;-0,15494468808174133;-0,40473970770835876;0,7187290191650391;0,2727707028388977;0,19817152619361877;0,011200648732483387
777;-180,0595245361328;-230,6667022705078;3657,599853515625;-0,10931307822465897;-0,11168129742145538;-0,5509627461433411;0,7177194952964783;0,27190226316452026;0,19770178198814392;0,011281857267022133
778;-180,0595245361328;-230,6667022705078;3657,599853515625;-0,27138277888298035;-0,1101842001080513;-0,4660622775554657;0,7240990996360779;0,2748151123523712;0,19957278668880463;0,01135487575083971
779;-180,0595245361328;-230,6667022705078;3657,599853515625;-0,07960491627454758;-0,37574639916419983;-0,4686581790447235;0,7395132780075073;0,28034672141075134;0,20368653535842896;0,011717534624040127
780;-180,0595245361328;-230,6667022705078;3657,599853515625;0,8688414692878723;-0,3911161720752716;-0,4199036955833435;0,7284402847290039;0,27587059140205383;0,20051521062850952;0,011550870724022388
781;-180,0595245361328;-230,6667022705078;3657,599853515625;1,4027600288391113;-0,25075799226760864;-0,4532187283039093;0,7619292140007019;0,2890099883079529;0,20983727276325226;0,012163246981799603
782;-180,0595245361328;-230,6667022705078;3657,599853515625;0,3191489279270172;-0,26853200793266296;-0,32355329394340515;0,7499529123306274;0,28455784916877747;0,20653201639652252;0,011938412673771381
783;-180,0595245361328;-230,6667022705078;3657,599853515625;0,18575450778007507;-0,3667871356010437;-0,4323943257331848;0,7538385391235352;0,28613585233688354;0,20759989321231842;0,012016152031719685
784;-180,0595245361328;-230,6667022705078;3657,599853515625;-0,20318706333637238;-0,43633490800857544;-0,5196292996406555;0,7452123761177063;0,28338423371315;0,20534417033195496;0,011797240003943443
785;-180,0595245361328;-230,6667022705078;3657,599853515625;-0,7341031432151794;-0,7264341711997986;-0,5491433143615723;0,7534475326538086;0,28623223304748535;0,2075018584728241;0,012007948011159897
786;-180,0595245361328;-230,6667022705078;3657,599853515625;0,9559339880943298;-0,6872479915618896;-0,3448805809020996;0,7494957447052002;0,28517642617225647;0,20650869607925415;0,011887365952134132
787;-180,0595245361328;-230,6667022705078;3657,599853515625;-0,4609384536743164;-0,35916346311569214;-0,577278733253479;0,7597060799598694;0,28886061906814575;0,20924052596092224;0,012123354710638523
788;-180,0595245361328;-230,6667022705078;3657,599853515625;1,008983850479126;-0,12994174659252167;-0,293789803981781;0,7427178621292114;0,28274306654930115;0,2046327143907547;0,011764022521674633
789;-180,0595245361328;-230,6667022705078;3657,599853515625;-0,34227925539016724;-0,4330730736255646;-0,4321114420890808;0,7620008587837219;0,28965094685554504;0,20979797840118408;0,01220044493675232
790;-180,0595245361328;-230,6667022705078;3657,599853515625;0,16659259796142578;-0,10207126289606094;-0,4858818054199219;0,7688211798667908;0,2927336096763611;0,21179071068763733;0,012278922833502293
791;-180,0595245361328;-230,6667022705078;3657,599853515625;0,10575152188539505;-0,16175577044487;-0,5897581577301025;0,7610167264938354;0,2896520495414734;0,20958742499351501;0,01215480174869299
792;-180,0595245361328;-230,6667022705078;3657,599853515625;0,8396750092506409;0,1118893101811409;-0,37698549032211304;0,7651273608207703;0,2910296618938446;0,21064560115337372;0,012265419587492943
793;-180,0595245361328;-230,6667022705078;3657,599853515625;0,1298496574163437;-0,6761568188667297;-0,575514018535614;0,76313316822052;0,2906489968299866;0,21018445491790771;0,012186486274003983
794;-180,0595245361328;-230,6667022705078;3657,599853515625;-0,06916502863168716;-0,6585792303085327;-0,2530057430267334;0,7693420648574829;0,2921973466873169;0,21164587140083313;0,012407713569700718
795;-180,0595245361328;-230,6667022705078;3657,599853515625;0,8464230895042419;-0,3797866404056549;-0,5142540335655212;0,7555335164070129;0,2876262068748474;0,20802123844623566;0,012070738710463047
796;-180,0595245361328;-230,6667022705078;3657,599853515625;0,23859304189682007;-0,7170078158378601;-0,4464495778083801;0,7623804211616516;0,28991374373435974;0,20980137586593628;0,012246077880263329
797;-180,0595245361328;-230,6667022705078;3657,599853515625;0,48139381408691406;-0,5329104661941528;-0,3440716564655304;0,7742987871170044;0,29427027702331543;0,21301747858524323;0,012499099597334862
798;-180,0595245361328;-230,6667022705078;3657,599853515625;-0,14164501428604126;-1,1391171216964722;-0,40833064913749695;0,7740617990493774;0,2941363453865051;0,21292755007743835;0,012502840720117092
799;-180,0595245361328;-230,6667022705078;3657,599853515625;0,10546072572469711;-1,0371253490447998;-0,4867570400238037;0,7676185965538025;0,29187995195388794;0,21119965612888336;0,012359816581010818
800;-180,0595245361328;-230,6667022705078;3657,599853515625;0,18717198073863983;-1,361504316329956;-0,5384426116943359;0,7661044001579285;0,29173779487609863;0,21089957654476166;0,01227517705410719
801;-180,0595245361328;-230,6667022705078;3657,599853515625;0,7827115654945374;-0,8071138858795166;-0,5121187567710876;0,7614996433258057;0,2899366021156311;0,20961150527000427;0,012193026021122932
802;-180,0595245361328;-230,6667022705078;3657,599853515625;0,33916258811950684;-0,8424820899963379;-0,3627064526081085;0,7595202922821045;0,28924697637557983;0,20908086001873016;0,012143446132540703
803;-180,0595245361328;-230,6667022705078;3657,599853515625;0,5892137289047241;-0,9479547142982483;-0,4840456545352936;0,7693719267845154;0,2928582429885864;0,21174849569797516;0,012349420227110386
804;-180,0595245361328;-230,6667022705078;3657,599853515625;-0,07243367284536362;-1,1620653867721558;-0,5628753304481506;0,7771121859550476;0,29538145661354065;0,21375180780887604;0,01255346555262804
805;-180,0595245361328;-230,6667022705078;3657,599853515625;0,7090018391609192;-1,2295063734054565;-0,6027262210845947;0,7542020678520203;0,28675439953804016;0,20747417211532593;0,012097427621483803
806;-180,0595245361328;-230,6667022705078;3657,599853515625;0,37241092324256897;-1,2488192319869995;-0,41774243116378784;0,7621586322784424;0,2897747755050659;0,20966345071792603;0,012245702557265759
807;-180,0595245361328;-230,6667022705078;3657,599853515625;0,7460581660270691;-1,4433008432388306;-0,7420946955680847;0,7585664987564087;0,2882900536060333;0,20864243805408478;0,012186914682388306
808;-180,0595245361328;-230,6667022705078;3657,599853515625;0,14239859580993652;-1,785916805267334;-0,514214277267456;0,7535840272903442;0,28622567653656006;0,20722083747386932;0,012107916176319122
809;-180,0595245361328;-230,6667022705078;3657,599853515625;1,030944585800171;-1,6578258275985718;-0,8751474618911743;0,7454837560653687;0,2834334373474121;0,20509421825408936;0,011896130628883839
810;-180,0595245361328;-230,6667022705078;3657,599853515625;0,6085861921310425;-1,3700323104858398;-0,852447509765625;0,7369113564491272;0,2799144387245178;0,20266282558441162;0,011762245558202267
811;-180,0595245361328;-230,6667022705078;3657,599853515625;0,46067482233047485;-1,5152170658111572;-0,7654800415039062;0,7499945163726807;0,2845113277435303;0,20613206923007965;0,012061620131134987
812;-180,0595245361328;-230,6667022705078;3657,599853515625;0,569489061832428;-1,7577238082885742;-0,9051335453987122;0,7418235540390015;0,28148484230041504;0,20394189655780792;0,011879605241119862
813;-180,0595245361328;-230,6667022705078;3657,599853515625;0,1560986191034317;-2,133546829223633;-0,6377811431884766;0,7282224893569946;0,2763541340827942;0,20022885501384735;0,011594817973673344
814;-180,0595245361328;-230,6667022705078;3657,599853515625;0,12744960188865662;-2,348280906677246;-0,587938129901886;0,7296009659767151;0,2768377959728241;0,20061323046684265;0,011609964072704315
815;-180,0595245361328;-230,6667022705078;3657,599853515625;0,9833357334136963;-1,9145969152450562;-1,2065625190734863;0,7155100703239441;0,27123647928237915;0,19666892290115356;0,011364828795194626
816;-180,0595245361328;-230,6667022705078;3657,599853515625;0,10527504235506058;-2,2125749588012695;-0,8406070470809937;0,7056721448898315;0,26761558651924133;0,19403286278247833;0,011127843521535397
817;-180,0595245361328;-230,6667022705078;3657,599853515625;0,32369810342788696;-2,4386706352233887;-0,9738386273384094;0,7163887619972229;0,2712542712688446;0,19683758914470673;0,011401374824345112
818;-180,0595245361328;-230,6667022705078;3657,599853515625;0,16442354023456573;-2,7131903171539307;-0,8730434775352478;0,7082637548446655;0,2680733799934387;0,19459566473960876;0,011240491643548012
819;-180,0595245361328;-230,6667022705078;3657,599853515625;1,0658670663833618;-2,7737929821014404;-1,30099356174469;0,6996599435806274;0,2649580240249634;0,19232133030891418;0,011009495705366135
820;-180,0595245361328;-230,6667022705078;3657,599853515625;0,6726704835891724;-2,6560139656066895;-1,313108205795288;0,6946976184844971;0,262742280960083;0,19084617495536804;0,010963808745145798
821;-180,0595245361328;-230,6667022705078;3657,599853515625;0,9629555344581604;-2,9164540767669678;-1,3050055503845215;0,6851988434791565;0,2590729892253876;0,18824784457683563;0,010763309895992279
822;-180,0595245361328;-230,6667022705078;3657,599853515625;1,1045736074447632;-3,002551794052124;-1,359314203262329;0,6677737832069397;0,25226157903671265;0,18340545892715454;0,010440865531563759
823;-180,0595245361328;-230,6667022705078;3657,599853515625;0,46983855962753296;-3,2903194427490234;-1,199493646621704;0,6737428307533264;0,25435206294059753;0,18501119315624237;0,010569090954959393
824;-180,0595245361328;-230,6667022705078;3657,599853515625;0,9676302671432495;-3,3432633876800537;-1,2861279249191284;0,6805187463760376;0,2566552460193634;0,186787948012352;0,010735518299043179
825;-180,0595245361328;-230,6667022705078;3657,599853515625;0,4997003674507141;-3,6037709712982178;-1,1331171989440918;0,6636350750923157;0,2502298057079315;0,18216769397258759;0,010379325598478317
826;-180,0595245361328;-230,6667022705078;3657,599853515625;1,0746101140975952;-3,501182794570923;-1,6124792098999023;0,6817612648010254;0,25700387358665466;0,18717414140701294;0,010715099051594734
827;-180,0595245361328;-230,6667022705078;3657,599853515625;0,32170259952545166;-3,8907623291015625;-1,4971638917922974;0,6454745531082153;0,24304620921611786;0,17709510028362274;0,010035286657512188
828;-180,0595245361328;-230,6667022705078;3657,599853515625;1,46319580078125;-3,769242286682129;-1,8338053226470947;0,6565746665000916;0,24721015989780426;0,18021222949028015;0,010216758586466312
829;-180,0595245361328;-230,6667022705078;3657,599853515625;1,0364776849746704;-3,934950590133667;-1,8272234201431274;0,6484867930412292;0,24397942423820496;0,17793557047843933;0,010074393823742867
830;-180,0595245361328;-230,6667022705078;3657,599853515625;1,0470528602600098;-4,375892639160156;-1,5828207731246948;0,6397035717964172;0,24050448834896088;0,17547066509723663;0,009912876412272453
831;-180,0595245361328;-230,6667022705078;3657,599853515625;1,3720662593841553;-4,341025352478027;-1,8286194801330566;0,624434769153595;0,23463471233844757;0,17126397788524628;0,009599006734788418
832;-180,0595245361328;-230,6667022705078;3657,599853515625;1,655055046081543;-4,620543003082275;-2,257652521133423;0,6298481822013855;0,23656721413135529;0,1727912425994873;0,009679977782070637
833;-180,0595245361328;-230,6667022705078;3657,599853515625;1,6559228897094727;-4,87404727935791;-2,19095516204834;0,6247689723968506;0,23450031876564026;0,17132270336151123;0,009604579769074917
834;-180,0595245361328;-230,6667022705078;3657,599853515625;2,6426875591278076;-4,7929182052612305;-2,9758968353271484;0,6048485636711121;0,2268959879875183;0,16587312519550323;0,009175796993076801
835;-180,0595245361328;-230,6667022705078;3657,599853515625;1,7401124238967896;-5,0254364013671875;-2,2203762531280518;0,5876346230506897;0,22030961513519287;0,16112440824508667;0,008818281814455986
836;-180,0595245361328;-230,6667022705078;3657,599853515625;1,8507726192474365;-5,181955337524414;-2,7175095081329346;0,5802344083786011;0,217397078871727;0,15909986197948456;0,008650634437799454
837;-180,0595245361328;-230,6667022705078;3657,599853515625;2,2057454586029053;-5,135144233703613;-2,830735445022583;0,5645269155502319;0,21141736209392548;0,1547297090291977;0,00832903292030096
838;-180,0595245361328;-230,6667022705078;3657,599853515625;1,9879276752471924;-5,457865238189697;-3,0858640670776367;0,5870960354804993;0,21972434222698212;0,1609218269586563;0,008806440979242325
839;-180,0595245361328;-230,6667022705078;3657,599853515625;2,766796350479126;-5,4958415031433105;-3,5288710594177246;0,5572397112846375;0,20842644572257996;0,15272432565689087;0,008161009289324284
840;-180,0595245361328;-230,6667022705078;3657,599853515625;2,8974199295043945;-5,676089286804199;-3,2529237270355225;0,5648611783981323;0,2111135572195053;0,15482081472873688;0,008315823040902615
841;-180,0595245361328;-230,6667022705078;3657,599853515625;2,254940986633301;-5,681584358215332;-3,494757890701294;0,5597458481788635;0,20933732390403748;0,15327689051628113;0,008222085423767567
842;-180,0595245361328;-230,6667022705078;3657,599853515625;2,171147346496582;-5,670750141143799;-3,2885537147521973;0,5450893640518188;0,20356763899326324;0,1493328958749771;0,007892727851867676
843;-180,0595245361328;-230,6667022705078;3657,599853515625;2,5167396068573;-5,74249267578125;-3,574812173843384;0,5357342958450317;0,20000632107257843;0,14674289524555206;0,007681724615395069
844;-180,0595245361328;-230,6667022705078;3657,599853515625;3,2180075645446777;-6,217769145965576;-3,8266310691833496;0,5365163087844849;0,20001648366451263;0,14699840545654297;0,0076856110244989395
845;-180,0595245361328;-230,6667022705078;3657,599853515625;2,535515546798706;-6,1341633796691895;-3,950615167617798;0,5420718789100647;0,20206919312477112;0,14847786724567413;0,007817394100129604
846;-180,0595245361328;-230,6667022705078;3657,599853515625;3,4843151569366455;-6,284611701965332;-4,239931106567383;0,5327852368354797;0,19876255095005035;0,1458585411310196;0,007601386401802301
847;-180,0595245361328;-230,6667022705078;3657,599853515625;3,7108020782470703;-6,517559051513672;-4,553812026977539;0,5252569317817688;0,19570767879486084;0,14382679760456085;0,007432540878653526
848;-180,0595245361328;-230,6667022705078;3657,599853515625;3,3619792461395264;-6,433346748352051;-4,591311931610107;0,5202939510345459;0,19347305595874786;0,14250501990318298;0,007308810018002987
849;-180,0595245361328;-230,6667022705078;3657,599853515625;3,3587093353271484;-6,472479343414307;-4,455770492553711;0,5163426399230957;0,19187422096729279;0,14141571521759033;0,007215003948658705
850;-180,0595245361328;-230,6667022705078;3657,599853515625;2,861349582672119;-6,59114933013916;-4,494898796081543;0,5061163306236267;0,18809953331947327;0,13858020305633545;0,006979277357459068
851;-180,0595245361328;-230,6667022705078;3657,599853515625;3,035189151763916;-6,505450248718262;-4,536102771759033;0,48280608654022217;0,17924322187900543;0,13220176100730896;0,006414804141968489
852;-180,0595245361328;-230,6667022705078;3657,599853515625;3,7775075435638428;-6,582973480224609;-4,798011302947998;0,49811533093452454;0,18491418659687042;0,13637076318264008;0,006783363875001669
853;-180,0595245361328;-230,6667022705078;3657,599853515625;3,2499706745147705;-6,541627883911133;-4,597878932952881;0,5009611248970032;0,1856822371482849;0,1371624618768692;0,006845331285148859
854;-180,0595245361328;-230,6667022705078;3657,599853515625;3,7917275428771973;-6,607507705688477;-4,995234489440918;0,48486900329589844;0,17949233949184418;0,13275963068008423;0,006454323418438435
855;-180,0595245361328;-230,6667022705078;3657,599853515625;3,6193056106567383;-6,6238203048706055;-4,814614295959473;0,4749981164932251;0,17585031688213348;0,13003592193126678;0,006210956256836653
856;-180,0595245361328;-230,6667022705078;3657,599853515625;3,2963106632232666;-6,609081268310547;-4,818664073944092;0,4746108055114746;0,17554804682731628;0,12992775440216064;0,006198495160788298
857;-180,0595245361328;-230,6667022705078;3657,599853515625;3,007335901260376;-6,331361293792725;-4,670055389404297;0,44940057396888733;0,16549916565418243;0,12307050079107285;0,005529609974473715
858;-180,0595245361328;-230,6667022705078;3657,599853515625;3,3329131603240967;-6,467137813568115;-4,712723255157471;0,4714871942996979;0,17425839602947235;0,12905320525169373;0,006113731302320957
859;-180,0595245361328;-230,6667022705078;3657,599853515625;3,7236177921295166;-6,4551310539245605;-5,056770324707031;0,47293800115585327;0,17443178594112396;0,12946276366710663;0,006142770405858755
860;-180,0595245361328;-230,6667022705078;3657,599853515625;3,6720356941223145;-6,537962913513184;-5,20413875579834;0,45977672934532166;0,16966620087623596;0,12584151327610016;0,005809210240840912
861;-180,0595245361328;-230,6667022705078;3657,599853515625;3,5440359115600586;-6,470919132232666;-5,005904674530029;0,4894038736820221;0,18082879483699799;0,13392455875873566;0,006545760203152895
862;-180,0595245361328;-230,6667022705078;3657,599853515625;3,4189910888671875;-6,5171613693237305;-4,915523052215576;0,48145318031311035;0,1776050329208374;0,13175207376480103;0,0063488297164440155
863;-180,0595245361328;-230,6667022705078;3657,599853515625;3,773759603500366;-6,508296966552734;-5,218151092529297;0,4570562541484833;0,16830453276634216;0,12508870661258698;0,005730240140110254
864;-180,0595245361328;-230,6667022705078;3657,599853515625;3,888934373855591;-6,530344486236572;-5,332256317138672;0,43591856956481934;0,15987206995487213;0,11932894587516785;0,005158153362572193
865;-180,0595245361328;-230,6667022705078;3657,599853515625;3,9174771308898926;-6,570322036743164;-5,195553779602051;0,33270975947380066;0,12041246891021729;0,0911455899477005;0,0009540555765852332
866;-180,0595245361328;-230,6667022705078;3657,599853515625;3,3565099239349365;-6,517299652099609;-4,975283145904541;0,420759916305542;0,1534057855606079;0,11520582437515259;0,0046565476804971695
867;-180,0595245361328;-230,6667022705078;3657,599853515625;4,150114059448242;-6,689217567443848;-5,277345180511475;0,47131600975990295;0,1732897311449051;0,12897847592830658;0,0060790725983679295
868;-180,0595245361328;-230,6667022705078;3657,599853515625;3,249403238296509;-6,451374530792236;-5,170609951019287;0,45147615671157837;0,16590094566345215;0,12354978173971176;0,005566548556089401
869;-180,0595245361328;-230,6667022705078;3657,599853515625;4,175909519195557;-6,636501789093018;-5,233671188354492;0,4173968434333801;0,15298883616924286;0,11423520743846893;0,0046133254654705524
870;-180,0595245361328;-230,6667022705078;3657,599853515625;4,107009410858154;-6,514336585998535;-5,330766677856445;0,4629489779472351;0,17060360312461853;0,126666858792305;0,005834429524838924
871;-180,0595245361328;-230,6667022705078;3657,599853515625;3,943936586380005;-6,458591938018799;-5,310394287109375;0,4637182652950287;0,17027805745601654;0,12689965963363647;0,005874070338904858
872;-180,0595245361328;-230,6667022705078;3657,599853515625;3,0194950103759766;-6,162847995758057;-5,184360980987549;0,4765322804450989;0,17516212165355682;0,13039977848529816;0,006193017121404409
873;-180,0595245361328;-230,6667022705078;3657,599853515625;3,202455997467041;-6,1437554359436035;-5,321462631225586;0,4725048243999481;0,1733286827802658;0,12931180000305176;0,00608674855902791
874;-180,0595245361328;-230,6667022705078;3657,599853515625;3,8353512287139893;-6,32940673828125;-5,156152248382568;0,47460636496543884;0,17465417087078094;0,12987005710601807;0,0061301616951823235
875;-180,0595245361328;-230,6667022705078;3657,599853515625;3,5595595836639404;-6,373744964599609;-5,4037861824035645;0,49559372663497925;0,18264079093933105;0,1356075406074524;0,006640113890171051
876;-180,0595245361328;-230,6667022705078;3657,599853515625;3,9562582969665527;-6,38808536529541;-5,201939105987549;0,4924825429916382;0,181222066283226;0,13476957380771637;0,006568072363734245
877;-180,0595245361328;-230,6667022705078;3657,599853515625;3,697082996368408;-6,490472793579102;-5,31842041015625;0,49473971128463745;0,18239563703536987;0,1353805959224701;0,006605599075555801
878;-180,0595245361328;-230,6667022705078;3657,599853515625;3,0559322834014893;-6,145029067993164;-5,1142802238464355;0,4953300654888153;0,1820158213376999;0,13557036221027374;0,006632163655012846
879;-180,0595245361328;-230,6667022705078;3657,599853515625;3,0555148124694824;-6,042284965515137;-5,028682708740234;0,49858933687210083;0,18355804681777954;0,13645559549331665;0,00670267827808857
880;-180,0595245361328;-230,6667022705078;3657,599853515625;3,6903154850006104;-6,459979057312012;-4,94623327255249;0,5120763778686523;0,189278706908226;0,1401268094778061;0,0069830031134188175
881;-180,0595245361328;-230,6667022705078;3657,599853515625;2,681708335876465;-5,949629783630371;-5,259685039520264;0,49307382106781006;0,18206007778644562;0,13494180142879486;0,00652084406465292
882;-180,0595245361328;-230,6667022705078;3657,599853515625;3,3640999794006348;-6,212784767150879;-5,17329216003418;0,5094252824783325;0,18799495697021484;0,1394285410642624;0,006932704243808985
883;-180,0595245361328;-230,6667022705078;3657,599853515625;3,4219422340393066;-6,2728705406188965;-4,981003761291504;0,531753420829773;0,19681498408317566;0,14552633464336395;0,00742192892357707
884;-180,0595245361328;-230,6667022705078;3657,599853515625;3,1296586990356445;-6,049003601074219;-4,971033573150635;0,5307399034500122;0,19652505218982697;0,1452547013759613;0,007384428288787603
885;-180,0595245361328;-230,6667022705078;3657,599853515625;2,7750086784362793;-5,888968467712402;-4,943955898284912;0,5302808880805969;0,19627517461776733;0,1451418548822403;0,007377218920737505
886;-180,0595245361328;-230,6667022705078;3657,599853515625;2,3631794452667236;-5,732203006744385;-5,226149082183838;0,5240833163261414;0,19382290542125702;0,14345984160900116;0,007239429745823145
887;-180,0595245361328;-230,6667022705078;3657,599853515625;2,921988010406494;-5,882119178771973;-5,0674333572387695;0,5213777422904968;0,1927013099193573;0,14273875951766968;0,007181626744568348
888;-180,0595245361328;-230,6667022705078;3657,599853515625;2,211658000946045;-5,654211521148682;-5,315282821655273;0,5325585603713989;0,19687344133853912;0,14580990374088287;0,0074426340870559216
889;-180,0595245361328;-230,6667022705078;3657,599853515625;1,9286367893218994;-5,499029159545898;-5,307742595672607;0,5333518981933594;0,19729700684547424;0,14603161811828613;0,007447499316185713
890;-180,0595245361328;-230,6667022705078;3657,599853515625;2,163214921951294;-5,7066473960876465;-5,255304336547852;0,5503790378570557;0,2038297802209854;0,1506935954093933;0,007823681458830833
891;-180,0595245361328;-230,6667022705078;3657,599853515625;2,224207639694214;-5,81791877746582;-5,120803356170654;0,5387389063835144;0,1995922476053238;0,14751572906970978;0,007537905126810074
892;-180,0595245361328;-230,6667022705078;3657,599853515625;1,5364158153533936;-5,580316543579102;-5,142055034637451;0,5429765582084656;0,20109698176383972;0,14869415760040283;0,007643740624189377
893;-180,0595245361328;-230,6667022705078;3657,599853515625;2,176854372024536;-5,56074857711792;-4,995347499847412;0,5361421704292297;0,1986171007156372;0,14683060348033905;0,0074724056757986546
894;-180,0595245361328;-230,6667022705078;3657,599853515625;1,754105806350708;-5,748020172119141;-5,196836471557617;0,5535123348236084;0,2049296349287033;0,15160851180553436;0,007892875000834465
895;-180,0595245361328;-230,6667022705078;3657,599853515625;1,7956222295761108;-5,3156561851501465;-5,012707233428955;0,5624454617500305;0,20826582610607147;0,15406768023967743;0,008093783631920815
896;-180,0595245361328;-230,6667022705078;3657,599853515625;2,1764204502105713;-5,449068546295166;-5,149604797363281;0,5536059737205505;0,2053663730621338;0,15162891149520874;0,007843545638024807
897;-180,0595245361328;-230,6667022705078;3657,599853515625;2,129814624786377;-5,637686729431152;-5,117208003997803;0,5414305925369263;0,200532928109169;0,1483362913131714;0,007599426433444023
898;-180,0595245361328;-230,6667022705078;3657,599853515625;2,2366111278533936;-5,491800785064697;-5,147322654724121;0,5606483221054077;0,20744799077510834;0,15363717079162598;0,00806232076138258
899;-180,0595245361328;-230,6667022705078;3657,599853515625;2,086948871612549;-5,3787617683410645;-5,080427646636963;0,5596061944961548;0,20745816826820374;0,1533268392086029;0,007999693974852562
900;-180,0595245361328;-230,6667022705078;3657,599853515625;1,528907299041748;-5,192111015319824;-5,23010778427124;0,5582932829856873;0,2067553699016571;0,1530013084411621;0,007994614541530609
901;-180,0595245361328;-230,6667022705078;3657,599853515625;1,8369892835617065;-5,3423171043396;-4,948032855987549;0,5673211216926575;0,21005022525787354;0,15550386905670166;0,008203865960240364
902;-180,0595245361328;-230,6667022705078;3657,599853515625;1,9311580657958984;-5,326465606689453;-4,993645668029785;0,5730823874473572;0,21234622597694397;0,15708324313163757;0,008320446126163006
903;-180,0595245361328;-230,6667022705078;3657,599853515625;2,064957857131958;-5,2426981925964355;-4,972497940063477;0,5739288330078125;0,21267639100551605;0,1573319137096405;0,008339216001331806
904;-180,0595245361328;-230,6667022705078;3657,599853515625;2,274470806121826;-5,3682050704956055;-4,969658374786377;0,5625953078269958;0,2082703858613968;0,15427564084529877;0,008103491738438606
905;-180,0595245361328;-230,6667022705078;3657,599853515625;1,6552324295043945;-5,256875991821289;-4,932182788848877;0,5721791386604309;0,21183764934539795;0,15692999958992004;0,008316985331475735
906;-180,0595245361328;-230,6667022705078;3657,599853515625;1,541222333908081;-5,48699951171875;-5,11918830871582;0,5735945701599121;0,21237322688102722;0,15734274685382843;0,008348611183464527
907;-180,0595245361328;-230,6667022705078;3657,599853515625;1,8907164335250854;-5,396477699279785;-5,294586658477783;0,5658257007598877;0,2096213400363922;0,15521302819252014;0,008172298781573772
908;-180,0595245361328;-230,6667022705078;3657,599853515625;2,1563074588775635;-5,546257495880127;-4,970789909362793;0,5839701890945435;0,21627874672412872;0,1602368801832199;0,008573826402425766
909;-180,0595245361328;-230,6667022705078;3657,599853515625;2,450558662414551;-5,5759358406066895;-4,716874122619629;0,5937986969947815;0,2198677808046341;0,1629851758480072;0,008779862895607948
910;-180,0595245361328;-230,6667022705078;3657,599853515625;2,3078296184539795;-5,59802770614624;-4,580313205718994;0,6034930348396301;0,22372739017009735;0,16560620069503784;0,008991249836981297
911;-180,0595245361328;-230,6667022705078;3657,599853515625;2,4696812629699707;-5,587186813354492;-4,674631595611572;0,5993025302886963;0,22188188135623932;0,16460469365119934;0,008868161588907242
912;-180,0595245361328;-230,6667022705078;3657,599853515625;2,5486412048339844;-5,596132278442383;-5,009904861450195;0,6000869274139404;0,22239640355110168;0,16479504108428955;0,008903611451387405
913;-180,0595245361328;-230,6667022705078;3657,599853515625;2,4615092277526855;-5,733625411987305;-4,84704065322876;0,6107092499732971;0,2267528772354126;0,1675792634487152;0,009138480760157108
914;-180,0595245361328;-230,6667022705078;3657,599853515625;2,6153430938720703;-5,426846981048584;-5,219306945800781;0,6080583333969116;0,22553220391273499;0,16703593730926514;0,009064004756510258
915;-180,0595245361328;-230,6667022705078;3657,599853515625;2,5525357723236084;-5,606627941131592;-4,818864345550537;0,6276237368583679;0,23305605351924896;0,17232787609100342;0,009496374987065792
916;-180,0595245361328;-230,6667022705078;3657,599853515625;3,081819534301758;-5,804742813110352;-4,999526023864746;0,5950161218643188;0,2208734005689621;0,16352805495262146;0,008776259608566761
917;-180,0595245361328;-230,6667022705078;3657,599853515625;1,7728418111801147;-5,52264404296875;-5,406374454498291;0,6178634166717529;0,22957128286361694;0,16972994804382324;0,009284383617341518
918;-180,0595245361328;-230,6667022705078;3657,599853515625;3,119565963745117;-5,456916809082031;-4,528471946716309;0,6212823987007141;0,2309446781873703;0,17069286108016968;0,00935372244566679
919;-180,0595245361328;-230,6667022705078;3657,599853515625;2,637798309326172;-5,411633491516113;-5,0849432945251465;0,6358669996261597;0,23647189140319824;0,17474323511123657;0,00964671652764082
920;-180,0595245361328;-230,6667022705078;3657,599853515625;3,242597818374634;-5,64932107925415;-4,871741771697998;0,6139797568321228;0,2284555435180664;0,1687157154083252;0,009203370660543442
921;-180,0595245361328;-230,6667022705078;3657,599853515625;3,6483638286590576;-5,275822639465332;-4,356225490570068;0,6482253670692444;0,24131964147090912;0,1781594455242157;0,00990388821810484
922;-180,0595245361328;-230,6667022705078;3657,599853515625;2,6112191677093506;-5,443414688110352;-4,767317295074463;0,6374932527542114;0,23747898638248444;0,1753317266702652;0,00964335910975933
923;-180,0595245361328;-230,6667022705078;3657,599853515625;3,026275873184204;-5,410725116729736;-4,430843353271484;0,6449624300003052;0,24040964245796204;0,17740069329738617;0,009796016849577427
924;-180,0595245361328;-230,6667022705078;3657,599853515625;3,66335129737854;-5,647289276123047;-4,502425670623779;0,6518920063972473;0,24313782155513763;0,17931312322616577;0,009941395372152328
925;-180,0595245361328;-230,6667022705078;3657,599853515625;2,8156261444091797;-5,437192440032959;-4,846549987792969;0,6372473835945129;0,23782683908939362;0,17530465126037598;0,009646255522966385
926;-180,0595245361328;-230,6667022705078;3657,599853515625;4,3301100730896;-5,5453667640686035;-4,072028636932373;0,6513975262641907;0,24331465363502502;0,1792667806148529;0,009904339909553528
927;-180,0595245361328;-230,6667022705078;3657,599853515625;2,6534223556518555;-5,13645076751709;-4,376463413238525;0,6484606266021729;0,24232587218284607;0,17842867970466614;0,009870747104287148
928;-180,0595245361328;-230,6667022705078;3657,599853515625;3,3742949962615967;-5,402763366699219;-4,359250068664551;0,6493484377861023;0,2427632212638855;0,17865082621574402;0,00990575086325407
929;-180,0595245361328;-230,6667022705078;3657,599853515625;4,134411334991455;-5,68631649017334;-4,560126781463623;0,6655978560447693;0,24906137585639954;0,18318358063697815;0,010211425833404064
930;-180,0595245361328;-230,6667022705078;3657,599853515625;3,8577966690063477;-5,197340488433838;-4,2004218101501465;0,6615415215492249;0,2476610690355301;0,18205450475215912;0,010144084692001343
931;-180,0595245361328;-230,6667022705078;3657,599853515625;2,3957929611206055;-5,324756145477295;-4,256246089935303;0,6714962720870972;0,25152096152305603;0,1847929060459137;0,010349913500249386
932;-180,0595245361328;-230,6667022705078;3657,599853515625;3,1180732250213623;-5,403407096862793;-4,303740501403809;0,6709284782409668;0,25163954496383667;0,18474285304546356;0,010296120308339596
933;-180,0595245361328;-230,6667022705078;3657,599853515625;4,888982772827148;-5,63185453414917;-4,438698768615723;0,6752390265464783;0,25333458185195923;0,18589673936367035;0,010405849665403366
934;-180,0595245361328;-230,6667022705078;3657,599853515625;3,449406385421753;-5,144440650939941;-4,431175231933594;0,6767966747283936;0,254167377948761;0,18638160824775696;0,010418644174933434
935;-180,0595245361328;-230,6667022705078;3657,599853515625;3,8576433658599854;-5,068226337432861;-4,078797817230225;0,6744547486305237;0,2533756196498871;0,18570980429649353;0,010391965508460999
936;-180,0595245361328;-230,6667022705078;3657,599853515625;3,2570414543151855;-5,24173641204834;-4,396796226501465;0,6797720193862915;0,2553825080394745;0,1871168464422226;0,010527175851166248
937;-180,0595245361328;-230,6667022705078;3657,599853515625;4,6169915199279785;-5,01029634475708;-4,155187129974365;0,6810936331748962;0,25648200511932373;0,18767738342285156;0,010464166291058064
938;-180,0595245361328;-230,6667022705078;3657,599853515625;2,8440349102020264;-5,228422164916992;-4,609971523284912;0,6818654537200928;0,2567298114299774;0,18780790269374847;0,010528564453125
939;-180,0595245361328;-230,6667022705078;3657,599853515625;4,099826812744141;-5,269645690917969;-4,2341227531433105;0,6752763986587524;0,25460246205329895;0,18608281016349792;0,010362607426941395
940;-180,0595245361328;-230,6667022705078;3657,599853515625;2,8930351734161377;-4,973931789398193;-4,425043106079102;0,6798979043960571;0,2562878131866455;0,18727664649486542;0,010498510673642159
941;-180,0595245361328;-230,6667022705078;3657,599853515625;3,6217474937438965;-5,51506233215332;-4,391949653625488;0,6801039576530457;0,25670814514160156;0,1874125748872757;0,010471086949110031
942;-180,0595245361328;-230,6667022705078;3657,599853515625;3,046025276184082;-5,05694055557251;-4,528899669647217;0,6881165504455566;0,2597465515136719;0,18957562744617462;0,010656655766069889
943;-180,0595245361328;-230,6667022705078;3657,599853515625;1,78504478931427;-5,329640865325928;-4,642470836639404;0,6960253119468689;0,26302075386047363;0,19180713593959808;0,010790430009365082
944;-180,0595245361328;-230,6667022705078;3657,599853515625;4,6395344734191895;-5,61488676071167;-4,486845970153809;0,6944724917411804;0,2628244459629059;0,19146513938903809;0,010718117468059063
945;-180,0595245361328;-230,6667022705078;3657,599853515625;4,644454479217529;-5,554232597351074;-4,43856954574585;0,7162647843360901;0,27081626653671265;0,19733691215515137;0,011216110549867153
946;-180,0595245361328;-230,6667022705078;3657,599853515625;2,7882068157196045;-5,167964458465576;-4,290441513061523;0,6963205337524414;0,26354655623435974;0,19188997149467468;0,010811340063810349
947;-180,0595245361328;-230,6667022705078;3657,599853515625;3,5759687423706055;-5,18691873550415;-4,48608922958374;0,693048357963562;0,262481689453125;0,19100159406661987;0,010745687410235405
948;-180,0595245361328;-230,6667022705078;3657,599853515625;5,029419898986816;-5,592240810394287;-4,381704330444336;0,7070127129554749;0,26780858635902405;0,19481968879699707;0,011035904288291931
949;-180,0595245361328;-230,6667022705078;3657,599853515625;5,2876996994018555;-5,862507343292236;-4,50521993637085;0,7178614735603333;0,2724381685256958;0,19793136417865753;0,011184564791619778
950;-180,0595245361328;-230,6667022705078;3657,599853515625;3,522996187210083;-5,372164249420166;-4,73270320892334;0,7180113792419434;0,27202796936035156;0,19778676331043243;0,011285479180514812
951;-180,0595245361328;-230,6667022705078;3657,599853515625;3,986008644104004;-5,459774494171143;-4,582752704620361;0,7246212363243103;0,2750258147716522;0,19972066581249237;0,011362889781594276
952;-180,0595245361328;-230,6667022705078;3657,599853515625;4,146340847015381;-5,584641456604004;-4,561067581176758;0,7400316596031189;0,2805202603340149;0,20381228625774384;0,01173037476837635
953;-180,0595245361328;-230,6667022705078;3657,599853515625;5,8387885093688965;-5,828094482421875;-4,409556865692139;0,7305240035057068;0,27666786313056946;0,20109409093856812;0,011590593494474888
954;-180,0595245361328;-230,6667022705078;3657,599853515625;5,8606438636779785;-5,633668899536133;-4,465785026550293;0,7613575458526611;0,2887958288192749;0,20968082547187805;0,01215195469558239
955;-180,0595245361328;-230,6667022705078;3657,599853515625;5,997066974639893;-5,820664405822754;-4,236521244049072;0,7486107349395752;0,2840520441532135;0,2061634212732315;0,011912094429135323
956;-180,0595245361328;-230,6667022705078;3657,599853515625;3,748309373855591;-5,62845516204834;-4,614040374755859;0,7528704404830933;0,2857702076435089;0,20733381807804108;0,011997250840067863
957;-180,0595245361328;-230,6667022705078;3657,599853515625;3,552525520324707;-5,713291645050049;-4,5831804275512695;0,7439570426940918;0,2828996479511261;0,2049826681613922;0,011774266138672829
958;-180,0595245361328;-230,6667022705078;3657,599853515625;3,7843878269195557;-5,955199718475342;-4,470823764801025;0,7515548467636108;0,2855117619037628;0,20698024332523346;0,011971700936555862
959;-180,0595245361328;-230,6667022705078;3657,599853515625;5,914328575134277;-6,306014537811279;-4,292445182800293;0,7488368153572083;0,2849429249763489;0,20633572340011597;0,011872264556586742
960;-180,0595245361328;-230,6667022705078;3657,599853515625;2,837716579437256;-5,509311199188232;-4,559175491333008;0,7595285773277283;0,2888145446777344;0,20919784903526306;0,01211719959974289
961;-180,0595245361328;-230,6667022705078;3657,599853515625;4,095149517059326;-5,293459415435791;-4,354858875274658;0,743137001991272;0,2828684449195862;0,20473846793174744;0,011776809580624104
962;-180,0595245361328;-230,6667022705078;3657,599853515625;3,98036527633667;-5,947198390960693;-4,447683811187744;0,7622869610786438;0,2897788882255554;0,2098821997642517;0,012203659862279892
963;-180,0595245361328;-230,6667022705078;3657,599853515625;4,464775085449219;-5,57173490524292;-4,569305896759033;0,7699951529502869;0,29318100214004517;0,21211430430412292;0,012301227077841759
964;-180,0595245361328;-230,6667022705078;3657,599853515625;3,5098378658294678;-5,19474983215332;-4,550631523132324;0,760087251663208;0,2893204689025879;0,20934264361858368;0,012134105898439884
965;-180,0595245361328;-230,6667022705078;3657,599853515625;5,197947025299072;-5,038658618927002;-4,3723320960998535;0,7646072506904602;0,2908131182193756;0,21049709618091583;0,012257618829607964
966;-180,0595245361328;-230,6667022705078;3657,599853515625;4,839575290679932;-5,972473621368408;-4,657426834106445;0,7625402808189392;0,29044049978256226;0,21002620458602905;0,012172761373221874
967;-180,0595245361328;-230,6667022705078;3657,599853515625;4,349608898162842;-5,8577446937561035;-4,116006851196289;0,7688872814178467;0,2920468747615814;0,2115270495414734;0,012396756559610367
968;-180,0595245361328;-230,6667022705078;3657,599853515625;5,967419147491455;-6,02709436416626;-4,568596363067627;0,7561478018760681;0,2878413498401642;0,2081851065158844;0,012084913440048695
969;-180,0595245361328;-230,6667022705078;3657,599853515625;4,904714107513428;-6,014431476593018;-4,550148963928223;0,7622992396354675;0,289876788854599;0,20977722108364105;0,01224512793123722
970;-180,0595245361328;-230,6667022705078;3657,599853515625;5,6240644454956055;-6,155249118804932;-4,489785671234131;0,7733821868896484;0,2939397692680359;0,212770476937294;0,012479513883590698
971;-180,0595245361328;-230,6667022705078;3657,599853515625;4,759409427642822;-6,649567604064941;-4,352019309997559;0,7747610211372375;0,2944071292877197;0,2131214588880539;0,012515800073742867
972;-180,0595245361328;-230,6667022705078;3657,599853515625;4,777327060699463;-6,437554836273193;-4,538838863372803;0,7693491578102112;0,29252567887306213;0,21167221665382385;0,01239456795156002
973;-180,0595245361328;-230,6667022705078;3657,599853515625;4,8007025718688965;-6,46396541595459;-4,527942657470703;0,7678451538085938;0,2923637926578522;0,21136847138404846;0,01231369748711586
974;-180,0595245361328;-230,6667022705078;3657,599853515625;5,1531982421875;-6,187064170837402;-4,429407119750977;0,7612168192863464;0,2898176312446594;0,2095305323600769;0,012189253233373165
975;-180,0595245361328;-230,6667022705078;3657,599853515625;4,836337566375732;-6,240653991699219;-4,327166557312012;0,7591428756713867;0,2891114056110382;0,20897939801216125;0,012134982272982597
976;-180,0595245361328;-230,6667022705078;3657,599853515625;4,979066371917725;-6,259498596191406;-4,491018772125244;0,7699167132377625;0,29304102063179016;0,21189121901988983;0,012363554909825325
977;-180,0595245361328;-230,6667022705078;3657,599853515625;3,400338888168335;-6,496534824371338;-4,679985046386719;0,7775909900665283;0,295565664768219;0,21388418972492218;0,012562422081828117
978;-180,0595245361328;-230,6667022705078;3657,599853515625;4,145573139190674;-6,2291259765625;-4,406123638153076;0,7531525492668152;0,28636133670806885;0,2071872502565384;0,01207636296749115
979;-180,0595245361328;-230,6667022705078;3657,599853515625;3,855461597442627;-6,315308570861816;-4,2511749267578125;0,7616361379623413;0,28958067297935486;0,2095211297273636;0,012235022149980068
980;-180,0595245361328;-230,6667022705078;3657,599853515625;4,20286750793457;-6,324124336242676;-4,5603766441345215;0,7587785720825195;0,2883581221103668;0,20869694650173187;0,012192819267511368
981;-180,0595245361328;-230,6667022705078;3657,599853515625;3,4598734378814697;-6,390946388244629;-4,249029636383057;0,7541542053222656;0,28642675280570984;0,20737631618976593;0,012121171690523624
982;-180,0595245361328;-230,6667022705078;3657,599853515625;3,604841470718384;-6,408863067626953;-4,608120441436768;0,746065080165863;0,28365811705589294;0,20525532960891724;0,011906732805073261
983;-180,0595245361328;-230,6667022705078;3657,599853515625;3,570225715637207;-6,1120829582214355;-4,520141124725342;0,7372952699661255;0,28007078170776367;0,20277172327041626;0,011767965741455555
984;-180,0595245361328;-230,6667022705078;3657,599853515625;3,6351871490478516;-5,978188514709473;-4,385325908660889;0,7489902377128601;0,2841416001319885;0,20587825775146484;0,012040470726788044
985;-180,0595245361328;-230,6667022705078;3657,599853515625;4,296652793884277;-6,330402374267578;-4,504754543304443;0,741678774356842;0,2814329266548157;0,20390300452709198;0,011876320466399193
986;-180,0595245361328;-230,6667022705078;3657,599853515625;3,3139848709106445;-6,693974494934082;-4,185783863067627;0,7281543016433716;0,2763238251209259;0,20022808015346527;0,011594150215387344
987;-180,0595245361328;-230,6667022705078;3657,599853515625;3,2843191623687744;-6,69027042388916;-4,033294200897217;0,7287184596061707;0,2764929533004761;0,20036695897579193;0,01159483939409256
988;-180,0595245361328;-230,6667022705078;3657,599853515625;3,7191641330718994;-6,217455863952637;-4,361531734466553;0,714738130569458;0,2709316313266754;0,19645226001739502;0,011352011933922768
989;-180,0595245361328;-230,6667022705078;3657,599853515625;2,7577383518218994;-6,452417373657227;-4,15109920501709;0,7053996920585632;0,26749980449676514;0,19394844770431519;0,011125503107905388
990;-180,0595245361328;-230,6667022705078;3657,599853515625;3,1840267181396484;-6,56456184387207;-4,158329963684082;0,7163093686103821;0,2712321877479553;0,19682246446609497;0,01139831356704235
991;-180,0595245361328;-230,6667022705078;3657,599853515625;2,9619781970977783;-6,809637546539307;-4,10156774520874;0,7086118459701538;0,26820796728134155;0,19468994438648224;0,011246799491345882
992;-180,0595245361328;-230,6667022705078;3657,599853515625;3,308922290802002;-6,5890374183654785;-4,2951741218566895;0,6997976899147034;0,265007883310318;0,19235822558403015;0,011012891307473183
993;-180,0595245361328;-230,6667022705078;3657,599853515625;2,9576425552368164;-6,484339237213135;-4,214850902557373;0,6950961351394653;0,2628870904445648;0,19095736742019653;0,010973096825182438
994;-180,0595245361328;-230,6667022705078;3657,599853515625;3,1276676654815674;-6,553529739379883;-3,9676120281219482;0,6855072379112244;0,25918811559677124;0,18832331895828247;0,01076984591782093
995;-180,0595245361328;-230,6667022705078;3657,599853515625;3,247952938079834;-6,548445701599121;-4,15266752243042;0,668124794960022;0,2523888051509857;0,183492973446846;0,01044935267418623
996;-180,0595245361328;-230,6667022705078;3657,599853515625;2,81034255027771;-6,7689528465271;-3,855628728866577;0,6735849976539612;0,2542915940284729;0,18496018648147583;0,010566248558461666
997;-180,0595245361328;-230,6667022705078;3657,599853515625;2,881394147872925;-6,671766757965088;-3,8465540409088135;0,6807771325111389;0,25675225257873535;0,18685856461524963;0,010740905068814754
998;-180,0595245361328;-230,6667022705078;3657,599853515625;2,3983795642852783;-6,836742877960205;-3,711329460144043;0,6639246344566345;0,2503366768360138;0,18225204944610596;0,010385933332145214
999;-180,0595245361328;-230,6667022705078;3657,599853515625;3,3075437545776367;-6,594846248626709;-3,9898219108581543;0,6821112632751465;0,2571335732936859;0,1872679889202118;0,010722768492996693
1000;-180,0595245361328;-230,6667022705078;3657,599853515625;2,555518865585327;-6,89938497543335;-3,7112386226654053;0,6453817486763;0,24301141500473022;0,17706970870494843;0,01003339234739542
1001;-180,0595245361328;-230,6667022705078;3657,599853515625;3,3404629230499268;-6,649247646331787;-4,105351448059082;0,6568174958229065;0,2472987174987793;0,18027639389038086;0,010223135352134705
1002;-180,0595245361328;-230,6667022705078;3657,599853515625;2,8520290851593018;-6,665162086486816;-3,9667482376098633;0,6481988430023193;0,24387340247631073;0,17785847187042236;0,010067491792142391
1003;-180,0595245361328;-230,6667022705078;3657,599853515625;2,5024380683898926;-6,900924205780029;-3,6457326412200928;0,6394496560096741;0,24041426181793213;0,17540667951107025;0,009905162267386913
1004;-180,0595245361328;-230,6667022705078;3657,599853515625;2,8457560539245605;-6,677486896514893;-3,7727999687194824;0,6247727274894714;0,23476441204547882;0,1713602989912033;0,00960445310920477
1005;-180,0595245361328;-230,6667022705078;3657,599853515625;3,1904475688934326;-6,819452285766602;-4,014298915863037;0,6301003694534302;0,23666247725486755;0,17286089062690735;0,009684898890554905
1006;-180,0595245361328;-230,6667022705078;3657,599853515625;3,0377166271209717;-6,847079277038574;-3,660865545272827;0,6243761777877808;0,23435239493846893;0,17121240496635437;0,009597583673894405
1007;-180,0595245361328;-230,6667022705078;3657,599853515625;3,5861403942108154;-6,606771945953369;-4,441092014312744;0,6054785251617432;0,22713243961334229;0,16604144871234894;0,009191122837364674
1008;-180,0595245361328;-230,6667022705078;3657,599853515625;2,7214784622192383;-6,784245014190674;-3,550095558166504;0,5882968306541443;0,22055786848068237;0,16130784153938293;0,008831583894789219
1009;-180,0595245361328;-230,6667022705078;3657,599853515625;3,4271721839904785;-6,9999518394470215;-4,021543502807617;0,5798758268356323;0,2172616571187973;0,1590040624141693;0,008641763590276241
1010;-180,0595245361328;-230,6667022705078;3657,599853515625;3,3217971324920654;-6,855677127838135;-4,227697849273682;0,5643473267555237;0,2113509178161621;0,15467959642410278;0,008325324393808842
1011;-180,0595245361328;-230,6667022705078;3657,599853515625;2,9900150299072266;-6,983739852905273;-4,214854717254639;0,5871846675872803;0,21976105868816376;0,16094326972961426;0,008809614926576614
1012;-180,0595245361328;-230,6667022705078;3657,599853515625;3,6658225059509277;-6,846208572387695;-4,655002117156982;0,5558902025222778;0,20792138576507568;0,1523549109697342;0,008131308481097221
1013;-180,0595245361328;-230,6667022705078;3657,599853515625;3,5964677333831787;-6,932727336883545;-4,299477577209473;0,5625759959220886;0,21025599539279938;0,15419669449329376;0,008265373297035694
1014;-180,0595245361328;-230,6667022705078;3657,599853515625;3,3568568229675293;-6,900465965270996;-4,364820957183838;0,5590437650680542;0,20906856656074524;0,15308578312397003;0,0082068657502532
1015;-180,0595245361328;-230,6667022705078;3657,599853515625;3,0203213691711426;-6,751405239105225;-4,102484226226807;0,5447906851768494;0,20345169305801392;0,14925667643547058;0,007885672152042389
1016;-180,0595245361328;-230,6667022705078;3657,599853515625;3,3855082988739014;-6,661822319030762;-4,395325660705566;0,5322087407112122;0,1986924409866333;0,1457761973142624;0,007601278368383646
1017;-180,0595245361328;-230,6667022705078;3657,599853515625;3,807521104812622;-7,0411601066589355;-4,479102611541748;0,5358362197875977;0,19976377487182617;0,1468111276626587;0,007670508231967688
1018;-180,0595245361328;-230,6667022705078;3657,599853515625;3,0292093753814697;-6,855676174163818;-4,537951946258545;0,5434713959693909;0,20257723331451416;0,14886482059955597;0,00784762017428875
1019;-180,0595245361328;-230,6667022705078;3657,599853515625;3,9453840255737305;-6,8953447341918945;-4,676802635192871;0,5332949757575989;0,1989489048719406;0,14599929749965668;0,0076135494746267796
1020;-180,0595245361328;-230,6667022705078;3657,599853515625;4,244185924530029;-7,032529830932617;-4,9564690589904785;0,52517169713974;0,19567909836769104;0,14379537105560303;0,007430494297295809
1021;-180,0595245361328;-230,6667022705078;3657,599853515625;3,6337993144989014;-6,8958258628845215;-4,955166816711426;0,5194723010063171;0,19315217435359955;0,14228342473506927;0,007288854569196701
1022;-180,0595245361328;-230,6667022705078;3657,599853515625;3,6127636432647705;-6,873384952545166;-4,803872585296631;0,516518235206604;0,19193600118160248;0,14146220684051514;0,0072187879122793674
1023;-180,0595245361328;-230,6667022705078;3657,599853515625;3,0721590518951416;-6,861662864685059;-4,754176139831543;0,506613552570343;0,18829457461833954;0,1387140452861786;0,006991039030253887
1024;-180,0595245361328;-230,6667022705078;3657,599853515625;3,2946105003356934;-6,799867630004883;-4,7936110496521;0,4830484390258789;0,17932525277137756;0,13227146863937378;0,006420962978154421
1025;-180,0595245361328;-230,6667022705078;3657,599853515625;3,8939309120178223;-6,827975749969482;-5,012824058532715;0,4972563087940216;0,18461279571056366;0,136132150888443;0,006762448698282242
1026;-180,0595245361328;-230,6667022705078;3657,599853515625;3,391660451889038;-6,777942180633545;-4,812932014465332;0,5011839270591736;0,1857617199420929;0,13722392916679382;0,006850434932857752
1027;-180,0595245361328;-230,6667022705078;3657,599853515625;3,9999067783355713;-6,858407020568848;-5,225648403167725;0,4853370785713196;0,17967484891414642;0,13288678228855133;0,006465973798185587
1028;-180,0595245361328;-230,6667022705078;3657,599853515625;3,7190942764282227;-6,8589959144592285;-4,985271453857422;0,47454968094825745;0,17566727101802826;0,12991543114185333;0,006199912168085575
1029;-180,0595245361328;-230,6667022705078;3657,599853515625;3,5966145992279053;-6,911256790161133;-5,051388740539551;0,4747214913368225;0,1755886971950531;0,12995833158493042;0,006201243028044701
1030;-180,0595245361328;-230,6667022705078;3657,599853515625;3,0726890563964844;-6,535998344421387;-4,816719055175781;0,44830355048179626;0,16507667303085327;0,12276996672153473;0,00549986120313406
1031;-180,0595245361328;-230,6667022705078;3657,599853515625;3,3896825313568115;-6,620478630065918;-4,871097564697266;0,4715277850627899;0,17427732050418854;0,12906400859355927;0,006114705931395292
1032;-180,0595245361328;-230,6667022705078;3657,599853515625;3,7267229557037354;-6,565861225128174;-5,166460990905762;0,4727553427219391;0,17438411712646484;0,1294114738702774;0,006139084231108427
1033;-180,0595245361328;-230,6667022705078;3657,599853515625;3,836704969406128;-6,717913627624512;-5,338420867919922;0,46005621552467346;0,1697627604007721;0,12591660022735596;0,005816627759486437
1034;-180,0595245361328;-230,6667022705078;3657,599853515625;3,626667022705078;-6,621716499328613;-5,127281665802002;0,4884795546531677;0,18049256503582;0,13367198407649994;0,006523068994283676
1035;-180,0595245361328;-230,6667022705078;3657,599853515625;3,526848316192627;-6,695690631866455;-5,068427085876465;0,48123428225517273;0,17750003933906555;0,1316986382007599;0,006343317683786154
1036;-180,0595245361328;-230,6667022705078;3657,599853515625;3,7125978469848633;-6,613531112670898;-5,264925003051758;0,45641010999679565;0,16804690659046173;0,12491292506456375;0,005713603459298611
1037;-180,0595245361328;-230,6667022705078;3657,599853515625;3,9377799034118652;-6,665069103240967;-5,4520111083984375;0,4355829954147339;0,1598118543624878;0,11923401057720184;0,005152197554707527
1038;-180,0595245361328;-230,6667022705078;3657,599853515625;4,004239559173584;-6,712175369262695;-5,322977066040039;0,3348715007305145;0,12126187235116959;0,09173475205898285;0,001171956304460764
1039;-180,0595245361328;-230,6667022705078;3657,599853515625;3,454066753387451;-6,677733898162842;-5,0700764656066895;0,4215051829814911;0,1536320447921753;0,11540921032428741;0,004666226916015148
1040;-180,0595245361328;-230,6667022705078;3657,599853515625;4,20640754699707;-6,843292713165283;-5,371043682098389;0,4711775779724121;0,173228457570076;0,12894120812416077;0,006075458601117134
1041;-180,0595245361328;-230,6667022705078;3657,599853515625;3,3388381004333496;-6,6169915199279785;-5,250452041625977;0,45192885398864746;0,16607850790023804;0,1236732080578804;0,005578332580626011
1042;-180,0595245361328;-230,6667022705078;3657,599853515625;4,309293746948242;-6,814370155334473;-5,341069221496582;0,4168323278427124;0,152749702334404;0,11408495903015137;0,004598377738147974
1043;-180,0595245361328;-230,6667022705078;3657,599853515625;4,17545747756958;-6,635015964508057;-5,448261260986328;0,4624883830547333;0,1704404205083847;0,12654034793376923;0,005821533966809511
1044;-180,0595245361328;-230,6667022705078;3657,599853515625;4,007562637329102;-6,6003804206848145;-5,391716480255127;0,4638126790523529;0,17030945420265198;0,12692353129386902;0,005876489914953709
1045;-180,0595245361328;-230,6667022705078;3657,599853515625;3,16214919090271;-6,34247350692749;-5,284591197967529;0,47486770153045654;0,1745418906211853;0,12994520366191864;0,006151489447802305
1046;-180,0595245361328;-230,6667022705078;3657,599853515625;3,3070895671844482;-6,283740520477295;-5,435558319091797;0,4729844331741333;0,1734926700592041;0,12944386899471283;0,006098268553614616
1047;-180,0595245361328;-230,6667022705078;3657,599853515625;3,9482526779174805;-6,473733425140381;-5,29816198348999;0,4735157787799835;0,17420260608196259;0,129571333527565;0,0061044394969940186
1048;-180,0595245361328;-230,6667022705078;3657,599853515625;3,6630232334136963;-6,524154186248779;-5,491909503936768;0,4955599308013916;0,18264439702033997;0,13559755682945251;0,006638603750616312
1049;-180,0595245361328;-230,6667022705078;3657,599853515625;4,1357741355896;-6,574453353881836;-5,30629301071167;0,4922862946987152;0,18115884065628052;0,13471576571464539;0,0065630776807665825
1050;-180,0595245361328;-230,6667022705078;3657,599853515625;3,8237757682800293;-6,630366802215576;-5,415546417236328;0,4954603314399719;0,18265458941459656;0,1355779618024826;0,006623863708227873
1051;-180,0595245361328;-230,6667022705078;3657,599853515625;3,1537044048309326;-6,292831897735596;-5,218339920043945;0,49601131677627563;0,18225952982902527;0,13575555384159088;0,006648475304245949
1052;-180,0595245361328;-230,6667022705078;3657,599853515625;3,2359871864318848;-6,212434768676758;-5,127463340759277;0,4981684386730194;0,18340171873569489;0,1363404095172882;0,006692488212138414
1053;-180,0595245361328;-230,6667022705078;3657,599853515625;3,7511909008026123;-6,58099889755249;-5,063277721405029;0,5107706785202026;0,18881645798683167;0,13976870477199554;0,006948989350348711
1054;-180,0595245361328;-230,6667022705078;3657,599853515625;2,807800531387329;-6,100337505340576;-5,392260551452637;0,4933507740497589;0,18216703832149506;0,13501742482185364;0,006527439225465059
1055;-180,0595245361328;-230,6667022705078;3657,599853515625;3,441591739654541;-6,330362796783447;-5,248157978057861;0,5089190006256104;0,18778061866760254;0,1392911970615387;0,0069221435114741325
1056;-180,0595245361328;-230,6667022705078;3657,599853515625;3,5486207008361816;-6,414736270904541;-5,067249298095703;0,5311298966407776;0,19656263291835785;0,1453564316034317;0,007409002166241407
1057;-180,0595245361328;-230,6667022705078;3657,599853515625;3,2064929008483887;-6,171493053436279;-5,068788528442383;0,5306883454322815;0,19653382897377014;0,14523939788341522;0,007380198687314987
1058;-180,0595245361328;-230,6667022705078;3657,599853515625;2,935389280319214;-6,0127949714660645;-4,983882904052734;0,5307143330574036;0,19644282758235931;0,14526119828224182;0,007386867888271809
1059;-180,0595245361328;-230,6667022705078;3657,599853515625;2,4590981006622314;-5,823055744171143;-5,306927680969238;0,5236687064170837;0,1936817765235901;0,14334900677204132;0,0072282156907022
1060;-180,0595245361328;-230,6667022705078;3657,599853515625;3,1351687908172607;-6,0264692306518555;-5,141849040985107;0,5215999484062195;0,1927868127822876;0,14279940724372864;0,007186703849583864
1061;-180,0595245361328;-230,6667022705078;3657,599853515625;2,233295202255249;-5,7235188484191895;-5,380410194396973;0,5322090983390808;0,19673605263233185;0,14571991562843323;0,00743499118834734
1062;-180,0595245361328;-230,6667022705078;3657,599853515625;1,9196522235870361;-5,563358306884766;-5,3356709480285645;0,5335953235626221;0,1973986178636551;0,14609849452972412;0,007452229503542185
1063;-180,0595245361328;-230,6667022705078;3657,599853515625;2,340115785598755;-5,841553211212158;-5,2884321212768555;0,5502965450286865;0,20379996299743652;0,1506711095571518;0,00782166887074709
1064;-180,0595245361328;-230,6667022705078;3657,599853515625;2,401078939437866;-5,956562519073486;-5,191777229309082;0,5382829308509827;0,19940437376499176;0,14739060401916504;0,007529331836849451
1065;-180,0595245361328;-230,6667022705078;3657,599853515625;1,5255589485168457;-5,612741947174072;-5,280773162841797;0,5433687567710876;0,20124799013137817;0,14880037307739258;0,007652390748262405
1066;-180,0595245361328;-230,6667022705078;3657,599853515625;2,3374476432800293;-5,649227142333984;-5,01539421081543;0,5357837677001953;0,19847232103347778;0,14673146605491638;0,007465365342795849
1067;-180,0595245361328;-230,6667022705078;3657,599853515625;1,6246018409729004;-5,800564289093018;-5,264849662780762;0,5540957450866699;0,2051490694284439;0,1517680585384369;0,007906037382781506
1068;-180,0595245361328;-230,6667022705078;3657,599853515625;1,9219365119934082;-5,423606872558594;-5,072792053222656;0,5628035068511963;0,20838822424411774;0,15416745841503143;0,00810279417783022
1069;-180,0595245361328;-230,6667022705078;3657,599853515625;2,135206937789917;-5,458476543426514;-5,211205959320068;0,5529306530952454;0,2051362693309784;0,15143585205078125;0,007824514992535114
1070;-180,0595245361328;-230,6667022705078;3657,599853515625;2,1027958393096924;-5,739213466644287;-5,213708400726318;0,5418566465377808;0,2006659358739853;0,14845500886440277;0,007612521760165691
1071;-180,0595245361328;-230,6667022705078;3657,599853515625;2,0973219871520996;-5,524886608123779;-5,176384449005127;0,5601202845573425;0,20722711086273193;0,15349546074867249;0,008052055723965168
1072;-180,0595245361328;-230,6667022705078;3657,599853515625;1,9818191528320312;-5,469703674316406;-5,135133266448975;0,5595194697380066;0,2074071168899536;0,15330511331558228;0,008000127039849758
1073;-180,0595245361328;-230,6667022705078;3657,599853515625;1,8518338203430176;-5,363005638122559;-5,279389381408691;0,5594668388366699;0,2072071135044098;0,15333205461502075;0,008019726723432541
1074;-180,0595245361328;-230,6667022705078;3657,599853515625;1,9560290575027466;-5,44819974899292;-5,037731647491455;0,5675534009933472;0,21014459431171417;0,1555691510438919;0,008208448067307472
1075;-180,0595245361328;-230,6667022705078;3657,599853515625;1,9081823825836182;-5,43060302734375;-5,107295989990234;0,5729880332946777;0,2123105674982071;0,15705743432044983;0,008318397216498852
1076;-180,0595245361328;-230,6667022705078;3657,599853515625;2,3315298557281494;-5,424793243408203;-5,030083179473877;0,5741767287254333;0,21276740729808807;0,15740057826042175;0,008344819769263268
1077;-180,0595245361328;-230,6667022705078;3657,599853515625;2,396811008453369;-5,359034061431885;-4,935081481933594;0,5626626014709473;0,20829826593399048;0,15429706871509552;0,00810481607913971
1078;-180,0595245361328;-230,6667022705078;3657,599853515625;1,9981056451797485;-5,3409600257873535;-4,899819850921631;0,5725513696670532;0,21196098625659943;0,1570340394973755;0,008325783535838127
1079;-180,0595245361328;-230,6667022705078;3657,599853515625;1,7573647499084473;-5,483669281005859;-5,003948211669922;0,573732852935791;0,2124117612838745;0,15738442540168762;0,008352032862603664
1080;-180,0595245361328;-230,6667022705078;3657,599853515625;2,095465660095215;-5,449400901794434;-5,202388286590576;0,5654364228248596;0,20946383476257324;0,1551092565059662;0,00816445890814066
1081;-180,0595245361328;-230,6667022705078;3657,599853515625;2,375493049621582;-5,539808750152588;-4,815528869628906;0,583069920539856;0,21593867242336273;0,15999145805835724;0,008554347790777683
1082;-180,0595245361328;-230,6667022705078;3657,599853515625;2,3670237064361572;-5,525620460510254;-4,7077717781066895;0,5924192667007446;0,21936795115470886;0,1626027375459671;0,008751172572374344
1083;-180,0595245361328;-230,6667022705078;3657,599853515625;2,2890572547912598;-5,596224308013916;-4,634758949279785;0,6043506860733032;0,22404977679252625;0,16584281623363495;0,00900951586663723
1084;-180,0595245361328;-230,6667022705078;3657,599853515625;2,1508679389953613;-5,4687299728393555;-4,7531657218933105;0,599962055683136;0,2221217155456543;0,16478599607944489;0,008881084620952606
1085;-180,0595245361328;-230,6667022705078;3657,599853515625;2,855327844619751;-5,51686954498291;-4,839150428771973;0,5991066098213196;0,22203490138053894;0,164523646235466;0,008883262984454632
1086;-180,0595245361328;-230,6667022705078;3657,599853515625;1,9596996307373047;-5,404387950897217;-4,750926494598389;0,612238347530365;0,22730767726898193;0,16800512373447418;0,009172176010906696
1087;-180,0595245361328;-230,6667022705078;3657,599853515625;2,499377727508545;-5,340548515319824;-5,082478046417236;0,6069706678390503;0,22513145208358765;0,16673460602760315;0,009041985496878624
1088;-180,0595245361328;-230,6667022705078;3657,599853515625;2,309662103652954;-5,411998271942139;-4,738348007202148;0,6285094618797302;0,23338639736175537;0,17256975173950195;0,009514938108623028
1089;-180,0595245361328;-230,6667022705078;3657,599853515625;2,7986867427825928;-5,752644062042236;-4,930182456970215;0,5951339602470398;0,22092339396476746;0,163554847240448;0,008781188167631626
1090;-180,0595245361328;-230,6667022705078;3657,599853515625;1,7201322317123413;-5,28649377822876;-5,022029399871826;0,6177847981452942;0,22954092919826508;0,16970935463905334;0,009282502345740795
1091;-180,0595245361328;-230,6667022705078;3657,599853515625;3,4146904945373535;-5,348026275634766;-4,353848457336426;0,6203017830848694;0,2305777370929718;0,1704268604516983;0,009332508780062199
1092;-180,0595245361328;-230,6667022705078;3657,599853515625;2,5399117469787598;-5,355785369873047;-4,960992813110352;0,6343647837638855;0,2359142303466797;0,17432714998722076;0,009617066942155361
1093;-180,0595245361328;-230,6667022705078;3657,599853515625;3,205125331878662;-5,373191833496094;-4,551042079925537;0,6129857897758484;0,2280857264995575;0,16844138503074646;0,009182881563901901
1094;-180,0595245361328;-230,6667022705078;3657,599853515625;3,0028419494628906;-5,306942939758301;-4,349907875061035;0,6470120549201965;0,24086758494377136;0,17782555520534515;0,009879328310489655
1095;-180,0595245361328;-230,6667022705078;3657,599853515625;3,4555604457855225;-5,232785701751709;-4,593578338623047;0,6373017430305481;0,2374042272567749;0,17526818811893463;0,009644901379942894
1096;-180,0595245361328;-230,6667022705078;3657,599853515625;3,393756151199341;-5,2997612953186035;-4,230087757110596;0,643546462059021;0,23987653851509094;0,17700102925300598;0,009772539138793945
1097;-180,0595245361328;-230,6667022705078;3657,599853515625;3,6811211109161377;-5,553600788116455;-4,455469131469727;0,6508777737617493;0,2427585870027542;0,17903316020965576;0,009921572171151638
1098;-180,0595245361328;-230,6667022705078;3657,599853515625;3,204320192337036;-5,230957984924316;-4,569835186004639;0,636928915977478;0,2377011626958847;0,1752093881368637;0,00964322593063116
1099;-180,0595245361328;-230,6667022705078;3657,599853515625;3,321237087249756;-5,120172023773193;-4,023345947265625;0,6540259122848511;0,24430643022060394;0,18000027537345886;0,009950806386768818
1100;-180,0595245361328;-230,6667022705078;3657,599853515625;2,983872175216675;-5,212322235107422;-4,253946304321289;0,6522356867790222;0,24373549222946167;0,17946670949459076;0,009946679696440697
1101;-180,0595245361328;-230,6667022705078;3657,599853515625;3,9901506900787354;-5,425498008728027;-4,297557830810547;0,6488040685653687;0,24256585538387299;0,17850513756275177;0,009892787784337997
1102;-180,0595245361328;-230,6667022705078;3657,599853515625;3,364668130874634;-5,506712913513184;-4,589634895324707;0,6688306927680969;0,2502778172492981;0,18407703936100006;0,010273103602230549
1103;-180,0595245361328;-230,6667022705078;3657,599853515625;3,8697242736816406;-5,119307041168213;-4,0420050621032715;0,6606507301330566;0,2473279982805252;0,18180978298187256;0,010126123204827309
1104;-180,0595245361328;-230,6667022705078;3657,599853515625;2,832204580307007;-5,480086803436279;-4,255098342895508;0,6710713505744934;0,2513495981693268;0,18466639518737793;0,010344182141125202
1105;-180,0595245361328;-230,6667022705078;3657,599853515625;2,776528835296631;-5,187693119049072;-4,174010276794434;0,6702889204025269;0,2513986825942993;0,18456287682056427;0,01028346549719572
1106;-180,0595245361328;-230,6667022705078;3657,599853515625;3,966425657272339;-5,347145080566406;-4,480904579162598;0,6737261414527893;0,2527690529823303;0,1854810267686844;0,010375633835792542
1107;-180,0595245361328;-230,6667022705078;3657,599853515625;3,5227794647216797;-5,092335224151611;-4,300231456756592;0,6762600541114807;0,2539716064929962;0,18623659014701843;0,010406591929495335
1108;-180,0595245361328;-230,6667022705078;3657,599853515625;3,361341714859009;-4,805743217468262;-3,9125969409942627;0,6736027002334595;0,2530406713485718;0,18547025322914124;0,010378112085163593
1109;-180,0595245361328;-230,6667022705078;3657,599853515625;4,763732433319092;-5,214379787445068;-4,175568103790283;0,6793076395988464;0,255206823348999;0,1869872659444809;0,010518074035644531
1110;-180,0595245361328;-230,6667022705078;3657,599853515625;3,3812620639801025;-4,714590072631836;-4,0678229331970215;0,6817529797554016;0,2567460238933563;0,18786196410655975;0,01047300361096859
1111;-180,0595245361328;-230,6667022705078;3657,599853515625;2,124656915664673;-4,790811061859131;-4,224905967712402;0,6828945279121399;0,2571144998073578;0,1880909949541092;0,010548957623541355
1112;-180,0595245361328;-230,6667022705078;3657,599853515625;3,485767126083374;-5,112898826599121;-4,106050968170166;0,6745172739028931;0,2543085515499115;0,18587037920951843;0,0103493332862854
1113;-180,0595245361328;-230,6667022705078;3657,599853515625;4,299159526824951;-4,893833637237549;-4,201601505279541;0,6790459752082825;0,25597748160362244;0,18705394864082336;0,010479819029569626
1114;-180,0595245361328;-230,6667022705078;3657,599853515625;3,3398759365081787;-5,006362438201904;-4,0794501304626465;0,6789783239364624;0,25627991557121277;0,1871013045310974;0,010449675843119621
1115;-180,0595245361328;-230,6667022705078;3657,599853515625;2,2826507091522217;-4,633273601531982;-4,303194046020508;0,686825692653656;0,2592634856700897;0,1892215609550476;0,010630604811012745
1116;-180,0595245361328;-230,6667022705078;3657,599853515625;2,9903361797332764;-5,24036169052124;-4,454050064086914;0,694050669670105;0,26226726174354553;0,19126078486442566;0,010753309354186058
1117;-180,0595245361328;-230,6667022705078;3657,599853515625;2,340743064880371;-5,034378528594971;-4,422360420227051;0,6935575604438782;0,26245468854904175;0,1912047415971756;0,01070520468056202
1118;-180,0595245361328;-230,6667022705078;3657,599853515625;5,0533576011657715;-5,34864616394043;-4,000295639038086;0,7152683138847351;0,2704516351222992;0,19706834852695465;0,011194795370101929
1119;-180,0595245361328;-230,6667022705078;3657,599853515625;4,926024436950684;-5,46144437789917;-4,02901554107666;0,6951622366905212;0,26311981678009033;0,1915811449289322;0,010787210427224636
1120;-180,0595245361328;-230,6667022705078;3657,599853515625;4,888057231903076;-5,308516025543213;-4,186717510223389;0,6919007897377014;0,2620430588722229;0,1906866729259491;0,0107241440564394
1121;-180,0595245361328;-230,6667022705078;3657,599853515625;3,6285789012908936;-4,991082668304443;-4,293246269226074;0,7063198089599609;0,26754292845726013;0,19462738931179047;0,01102292537689209
1122;-180,0595245361328;-230,6667022705078;3657,599853515625;4,7352495193481445;-5,687318325042725;-4,497424602508545;0,7159485220909119;0,27172544598579407;0,19740812480449677;0,011145438998937607
1123;-180,0595245361328;-230,6667022705078;3657,599853515625;5,112239837646484;-5,40956974029541;-4,392093658447266;0,7173370718955994;0,2717730700969696;0,19760142266750336;0,011272260919213295
1124;-180,0595245361328;-230,6667022705078;3657,599853515625;3,1927316188812256;-4,900669097900391;-4,33820915222168;0,7234197854995728;0,2745494842529297;0,19938382506370544;0,011342724785208702
1125;-180,0595245361328;-230,6667022705078;3657,599853515625;4,627514362335205;-5,645787715911865;-4,499735355377197;0,7384012341499329;0,27990320324897766;0,20337368547916412;0,011698839254677296
1126;-180,0595245361328;-230,6667022705078;3657,599853515625;4,935965538024902;-5,5659356117248535;-4,3506951332092285;0,7298765182495117;0,2764159142971039;0,20091387629508972;0,01157862413674593
1127;-180,0595245361328;-230,6667022705078;3657,599853515625;5,123615264892578;-5,20604944229126;-4,323981761932373;0,7606728076934814;0,28852713108062744;0,20948952436447144;0,012139863334596157
1128;-180,0595245361328;-230,6667022705078;3657,599853515625;5,3476243019104;-5,684036731719971;-4,201280117034912;0,7481852769851685;0,2839077413082123;0,2060547024011612;0,011901854537427425
1129;-180,0595245361328;-230,6667022705078;3657,599853515625;3,357630491256714;-5,302187919616699;-4,449123382568359;0,752480149269104;0,2855949103832245;0,20721851289272308;0,011992927640676498
1130;-180,0595245361328;-230,6667022705078;3657,599853515625;2,790821075439453;-5,172032356262207;-4,436012268066406;0,7424668073654175;0,2823299467563629;0,20458553731441498;0,01174604706466198
1131;-180,0595245361328;-230,6667022705078;3657,599853515625;2,251253843307495;-5,608736991882324;-4,404684066772461;0,7488304972648621;0,2844717800617218;0,206228569149971;0,011919882148504257
1132;-180,0595245361328;-230,6667022705078;3657,599853515625;4,691431045532227;-5,575133800506592;-4,082114219665527;0,7475579977035522;0,28442856669425964;0,20597557723522186;0,01185175683349371
1133;-180,0595245361328;-230,6667022705078;3657,599853515625;3,079798698425293;-5,194024085998535;-4,451061725616455;0,7588635683059692;0,2885615825653076;0,20901525020599365;0,012104440480470657
1134;-180,0595245361328;-230,6667022705078;3657,599853515625;4,191591262817383;-5,08335542678833;-3,9922404289245605;0,7423803806304932;0,2825812101364136;0,20453034341335297;0,011762170121073723
1135;-180,0595245361328;-230,6667022705078;3657,599853515625;4,623166561126709;-5,79505729675293;-4,297636032104492;0,7616692185401917;0,2895568013191223;0,209699809551239;0,012190318666398525
1136;-180,0595245361328;-230,6667022705078;3657,599853515625;4,092272758483887;-5,224863052368164;-4,332468509674072;0,7692404389381409;0,29289549589157104;0,21190686523914337;0,01228652149438858
1137;-180,0595245361328;-230,6667022705078;3657,599853515625;5,546409606933594;-5,5226664543151855;-4,3205952644348145;0,7582992315292358;0,28866517543792725;0,20885251462459564;0,012096495367586613
1138;-180,0595245361328;-230,6667022705078;3657,599853515625;5,7016496658325195;-4,912395477294922;-4,095117568969727;0,7635852694511414;0,2904185354709625;0,21021418273448944;0,012238707393407822
1139;-180,0595245361328;-230,6667022705078;3657,599853515625;4,007572174072266;-5,515333652496338;-4,338558673858643;0,7628375291824341;0,2905663251876831;0,2101115733385086;0,012176652438938618
1140;-180,0595245361328;-230,6667022705078;3657,599853515625;4,444812774658203;-5,537500858306885;-3,9691202640533447;0,7680251002311707;0,2917407155036926;0,21129608154296875;0,012378010898828506
1141;-180,0595245361328;-230,6667022705078;3657,599853515625;5,952779293060303;-5,6108808517456055;-4,142841815948486;0,7558151483535767;0,2876758575439453;0,20808252692222595;0,01208349410444498
1142;-180,0595245361328;-230,6667022705078;3657,599853515625;5,209686756134033;-5,875854969024658;-4,29484748840332;0,7618122696876526;0,28970927000045776;0,20964834094047546;0,012233761139214039
1143;-180,0595245361328;-230,6667022705078;3657,599853515625;5,188350677490234;-5,692842960357666;-4,056973457336426;0,7717220783233643;0,2933124899864197;0,2123146951198578;0,012447133660316467
1144;-180,0595245361328;-230,6667022705078;3657,599853515625;3,894536256790161;-6,136117935180664;-4,118017196655273;0,7743605971336365;0,29423826932907104;0,2130066603422165;0,012509884312748909
1145;-180,0595245361328;-230,6667022705078;3657,599853515625;4,780852794647217;-6,2204718589782715;-4,278741836547852;0,7697312831878662;0,2926483452320099;0,21177087724208832;0,012404581531882286
1146;-180,0595245361328;-230,6667022705078;3657,599853515625;4,551244735717773;-6,204599380493164;-4,3845343589782715;0,7685141563415527;0,2925998568534851;0,21154680848121643;0,012329145334661007
1147;-180,0595245361328;-230,6667022705078;3657,599853515625;4,8004655838012695;-5,879769802093506;-4,286434650421143;0,7608314156532288;0,28964754939079285;0,20941759645938873;0,012185182422399521
1148;-180,0595245361328;-230,6667022705078;3657,599853515625;4,785909175872803;-5,994752407073975;-4,230822563171387;0,7577687501907349;0,28858739137649536;0,20860102772712708;0,01210879161953926
1149;-180,0595245361328;-230,6667022705078;3657,599853515625;5,239020824432373;-6,100618839263916;-4,290406703948975;0,7690170407295227;0,2926900386810303;0,21164114773273468;0,012347636744379997
1150;-180,0595245361328;-230,6667022705078;3657,599853515625;3,7952167987823486;-6,042229652404785;-4,407104015350342;0,7780122756958008;0,29570236802101135;0,21399305760860443;0,012573540210723877
1151;-180,0595245361328;-230,6667022705078;3657,599853515625;3,630035400390625;-5,838998317718506;-4,192718029022217;0,7516871094703674;0,28583240509033203;0,2067926973104477;0,01204415038228035
1152;-180,0595245361328;-230,6667022705078;3657,599853515625;3,5593130588531494;-5,86848258972168;-3,920496940612793;0,7617701292037964;0,28962695598602295;0,20955638587474823;0,012238260358572006
1153;-180,0595245361328;-230,6667022705078;3657,599853515625;3,5668246746063232;-5,852045059204102;-4,347846031188965;0,7589675188064575;0,2884184420108795;0,20874522626399994;0,012198111042380333
1154;-180,0595245361328;-230,6667022705078;3657,599853515625;2,6282899379730225;-6,089388370513916;-4,197761058807373;0,7540774345397949;0,2863810062408447;0,2073340266942978;0,012122035026550293
1155;-180,0595245361328;-230,6667022705078;3657,599853515625;4,310613632202148;-6,1745405197143555;-4,333311557769775;0,7455983757972717;0,2834823429584503;0,20512747764587402;0,011897498741745949
1156;-180,0595245361328;-230,6667022705078;3657,599853515625;3,8642711639404297;-5,777440547943115;-4,22693395614624;0,7364407181739807;0,27974483370780945;0,20253638923168182;0,011751741170883179
1157;-180,0595245361328;-230,6667022705078;3657,599853515625;3,8008124828338623;-5,782059669494629;-3,9810941219329834;0,7486469149589539;0,2840243875980377;0,2057878077030182;0,012031945399940014
1158;-180,0595245361328;-230,6667022705078;3657,599853515625;4,40495491027832;-6,288236141204834;-4,299206733703613;0,7412168383598328;0,2812661826610565;0,20377890765666962;0,011865979991853237
1159;-180,0595245361328;-230,6667022705078;3657,599853515625;3,2798173427581787;-6,435934066772461;-3,7829113006591797;0,7300273776054382;0,27703043818473816;0,20072205364704132;0,011631550267338753
1160;-180,0595245361328;-230,6667022705078;3657,599853515625;3,35063099861145;-6,329856872558594;-3,559563159942627;0,7283225059509277;0,27635592222213745;0,20026274025440216;0,011584649793803692
1161;-180,0595245361328;-230,6667022705078;3657,599853515625;3,4575934410095215;-5,927794456481934;-4,131383895874023;0,7141309976577759;0,2707001566886902;0,19628499448299408;0,011340524069964886
1162;-180,0595245361328;-230,6667022705078;3657,599853515625;3,0238823890686035;-6,058750629425049;-3,8010053634643555;0,704617440700531;0,2672078609466553;0,193742573261261;0,011109136044979095
1163;-180,0595245361328;-230,6667022705078;3657,599853515625;2,5225021839141846;-6,152531147003174;-3,981032133102417;0,7155115008354187;0,2709544003009796;0,19661235809326172;0,011377968825399876
1164;-180,0595245361328;-230,6667022705078;3657,599853515625;2,9533305168151855;-6,558258056640625;-3,8791732788085938;0,7089850902557373;0,268348753452301;0,19479529559612274;0,011254634708166122
1165;-180,0595245361328;-230,6667022705078;3657,599853515625;3,0568606853485107;-6,388274192810059;-4,1720452308654785;0,7007303237915039;0,26535162329673767;0,19261111319065094;0,011034125462174416
1166;-180,0595245361328;-230,6667022705078;3657,599853515625;3,0755584239959717;-6,205047607421875;-4,0464277267456055;0,6957570314407349;0,2631262242794037;0,19113601744174957;0,010988743044435978
1167;-180,0595245361328;-230,6667022705078;3657,599853515625;3,154548168182373;-6,333868503570557;-3,765876531600952;0,6867572665214539;0,25966203212738037;0,1886756867170334;0,010794254019856453
1168;-180,0595245361328;-230,6667022705078;3657,599853515625;3,084510564804077;-6,185095310211182;-3,9172441959381104;0,6673517227172852;0,2520996034145355;0,18328197300434113;0,01043326873332262
1169;-180,0595245361328;-230,6667022705078;3657,599853515625;3,179868221282959;-6,5707268714904785;-3,621717929840088;0,674148678779602;0,2545066177845001;0,18511609733104706;0,010576905682682991
1170;-180,0595245361328;-230,6667022705078;3657,599853515625;3,0721514225006104;-6,4215216636657715;-3,579930305480957;0,6817413568496704;0,25712040066719055;0,18711410462856293;0,010759220458567142
1171;-180,0595245361328;-230,6667022705078;3657,599853515625;2,2382266521453857;-6,538808822631836;-3,457329034805298;0,6642850041389465;0,2504723072052002;0,18233893811702728;0,010393238626420498
1172;-180,0595245361328;-230,6667022705078;3657,599853515625;2,8413262367248535;-6,248808860778809;-3,7408697605133057;0,6829369068145752;0,25744473934173584;0,18749450147151947;0,010740025900304317
1173;-180,0595245361328;-230,6667022705078;3657,599853515625;1,9238245487213135;-6,530722618103027;-3,5243916511535645;0,6453630328178406;0,2430005967617035;0,17706647515296936;0,010033915750682354
1174;-180,0595245361328;-230,6667022705078;3657,599853515625;3,2055835723876953;-6,314436912536621;-3,775221347808838;0,6571166515350342;0,2474053055047989;0,18035346269607544;0,01023206114768982
1175;-180,0595245361328;-230,6667022705078;3657,599853515625;2,621150493621826;-6,364556789398193;-3,6955432891845703;0,6495002508163452;0,24435776472091675;0,17821045219898224;0,010096598416566849
1176;-180,0595245361328;-230,6667022705078;3657,599853515625;2,5510077476501465;-6,667575836181641;-3,441582441329956;0,6391050219535828;0,2402838170528412;0,1753108948469162;0,009898676536977291
1177;-180,0595245361328;-230,6667022705078;3657,599853515625;2,864701509475708;-6,419898986816406;-3,5438413619995117;0,6245480179786682;0,23468118906021118;0,17130005359649658;0,00959925726056099
1178;-180,0595245361328;-230,6667022705078;3657,599853515625;3,1636343002319336;-6,535269260406494;-3,79307222366333;0,6301178336143494;0,23666945099830627;0,17286613583564758;0,009685000404715538
1179;-180,0595245361328;-230,6667022705078;3657,599853515625;2,5442373752593994;-6,5307159423828125;-3,4681785106658936;0,6239216923713684;0,23418214917182922;0,17108801007270813;0,009588100016117096
1180;-180,0595245361328;-230,6667022705078;3657,599853515625;3,406038999557495;-6,36037015914917;-4,243037223815918;0,6049782037734985;0,22694480419158936;0,16589972376823425;0,00918279867619276
1181;-180,0595245361328;-230,6667022705078;3657,599853515625;2,2447855472564697;-6,469313621520996;-3,2805004119873047;0,5868945121765137;0,2200329452753067;0,16092149913311005;0,008802670985460281
1182;-180,0595245361328;-230,6667022705078;3657,599853515625;2,860980749130249;-6,6328558921813965;-3,8291730880737305;0,5787674784660339;0,2168465554714203;0,15870049595832825;0,008618042804300785
1183;-180,0595245361328;-230,6667022705078;3657,599853515625;3,036497116088867;-6,444326877593994;-3,9282124042510986;0,563626766204834;0,21108195185661316;0,15448129177093506;0,008309789001941681
1184;-180,0595245361328;-230,6667022705078;3657,599853515625;2,5783519744873047;-6,4496612548828125;-3,900371551513672;0,5878943204879761;0,2200317233800888;0,1611330807209015;0,008826619945466518
1185;-180,0595245361328;-230,6667022705078;3657,599853515625;3,223801374435425;-6,358582496643066;-4,3333001136779785;0,5559874176979065;0,20796220004558563;0,15237848460674286;0,00813441164791584
1186;-180,0595245361328;-230,6667022705078;3657,599853515625;3,2885124683380127;-6,433281421661377;-3,92134165763855;0,566127598285675;0,21158729493618011;0,15516793727874756;0,008343113586306572
1187;-180,0595245361328;-230,6667022705078;3657,599853515625;2,651608943939209;-6,3267059326171875;-3,9741804599761963;0,5599700212478638;0,20942220091819763;0,15333670377731323;0,008227076381444931
1188;-180,0595245361328;-230,6667022705078;3657,599853515625;2,948362350463867;-6,304217338562012;-3,764514923095703;0,5385974645614624;0,20113205909729004;0,14756004512310028;0,007746291346848011
1189;-180,0595245361328;-230,6667022705078;3657,599853515625;2,7659711837768555;-6,206207752227783;-3,9881138801574707;0,5341758131980896;0,1994258463382721;0,1463152915239334;0,007646228186786175
1190;-180,0595245361328;-230,6667022705078;3657,599853515625;3,24808931350708;-6,483381271362305;-4,100094318389893;0,5415483713150024;0,20191001892089844;0,14837120473384857;0,007799763698130846
1191;-180,0595245361328;-230,6667022705078;3657,599853515625;2,7532382011413574;-6,293968677520752;-4,129835605621338;0,5469728708267212;0,20388320088386536;0,14982706308364868;0,007925532758235931
1192;-180,0595245361328;-230,6667022705078;3657,599853515625;3,409015655517578;-6,249423980712891;-4,234491348266602;0,5329020619392395;0,1987970620393753;0,1458931267261505;0,007604881655424833
1193;-180,0595245361328;-230,6667022705078;3657,599853515625;3,765141725540161;-6,433535575866699;-4,540050983428955;0,5260874032974243;0,1960209608078003;0,144047811627388;0,007451717276126146
1194;-180,0595245361328;-230,6667022705078;3657,599853515625;3,2328526973724365;-6,330784797668457;-4,543527126312256;0,5194498896598816;0,19314837455749512;0,14227651059627533;0,007288690190762281
1195;-180,0595245361328;-230,6667022705078;3657,599853515625;3,13972806930542;-6,259660243988037;-4,367897987365723;0,5168314576148987;0,19206926226615906;0,14154353737831116;0,0072271074168384075
1196;-180,0595245361328;-230,6667022705078;3657,599853515625;2,734483242034912;-6,288471221923828;-4,308503150939941;0,505803644657135;0,18798694014549255;0,1384943574666977;0,0069718873128294945
1197;-180,0595245361328;-230,6667022705078;3657,599853515625;2,878854513168335;-6,16359281539917;-4,344619274139404;0,48324063420295715;0,17939849197864532;0,13232168555259705;0,006425670813769102
1198;-180,0595245361328;-230,6667022705078;3657,599853515625;3,290316581726074;-6,094159126281738;-4,4820356369018555;0,4961928129196167;0,18421781063079834;0,13584424555301666;0,006736805662512779
1199;-180,0595245361328;-230,6667022705078;3657,599853515625;2,8693227767944336;-6,043705463409424;-4,239615440368652;0,5003645420074463;0,18544793128967285;0,13700075447559357;0,006830727681517601
1200;-180,0595245361328;-230,6667022705078;3657,599853515625;3,6017403602600098;-6,126430988311768;-4,711755275726318;0,4857737421989441;0,17984792590141296;0,13300515711307526;0,006476933602243662
1201;-180,0595245361328;-230,6667022705078;3657,599853515625;3,1987838745117188;-6,031115531921387;-4,394491195678711;0,4742092192173004;0,17553740739822388;0,12982264161109924;0,006191438063979149
1202;-180,0595245361328;-230,6667022705078;3657,599853515625;3,044158697128296;-6,069248199462891;-4,403745651245117;0,4753236770629883;0,17582643032073975;0,1301216185092926;0,006216268986463547
1203;-180,0595245361328;-230,6667022705078;3657,599853515625;2,560490131378174;-5,667497634887695;-4,183556079864502;0,4480661153793335;0,16498735547065735;0,12270677089691162;0,005493631586432457
1204;-180,0595245361328;-230,6667022705078;3657,599853515625;2,8193416595458984;-5,726170539855957;-4,168416500091553;0,4710049033164978;0,17407625913619995;0,1289215236902237;0,006101635284721851
1205;-180,0595245361328;-230,6667022705078;3657,599853515625;3,235860586166382;-5,681416988372803;-4,482112884521484;0,47322630882263184;0,1745786815881729;0,12953828275203705;0,006151446606963873
1206;-180,0595245361328;-230,6667022705078;3657,599853515625;3,247929096221924;-5,804056167602539;-4,630028247833252;0,4606761634349823;0,169988214969635;0,12608851492404938;0,005832774564623833
1207;-180,0595245361328;-230,6667022705078;3657,599853515625;3,0652709007263184;-5,702773094177246;-4,426112651824951;0,48830777406692505;0,18046079576015472;0,13362306356430054;0,006518224254250526
1208;-180,0595245361328;-230,6667022705078;3657,599853515625;2,9422788619995117;-5,763118267059326;-4,348759174346924;0,480317085981369;0,1771342158317566;0,13144925236701965;0,006320571061223745
1209;-180,0595245361328;-230,6667022705078;3657,599853515625;3,2507283687591553;-5,7192158699035645;-4,589291095733643;0,4558242857456207;0,1677936464548111;0,12475450336933136;0,005698495544493198
1210;-180,0595245361328;-230,6667022705078;3657,599853515625;3,4710588455200195;-5,8234171867370605;-4,741043567657471;0,4354354739189148;0,15982303023338318;0,11919059604406357;0,005150369834154844
1211;-180,0595245361328;-230,6667022705078;3657,599853515625;3,4412074089050293;-5,773357391357422;-4,637225151062012;0,33678746223449707;0,12201878428459167;0,09225831925868988;0,0013346754712983966
1212;-180,0595245361328;-230,6667022705078;3657,599853515625;2,807899236679077;-5,756852149963379;-4,384266376495361;0,4224628508090973;0,15394870936870575;0,11567523330450058;0,0046835411339998245
1213;-180,0595245361328;-230,6667022705078;3657,599853515625;3,68009090423584;-5,938920021057129;-4,68112850189209;0,4712112545967102;0,17323875427246094;0,1289503276348114;0,006076260935515165
1214;-180,0595245361328;-230,6667022705078;3657,599853515625;2,7692315578460693;-5,717114448547363;-4,564422607421875;0,4525854289531708;0,16633999347686768;0,12385444343090057;0,005595305003225803
1215;-180,0595245361328;-230,6667022705078;3657,599853515625;3,6421239376068115;-5,898497581481934;-4,635930061340332;0,41645053029060364;0,15258412063121796;0,11397971957921982;0,004588454496115446
1216;-180,0595245361328;-230,6667022705078;3657,599853515625;3,6550087928771973;-5,748843669891357;-4,761174201965332;0,46181413531303406;0,17019438743591309;0,12635594606399536;0,00580317759886384
1217;-180,0595245361328;-230,6667022705078;3657,599853515625;3,546605348587036;-5,73505163192749;-4,729042053222656;0,46378055214881897;0,17027878761291504;0,12691809237003326;0,005875641480088234
1218;-180,0595245361328;-230,6667022705078;3657,599853515625;2,633446455001831;-5,461938858032227;-4,602288722991943;0,47397392988204956;0,17422084510326385;0,1297016441822052;0,0061290087178349495
1219;-180,0595245361328;-230,6667022705078;3657,599853515625;2,7632625102996826;-5,405919551849365;-4,772475719451904;0,4730493128299713;0,17351631820201874;0,1294616013765335;0,0060998667031526566
1220;-180,0595245361328;-230,6667022705078;3657,599853515625;3,4236435890197754;-5,583832263946533;-4,587270736694336;0,47344300150871277;0,17414826154708862;0,12955564260482788;0,006103673949837685
1221;-180,0595245361328;-230,6667022705078;3657,599853515625;3,0530855655670166;-5,624887943267822;-4,8015522956848145;0,4958668053150177;0,18277952075004578;0,13568085432052612;0,00664519052952528
1222;-180,0595245361328;-230,6667022705078;3657,599853515625;3,5855438709259033;-5,6886677742004395;-4,635310649871826;0,4924262464046478;0,18122006952762604;0,134752094745636;0,006566287484019995
1223;-180,0595245361328;-230,6667022705078;3657,599853515625;3,2648794651031494;-5,729944229125977;-4,740757942199707;0,49652597308158875;0,18304529786109924;0,1358681619167328;0,006650368683040142
1224;-180,0595245361328;-230,6667022705078;3657,599853515625;2,609006643295288;-5,37181282043457;-4,50773811340332;0,4966406524181366;0,18249593675136566;0,13592971861362457;0,006663565058261156
1225;-180,0595245361328;-230,6667022705078;3657,599853515625;2,5740716457366943;-5,2284345626831055;-4,405994892120361;0,4975298345088959;0,18315966427326202;0,13616588711738586;0,0066771674901247025
1226;-180,0595245361328;-230,6667022705078;3657,599853515625;3,1533071994781494;-5,597231388092041;-4,327046871185303;0,5102238059043884;0,18861140310764313;0,1396191269159317;0,006935751531273127
1227;-180,0595245361328;-230,6667022705078;3657,599853515625;2,1302762031555176;-5,072881698608398;-4,594106197357178;0,4939463436603546;0,1824106127023697;0,13517944514751434;0,006540200207382441
1228;-180,0595245361328;-230,6667022705078;3657,599853515625;2,765199899673462;-5,307743072509766;-4,487306594848633;0,5089101195335388;0,1877797245979309;0,13929325342178345;0,006921771448105574
1229;-180,0595245361328;-230,6667022705078;3657,599853515625;2,9154093265533447;-5,38384485244751;-4,289154529571533;0,5309175252914429;0,19645102322101593;0,1452995389699936;0,007406933698803186
1230;-180,0595245361328;-230,6667022705078;3657,599853515625;2,4145240783691406;-5,087651252746582;-4,274981498718262;0,5302445888519287;0,19638608396053314;0,14511726796627045;0,0073676640167832375
1231;-180,0595245361328;-230,6667022705078;3657,599853515625;2,1932625770568848;-4,982309818267822;-4,2394280433654785;0,5313341617584229;0,19668737053871155;0,14542926847934723;0,007400253787636757
1232;-180,0595245361328;-230,6667022705078;3657,599853515625;1,7720245122909546;-4,7771759033203125;-4,557736396789551;0,5230042338371277;0,19343483448028564;0,14316721260547638;0,0072122616693377495
1233;-180,0595245361328;-230,6667022705078;3657,599853515625;2,428596258163452;-4,957165241241455;-4,343667507171631;0,5220555663108826;0,1929565817117691;0,14292670786380768;0,007197559345513582
1234;-180,0595245361328;-230,6667022705078;3657,599853515625;1,5217812061309814;-4,632286548614502;-4,5571064949035645;0,5322315096855164;0,19674305617809296;0,14572612941265106;0,007435633335262537
1235;-180,0595245361328;-230,6667022705078;3657,599853515625;1,387387752532959;-4,509465217590332;-4,513591289520264;0,5340644121170044;0,19757619500160217;0,14622657001018524;0,007463006302714348
1236;-180,0595245361328;-230,6667022705078;3657,599853515625;1,6165268421173096;-4,72748327255249;-4,4753570556640625;0,5500735640525818;0,2037041038274765;0,1506107598543167;0,007817749865353107
1237;-180,0595245361328;-230,6667022705078;3657,599853515625;1,600388765335083;-4,803891658782959;-4,34283447265625;0,538444995880127;0,1994624137878418;0,14743530750274658;0,007533441297709942
1238;-180,0595245361328;-230,6667022705078;3657,599853515625;0,7175701856613159;-4,432981491088867;-4,409543991088867;0,5435268878936768;0,2013188600540161;0,14884093403816223;0,007654751185327768
1239;-180,0595245361328;-230,6667022705078;3657,599853515625;1,5247315168380737;-4,434753894805908;-4,120457172393799;0,5361347198486328;0,1985798180103302;0,14682911336421967;0,007476692087948322
1240;-180,0595245361328;-230,6667022705078;3657,599853515625;0,9922500848770142;-4,632438659667969;-4,35984992980957;0,554366409778595;0,20524437725543976;0,15184250473976135;0,007912730798125267
1241;-180,0595245361328;-230,6667022705078;3657,599853515625;1,098044991493225;-4,173399925231934;-4,1448750495910645;0,5626212358474731;0,20831653475761414;0,15411850810050964;0,00809900090098381
1242;-180,0595245361328;-230,6667022705078;3657,599853515625;1,4631203413009644;-4,283008575439453;-4,3216376304626465;0,5515225529670715;0,20461271703243256;0,1510537713766098;0,00779143488034606
1243;-180,0595245361328;-230,6667022705078;3657,599853515625;1,4015856981277466;-4,5069098472595215;-4,237353801727295;0,5423466563224792;0,2008308470249176;0,1485907882452011;0,007626039441674948
1244;-180,0595245361328;-230,6667022705078;3657,599853515625;1,41159987449646;-4,3840532302856445;-4,239846706390381;0,5602580308914185;0,20728448033332825;0,153532013297081;0,00805475190281868
1245;-180,0595245361328;-230,6667022705078;3657,599853515625;1,3178750276565552;-4,2956976890563965;-4,177203178405762;0,5599129796028137;0,20755437016487122;0,15341271460056305;0,008009018376469612
1246;-180,0595245361328;-230,6667022705078;3657,599853515625;0,9113292098045349;-4,107298374176025;-4,3348188400268555;0,5603259801864624;0,2075318545103073;0,15356209874153137;0,008038699626922607
1247;-180,0595245361328;-230,6667022705078;3657,599853515625;1,0650713443756104;-4,265823841094971;-4,106533050537109;0,5679206848144531;0,21030405163764954;0,15566691756248474;0,008214889094233513
1248;-180,0595245361328;-230,6667022705078;3657,599853515625;0,8840707540512085;-4,165870666503906;-4,307314872741699;0,5725181102752686;0,21213221549987793;0,1569318175315857;0,00830825511366129
1249;-180,0595245361328;-230,6667022705078;3657,599853515625;1,347387671470642;-4,167301654815674;-4,258267879486084;0,5738831162452698;0,21266573667526245;0,1573183238506317;0,008337590843439102
1250;-180,0595245361328;-230,6667022705078;3657,599853515625;1,374522089958191;-4,244714736938477;-4,13303804397583;0,5625303983688354;0,20823311805725098;0,1542634665966034;0,00810282677412033
1251;-180,0595245361328;-230,6667022705078;3657,599853515625;1,0541270971298218;-4,243232727050781;-4,090977191925049;0,5720943808555603;0,2117813378572464;0,15691116452217102;0,008316094055771828
1252;-180,0595245361328;-230,6667022705078;3657,599853515625;0,9568092226982117;-4,371097087860107;-4,160286903381348;0,5743314623832703;0,21262815594673157;0,15754744410514832;0,008365316316485405
1253;-180,0595245361328;-230,6667022705078;3657,599853515625;1,2151641845703125;-4,344698905944824;-4,413706302642822;0,5657087564468384;0,20954805612564087;0,1551879346370697;0,00817155372351408
1254;-180,0595245361328;-230,6667022705078;3657,599853515625;1,5430282354354858;-4,477585315704346;-4,051053524017334;0,5830338597297668;0,21591876447200775;0,1599830985069275;0,008553555235266685
1255;-180,0595245361328;-230,6667022705078;3657,599853515625;1,6223249435424805;-4,562167644500732;-3,9935495853424072;0,5922670364379883;0,219301238656044;0,16256344318389893;0,008747356943786144
1256;-180,0595245361328;-230,6667022705078;3657,599853515625;1,8257815837860107;-4,505856513977051;-3,9171605110168457;0,6050667762756348;0,22431346774101257;0,16603809595108032;0,00902477279305458
1257;-180,0595245361328;-230,6667022705078;3657,599853515625;1,5086965560913086;-4,394145965576172;-3,8473427295684814;0,6002237796783447;0,222215935587883;0,16486001014709473;0,00888606533408165
1258;-180,0595245361328;-230,6667022705078;3657,599853515625;1,4087806940078735;-4,335093975067139;-4,020355224609375;0,5983778834342957;0,22175191342830658;0,16432899236679077;0,008866196498274803
1259;-180,0595245361328;-230,6667022705078;3657,599853515625;1,396983027458191;-4,462071418762207;-3,9247350692749023;0,6128677725791931;0,22753854095935822;0,16817893087863922;0,00918577704578638
1260;-180,0595245361328;-230,6667022705078;3657,599853515625;1,866657018661499;-4,481742858886719;-4,124269485473633;0,6063990592956543;0,22491924464702606;0,1665794998407364;0,00903004128485918
1261;-180,0595245361328;-230,6667022705078;3657,599853515625;1,645919680595398;-4,3639936447143555;-3,9323623180389404;0,628726065158844;0,23346981406211853;0,17262688279151917;0,009519712068140507
1262;-180,0595245361328;-230,6667022705078;3657,599853515625;1,0312416553497314;-4,475337028503418;-4,000372409820557;0,5956525802612305;0,22111782431602478;0,1636955291032791;0,008792821317911148
1263;-180,0595245361328;-230,6667022705078;3657,599853515625;0,8060835599899292;-4,242753028869629;-4,129117965698242;0,6171804666519165;0,22931444644927979;0,16954520344734192;0,009269475936889648
1264;-180,0595245361328;-230,6667022705078;3657,599853515625;2,2236757278442383;-4,262521743774414;-3,5722320079803467;0,6186000108718872;0,22994592785835266;0,16995778679847717;0,009297570213675499
1265;-180,0595245361328;-230,6667022705078;3657,599853515625;1,7207138538360596;-4,22608757019043;-4,1724772453308105;0,6335865259170532;0,2356235533952713;0,17411597073078156;0,009600233286619186
1266;-180,0595245361328;-230,6667022705078;3657,599853515625;2,0778603553771973;-4,381742000579834;-3,776431083679199;0,6110079884529114;0,22734935581684113;0,16789890825748444;0,009141329675912857
1267;-180,0595245361328;-230,6667022705078;3657,599853515625;1,7429901361465454;-4,115851402282715;-3,654925584793091;0,6470580697059631;0,2408846616744995;0,17783869802951813;0,009880132973194122
1268;-180,0595245361328;-230,6667022705078;3657,599853515625;2,6041419506073;-4,275896072387695;-3,6277804374694824;0,6366214156150818;0,2371487319469452;0,17507457733154297;0,009634246118366718
1269;-180,0595245361328;-230,6667022705078;3657,599853515625;2,774172306060791;-4,186542510986328;-3,4627504348754883;0,644294798374176;0,24015213549137115;0,17720012366771698;0,009790860116481781
1270;-180,0595245361328;-230,6667022705078;3657,599853515625;2,1802611351013184;-4,315746784210205;-3,7738587856292725;0,6481648087501526;0,2417386770248413;0,17827530205249786;0,009872501716017723
1271;-180,0595245361328;-230,6667022705078;3657,599853515625;1,7114866971969604;-4,1605224609375;-3,8520991802215576;0,6359558701515198;0,23734351992607117;0,1749485284090042;0,009620487689971924
1272;-180,0595245361328;-230,6667022705078;3657,599853515625;2,5393497943878174;-3,9629523754119873;-3,0218968391418457;0,6522417664527893;0,2436479926109314;0,17951740324497223;0,00991057325154543
1273;-180,0595245361328;-230,6667022705078;3657,599853515625;1,0296810865402222;-3,8560431003570557;-3,9116017818450928;0,651085615158081;0,2433089315891266;0,1791554093360901;0,009922614321112633
1274;-180,0595245361328;-230,6667022705078;3657,599853515625;3,4393506050109863;-4,2509541511535645;-3,383470058441162;0,6460898518562317;0,24155448377132416;0,17776183784008026;0,009837130084633827
1275;-180,0595245361328;-230,6667022705078;3657,599853515625;2,3741753101348877;-4,309238433837891;-3,6303484439849854;0,6667851805686951;0,2495029717683792;0,18350856006145477;0,010235645808279514
1276;-180,0595245361328;-230,6667022705078;3657,599853515625;3,3142592906951904;-3,8888492584228516;-3,0794050693511963;0,6607470512390137;0,24737577140331268;0,18184372782707214;0,010124779306352139
1277;-180,0595245361328;-230,6667022705078;3657,599853515625;1,4306700229644775;-3,9601876735687256;-3,2374582290649414;0,6699771881103516;0,25093719363212585;0,18436884880065918;0,01032304484397173
1278;-180,0595245361328;-230,6667022705078;3657,599853515625;2,502028226852417;-3,986557960510254;-3,0687246322631836;0,6697741150856018;0,25119656324386597;0,18441994488239288;0,010276004672050476
1279;-180,0595245361328;-230,6667022705078;3657,599853515625;3,0656790733337402;-4,044691562652588;-3,2827401161193848;0,6735742092132568;0,2527124285697937;0,1854398101568222;0,010372234508395195
1280;-180,0595245361328;-230,6667022705078;3657,599853515625;3,002678871154785;-3,807095527648926;-3,241565704345703;0,674954354763031;0,2534932494163513;0,18587937951087952;0,010377703234553337
1281;-180,0595245361328;-230,6667022705078;3657,599853515625;2,6013176441192627;-3,6671202182769775;-2,9874987602233887;0,6735130548477173;0,25300389528274536;0,18543793261051178;0,010376756079494953
1282;-180,0595245361328;-230,6667022705078;3657,599853515625;3,562901735305786;-3,91894793510437;-3,039024591445923;0,6781948804855347;0,2548046410083771;0,18668784201145172;0,010493363253772259
1283;-180,0595245361328;-230,6667022705078;3657,599853515625;2,8959176540374756;-3,5192785263061523;-3,1531856060028076;0,6810907125473022;0,2564879059791565;0,18767979741096497;0,010462221689522266
1284;-180,0595245361328;-230,6667022705078;3657,599853515625;2,205069065093994;-3,752638339996338;-3,2112185955047607;0,6817176938056946;0,25667503476142883;0,18777790665626526;0,01052542682737112
1285;-180,0595245361328;-230,6667022705078;3657,599853515625;2,1566874980926514;-3,7254841327667236;-3,1805713176727295;0,6735822558403015;0,25394901633262634;0,18561014533042908;0,010332473553717136
1286;-180,0595245361328;-230,6667022705078;3657,599853515625;2,0732502937316895;-3,510540246963501;-3,3943681716918945;0,6774877905845642;0,25541672110557556;0,18663515150547028;0,010444178245961666
1287;-180,0595245361328;-230,6667022705078;3657,599853515625;2,528345823287964;-3,7581231594085693;-2,959246873855591;0,6768284440040588;0,25546029210090637;0,18650618195533752;0,010409125126898289
1288;-180,0595245361328;-230,6667022705078;3657,599853515625;3,0614564418792725;-3,4913251399993896;-3,1735124588012695;0,6859960556030273;0,2589575946331024;0,18899551033973694;0,010613074526190758
1289;-180,0595245361328;-230,6667022705078;3657,599853515625;1,4223804473876953;-3,9074864387512207;-3,415008783340454;0,6928292512893677;0,2617875933647156;0,19091781973838806;0,010732779279351234
1290;-180,0595245361328;-230,6667022705078;3657,599853515625;1,5860131978988647;-3,6034834384918213;-3,2634921073913574;0,691742479801178;0,2617690861225128;0,19070729613304138;0,010669655166566372
1291;-180,0595245361328;-230,6667022705078;3657,599853515625;4,723979473114014;-4,151209831237793;-2,9901227951049805;0,7140393853187561;0,2699771523475647;0,19672656059265137;0,011172548867762089
1292;-180,0595245361328;-230,6667022705078;3657,599853515625;2,224055767059326;-3,6830995082855225;-2,992429494857788;0,6940861344337463;0,26273226737976074;0,19128865003585815;0,010762945748865604
1293;-180,0595245361328;-230,6667022705078;3657,599853515625;2,439021587371826;-3,6173295974731445;-3,133477210998535;0,6903824210166931;0,26146331429481506;0,19026398658752441;0,010695221833884716
1294;-180,0595245361328;-230,6667022705078;3657,599853515625;2,884953022003174;-3,435133695602417;-3,079902172088623;0,7056595087051392;0,2673044800758362;0,19444973766803741;0,01100827194750309
1295;-180,0595245361328;-230,6667022705078;3657,599853515625;2,231696605682373;-3,727980613708496;-3,192113161087036;0,7139626145362854;0,2709696888923645;0,19685788452625275;0,01110774278640747
1296;-180,0595245361328;-230,6667022705078;3657,599853515625;3,4440736770629883;-3,8175241947174072;-3,290022850036621;0,7152233123779297;0,270961731672287;0,19701597094535828;0,011232580058276653
1297;-180,0595245361328;-230,6667022705078;3657,599853515625;3,169358253479004;-3,733858585357666;-3,190338134765625;0,7232833504676819;0,2745043933391571;0,19934630393981934;0,011339297518134117
1298;-180,0595245361328;-230,6667022705078;3657,599853515625;2,8361854553222656;-4,149762153625488;-3,4176971912384033;0,736332356929779;0,2791252136230469;0,20280593633651733;0,011658030562102795
1299;-180,0595245361328;-230,6667022705078;3657,599853515625;3,560772657394409;-3,9317092895507812;-3,2217209339141846;0,7303435206413269;0,27658358216285706;0,20103827118873596;0,01158865261822939
1300;-180,0595245361328;-230,6667022705078;3657,599853515625;4,236669540405273;-3,7634952068328857;-3,254021167755127;0,7590169906616211;0,28791582584381104;0,20904666185379028;0,012106056325137615
1301;-180,0595245361328;-230,6667022705078;3657,599853515625;4,152125358581543;-4,158289432525635;-3,0956785678863525;0,7468529343605042;0,2834149897098541;0,20568829774856567;0,011874541640281677
1302;-180,0595245361328;-230,6667022705078;3657,599853515625;2,792243003845215;-3,9665732383728027;-3,3051514625549316;0,751003086566925;0,2850114703178406;0,20682519674301147;0,011967319063842297
1303;-180,0595245361328;-230,6667022705078;3657,599853515625;2,6563093662261963;-3,9920475482940674;-3,298017740249634;0,741788387298584;0,28206881880760193;0,20439772307872772;0,011733438819646835
1304;-180,0595245361328;-230,6667022705078;3657,599853515625;2,282829999923706;-4,274816989898682;-3,2863597869873047;0,7475683689117432;0,2839955985546112;0,20588193833827972;0,01189516019076109
1305;-180,0595245361328;-230,6667022705078;3657,599853515625;3,2012977600097656;-4,052816867828369;-2,935997486114502;0,7476085424423218;0,28446412086486816;0,20599421858787537;0,011850371956825256
1306;-180,0595245361328;-230,6667022705078;3657,599853515625;3,0241425037384033;-3,8027255535125732;-3,0615108013153076;0,7572848796844482;0,28795453906059265;0,20857802033424377;0,012075014412403107
1307;-180,0595245361328;-230,6667022705078;3657,599853515625;3,2182512283325195;-3,7822153568267822;-3,139951229095459;0,7413880825042725;0,28221654891967773;0,2042606920003891;0,011741282418370247
1308;-180,0595245361328;-230,6667022705078;3657,599853515625;2,2373428344726562;-4,066061019897461;-3,251279592514038;0,7595189213752747;0,2887626588344574;0,20913037657737732;0,01214613951742649
1309;-180,0595245361328;-230,6667022705078;3657,599853515625;3,0069496631622314;-3,9959428310394287;-3,2056167125701904;0,7682470679283142;0,29253020882606506;0,2116370052099228;0,012265808880329132
1310;-180,0595245361328;-230,6667022705078;3657,599853515625;3,8494858741760254;-3,8346290588378906;-3,1709327697753906;0,7569462656974792;0,28816038370132446;0,2084828019142151;0,012069188058376312
1311;-180,0595245361328;-230,6667022705078;3657,599853515625;4,85324764251709;-3,46472430229187;-2,8815784454345703;0,7630010843276978;0,2901662588119507;0,21004487574100494;0,012230973690748215
1312;-180,0595245361328;-230,6667022705078;3657,599853515625;3,4188852310180664;-4,329127788543701;-3,181619644165039;0,7613757848739624;0,2900144159793854;0,2097105085849762;0,012148087844252586
1313;-180,0595245361328;-230,6667022705078;3657,599853515625;3,400420665740967;-4,213296890258789;-2,825401782989502;0,7668631076812744;0,2913157641887665;0,21098096668720245;0,012353925965726376
1314;-180,0595245361328;-230,6667022705078;3657,599853515625;3,915980339050293;-3,9727582931518555;-3,2095847129821777;0,7556269764900208;0,28760525584220886;0,20803110301494598;0,012079734355211258
1315;-180,0595245361328;-230,6667022705078;3657,599853515625;3,45365309715271;-4,362749099731445;-3,2153055667877197;0,7600189447402954;0,2890307307243347;0,20915590226650238;0,012198843993246555
1316;-180,0595245361328;-230,6667022705078;3657,599853515625;3,7972428798675537;-4,195765018463135;-2,991506338119507;0,7704717516899109;0,29283541440963745;0,211970254778862;0,012423206120729446
1317;-180,0595245361328;-230,6667022705078;3657,599853515625;3,0022637844085693;-4,698841571807861;-3,0348565578460693;0,7738655805587769;0,29406988620758057;0,21287603676319122;0,01249818317592144
1318;-180,0595245361328;-230,6667022705078;3657,599853515625;2,5630130767822266;-4,390609264373779;-3,0356695652008057;0,7691918015480042;0,2924243211746216;0,2116171419620514;0,012396367266774178
1319;-180,0595245361328;-230,6667022705078;3657,599853515625;3,6642677783966064;-4,8332414627075195;-3,204519510269165;0,7687371969223022;0,2926720976829529;0,21160471439361572;0,012335285544395447
1320;-180,0595245361328;-230,6667022705078;3657,599853515625;2,7454452514648438;-4,398745059967041;-3,149454116821289;0,7605199813842773;0,28952422738075256;0,20933055877685547;0,012179935351014137
1321;-180,0595245361328;-230,6667022705078;3657,599853515625;3,1083593368530273;-4,069382667541504;-3,069518804550171;0,7573143243789673;0,28841057419776917;0,20847465097904205;0,012100616469979286
1322;-180,0595245361328;-230,6667022705078;3657,599853515625;3,8351547718048096;-4,319629669189453;-3,0439248085021973;0,7691679000854492;0,2927302420139313;0,2116774171590805;0,012353028170764446
1323;-180,0595245361328;-230,6667022705078;3657,599853515625;3,715264320373535;-4,717657089233398;-3,1071248054504395;0,777730405330658;0,2955939471721649;0,21391510963439941;0,012568327598273754
1324;-180,0595245361328;-230,6667022705078;3657,599853515625;3,2393810749053955;-4,6420135498046875;-2,971876621246338;0,7506335973739624;0,2854471802711487;0,2065073847770691;0,012021674774587154
1325;-180,0595245361328;-230,6667022705078;3657,599853515625;2,1478114128112793;-4,235494136810303;-2,7998242378234863;0,7605184316635132;0,2891736328601837;0,20921900868415833;0,012210892513394356
1326;-180,0595245361328;-230,6667022705078;3657,599853515625;3,0127246379852295;-4,5742316246032715;-3,094193458557129;0,7582482099533081;0,2881409227848053;0,20854666829109192;0,012184930965304375
1327;-180,0595245361328;-230,6667022705078;3657,599853515625;2,055497646331787;-4,483246326446533;-2,9547762870788574;0,7534841299057007;0,286144882440567;0,20718343555927277;0,012112029828131199
1328;-180,0595245361328;-230,6667022705078;3657,599853515625;3,072244167327881;-4,630349636077881;-3,1179656982421875;0,7453375458717346;0,28338006138801575;0,20505468547344208;0,011893064714968204
1329;-180,0595245361328;-230,6667022705078;3657,599853515625;2,6364474296569824;-4,136229515075684;-2,9553210735321045;0,7348766326904297;0,27916795015335083;0,20208951830863953;0,01171864289790392
1330;-180,0595245361328;-230,6667022705078;3657,599853515625;3,33001446723938;-4,439864158630371;-2,9372916221618652;0,7479325532913208;0,2837471067905426;0,20558975636959076;0,012018994428217411
1331;-180,0595245361328;-230,6667022705078;3657,599853515625;2,445936441421509;-4,373378753662109;-3,0247957706451416;0,7410017251968384;0,2811904549598694;0,20372167229652405;0,011860856786370277
1332;-180,0595245361328;-230,6667022705078;3657,599853515625;1,9756804704666138;-4,7980451583862305;-2,735743761062622;0,7306767702102661;0,2772836685180664;0,2009029984474182;0,011642955243587494
1333;-180,0595245361328;-230,6667022705078;3657,599853515625;1,9793660640716553;-4,832172870635986;-2,549217700958252;0,7277939319610596;0,27614596486091614;0,20011396706104279;0,011576207354664803
1334;-180,0595245361328;-230,6667022705078;3657,599853515625;2,816896438598633;-4,385005950927734;-3,056236982345581;0,7139596939086914;0,27063238620758057;0,1962367743253708;0,011337683536112309
1335;-180,0595245361328;-230,6667022705078;3657,599853515625;1,5809391736984253;-4,6386332511901855;-2,747629165649414;0,7043260931968689;0,267090380191803;0,19364851713180542;0,011105189099907875
1336;-180,0595245361328;-230,6667022705078;3657,599853515625;2,201418876647949;-4,833582878112793;-2,8067476749420166;0,715147852897644;0,27082815766334534;0,19651679694652557;0,011368689127266407
1337;-180,0595245361328;-230,6667022705078;3657,599853515625;1,1425813436508179;-4,786664009094238;-2,643357992172241;0,708889365196228;0,2683055102825165;0,19476541876792908;0,011253836564719677
1338;-180,0595245361328;-230,6667022705078;3657,599853515625;2,0789692401885986;-4,6888604164123535;-2,847050905227661;0,7007882595062256;0,265362411737442;0,1926330029964447;0,011037384159862995
1339;-180,0595245361328;-230,6667022705078;3657,599853515625;1,7589749097824097;-4,630286693572998;-2,7565371990203857;0,6963362097740173;0,26334092020988464;0,19129279255867004;0,011001024395227432
1340;-180,0595245361328;-230,6667022705078;3657,599853515625;1,8497040271759033;-4,680703163146973;-2,581949472427368;0,6865598559379578;0,2595837712287903;0,18861979246139526;0,010791407898068428
1341;-180,0595245361328;-230,6667022705078;3657,599853515625;2,4255805015563965;-4,6919403076171875;-2,640223503112793;0,667398989200592;0,2521169185638428;0,18330086767673492;0,010434282943606377
1342;-180,0595245361328;-230,6667022705078;3657,599853515625;1,935080885887146;-4,965343475341797;-2,493281364440918;0,6727311611175537;0,25396838784217834;0,18472497165203094;0,010549553669989109
1343;-180,0595245361328;-230,6667022705078;3657,599853515625;1,588587999343872;-4,8492207527160645;-2,4161205291748047;0,6813269257545471;0,25696098804473877;0,18699710071086884;0,010751885361969471
1344;-180,0595245361328;-230,6667022705078;3657,599853515625;1,0790132284164429;-4,920876502990723;-2,2784438133239746;0,6652638912200928;0,2508198320865631;0,1826062947511673;0,010418792255222797
1345;-180,0595245361328;-230,6667022705078;3657,599853515625;1,8075900077819824;-4,678711891174316;-2,5416793823242188;0,6824415922164917;0,25725892186164856;0,18735885620117188;0,010729918256402016
1346;-180,0595245361328;-230,6667022705078;3657,599853515625;1,2617014646530151;-5,025472164154053;-2,4787673950195312;0,6441658735275269;0,24255339801311493;0,17673540115356445;0,01000865176320076
1347;-180,0595245361328;-230,6667022705078;3657,599853515625;1,8690319061279297;-4,798492908477783;-2,6642584800720215;0,6572098731994629;0,2474287897348404;0,18036936223506927;0,010239255614578724
1348;-180,0595245361328;-230,6667022705078;3657,599853515625;1,4792498350143433;-4,762745380401611;-2,4984052181243896;0,649675726890564;0,2444259226322174;0,17826035618782043;0,01009924802929163
1349;-180,0595245361328;-230,6667022705078;3657,599853515625;1,3602378368377686;-5,1121721267700195;-2,2846579551696777;0,6398497819900513;0,24055784940719604;0,17550824582576752;0,009916982613503933
1350;-180,0595245361328;-230,6667022705078;3657,599853515625;1,8870128393173218;-4,911562442779541;-2,438138484954834;0,6240611672401428;0,23449961841106415;0,1711682379245758;0,009588449262082577
1351;-180,0595245361328;-230,6667022705078;3657,599853515625;2,0499444007873535;-5,016641616821289;-2,6581289768218994;0,6290560960769653;0,23627187311649323;0,17257675528526306;0,00966220535337925
1352;-180,0595245361328;-230,6667022705078;3657,599853515625;1,5703835487365723;-4,905903339385986;-2,255643844604492;0,622562825679779;0,23367145657539368;0,17071180045604706;0,009561506099998951
1353;-180,0595245361328;-230,6667022705078;3657,599853515625;2,4525938034057617;-4,846405029296875;-3,028210401535034;0,6049121022224426;0,22692029178142548;0,165878027677536;0,009183110669255257
1354;-180,0595245361328;-230,6667022705078;3657,599853515625;1,0510379076004028;-4,8588032722473145;-2,1392462253570557;0,5864114165306091;0,21985317766666412;0,16078384220600128;0,008794518187642097
1355;-180,0595245361328;-230,6667022705078;3657,599853515625;1,8068829774856567;-4,995075225830078;-2,6703646183013916;0,5788367390632629;0,21687321364879608;0,15871842205524445;0,00862002745270729
1356;-180,0595245361328;-230,6667022705078;3657,599853515625;2,0530383586883545;-4,888917446136475;-2,721273183822632;0,5632470846176147;0,21094445884227753;0,1543714553117752;0,00830280315130949
1357;-180,0595245361328;-230,6667022705078;3657,599853515625;1,6137536764144897;-4,871186256408691;-2,602051019668579;0,5891063809394836;0,22048841416835785;0,16146299242973328;0,008853403851389885
1358;-180,0595245361328;-230,6667022705078;3657,599853515625;2,1411361694335938;-4,710443496704102;-3,0601918697357178;0,5599175095558167;0,20943911373615265;0,15345095098018646;0,008221965283155441
1359;-180,0595245361328;-230,6667022705078;3657,599853515625;2,121941566467285;-4,804706573486328;-2,693416118621826;0,5733350515365601;0,21428605914115906;0,15714123845100403;0,008499343879520893
1360;-180,0595245361328;-230,6667022705078;3657,599853515625;1,4979983568191528;-4,7023444175720215;-2,7670230865478516;0,5639559030532837;0,21091924607753754;0,1544245481491089;0,008315828628838062
1361;-180,0595245361328;-230,6667022705078;3657,599853515625;1,9894787073135376;-4,761432647705078;-2,621208667755127;0,5446423292160034;0,20338891446590424;0,1492181420326233;0,00788170751184225
1362;-180,0595245361328;-230,6667022705078;3657,599853515625;1,571757197380066;-4,509352684020996;-2,6945605278015137;0,5374802350997925;0,20064982771873474;0,14722409844398499;0,007721269503235817
1363;-180,0595245361328;-230,6667022705078;3657,599853515625;2,2534048557281494;-4,901575088500977;-2,8829901218414307;0,5443971753120422;0,20298011600971222;0,1491490602493286;0,007863909006118774
1364;-180,0595245361328;-230,6667022705078;3657,599853515625;1,6301456689834595;-4,7137837409973145;-2,939460277557373;0,5463142395019531;0,2036188244819641;0,14964723587036133;0,007909221574664116
1365;-180,0595245361328;-230,6667022705078;3657,599853515625;2,2409260272979736;-4,583085060119629;-3,020712375640869;0,5332585573196411;0,19892819225788116;0,14599065482616425;0,007613322697579861
1366;-180,0595245361328;-230,6667022705078;3657,599853515625;2,7571864128112793;-4,8350372314453125;-3,3562378883361816;0,5263104438781738;0,19610849022865295;0,14410802721977234;0,007456780411303043
1367;-180,0595245361328;-230,6667022705078;3657,599853515625;2,485265016555786;-4,845351219177246;-3,378326177597046;0,5195723176002502;0,19319728016853333;0,14230801165103912;0,007291734218597412
1368;-180,0595245361328;-230,6667022705078;3657,599853515625;2,3558449745178223;-4,763747692108154;-3,152240514755249;0,5145544409751892;0,19120827317237854;0,14092320203781128;0,00717382226139307
1369;-180,0595245361328;-230,6667022705078;3657,599853515625;1,7493336200714111;-4,727081775665283;-3,1077988147735596;0,5057721734046936;0,1879739612340927;0,13848596811294556;0,006971149239689112
1370;-180,0595245361328;-230,6667022705078;3657,599853515625;1,9045236110687256;-4,612545013427734;-3,1012728214263916;0,4841456413269043;0,17973200976848602;0,1325691044330597;0,006448009982705116
1371;-180,0595245361328;-230,6667022705078;3657,599853515625;2,504526138305664;-4,6327433586120605;-3,3157763481140137;0,49580028653144836;0,18405278027057648;0,13573922216892242;0,006727685686200857
1372;-180,0595245361328;-230,6667022705078;3657,599853515625;1,9756022691726685;-4,609680652618408;-3,0952847003936768;0,4995206296443939;0,1851331740617752;0,13677002489566803;0,006810777820646763
1373;-180,0595245361328;-230,6667022705078;3657,599853515625;2,7052664756774902;-4,726711750030518;-3,57063627243042;0,486349493265152;0,18006110191345215;0,13316282629966736;0,006490801926702261
1374;-180,0595245361328;-230,6667022705078;3657,599853515625;2,4247701168060303;-4,693872928619385;-3,340831756591797;0,47404107451438904;0,17546933889389038;0,1297767460346222;0,0061872792430222034
1375;-180,0595245361328;-230,6667022705078;3657,599853515625;2,3690056800842285;-4,816150665283203;-3,3883979320526123;0,475043922662735;0,175702765583992;0,13004684448242188;0,006209236104041338
1376;-180,0595245361328;-230,6667022705078;3657,599853515625;1,8128485679626465;-4,4203104972839355;-3,20206618309021;0,4472070634365082;0,16464610397815704;0,12247318029403687;0,005469046533107758
1377;-180,0595245361328;-230,6667022705078;3657,599853515625;2,060904026031494;-4,481697082519531;-3,2201616764068604;0,471304327249527;0,17420455813407898;0,12900221347808838;0,006108920555561781
1378;-180,0595245361328;-230,6667022705078;3657,599853515625;2,5346295833587646;-4,525993347167969;-3,5567574501037598;0,47315436601638794;0,17457538843154907;0,12951761484146118;0,006150439381599426
1379;-180,0595245361328;-230,6667022705078;3657,599853515625;2,6066348552703857;-4,691011428833008;-3,7337381839752197;0,4615021347999573;0,17029927670955658;0,12631404399871826;0,005854018032550812
1380;-180,0595245361328;-230,6667022705078;3657,599853515625;2,4854743480682373;-4,594633102416992;-3,5445168018341064;0,4873664975166321;0,18011265993118286;0,13336339592933655;0,006495084147900343
1381;-180,0595245361328;-230,6667022705078;3657,599853515625;2,272773027420044;-4,638526439666748;-3,498884677886963;0,4792670011520386;0,17668947577476501;0,13116547465324402;0,006294015794992447
1382;-180,0595245361328;-230,6667022705078;3657,599853515625;2,6649725437164307;-4,679993152618408;-3,7400476932525635;0,4551257789134979;0,16749310493469238;0,12456820160150528;0,005680236499756575
1383;-180,0595245361328;-230,6667022705078;3657,599853515625;2,7806801795959473;-4,736886978149414;-3,937199831008911;0,43537062406539917;0,15984641015529633;0,11917035281658173;0,005149560980498791
1384;-180,0595245361328;-230,6667022705078;3657,599853515625;2,6976912021636963;-4,645162105560303;-3,724665641784668;0,3385983407497406;0,12272744625806808;0,09275022894144058;0,0014751858543604612
1385;-180,0595245361328;-230,6667022705078;3657,599853515625;2,248609781265259;-4,721224308013916;-3,5681419372558594;0,4236586391925812;0,15435220301151276;0,11600442975759506;0,004706381820142269
1386;-180,0595245361328;-230,6667022705078;3657,599853515625;2,9672489166259766;-4,8115949630737305;-3,8538661003112793;0,4712521731853485;0,17324967682361603;0,1289617121219635;0,006077207159250975
1387;-180,0595245361328;-230,6667022705078;3657,599853515625;2,1215522289276123;-4,628340244293213;-3,7119252681732178;0,4538089632987976;0,16682682931423187;0,124185711145401;0,005626816302537918
1388;-180,0595245361328;-230,6667022705078;3657,599853515625;2,997506618499756;-4,816905975341797;-3,7798376083374023;0,4159852862358093;0,15239247679710388;0,11385320127010345;0,004575604572892189
1389;-180,0595245361328;-230,6667022705078;3657,599853515625;2,874661684036255;-4,599591255187988;-3,8578548431396484;0,46125245094299316;0,16998901963233948;0,1262020468711853;0,005787891801446676
1390;-180,0595245361328;-230,6667022705078;3657,599853515625;2,8394742012023926;-4,607336044311523;-3,870313882827759;0,46399986743927;0,17037253081798553;0,12697701156139374;0,005881266202777624
1391;-180,0595245361328;-230,6667022705078;3657,599853515625;1,9445841312408447;-4,330604553222656;-3,734194755554199;0,4724483788013458;0,1736624538898468;0,12928280234336853;0,006090577691793442
1392;-180,0595245361328;-230,6667022705078;3657,599853515625;-111,39213562011719;-1278,89501953125;-824,56787109375;0,47412410378456116;0,17391273379325867;0,12975569069385529;0,0061263833194971085
1393;-180,0595245361328;-230,6667022705078;3657,599853515625;2,6827995777130127;-4,430090427398682;-3,6926429271698;0,4733608663082123;0,17408400774002075;0,12953194975852966;0,006102804094552994
1394;-180,0595245361328;-230,6667022705078;3657,599853515625;2,364792585372925;-4,485759735107422;-3,9305238723754883;0,49565085768699646;0,18270622193813324;0,1356215476989746;0,006639586761593819
1395;-180,0595245361328;-230,6667022705078;3657,599853515625;2,8728179931640625;-4,5342535972595215;-3,719512701034546;0,4928029775619507;0,18137817084789276;0,13485607504844666;0,006575039587914944
1396;-180,0595245361328;-230,6667022705078;3657,599853515625;2,5316126346588135;-4,569554805755615;-3,8504364490509033;0,49734050035476685;0,1833314448595047;0,13609348237514496;0,006671234965324402
1397;-180,0595245361328;-230,6667022705078;3657,599853515625;1,9267768859863281;-4,271481037139893;-3,623760938644409;0,497344970703125;0,1827448308467865;0,13611844182014465;0,006680344697088003
1398;-180,0595245361328;-230,6667022705078;3657,599853515625;1,9954304695129395;-4,153679370880127;-3,5145392417907715;0,497069776058197;0,1829611212015152;0,13604217767715454;0,006666829343885183
1399;-180,0595245361328;-230,6667022705078;3657,599853515625;2,4524219036102295;-4,524449825286865;-3,4947867393493652;0,50934898853302;0,1882864087820053;0,13938258588314056;0,006914270576089621
1400;-180,0595245361328;-230,6667022705078;3657,599853515625;1,5463790893554688;-4,097197532653809;-3,801647424697876;0,49463075399398804;0,18266980350017548;0,1353665441274643;0,006557012442499399
1401;-180,0595245361328;-230,6667022705078;3657,599853515625;2,1187336444854736;-4,305587291717529;-3,694960832595825;0,5084236860275269;0,18758033215999603;0,139156311750412;0,006911227013915777
1402;-180,0595245361328;-230,6667022705078;3657,599853515625;2,34906005859375;-4,449051856994629;-3,5288820266723633;0,5308234095573425;0,19640286266803741;0,1452741026878357;0,007405909243971109
1403;-180,0595245361328;-230,6667022705078;3657,599853515625;1,8492963314056396;-4,103326320648193;-3,494511127471924;0,5307382345199585;0,19659559428691864;0,14525118470191956;0,007376613561064005
1404;-180,0595245361328;-230,6667022705078;3657,599853515625;1,7166187763214111;-4,036022186279297;-3,473829507827759;0,531268298625946;0,19667206704616547;0,14541099965572357;0,007397723849862814
1405;-180,0595245361328;-230,6667022705078;3657,599853515625;1,2198411226272583;-3,876077890396118;-3,8025894165039062;0,5234701633453369;0,1936277151107788;0,14329376816749573;0,007221514359116554
1406;-180,0595245361328;-230,6667022705078;3657,599853515625;1,7626076936721802;-3,997123956680298;-3,6089580059051514;0,5227517485618591;0,19322079420089722;0,1431141048669815;0,007213804870843887
1407;-180,0595245361328;-230,6667022705078;3657,599853515625;0,9981781244277954;-3,726821184158325;-3,8668107986450195;0,5324990749359131;0,19681771099567413;0,14579616487026215;0,007443814538419247
1408;-180,0595245361328;-230,6667022705078;3657,599853515625;0,7621195912361145;-3,6007423400878906;-3,828321695327759;0,5350081920623779;0,1979353427886963;0,14648450911045074;0,007484503090381622
1409;-180,0595245361328;-230,6667022705078;3657,599853515625;0,8993493318557739;-3,8138766288757324;-3,780979871749878;0,5509101152420044;0,20402953028678894;0,15083570778369904;0,007835783995687962
1410;-180,0595245361328;-230,6667022705078;3657,599853515625;1,1884816884994507;-4,003433704376221;-3,650148868560791;0,5383734703063965;0,19941753149032593;0,14741651713848114;0,007533928379416466
1411;-180,0595245361328;-230,6667022705078;3657,599853515625;0,12781457602977753;-3,5630807876586914;-3,7382290363311768;0,5434611439704895;0,2012956291437149;0,14882279932498932;0,007653102278709412
1412;-180,0595245361328;-230,6667022705078;3657,599853515625;1,0849398374557495;-3,6822879314422607;-3,5146548748016357;0,5367142558097839;0,19879797101020813;0,14698751270771027;0,0074901399202644825
1413;-180,0595245361328;-230,6667022705078;3657,599853515625;0,3970101475715637;-3,7906506061553955;-3,753877878189087;0,5542169809341431;0,20518594980239868;0,15180179476737976;0,007909562438726425
1414;-180,0595245361328;-230,6667022705078;3657,599853515625;0,6149159669876099;-3,447199821472168;-3,576845645904541;0,5627446174621582;0,20837104320526123;0,15414999425411224;0,008101084269583225
1415;-180,0595245361328;-230,6667022705078;3657,599853515625;0,7844879031181335;-3,5484118461608887;-3,7475359439849854;0,5505169630050659;0,20423518121242523;0,15077514946460724;0,007768230978399515
1416;-180,0595245361328;-230,6667022705078;3657,599853515625;0,7728121280670166;-3,6956918239593506;-3,687664031982422;0,5422425270080566;0,20077387988567352;0,14856435358524323;0,00762572418898344
1417;-180,0595245361328;-230,6667022705078;3657,599853515625;0,8388943672180176;-3,5548555850982666;-3,6934890747070312;0,5599027276039124;0,20714278519153595;0,15343566238880157;0,008047383278608322
1418;-180,0595245361328;-230,6667022705078;3657,599853515625;0,7991316318511963;-3,4984853267669678;-3,5749528408050537;0,5594572424888611;0,20737837255001068;0,1532885581254959;0,00799938477575779
1419;-180,0595245361328;-230,6667022705078;3657,599853515625;0,44935593008995056;-3,336366891860962;-3,747762441635132;0,5607832670211792;0,2077009379863739;0,15368983149528503;0,008049125783145428
1420;-180,0595245361328;-230,6667022705078;3657,599853515625;0,42014312744140625;-3,4309182167053223;-3,48941707611084;0,568015456199646;0,2103518843650818;0,15568961203098297;0,008215997368097305
1421;-180,0595245361328;-230,6667022705078;3657,599853515625;0,4086642563343048;-3,2924253940582275;-3,602415084838867;0,571340799331665;0,21170222759246826;0,15660543739795685;0,008281220681965351
1422;-180,0595245361328;-230,6667022705078;3657,599853515625;0,916454017162323;-3,3474035263061523;-3,5462634563446045;0,5732166171073914;0,2124432474374771;0,15713156759738922;0,008320211432874203
1423;-180,0595245361328;-230,6667022705078;3657,599853515625;0,9285368323326111;-3,4048008918762207;-3,4770710468292236;0,5616022348403931;0,20790129899978638;0,1540035605430603;0,008081316947937012
1424;-180,0595245361328;-230,6667022705078;3657,599853515625;0,15632684528827667;-3,2950260639190674;-3,456963062286377;0,5709441304206848;0,21135230362415314;0,15659640729427338;0,008290833793580532
1425;-180,0595245361328;-230,6667022705078;3657,599853515625;0,274571031332016;-3,5224153995513916;-3,5288405418395996;0,5730972290039062;0,21215634047985077;0,15721234679222107;0,008338592946529388
1426;-180,0595245361328;-230,6667022705078;3657,599853515625;0,3456936776638031;-3,4388232231140137;-3,8075554370880127;0,5649768710136414;0,209279403090477;0,15498656034469604;0,00815510656684637
1427;-180,0595245361328;-230,6667022705078;3657,599853515625;1,059313416481018;-3,571729898452759;-3,2842564582824707;0,5821309089660645;0,21560056507587433;0,15973109006881714;0,008533986285328865
1428;-180,0595245361328;-230,6667022705078;3657,599853515625;0,8266512155532837;-3,5138704776763916;-3,2314939498901367;0,5923214554786682;0,21931906044483185;0,1625799834728241;0,008748388849198818
1429;-180,0595245361328;-230,6667022705078;3657,599853515625;0,7233527898788452;-3,563061475753784;-3,1597211360931396;0,6050739288330078;0,22431838512420654;0,16603931784629822;0,009024915285408497
1430;-180,0595245361328;-230,6667022705078;3657,599853515625;1,241700530052185;-3,5990850925445557;-3,166259288787842;0,6002570390701294;0,22222568094730377;0,16486862301826477;0,008886282332241535
1431;-180,0595245361328;-230,6667022705078;3657,599853515625;0,5515357851982117;-3,3303775787353516;-3,375734806060791;0,5973532199859619;0,22136235237121582;0,1640511453151703;0,008843297138810158
1432;-180,0595245361328;-230,6667022705078;3657,599853515625;0,6312289834022522;-3,502863645553589;-3,2229206562042236;0,6125953197479248;0,22743400931358337;0,16810570657253265;0,009180203080177307
1433;-180,0595245361328;-230,6667022705078;3657,599853515625;0,7746258974075317;-3,2746827602386475;-3,602482557296753;0,6066508293151855;0,2250092327594757;0,16664986312389374;0,009034698829054832
1434;-180,0595245361328;-230,6667022705078;3657,599853515625;0,81954425573349;-3,3115482330322266;-3,1169912815093994;0,6297512054443359;0,23385077714920044;0,1729077696800232;0,009541085921227932
1435;-180,0595245361328;-230,6667022705078;3657,599853515625;1,4450163841247559;-3,6713106632232666;-3,293395519256592;0,595781683921814;0,22116617858409882;0,16373035311698914;0,00879576988518238
1436;-180,0595245361328;-230,6667022705078;3657,599853515625;0,49874117970466614;-3,3531646728515625;-3,4329934120178223;0,617868185043335;0,22957096993923187;0,16973258554935455;0,009284133091568947
1437;-180,0595245361328;-230,6667022705078;3657,599853515625;1,427828311920166;-3,3963723182678223;-2,938397169113159;0,619756817817688;0,2303725928068161;0,17028076946735382;0,009320273995399475
1438;-180,0595245361328;-230,6667022705078;3657,599853515625;0,7092397809028625;-3,2940196990966797;-3,4642889499664307;0,6335015296936035;0,23559005558490753;0,1740967035293579;0,009597080759704113
1439;-180,0595245361328;-230,6667022705078;3657,599853515625;1,024582028388977;-3,475922107696533;-3,1452910900115967;0,609634518623352;0,22683699429035187;0,16752877831459045;0,009111066348850727
1440;-180,0595245361328;-230,6667022705078;3657,599853515625;1,8882564306259155;-3,2369165420532227;-2,7641546726226807;0,6445873379707336;0,23996496200561523;0,17716574668884277;0,009827880188822746
1441;-180,0595245361328;-230,6667022705078;3657,599853515625;1,761604905128479;-3,3304033279418945;-2,9620583057403564;0,6351984739303589;0,23661866784095764;0,17468398809432983;0,009605088271200657
1442;-180,0595245361328;-230,6667022705078;3657,599853515625;1,1878875494003296;-3,31073260307312;-2,9075605869293213;0,6422103643417358;0,23937483131885529;0,17662681639194489;0,009748807176947594
1443;-180,0595245361328;-230,6667022705078;3657,599853515625;1,6151330471038818;-3,4643585681915283;-2,960858106613159;0,6480151414871216;0,24168084561824799;0,17823146283626556;0,009870673529803753
1444;-180,0595245361328;-230,6667022705078;3657,599853515625;1,1060600280761719;-3,370558500289917;-3,1878299713134766;0,6340171098709106;0,23660701513290405;0,174400195479393;0,00958772748708725
1445;-180,0595245361328;-230,6667022705078;3657,599853515625;1,9540374279022217;-3,3182528018951416;-2,5348682403564453;0,6469280123710632;0,24167244136333466;0,1780645251274109;0,009799012914299965
1446;-180,0595245361328;-230,6667022705078;3657,599853515625;0,5681079626083374;-2,9396979808807373;-3,2471680641174316;0,6508608460426331;0,24322640895843506;0,17909227311611176;0,009917245246469975
1447;-180,0595245361328;-230,6667022705078;3657,599853515625;2,2033498287200928;-3,3100128173828125;-2,756018877029419;0,6464337706565857;0,2416955828666687;0,17786598205566406;0,009839977137744427
1448;-180,0595245361328;-230,6667022705078;3657,599853515625;1,66031014919281;-3,337083101272583;-2,9083385467529297;0,6669656038284302;0,24956738948822021;0,1835564523935318;0,01024006586521864
1449;-180,0595245361328;-230,6667022705078;3657,599853515625;2,0525248050689697;-3,019824504852295;-2,4815871715545654;0,6565743088722229;0,2458217889070511;0,1807006299495697;0,010039165616035461
1450;-180,0595245361328;-230,6667022705078;3657,599853515625;1,6542736291885376;-3,1933841705322266;-2,5106682777404785;0,6689524054527283;0,2505471110343933;0,18408125638961792;0,010304069146513939
1451;-180,0595245361328;-230,6667022705078;3657,599853515625;1,7517746686935425;-3,154069423675537;-2,4710237979888916;0,6677793860435486;0,25044122338294983;0,18386656045913696;0,010238825343549252
1452;-180,0595245361328;-230,6667022705078;3657,599853515625;1,8837891817092896;-3,1460072994232178;-2,698326826095581;0,6718230247497559;0,25205981731414795;0,1849602311849594;0,01033667754381895
1453;-180,0595245361328;-230,6667022705078;3657,599853515625;2,323786973953247;-2,971139430999756;-2,5891001224517822;0,6741428971290588;0,25320252776145935;0,18566277623176575;0,010358104482293129
1454;-180,0595245361328;-230,6667022705078;3657,599853515625;2,37553071975708;-2,858604669570923;-2,3176259994506836;0,6738283038139343;0,25312891602516174;0,18553179502487183;0,010381706058979034
1455;-180,0595245361328;-230,6667022705078;3657,599853515625;2,1022887229919434;-2,93735408782959;-2,5201869010925293;0,6781310439109802;0,2547914981842041;0,1866762787103653;0,010490132495760918
1456;-180,0595245361328;-230,6667022705078;3657,599853515625;1,6743414402008057;-2,680854320526123;-2,596168279647827;0,6798507571220398;0,25603124499320984;0,18733914196491241;0,010435448959469795
1457;-180,0595245361328;-230,6667022705078;3657,599853515625;1,3640714883804321;-2,9672493934631348;-2,626976490020752;0,6812238097190857;0,25650107860565186;0,1876421719789505;0,010513165034353733
1458;-180,0595245361328;-230,6667022705078;3657,599853515625;1,949860692024231;-2,990389347076416;-2,542123794555664;0,671049952507019;0,25298184156417847;0,18490755558013916;0,01028541848063469
1459;-180,0595245361328;-230,6667022705078;3657,599853515625;2,0924243927001953;-2,6621816158294678;-2,4353392124176025;0,6756203770637512;0,25472918152809143;0,1861225962638855;0,010404488071799278
1460;-180,0595245361328;-230,6667022705078;3657,599853515625;2,196232795715332;-2,9361109733581543;-2,295578956604004;0,6757689714431763;0,2550560534000397;0,18621273338794708;0,0103891771286726
1461;-180,0595245361328;-230,6667022705078;3657,599853515625;2,53483247756958;-2,7585906982421875;-2,5854954719543457;0,6842135190963745;0,2582979202270508;0,1885092407464981;0,010575829073786736
1462;-180,0595245361328;-230,6667022705078;3657,599853515625;0,8439708352088928;-2,8921923637390137;-2,6333515644073486;0,691210925579071;0,2611696720123291;0,1904691457748413;0,010702336207032204
1463;-180,0595245361328;-230,6667022705078;3657,599853515625;1,6079233884811401;-2,7550649642944336;-2,3802506923675537;0,6908233165740967;0,2613983750343323;0,1904440075159073;0,01065639965236187
1464;-180,0595245361328;-230,6667022705078;3657,599853515625;1,0529282093048096;-2,652003288269043;-2,375917434692383;0,7128095626831055;0,2695024907588959;0,1963825225830078;0,011150232516229153
1465;-180,0595245361328;-230,6667022705078;3657,599853515625;4,224635601043701;-3,3100533485412598;-2,0787200927734375;0,6921721696853638;0,2620178461074829;0,19076460599899292;0,010723967105150223
1466;-180,0595245361328;-230,6667022705078;3657,599853515625;1,0280026197433472;-2,6776273250579834;-2,608733892440796;0,6890946626663208;0,26097774505615234;0,189909890294075;0,010669742710888386
1467;-180,0595245361328;-230,6667022705078;3657,599853515625;3,3207788467407227;-2,8687736988067627;-2,345766544342041;0,7041109204292297;0,2667196989059448;0,19402369856834412;0,010977900587022305
1468;-180,0595245361328;-230,6667022705078;3657,599853515625;1,8582804203033447;-3,115898847579956;-2,538917064666748;0,7110884785652161;0,26988476514816284;0,19606666266918182;0,011051466688513756
1469;-180,0595245361328;-230,6667022705078;3657,599853515625;2,660861015319824;-3,0958609580993652;-2,67704439163208;0,7145683169364929;0,27071648836135864;0,19683848321437836;0,011219491250813007
1470;-180,0595245361328;-230,6667022705078;3657,599853515625;1,6284451484680176;-2,8042855262756348;-2,662755012512207;0,722514808177948;0,2741924822330475;0,19912992417812347;0,011327605694532394
1471;-180,0595245361328;-230,6667022705078;3657,599853515625;2,5452890396118164;-3,181506872177124;-2,5571513175964355;0,7346239686012268;0,2784724235534668;0,2023475021123886;0,011625656858086586
1472;-180,0595245361328;-230,6667022705078;3657,599853515625;1,9328339099884033;-2,73042631149292;-2,4817028045654297;0,7295964956283569;0,2762766182422638;0,2008270025253296;0,011576423421502113
1473;-180,0595245361328;-230,6667022705078;3657,599853515625;3,3618104457855225;-2,826040267944336;-2,523024320602417;0,7589769959449768;0,2879089415073395;0,20903004705905914;0,012104127556085587
1474;-180,0595245361328;-230,6667022705078;3657,599853515625;3,297147750854492;-3,0320940017700195;-2,3256468772888184;0,7449485659599304;0,2827349901199341;0,20517638325691223;0,011832538060843945
1475;-180,0595245361328;-230,6667022705078;3657,599853515625;2,242861032485962;-2,778717517852783;-2,3439579010009766;0,7495105266571045;0,28442448377609253;0,20638813078403473;0,011940798722207546
1476;-180,0595245361328;-230,6667022705078;3657,599853515625;1,9761732816696167;-3,014162540435791;-2,531902551651001;0,7400855422019958;0,28144386410713196;0,20393484830856323;0,011697525158524513
1477;-180,0595245361328;-230,6667022705078;3657,599853515625;0,9547898173332214;-3,216519355773926;-2,556936502456665;0,7447627186775208;0,28293561935424805;0,20511110126972198;0,011840388178825378
1478;-180,0595245361328;-230,6667022705078;3657,599853515625;2,4889347553253174;-3,1205685138702393;-2,3248088359832764;0,7465581297874451;0,28406986594200134;0,205706387758255;0,011829456314444542
1479;-180,0595245361328;-230,6667022705078;3657,599853515625;1,6470856666564941;-3,052074432373047;-2,573920726776123;0,7562108039855957;0,2875705659389496;0,20828914642333984;0,012051246128976345
1480;-180,0595245361328;-230,6667022705078;3657,599853515625;3,6657800674438477;-2,7866053581237793;-2,244202136993408;0,7413598299026489;0,28221479058265686;0,20425547659397125;0,011739454232156277
1481;-180,0595245361328;-230,6667022705078;3657,599853515625;1,737122654914856;-3,200533151626587;-2,591583490371704;0,7583518028259277;0,288333535194397;0,20881326496601105;0,012122007086873055
1482;-180,0595245361328;-230,6667022705078;3657,599853515625;2,086174964904785;-2,9165759086608887;-2,45910382270813;0,7658171057701111;0,2916141450405121;0,2109668105840683;0,012218207120895386
1483;-180,0595245361328;-230,6667022705078;3657,599853515625;2,2760238647460938;-2,720824956893921;-2,5170886516571045;0,754652738571167;0,2873223125934601;0,20786531269550323;0,01202059630304575
1484;-180,0595245361328;-230,6667022705078;3657,599853515625;2,6467223167419434;-2,541908025741577;-2,4616196155548096;0,761344850063324;0,28954410552978516;0,20959118008613586;0,012198236770927906
1485;-180,0595245361328;-230,6667022705078;3657,599853515625;2,294236660003662;-3,4228341579437256;-2,6344118118286133;0,7619313597679138;0,2902066111564636;0,20985794067382812;0,012161367572844028
1486;-180,0595245361328;-230,6667022705078;3657,599853515625;1,989781141281128;-3,3249435424804688;-2,2544972896575928;0,7653955221176147;0,2907664179801941;0,2105794996023178;0,012324732728302479
1487;-180,0595245361328;-230,6667022705078;3657,599853515625;3,516045093536377;-3,2602174282073975;-2,5613462924957275;0,7549606561660767;0,2873470187187195;0,20784638822078705;0,012067483738064766
1488;-180,0595245361328;-230,6667022705078;3657,599853515625;2,7903096675872803;-3,3201639652252197;-2,3729143142700195;0,7582728266716003;0,2883847653865814;0,20868037641048431;0,012163059785962105
1489;-180,0595245361328;-230,6667022705078;3657,599853515625;3,119720935821533;-3,287799835205078;-2,3140392303466797;0,7682988047599792;0,29201754927635193;0,21137478947639465;0,012380506843328476
1490;-180,0595245361328;-230,6667022705078;3657,599853515625;2,006119966506958;-3,8197410106658936;-2,422567844390869;0,7731044292449951;0,2937733829021454;0,21266475319862366;0,01248432882130146
1491;-180,0595245361328;-230,6667022705078;3657,599853515625;1,7868725061416626;-3,818405866622925;-2,5328729152679443;0,7691782116889954;0,29240116477012634;0,21160835027694702;0,012398159131407738
1492;-180,0595245361328;-230,6667022705078;3657,599853515625;2,2773666381835938;-3,7603554725646973;-2,576935052871704;0,7686637043952942;0,29262790083885193;0,21157972514629364;0,012336086481809616
1493;-180,0595245361328;-230,6667022705078;3657,599853515625;2,5692481994628906;-3,6622402667999268;-2,467275619506836;0,7596447467803955;0,2891894280910492;0,20908910036087036;0,012163374572992325
1494;-180,0595245361328;-230,6667022705078;3657,599853515625;2,5271050930023193;-3,2649264335632324;-2,3610105514526367;0,7560424208641052;0,2879137694835663;0,20812085270881653;0,012078122235834599
1495;-180,0595245361328;-230,6667022705078;3657,599853515625;2,5804970264434814;-3,3288257122039795;-2,4813404083251953;0,7685992121696472;0,2924918532371521;0,2115144580602646;0,012345366179943085
1496;-180,0595245361328;-230,6667022705078;3657,599853515625;2,3881995677948;-3,903425455093384;-2,693699836730957;0,777812123298645;0,2956157624721527;0,21393491327762604;0,01257109921425581
1497;-180,0595245361328;-230,6667022705078;3657,599853515625;1,9722200632095337;-3,650214433670044;-2,5365421772003174;0,7491773366928101;0,2849106788635254;0,20611190795898438;0,011991092003881931
1498;-180,0595245361328;-230,6667022705078;3657,599853515625;1,8961561918258667;-3,5946483612060547;-2,2147750854492188;0,7597557902336121;0,28888991475105286;0,20901119709014893;0,012195316143333912
1499;-180,0595245361328;-230,6667022705078;3657,599853515625;2,7151291370391846;-3,7636091709136963;-2,5288350582122803;0,7580397129058838;0,28806033730506897;0,20848846435546875;0,012181113474071026
1500;-180,0595245361328;-230,6667022705078;3657,599853515625;1,4192888736724854;-3,8018553256988525;-2,2865097522735596;0,7530094385147095;0,2859559953212738;0,207050159573555;0,012104029767215252
1501;-180,0595245361328;-230,6667022705078;3657,599853515625;1,9931949377059937;-3,5923361778259277;-2,444023370742798;0,7449464797973633;0,28323373198509216;0,2049478143453598;0,011885142885148525
1502;-180,0595245361328;-230,6667022705078;3657,599853515625;1,8476096391677856;-3,3838000297546387;-2,470341205596924;0,7344279289245605;0,2789865732192993;0,20198461413383484;0,011711668223142624
1503;-180,0595245361328;-230,6667022705078;3657,599853515625;2,2035064697265625;-3,5480616092681885;-2,442924737930298;0,7474068999290466;0,28355059027671814;0,20544332265853882;0,012008394114673138
1504;-180,0595245361328;-230,6667022705078;3657,599853515625;2,295928716659546;-3,8321564197540283;-2,5058813095092773;0,7400577664375305;0,2808378338813782;0,2034650295972824;0,011841883882880211
1505;-180,0595245361328;-230,6667022705078;3657,599853515625;1,179690957069397;-3,9208171367645264;-2,145460605621338;0,7302011251449585;0,2770910859107971;0,20076796412467957;0,011635929346084595
1506;-180,0595245361328;-230,6667022705078;3657,599853515625;1,8511682748794556;-4,0253214836120605;-1,9659875631332397;0,7265915870666504;0,2756950855255127;0,1997852623462677;0,011551969684660435
1507;-180,0595245361328;-230,6667022705078;3657,599853515625;2,0483384132385254;-3,7067108154296875;-2,423898220062256;0,7130811810493469;0,27029773592948914;0,195994570851326;0,011320817284286022
1508;-180,0595245361328;-230,6667022705078;3657,599853515625;1,530360460281372;-3,919335126876831;-2,1977591514587402;0,7032338380813599;0,26666754484176636;0,19334904849529266;0,011085862293839455
1509;-180,0595245361328;-230,6667022705078;3657,599853515625;1,302303433418274;-4,051942825317383;-2,1399993896484375;0,7147637009620667;0,2707010805606842;0,19641822576522827;0,011357586830854416
1510;-180,0595245361328;-230,6667022705078;3657,599853515625;1,285784363746643;-4,146818161010742;-2,1160552501678467;0,7086237072944641;0,2682000994682312;0,19469165802001953;0,011250064708292484
1511;-180,0595245361328;-230,6667022705078;3657,599853515625;1,6806280612945557;-3,9415488243103027;-2,275691032409668;0,7013672590255737;0,2655785381793976;0,1927759349346161;0,011050094850361347
1512;-180,0595245361328;-230,6667022705078;3657,599853515625;1,4345383644104004;-3,9320356845855713;-2,2279534339904785;0,6965093612670898;0,26339948177337646;0,19133779406547546;0,011006271466612816
1513;-180,0595245361328;-230,6667022705078;3657,599853515625;1,63887357711792;-3,993474006652832;-2,0881524085998535;0,6863783597946167;0,25951439142227173;0,18856915831565857;0,010788047686219215
1514;-180,0595245361328;-230,6667022705078;3657,599853515625;1,9065662622451782;-4,020074367523193;-2,198164939880371;0,6662135720252991;0,2516714334487915;0,18297022581100464;0,010410442017018795
1515;-180,0595245361328;-230,6667022705078;3657,599853515625;1,281187653541565;-4,231506824493408;-2,018899440765381;0,6724022030830383;0,253844290971756;0,18463370203971863;0,010542962700128555
1516;-180,0595245361328;-230,6667022705078;3657,599853515625;0,9988647103309631;-4,071747779846191;-1,897681713104248;0,6809892654418945;0,2568342983722687;0,18690478801727295;0,01074496190994978
1517;-180,0595245361328;-230,6667022705078;3657,599853515625;0,752680778503418;-4,2673420906066895;-1,8256343603134155;0,6650364995002747;0,2507326602935791;0,18253716826438904;0,010414834134280682
1518;-180,0595245361328;-230,6667022705078;3657,599853515625;1,122721791267395;-3,9510583877563477;-2,0383362770080566;0,6816813945770264;0,2569718658924103;0,18714852631092072;0,010714813135564327
1519;-180,0595245361328;-230,6667022705078;3657,599853515625;0,5314086675643921;-4,2109375;-1,835405707359314;0,6441743969917297;0,24255099892616272;0,17673225700855255;0,0100104296579957
1520;-180,0595245361328;-230,6667022705078;3657,599853515625;1,3908054828643799;-4,023080348968506;-2,028548002243042;0,656027615070343;0,24697960913181305;0,1800413578748703;0,010217353701591492
1521;-180,0595245361328;-230,6667022705078;3657,599853515625;1,1204311847686768;-3,9908576011657715;-1,9326426982879639;0,6494835019111633;0,24434907734394073;0,17820318043231964;0,010097568854689598
1522;-180,0595245361328;-230,6667022705078;3657,599853515625;0,7513566613197327;-4,221861362457275;-1,7326732873916626;0,6392804980278015;0,24034743010997772;0,1753559112548828;0,009903667494654655
1523;-180,0595245361328;-230,6667022705078;3657,599853515625;1,2306891679763794;-4,100949287414551;-1,853561520576477;0,6233791708946228;0,23424750566482544;0,17098663747310638;0,009572045877575874
1524;-180,0595245361328;-230,6667022705078;3657,599853515625;1,0310289859771729;-4,109696865081787;-2,020979642868042;0,6296851634979248;0,23650901019573212;0,17275023460388184;0,0096746189519763
1525;-180,0595245361328;-230,6667022705078;3657,599853515625;0,8429213762283325;-4,10938024520874;-1,7080106735229492;0,6230820417404175;0,2338673621416092;0,170856773853302;0,009571196511387825
1526;-180,0595245361328;-230,6667022705078;3657,599853515625;2,066380023956299;-4,103137016296387;-2,4928536415100098;0,6063550710678101;0,22746151685714722;0,16626890003681183;0,009215405210852623
1527;-180,0595245361328;-230,6667022705078;3657,599853515625;0,7634962201118469;-4,064926624298096;-1,461908221244812;0,5894262790679932;0,22098363935947418;0,1616121083498001;0,008857917040586472
1528;-180,0595245361328;-230,6667022705078;3657,599853515625;1,2655549049377441;-4,089136600494385;-2,1137032508850098;0,5818098783493042;0,21798673272132874;0,15953530371189117;0,008682436309754848
1529;-180,0595245361328;-230,6667022705078;3657,599853515625;1,704761266708374;-4,063613414764404;-2,1858890056610107;0,567865252494812;0,2126697301864624;0,155643031001091;0,008402201347053051
1530;-180,0595245361328;-230,6667022705078;3657,599853515625;0,9929905533790588;-4,087122440338135;-2,0317013263702393;0,595373272895813;0,222833514213562;0,16318129003047943;0,00898597203195095
1531;-180,0595245361328;-230,6667022705078;3657,599853515625;1,735569715499878;-4,059640884399414;-2,528627395629883;0,5613937973976135;0,2099858820438385;0,15385951101779938;0,00825292058289051
1532;-180,0595245361328;-230,6667022705078;3657,599853515625;1,893394947052002;-4,145057201385498;-2,153890609741211;0,57077556848526;0,21333594620227814;0,15643548965454102;0,008446305058896542
1533;-180,0595245361328;-230,6667022705078;3657,599853515625;1,3865931034088135;-3,9858458042144775;-2,1927759647369385;0,5590221881866455;0,20906905829906464;0,15307828783988953;0,008205696940422058
1534;-180,0595245361328;-230,6667022705078;3657,599853515625;1,1382262706756592;-3,8936357498168945;-2,01627516746521;0,5436389446258545;0,20300708711147308;0,148943230509758;0,007858664728701115
1535;-180,0595245361328;-230,6667022705078;3657,599853515625;1,2376384735107422;-3,7471086978912354;-2,134603500366211;0,5374417304992676;0,20063136518001556;0,14721478521823883;0,007720299530774355
1536;-180,0595245361328;-230,6667022705078;3657,599853515625;1,6436505317687988;-4,098791599273682;-2,2634294033050537;0,5414978861808777;0,2018945813179016;0,14835619926452637;0,007799012120813131
1537;-180,0595245361328;-230,6667022705078;3657,599853515625;1,1055351495742798;-3,878300189971924;-2,3383593559265137;0,5432689189910889;0,2024843841791153;0,14881423115730286;0,007841598242521286
1538;-180,0595245361328;-230,6667022705078;3657,599853515625;1,8241230249404907;-3,86633038520813;-2,3888158798217773;0,5323138236999512;0,19859081506729126;0,14572879672050476;0,007590170484036207
1539;-180,0595245361328;-230,6667022705078;3657,599853515625;2,3165276050567627;-4,089189529418945;-2,6952664852142334;0,5255400538444519;0,19582246243953705;0,1438969075679779;0,007438901346176863
1540;-180,0595245361328;-230,6667022705078;3657,599853515625;1,991818904876709;-4,077609539031982;-2,7576904296875;0,5172346234321594;0,19229756295681;0,14167679846286774;0,007235847879201174
1541;-180,0595245361328;-230,6667022705078;3657,599853515625;1,6702951192855835;-3,964484691619873;-2,535799503326416;0,5159503221511841;0,19172747433185577;0,14130640029907227;0,007205908186733723
1542;-180,0595245361328;-230,6667022705078;3657,599853515625;1,2854315042495728;-3,9238505363464355;-2,463346004486084;0,5068773627281189;0,18840110301971436;0,13878515362739563;0,0069972737692296505
1543;-180,0595245361328;-230,6667022705078;3657,599853515625;1,5431017875671387;-3,8465192317962646;-2,5204644203186035;0,4841691851615906;0,17973625659942627;0,13257615268230438;0,006448650732636452
1544;-180,0595245361328;-230,6667022705078;3657,599853515625;1,9575095176696777;-3,745851516723633;-2,6968538761138916;0,49473124742507935;0,18364915251731873;0,13544553518295288;0,006701977923512459
1545;-180,0595245361328;-230,6667022705078;3657,599853515625;1,5278677940368652;-3,80248761177063;-2,3718631267547607;0,4990329444408417;0,18495792150497437;0,13663583993911743;0,0067995148710906506
1546;-180,0595245361328;-230,6667022705078;3657,599853515625;2,3371379375457764;-4,00385046005249;-2,997880697250366;0,48654571175575256;0,18014775216579437;0,13321520388126373;0,006496043875813484
1547;-180,0595245361328;-230,6667022705078;3657,599853515625;1,8555214405059814;-3,8808419704437256;-2,774083375930786;0,4739116132259369;0,17542123794555664;0,1297413408756256;0,006184053141623735
1548;-180,0595245361328;-230,6667022705078;3657,599853515625;1,7470099925994873;-3,9147121906280518;-2,7461459636688232;0,4762234091758728;0,1761608123779297;0,13036786019802094;0,006238630041480064
1549;-180,0595245361328;-230,6667022705078;3657,599853515625;1,219205617904663;-3,477238416671753;-2,4694392681121826;0,44691377878189087;0,16453540325164795;0,1223922073841095;0,005461293738335371
1550;-180,0595245361328;-230,6667022705078;3657,599853515625;1,6223711967468262;-3,631974220275879;-2,5340206623077393;0,47124722599983215;0,17418932914733887;0,12898746132850647;0,00610736571252346
1551;-180,0595245361328;-230,6667022705078;3657,599853515625;2,049161672592163;-3,6524670124053955;-2,8972389698028564;0,4732385277748108;0,1746264100074768;0,12953907251358032;0,006153090391308069
1552;-180,0595245361328;-230,6667022705078;3657,599853515625;2,0071489810943604;-3,756002902984619;-3,0152690410614014;0,4625927805900574;0,1707000583410263;0,12661314010620117;0,005882179364562035
1553;-180,0595245361328;-230,6667022705078;3657,599853515625;1,927610158920288;-3,695896863937378;-2,858452796936035;0,4861691892147064;0,1796475499868393;0,13303719460964203;0,00646611861884594
1554;-180,0595245361328;-230,6667022705078;3657,599853515625;1,7420461177825928;-3,7965705394744873;-2,819363832473755;0,4786950945854187;0,17642425000667572;0,13101142644882202;0,006278835702687502
1555;-180,0595245361328;-230,6667022705078;3657,599853515625;2,136136054992676;-3,776235342025757;-3,0332822799682617;0,4548647999763489;0,1673535257577896;0,12449600547552109;0,005673043429851532
1556;-180,0595245361328;-230,6667022705078;3657,599853515625;2,2033073902130127;-3,8701319694519043;-3,2180569171905518;0,43543553352355957;0,15993383526802063;0,11918459087610245;0,005151846446096897
1557;-180,0595245361328;-230,6667022705078;3657,599853515625;2,145235061645508;-3,7779126167297363;-3,0724315643310547;0,34167560935020447;0,12392879277467728;0,09358928352594376;0,0016892087878659368
1558;-180,0595245361328;-230,6667022705078;3657,599853515625;1,7034897804260254;-3,8920443058013916;-2,920933246612549;0,4250967800617218;0,15486487746238708;0,11639900505542755;0,004740084055811167
1559;-180,0595245361328;-230,6667022705078;3657,599853515625;2,624403953552246;-4,0724873542785645;-3,2453062534332275;0,47104835510253906;0,173163503408432;0,1289062798023224;0,006071920040994883
1560;-180,0595245361328;-230,6667022705078;3657,599853515625;1,6644476652145386;-3,847616672515869;-3,080087661743164;0,4542037546634674;0,16698409616947174;0,12429293990135193;0,005636957008391619
1561;-180,0595245361328;-230,6667022705078;3657,599853515625;2,5610828399658203;-4,0802788734436035;-3,1927895545959473;0,4163302779197693;0,15249335765838623;0,11394864320755005;0,0045875427313148975
1562;-180,0595245361328;-230,6667022705078;3657,599853515625;2,4738428592681885;-3,894343852996826;-3,2766740322113037;0,46041426062583923;0,16966621577739716;0,12597313523292542;0,0057664718478918076
1563;-180,0595245361328;-230,6667022705078;3657,599853515625;2,404924154281616;-3,9066684246063232;-3,2945542335510254;0,46433261036872864;0,17049475014209747;0,12706801295280457;0,005889742635190487
1564;-180,0595245361328;-230,6667022705078;3657,599853515625;1,505428671836853;-3,6231675148010254;-3,1958718299865723;0,4702495038509369;0,17283566296100616;0,12868177890777588;0,006035216152667999
1565;-180,0595245361328;-230,6667022705078;3657,599853515625;1,6825101375579834;-3,6218230724334717;-3,343639850616455;0,47394493222236633;0,1738434135913849;0,12970677018165588;0,006121878046542406
1566;-180,0595245361328;-230,6667022705078;3657,599853515625;2,324918746948242;-3,7783312797546387;-3,154733896255493;0,4721148610115051;0,1735691875219345;0,12919609248638153;0,006072835996747017
1567;-180,0595245361328;-230,6667022705078;3657,599853515625;1,9518729448318481;-3,8401052951812744;-3,401836633682251;0,49531468749046326;0,18257854878902435;0,13552968204021454;0,006631471682339907
1568;-180,0595245361328;-230,6667022705078;3657,599853515625;2,501041889190674;-3,91884183883667;-3,236191511154175;0,49192893505096436;0,18103541433811188;0,1346176564693451;0,006554168649017811
1569;-180,0595245361328;-230,6667022705078;3657,599853515625;2,1813831329345703;-3,9473352432250977;-3,3478662967681885;0,49814775586128235;0,1836208701133728;0,13631603121757507;0,0066915228962898254
1570;-180,0595245361328;-230,6667022705078;3657,599853515625;1,6221611499786377;-3,694736957550049;-3,1546225547790527;0,4967752695083618;0,1825236678123474;0,13596507906913757;0,006666660308837891
1571;-180,0595245361328;-230,6667022705078;3657,599853515625;1,5675983428955078;-3,549023389816284;-3,058072805404663;0,4956863224506378;0,1824360489845276;0,13567019999027252;0,006633578799664974
1572;-180,0595245361328;-230,6667022705078;3657,599853515625;2,2256622314453125;-4,000824451446533;-3,0434751510620117;0,5084492564201355;0,1879478394985199;0,1391337662935257;0,006892526056617498
1573;-180,0595245361328;-230,6667022705078;3657,599853515625;1,1773606538772583;-3,5404624938964844;-3,37021541595459;0,494705468416214;0,1826801598072052;0,13538753986358643;0,006560726556926966
1574;-180,0595245361328;-230,6667022705078;3657,599853515625;1,927687168121338;-3,8152410984039307;-3,2484593391418457;0,5081332325935364;0,18745779991149902;0,1390773355960846;0,006905111018568277
1575;-180,0595245361328;-230,6667022705078;3657,599853515625;2,06449294090271;-3,947303533554077;-3,0949902534484863;0,5300738215446472;0,19610878825187683;0,1450699120759964;0,007389428094029427
1576;-180,0595245361328;-230,6667022705078;3657,599853515625;1,5133304595947266;-3,5993971824645996;-3,0876450538635254;0,530201256275177;0,19642356038093567;0,14510321617126465;0,007360526360571384
1577;-180,0595245361328;-230,6667022705078;3657,599853515625;1,4119114875793457;-3,561384677886963;-3,110365867614746;0,5315722823143005;0,19680537283420563;0,1454930156469345;0,00740290991961956
1578;-180,0595245361328;-230,6667022705078;3657,599853515625;0,898195743560791;-3,400270462036133;-3,420088291168213;0,5230222940444946;0,19347600638866425;0,14317117631435394;0,007209231611341238
1579;-180,0595245361328;-230,6667022705078;3657,599853515625;1,520845651626587;-3,550123929977417;-3,227027177810669;0,5227282047271729;0,19321539998054504;0,14310769736766815;0,0072129350155591965
1580;-180,0595245361328;-230,6667022705078;3657,599853515625;0,6099690794944763;-3,2467267513275146;-3,542855978012085;0,5322773456573486;0,1967184692621231;0,14573544263839722;0,007439867127686739
1581;-180,0595245361328;-230,6667022705078;3657,599853515625;0,4928642809391022;-3,1511945724487305;-3,4675896167755127;0,5357667803764343;0,198226198554039;0,1466907262802124;0,007501591462641954
1582;-180,0595245361328;-230,6667022705078;3657,599853515625;0,8667839765548706;-3,481541395187378;-3,4325668811798096;0,5508282780647278;0,20398814976215363;0,15081705152988434;0,007834900170564651
1583;-180,0595245361328;-230,6667022705078;3657,599853515625;0,7662398815155029;-3,552466630935669;-3,329819917678833;0,538730800151825;0,19953379034996033;0,14751526713371277;0,00754435732960701
1584;-180,0595245361328;-230,6667022705078;3657,599853515625;-0,09199853241443634;-3,160794258117676;-3,440944194793701;0,5447392463684082;0,20179784297943115;0,1491708904504776;0,00768005196005106
1585;-180,0595245361328;-230,6667022705078;3657,599853515625;0,7762033343315125;-3,2551281452178955;-3,2234911918640137;0,5364550948143005;0,19866296648979187;0,14691925048828125;0,007488791365176439
1586;-180,0595245361328;-230,6667022705078;3657,599853515625;0,056092601269483566;-3,3853492736816406;-3,5119199752807617;0,5547897219657898;0,20540592074394226;0,15195298194885254;0,00792212225496769
1587;-180,0595245361328;-230,6667022705078;3657,599853515625;0,2958641052246094;-2,9344775676727295;-3,2048912048339844;0,5631513595581055;0,20851659774780273;0,1542617380619049;0,008110763505101204
1588;-180,0595245361328;-230,6667022705078;3657,599853515625;0,681530237197876;-3,122375726699829;-3,3224897384643555;0,5495202541351318;0,2038492113351822;0,15050984919071198;0,007747116032987833
1589;-180,0595245361328;-230,6667022705078;3657,599853515625;0,6369673013687134;-3,3525052070617676;-3,3400352001190186;0,5423162579536438;0,20077671110630035;0,14858628809452057;0,007630201056599617
1590;-180,0595245361328;-230,6667022705078;3657,599853515625;0,4400113821029663;-3,1390419006347656;-3,4881386756896973;0,5598493814468384;0,2071213573217392;0,15342143177986145;0,008046290837228298
1591;-180,0595245361328;-230,6667022705078;3657,599853515625;0,5785831212997437;-3,06048583984375;-3,2018206119537354;0,5586349368095398;0,20705513656139374;0,15306523442268372;0,00798272155225277
1592;-180,0595245361328;-230,6667022705078;3657,599853515625;0,32287299633026123;-2,9589929580688477;-3,387068033218384;0,5618426203727722;0,20809881389141083;0,15397699177265167;0,008072721771895885
1593;-180,0595245361328;-230,6667022705078;3657,599853515625;0,23249836266040802;-3,011353015899658;-3,0988075733184814;0,568667471408844;0,2106279581785202;0,15586528182029724;0,008227751590311527
1594;-180,0595245361328;-230,6667022705078;3657,599853515625;0,09570859372615814;-2,893080711364746;-3,261259078979492;0,5716244578361511;0,21177977323532104;0,15668712556362152;0,008290180936455727
1595;-180,0595245361328;-230,6667022705078;3657,599853515625;0,6024086475372314;-2,914531946182251;-3,257258176803589;0,573366105556488;0,2124917060136795;0,15717412531375885;0,008324265480041504
1596;-180,0595245361328;-230,6667022705078;3657,599853515625;0,4303630590438843;-2,9616639614105225;-3,2565696239471436;0,5626216530799866;0,20826338231563568;0,15428553521633148;0,008105093613266945
1597;-180,0595245361328;-230,6667022705078;3657,599853515625;0,22894899547100067;-3,0488762855529785;-3,1625096797943115;0,5710645318031311;0,21139360964298248;0,15662920475006104;0,00829361006617546
1598;-180,0595245361328;-230,6667022705078;3657,599853515625;0,09560628980398178;-3,1832973957061768;-3,183912515640259;0,5722619295120239;0,21185028553009033;0,1569841206073761;0,008320163935422897
1599;-180,0595245361328;-230,6667022705078;3657,599853515625;0,4406690299510956;-3,1510426998138428;-3,4513819217681885;0,5633419156074524;0,20867347717285156;0,1545376181602478;0,008118649013340473
1600;-180,0595245361328;-230,6667022705078;3657,599853515625;0,6497397422790527;-3,300489664077759;-3,0900754928588867;0,5805853009223938;0,21502994000911713;0,15930762887001038;0,008500439114868641
1601;-180,0595245361328;-230,6667022705078;3657,599853515625;0,3701041340827942;-3,203779458999634;-3,000469207763672;0,5900874137878418;0,2185169756412506;0,16195979714393616;0,008702125400304794
1602;-180,0595245361328;-230,6667022705078;3657,599853515625;0,7741155624389648;-3,3338334560394287;-2,967024087905884;0,6061527132987976;0,22472338378429413;0,16633373498916626;0,009047867730259895
1603;-180,0595245361328;-230,6667022705078;3657,599853515625;1,936806321144104;-3,593773365020752;-3,00154447555542;0,6008220911026001;0,22244584560394287;0,1650199294090271;0,008900205604732037
1604;-180,0595245361328;-230,6667022705078;3657,599853515625;0,5671125650405884;-3,2068798542022705;-3,1792526245117188;0,5959106087684631;0,22082071006298065;0,16365857422351837;0,008811983279883862
1605;-180,0595245361328;-230,6667022705078;3657,599853515625;0,49857813119888306;-3,2426187992095947;-3,036050319671631;0,6112827062606812;0,226946160197258;0,1677454560995102;0,009152226150035858
1606;-180,0595245361328;-230,6667022705078;3657,599853515625;0,7365798354148865;-3,0536365509033203;-3,42372465133667;0,6055341362953186;0,22459948062896729;0,16633960604667664;0,009012396447360516
1607;-180,0595245361328;-230,6667022705078;3657,599853515625;0,2009165734052658;-3,09462833404541;-2,9522926807403564;0,6290113925933838;0,23357842862606049;0,17270289361476898;0,009525897912681103
1608;-180,0595245361328;-230,6667022705078;3657,599853515625;1,1407767534255981;-3,5033843517303467;-3,1248562335968018;0,5950793027877808;0,22091081738471985;0,1635325402021408;0,008783102966845036
1609;-180,0595245361328;-230,6667022705078;3657,599853515625;0,15376144647598267;-3,0449891090393066;-3,228170394897461;0,6174770593643188;0,2294277548789978;0,16962260007858276;0,009276575408875942
1610;-180,0595245361328;-230,6667022705078;3657,599853515625;1,0286917686462402;-3,1653974056243896;-2,8085222244262695;0,6192402839660645;0,23018039762973785;0,1701384335756302;0,00930963084101677
1611;-180,0595245361328;-230,6667022705078;3657,599853515625;0,5892969965934753;-3,0762462615966797;-3,376405954360962;0,6341962218284607;0,2358475625514984;0,17428919672966003;0,009610744193196297
1612;-180,0595245361328;-230,6667022705078;3657,599853515625;1,760670781135559;-3,3041555881500244;-2,8875324726104736;0,6105933785438538;0,22719265520572662;0,16779743134975433;0,009129916317760944
1613;-180,0595245361328;-230,6667022705078;3657,599853515625;1,1307567358016968;-3,067847728729248;-2,8017992973327637;0,6474783420562744;0,24104131758213043;0,17796510457992554;0,0098850317299366
1614;-180,0595245361328;-230,6667022705078;3657,599853515625;1,3101364374160767;-3,052138566970825;-2,9334826469421387;0,6361585855484009;0,23697641491889954;0,17494963109493256;0,009623750112950802
1615;-180,0595245361328;-230,6667022705078;3657,599853515625;1,5256527662277222;-3,1787667274475098;-2,746195077896118;0,6441961526870728;0,24011753499507904;0,17717903852462769;0,009785905480384827
1616;-180,0595245361328;-230,6667022705078;3657,599853515625;1,697001338005066;-3,3463666439056396;-2,889186143875122;0,6488635540008545;0,24200421571731567;0,178475484251976;0,00988285057246685
1617;-180,0595245361328;-230,6667022705078;3657,599853515625;0,50201416015625;-3,0728111267089844;-3,074693202972412;0,6365545392036438;0,23755784332752228;0,1751030534505844;0,009637047536671162
1618;-180,0595245361328;-230,6667022705078;3657,599853515625;1,988634705543518;-3,1722609996795654;-2,4202051162719727;0,644629716873169;0,2408052533864975;0,1774236559867859;0,009758210740983486
1619;-180,0595245361328;-230,6667022705078;3657,599853515625;1,088913917541504;-2,962221145629883;-2,695725440979004;0,6467823386192322;0,24169497191905975;0,17796482145786285;0,00983800832182169
1620;-180,0595245361328;-230,6667022705078;3657,599853515625;2,3283982276916504;-3,16776442527771;-2,583286762237549;0,6438689231872559;0,2407476305961609;0,17716872692108154;0,009784738533198833
1621;-180,0595245361328;-230,6667022705078;3657,599853515625;2,044269323348999;-3,2533857822418213;-2,7202200889587402;0,6675963997840881;0,24979853630065918;0,1837262362241745;0,010254213586449623
1622;-180,0595245361328;-230,6667022705078;3657,599853515625;2,24733567237854;-2,84486722946167;-2,3702776432037354;0,6567039489746094;0,24588488042354584;0,1807456612586975;0,010037458501756191
1623;-180,0595245361328;-230,6667022705078;3657,599853515625;1,1764602661132812;-2,9767532348632812;-2,4008474349975586;0,6682772636413574;0,2503030598163605;0,18390169739723206;0,010288523510098457
1624;-180,0595245361328;-230,6667022705078;3657,599853515625;1,421025276184082;-3,1108357906341553;-2,5642316341400146;0,6677010655403137;0,2504192292690277;0,1838495433330536;0,010234804823994637
1625;-180,0595245361328;-230,6667022705078;3657,599853515625;2,2321970462799072;-3,1039316654205322;-2,608534336090088;0,6697580814361572;0,2512882947921753;0,1843935251235962;0,010294782929122448
1626;-180,0595245361328;-230,6667022705078;3657,599853515625;2,1534345149993896;-2,8597424030303955;-2,5114846229553223;0,6718738675117493;0,25235286355018616;0,18504060804843903;0,010312946513295174
1627;-180,0595245361328;-230,6667022705078;3657,599853515625;2,019530773162842;-2,7044403553009033;-2,2271504402160645;0,6711211204528809;0,2521125376224518;0,18478640913963318;0,010328039526939392
1628;-180,0595245361328;-230,6667022705078;3657,599853515625;3,051522970199585;-2,9846529960632324;-2,3043630123138428;0,6760690212249756;0,2540262043476105;0,18611307442188263;0,010447523556649685
1629;-180,0595245361328;-230,6667022705078;3657,599853515625;1,4437671899795532;-2,5907487869262695;-2,4342916011810303;0,6786739826202393;0,25558459758758545;0,18701693415641785;0,010413209907710552
1630;-180,0595245361328;-230,6667022705078;3657,599853515625;0,7758622765541077;-2,953845739364624;-2,688985824584961;0,6791412234306335;0,2556871473789215;0,1870506852865219;0,010477841831743717
1631;-180,0595245361328;-230,6667022705078;3657,599853515625;1,8675564527511597;-2,8117318153381348;-2,348525285720825;0,668436586856842;0,2519751787185669;0,18417888879776;0,01023855060338974
1632;-180,0595245361328;-230,6667022705078;3657,599853515625;2,0367891788482666;-2,4885244369506836;-2,467951536178589;0,6740545630455017;0,2541555166244507;0,18569506704807281;0,010370492935180664
1633;-180,0595245361328;-230,6667022705078;3657,599853515625;1,6123782396316528;-2,8337199687957764;-2,338653564453125;0,6744513511657715;0,2545604705810547;0,1858506053686142;0,010362963192164898
1634;-180,0595245361328;-230,6667022705078;3657,599853515625;1,009631872177124;-2,491598129272461;-2,631089210510254;0,6828994154930115;0,2577974796295166;0,18814605474472046;0,01055083703249693
1635;-180,0595245361328;-230,6667022705078;3657,599853515625;1,8729972839355469;-2,9884419441223145;-2,494577169418335;0,6897174715995789;0,2605801522731781;0,1900494396686554;0,010677659884095192
1636;-180,0595245361328;-230,6667022705078;3657,599853515625;3,5784223079681396;-3,285057783126831;-2,284168004989624;0,6891077756881714;0,2607353627681732;0,18996687233448029;0,010625826194882393
1637;-180,0595245361328;-230,6667022705078;3657,599853515625;2,526258707046509;-2,651451587677002;-2,1397554874420166;0,7106134295463562;0,2686733901500702;0,19578000903129578;0,01110739354044199
1638;-180,0595245361328;-230,6667022705078;3657,599853515625;2,9450695514678955;-3,1283838748931885;-2,363105058670044;0,6901365518569946;0,26126447319984436;0,19020536541938782;0,010681124404072762
1639;-180,0595245361328;-230,6667022705078;3657,599853515625;1,780039668083191;-2,6625285148620605;-2,3555071353912354;0,6867944598197937;0,2600925862789154;0,1892714947462082;0,010627075098454952
1640;-180,0595245361328;-230,6667022705078;3657,599853515625;3,477381944656372;-2,9658043384552;-2,2802178859710693;0,7030470371246338;0,26631951332092285;0,1937313824892044;0,010956807062029839
1641;-180,0595245361328;-230,6667022705078;3657,599853515625;1,1036583185195923;-2,80989408493042;-2,5687694549560547;0,7095927596092224;0,2693268954753876;0,1956602931022644;0,011020751670002937
1642;-180,0595245361328;-230,6667022705078;3657,599853515625;2,9097273349761963;-3,0258383750915527;-2,5663599967956543;0,7137953639030457;0,2704293429851532;0,1966254562139511;0,011203628033399582
1643;-180,0595245361328;-230,6667022705078;3657,599853515625;1,984694004058838;-2,849468231201172;-2,541703224182129;0,72092205286026;0,27358701825141907;0,19869069755077362;0,011297035031020641
1644;-180,0595245361328;-230,6667022705078;3657,599853515625;1,5754170417785645;-3,003718376159668;-2,5982818603515625;0,7326867580413818;0,2777242660522461;0,20179620385169983;0,01158988382667303
1645;-180,0595245361328;-230,6667022705078;3657,599853515625;1,527609944343567;-2,8625638484954834;-2,568372964859009;0,7289812564849854;0,2760469615459442;0,20065872371196747;0,011564082466065884
1646;-180,0595245361328;-230,6667022705078;3657,599853515625;3,7226645946502686;-2,871965169906616;-2,484285593032837;0,7578015327453613;0,28746867179870605;0,20870813727378845;0,012080851010978222
1647;-180,0595245361328;-230,6667022705078;3657,599853515625;2,1691176891326904;-2,7429733276367188;-2,3343889713287354;0,7435876131057739;0,28223973512649536;0,20480786263942719;0,011803622357547283
1648;-180,0595245361328;-230,6667022705078;3657,599853515625;1,8941278457641602;-2,960864543914795;-2,5187768936157227;0,7495518922805786;0,2844133675098419;0,20639188587665558;0,011944659985601902
1649;-180,0595245361328;-230,6667022705078;3657,599853515625;2,9090933799743652;-3,2508699893951416;-2,58240008354187;0,7398857474327087;0,28137752413749695;0,2038828283548355;0,011692270636558533
1650;-180,0595245361328;-230,6667022705078;3657,599853515625;2,1332874298095703;-3,390310049057007;-2,543407678604126;0,7423291206359863;0,2820276618003845;0,20444875955581665;0,011791456490755081
1651;-180,0595245361328;-230,6667022705078;3657,599853515625;2,4109292030334473;-3,0583109855651855;-2,292215585708618;0,7439731359481812;0,2830624580383301;0,20498737692832947;0,011783292517066002
1652;-180,0595245361328;-230,6667022705078;3657,599853515625;1,956865668296814;-3,1814608573913574;-2,5898196697235107;0,7555668950080872;0,28734466433525085;0,20811711251735687;0,012036380358040333
1653;-180,0595245361328;-230,6667022705078;3657,599853515625;2,971545457839966;-2,8440096378326416;-2,3572094440460205;0,7401595711708069;0,28173890709877014;0,20391951501369476;0,011719055473804474
1654;-180,0595245361328;-230,6667022705078;3657,599853515625;1,859556794166565;-3,266287326812744;-2,4649899005889893;0,7568696737289429;0,2877960503101349;0,20841257274150848;0,012090379372239113
1655;-180,0595245361328;-230,6667022705078;3657,599853515625;1,4576095342636108;-2,8418571949005127;-2,6714138984680176;0,7637395262718201;0,2908232510089874;0,21039801836013794;0,012178517878055573
1656;-180,0595245361328;-230,6667022705078;3657,599853515625;2,002267360687256;-2,6886937618255615;-2,563927173614502;0,7527648210525513;0,2866097092628479;0,20734290778636932;0,011983560398221016
1657;-180,0595245361328;-230,6667022705078;3657,599853515625;2,7440359592437744;-2,460441827774048;-2,428671360015869;0,760306715965271;0,2891184687614441;0,2092968225479126;0,012181879952549934
1658;-180,0595245361328;-230,6667022705078;3657,599853515625;2,684278964996338;-3,424412250518799;-2,570155143737793;0,7610478401184082;0,28990164399147034;0,20962384343147278;0,012140018865466118
1659;-180,0595245361328;-230,6667022705078;3657,599853515625;2,555788040161133;-3,393467664718628;-2,2838635444641113;0,7639409899711609;0,290237158536911;0,2101859748363495;0,012294280342757702
1660;-180,0595245361328;-230,6667022705078;3657,599853515625;3,667433023452759;-3,3703103065490723;-2,6343631744384766;0,7547135353088379;0,28722962737083435;0,20777180790901184;0,012065689079463482
1661;-180,0595245361328;-230,6667022705078;3657,599853515625;2,9855592250823975;-3,583310127258301;-2,520613193511963;0,7569248676300049;0,2878759801387787;0,2083105444908142;0,012136613950133324
1662;-180,0595245361328;-230,6667022705078;3657,599853515625;2,82619571685791;-3,2965285778045654;-2,3346517086029053;0,7670392990112305;0,2915605902671814;0,21103441715240479;0,012353816069662571
1663;-180,0595245361328;-230,6667022705078;3657,599853515625;2,4419708251953125;-3,8768515586853027;-2,3925249576568604;0,7719419002532959;0,29332491755485535;0,2123429924249649;0,0124626150354743
1664;-180,0595245361328;-230,6667022705078;3657,599853515625;2,233443021774292;-3,709223747253418;-2,5346407890319824;0,7678844332695007;0,2918860614299774;0,2112455517053604;0,01237579621374607
1665;-180,0595245361328;-230,6667022705078;3657,599853515625;2,8092401027679443;-3,8962464332580566;-2,4927220344543457;0,7677819728851318;0,2922615706920624;0,2113281786441803;0,012323461472988129
1666;-180,0595245361328;-230,6667022705078;3657,599853515625;1,3304169178009033;-3,23858380317688;-2,4257171154022217;0,7594607472419739;0,2890884280204773;0,20902952551841736;0,012164170853793621
1667;-180,0595245361328;-230,6667022705078;3657,599853515625;2,8370609283447266;-3,547900676727295;-2,4121880531311035;0,7545855641365051;0,287350058555603;0,20771731436252594;0,012051614932715893
1668;-180,0595245361328;-230,6667022705078;3657,599853515625;3,3546853065490723;-3,7502362728118896;-2,5053493976593018;0,7672280073165894;0,2919287383556366;0,21112501621246338;0,0123251061886549
1669;-180,0595245361328;-230,6667022705078;3657,599853515625;2,4557182788848877;-3,952049970626831;-2,5423600673675537;0,7778318524360657;0,2956136167049408;0,21393755078315735;0,012572734616696835
1670;-180,0595245361328;-230,6667022705078;3657,599853515625;2,4643948078155518;-3,852509021759033;-2,545767068862915;0,7484204173088074;0,2846200466156006;0,20590290427207947;0,011976920999586582
1671;-180,0595245361328;-230,6667022705078;3657,599853515625;1,4975967407226562;-3,6337523460388184;-2,303467035293579;0,7586702704429626;0,2884726822376251;0,2087111473083496;0,012175127863883972
1672;-180,0595245361328;-230,6667022705078;3657,599853515625;2,227910041809082;-3,745539665222168;-2,4916629791259766;0,7569818496704102;0,28764864802360535;0,20819449424743652;0,012162103317677975
1673;-180,0595245361328;-230,6667022705078;3657,599853515625;2,3649098873138428;-3,9745864868164062;-2,3969149589538574;0,7521897554397583;0,2856491804122925;0,20682625472545624;0,01208758819848299
1674;-180,0595245361328;-230,6667022705078;3657,599853515625;2,978790760040283;-3,806817054748535;-2,4878623485565186;0,7437567710876465;0,28278177976608276;0,2046206146478653;0,01186221931129694
1675;-180,0595245361328;-230,6667022705078;3657,599853515625;2,3801071643829346;-3,6829142570495605;-2,3887991905212402;0,732557475566864;0,27828270196914673;0,2014724612236023;0,01167440414428711
1676;-180,0595245361328;-230,6667022705078;3657,599853515625;2,359556198120117;-3,6086246967315674;-2,3988139629364014;0,7462985515594482;0,28313755989074707;0,20513129234313965;0,011985748074948788
1677;-180,0595245361328;-230,6667022705078;3657,599853515625;1,5729870796203613;-3,6718742847442627;-2,3698816299438477;0,7389589548110962;0,2804288864135742;0,20316453278064728;0,011818994767963886
1678;-180,0595245361328;-230,6667022705078;3657,599853515625;1,3645516633987427;-3,8387084007263184;-2,1351914405822754;0,7299036383628845;0,27698880434036255;0,20068974792957306;0,011628282256424427
1679;-180,0595245361328;-230,6667022705078;3657,599853515625;1,1505717039108276;-3,9593141078948975;-1,841703176498413;0,7255282402038574;0,2752857208251953;0,1994907706975937;0,011532575823366642
1680;-180,0595245361328;-230,6667022705078;3657,599853515625;1,787847876548767;-3,61059832572937;-2,4586496353149414;0,711815357208252;0,2698129117488861;0,195644810795784;0,011296946555376053
1681;-180,0595245361328;-230,6667022705078;3657,599853515625;1,1987817287445068;-3,848262071609497;-2,2128610610961914;0,7030227780342102;0,26658549904823303;0,19329020380973816;0,011082213371992111
1682;-180,0595245361328;-230,6667022705078;3657,599853515625;1,5194162130355835;-4,072237968444824;-2,2256999015808105;0,7127137184143066;0,2699333131313324;0,19585835933685303;0,011315666139125824
1683;-180,0595245361328;-230,6667022705078;3657,599853515625;1,0285142660140991;-4,1254448890686035;-2,066411256790161;0,707650899887085;0,26781874895095825;0,19443751871585846;0,011232866905629635
1684;-180,0595245361328;-230,6667022705078;3657,599853515625;1,608317255973816;-4,021963596343994;-2,3563694953918457;0,7009053230285645;0,2654038369655609;0,19265247881412506;0,011041024699807167
1685;-180,0595245361328;-230,6667022705078;3657,599853515625;1,3567428588867188;-3,8748061656951904;-2,233311176300049;0,6964156627655029;0,2633514404296875;0,1913064420223236;0,011007322929799557
1686;-180,0595245361328;-230,6667022705078;3657,599853515625;1,5812640190124512;-4,077145099639893;-2,0900864601135254;0,6855467557907104;0,2592003345489502;0,18834106624126434;0,010771646164357662
1687;-180,0595245361328;-230,6667022705078;3657,599853515625;1,5622433423995972;-3,9842007160186768;-2,2002930641174316;0,6650307774543762;0,25122517347335815;0,18264539539813995;0,010386483743786812
1688;-180,0595245361328;-230,6667022705078;3657,599853515625;1,3090509176254272;-4,298666954040527;-2,0670619010925293;0,6707658767700195;0,25322556495666504;0,18418115377426147;0,010510568507015705
1689;-180,0595245361328;-230,6667022705078;3657,599853515625;1,0614575147628784;-4,158921718597412;-2,0076732635498047;0,6803991198539734;0,2566143274307251;0,18674591183662415;0,010732609778642654
1690;-180,0595245361328;-230,6667022705078;3657,599853515625;0,8806349039077759;-4,354586124420166;-1,844533920288086;0,665375292301178;0,2508603632450104;0,18263015151023865;0,01042176317423582
1691;-180,0595245361328;-230,6667022705078;3657,599853515625;1,358483910560608;-4,089224338531494;-2,0960493087768555;0,6811001896858215;0,25675103068351746;0,18698878586292267;0,010704100131988525
1692;-180,0595245361328;-230,6667022705078;3657,599853515625;0,5153313875198364;-4,234065532684326;-1,8568633794784546;0,6436272263526917;0,24235038459300995;0,17658638954162598;0,009997914545238018
1693;-180,0595245361328;-230,6667022705078;3657,599853515625;1,6151714324951172;-4,128647327423096;-2,0894670486450195;0,6563336253166199;0,24708856642246246;0,18012045323848724;0,010226325131952763
1694;-180,0595245361328;-230,6667022705078;3657,599853515625;1,1387863159179688;-4,133577346801758;-2,034095287322998;0,649074912071228;0,24419699609279633;0,17809239029884338;0,010088617913424969
1695;-180,0595245361328;-230,6667022705078;3657,599853515625;1,344848394393921;-4,468765735626221;-1,8388824462890625;0,6398760676383972;0,24057067930698395;0,1755182147026062;0,009916342794895172
1696;-180,0595245361328;-230,6667022705078;3657,599853515625;1,4077446460723877;-4,220296859741211;-1,9070336818695068;0,6247913241386414;0,2347763180732727;0,1713709533214569;0,009602561593055725
1697;-180,0595245361328;-230,6667022705078;3657,599853515625;1,0842599868774414;-4,2764668464660645;-2,081754684448242;0,6311771869659424;0,23706945776939392;0,1731589436531067;0,009705489501357079
1698;-180,0595245361328;-230,6667022705078;3657,599853515625;1,3201661109924316;-4,270415306091309;-1,8728055953979492;0,6251950263977051;0,23465923964977264;0,17143090069293976;0,009617156349122524
1699;-180,0595245361328;-230,6667022705078;3657,599853515625;2,1828675270080566;-4,258772850036621;-2,64391827583313;0,6093374490737915;0,22858057916164398;0,1670844554901123;0,009278740733861923
1700;-180,0595245361328;-230,6667022705078;3657,599853515625;0,8321155309677124;-4,257101535797119;-1,6171813011169434;0,5915820002555847;0,221791073679924;0,1622077077627182;0,008901634253561497
1701;-180,0595245361328;-230,6667022705078;3657,599853515625;1,5873163938522339;-4,403926849365234;-2,2624261379241943;0,5827928185462952;0,2183530330657959;0,15980949997901917;0,008700935170054436
1702;-180,0595245361328;-230,6667022705078;3657,599853515625;1,598193645477295;-4,344054222106934;-2,2813398838043213;0,5686563849449158;0,21296747028827667;0,1558583676815033;0,008419817313551903
1703;-180,0595245361328;-230,6667022705078;3657,599853515625;1,3421801328659058;-4,47643518447876;-2,1301958560943604;0,5939822793006897;0,22231730818748474;0,1627962291240692;0,008958167396485806
1704;-180,0595245361328;-230,6667022705078;3657,599853515625;1,819663166999817;-4,254252910614014;-2,7339272499084473;0,5578980445861816;0,20868244767189026;0,15289872884750366;0,008177384734153748
1705;-180,0595245361328;-230,6667022705078;3657,599853515625;1,9011101722717285;-4,352896690368652;-2,309096336364746;0,5659939050674438;0,21153688430786133;0,15513239800930023;0,008339866064488888
1706;-180,0595245361328;-230,6667022705078;3657,599853515625;1,4784084558486938;-4,2364501953125;-2,4529287815093994;0,5589154958724976;0,20902539789676666;0,15305042266845703;0,008203646168112755
1707;-180,0595245361328;-230,6667022705078;3657,599853515625;1,453841209411621;-4,267671585083008;-2,229679822921753;0,5435152649879456;0,2029504030942917;0,14891493320465088;0,007854869589209557
1708;-180,0595245361328;-230,6667022705078;3657,599853515625;1,4376132488250732;-4,045966625213623;-2,3258376121520996;0,5363362431526184;0,20021381974220276;0,14691473543643951;0,007695114705711603
1709;-180,0595245361328;-230,6667022705078;3657,599853515625;2,0386810302734375;-4,425901412963867;-2,5188980102539062;0,5382522344589233;0,2006986290216446;0,14746282994747162;0,0077283624559640884
1710;-180,0595245361328;-230,6667022705078;3657,599853515625;1,4380428791046143;-4,260899543762207;-2,597970485687256;0,5429080724716187;0,20233196020126343;0,14872288703918457;0,007831867784261703
1711;-180,0595245361328;-230,6667022705078;3657,599853515625;2,0320050716400146;-4,275012493133545;-2,609792709350586;0,5335461497306824;0,1990472972393036;0,14606693387031555;0,007619097828865051
1712;-180,0595245361328;-230,6667022705078;3657,599853515625;2,270772933959961;-4,363430023193359;-2,9079883098602295;0,5271602869033813;0,1964215785264969;0,14434167742729187;0,007476573344320059
1713;-180,0595245361328;-230,6667022705078;3657,599853515625;2,078313112258911;-4,403176307678223;-3,011223554611206;0,5189013481140137;0,19291667640209198;0,14213049411773682;0,007273814640939236
1714;-180,0595245361328;-230,6667022705078;3657,599853515625;1,9476922750473022;-4,283552646636963;-2,775455951690674;0,5177692770957947;0,19242966175079346;0,14179931581020355;0,007249349728226662
1715;-180,0595245361328;-230,6667022705078;3657,599853515625;1,4360525608062744;-4,235023021697998;-2,735095977783203;0,5084563493728638;0,1890070140361786;0,1392156332731247;0,007034511771053076
1716;-180,0595245361328;-230,6667022705078;3657,599853515625;1,7748957872390747;-4,223441123962402;-2,797294855117798;0,4846670627593994;0,17991574108600616;0,13271328806877136;0,006460947450250387
1717;-180,0595245361328;-230,6667022705078;3657,599853515625;2,1928606033325195;-4,1514177322387695;-2,9889824390411377;0,4947289228439331;0,18365240097045898;0,13544487953186035;0,006701863836497068
1718;-180,0595245361328;-230,6667022705078;3657,599853515625;1,7662906646728516;-4,1725006103515625;-2,749819755554199;0,4996601641178131;0,18520767986774445;0,13680560886859894;0,006814984139055014
1719;-180,0595245361328;-230,6667022705078;3657,599853515625;2,475818395614624;-4,25604248046875;-3,242286443710327;0,4859797954559326;0,17995381355285645;0,13306325674057007;0,0064829024486243725
1720;-180,0595245361328;-230,6667022705078;3657,599853515625;2,1935830116271973;-4,216829299926758;-2,9711110591888428;0,47404855489730835;0,17546682059764862;0,12977983057498932;0,00618750462308526
1721;-180,0595245361328;-230,6667022705078;3657,599853515625;1,999197006225586;-4,2907538414001465;-3,018033504486084;0,4766172468662262;0,1763022392988205;0,1304754763841629;0,006248378194868565
1722;-180,0595245361328;-230,6667022705078;3657,599853515625;1,4723167419433594;-3,9133076667785645;-2,806126832962036;0,44690534472465515;0,16454389691352844;0,12238988280296326;0,0054623899050056934
1723;-180,0595245361328;-230,6667022705078;3657,599853515625;1,7140698432922363;-3,9651358127593994;-2,8478891849517822;0,4710509181022644;0,17412564158439636;0,12893207371234894;0,006102234590798616
1724;-180,0595245361328;-230,6667022705078;3657,599853515625;2,288792133331299;-4,046945571899414;-3,2047741413116455;0,47308558225631714;0,17457565665245056;0,12949682772159576;0,006149460561573505
1725;-180,0595245361328;-230,6667022705078;3657,599853515625;2,263981819152832;-4,147092819213867;-3,3425381183624268;0,46301037073135376;0,170827254652977;0,1267305165529251;0,005893228109925985
1726;-180,0595245361328;-230,6667022705078;3657,599853515625;2,140759229660034;-4,077752590179443;-3,1305899620056152;0,4857068359851837;0,17946314811706543;0,13291360437870026;0,006455032154917717
1727;-180,0595245361328;-230,6667022705078;3657,599853515625;1,8563979864120483;-4,1254706382751465;-3,0796284675598145;0,47874605655670166;0,1764291524887085;0,1310219019651413;0,006279717665165663
1728;-180,0595245361328;-230,6667022705078;3657,599853515625;2,1729722023010254;-4,023068428039551;-3,256275177001953;0,4547575116157532;0,16730834543704987;0,12446752190589905;0,005670195911079645
1729;-180,0595245361328;-230,6667022705078;3657,599853515625;2,447725296020508;-4,143373012542725;-3,414013147354126;0,4353564977645874;0,1599883884191513;0,11915940046310425;0,0051489626057446
1730;-180,0595245361328;-230,6667022705078;3657,599853515625;2,2802815437316895;-4,020531177520752;-3,2929177284240723;0,3450617790222168;0,12525944411754608;0,09451189637184143;0,0018962223548442125
1731;-180,0595245361328;-230,6667022705078;3657,599853515625;1,9342708587646484;-4,157968997955322;-3,090547561645508;0,42634305357933044;0,15529793500900269;0,11674095690250397;0,0047660525888204575
1732;-180,0595245361328;-230,6667022705078;3657,599853515625;2,7024238109588623;-4,322270393371582;-3,4334805011749268;0,4710136353969574;0,17315806448459625;0,12889598309993744;0,006071210373193026
1733;-180,0595245361328;-230,6667022705078;3657,599853515625;1,839234471321106;-4,150662899017334;-3,291567325592041;0,4545656144618988;0,16713806986808777;0,12438920885324478;0,00564595265313983
1734;-180,0595245361328;-230,6667022705078;3657,599853515625;2,688608169555664;-4,350019931793213;-3,4487385749816895;0,4161388874053955;0,15238867700099945;0,11389768868684769;0,004583463072776794
1735;-180,0595245361328;-230,6667022705078;3657,599853515625;2,7107691764831543;-4,211265563964844;-3,5338072776794434;0,45948904752731323;0,16931429505348206;0,1257205605506897;0,005742381326854229
1736;-180,0595245361328;-230,6667022705078;3657,599853515625;2,5558571815490723;-4,204081058502197;-3,5391695499420166;0,46443626284599304;0,17052635550498962;0,12709671258926392;0,005892373621463776
1737;-180,0595245361328;-230,6667022705078;3657,599853515625;1,7745603322982788;-3,991095781326294;-3,4178783893585205;0,46881911158561707;0,17229895293712616;0,1282898485660553;0,005999034270644188
1738;-180,0595245361328;-230,6667022705078;3657,599853515625;1,9401484727859497;-3,9923112392425537;-3,5952305793762207;0,47384101152420044;0,17381596565246582;0,1296791285276413;0,006119629368185997
1739;-180,0595245361328;-230,6667022705078;3657,599853515625;2,481924533843994;-4,096342086791992;-3,4618945121765137;0,47093644738197327;0,17309144139289856;0,128871887922287;0,0060440306551754475
1740;-180,0595245361328;-230,6667022705078;3657,599853515625;2,233529567718506;-4,224422454833984;-3,6852874755859375;0,49440163373947144;0,18224108219146729;0,13527996838092804;0,006608982104808092
1741;-180,0595245361328;-230,6667022705078;3657,599853515625;2,782545566558838;-4,320896148681641;-3,5430588722229004;0,49187371134757996;0,18103116750717163;0,13460171222686768;0,006552420556545258
1742;-180,0595245361328;-230,6667022705078;3657,599853515625;2,4301650524139404;-4,3443732261657715;-3,6378371715545654;0,4983339011669159;0,18367084860801697;0,13636574149131775;0,00669701024889946
1743;-180,0595245361328;-230,6667022705078;3657,599853515625;1,7940975427627563;-4,082051753997803;-3,4622159004211426;0,4963071942329407;0,18234558403491974;0,13584022223949432;0,00665542995557189
1744;-180,0595245361328;-230,6667022705078;3657,599853515625;1,872005581855774;-4,003539562225342;-3,3936455249786377;0,4946553409099579;0,18204499781131744;0,13538114726543427;0,006608756724745035
1745;-180,0595245361328;-230,6667022705078;3657,599853515625;2,4290623664855957;-4,4193291664123535;-3,352379083633423;0,5076069235801697;0,18766310811042786;0,13890233635902405;0,0068689631298184395
1746;-180,0595245361328;-230,6667022705078;3657,599853515625;1,481721043586731;-3,968085765838623;-3,694985866546631;0,49503517150878906;0,1828063577413559;0,13547763228416443;0,0065686870366334915
1747;-180,0595245361328;-230,6667022705078;3657,599853515625;2,087707281112671;-4,204048156738281;-3,6045725345611572;0,5073750019073486;0,1871577650308609;0,1388702392578125;0,006887956988066435
1748;-180,0595245361328;-230,6667022705078;3657,599853515625;2,259610652923584;-4,335449695587158;-3,455810070037842;0,5288063883781433;0,19559836387634277;0,1447247415781021;0,007362715434283018
1749;-180,0595245361328;-230,6667022705078;3657,599853515625;1,8173165321350098;-4,058902263641357;-3,448427677154541;0,52938312292099;0,19612041115760803;0,1448802351951599;0,007340670563280582
1750;-180,0595245361328;-230,6667022705078;3657,599853515625;1,5841732025146484;-3,9315693378448486;-3,4390134811401367;0,5313027501106262;0,19670045375823975;0,1454196274280548;0,007396981585770845
1751;-180,0595245361328;-230,6667022705078;3657,599853515625;1,2329447269439697;-3,85251522064209;-3,753119707107544;0,522674560546875;0,1933618038892746;0,1430746167898178;0,007199305575340986
1752;-180,0595245361328;-230,6667022705078;3657,599853515625;1,8126455545425415;-3,9905881881713867;-3,5607194900512695;0,5226268768310547;0,19317203760147095;0,14308002591133118;0,00721100065857172
1753;-180,0595245361328;-230,6667022705078;3657,599853515625;0,9511961340904236;-3,6739139556884766;-3,8323094844818115;0,5319496989250183;0,19660750031471252;0,14564695954322815;0,007431390695273876
1754;-180,0595245361328;-230,6667022705078;3657,599853515625;0,81322181224823;-3,5940046310424805;-3,772308349609375;0,5354877710342407;0,19813846051692963;0,14661432802677155;0,007493473123759031
1755;-180,0595245361328;-230,6667022705078;3657,599853515625;1,080229640007019;-3,864635705947876;-3,715162515640259;0,5507887601852417;0,20397135615348816;0,15080764889717102;0,007834173738956451
1756;-180,0595245361328;-230,6667022705078;3657,599853515625;1,2905360460281372;-4,009002685546875;-3,5679967403411865;0,538520097732544;0,19944143295288086;0,14745844900608063;0,007540994789451361
1757;-180,0595245361328;-230,6667022705078;3657,599853515625;0,16799628734588623;-3,5617380142211914;-3,743586540222168;0,5447570085525513;0,20181217789649963;0,14917047321796417;0,007679574191570282
1758;-180,0595245361328;-230,6667022705078;3657,599853515625;1,093943476676941;-3,700355052947998;-3,5280277729034424;0,5368548631668091;0,19881471991539001;0,14702746272087097;0,007497884798794985
1759;-180,0595245361328;-230,6667022705078;3657,599853515625;0,45245176553726196;-3,8399174213409424;-3,723506450653076;0,5551684498786926;0,2055416852235794;0,15206702053546906;0,007931176573038101
1760;-180,0595245361328;-230,6667022705078;3657,599853515625;0,5659781694412231;-3,406567335128784;-3,555009365081787;0,562810480594635;0,20836053788661957;0,15416763722896576;0,008105454035103321
1761;-180,0595245361328;-230,6667022705078;3657,599853515625;0,9172226786613464;-3,6321234703063965;-3,7780351638793945;0,5484994053840637;0,20347607135772705;0,15022973716259003;0,007721961010247469
1762;-180,0595245361328;-230,6667022705078;3657,599853515625;0,7878757119178772;-3,769059181213379;-3,7428081035614014;0,542328953742981;0,20076094567775726;0,14859169721603394;0,007632733788341284
1763;-180,0595245361328;-230,6667022705078;3657,599853515625;0,7793713808059692;-3,611733913421631;-3,733935594558716;0,559557318687439;0,20702128112316132;0,15334023535251617;0,008039165288209915
1764;-180,0595245361328;-230,6667022705078;3657,599853515625;0,9695482850074768;-3,621613025665283;-3,6140220165252686;0,559127926826477;0,20723097026348114;0,15320096909999847;0,007994938641786575
1765;-180,0595245361328;-230,6667022705078;3657,599853515625;0,6272348165512085;-3,519291400909424;-3,8331210613250732;0,5626342296600342;0,2084115445613861;0,15419165790081024;0,008088831789791584
1766;-180,0595245361328;-230,6667022705078;3657,599853515625;0,4342693090438843;-3,565614938735962;-3,6166443824768066;0,5690845847129822;0,21079812943935394;0,15597794950008392;0,0082357507199049
1767;-180,0595245361328;-230,6667022705078;3657,599853515625;0,4979414641857147;-3,4557254314422607;-3,780686616897583;0,5711306929588318;0,21159720420837402;0,1565517634153366;0,008279073983430862
1768;-180,0595245361328;-230,6667022705078;3657,599853515625;1,125080943107605;-3,5443811416625977;-3,74117374420166;0,5742511749267578;0,21281448006629944;0,15741729736328125;0,008344622328877449
1769;-180,0595245361328;-230,6667022705078;3657,599853515625;0,9610521197319031;-3,5642950534820557;-3,665809392929077;0,563425600528717;0,20856091380119324;0,15450944006443024;0,008123049512505531
1770;-180,0595245361328;-230,6667022705078;3657,599853515625;0,4373731315135956;-3,600182294845581;-3,620253801345825;0,5715210437774658;0,21154476702213287;0,15675611793994904;0,008304279297590256
1771;-180,0595245361328;-230,6667022705078;3657,599853515625;0,31929129362106323;-3,797701597213745;-3,7638258934020996;0,5723450183868408;0,2118832767009735;0,1570039987564087;0,008321935310959816
1772;-180,0595245361328;-230,6667022705078;3657,599853515625;0,476857453584671;-3,6884355545043945;-3,9481441974639893;0,5630986094474792;0,2085665911436081;0,15447312593460083;0,008114219643175602
1773;-180,0595245361328;-230,6667022705078;3657,599853515625;1,50829017162323;-3,9918909072875977;-3,6163675785064697;0,5808600187301636;0,21512196958065033;0,15938517451286316;0,008506473153829575
1774;-180,0595245361328;-230,6667022705078;3657,599853515625;1,0251089334487915;-3,926089286804199;-3,5830631256103516;0,5904582142829895;0,2186451107263565;0,16206400096416473;0,008709607645869255
1775;-180,0595245361328;-230,6667022705078;3657,599853515625;1,2480804920196533;-3,9477851390838623;-3,3790202140808105;0,6060867309570312;0,2247038036584854;0,16631409525871277;0,009046454913914204
1776;-180,0595245361328;-230,6667022705078;3657,599853515625;1,1805061101913452;-3,877584934234619;-3,4179494380950928;0,6005713939666748;0,22235870361328125;0,16494885087013245;0,008896115235984325
1777;-180,0595245361328;-230,6667022705078;3657,599853515625;1,2034128904342651;-3,758702039718628;-3,637716293334961;0,595280110836029;0,22058434784412384;0,16348934173583984;0,008798365481197834
1778;-180,0595245361328;-230,6667022705078;3657,599853515625;1,0888311862945557;-3,8811614513397217;-3,4147109985351562;0,6115676760673523;0,22705306112766266;0,16782338917255402;0,00915821548551321
1779;-180,0595245361328;-230,6667022705078;3657,599853515625;1,0654656887054443;-3,707914352416992;-3,9035604000091553;0,6043190360069275;0,22415265440940857;0,1660040318965912;0,008987908251583576
1780;-180,0595245361328;-230,6667022705078;3657,599853515625;2,2631423473358154;-4,084777355194092;-3,559260606765747;0,6282074451446533;0,23328153789043427;0,17248107492923737;0,009509297087788582
1781;-180,0595245361328;-230,6667022705078;3657,599853515625;1,1216853857040405;-4,044826984405518;-3,6135170459747314;0,5943323969841003;0,22064200043678284;0,16332003474235535;0,008770384825766087
1782;-180,0595245361328;-230,6667022705078;3657,599853515625;0,6571798920631409;-3,884524345397949;-3,8072009086608887;0,6176988482475281;0,22950953245162964;0,1696840524673462;0,009281069040298462
1783;-180,0595245361328;-230,6667022705078;3657,599853515625;2,0063464641571045;-3,891059398651123;-3,304581880569458;0,6184688806533813;0,2298930138349533;0,16992712020874023;0,009293444454669952
1784;-180,0595245361328;-230,6667022705078;3657,599853515625;1,0949715375900269;-3,753267765045166;-3,8673338890075684;0,6331965327262878;0,23547807335853577;0,1740080714225769;0,009592465125024319
1785;-180,0595245361328;-230,6667022705078;3657,599853515625;1,5114425420761108;-3,7905631065368652;-3,5241174697875977;0,6083027720451355;0,22634120285511017;0,16716064512729645;0,009083637967705727
1786;-180,0595245361328;-230,6667022705078;3657,599853515625;2,1680641174316406;-3,8522276878356934;-3,2991890907287598;0,646193265914917;0,24056249856948853;0,17760898172855377;0,00985992606729269
1787;-180,0595245361328;-230,6667022705078;3657,599853515625;2,2234761714935303;-3,9083523750305176;-3,4175822734832764;0,6352613568305969;0,23663809895515442;0,17468935251235962;0,00961177609860897
1788;-180,0595245361328;-230,6667022705078;3657,599853515625;2,7707059383392334;-3,8880484104156494;-3,1710972785949707;0,6448701024055481;0,2403624951839447;0,17735208570957184;0,009805215522646904
1789;-180,0595245361328;-230,6667022705078;3657,599853515625;1,5337467193603516;-3,875349521636963;-3,4811770915985107;0,6479659676551819;0,241660475730896;0,17821580171585083;0,009870619513094425
1790;-180,0595245361328;-230,6667022705078;3657,599853515625;0,9745904803276062;-3,7533223628997803;-3,60406756401062;0,6371555924415588;0,23778171837329865;0,17526830732822418;0,009649215266108513
1791;-180,0595245361328;-230,6667022705078;3657,599853515625;2,792222023010254;-3,7810051441192627;-2,9066951274871826;0,6489449143409729;0,2424287348985672;0,1786230355501175;0,009837063029408455
1792;-180,0595245361328;-230,6667022705078;3657,599853515625;2,364222526550293;-3,8585853576660156;-3,137699842453003;0,6510452628135681;0,24328796565532684;0,17913809418678284;0,009923400357365608
1793;-180,0595245361328;-230,6667022705078;3657,599853515625;2,350064992904663;-3,921375274658203;-3,2552406787872314;0,6451061964035034;0,2412109225988388;0,17750988900661469;0,009809312410652637
1794;-180,0595245361328;-230,6667022705078;3657,599853515625;2,7621493339538574;-3,951432228088379;-3,2210755348205566;0,6665816307067871;0,24940629303455353;0,18343892693519592;0,010237856768071651
1795;-180,0595245361328;-230,6667022705078;3657,599853515625;2,479271650314331;-3,731630325317383;-3,0473427772521973;0,6636925935745239;0,24850867688655853;0,1826735883951187;0,010174532420933247
1796;-180,0595245361328;-230,6667022705078;3657,599853515625;1,7797318696975708;-3,6714682579040527;-2,970850944519043;0,6716784238815308;0,2515645921230316;0,18483074009418488;0,010358967818319798
1797;-180,0595245361328;-230,6667022705078;3657,599853515625;1,0994120836257935;-3,6296303272247314;-3,1734397411346436;0,6683489680290222;0,2506489157676697;0,1840210258960724;0,010251222178339958
1798;-180,0595245361328;-230,6667022705078;3657,599853515625;3,5116186141967773;-3,8973379135131836;-3,1647698879241943;0,6692113876342773;0,251079261302948;0,18424105644226074;0,010284795425832272
1799;-180,0595245361328;-230,6667022705078;3657,599853515625;1,9009311199188232;-3,4833760261535645;-3,0988757610321045;0,6708478927612305;0,25197410583496094;0,18475691974163055;0,01029088906943798
1800;-180,0595245361328;-230,6667022705078;3657,599853515625;2,647298812866211;-3,4812533855438232;-2,7891621589660645;0,6692017912864685;0,25137418508529663;0,18424983322620392;0,01029371190816164
1801;-180,0595245361328;-230,6667022705078;3657,599853515625;2,7226927280426025;-3,490827798843384;-2,723097801208496;0,6753515601158142;0,2537541091442108;0,18591588735580444;0,010433793067932129
1802;-180,0595245361328;-230,6667022705078;3657,599853515625;2,106267213821411;-3,377319574356079;-3,1898653507232666;0,6780500411987305;0,25535768270492554;0,186848446726799;0,010398993268609047
1803;-180,0595245361328;-230,6667022705078;3657,599853515625;1,8064924478530884;-3,653254270553589;-3,107130527496338;0,679182231426239;0,2557164132595062;0,1870722770690918;0,010476108640432358
1804;-180,0595245361328;-230,6667022705078;3657,599853515625;2,729578733444214;-3,6248512268066406;-2,9947354793548584;0,6674535870552063;0,25160160660743713;0,1839071363210678;0,010219756513834
1805;-180,0595245361328;-230,6667022705078;3657,599853515625;2,155028820037842;-3,2883214950561523;-3,1628735065460205;0,6728693246841431;0,25371837615966797;0,18537494540214539;0,010345428250730038
1806;-180,0595245361328;-230,6667022705078;3657,599853515625;3,146456480026245;-3,8888015747070312;-2,9230034351348877;0,6725330352783203;0,25382402539253235;0,18531742691993713;0,010327652096748352
1807;-180,0595245361328;-230,6667022705078;3657,599853515625;2,3595328330993652;-3,228402853012085;-3,0185210704803467;0,68092280626297;0,25707802176475525;0,18761077523231506;0,010507375001907349
1808;-180,0595245361328;-230,6667022705078;3657,599853515625;2,757193088531494;-3,7618868350982666;-3,038897752761841;0,6880106329917908;0,25992557406425476;0,1895758956670761;0,010646016336977482
1809;-180,0595245361328;-230,6667022705078;3657,599853515625;4,107036113739014;-3,995600700378418;-2,8209292888641357;0,6872937083244324;0,26003527641296387;0,18946178257465363;0,010593276470899582
1810;-180,0595245361328;-230,6667022705078;3657,599853515625;3,827399969100952;-3,6723885536193848;-2,701256513595581;0,7083457112312317;0,26781725883483887;0,19515612721443176;0,011063135229051113
1811;-180,0595245361328;-230,6667022705078;3657,599853515625;2,0758767127990723;-3,5285375118255615;-2,790651321411133;0,6887853741645813;0,2607857286930084;0,18984335660934448;0,010649402625858784
1812;-180,0595245361328;-230,6667022705078;3657,599853515625;3,4938454627990723;-3,7834811210632324;-2,9939088821411133;0,685061514377594;0,25943461060523987;0,18879352509975433;0,010593458078801632
1813;-180,0595245361328;-230,6667022705078;3657,599853515625;4,1878662109375;-3,508587121963501;-2,7617945671081543;0,7018307447433472;0,26585742831230164;0,19339576363563538;0,01093327347189188
1814;-180,0595245361328;-230,6667022705078;3657,599853515625;3,2180449962615967;-3,8010847568511963;-3,0036683082580566;0,7075034976005554;0,26854392886161804;0,19508732855319977;0,010978857055306435
1815;-180,0595245361328;-230,6667022705078;3657,599853515625;3,426492214202881;-3,6661665439605713;-3,1785318851470947;0,712090790271759;0,26978325843811035;0,19615298509597778;0,01117050088942051
1816;-180,0595245361328;-230,6667022705078;3657,599853515625;2,738370418548584;-3,5971968173980713;-3,124224901199341;0,7207089066505432;0,2735031247138977;0,1986311674118042;0,011293366551399231
1817;-180,0595245361328;-230,6667022705078;3657,599853515625;3,9274227619171143;-4,238461971282959;-3,331068754196167;0,730096697807312;0,2767414450645447;0,20108254253864288;0,011539853177964687
1818;-180,0595245361328;-230,6667022705078;3657,599853515625;2,624319076538086;-3,647611618041992;-3,084146499633789;0,7285784482955933;0,2758638262748718;0,20053887367248535;0,011559223756194115
1819;-180,0595245361328;-230,6667022705078;3657,599853515625;3,2650341987609863;-3,3735952377319336;-3,0468854904174805;0,7564160823822021;0,28693634271621704;0,20832459628582;0,012055059894919395
1820;-180,0595245361328;-230,6667022705078;3657,599853515625;2,551151990890503;-3,5488579273223877;-3,0100300312042236;0,7425729036331177;0,28185534477233887;0,2045285701751709;0,011783940717577934
1821;-180,0595245361328;-230,6667022705078;3657,599853515625;2,2123770713806152;-3,8371951580047607;-3,2748517990112305;0,7474026083946228;0,28359007835388184;0,20579791069030762;0,011904085986316204
1822;-180,0595245361328;-230,6667022705078;3657,599853515625;2,8019964694976807;-3,9992589950561523;-3,245602607727051;0,7370226979255676;0,2802943289279938;0,20309552550315857;0,011636591516435146
1823;-180,0595245361328;-230,6667022705078;3657,599853515625;3,213921308517456;-4,436677932739258;-3,217237710952759;0,7403560280799866;0,28128015995025635;0,203902930021286;0,011753101833164692
1824;-180,0595245361328;-230,6667022705078;3657,599853515625;2,768611192703247;-4,010170936584473;-3,015343427658081;0,7427927851676941;0,28262844681739807;0,20466649532318115;0,011758518405258656
1825;-180,0595245361328;-230,6667022705078;3657,599853515625;2,163780689239502;-3,639275074005127;-2,9614784717559814;0,7533708810806274;0,28646400570869446;0,20749934017658234;0,012000130489468575
1826;-180,0595245361328;-230,6667022705078;3657,599853515625;3,401313066482544;-3,7362871170043945;-3,1138269901275635;0,7388126254081726;0,2812008559703827;0,20354127883911133;0,011696654371917248
1827;-180,0595245361328;-230,6667022705078;3657,599853515625;3,4622578620910645;-4,287428379058838;-3,188425302505493;0,7548593878746033;0,28705060482025146;0,207864448428154;0,012049411423504353
1828;-180,0595245361328;-230,6667022705078;3657,599853515625;2,3935816287994385;-3,967391014099121;-3,4444479942321777;0,7612932324409485;0,28991660475730896;0,20973119139671326;0,01212832797318697
1829;-180,0595245361328;-230,6667022705078;3657,599853515625;2,4963948726654053;-3,6368916034698486;-3,2430996894836426;0,7511464953422546;0,2859995663166046;0,2068987488746643;0,011951691471040249
1830;-180,0595245361328;-230,6667022705078;3657,599853515625;3,4696261882781982;-3,3305695056915283;-3,091071128845215;0,7589956521987915;0,2885717451572418;0,20892223715782166;0,012162063270807266
1831;-180,0595245361328;-230,6667022705078;3657,599853515625;4,504307270050049;-4,704261302947998;-3,352320909500122;0,759689450263977;0,2893872857093811;0,20925037562847137;0,012113659642636776
1832;-180,0595245361328;-230,6667022705078;3657,599853515625;3,794661283493042;-4,4577860832214355;-2,9160842895507812;0,7620278000831604;0,2895124852657318;0,20966023206710815;0,012257075868546963
1833;-180,0595245361328;-230,6667022705078;3657,599853515625;3,622310161590576;-3,9559900760650635;-3,2226758003234863;0,7535508871078491;0,28678521513938904;0,20745113492012024;0,012043525464832783
1834;-180,0595245361328;-230,6667022705078;3657,599853515625;3,978783369064331;-4,446344375610352;-3,198619842529297;0,754823625087738;0,28708958625793457;0,20773595571517944;0,012094597332179546
1835;-180,0595245361328;-230,6667022705078;3657,599853515625;3,5794026851654053;-4,31124210357666;-3,086888313293457;0,7651194930076599;0,29083195328712463;0,21050672233104706;0,01231673639267683
1836;-180,0595245361328;-230,6667022705078;3657,599853515625;3,4611237049102783;-4,928924560546875;-3,1144628524780273;0,7706576585769653;0,2928491234779358;0,21199320256710052;0,012436548247933388
1837;-180,0595245361328;-230,6667022705078;3657,599853515625;3,5236735343933105;-4,704255104064941;-3,230001449584961;0,767363965511322;0,2916794419288635;0,2111000120639801;0,012366783805191517
1838;-180,0595245361328;-230,6667022705078;3657,599853515625;3,1810317039489746;-4,754039764404297;-3,1412878036499023;0,7671005129814148;0,29198405146598816;0,2111353874206543;0,012312869541347027
1839;-180,0595245361328;-230,6667022705078;3657,599853515625;4,0908308029174805;-4,5740437507629395;-3,1374380588531494;0,7579034566879272;0,2884826362133026;0,20859737694263458;0,012136084958910942
1840;-180,0595245361328;-230,6667022705078;3657,599853515625;3,4539144039154053;-4,5232014656066895;-3,18467378616333;0,75307697057724;0,28675445914268494;0,20729580521583557;0,012025836855173111
1841;-180,0595245361328;-230,6667022705078;3657,599853515625;3,9248101711273193;-4,503122329711914;-3,192333936691284;0,7658799886703491;0,2913834750652313;0,21074454486370087;0,012303844094276428
1842;-180,0595245361328;-230,6667022705078;3657,599853515625;3,511586904525757;-4,892703056335449;-3,3426218032836914;0,7771887183189392;0,2953759729862213;0,21376259624958038;0,012559517286717892
1843;-180,0595245361328;-230,6667022705078;3657,599853515625;2,5419068336486816;-4,59071159362793;-3,1977920532226562;0,7462482452392578;0,2838168144226074;0,20531216263771057;0,011931715533137321
1844;-180,0595245361328;-230,6667022705078;3657,599853515625;2,2188642024993896;-4,6768903732299805;-2,922930955886841;0,7570394277572632;0,28787410259246826;0,2082688808441162;0,012140505015850067
1845;-180,0595245361328;-230,6667022705078;3657,599853515625;3,527308702468872;-4,813973903656006;-3,2355568408966064;0,7554045915603638;0,2870350480079651;0,20775623619556427;0,01213371567428112
1846;-180,0595245361328;-230,6667022705078;3657,599853515625;2,343909978866577;-4,809378623962402;-2,9829654693603516;0,7508251070976257;0,28513145446777344;0,20645123720169067;0,012061143293976784
1847;-180,0595245361328;-230,6667022705078;3657,599853515625;3,451894998550415;-4,86381721496582;-3,1926140785217285;0,7424769401550293;0,2822910249233246;0,2042672038078308;0,011838291771709919
1848;-180,0595245361328;-230,6667022705078;3657,599853515625;2,507690191268921;-4,364797592163086;-3,2077574729919434;0,7314830422401428;0,2778700590133667;0,2011755406856537;0,011654336005449295
1849;-180,0595245361328;-230,6667022705078;3657,599853515625;2,667506694793701;-4,541719436645508;-3,1160128116607666;0,7446723580360413;0,2825351655483246;0,2047015279531479;0,011952046304941177
1850;-180,0595245361328;-230,6667022705078;3657,599853515625;2,603933811187744;-4,61367654800415;-3,141613006591797;0,7375116348266602;0,2798920273780823;0,20277082920074463;0,01178890373557806
1851;-180,0595245361328;-230,6667022705078;3657,599853515625;2,3650734424591064;-4,897279739379883;-3,1481950283050537;0,7287622690200806;0,27655845880508423;0,20037680864334106;0,011605597101151943
1852;-180,0595245361328;-230,6667022705078;3657,599853515625;2,1016180515289307;-4,960901737213135;-2,753117084503174;0,7242348194122314;0,27479374408721924;0,19913460314273834;0,011507691815495491
1853;-180,0595245361328;-230,6667022705078;3657,599853515625;2,346923589706421;-4,635458946228027;-3,2857418060302734;0,710198163986206;0,26920920610427856;0,1952037513256073;0,011263636872172356
1854;-180,0595245361328;-230,6667022705078;3657,599853515625;2,009814977645874;-4,926479339599609;-2,885852336883545;0,7017691135406494;0,2661072611808777;0,19294917583465576;0,011058244854211807
1855;-180,0595245361328;-230,6667022705078;3657,599853515625;2,187347412109375;-5,033845901489258;-2,8250575065612793;0,711475133895874;0,269479900598526;0,19552081823349;0,011288424022495747
1856;-180,0595245361328;-230,6667022705078;3657,599853515625;2,0422751903533936;-5,090172290802002;-2,813732624053955;0,7068371176719666;0,2675161063671112;0,1941964477300644;0,011216145940124989
1857;-180,0595245361328;-230,6667022705078;3657,599853515625;2,467393636703491;-5,066437244415283;-3,1383347511291504;0,7004004716873169;0,26521211862564087;0,19251348078250885;0,011031239293515682
1858;-180,0595245361328;-230,6667022705078;3657,599853515625;2,497798442840576;-5,00706148147583;-2,975853204727173;0,6964831948280334;0,2633715569972992;0,19132289290428162;0,011010087095201015
1859;-180,0595245361328;-230,6667022705078;3657,599853515625;1,9356944561004639;-4,96953821182251;-2,8100109100341797;0,6857905983924866;0,2592950761318207;0,18840903043746948;0,010775798000395298
1860;-180,0595245361328;-230,6667022705078;3657,599853515625;2,811767101287842;-5,159481048583984;-2,952057123184204;0,6646096706390381;0,2510688006877899;0,18253085017204285;0,01037738285958767
1861;-180,0595245361328;-230,6667022705078;3657,599853515625;1,7264350652694702;-5,269513130187988;-2,690577268600464;0,6701369285583496;0,25299179553985596;0,18400846421718597;0,010497119277715683
1862;-180,0595245361328;-230,6667022705078;3657,599853515625;2,041611671447754;-5,267685413360596;-2,788033962249756;0,6802129745483398;0,2565450966358185;0,18669915199279785;0,010728733614087105
1863;-180,0595245361328;-230,6667022705078;3657,599853515625;1,7291293144226074;-5,319721221923828;-2,5695230960845947;0,6657952070236206;0,25101238489151;0,1827416867017746;0,010431940667331219
1864;-180,0595245361328;-230,6667022705078;3657,599853515625;2,0932295322418213;-5,13830041885376;-2,7475008964538574;0,681934654712677;0,25706470012664795;0,18721728026866913;0,01072104461491108
1865;-180,0595245361328;-230,6667022705078;3657,599853515625;1,3132812976837158;-5,348406791687012;-2,6292974948883057;0,6437796354293823;0,24240916967391968;0,17662985622882843;0,010000981390476227
1866;-180,0595245361328;-230,6667022705078;3657,599853515625;2,221864700317383;-5,148404598236084;-2,827430009841919;0,6568825244903564;0,24729113280773163;0,18026763200759888;0,010239310562610626
1867;-180,0595245361328;-230,6667022705078;3657,599853515625;1,7648788690567017;-5,177219867706299;-2,7503721714019775;0,651191771030426;0,2449859231710434;0,17866605520248413;0,01013522781431675
1868;-180,0595245361328;-230,6667022705078;3657,599853515625;1,9275327920913696;-5,447647571563721;-2,6252670288085938;0,6408226490020752;0,2409256249666214;0,17577657103538513;0,009936299175024033
1869;-180,0595245361328;-230,6667022705078;3657,599853515625;2,1245453357696533;-5,232134819030762;-2,690948724746704;0,6257277727127075;0,23513014614582062;0,17163032293319702;0,009620776399970055
1870;-180,0595245361328;-230,6667022705078;3657,599853515625;2,0664210319519043;-5,377147674560547;-2,8588314056396484;0,6318288445472717;0,23731642961502075;0,17334182560443878;0,009716334752738476
1871;-180,0595245361328;-230,6667022705078;3657,599853515625;2,066988229751587;-5,364055156707764;-2,753751516342163;0,6247934103012085;0,23450908064842224;0,17132264375686646;0,009608020074665546
1872;-180,0595245361328;-230,6667022705078;3657,599853515625;2,83361554145813;-5,339566707611084;-3,416860818862915;0,6092192530632019;0,22853635251522064;0,16705119609832764;0,00927663128823042
1873;-180,0595245361328;-230,6667022705078;3657,599853515625;1,2496380805969238;-5,265843391418457;-2,3152806758880615;0,5908002853393555;0,22149837017059326;0,16199330985546112;0,008885177783668041
1874;-180,0595245361328;-230,6667022705078;3657,599853515625;2,5187230110168457;-5,597318172454834;-3,0822081565856934;0,5809664130210876;0,21766971051692963;0,1593071073293686;0,008663009852170944
1875;-180,0595245361328;-230,6667022705078;3657,599853515625;2,4838032722473145;-5,473372459411621;-3,077242612838745;0,5675464868545532;0,21255557239055634;0,15554970502853394;0,00839677732437849
1876;-180,0595245361328;-230,6667022705078;3657,599853515625;1,6362248659133911;-5,298887252807617;-2,9351699352264404;0,5935404896736145;0,22215624153614044;0,1626713126897812;0,008950332179665565
1877;-180,0595245361328;-230,6667022705078;3657,599853515625;2,356760025024414;-5,1639018058776855;-3,511934280395508;0,554216742515564;0,20730336010456085;0,1518915295600891;0,008096064440906048
1878;-180,0595245361328;-230,6667022705078;3657,599853515625;2,3573145866394043;-5,297518730163574;-3,1246118545532227;0,5681796669960022;0,21235865354537964;0,15572874248027802;0,008388283662497997
1879;-180,0595245361328;-230,6667022705078;3657,599853515625;2,395644426345825;-5,322213172912598;-3,18699049949646;0,5602532625198364;0,20952901244163513;0,1534164547920227;0,008233409374952316
1880;-180,0595245361328;-230,6667022705078;3657,599853515625;2,106220245361328;-5,250004291534424;-2,962451219558716;0,5482280850410461;0,20472835004329681;0,15019898116588593;0,007961565628647804
1881;-180,0595245361328;-230,6667022705078;3657,599853515625;2,1844422817230225;-5,090098857879639;-3,1211822032928467;0,533086895942688;0,19899551570415497;0,1460258662700653;0,007621122058480978
1882;-180,0595245361328;-230,6667022705078;3657,599853515625;2,6287925243377686;-5,468000888824463;-3,299194574356079;0,5427073240280151;0,20236888527870178;0,14868107438087463;0,00782860442996025
1883;-180,0595245361328;-230,6667022705078;3657,599853515625;2,0636720657348633;-5,267368793487549;-3,3596854209899902;0,5484273433685303;0,2043965607881546;0,15023010969161987;0,007954956032335758
1884;-180,0595245361328;-230,6667022705078;3657,599853515625;2,383910894393921;-5,168856620788574;-3,3570661544799805;0,5347912311553955;0,19950681924819946;0,14640948176383972;0,007648383732885122
1885;-180,0595245361328;-230,6667022705078;3657,599853515625;3,08994460105896;-5,341884136199951;-3,719217300415039;0,5280237197875977;0,1967407464981079;0,14457975327968597;0,0074965921230614185
1886;-180,0595245361328;-230,6667022705078;3657,599853515625;2,685070753097534;-5,385947227478027;-3,814601421356201;0,5191106200218201;0,19299888610839844;0,1421874761581421;0,007278953678905964
1887;-180,0595245361328;-230,6667022705078;3657,599853515625;2,5852584838867188;-5,286106109619141;-3,532703161239624;0,5168746709823608;0,19210171699523926;0,14155463874340057;0,007229096721857786
1888;-180,0595245361328;-230,6667022705078;3657,599853515625;2,073885440826416;-5,23722505569458;-3,489809274673462;0,507279634475708;0,18855810165405273;0,13889311254024506;0,007006779778748751
1889;-180,0595245361328;-230,6667022705078;3657,599853515625;2,300926446914673;-5,176262855529785;-3,5486202239990234;0,4852052927017212;0,18010616302490234;0,1328594833612442;0,0064742243848741055
1890;-180,0595245361328;-230,6667022705078;3657,599853515625;2,7888755798339844;-5,154792785644531;-3,7619757652282715;0,49390411376953125;0,18335172533988953;0,13521718978881836;0,006681793835014105
1891;-180,0595245361328;-230,6667022705078;3657,599853515625;2,42287015914917;-5,229293346405029;-3,5517663955688477;0,49876415729522705;0,1848505735397339;0,13656318187713623;0,006792835425585508
1892;-180,0595245361328;-230,6667022705078;3657,599853515625;3,1883134841918945;-5,346638202667236;-4,033585071563721;0,48652246594429016;0,1801561415195465;0,1332106590270996;0,006496045738458633
1893;-180,0595245361328;-230,6667022705078;3657,599853515625;2,6951956748962402;-5,223618507385254;-3,761286735534668;0,4731568396091461;0,1751132607460022;0,12953804433345795;0,0061652930453419685
1894;-180,0595245361328;-230,6667022705078;3657,599853515625;2,704812526702881;-5,358578205108643;-3,846062183380127;0,4768332540988922;0,17637838423252106;0,1305362582206726;0,006253705359995365
1895;-180,0595245361328;-230,6667022705078;3657,599853515625;2,082146644592285;-4,976407051086426;-3,6262340545654297;0,4464339017868042;0,16436082124710083;0,12226222455501556;0,0054493374191224575
1896;-180,0595245361328;-230,6667022705078;3657,599853515625;2,4451379776000977;-5,065130710601807;-3,7027111053466797;0,47044244408607483;0,17388147115707397;0,12876513600349426;0,006087223067879677
1897;-180,0595245361328;-230,6667022705078;3657,599853515625;2,899573802947998;-5,114993572235107;-4,016082763671875;0,4736025631427765;0,1747957170009613;0,12963633239269257;0,006162933073937893
1898;-180,0595245361328;-230,6667022705078;3657,599853515625;2,977783679962158;-5,253812789916992;-4,180434226989746;0,46325913071632385;0,17090323567390442;0,12679792940616608;0,00589971337467432
1899;-180,0595245361328;-230,6667022705078;3657,599853515625;2,8782546520233154;-5,182760238647461;-3,988226890563965;0,4854566752910614;0,17939308285713196;0,1328371912240982;0,006448333617299795
1900;-180,0595245361328;-230,6667022705078;3657,599853515625;2,522237777709961;-5,22783899307251;-3,904212236404419;0,4780198633670807;0,17613352835178375;0,1308293491601944;0,006261157803237438
1901;-180,0595245361328;-230,6667022705078;3657,599853515625;2,9660017490386963;-5,203991889953613;-4,154074192047119;0,45445704460144043;0,1671876460313797;0,12438595294952393;0,005662280134856701
1902;-180,0595245361328;-230,6667022705078;3657,599853515625;3,17995548248291;-5,338738441467285;-4,357029914855957;0,4352949857711792;0,1600213497877121;0,11913911998271942;0,005145919043570757
1903;-180,0595245361328;-230,6667022705078;3657,599853515625;3,020479202270508;-5,239019393920898;-4,231009483337402;0,34714236855506897;0,12608061730861664;0,09507902711629868;0,0020127668976783752
1904;-180,0595245361328;-230,6667022705078;3657,599853515625;2,5945093631744385;-5,358979225158691;-4,049170970916748;0,4277552664279938;0,15579040348529816;0,1171286553144455;0,0047954777255654335
1905;-180,0595245361328;-230,6667022705078;3657,599853515625;3,437047243118286;-5,503165245056152;-4,350369453430176;0,47126877307891846;0,1732615828514099;0,12896564602851868;0,006077739410102367
1906;-180,0595245361328;-230,6667022705078;3657,599853515625;2,6196587085723877;-5,342166423797607;-4,202127456665039;0,4555198550224304;0,16751404106616974;0,12465274333953857;0,00567043898627162
1907;-180,0595245361328;-230,6667022705078;3657,599853515625;3,392526149749756;-5,502902030944824;-4,327800750732422;0,4157960116863251;0,1522279977798462;0,11380519717931747;0,004574605729430914
1908;-180,0595245361328;-230,6667022705078;3657,599853515625;3,4547605514526367;-5,403262138366699;-4,438993453979492;0,45953333377838135;0,16933675110340118;0,12573248147964478;0,005743032321333885
1909;-180,0595245361328;-230,6667022705078;3657,599853515625;3,211761236190796;-5,346113204956055;-4,4176859855651855;0,4645613133907318;0,17056667804718018;0,12713126838207245;0,005895537324249744
1910;-180,0595245361328;-230,6667022705078;3657,599853515625;2,4676270484924316;-5,114482402801514;-4,333446979522705;0,4686407148838043;0,17222116887569427;0,1282423436641693;0,005994697567075491
1911;-180,0595245361328;-230,6667022705078;3657,599853515625;2,619811534881592;-5,152929782867432;-4,513192653656006;0,47417235374450684;0,17392303049564362;0,12976913154125214;0,006127358414232731
1912;-180,0595245361328;-230,6667022705078;3657,599853515625;3,210603952407837;-5,256511211395264;-4,35529899597168;0,47119206190109253;0,17317622900009155;0,12894344329833984;0,006050771102309227
1913;-180,0595245361328;-230,6667022705078;3657,599853515625;2,8913681507110596;-5,366139888763428;-4,602993965148926;0,49482306838035583;0,18240569531917572;0,135394886136055;0,0066189575009047985
1914;-180,0595245361328;-230,6667022705078;3657,599853515625;3,5369834899902344;-5,508796215057373;-4,449549674987793;0,4918458163738251;0,18102067708969116;0,13459546864032745;0,006551748141646385
1915;-180,0595245361328;-230,6667022705078;3657,599853515625;3,1458654403686523;-5,505947113037109;-4,55871057510376;0,49949583411216736;0,1841086596250534;0,13668334484100342;0,006725042127072811
1916;-180,0595245361328;-230,6667022705078;3657,599853515625;2,5242598056793213;-5,26584005355835;-4,374556541442871;0,4973657429218292;0,18274711072444916;0,13612499833106995;0,00668081920593977
1917;-180,0595245361328;-230,6667022705078;3657,599853515625;2,5764615535736084;-5,1943039894104;-4,310172080993652;0,49472901225090027;0,182069331407547;0,13540136814117432;0,00661064125597477
1918;-180,0595245361328;-230,6667022705078;3657,599853515625;3,1559882164001465;-5,581870079040527;-4,2716827392578125;0,5075328350067139;0,18764612078666687;0,13888166844844818;0,006866067182272673
1919;-180,0595245361328;-230,6667022705078;3657,599853515625;2,183013677597046;-5,152675628662109;-4,596918106079102;0,49567681550979614;0,18304675817489624;0,1356530785560608;0,006584683433175087
1920;-180,0595245361328;-230,6667022705078;3657,599853515625;2,794524669647217;-5,369487762451172;-4,505323886871338;0,5077039003372192;0,187281996011734;0,13896049559116364;0,006895753089338541
1921;-180,0595245361328;-230,6667022705078;3657,599853515625;3,0284368991851807;-5,514652252197266;-4,345846652984619;0,5284785032272339;0,19546613097190857;0,14464125037193298;0,007355770096182823
1922;-180,0595245361328;-230,6667022705078;3657,599853515625;2,5756211280822754;-5,234641075134277;-4,335777759552002;0,5292150974273682;0,1960691511631012;0,1448327898979187;0,007335294969379902
1923;-180,0595245361328;-230,6667022705078;3657,599853515625;2,3720486164093018;-5,088160991668701;-4,337927341461182;0,5313138365745544;0,196697399020195;0,14541509747505188;0,007397998124361038
1924;-180,0595245361328;-230,6667022705078;3657,599853515625;1,8775601387023926;-4,9941086769104;-4,655789375305176;0,5219587087631226;0,19310088455677032;0,14287850260734558;0,007181460037827492
1925;-180,0595245361328;-230,6667022705078;3657,599853515625;2,4797282218933105;-5,174931049346924;-4,503834247589111;0,5238522291183472;0,1936534196138382;0,14341434836387634;0,007238014135509729
1926;-180,0595245361328;-230,6667022705078;3657,599853515625;1,6096830368041992;-4,854117393493652;-4,802180767059326;0,5322270393371582;0,19670897722244263;0,1457211673259735;0,0074380249716341496
1927;-180,0595245361328;-230,6667022705078;3657,599853515625;1,7047736644744873;-4,86374044418335;-4,725735187530518;0,5360753536224365;0,19836147129535675;0,14677496254444122;0,007506905123591423
1928;-180,0595245361328;-230,6667022705078;3657,599853515625;1,9546113014221191;-5,126625061035156;-4,671271800994873;0,5507076978683472;0,20393848419189453;0,1507803350687027;0,007832583971321583
1929;-180,0595245361328;-230,6667022705078;3657,599853515625;2,0050806999206543;-5,26285457611084;-4,565249919891357;0,5390148758888245;0,1996244490146637;0,1475939303636551;0,007552814669907093
1930;-180,0595245361328;-230,6667022705078;3657,599853515625;0,958281397819519;-4,8742828369140625;-4,752103805541992;0,5454690456390381;0,20208534598350525;0,14936967194080353;0,007695288397371769
1931;-180,0595245361328;-230,6667022705078;3657,599853515625;1,7519896030426025;-5,001020431518555;-4,550854206085205;0,5373277068138123;0,19896912574768066;0,14716032147407532;0,007511617615818977
1932;-180,0595245361328;-230,6667022705078;3657,599853515625;1,3029747009277344;-5,138420104980469;-4,7036333084106445;0,5554448366165161;0,20565102994441986;0,15213721990585327;0,00793691910803318
1933;-180,0595245361328;-230,6667022705078;3657,599853515625;1,3265180587768555;-4,7073211669921875;-4,593932151794434;0,5626716613769531;0,2083011418581009;0,15413334965705872;0,008102946914732456
1934;-180,0595245361328;-230,6667022705078;3657,599853515625;1,726331114768982;-4,908692359924316;-4,770556449890137;0,5473118424415588;0,2030288428068161;0,14990507066249847;0,007694751024246216
1935;-180,0595245361328;-230,6667022705078;3657,599853515625;1,618735432624817;-5,021968364715576;-4,742776870727539;0,5427854061126709;0,2009124904870987;0,14871838688850403;0,00764527777209878
1936;-180,0595245361328;-230,6667022705078;3657,599853515625;1,632863998413086;-4,909017086029053;-4,740535259246826;0,5588310360908508;0,20675715804100037;0,15314075350761414;0,00802241638302803
1937;-180,0595245361328;-230,6667022705078;3657,599853515625;1,6439298391342163;-4,909913539886475;-4,622133731842041;0,558761477470398;0,20708192884922028;0,15310168266296387;0,00798810925334692
1938;-180,0595245361328;-230,6667022705078;3657,599853515625;1,2307336330413818;-4,7838544845581055;-4,8602728843688965;0,5629138946533203;0,20852547883987427;0,15426696836948395;0,008094225078821182
1939;-180,0595245361328;-230,6667022705078;3657,599853515625;1,5320327281951904;-4,939659118652344;-4,592658042907715;0,569056510925293;0,21080608665943146;0,1559675633907318;0,00823346059769392
1940;-180,0595245361328;-230,6667022705078;3657,599853515625;1,3843456506729126;-4,832837104797363;-4,732227802276611;0,5710375308990479;0,2115575075149536;0,1565268635749817;0,00827744510024786
1941;-180,0595245361328;-230,6667022705078;3657,599853515625;2,1674869060516357;-4,9419846534729;-4,678200721740723;0,5743082165718079;0,21283991634845734;0,15743233263492584;0,008345464244484901
1942;-180,0595245361328;-230,6667022705078;3657,599853515625;1,7485653162002563;-4,80387544631958;-4,665484428405762;0,5625404715538025;0,20823349058628082;0,15426647663116455;0,008103257045149803
1943;-180,0595245361328;-230,6667022705078;3657,599853515625;1,4654656648635864;-4,880007743835449;-4,588996887207031;0,5712871551513672;0,21144729852676392;0,15669521689414978;0,00829946156591177
1944;-180,0595245361328;-230,6667022705078;3657,599853515625;1,330897569656372;-5,146892547607422;-4,760740280151367;0,5724872946739197;0,21192479133605957;0,1570451706647873;0,00832532998174429
1945;-180,0595245361328;-230,6667022705078;3657,599853515625;1,4292292594909668;-4,98599100112915;-4,909298419952393;0,5633729100227356;0,20866341888904572;0,15455316007137299;0,008120586164295673
1946;-180,0595245361328;-230,6667022705078;3657,599853515625;2,05250883102417;-5,046057224273682;-4,515665531158447;0,5807629823684692;0,21509210765361786;0,159356027841568;0,008504324592649937
1947;-180,0595245361328;-230,6667022705078;3657,599853515625;1,655488133430481;-5,002289295196533;-4,504029750823975;0,5910545587539673;0,21885144710540771;0,16223110258579254;0,008721546269953251
1948;-180,0595245361328;-230,6667022705078;3657,599853515625;2,0797998905181885;-5,112062931060791;-4,340771675109863;0,606901228427887;0,22501562535762787;0,16653434932231903;0,009063721634447575
1949;-180,0595245361328;-230,6667022705078;3657,599853515625;2,0758867263793945;-5,087963104248047;-4,392009258270264;0,6009857058525085;0,22251123189926147;0,16506284475326538;0,008904621936380863
1950;-180,0595245361328;-230,6667022705078;3657,599853515625;1,4331022500991821;-4,908451557159424;-4,718791961669922;0,5945395827293396;0,22030435502529144;0,16328299045562744;0,008781902492046356
1951;-180,0595245361328;-230,6667022705078;3657,599853515625;2,027284860610962;-5,220588207244873;-4,3927178382873535;0,6115199327468872;0,2270336151123047;0,1678103655576706;0,009157310239970684
1952;-180,0595245361328;-230,6667022705078;3657,599853515625;1,7901711463928223;-4,859695911407471;-4,6847147941589355;0,6050765514373779;0,22443117201328278;0,16621631383895874;0,009003323502838612
1953;-180,0595245361328;-230,6667022705078;3657,599853515625;2,3134140968322754;-5,0375847816467285;-4,410457134246826;0,6288477778434753;0,23352289199829102;0,17265412211418152;0,009522901847958565
1954;-180,0595245361328;-230,6667022705078;3657,599853515625;2,398332118988037;-5,333160400390625;-4,376530647277832;0,5948475003242493;0,22083626687526703;0,16345861554145813;0,00878227036446333
1955;-180,0595245361328;-230,6667022705078;3657,599853515625;1,2810417413711548;-4,944311618804932;-4,706968307495117;0,6170161962509155;0,22925807535648346;0,16949380934238434;0,009267449378967285
1956;-180,0595245361328;-230,6667022705078;3657,599853515625;2,799893379211426;-4,986082077026367;-4,08425235748291;0,6191842555999756;0,23015914857387543;0,17012301087379456;0,00930846482515335
1957;-180,0595245361328;-230,6667022705078;3657,599853515625;2,478583812713623;-5,035717487335205;-4,81259822845459;0,6317161321640015;0,23492591083049774;0,17360463738441467;0,00956096313893795
1958;-180,0595245361328;-230,6667022705078;3657,599853515625;2,5880699157714844;-5,339910507202148;-4,502097129821777;0,6079566478729248;0,22621124982833862;0,16707119345664978;0,009075150825083256
1959;-180,0595245361328;-230,6667022705078;3657,599853515625;3,4571006298065186;-4,900912284851074;-3,9871957302093506;0,6448929309844971;0,24007819592952728;0,1772518754005432;0,00983337126672268
1960;-180,0595245361328;-230,6667022705078;3657,599853515625;3,431142807006836;-5,071103096008301;-4,312249183654785;0,6339511275291443;0,23614910244941711;0,17432667315006256;0,00958624854683876
1961;-180,0595245361328;-230,6667022705078;3657,599853515625;3,4626898765563965;-5,245403289794922;-4,062902450561523;0,6440622806549072;0,24005891382694244;0,1771252304315567;0,009791048243641853
1962;-180,0595245361328;-230,6667022705078;3657,599853515625;2,844529867172241;-5,105072498321533;-4,307255268096924;0,6478875875473022;0,2416275143623352;0,17818903923034668;0,009871314279735088
1963;-180,0595245361328;-230,6667022705078;3657,599853515625;3,368433952331543;-5,128801345825195;-4,428287506103516;0,6361420154571533;0,23739463090896606;0,17497946321964264;0,009632926434278488
1964;-180,0595245361328;-230,6667022705078;3657,599853515625;3,548912525177002;-5,083503246307373;-3,94120717048645;0,6451892256736755;0,24103671312332153;0,17760030925273895;0,009755504317581654
1965;-180,0595245361328;-230,6667022705078;3657,599853515625;3,382582426071167;-4,9786810874938965;-4,0692901611328125;0,6538482308387756;0,24434718489646912;0,17991942167282104;0,009974563494324684
1966;-180,0595245361328;-230,6667022705078;3657,599853515625;3,416074275970459;-5,207458972930908;-4,180575370788574;0,6437728404998779;0,24071401357650757;0,17714445292949677;0,009781820699572563
1967;-180,0595245361328;-230,6667022705078;3657,599853515625;4,998001575469971;-5,48622465133667;-4,244091510772705;0,6683770418167114;0,2500796616077423;0,1839337795972824;0,010272855870425701
1968;-180,0595245361328;-230,6667022705078;3657,599853515625;3,293227195739746;-4,975780010223389;-4,061679363250732;0,6549768447875977;0,24525368213653564;0,18028023838996887;0,00999837089329958
1969;-180,0595245361328;-230,6667022705078;3657,599853515625;2,917891025543213;-5,255667686462402;-4,045223712921143;0,6707521677017212;0,25120869278907776;0,184569850564003;0,01034251507371664
1970;-180,0595245361328;-230,6667022705078;3657,599853515625;3,117291212081909;-5,223372459411621;-4,095071792602539;0,670111894607544;0,251303106546402;0,18450331687927246;0,010287879034876823
1971;-180,0595245361328;-230,6667022705078;3657,599853515625;4,043297290802002;-5,180157661437988;-4,269474983215332;0,6724306344985962;0,2522910237312317;0,1851266324520111;0,010347341187298298
1972;-180,0595245361328;-230,6667022705078;3657,599853515625;3,5864663124084473;-4,9216132164001465;-4,213033676147461;0,6730467081069946;0,25281617045402527;0,185373917222023;0,010329863987863064
1973;-180,0595245361328;-230,6667022705078;3657,599853515625;3,290468692779541;-4,684370517730713;-3,835113286972046;0,6711538434028625;0,25212228298187256;0,184798464179039;0,010329223237931728
1974;-180,0595245361328;-230,6667022705078;3657,599853515625;3,4466443061828613;-4,8812432289123535;-3,996593713760376;0,6773715019226074;0,25453540682792664;0,1864820271730423;0,010469762608408928
1975;-180,0595245361328;-230,6667022705078;3657,599853515625;4,580177307128906;-4,927483081817627;-3,973294973373413;0,6794224381446838;0,25588321685791016;0,18722988665103912;0,010423455387353897
1976;-180,0595245361328;-230,6667022705078;3657,599853515625;2,750925302505493;-5,1055216789245605;-4,245301246643066;0,6798557043075562;0,25598323345184326;0,18726983666419983;0,010486796498298645
1977;-180,0595245361328;-230,6667022705078;3657,599853515625;4,010187149047852;-5,1007890701293945;-4,088523864746094;0,6651209592819214;0,250693142414093;0,18325358629226685;0,010179731994867325
1978;-180,0595245361328;-230,6667022705078;3657,599853515625;2,2544686794281006;-4,655823230743408;-4,352414131164551;0,6715700030326843;0,25325945019721985;0,1850287914276123;0,010313975624740124
1979;-180,0595245361328;-230,6667022705078;3657,599853515625;3,458951473236084;-5,220991134643555;-4,110745429992676;0,6711289882659912;0,25328847765922546;0,18492886424064636;0,010301116853952408
1980;-180,0595245361328;-230,6667022705078;3657,599853515625;2,4071288108825684;-4,882656097412109;-4,525435924530029;0,6799170970916748;0,25669142603874207;0,18733161687850952;0,010488778352737427
1981;-180,0595245361328;-230,6667022705078;3657,599853515625;3,0774738788604736;-5,223382472991943;-4,407313346862793;0,6870792508125305;0,2595437169075012;0,18930882215499878;0,010632929392158985
1982;-180,0595245361328;-230,6667022705078;3657,599853515625;5,526695728302002;-5,73303747177124;-4,063746929168701;0,6860119104385376;0,2595365643501282;0,18910382688045502;0,010570982471108437
1983;-180,0595245361328;-230,6667022705078;3657,599853515625;4,475905418395996;-5,248294353485107;-3,898247480392456;0,7057859301567078;0,26685622334480286;0,19445502758026123;0,01101238839328289
1984;-180,0595245361328;-230,6667022705078;3657,599853515625;5,671567440032959;-5,743322849273682;-4,012444496154785;0,6874521374702454;0,2602907717227936;0,18947915732860565;0,010621688328683376
1985;-180,0595245361328;-230,6667022705078;3657,599853515625;5,086908340454102;-5,442337989807129;-4,264733791351318;0,6836509704589844;0,25890061259269714;0,1884049028158188;0,010565830394625664
1986;-180,0595245361328;-230,6667022705078;3657,599853515625;4,2326860427856445;-4,821226119995117;-4,005638599395752;0,7004950642585754;0,26535096764564514;0,1930278092622757;0,010907372459769249
1987;-180,0595245361328;-230,6667022705078;3657,599853515625;4,657910346984863;-5,654214382171631;-4,5433878898620605;0,7053854465484619;0,2677401006221771;0,19450339674949646;0,010938070714473724
1988;-180,0595245361328;-230,6667022705078;3657,599853515625;5,356972694396973;-5,620177268981934;-4,349383354187012;0,7111496925354004;0,2694212794303894;0,1958950161933899;0,011152875609695911
1989;-180,0595245361328;-230,6667022705078;3657,599853515625;3,7568817138671875;-5,042381286621094;-4,324857711791992;0,7192175984382629;0,2729509174823761;0,19822441041469574;0,01126245129853487
1990;-180,0595245361328;-230,6667022705078;3657,599853515625;4,602071285247803;-5,894778251647949;-4,431088447570801;0,7273016571998596;0,2756824493408203;0,2003111094236374;0,011485663242638111
1991;-180,0595245361328;-230,6667022705078;3657,599853515625;4,476214408874512;-5,312966346740723;-4,21646785736084;0,7275472283363342;0,2754981219768524;0,20026245713233948;0,011536644771695137
1992;-180,0595245361328;-230,6667022705078;3657,599853515625;4,226072788238525;-5,283909797668457;-4,457746982574463;0,7551289796829224;0,28649020195007324;0,2079826444387436;0,012025011703372002
1993;-180,0595245361328;-230,6667022705078;3657,599853515625;5,236795425415039;-5,766421794891357;-4,327697277069092;0,7410165071487427;0,2812715172767639;0,20410208404064178;0,011753067374229431
1994;-180,0595245361328;-230,6667022705078;3657,599853515625;4,063966751098633;-5,607178688049316;-4,404742240905762;0,7462219595909119;0,28310999274253845;0,2054634541273117;0,011884847655892372
1995;-180,0595245361328;-230,6667022705078;3657,599853515625;3,177929639816284;-5,538584232330322;-4,771417617797852;0,7353285551071167;0,2796463072299957;0,202627494931221;0,011604536324739456
1996;-180,0595245361328;-230,6667022705078;3657,599853515625;3,3308002948760986;-5,8020782470703125;-4,476185321807861;0,7385807037353516;0,2806120216846466;0,20341899991035461;0,011718085035681725
1997;-180,0595245361328;-230,6667022705078;3657,599853515625;4,594790935516357;-5,700644493103027;-4,1292572021484375;0,7414615750312805;0,2821233570575714;0,2043001800775528;0,011732767336070538
1998;-180,0595245361328;-230,6667022705078;3657,599853515625;3,6468772888183594;-5,711520195007324;-4,65205717086792;0,7524604797363281;0,2861296832561493;0,2072521150112152;0,011981144547462463
1999;-180,0595245361328;-230,6667022705078;3657,599853515625;3,6277318000793457;-5,462647914886475;-4,5402607917785645;0,7368480563163757;0,2804621458053589;0,20300263166427612;0,011657636612653732
2000;-180,0595245361328;-230,6667022705078;3657,599853515625;3,8567800521850586;-5,738246440887451;-4,5316972732543945;0,7531134486198425;0,2863989472389221;0,20738708972930908;0,012014314532279968
2001;-180,0595245361328;-230,6667022705078;3657,599853515625;4,0997233390808105;-5,590826034545898;-4,568215847015381;0,7595750689506531;0,2892753779888153;0,20926164090633392;0,012093688361346722
2002;-180,0595245361328;-230,6667022705078;3657,599853515625;4,516855239868164;-5,325782775878906;-4,480740547180176;0,749505341053009;0,28539127111434937;0,20645149052143097;0,011917962692677975
2003;-180,0595245361328;-230,6667022705078;3657,599853515625;5,340330123901367;-5,065800189971924;-4,3256354331970215;0,7578063607215881;0,2881147861480713;0,20859359204769135;0,012139684520661831
2004;-180,0595245361328;-230,6667022705078;3657,599853515625;4,5314836502075195;-5,966591835021973;-4,515355110168457;0,7582725286483765;0,28886017203330994;0,20886369049549103;0,012084808200597763
2005;-180,0595245361328;-230,6667022705078;3657,599853515625;4,71783971786499;-5,949024677276611;-4,160341739654541;0,7597432136535645;0,2886854112148285;0,2090432494878769;0,012208756059408188
2006;-180,0595245361328;-230,6667022705078;3657,599853515625;5,617511749267578;-5,9195661544799805;-4,527019500732422;0,7519739270210266;0,2861444652080536;0,207005575299263;0,01201817486435175
2007;-180,0595245361328;-230,6667022705078;3657,599853515625;4,8505425453186035;-6,243775844573975;-4,53924036026001;0,7537063956260681;0,28667569160461426;0,2074316143989563;0,012071768753230572
2008;-180,0595245361328;-230,6667022705078;3657,599853515625;5,186612606048584;-5,938974380493164;-4,370609283447266;0,7621548771858215;0,28970837593078613;0,20969198644161224;0,012259109877049923
2009;-180,0595245361328;-230,6667022705078;3657,599853515625;4,246164321899414;-6,306904315948486;-4,3095383644104;0,7695143222808838;0,2923993766307831;0,21167439222335815;0,012416087090969086
2010;-180,0595245361328;-230,6667022705078;3657,599853515625;5,143988609313965;-6,379114627838135;-4,440258026123047;0,766051709651947;0,29115599393844604;0,21073178946971893;0,012344098649919033
2011;-180,0595245361328;-230,6667022705078;3657,599853515625;4,353977680206299;-6,157419681549072;-4,32810115814209;0,7664019465446472;0,2917121648788452;0,2109413892030716;0,012300275266170502
2012;-180,0595245361328;-230,6667022705078;3657,599853515625;5,665415287017822;-6,345372200012207;-4,402956962585449;0,7564702033996582;0,2879210114479065;0,20819787681102753;0,012110759504139423
2013;-180,0595245361328;-230,6667022705078;3657,599853515625;5,476726055145264;-6,415597438812256;-4,444390773773193;0,7508988976478577;0,28592199087142944;0,2066953182220459;0,011984474025666714
2014;-180,0595245361328;-230,6667022705078;3657,599853515625;5,0243072509765625;-5,992206573486328;-4,463594436645508;0,7641860842704773;0,29073408246040344;0,21027633547782898;0,012272021733224392
2015;-180,0595245361328;-230,6667022705078;3657,599853515625;4,909468650817871;-6,630056858062744;-4,696157455444336;0,7765676975250244;0,2951299250125885;0,2135888636112213;0,012548848986625671
2016;-180,0595245361328;-230,6667022705078;3657,599853515625;4,640028953552246;-6,596279144287109;-4,529264450073242;0,7444934248924255;0,2831704318523407;0,20483586192131042;0,011894858442246914
2017;-180,0595245361328;-230,6667022705078;3657,599853515625;4,233557224273682;-6,329691410064697;-4,092904090881348;0,7554540038108826;0,2872679829597473;0,2078319638967514;0,012110543437302113
2018;-180,0595245361328;-230,6667022705078;3657,599853515625;4,629846096038818;-6,446945667266846;-4,540487766265869;0,7540770173072815;0,2865219712257385;0,2073885053396225;0,012109320610761642
2019;-180,0595245361328;-230,6667022705078;3657,599853515625;4,7088303565979;-6,832779407501221;-4,32152795791626;0,7500011324882507;0,28479042649269104;0,2062157392501831;0,012048961594700813
2020;-180,0595245361328;-230,6667022705078;3657,599853515625;4,845488548278809;-6,615368366241455;-4,4437336921691895;0,7416836023330688;0,28199324011802673;0,20404984056949615;0,011822350323200226
2021;-180,0595245361328;-230,6667022705078;3657,599853515625;3,825322151184082;-6,119803428649902;-4,439890384674072;0,7298624515533447;0,2772553265094757;0,2007300704717636;0,011622738093137741
2022;-180,0595245361328;-230,6667022705078;3657,599853515625;4,690954208374023;-6,377116680145264;-4,323446750640869;0,7429842352867126;0,28191033005714417;0,20424272119998932;0,011916994117200375
2023;-180,0595245361328;-230,6667022705078;3657,599853515625;3,9973607063293457;-6,260998249053955;-4,373997211456299;0,7364810705184937;0,2795136272907257;0,2024916708469391;0,01176681648939848
2024;-180,0595245361328;-230,6667022705078;3657,599853515625;3,11856746673584;-6,578334331512451;-4,309301376342773;0,7283371090888977;0,27640804648399353;0,20026370882987976;0,011595437303185463
2025;-180,0595245361328;-230,6667022705078;3657,599853515625;3,4204189777374268;-6,65625524520874;-3,9607536792755127;0,7230064272880554;0,2743145823478699;0,19880037009716034;0,011486112140119076
2026;-180,0595245361328;-230,6667022705078;3657,599853515625;3,938126564025879;-6,349581241607666;-4,391580104827881;0,7082855701446533;0,26847484707832336;0,19469019770622253;0,011227644979953766
2027;-180,0595245361328;-230,6667022705078;3657,599853515625;2,749227285385132;-6,443848609924316;-4,1737446784973145;0,7007760405540466;0,26574042439460754;0,19267433881759644;0,011036812327802181
2028;-180,0595245361328;-230,6667022705078;3657,599853515625;3,1461691856384277;-6,50644063949585;-4,1570353507995605;0,7105676531791687;0,2691561281681061;0,1952819973230362;0,011266558431088924
2029;-180,0595245361328;-230,6667022705078;3657,599853515625;3,063051462173462;-6,805885314941406;-4,063797950744629;0,706937313079834;0,2675606906414032;0,19422399997711182;0,011216843500733376
2030;-180,0595245361328;-230,6667022705078;3657,599853515625;3,3659327030181885;-6,598484039306641;-4,369461536407471;0,7006921172142029;0,26531121134757996;0,19258902966976166;0,011040066368877888
2031;-180,0595245361328;-230,6667022705078;3657,599853515625;3,549440622329712;-6,575610637664795;-4,079898357391357;0,6970760822296143;0,26359060406684875;0,19148321449756622;0,011022859252989292
2032;-180,0595245361328;-230,6667022705078;3657,599853515625;2,8868541717529297;-6,486002445220947;-4,0448899269104;0,6848252415657043;0,2589394152164459;0,18814803659915924;0,010754416696727276
2033;-180,0595245361328;-230,6667022705078;3657,599853515625;3,826957941055298;-6,701977252960205;-4,079401969909668;0,6653050184249878;0,2513240873813629;0,18271838128566742;0,010393243283033371
2034;-180,0595245361328;-230,6667022705078;3657,599853515625;3,779144287109375;-6,998457431793213;-3,930269956588745;0,6701850891113281;0,25299692153930664;0,18401674926280975;0,010501435957849026
2035;-180,0595245361328;-230,6667022705078;3657,599853515625;3,6327342987060547;-6,772333145141602;-3,881385087966919;0,6804185509681702;0,25661399960517883;0,18675078451633453;0,010734833776950836
2036;-180,0595245361328;-230,6667022705078;3657,599853515625;2,214886426925659;-6,822915077209473;-3,7307260036468506;0,6664336323738098;0,2512509226799011;0,18291400372982025;0,010445445775985718
2037;-180,0595245361328;-230,6667022705078;3657,599853515625;3,0274202823638916;-6,67740535736084;-4,082193374633789;0,6823663115501404;0,2572292685508728;0,18734176456928253;0,010728780180215836
2038;-180,0595245361328;-230,6667022705078;3657,599853515625;2,365065097808838;-6,8754706382751465;-3,7873451709747314;0,6431182622909546;0,24215739965438843;0,17644329369068146;0,009987974539399147
2039;-180,0595245361328;-230,6667022705078;3657,599853515625;3,532181739807129;-6,794086933135986;-4,067717552185059;0,6564425230026245;0,24712105095386505;0,18014322221279144;0,01023234985768795
2040;-180,0595245361328;-230,6667022705078;3657,599853515625;3,142881393432617;-6,764350891113281;-3,9379899501800537;0,6514483094215393;0,24508705735206604;0,1787405014038086;0,010138402692973614
2041;-180,0595245361328;-230,6667022705078;3657,599853515625;2,763967990875244;-7,0137176513671875;-3,7993075847625732;0,6407044529914856;0,24088293313980103;0,17574584484100342;0,00993315875530243
2042;-180,0595245361328;-230,6667022705078;3657,599853515625;2,898736000061035;-6,8384294509887695;-3,861961841583252;0,6255806684494019;0,23507775366306305;0,17159368097782135;0,009616157039999962
2043;-180,0595245361328;-230,6667022705078;3657,599853515625;3,020066499710083;-6,974125862121582;-4,043591022491455;0,6312392354011536;0,23709751665592194;0,17318448424339294;0,00970170833170414
2044;-180,0595245361328;-230,6667022705078;3657,599853515625;3,182526111602783;-6,945295810699463;-3,869255304336548;0,6234450936317444;0,23400293290615082;0,1709517389535904;0,009580614045262337
2045;-180,0595245361328;-230,6667022705078;3657,599853515625;3,7107014656066895;-6,857382297515869;-4,6128926277160645;0,6090986728668213;0,22849132120609283;0,1670149862766266;0,009275540709495544
2046;-180,0595245361328;-230,6667022705078;3657,599853515625;2,783968448638916;-7,0565314292907715;-3,6291067600250244;0,5902383923530579;0,22128817439079285;0,16183750331401825;0,008874009363353252
2047;-180,0595245361328;-230,6667022705078;3657,599853515625;3,4053945541381836;-7,050724983215332;-4,236675262451172;0,5814141035079956;0,21783936023712158;0,15942639112472534;0,00867424625903368
2048;-180,0595245361328;-230,6667022705078;3657,599853515625;3,4555280208587646;-6,959146499633789;-4,305713176727295;0,5687447190284729;0,21300587058067322;0,15587632358074188;0,0084232734516263
2049;-180,0595245361328;-230,6667022705078;3657,599853515625;2,910153865814209;-6,979001522064209;-4,238916873931885;0,5959076881408691;0,22304019331932068;0,1633225381374359;0,008999533951282501
2050;-180,0595245361328;-230,6667022705078;3657,599853515625;3,6864848136901855;-6,7728447914123535;-4,701145172119141;0,5583894848823547;0,20886769890785217;0,15303273499011993;0,008188365027308464
2051;-180,0595245361328;-230,6667022705078;3657,599853515625;3,3128440380096436;-6,901052474975586;-4,30810546875;0,5764130353927612;0,21544019877910614;0,15798290073871613;0,008566037751734257
2052;-180,0595245361328;-230,6667022705078;3657,599853515625;3,4003443717956543;-6,9104228019714355;-4,393126487731934;0,5636894106864929;0,21081125736236572;0,1543576419353485;0,008310596458613873
2053;-180,0595245361328;-230,6667022705078;3657,599853515625;3,2749860286712646;-6,890476703643799;-4,176292419433594;0,5450630784034729;0,2035292685031891;0,14934083819389343;0,007889417000114918
2054;-180,0595245361328;-230,6667022705078;3657,599853515625;2,868467092514038;-6,5573883056640625;-4,298765182495117;0,5356459021568298;0,19994483888149261;0,14672912657260895;0,007679126225411892
2055;-180,0595245361328;-230,6667022705078;3657,599853515625;3,6331708431243896;-6,943765640258789;-4,4993391036987305;0,5459970831871033;0,20360830426216125;0,14957822859287262;0,007902988232672215
2056;-180,0595245361328;-230,6667022705078;3657,599853515625;2,9806466102600098;-6,805008411407471;-4,499166011810303;0,5468981266021729;0,20382151007652283;0,1498127430677414;0,007920593954622746
2057;-180,0595245361328;-230,6667022705078;3657,599853515625;3,48077130317688;-6,691355228424072;-4,618449687957764;0,5332473516464233;0,19892705976963043;0,14598773419857025;0,007612909190356731
2058;-180,0595245361328;-230,6667022705078;3657,599853515625;4,01844596862793;-6,899979114532471;-4,874013423919678;0,5275084376335144;0,19655141234397888;0,14443589746952057;0,007484637666493654
2059;-180,0595245361328;-230,6667022705078;3657,599853515625;3,7400429248809814;-6,944859504699707;-4,946202278137207;0,5178111791610718;0,19251064956188202;0,1418328583240509;0,007248864974826574
2060;-180,0595245361328;-230,6667022705078;3657,599853515625;3,5694308280944824;-6,887370586395264;-4,718010902404785;0,5148934721946716;0,1913546919822693;0,14101380109786987;0,007182890083640814
2061;-180,0595245361328;-230,6667022705078;3657,599853515625;3,0247700214385986;-6,7983317375183105;-4,670057773590088;0,5069616436958313;0,188431516289711;0,13880951702594757;0,0069992863573133945
2062;-180,0595245361328;-230,6667022705078;3657,599853515625;3,2212324142456055;-6,696120262145996;-4,74578332901001;0,48559409379959106;0,18024727702140808;0,13296926021575928;0,0064837574027478695
2063;-180,0595245361328;-230,6667022705078;3657,599853515625;3,7298340797424316;-6,694897174835205;-4,935892581939697;0,49281883239746094;0,18292945623397827;0,13492311537265778;0,0066558499820530415
2064;-180,0595245361328;-230,6667022705078;3657,599853515625;3,444373369216919;-6,7750020027160645;-4,766678810119629;0,4985091984272003;0,18476687371730804;0,1364879310131073;0,0067872582003474236
2065;-180,0595245361328;-230,6667022705078;3657,599853515625;4,175070762634277;-6,836642742156982;-5,2074785232543945;0,48633599281311035;0,18008668720722198;0,13315631449222565;0,006491541396826506
2066;-180,0595245361328;-230,6667022705078;3657,599853515625;3,712101459503174;-6,742024898529053;-4,957174777984619;0,4735081195831299;0,17524529993534088;0,1296340376138687;0,006174067035317421
2067;-180,0595245361328;-230,6667022705078;3657,599853515625;3,60567045211792;-6,8499956130981445;-4,997769832611084;0,47632908821105957;0,17617464065551758;0,13039849698543549;0,0062410868704319
2068;-180,0595245361328;-230,6667022705078;3657,599853515625;2,970065116882324;-6,424663543701172;-4,747283935546875;0,4461347162723541;0,16423839330673218;0,12217976152896881;0,005440304987132549
2069;-180,0595245361328;-230,6667022705078;3657,599853515625;3,282344341278076;-6,498945713043213;-4,842630863189697;0,47042158246040344;0,173879474401474;0,1287597268819809;0,006086590699851513
2070;-180,0595245361328;-230,6667022705078;3657,599853515625;3,7992055416107178;-6,544912815093994;-5,133196830749512;0,47373685240745544;0,17486201226711273;0,12967191636562347;0,0061665852554142475
2071;-180,0595245361328;-230,6667022705078;3657,599853515625;3,7941901683807373;-6,645927429199219;-5,244175434112549;0,463961660861969;0,17117130756378174;0,1269896775484085;0,005917625967413187
2072;-180,0595245361328;-230,6667022705078;3657,599853515625;3,7348625659942627;-6,598696231842041;-5,099209785461426;0,48491090536117554;0,17920531332492828;0,13269349932670593;0,006434435956180096
2073;-180,0595245361328;-230,6667022705078;3657,599853515625;3,4026472568511963;-6,6225481033325195;-5,020873069763184;0,4769695997238159;0,17569796741008759;0,1305447667837143;0,006233845837414265
2074;-180,0595245361328;-230,6667022705078;3657,599853515625;3,806364059448242;-6,6054182052612305;-5,22230339050293;0,45350438356399536;0,16678574681282043;0,12412786483764648;0,005636656656861305
2075;-180,0595245361328;-230,6667022705078;3657,599853515625;3,969958543777466;-6,68076229095459;-5,404200077056885;0,43558022379875183;0,16018123924732208;0,11921437829732895;0,0051519195549190044
2076;-180,0595245361328;-230,6667022705078;3657,599853515625;3,83581280708313;-6,640687942504883;-5,302005767822266;0,35013821721076965;0,1272493600845337;0,09589478373527527;0,0021737513598054647
2077;-180,0595245361328;-230,6667022705078;3657,599853515625;3,4557290077209473;-6,695064067840576;-5,12764310836792;0,42946311831474304;0,15638819336891174;0,11760077625513077;0,004831045866012573
2078;-180,0595245361328;-230,6667022705078;3657,599853515625;4,235256671905518;-6,824990749359131;-5,421678066253662;0,4710061848163605;0,1731491982936859;0,12889541685581207;0,0060709151439368725
2079;-180,0595245361328;-230,6667022705078;3657,599853515625;3,2900984287261963;-6,612417221069336;-5,231287002563477;0,4562036991119385;0,16778875887393951;0,1248369887471199;0,005687796976417303
2080;-180,0595245361328;-230,6667022705078;3657,599853515625;4,13215446472168;-6,789341926574707;-5,349871635437012;0,41623654961586;0,1523604691028595;0,11392682790756226;0,004588770214468241
2081;-180,0595245361328;-230,6667022705078;3657,599853515625;4,223870754241943;-6,669283390045166;-5,475829124450684;0,45920029282569885;0,16921159625053406;0,1256415694952011;0,005734224338084459
2082;-180,0595245361328;-230,6667022705078;3657,599853515625;4,0653910636901855;-6,657888889312744;-5,430116653442383;0,4647371768951416;0,17064212262630463;0,1271788328886032;0,00590004725381732
2083;-180,0595245361328;-230,6667022705078;3657,599853515625;3,2401862144470215;-6,368142127990723;-5,333670139312744;0,4675818681716919;0,1718316674232483;0,12795259058475494;0,0059677064418792725
2084;-180,0595245361328;-230,6667022705078;3657,599853515625;3,42742657661438;-6,44661808013916;-5,507203578948975;0,47476109862327576;0,17415539920330048;0,12992967665195465;0,006142306607216597
2085;-180,0595245361328;-230,6667022705078;3657,599853515625;4,024648666381836;-6,531339168548584;-5,340012550354004;0,47111207246780396;0,1731022596359253;0,12892118096351624;0,0060496884398162365
2086;-180,0595245361328;-230,6667022705078;3657,599853515625;3,6696197986602783;-6,610743045806885;-5,583511829376221;0,49497491121292114;0,18249006569385529;0,13543540239334106;0,006621293257921934
2087;-180,0595245361328;-230,6667022705078;3657,599853515625;4,213489532470703;-6,685329914093018;-5,406717777252197;0,4925213158130646;0,18127579987049103;0,13477873802185059;0,0065681482665240765
2088;-180,0595245361328;-230,6667022705078;3657,599853515625;3,8772895336151123;-6,686925411224365;-5,502049446105957;0,4998670220375061;0,18421430885791779;0,13677752017974854;0,006735512055456638
2089;-180,0595245361328;-230,6667022705078;3657,599853515625;3,2364583015441895;-6,4792304039001465;-5,330948829650879;0,4971839487552643;0,18269161880016327;0,13607627153396606;0,006676568184047937
2090;-180,0595245361328;-230,6667022705078;3657,599853515625;3,2404253482818604;-6,346588134765625;-5,203061103820801;0,4937193691730499;0,18168824911117554;0,13512538373470306;0,006586235482245684
2091;-180,0595245361328;-230,6667022705078;3657,599853515625;3,8100507259368896;-6,720465183258057;-5,189950466156006;0,5070759057998657;0,1874794214963913;0,13875757157802582;0,006854439619928598
2092;-180,0595245361328;-230,6667022705078;3657,599853515625;2,899355173110962;-6,297248840332031;-5,499453067779541;0,49694961309432983;0,18352563679218292;0,13600105047225952;0,006616119295358658
2093;-180,0595245361328;-230,6667022705078;3657,599853515625;3,5648128986358643;-6,538620948791504;-5,377443313598633;0,5075342059135437;0,18722175061702728;0,13891388475894928;0,0068914745934307575
2094;-180,0595245361328;-230,6667022705078;3657,599853515625;3,713963508605957;-6,634769916534424;-5,204172611236572;0,5275247693061829;0,19508793950080872;0,14437544345855713;0,007335103582590818
2095;-180,0595245361328;-230,6667022705078;3657,599853515625;3,3028595447540283;-6,324805736541748;-5,133934020996094;0,5294004678726196;0,1961742341518402;0,14488530158996582;0,007335372734814882
2096;-180,0595245361328;-230,6667022705078;3657,599853515625;2,9824953079223633;-6,139118671417236;-5,142741680145264;0,5314083695411682;0,1967431753873825;0,14544832706451416;0,007399158552289009
2097;-180,0595245361328;-230,6667022705078;3657,599853515625;2,574761152267456;-6,081592559814453;-5,500330924987793;0,521767795085907;0,19303561747074127;0,14282698929309845;0,007176257204264402
2098;-180,0595245361328;-230,6667022705078;3657,599853515625;3,163240909576416;-6,221434116363525;-5,320267200469971;0,5241551995277405;0,19375751912593842;0,14349760115146637;0,007246046327054501
2099;-180,0595245361328;-230,6667022705078;3657,599853515625;2,4285597801208496;-5,95486307144165;-5,572597980499268;0,532282829284668;0,196725532412529;0,14573657512664795;0,007439636159688234
2100;-180,0595245361328;-230,6667022705078;3657,599853515625;2,3024492263793945;-5,881668567657471;-5,485397815704346;0,535902738571167;0,19829875230789185;0,1467292159795761;0,0075026871636509895
2101;-180,0595245361328;-230,6667022705078;3657,599853515625;2,51655650138855;-6,113577365875244;-5,4317145347595215;0,5515731573104858;0,2042660266160965;0,15102359652519226;0,007852043025195599
2102;-180,0595245361328;-230,6667022705078;3657,599853515625;2,780029773712158;-6,2896809577941895;-5,314529895782471;0,5390022993087769;0,19959135353565216;0,14758989214897156;0,0075557236559689045
2103;-180,0595245361328;-230,6667022705078;3657,599853515625;1,5255181789398193;-5,81159782409668;-5,483532428741455;0,5464742183685303;0,20246340334415436;0,14964456856250763;0,007718341890722513
2104;-180,0595245361328;-230,6667022705078;3657,599853515625;2,394617795944214;-5,93400764465332;-5,257864475250244;0,5378078818321228;0,19913844764232635;0,1472901701927185;0,0075240666046738625
2105;-180,0595245361328;-230,6667022705078;3657,599853515625;1,924249529838562;-6,052900791168213;-5,450943470001221;0,5557937026023865;0,2057827115058899;0,1522325724363327;0,007944739423692226
2106;-180,0595245361328;-230,6667022705078;3657,599853515625;1,8554320335388184;-5,6348876953125;-5,32072639465332;0,5627524256706238;0,20834983885288239;0,15415392816066742;0,008103271014988422
2107;-180,0595245361328;-230,6667022705078;3657,599853515625;2,275056838989258;-5,796782493591309;-5,466477394104004;0,5465776920318604;0,20274695754051208;0,14970387518405914;0,007678727153688669
2108;-180,0595245361328;-230,6667022705078;3657,599853515625;2,0832889080047607;-5,92171049118042;-5,434581756591797;0,5427223443984985;0,20086753368377686;0,1487034112215042;0,007646005135029554
2109;-180,0595245361328;-230,6667022705078;3657,599853515625;2,2565977573394775;-5,830750942230225;-5,443060398101807;0,5584869980812073;0,20661862194538116;0,1530476212501526;0,008015366271138191
2110;-180,0595245361328;-230,6667022705078;3657,599853515625;2,3240468502044678;-5,80101203918457;-5,309983730316162;0,5584024786949158;0,2069350630044937;0,15300504863262177;0,007981503382325172
2111;-180,0595245361328;-230,6667022705078;3657,599853515625;1,9012515544891357;-5,585055351257324;-5,487712860107422;0,5632508397102356;0,20865459740161896;0,15435871481895447;0,008101487532258034
2112;-180,0595245361328;-230,6667022705078;3657,599853515625;2,3372256755828857;-5,899218559265137;-5,312490463256836;0,5685539841651917;0,21061232686042786;0,15582986176013947;0,008222831413149834
2113;-180,0595245361328;-230,6667022705078;3657,599853515625;1,8192046880722046;-5,578057765960693;-5,368019104003906;0,5706512331962585;0,21141330897808075;0,15642106533050537;0,008268862962722778
2114;-180,0595245361328;-230,6667022705078;3657,599853515625;2,3860673904418945;-5,652656078338623;-5,427964687347412;0,57462078332901;0,2129698246717453;0,157514750957489;0,00835107360035181
2115;-180,0595245361328;-230,6667022705078;3657,599853515625;2,260831832885742;-5,6800947189331055;-5,328438758850098;0,5628730654716492;0,20834998786449432;0,15435881912708282;0,008111058734357357
2116;-180,0595245361328;-230,6667022705078;3657,599853515625;1,8162906169891357;-5,659424781799316;-5,255233287811279;0,5704894661903381;0,21115876734256744;0,15647518634796143;0,008281677030026913
2117;-180,0595245361328;-230,6667022705078;3657,599853515625;2,0180957317352295;-5,965427398681641;-5,369759559631348;0,5719274282455444;0,2117207795381546;0,15689072012901306;0,008312951773405075
2118;-180,0595245361328;-230,6667022705078;3657,599853515625;1,9579356908798218;-5,834692478179932;-5,52821683883667;0,561996579170227;0,20814578235149384;0,15417484939098358;0,008090326562523842
2119;-180,0595245361328;-230,6667022705078;3657,599853515625;2,8574633598327637;-6,060307025909424;-5,100128173828125;0,5798558592796326;0,21476396918296814;0,15910571813583374;0,008484555408358574
2120;-180,0595245361328;-230,6667022705078;3657,599853515625;2,3762025833129883;-5,935373306274414;-5,085228443145752;0,5909696221351624;0,21883028745651245;0,16220657527446747;0,008720315992832184
2121;-180,0595245361328;-230,6667022705078;3657,599853515625;3,047029495239258;-6,176565647125244;-4,993419647216797;0,6078393459320068;0,22535987198352814;0,16679298877716064;0,009083699434995651
2122;-180,0595245361328;-230,6667022705078;3657,599853515625;2,9585390090942383;-5,936854362487793;-4,910382270812988;0,6011419296264648;0,22256961464881897;0,16510558128356934;0,008908012881875038
2123;-180,0595245361328;-230,6667022705078;3657,599853515625;2,6517953872680664;-5,837287902832031;-5,204860687255859;0,5935713648796082;0,2199406623840332;0,1630202978849411;0,008760843425989151
2124;-180,0595245361328;-230,6667022705078;3657,599853515625;2,8256726264953613;-5,963510036468506;-4,997297763824463;0,6114581227302551;0,22701036930084229;0,16779349744319916;0,009155998937785625
2125;-180,0595245361328;-230,6667022705078;3657,599853515625;2,4907875061035156;-5,787250995635986;-5,479925155639648;0,6036462187767029;0,22390933334827423;0,16581517457962036;0,008975191041827202
2126;-180,0595245361328;-230,6667022705078;3657,599853515625;2,954777240753174;-5,836336612701416;-5,029928684234619;0,629277765750885;0,2336815446615219;0,17277291417121887;0,009531800635159016
2127;-180,0595245361328;-230,6667022705078;3657,599853515625;3,0183169841766357;-6,277594089508057;-5,106576919555664;0,5953300595283508;0,2210155874490738;0,16359099745750427;0,008792489767074585
2128;-180,0595245361328;-230,6667022705078;3657,599853515625;2,055192708969116;-5,873484134674072;-5,414299964904785;0,6178600192070007;0,2295723408460617;0,16972437500953674;0,009285271167755127
2129;-180,0595245361328;-230,6667022705078;3657,599853515625;3,7755563259124756;-5,893272399902344;-4,845592975616455;0,6183104515075684;0,2298353612422943;0,16988086700439453;0,00929084699600935
2130;-180,0595245361328;-230,6667022705078;3657,599853515625;2,7695107460021973;-5,86475944519043;-5,531714916229248;0,6337613463401794;0,23568427562713623;0,17417195439338684;0,00960103515535593
2131;-180,0595245361328;-230,6667022705078;3657,599853515625;4,230955123901367;-6,192468166351318;-4,984681606292725;0,6071956753730774;0,22592629492282867;0,16687138378620148;0,009057032875716686
2132;-180,0595245361328;-230,6667022705078;3657,599853515625;3,8722941875457764;-5,83774995803833;-4,850236415863037;0,6454480886459351;0,24028532207012177;0,17741502821445465;0,009841009974479675
2133;-180,0595245361328;-230,6667022705078;3657,599853515625;4,212143898010254;-5,995314121246338;-4,9521074295043945;0,6335134506225586;0,23598754405975342;0,17421236634254456;0,009574648924171925
2134;-180,0595245361328;-230,6667022705078;3657,599853515625;4,4180684089660645;-5,949847221374512;-4,5885820388793945;0,644855797290802;0,2403595745563507;0,1773541271686554;0,00980214774608612
2135;-180,0595245361328;-230,6667022705078;3657,599853515625;3,467489004135132;-5,997873306274414;-4,870654582977295;0,6481695771217346;0,2417331486940384;0,17826752364635468;0,009876621887087822
2136;-180,0595245361328;-230,6667022705078;3657,599853515625;2,2287235260009766;-5,8667073249816895;-5,372563362121582;0,637971043586731;0,2380726933479309;0,17547741532325745;0,009672136977314949
2137;-180,0595245361328;-230,6667022705078;3657,599853515625;4,091613292694092;-5,5947723388671875;-4,322206497192383;0,6416003704071045;0,23968766629695892;0,17660462856292725;0,009688827209174633
2138;-180,0595245361328;-230,6667022705078;3657,599853515625;3,3021862506866455;-5,473432540893555;-4,6063618659973145;0,6473115086555481;0,24189861118793488;0,1781163215637207;0,009845951572060585
2139;-180,0595245361328;-230,6667022705078;3657,599853515625;4,484706401824951;-5,8352203369140625;-4,648615837097168;0,642951488494873;0,24041251838207245;0,17692287266254425;0,009763319976627827
2140;-180,0595245361328;-230,6667022705078;3657,599853515625;3,8928842544555664;-5,9008708000183105;-4,82634973526001;0,6686818599700928;0,2501849830150604;0,18401233851909637;0,010281586088240147
2141;-180,0595245361328;-230,6667022705078;3657,599853515625;5,087645530700684;-5,744141578674316;-4,383894443511963;0,6540236473083496;0,24490779638290405;0,1800246685743332;0,00997594092041254
2142;-180,0595245361328;-230,6667022705078;3657,599853515625;3,469078540802002;-5,81080961227417;-4,447829723358154;0,6642885208129883;0,24878999590873718;0,18279224634170532;0,01021329965442419
2143;-180,0595245361328;-230,6667022705078;3657,599853515625;3,5607967376708984;-5,919374942779541;-4,549299716949463;0,6716411113739014;0,25187721848487854;0,18492433428764343;0,01031774003058672
2144;-180,0595245361328;-230,6667022705078;3657,599853515625;4,225523471832275;-5,747682571411133;-4,649276256561279;0,672520101070404;0,2523353695869446;0,1851605325937271;0,01034653652459383
2145;-180,0595245361328;-230,6667022705078;3657,599853515625;4,232806205749512;-5,554077625274658;-4,7110514640808105;0,6736236810684204;0,25305870175361633;0,18554432690143585;0,010334141552448273
2146;-180,0595245361328;-230,6667022705078;3657,599853515625;3,5212674140930176;-5,234221935272217;-4,234670162200928;0,6723815202713013;0,25258708000183105;0,18513435125350952;0,01035251934081316
2147;-180,0595245361328;-230,6667022705078;3657,599853515625;4,480638027191162;-5,4424591064453125;-4,446112155914307;0,6774540543556213;0,25457555055618286;0,18650700151920319;0,010469661094248295
2148;-180,0595245361328;-230,6667022705078;3657,599853515625;3,42815899848938;-5,257240295410156;-4,543787479400635;0,6801354885101318;0,25616171956062317;0,18743488192558289;0,010434595867991447
2149;-180,0595245361328;-230,6667022705078;3657,599853515625;4,3685221672058105;-5,631283283233643;-4,535399913787842;0,6806823015213013;0,2562887668609619;0,18748538196086884;0,010504025034606457
2150;-180,0595245361328;-230,6667022705078;3657,599853515625;4,1422648429870605;-5,441166400909424;-4,383315086364746;0,6662540435791016;0,2511306703090668;0,18356971442699432;0,010199856013059616
2151;-180,0595245361328;-230,6667022705078;3657,599853515625;3,631227493286133;-5,011136531829834;-4,581579208374023;0,6722453832626343;0,25353872776031494;0,18522372841835022;0,010322473011910915
2152;-180,0595245361328;-230,6667022705078;3657,599853515625;3,128448009490967;-5,567098140716553;-4,446053981781006;0,6720542907714844;0,2536372244358063;0,18518339097499847;0,010319273918867111
2153;-180,0595245361328;-230,6667022705078;3657,599853515625;3,5078976154327393;-5,1609272956848145;-4,6270551681518555;0,6795792579650879;0,2565622329711914;0,18723776936531067;0,010482382029294968
2154;-180,0595245361328;-230,6667022705078;3657,599853515625;2,5571529865264893;-5,320539951324463;-4,338886737823486;0,6866499185562134;0,2593754231929779;0,18918879330158234;0,010625501163303852
2155;-180,0595245361328;-230,6667022705078;3657,599853515625;3,919689416885376;-5,510011672973633;-4,4048919677734375;0,6848019957542419;0,2590644657611847;0,18876641988754272;0,010550187900662422
2156;-180,0595245361328;-230,6667022705078;3657,599853515625;5,288856029510498;-5,60589075088501;-4,210989475250244;0,7051128149032593;0,26659250259399414;0,19426771998405457;0,01100065279752016
2157;-180,0595245361328;-230,6667022705078;3657,599853515625;4,931517124176025;-5,856635570526123;-4,292418956756592;0,6866821646690369;0,26000750064849854;0,18926401436328888;0,01060528215020895
2158;-180,0595245361328;-230,6667022705078;3657,599853515625;6,1404829025268555;-5,921828746795654;-4,4649271965026855;0,6828587055206299;0,25861212611198425;0,18819032609462738;0,010548451915383339
2159;-180,0595245361328;-230,6667022705078;3657,599853515625;3,5109598636627197;-5,166228771209717;-4,385288238525391;0,6993440389633179;0,2649204730987549;0,1927124261856079;0,010884074494242668
2160;-180,0595245361328;-230,6667022705078;3657,599853515625;3,2294974327087402;-5,45225191116333;-4,546614646911621;0,7029079794883728;0,26678594946861267;0,19381600618362427;0,01089288666844368
2161;-180,0595245361328;-230,6667022705078;3657,599853515625;5,741636276245117;-5,953183174133301;-4,668000221252441;0,7109131217002869;0,26934269070625305;0,19583338499069214;0,011146781966090202
2162;-180,0595245361328;-230,6667022705078;3657,599853515625;5,789496898651123;-6,0139665603637695;-4,6154255867004395;0,7184327244758606;0,272630900144577;0,19801224768161774;0,011250632815063
2163;-180,0595245361328;-230,6667022705078;3657,599853515625;5,335722923278809;-6,068422317504883;-4,617716312408447;0,724993884563446;0,27481353282928467;0,1996791958808899;0,01144013274461031
2164;-180,0595245361328;-230,6667022705078;3657,599853515625;6,238681793212891;-5,986790657043457;-4,541802406311035;0,7263597846031189;0,27503886818885803;0,199923574924469;0,011514437384903431
2165;-180,0595245361328;-230,6667022705078;3657,599853515625;4,734080791473389;-5,263208389282227;-4,504069805145264;0,7532618045806885;0,28577920794487;0,2074677050113678;0,01198943704366684
2166;-180,0595245361328;-230,6667022705078;3657,599853515625;3,5120625495910645;-5,473947048187256;-4,483055114746094;0,7395254373550415;0,2807207703590393;0,20369601249694824;0,011722412891685963
2167;-180,0595245361328;-230,6667022705078;3657,599853515625;4,255247116088867;-5,848448753356934;-4,679230213165283;0,7449100613594055;0,2826021909713745;0,205099418759346;0,011860627681016922
2168;-180,0595245361328;-230,6667022705078;3657,599853515625;3,982450008392334;-5,727845668792725;-4,611484527587891;0,7351917028427124;0,27958858013153076;0,20258858799934387;0,011602740734815598
2169;-180,0595245361328;-230,6667022705078;3657,599853515625;3,383916139602661;-5,976767063140869;-4,603939533233643;0,7357324957847595;0,2795686721801758;0,20264269411563873;0,011658267118036747
2170;-180,0595245361328;-230,6667022705078;3657,599853515625;4,3589582443237305;-5,747198104858398;-4,309952735900879;0,7401506900787354;0,28160569071769714;0,20394907891750336;0,01171034760773182
2171;-180,0595245361328;-230,6667022705078;3657,599853515625;4,239255905151367;-5,719048976898193;-4,430113315582275;0,7501398324966431;0,28523507714271545;0,2066095471382141;0,011938110925257206
2172;-180,0595245361328;-230,6667022705078;3657,599853515625;4,930999755859375;-5,802507400512695;-4,669626712799072;0,7362521290779114;0,28023362159729004;0,2028380036354065;0,011646384373307228
2173;-180,0595245361328;-230,6667022705078;3657,599853515625;3,894693613052368;-6,096045970916748;-4,685364723205566;0,7506367564201355;0,2854998707771301;0,20671728253364563;0,011961398646235466
2174;-180,0595245361328;-230,6667022705078;3657,599853515625;4,181812763214111;-5,694576740264893;-4,7136383056640625;0,7575462460517883;0,28847888112068176;0,20869582891464233;0,012058321386575699
2175;-180,0595245361328;-230,6667022705078;3657,599853515625;4,398690700531006;-5,51024866104126;-4,7230095863342285;0,7475561499595642;0,28465035557746887;0,2059149593114853;0,011880391277372837
2176;-180,0595245361328;-230,6667022705078;3657,599853515625;5,452073097229004;-5,646945953369141;-4,607336044311523;0,756335437297821;0,28754541277885437;0,2081860452890396;0,01211239118129015
2177;-180,0595245361328;-230,6667022705078;3657,599853515625;5,163060665130615;-6,162344932556152;-4,733255863189697;0,757108211517334;0,2884357273578644;0,20854848623275757;0,012059852480888367
2178;-180,0595245361328;-230,6667022705078;3657,599853515625;5,319762706756592;-6,073490142822266;-4,242710113525391;0,7580910325050354;0,28808173537254333;0,20859535038471222;0,012174292467534542
2179;-180,0595245361328;-230,6667022705078;3657,599853515625;5,078143119812012;-5,9642534255981445;-4,674770832061768;0,7509915232658386;0,2857688367366791;0,20673471689224243;0,011999489739537239
2180;-180,0595245361328;-230,6667022705078;3657,599853515625;5,529803276062012;-6,347593307495117;-4,680256366729736;0,7508214116096497;0,2855921983718872;0,20664161443710327;0,012014458887279034
2181;-180,0595245361328;-230,6667022705078;3657,599853515625;5,461686134338379;-6,317127704620361;-4,458069801330566;0,7601169347763062;0,2889346778392792;0,20913149416446686;0,012219628319144249
2182;-180,0595245361328;-230,6667022705078;3657,599853515625;4,962082862854004;-6,753811359405518;-4,511085510253906;0,7679911255836487;0,2918250858783722;0,21125660836696625;0,012386159971356392
2183;-180,0595245361328;-230,6667022705078;3657,599853515625;5,808732032775879;-6,723790645599365;-4,633534908294678;0,7647388577461243;0,29064324498176575;0,21036680042743683;0,01232030801475048
2184;-180,0595245361328;-230,6667022705078;3657,599853515625;5,9048967361450195;-6,7890424728393555;-4,698944091796875;0,7657207250595093;0,2914242148399353;0,2107456475496292;0,012291125021874905
2185;-180,0595245361328;-230,6667022705078;3657,599853515625;5,318765640258789;-6,562195301055908;-4,657843589782715;0,7548604607582092;0,28730443120002747;0,20775340497493744;0,01208033412694931
2186;-180,0595245361328;-230,6667022705078;3657,599853515625;5,993206024169922;-6,4866943359375;-4,5736589431762695;0,7491351366043091;0,28525346517562866;0,2062106728553772;0,011950123123824596
2187;-180,0595245361328;-230,6667022705078;3657,599853515625;7,406619548797607;-6,7241291999816895;-4,703087329864502;0,7632455825805664;0,29034966230392456;0,21001024544239044;0,012257645837962627
2188;-180,0595245361328;-230,6667022705078;3657,599853515625;6,5259599685668945;-7,10435676574707;-4,854304313659668;0,7748773097991943;0,29447507858276367;0,21312008798122406;0,01251791138201952
2189;-180,0595245361328;-230,6667022705078;3657,599853515625;4,921377182006836;-6,710916042327881;-4,68666934967041;0,7422928810119629;0,2823639512062073;0,20423957705497742;0,011847902089357376
2190;-180,0595245361328;-230,6667022705078;3657,599853515625;3,6889514923095703;-6,362226963043213;-4,382699012756348;0,7528830170631409;0,28629595041275024;0,20715564489364624;0,01206002477556467
2191;-180,0595245361328;-230,6667022705078;3657,599853515625;4,908290863037109;-6,758306503295898;-4,751895427703857;0,7521510720252991;0,2857995331287384;0,20686180889606476;0,012070821598172188
2192;-180,0595245361328;-230,6667022705078;3657,599853515625;3,740769624710083;-6,509339809417725;-4,449789047241211;0,7487021088600159;0,2842991352081299;0,2058592289686203;0,012023537419736385
2193;-180,0595245361328;-230,6667022705078;3657,599853515625;4,272749423980713;-6,641481399536133;-4,629184722900391;0,7402534484863281;0,28147590160369873;0,20366087555885315;0,011790163815021515
2194;-180,0595245361328;-230,6667022705078;3657,599853515625;4,455141067504883;-6,473463535308838;-4,752423286437988;0,7277423143386841;0,27645137906074524;0,20014739036560059;0,011581342667341232
2195;-180,0595245361328;-230,6667022705078;3657,599853515625;3,757795810699463;-6,354245662689209;-4,700138568878174;0,74176424741745;0,28145620226860046;0,20390984416007996;0,01189191173762083
2196;-180,0595245361328;-230,6667022705078;3657,599853515625;3,5246541500091553;-6,447146415710449;-4,607141494750977;0,7351285219192505;0,2790018618106842;0,2021203637123108;0,011740392073988914
2197;-180,0595245361328;-230,6667022705078;3657,599853515625;3,266871452331543;-6,904298305511475;-4,567594528198242;0,7278135418891907;0,2762047350406647;0,200107142329216;0,011586290784180164
2198;-180,0595245361328;-230,6667022705078;3657,599853515625;4,150406837463379;-6,875516414642334;-4,345115661621094;0,7207594513893127;0,2734733819961548;0,1981782615184784;0,011440503410995007
2199;-180,0595245361328;-230,6667022705078;3657,599853515625;3,894362211227417;-6,585592269897461;-4,626595973968506;0,7075942158699036;0,26822420954704285;0,19448861479759216;0,011212282814085484
2200;-180,0595245361328;-230,6667022705078;3657,599853515625;2,97501540184021;-6,6665849685668945;-4,115504264831543;0,6995629072189331;0,2652706205844879;0,19233271479606628;0,011015331372618675
2201;-180,0595245361328;-230,6667022705078;3657,599853515625;3,131498098373413;-6,886831283569336;-4,321645736694336;0,7086771726608276;0,2684567868709564;0,1947687864303589;0,011226159520447254
2202;-180,0595245361328;-230,6667022705078;3657,599853515625;2,665814161300659;-6,932255268096924;-4,302157878875732;0,7067245244979858;0,2674703896045685;0,1941642016172409;0,011214667931199074
2203;-180,0595245361328;-230,6667022705078;3657,599853515625;3,744342565536499;-6,846625804901123;-4,4831976890563965;0,7011560201644897;0,2654717266559601;0,19271019101142883;0,011053104884922504
2204;-180,0595245361328;-230,6667022705078;3657,599853515625;3,373863697052002;-6,74098539352417;-4,287935256958008;0,6972677111625671;0,26364412903785706;0,19152745604515076;0,011030865833163261
2205;-180,0595245361328;-230,6667022705078;3657,599853515625;3,4501373767852783;-6,828681468963623;-4,1705708503723145;0,68403559923172;0,25863713026046753;0,18792937695980072;0,01074004452675581
2206;-180,0595245361328;-230,6667022705078;3657,599853515625;3,81683611869812;-6,850858688354492;-4,383156776428223;0,6646380424499512;0,25107184052467346;0,18253493309020996;0,010380018502473831
2207;-180,0595245361328;-230,6667022705078;3657,599853515625;3,0769424438476562;-7,077887535095215;-4,18872594833374;0,6692996025085449;0,25265830755233765;0,18377326428890228;0,010485142469406128
2208;-180,0595245361328;-230,6667022705078;3657,599853515625;3,0927910804748535;-7,040422439575195;-4,078083515167236;0,6801565289497375;0,2565162181854248;0,18667928874492645;0,010729504749178886
2209;-180,0595245361328;-230,6667022705078;3657,599853515625;3,020444393157959;-7,177877902984619;-3,920156478881836;0,6666292548179626;0,25131455063819885;0,18296322226524353;0,010452145710587502
2210;-180,0595245361328;-230,6667022705078;3657,599853515625;3,5172042846679688;-6,930114269256592;-4,14221715927124;0,6823796033859253;0,2572373151779175;0,1873420923948288;0,010728270746767521
2211;-180,0595245361328;-230,6667022705078;3657,599853515625;2,2819056510925293;-7,069069862365723;-3,9323441982269287;0,6424680352210999;0,2419179230928421;0,1762714982032776;0,009973406791687012
2212;-180,0595245361328;-230,6667022705078;3657,599853515625;3,1733710765838623;-6,922314167022705;-4,312922477722168;0,6558182239532471;0,24688111245632172;0,17996785044670105;0,010221882723271847
2213;-180,0595245361328;-230,6667022705078;3657,599853515625;2,8672122955322266;-6,956211566925049;-4,085504531860352;0,6505029797554016;0,24473543465137482;0,17848457396030426;0,010117522440850735
2214;-180,0595245361328;-230,6667022705078;3657,599853515625;2,9950408935546875;-7,198498249053955;-3,8685128688812256;0,6398363709449768;0,2405579537153244;0,1755090355873108;0,009914831258356571
2215;-180,0595245361328;-230,6667022705078;3657,599853515625;3,306652545928955;-7,068748474121094;-4,0444016456604;0,6240354180335999;0,23450146615505219;0,17117583751678467;0,009581493213772774
2216;-180,0595245361328;-230,6667022705078;3657,599853515625;2,957827091217041;-7,143306255340576;-4,106301784515381;0,6303901076316833;0,23677976429462433;0,17295312881469727;0,009683468379080296
2217;-180,0595245361328;-230,6667022705078;3657,599853515625;3,2018346786499023;-7,099983215332031;-4,058931350708008;0,623316764831543;0,23395611345767975;0,1709202229976654;0,009576444514095783
2218;-180,0595245361328;-230,6667022705078;3657,599853515625;3,685882091522217;-7,055922985076904;-4,750423908233643;0,6104162931442261;0,2289857268333435;0,16736997663974762;0,00930575467646122
2219;-180,0595245361328;-230,6667022705078;3657,599853515625;2,954904794692993;-7,173168659210205;-3,765960693359375;0,5937597751617432;0,22260957956314087;0,16279853880405426;0,008950348943471909
2220;-180,0595245361328;-230,6667022705078;3657,599853515625;3,4994781017303467;-7,164384841918945;-4,448369026184082;0,5838814377784729;0,218763530254364;0,1601043939590454;0,00872589461505413
2221;-180,0595245361328;-230,6667022705078;3657,599853515625;3,8006210327148438;-7,187144756317139;-4,461584568023682;0,5698291659355164;0,21340514719486237;0,15618279576301575;0,008444523438811302
2222;-180,0595245361328;-230,6667022705078;3657,599853515625;3,275887966156006;-7,288663387298584;-4,3781962394714355;0,5989468097686768;0,22417929768562317;0,16415393352508545;0,00906433630734682
2223;-180,0595245361328;-230,6667022705078;3657,599853515625;3,446727752685547;-6,975584506988525;-4,910251140594482;0,5603725910186768;0,209608256816864;0,15357732772827148;0,008231423795223236
2224;-180,0595245361328;-230,6667022705078;3657,599853515625;3,7289235591888428;-7,201451778411865;-4,4402689933776855;0,5746835470199585;0,2147960513830185;0,15750783681869507;0,008529669605195522
2225;-180,0595245361328;-230,6667022705078;3657,599853515625;3,3962442874908447;-7,059708595275879;-4,590942859649658;0,5586035251617432;0,20890308916568756;0,15296776592731476;0,008197179064154625
2226;-180,0595245361328;-230,6667022705078;3657,599853515625;3,3231234550476074;-7,104048252105713;-4,37399959564209;0,5459791421890259;0,20387208461761475;0,14958925545215607;0,007909880019724369
2227;-180,0595245361328;-230,6667022705078;3657,599853515625;3,055711030960083;-6,745936870574951;-4,467952251434326;0,5357267260551453;0,19997254014015198;0,1467522233724594;0,007680865935981274
2228;-180,0595245361328;-230,6667022705078;3657,599853515625;3,6378579139709473;-7,156718730926514;-4,66964864730835;0,5473450422286987;0,20412577688694;0,1499432474374771;0,007934406399726868
2229;-180,0595245361328;-230,6667022705078;3657,599853515625;2,99739146232605;-6,903053283691406;-4,642574310302734;0,5439870953559875;0,20271380245685577;0,1490231156349182;0,007853618822991848
2230;-180,0595245361328;-230,6667022705078;3657,599853515625;3,432814359664917;-6,887648105621338;-4,719718933105469;0,5329182147979736;0,1988121122121811;0,14589594304561615;0,007604682818055153
2231;-180,0595245361328;-230,6667022705078;3657,599853515625;4,045413494110107;-7,128039836883545;-5,034794807434082;0,5273173451423645;0,19648434221744537;0,14438177645206451;0,007480124477297068
2232;-180,0595245361328;-230,6667022705078;3657,599853515625;3,900228500366211;-7,191725254058838;-5,104877471923828;0,5166776776313782;0,19208118319511414;0,1415252536535263;0,0072222547605633736
2233;-180,0595245361328;-230,6667022705078;3657,599853515625;3,5974810123443604;-7,099518775939941;-4,840095520019531;0,5150766372680664;0,1914159655570984;0,14106470346450806;0,007186675909906626
2234;-180,0595245361328;-230,6667022705078;3657,599853515625;3,1865530014038086;-7,050872325897217;-4,7996954917907715;0,5075240731239319;0,18865306675434113;0,13896167278289795;0,007012546062469482
2235;-180,0595245361328;-230,6667022705078;3657,599853515625;3,4877421855926514;-6,983483791351318;-4,970994472503662;0,48632562160491943;0,18051192164421082;0,13317027688026428;0,006501615047454834
2236;-180,0595245361328;-230,6667022705078;3657,599853515625;4,038178443908691;-6,997913837432861;-5,160344123840332;0,49247241020202637;0,18279267847537994;0,1348295956850052;0,006647576577961445
2237;-180,0595245361328;-230,6667022705078;3657,599853515625;3,5069777965545654;-6,986645698547363;-4,914990425109863;0,49783971905708313;0,18452322483062744;0,13630574941635132;0,006771615240722895
2238;-180,0595245361328;-230,6667022705078;3657,599853515625;4,312502861022949;-7,0538105964660645;-5,354070663452148;0,48635488748550415;0,1801033616065979;0,13316106796264648;0,006492280401289463
2239;-180,0595245361328;-230,6667022705078;3657,599853515625;3,8162856101989746;-6,959503650665283;-5,106525421142578;0,4733216464519501;0,17517361044883728;0,12958329916000366;0,006169417407363653
2240;-180,0595245361328;-230,6667022705078;3657,599853515625;3,8075037002563477;-7,124607086181641;-5,140709400177002;0,4764368534088135;0,17622295022010803;0,13042685389518738;0,006243833806365728
2241;-180,0595245361328;-230,6667022705078;3657,599853515625;3,100658655166626;-6,644342422485352;-4,934988021850586;0,4462651312351227;0,16429968178272247;0,12221802026033401;0,005445125047117472
2242;-180,0595245361328;-230,6667022705078;3657,599853515625;3,422717332839966;-6,709360599517822;-4,992619514465332;0,4699975252151489;0,1737307757139206;0,12864409387111664;0,006075664889067411
2243;-180,0595245361328;-230,6667022705078;3657,599853515625;3,9754979610443115;-6,781746864318848;-5,2829084396362305;0,4738526940345764;0,17492564022541046;0,1297021359205246;0,006169793661683798
2244;-180,0595245361328;-230,6667022705078;3657,599853515625;3,874722719192505;-6,866617679595947;-5,430010795593262;0,4649406373500824;0,1715248078107834;0,1272588074207306;0,005942607764154673
2245;-180,0595245361328;-230,6667022705078;3657,599853515625;3,823420524597168;-6,793722152709961;-5,239392280578613;0,48401394486427307;0,17886048555374146;0,1324532926082611;0,0064125871285796165
2246;-180,0595245361328;-230,6667022705078;3657,599853515625;3,5246448516845703;-6,885554790496826;-5,190479755401611;0,47606584429740906;0,17531518638134003;0,13030029833316803;0,006209764629602432
2247;-180,0595245361328;-230,6667022705078;3657,599853515625;3,9424965381622314;-6,8187408447265625;-5,412299156188965;0,45314478874206543;0,16661202907562256;0,12403227388858795;0,00562624866142869
2248;-180,0595245361328;-230,6667022705078;3657,599853515625;4,123513698577881;-6,911283016204834;-5,569706916809082;0,435550719499588;0,16022904217243195;0,11920377612113953;0,005148261785507202
2249;-180,0595245361328;-230,6667022705078;3657,599853515625;3,9547202587127686;-6,850000381469727;-5,461811065673828;0,35358932614326477;0,12859587371349335;0,09683605283498764;0,002346800174564123
2250;-180,0595245361328;-230,6667022705078;3657,599853515625;3,5684688091278076;-6,920949935913086;-5,2705464363098145;0,43093159794807434;0,15691962838172913;0,11799919605255127;0,004866274073719978
2251;-180,0595245361328;-230,6667022705078;3657,599853515625;4,37874698638916;-7,055596351623535;-5,572307586669922;0,4707716107368469;0,17306309938430786;0,12883073091506958;0,006065089255571365
2252;-180,0595245361328;-230,6667022705078;3657,599853515625;3,4472575187683105;-6,846551418304443;-5,368808269500732;0,45641931891441345;0,16788478195667267;0,12489594519138336;0,005692929960787296
2253;-180,0595245361328;-230,6667022705078;3657,599853515625;4,303810119628906;-7,034087181091309;-5,5286545753479;0,41631564497947693;0,15236927568912506;0,1139492616057396;0,0045916554518043995
2254;-180,0595245361328;-230,6667022705078;3657,599853515625;4,381524562835693;-6,900913238525391;-5,631062984466553;0,45825958251953125;0,16883793473243713;0,12538498640060425;0,005711096804589033
2255;-180,0595245361328;-230,6667022705078;3657,599853515625;4,221093654632568;-6,882714748382568;-5,59178352355957;0,4648486077785492;0,17068123817443848;0,1272100955247879;0,00590287521481514
2256;-180,0595245361328;-230,6667022705078;3657,599853515625;3,4004364013671875;-6,608404636383057;-5,4994587898254395;0,4662513732910156;0,1713336557149887;0,12758900225162506;0,005933823995292187
2257;-180,0595245361328;-230,6667022705078;3657,599853515625;3,6008434295654297;-6,696455478668213;-5,651673316955566;0,4751500189304352;0,17431557178497314;0,13003535568714142;0,0061523509211838245
2258;-180,0595245361328;-230,6667022705078;3657,599853515625;4,204464435577393;-6,784944534301758;-5,5175275802612305;0,4707385301589966;0,17293696105480194;0,12882401049137115;0,006040678825229406
2259;-180,0595245361328;-230,6667022705078;3657,599853515625;3,7628591060638428;-6,814432621002197;-5,759673118591309;0,4944084882736206;0,18228082358837128;0,13528044521808624;0,006607300601899624
2260;-180,0595245361328;-230,6667022705078;3657,599853515625;4,365182876586914;-6,904372215270996;-5,592410087585449;0,49206849932670593;0,18110248446464539;0,13465529680252075;0,006557234562933445
2261;-180,0595245361328;-230,6667022705078;3657,599853515625;4,055150032043457;-6,9057698249816895;-5,667412757873535;0,4999822676181793;0,18423201143741608;0,13681839406490326;0,006739340722560883
2262;-180,0595245361328;-230,6667022705078;3657,599853515625;3,3759398460388184;-6,711454391479492;-5,515797138214111;0,49705561995506287;0,1826617568731308;0,13604067265987396;0,006673596333712339
2263;-180,0595245361328;-230,6667022705078;3657,599853515625;3,3830411434173584;-6,568127632141113;-5,385600566864014;0,4930254817008972;0,18143051862716675;0,13493560254573822;0,0065693119540810585
2264;-180,0595245361328;-230,6667022705078;3657,599853515625;3,9383156299591064;-6,9192094802856445;-5,353491306304932;0,505877673625946;0,18703387677669525;0,138429194688797;0,006824742071330547
2265;-180,0595245361328;-230,6667022705078;3657,599853515625;3,0681188106536865;-6,517637729644775;-5,654973983764648;0,49764418601989746;0,18377137184143066;0,13619151711463928;0,006634787190705538
2266;-180,0595245361328;-230,6667022705078;3657,599853515625;3,6662025451660156;-6,731781005859375;-5,520756721496582;0,5066885352134705;0,18688972294330597;0,1386832594871521;0,006872109137475491
2267;-180,0595245361328;-230,6667022705078;3657,599853515625;3,811976432800293;-6,847426414489746;-5,384746551513672;0,5269693732261658;0,19486679136753082;0,14422395825386047;0,007323124911636114
2268;-180,0595245361328;-230,6667022705078;3657,599853515625;3,4052963256835938;-6,531766414642334;-5,313921928405762;0,5289802551269531;0,19604220986366272;0,1447659581899643;0,0073221949860453606
2269;-180,0595245361328;-230,6667022705078;3657,599853515625;3,185696601867676;-6,340193271636963;-5,325689792633057;0,5313546657562256;0,19672779738903046;0,1454334408044815;0,007397407200187445
2270;-180,0595245361328;-230,6667022705078;3657,599853515625;2,775209903717041;-6,341182708740234;-5,660961627960205;0,5212421417236328;0,19284440577030182;0,14268429577350616;0,007163086906075478
2271;-180,0595245361328;-230,6667022705078;3657,599853515625;3,2812750339508057;-6,44901704788208;-5,501959323883057;0,5245171189308167;0,1938978135585785;0,1435963362455368;0,00725417910143733
2272;-180,0595245361328;-230,6667022705078;3657,599853515625;2,4613139629364014;-6,151226043701172;-5,781876564025879;0,5325367450714111;0,19682735204696655;0,1458108127117157;0,007445051800459623
2273;-180,0595245361328;-230,6667022705078;3657,599853515625;2,624305248260498;-6,159432888031006;-5,615049839019775;0,5369136333465576;0,19871048629283905;0,14700452983379364;0,007523053325712681
2274;-180,0595245361328;-230,6667022705078;3657,599853515625;2,7274701595306396;-6,393686294555664;-5,614372730255127;0,5508735179901123;0,20398057997226715;0,1508307307958603;0,007838238961994648
2275;-180,0595245361328;-230,6667022705078;3657,599853515625;2,9210503101348877;-6,537788391113281;-5,4853291511535645;0,5391570329666138;0,19964726269245148;0,1476345956325531;0,007559563964605331
2276;-180,0595245361328;-230,6667022705078;3657,599853515625;1,858042597770691;-6,093381404876709;-5,602221488952637;0,5471571683883667;0,2027275413274765;0,14983074367046356;0,007733146660029888
2277;-180,0595245361328;-230,6667022705078;3657,599853515625;2,5493924617767334;-6,1644721031188965;-5,420197010040283;0,5376030802726746;0,19904260337352753;0,147236630320549;0,007521492894738913
2278;-180,0595245361328;-230,6667022705078;3657,599853515625;2,1685562133789062;-6,32503604888916;-5,604617118835449;0,5556642413139343;0,20572632551193237;0,15219765901565552;0,007942570373415947
2279;-180,0595245361328;-230,6667022705078;3657,599853515625;2,2118921279907227;-5,942301273345947;-5,506539821624756;0,5621129274368286;0,20809532701969147;0,15398044884204865;0,008090157993137836
2280;-180,0595245361328;-230,6667022705078;3657,599853515625;2,446463108062744;-6,107672691345215;-5,68676233291626;0,5452204942703247;0,20222102105617523;0,1493370532989502;0,007649931591004133
2281;-180,0595245361328;-230,6667022705078;3657,599853515625;2,0299317836761475;-6,174466133117676;-5,700425148010254;0,5425047874450684;0,20077000558376312;0,14864502847194672;0,0076426174491643906
2282;-180,0595245361328;-230,6667022705078;3657,599853515625;2,4817349910736084;-6,110528945922852;-5,655027866363525;0,5575262308120728;0,2062520980834961;0,15278534591197968;0,007994325831532478
2283;-180,0595245361328;-230,6667022705078;3657,599853515625;2,3117849826812744;-6,08117151260376;-5,56222677230835;0,5576116442680359;0,2066432535648346;0,1527881771326065;0,007963106036186218
2284;-180,0595245361328;-230,6667022705078;3657,599853515625;2,2433667182922363;-5,945483207702637;-5,671874046325684;0,564075767993927;0,20896613597869873;0,15458407998085022;0,00811956450343132
2285;-180,0595245361328;-230,6667022705078;3657,599853515625;2,080073356628418;-6,017304420471191;-5,549234867095947;0,5686675906181335;0,21066486835479736;0,15586060285568237;0,008224443532526493
2286;-180,0595245361328;-230,6667022705078;3657,599853515625;2,049938917160034;-5,972209453582764;-5,668745040893555;0,5709550380706787;0,21152105927467346;0,15650884807109833;0,008276114240288734
2287;-180,0595245361328;-230,6667022705078;3657,599853515625;2,6415672302246094;-6,11533260345459;-5,634345054626465;0,574386477470398;0,21288521587848663;0,1574510782957077;0,008345558308064938
2288;-180,0595245361328;-230,6667022705078;3657,599853515625;2,422430992126465;-5,915900230407715;-5,526025295257568;0,5634481310844421;0,20855247974395752;0,154518261551857;0,008124463260173798
2289;-180,0595245361328;-230,6667022705078;3657,599853515625;2,183055877685547;-5,968258857727051;-5,500975131988525;0,5705252289772034;0,21116672456264496;0,1564861387014389;0,008282625116407871
2290;-180,0595245361328;-230,6667022705078;3657,599853515625;2,2720630168914795;-6,321165561676025;-5,659788608551025;0,5716748833656311;0,21162553131580353;0,15682218968868256;0,0083074439316988
2291;-180,0595245361328;-230,6667022705078;3657,599853515625;2,427302837371826;-6,13026762008667;-5,720352649688721;0,5614842772483826;0,20795436203479767;0,1540347784757614;0,008078978396952152
2292;-180,0595245361328;-230,6667022705078;3657,599853515625;2,911637783050537;-6,36076545715332;-5,334449768066406;0,5785765051841736;0,21428541839122772;0,1587550938129425;0,008456764742732048
2293;-180,0595245361328;-230,6667022705078;3657,599853515625;2,7899701595306396;-6,427326679229736;-5,40418815612793;0,5897380709648132;0,21838884055614471;0,16186381876468658;0,008694768883287907
2294;-180,0595245361328;-230,6667022705078;3657,599853515625;2,921900510787964;-6,332663059234619;-5,366250038146973;0,6078934669494629;0,22538131475448608;0,16680718958377838;0,009084845893085003
2295;-180,0595245361328;-230,6667022705078;3657,599853515625;2,976282835006714;-6,220370769500732;-5,131073951721191;0,6012062430381775;0,2225995808839798;0,16512127220630646;0,008910550735890865
2296;-180,0595245361328;-230,6667022705078;3657,599853515625;2,736339807510376;-6,205199241638184;-5,402675628662109;0,592431366443634;0,21951361000537872;0,16270944476127625;0,008736178278923035
2297;-180,0595245361328;-230,6667022705078;3657,599853515625;2,5194945335388184;-6,213345527648926;-5,301962375640869;0,6125415563583374;0,22740693390369415;0,16809478402137756;0,009179452434182167
2298;-180,0595245361328;-230,6667022705078;3657,599853515625;2,762023448944092;-6,226967811584473;-5,691779613494873;0,6039798855781555;0,22402983903884888;0,16590873897075653;0,008981550112366676
2299;-180,0595245361328;-230,6667022705078;3657,599853515625;3,108797073364258;-6,167191028594971;-5,342750072479248;0,6290808916091919;0,2336028665304184;0,17272239923477173;0,009527296759188175
2300;-180,0595245361328;-230,6667022705078;3657,599853515625;3,402632474899292;-6,547341346740723;-5,346329689025879;0,5949856638908386;0,2208908647298813;0,1634933054447174;0,00878637470304966
2301;-180,0595245361328;-230,6667022705078;3657,599853515625;2,1789700984954834;-6,086681365966797;-5,600448131561279;0,6173134446144104;0,22936807572841644;0,1695752590894699;0,009273657575249672
2302;-180,0595245361328;-230,6667022705078;3657,599853515625;3,745164632797241;-6,191929817199707;-5,051159858703613;0,6187491416931152;0,22999852895736694;0,17000088095664978;0,009300085715949535
2303;-180,0595245361328;-230,6667022705078;3657,599853515625;3,0545763969421387;-6,007918834686279;-5,573867321014404;0,63386470079422;0,23572109639644623;0,17420347034931183;0,009601984173059464
2304;-180,0595245361328;-230,6667022705078;3657,599853515625;3,9584500789642334;-6,171019077301025;-5,027283191680908;0,6080212593078613;0,2262318730354309;0,16710706055164337;0,009072015061974525
2305;-180,0595245361328;-230,6667022705078;3657,599853515625;4,594432353973389;-6,12677526473999;-4,986342430114746;0,6458205580711365;0,240424245595932;0,17752479016780853;0,009845885448157787
2306;-180,0595245361328;-230,6667022705078;3657,599853515625;4,035306930541992;-6,130120754241943;-5,309737682342529;0,6352688074111938;0,23664090037345886;0,17469458281993866;0,009610465727746487
2307;-180,0595245361328;-230,6667022705078;3657,599853515625;4,189264297485352;-6,099026679992676;-4,8569488525390625;0,6471410393714905;0,24121172726154327;0,17798402905464172;0,009847477078437805
2308;-180,0595245361328;-230,6667022705078;3657,599853515625;3,1419575214385986;-6,0670881271362305;-5,128636360168457;0,6486900448799133;0,24193313717842102;0,17841985821723938;0,009882977232336998
2309;-180,0595245361328;-230,6667022705078;3657,599853515625;3,3179256916046143;-6,103008270263672;-5,270580768585205;0,6372782588005066;0,23781315982341766;0,17528606951236725;0,009658352471888065
2310;-180,0595245361328;-230,6667022705078;3657,599853515625;3,2946486473083496;-5,859889030456543;-4,55364990234375;0,639514148235321;0,2389095574617386;0,17603182792663574;0,00964629277586937
2311;-180,0595245361328;-230,6667022705078;3657,599853515625;3,25937557220459;-5,974238395690918;-4,970244884490967;0,6470867395401001;0,2418106496334076;0,1780516505241394;0,00984282698482275
2312;-180,0595245361328;-230,6667022705078;3657,599853515625;3,8117964267730713;-6,041586399078369;-4,946226596832275;0,6399074196815491;0,23928090929985046;0,17609037458896637;0,009699723683297634
2313;-180,0595245361328;-230,6667022705078;3657,599853515625;4,3385138511657715;-6,0550055503845215;-4,974033832550049;0,6675196290016174;0,24974660575389862;0,18369047343730927;0,010259435512125492
2314;-180,0595245361328;-230,6667022705078;3657,599853515625;5,037437438964844;-6,010205268859863;-4,603666305541992;0,6529437899589539;0,24451054632663727;0,17973104119300842;0,009952310472726822
2315;-180,0595245361328;-230,6667022705078;3657,599853515625;3,578932523727417;-6,113524913787842;-4,789987564086914;0,6644293069839478;0,248843252658844;0,18282940983772278;0,010215651243925095
2316;-180,0595245361328;-230,6667022705078;3657,599853515625;3,4587693214416504;-5,9966278076171875;-4,804031848907471;0,6669474840164185;0,2501071095466614;0,18362638354301453;0,010227980092167854
2317;-180,0595245361328;-230,6667022705078;3657,599853515625;4,7017693519592285;-5,853635311126709;-4,707042217254639;0,6713476181030273;0,2518986761569977;0,18483825027942657;0,01032274030148983
2318;-180,0595245361328;-230,6667022705078;3657,599853515625;4,067267894744873;-5,91745662689209;-4,7396979331970215;0,6733255982398987;0,25295379757881165;0,18546611070632935;0,010326354764401913
2319;-180,0595245361328;-230,6667022705078;3657,599853515625;3,9754714965820312;-5,5303778648376465;-4,478165626525879;0,6720143556594849;0,2524566650390625;0,1850367784500122;0,010343644767999649
2320;-180,0595245361328;-230,6667022705078;3657,599853515625;3,3554632663726807;-5,7345099449157715;-4,868215084075928;0,6778441667556763;0,2547345459461212;0,18662138283252716;0,010475111193954945
2321;-180,0595245361328;-230,6667022705078;3657,599853515625;3,9728751182556152;-5,416706562042236;-4,652072429656982;0,6803551912307739;0,25624507665634155;0,1874919831752777;0,010438483208417892
2322;-180,0595245361328;-230,6667022705078;3657,599853515625;4,381178379058838;-5,905821323394775;-4,8155517578125;0,6799349188804626;0,2560122013092041;0,1872907131910324;0,010488434694707394
2323;-180,0595245361328;-230,6667022705078;3657,599853515625;4,197000503540039;-5,734100818634033;-4,6241679191589355;0,6657564640045166;0,25092974305152893;0,18342749774456024;0,010192670859396458
2324;-180,0595245361328;-230,6667022705078;3657,599853515625;3,0465762615203857;-5,460792064666748;-4,86143159866333;0,6722961068153381;0,25355663895606995;0,18523795902729034;0,010323616676032543
2325;-180,0595245361328;-230,6667022705078;3657,599853515625;3,623647928237915;-5,650284290313721;-4,59434175491333;0,6713109612464905;0,25334957242012024;0,18497565388679504;0,010305942967534065
2326;-180,0595245361328;-230,6667022705078;3657,599853515625;4,049088478088379;-5,440384387969971;-4,862162113189697;0,6803522109985352;0,25687655806541443;0,187458798289299;0,01049349457025528
2327;-180,0595245361328;-230,6667022705078;3657,599853515625;3,004060745239258;-5,605529308319092;-4,787899017333984;0,6857582926750183;0,25902602076530457;0,1889382153749466;0,010610111989080906
2328;-180,0595245361328;-230,6667022705078;3657,599853515625;6,58466100692749;-6,346065521240234;-4,43210506439209;0,6839551329612732;0,2587156295776367;0,18852238357067108;0,010538989678025246
2329;-180,0595245361328;-230,6667022705078;3657,599853515625;5,4036736488342285;-6,051356792449951;-4,514078140258789;0,7041484713554382;0,2662307620048523;0,19400030374526978;0,010981420986354351
2330;-180,0595245361328;-230,6667022705078;3657,599853515625;5,996800899505615;-6,319344997406006;-4,481197834014893;0,6858885288238525;0,25972357392311096;0,18905749917030334;0,010586886666715145
2331;-180,0595245361328;-230,6667022705078;3657,599853515625;5,830387115478516;-6,094359397888184;-4,699891090393066;0,682118833065033;0,2583131492137909;0,18797698616981506;0,01053693424910307
2332;-180,0595245361328;-230,6667022705078;3657,599853515625;4,2880330085754395;-5,651713848114014;-4,617793083190918;0,6994766592979431;0,2649552822113037;0,1927446722984314;0,010888705961406231
2333;-180,0595245361328;-230,6667022705078;3657,599853515625;5,865039348602295;-6,414456844329834;-4,824944019317627;0,7014291882514954;0,2662123143672943;0,19340476393699646;0,010866563767194748
2334;-180,0595245361328;-230,6667022705078;3657,599853515625;3,7925453186035156;-5,788467884063721;-4,866747856140137;0,7107052803039551;0,26925429701805115;0,19577297568321228;0,011143993586301804
2335;-180,0595245361328;-230,6667022705078;3657,599853515625;5,972530364990234;-6,433281421661377;-5,005333423614502;0,7180343866348267;0,2725018858909607;0,19789914786815643;0,011239323765039444
2336;-180,0595245361328;-230,6667022705078;3657,599853515625;5,939878940582275;-6,423938274383545;-5,044063568115234;0,723579466342926;0,2742840349674225;0,19929176568984985;0,01141185499727726
2337;-180,0595245361328;-230,6667022705078;3657,599853515625;6,686375617980957;-6,249392986297607;-4,673079967498779;0,7263029217720032;0,2750246822834015;0,1999194175004959;0,011512516066432
2338;-180,0595245361328;-230,6667022705078;3657,599853515625;6,218843460083008;-5,970904350280762;-4,881349086761475;0,7531324028968811;0,2857268452644348;0,20743116736412048;0,01198720932006836
2339;-180,0595245361328;-230,6667022705078;3657,599853515625;5,811784744262695;-6,136782646179199;-4,661303997039795;0,7390903234481812;0,2805863618850708;0,2035852074623108;0,011710040271282196
2340;-180,0595245361328;-230,6667022705078;3657,599853515625;3,105578660964966;-5,842182159423828;-4,866847991943359;0,7438288331031799;0,28217512369155884;0,2047967165708542;0,01184153277426958
2341;-180,0595245361328;-230,6667022705078;3657,599853515625;5,1725358963012695;-6,390915393829346;-4,933765888214111;0,7336686253547668;0,2790141999721527;0,2021702527999878;0,011572720482945442
2342;-180,0595245361328;-230,6667022705078;3657,599853515625;4,126511573791504;-6,327339172363281;-4,779035568237305;0,7332743406295776;0,2786584198474884;0,20197255909442902;0,011607817374169827
2343;-180,0595245361328;-230,6667022705078;3657,599853515625;5,284060478210449;-6,227853298187256;-4,595230579376221;0,7385234832763672;0,2809801697731018;0,2034834772348404;0,011679871939122677
2344;-180,0595245361328;-230,6667022705078;3657,599853515625;5,780840873718262;-6,432192325592041;-4,903444766998291;0,7486696839332581;0,28466007113456726;0,20620012283325195;0,011911849491298199
2345;-180,0595245361328;-230,6667022705078;3657,599853515625;4,8110761642456055;-5,947279453277588;-4,614498615264893;0,7341793775558472;0,27943992614746094;0,20226359367370605;0,011607185937464237
2346;-180,0595245361328;-230,6667022705078;3657,599853515625;4,345150947570801;-6,487141132354736;-4,953282833099365;0,7489978075027466;0,2849186658859253;0,2062779814004898;0,011924649588763714
2347;-180,0595245361328;-230,6667022705078;3657,599853515625;4,789228916168213;-6,078900337219238;-5,0090789794921875;0,755038321018219;0,28754934668540955;0,20801223814487457;0,012006714940071106
2348;-180,0595245361328;-230,6667022705078;3657,599853515625;3,572431802749634;-5,606900215148926;-4,888772964477539;0,7460501194000244;0,2840915322303772;0,2055044323205948;0,011849528178572655
2349;-180,0595245361328;-230,6667022705078;3657,599853515625;5,28156042098999;-5,561158657073975;-4,779369831085205;0,754859447479248;0,28697431087493896;0,2077706754207611;0,012085084803402424
2350;-180,0595245361328;-230,6667022705078;3657,599853515625;5,018660068511963;-6,697023868560791;-5,074114799499512;0,7551912069320679;0,2877299189567566;0,20802736282348633;0,012019699439406395
2351;-180,0595245361328;-230,6667022705078;3657,599853515625;5,031465530395508;-6,622725963592529;-4,7101945877075195;0,756892740726471;0,2876548767089844;0,20827382802963257;0,012148207984864712
2352;-180,0595245361328;-230,6667022705078;3657,599853515625;5,5353899002075195;-6,238182544708252;-5,048059940338135;0,749120831489563;0,2850368320941925;0,206214040517807;0,011965828016400337
2353;-180,0595245361328;-230,6667022705078;3657,599853515625;5,464391708374023;-6,46572732925415;-4,741400241851807;0,7493590712547302;0,28506267070770264;0,20624668896198273;0,011983088217675686
2354;-180,0595245361328;-230,6667022705078;3657,599853515625;5,30442476272583;-6,371354579925537;-4,561708927154541;0,7577753067016602;0,28807711601257324;0,20849664509296417;0,012170878238976002
2355;-180,0595245361328;-230,6667022705078;3657,599853515625;5,333090782165527;-6,925561904907227;-4,685487747192383;0,7660688757896423;0,2911117672920227;0,21073272824287415;0,012347239069640636
2356;-180,0595245361328;-230,6667022705078;3657,599853515625;4,283218860626221;-6,64763069152832;-4,689554214477539;0,7639020681381226;0,2903097867965698;0,2101321667432785;0,012305837124586105
2357;-180,0595245361328;-230,6667022705078;3657,599853515625;4,451463222503662;-6,525160312652588;-4,767148971557617;0,7644782066345215;0,29094403982162476;0,21040160953998566;0,01226826012134552
2358;-180,0595245361328;-230,6667022705078;3657,599853515625;6,094586372375488;-6,856253623962402;-4,768178939819336;0,7539544701576233;0,2869437038898468;0,20749980211257935;0,012065105140209198
2359;-180,0595245361328;-230,6667022705078;3657,599853515625;4,24938440322876;-6,330575942993164;-4,689542293548584;0,7472554445266724;0,2845289707183838;0,20569071173667908;0,011915339156985283
2360;-180,0595245361328;-230,6667022705078;3657,599853515625;5,353720664978027;-6,3540849685668945;-4,765408515930176;0,7614114880561829;0,2896406948566437;0,20950232446193695;0,012224000878632069
2361;-180,0595245361328;-230,6667022705078;3657,599853515625;4,884414196014404;-6,834496021270752;-4,877569675445557;0,7741256356239319;0,2941723167896271;0,21290786564350128;0,01250562071800232
2362;-180,0595245361328;-230,6667022705078;3657,599853515625;3,947469472885132;-6,467155456542969;-4,690311908721924;0,7397383451461792;0,2814379334449768;0,20355038344860077;0,011791820637881756
2363;-180,0595245361328;-230,6667022705078;3657,599853515625;4,434082984924316;-6,6000447273254395;-4,604275226593018;0,7514744997024536;0,2857740521430969;0,2067427933216095;0,012030942365527153
2364;-180,0595245361328;-230,6667022705078;3657,599853515625;5,138277530670166;-6,846071720123291;-4,693572998046875;0,7510455250740051;0,2853715419769287;0,20655511319637299;0,01205053087323904
2365;-180,0595245361328;-230,6667022705078;3657,599853515625;4,284134864807129;-6,915518283843994;-4,77952241897583;0,746789276599884;0,2835853397846222;0,20533716678619385;0,011984739452600479
2366;-180,0595245361328;-230,6667022705078;3657,599853515625;4,6656107902526855;-6,923445224761963;-4,832772731781006;0,7385185360908508;0,28083473443984985;0,2031935751438141;0,011753497645258904
2367;-180,0595245361328;-230,6667022705078;3657,599853515625;3,4572792053222656;-6,357811450958252;-4,801649570465088;0,7258856892585754;0,2757534086704254;0,19963903725147247;0,011544119566679
2368;-180,0595245361328;-230,6667022705078;3657,599853515625;4,892956733703613;-6,583009719848633;-4,739299297332764;0,739898145198822;0,2807706296443939;0,20340460538864136;0,011852357536554337
2369;-180,0595245361328;-230,6667022705078;3657,599853515625;4,023202896118164;-6,634408950805664;-4,5261406898498535;0,7340060472488403;0,2785765528678894;0,20181190967559814;0,011718448251485825
2370;-180,0595245361328;-230,6667022705078;3657,599853515625;3,5454769134521484;-6,8996782302856445;-4,582441329956055;0,7271922826766968;0,27595898509025574;0,19994384050369263;0,011575914919376373
2371;-180,0595245361328;-230,6667022705078;3657,599853515625;3,959787130355835;-6,814464569091797;-4,300622463226318;0,7204082012176514;0,27332401275634766;0,19807396829128265;0,01143689826130867
2372;-180,0595245361328;-230,6667022705078;3657,599853515625;4,377702713012695;-6,6872172355651855;-4,878885269165039;0,705890953540802;0,267569899559021;0,19401729106903076;0,011180446483194828
2373;-180,0595245361328;-230,6667022705078;3657,599853515625;3,3621020317077637;-6,8280534744262695;-4,443032741546631;0,6981455087661743;0,26473933458328247;0,19195088744163513;0,010986567474901676
2374;-180,0595245361328;-230,6667022705078;3657,599853515625;3,2982120513916016;-6,987432956695557;-4,407655715942383;0,7073700428009033;0,2679622173309326;0,19439223408699036;0,011200503446161747
2375;-180,0595245361328;-230,6667022705078;3657,599853515625;2,7717514038085938;-7,038234710693359;-4,38319206237793;0,7059159278869629;0,26715901494026184;0,19392453134059906;0,011199775151908398
2376;-180,0595245361328;-230,6667022705078;3657,599853515625;4,090941905975342;-7,100727081298828;-4,5009541511535645;0,7011456489562988;0,2654590308666229;0,19269254803657532;0,011055181734263897
2377;-180,0595245361328;-230,6667022705078;3657,599853515625;3,7877166271209717;-7,042205333709717;-4,358986854553223;0,6961711645126343;0,2632221579551697;0,19122308492660522;0,011010883376002312
2378;-180,0595245361328;-230,6667022705078;3657,599853515625;3,0177645683288574;-6,873868465423584;-4,358602523803711;0,6842777132987976;0,2587277889251709;0,18799538910388947;0,010744882747530937
2379;-180,0595245361328;-230,6667022705078;3657,599853515625;4,39716100692749;-7,169122695922852;-4,467609405517578;0,6637053489685059;0,25072017312049866;0,18227893114089966;0,010361164808273315
2380;-180,0595245361328;-230,6667022705078;3657,599853515625;3,6154916286468506;-7,3246564865112305;-4,2641682624816895;0,6675474047660828;0,2520008385181427;0,18329033255577087;0,010448846034705639
2381;-180,0595245361328;-230,6667022705078;3657,599853515625;3,138523817062378;-7,1710333824157715;-4,153517246246338;0,6794276237487793;0,25624603033065796;0,18647930026054382;0,010713906958699226
2382;-180,0595245361328;-230,6667022705078;3657,599853515625;3,555248737335205;-7,376999378204346;-4,089864253997803;0,6662012338638306;0,2511526942253113;0,18284936249256134;0,010443495586514473
2383;-180,0595245361328;-230,6667022705078;3657,599853515625;3,3625693321228027;-7,08268928527832;-4,3685173988342285;0,6816602349281311;0,2569724917411804;0,1871485710144043;0,010711723938584328
2384;-180,0595245361328;-230,6667022705078;3657,599853515625;2,4106972217559814;-7,161298751831055;-4,170681476593018;0,6419410109519958;0,24172210693359375;0,17612800002098083;0,009961827658116817
2385;-180,0595245361328;-230,6667022705078;3657,599853515625;3,751051425933838;-7,149936199188232;-4,344899654388428;0,6548097729682922;0,24650301039218903;0,17969222366809845;0,010201026685535908
2386;-180,0595245361328;-230,6667022705078;3657,599853515625;3,0649919509887695;-7,121022701263428;-4,27092981338501;0,6499583721160889;0,24452902376651764;0,17833349108695984;0,010107346810400486
2387;-180,0595245361328;-230,6667022705078;3657,599853515625;3,21651291847229;-7,364351749420166;-4,0915327072143555;0,6394480466842651;0,24041055142879486;0,17540065944194794;0,009907691739499569
2388;-180,0595245361328;-230,6667022705078;3657,599853515625;2,9787940979003906;-7,143211364746094;-4,112828254699707;0,6243398785591125;0,2346159666776657;0,17125892639160156;0,009588063694536686
2389;-180,0595245361328;-230,6667022705078;3657,599853515625;2,887627363204956;-7,293710231781006;-4,339287757873535;0,6299265027046204;0,23660720884799957;0,1728288233280182;0,009672187268733978
2390;-180,0595245361328;-230,6667022705078;3657,599853515625;3,48850679397583;-7,3049397468566895;-4,214621067047119;0,6229919791221619;0,23383402824401855;0,17082971334457397;0,009570332244038582
2391;-180,0595245361328;-230,6667022705078;3657,599853515625;3,9865334033966064;-7,28818416595459;-4,885110855102539;0,611794650554657;0,2295028567314148;0,16774433851242065;0,009336018934845924
2392;-180,0595245361328;-230,6667022705078;3657,599853515625;2,5686302185058594;-7,27608060836792;-3,9870235919952393;0,5950586199760437;0,22309789061546326;0,16315022110939026;0,008979657664895058
2393;-180,0595245361328;-230,6667022705078;3657,599853515625;3,647447109222412;-7,370279788970947;-4,577725887298584;0,5835919976234436;0,2186550796031952;0,16002577543258667;0,008719420060515404
2394;-180,0595245361328;-230,6667022705078;3657,599853515625;3,8834855556488037;-7,402621746063232;-4,680549621582031;0,5695027709007263;0,21328219771385193;0,15609462559223175;0,00843710359185934
2395;-180,0595245361328;-230,6667022705078;3657,599853515625;3,316528797149658;-7,476655006408691;-4,514716625213623;0,5975884199142456;0,22367210686206818;0,1637808084487915;0,009036022238433361
2396;-180,0595245361328;-230,6667022705078;3657,599853515625;3,796846866607666;-7,275237560272217;-5,02121114730835;0,5583983063697815;0,20887289941310883;0,15303413569927216;0,008188888430595398
2397;-180,0595245361328;-230,6667022705078;3657,599853515625;3,6518845558166504;-7,326702117919922;-4,545602321624756;0,5738157033920288;0,2144758403301239;0,15726785361766815;0,008512180298566818
2398;-180,0595245361328;-230,6667022705078;3657,599853515625;3,559785842895508;-7,288659572601318;-4,773036003112793;0,5575277209281921;0,2085058093070984;0,15267115831375122;0,00817257072776556
2399;-180,0595245361328;-230,6667022705078;3657,599853515625;3,330130100250244;-7,233244895935059;-4,491425514221191;0,5461852550506592;0,2039465457201004;0,1496470719575882;0,00791413988918066
2400;-180,0595245361328;-230,6667022705078;3657,599853515625;3,503288745880127;-6,9905290603637695;-4,656652927398682;0,5360961556434631;0,20010751485824585;0,1468542367219925;0,007689112331718206
2401;-180,0595245361328;-230,6667022705078;3657,599853515625;3,772773027420044;-7,3543620109558105;-4,819222450256348;0,5445778965950012;0,20309239625930786;0,14918561279773712;0,00787284690886736
2402;-180,0595245361328;-230,6667022705078;3657,599853515625;3,353088855743408;-7,229709148406982;-4,842093467712402;0,54288649559021;0,20230810344219208;0,14871743321418762;0,007829687558114529
2403;-180,0595245361328;-230,6667022705078;3657,599853515625;3,5946264266967773;-7,128590106964111;-4,847445487976074;0,5325539112091064;0,198679581284523;0,14579647779464722;0,0075959712266922
2404;-180,0595245361328;-230,6667022705078;3657,599853515625;4,2883195877075195;-7,365344047546387;-5,174122333526611;0,5279607772827148;0,1967172622680664;0,14456167817115784;0,00749516487121582
2405;-180,0595245361328;-230,6667022705078;3657,599853515625;4,155633926391602;-7,4335737228393555;-5,273242950439453;0,5170599818229675;0,19221565127372742;0,14163002371788025;0,007230277173221111
2406;-180,0595245361328;-230,6667022705078;3657,599853515625;3,8006398677825928;-7,3076395988464355;-5,03464412689209;0,51545250415802;0,19156233966350555;0,14116719365119934;0,007195731624960899
2407;-180,0595245361328;-230,6667022705078;3657,599853515625;3,2842986583709717;-7,240189075469971;-4,944331169128418;0,5077325701713562;0,1887405514717102;0,13901735842227936;0,0070174275897443295
2408;-180,0595245361328;-230,6667022705078;3657,599853515625;3,638162136077881;-7,187378406524658;-5,129515647888184;0,4866807460784912;0,1806444376707077;0,13326743245124817;0,00651027075946331
2409;-180,0595245361328;-230,6667022705078;3657,599853515625;4,1224045753479;-7,22236967086792;-5,290103912353516;0,4917635917663574;0,18252739310264587;0,13463588058948517;0,006630412768572569
2410;-180,0595245361328;-230,6667022705078;3657,599853515625;3,605947732925415;-7,164870262145996;-5,068779468536377;0,4976887106895447;0,18447382748126984;0,13626664876937866;0,006768278311938047
2411;-180,0595245361328;-230,6667022705078;3657,599853515625;4,415842056274414;-7,238600254058838;-5,5091047286987305;0,4864872992038727;0,18016378581523895;0,13320055603981018;0,006495789624750614
2412;-180,0595245361328;-230,6667022705078;3657,599853515625;3,9871599674224854;-7,155690670013428;-5,281233310699463;0,4731466770172119;0,17510364949703217;0,12953588366508484;0,006165046710520983
2413;-180,0595245361328;-230,6667022705078;3657,599853515625;4,002670764923096;-7,359601974487305;-5,3389434814453125;0,47669413685798645;0,17632737755775452;0,13049747049808502;0,0062502711080014706
2414;-180,0595245361328;-230,6667022705078;3657,599853515625;3,276738405227661;-6,877326488494873;-5,122104644775391;0,4462660849094391;0,16429688036441803;0,12221493571996689;0,005444769281893969
2415;-180,0595245361328;-230,6667022705078;3657,599853515625;3,545334815979004;-6,934274196624756;-5,172142028808594;0,469767689704895;0,173650860786438;0,1285822093486786;0,0060697090812027454
2416;-180,0595245361328;-230,6667022705078;3657,599853515625;4,083761692047119;-6,986990451812744;-5,468005180358887;0,4733116328716278;0,17473436892032623;0,12955398857593536;0,0061564636416733265
2417;-180,0595245361328;-230,6667022705078;3657,599853515625;4,155905723571777;-7,12742805480957;-5,57720947265625;0,46478936076164246;0,1714499443769455;0,1272198110818863;0,0059387460350990295
2418;-180,0595245361328;-230,6667022705078;3657,599853515625;3,997501850128174;-7,031362533569336;-5,420807838439941;0,4823971390724182;0,17824319005012512;0,13200868666172028;0,006372974254190922
2419;-180,0595245361328;-230,6667022705078;3657,599853515625;3,6524643898010254;-7,092473983764648;-5,361312389373779;0,4752251207828522;0,1749592423439026;0,1300719529390335;0,00618708273395896
2420;-180,0595245361328;-230,6667022705078;3657,599853515625;4,115464687347412;-7,044332504272461;-5,592285633087158;0,4525212347507477;0,16634395718574524;0,12386307120323181;0,005608889739960432
2421;-180,0595245361328;-230,6667022705078;3657,599853515625;4,269718647003174;-7,114292144775391;-5,762827396392822;0,4354405701160431;0,160251647233963;0,1191701889038086;0,00514120701700449
2422;-180,0595245361328;-230,6667022705078;3657,599853515625;4,0620503425598145;-7,087419509887695;-5,634182453155518;0,3567899167537689;0,1298404484987259;0,0977092832326889;0,0024985484778881073
2423;-180,0595245361328;-230,6667022705078;3657,599853515625;3,7594423294067383;-7,1656670570373535;-5,45969295501709;0,4326861798763275;0,15755368769168854;0,11848041415214539;0,004907812457531691
2424;-180,0595245361328;-230,6667022705078;3657,599853515625;4,550504684448242;-7,311473369598389;-5,754661560058594;0,4706138074398041;0,173021599650383;0,12878677248954773;0,0060614631511271
2425;-180,0595245361328;-230,6667022705078;3657,599853515625;3,6064255237579346;-7,075676441192627;-5,58149528503418;0,45693230628967285;0,16809393465518951;0,12503431737422943;0,0057057663798332214
2426;-180,0595245361328;-230,6667022705078;3657,599853515625;4,486205101013184;-7,283669948577881;-5,704246997833252;0,4170365333557129;0,1526019126176834;0,11414777487516403;0,004613559227436781
2427;-180,0595245361328;-230,6667022705078;3657,599853515625;4,50431489944458;-7,139014720916748;-5,799519062042236;0,45762899518013;0,16858653724193573;0,1252133846282959;0,005695640109479427
2428;-180,0595245361328;-230,6667022705078;3657,599853515625;4,34787654876709;-7,147187232971191;-5,7615275382995605;0,4650239646434784;0,17075911164283752;0,12725794315338135;0,0059073735028505325
2429;-180,0595245361328;-230,6667022705078;3657,599853515625;3,4986233711242676;-6,81786584854126;-5,690471172332764;0,4652678370475769;0,1709563136100769;0,1273202747106552;0,005908897612243891
2430;-180,0595245361328;-230,6667022705078;3657,599853515625;3,7568416595458984;-6,932122707366943;-5,851046562194824;0,4745127856731415;0,17407460510730743;0,12986131012439728;0,006136504001915455
2431;-180,0595245361328;-230,6667022705078;3657,599853515625;4,263181209564209;-7,007936954498291;-5,713497638702393;0,4695926308631897;0,17247189581394196;0,12850894033908844;0,006012246944010258
2432;-180,0595245361328;-230,6667022705078;3657,599853515625;3,904067039489746;-7,065845012664795;-5,940319061279297;0,4937160015106201;0,18202973902225494;0,13509082794189453;0,0065899137407541275
2433;-180,0595245361328;-230,6667022705078;3657,599853515625;4,555994987487793;-7,187520503997803;-5,780273914337158;0,4914344549179077;0,1808517426252365;0,13448184728622437;0,006542131770402193
2434;-180,0595245361328;-230,6667022705078;3657,599853515625;4,217765808105469;-7,161350727081299;-5,874549865722656;0,500154972076416;0,18427123129367828;0,13686631619930267;0,00674448162317276
2435;-180,0595245361328;-230,6667022705078;3657,599853515625;3,5483922958374023;-6,986856460571289;-5,731032371520996;0,4964294731616974;0,18242093920707703;0,13586969673633575;0,006658575031906366
2436;-180,0595245361328;-230,6667022705078;3657,599853515625;3,595304489135742;-6,843463897705078;-5,5925984382629395;0,4921061098575592;0,18108808994293213;0,1346840262413025;0,006546867545694113
2437;-180,0595245361328;-230,6667022705078;3657,599853515625;4,123706340789795;-7,165770053863525;-5,528833389282227;0,5055739879608154;0,1869383603334427;0,13834506273269653;0,00681535666808486
2438;-180,0595245361328;-230,6667022705078;3657,599853515625;3,109598398208618;-6,701104640960693;-5,81068754196167;0,4979678988456726;0,1838844120502472;0,13628028333187103;0,006643619388341904
2439;-180,0595245361328;-230,6667022705078;3657,599853515625;3,7479074001312256;-6,92486047744751;-5,675532817840576;0,5065839886665344;0,18686403334140778;0,13864414393901825;0,006868773605674505
2440;-180,0595245361328;-230,6667022705078;3657,599853515625;3,9365732669830322;-7,0351104736328125;-5,514692783355713;0,5260689854621887;0,1945004165172577;0,14398300647735596;0,007304282858967781
2441;-180,0595245361328;-230,6667022705078;3657,599853515625;3,4646990299224854;-6,701564788818359;-5,492582321166992;0,5284609794616699;0,19586174190044403;0,14462333917617798;0,007307970896363258
2442;-180,0595245361328;-230,6667022705078;3657,599853515625;3,337533712387085;-6,533502578735352;-5,452696323394775;0,5311412811279297;0,19663949310779572;0,14537549018859863;0,007393227890133858
2443;-180,0595245361328;-230,6667022705078;3657,599853515625;2,937439203262329;-6,5077009201049805;-5,792203426361084;0,5207836627960205;0,19267719984054565;0,14255620539188385;0,007151607424020767
2444;-180,0595245361328;-230,6667022705078;3657,599853515625;3,322486639022827;-6,5920281410217285;-5,628411769866943;0,5244717001914978;0,19387102127075195;0,14358434081077576;0,00725396117195487
2445;-180,0595245361328;-230,6667022705078;3657,599853515625;2,4370226860046387;-6,247030258178711;-5,843319892883301;0,5322848558425903;0,19672511518001556;0,14573724567890167;0,007439800072461367
2446;-180,0595245361328;-230,6667022705078;3657,599853515625;2,51676869392395;-6,230325222015381;-5,742308616638184;0,5372618436813354;0,1988394409418106;0,147097647190094;0,0075313332490623
2447;-180,0595245361328;-230,6667022705078;3657,599853515625;2,642850399017334;-6,488398551940918;-5,742999076843262;0,5515860319137573;0,2042599618434906;0,15102487802505493;0,00785337295383215
2448;-180,0595245361328;-230,6667022705078;3657,599853515625;2,9179975986480713;-6,609734058380127;-5,545677185058594;0,5383390188217163;0,19928951561450958;0,14741374552249908;0,0075460802763700485
2449;-180,0595245361328;-230,6667022705078;3657,599853515625;1,7174296379089355;-6,080114841461182;-5,711371898651123;0,5469400882720947;0,20265518128871918;0,1497707962989807;0,00772711681202054
2450;-180,0595245361328;-230,6667022705078;3657,599853515625;2,622933864593506;-6,265895366668701;-5,491537094116211;0,538398027420044;0,1993337720632553;0,14745421707630157;0,00754073029384017
2451;-180,0595245361328;-230,6667022705078;3657,599853515625;2,1556575298309326;-6,38411808013916;-5,680327415466309;0,5554884672164917;0,20566919445991516;0,15214881300926208;0,007937759160995483
2452;-180,0595245361328;-230,6667022705078;3657,599853515625;2,078885316848755;-5,967573165893555;-5,583416938781738;0,5618003606796265;0,20798008143901825;0,15389424562454224;0,008083046413958073
2453;-180,0595245361328;-230,6667022705078;3657,599853515625;2,706353187561035;-6,179275035858154;-5,7017598152160645;0,5448974967002869;0,20210008323192596;0,14924293756484985;0,007642450276762247
2454;-180,0595245361328;-230,6667022705078;3657,599853515625;2,3292076587677;-6,266769886016846;-5,658807754516602;0,5427184104919434;0,20082056522369385;0,1487053483724594;0,007650346029549837
2455;-180,0595245361328;-230,6667022705078;3657,599853515625;2,4620108604431152;-6,220916748046875;-5,794614315032959;0,5574973225593567;0,20624300837516785;0,15277738869190216;0,007993548177182674
2456;-180,0595245361328;-230,6667022705078;3657,599853515625;2,6559314727783203;-6,194159507751465;-5,493634223937988;0,5574454665184021;0,20657014846801758;0,15274368226528168;0,00796063244342804
2457;-180,0595245361328;-230,6667022705078;3657,599853515625;2,2969069480895996;-6,113460540771484;-5,755495071411133;0,5645973086357117;0,20915581285953522;0,15472754836082458;0,008131795562803745
2458;-180,0595245361328;-230,6667022705078;3657,599853515625;2,0742886066436768;-6,126025676727295;-5,6471991539001465;0,5696671605110168;0,21105286478996277;0,15613338351249695;0,008245309814810753
2459;-180,0595245361328;-230,6667022705078;3657,599853515625;2,3542652130126953;-6,12270975112915;-5,715108394622803;0,5706868171691895;0,21141786873340607;0,1564331203699112;0,008270418271422386
2460;-180,0595245361328;-230,6667022705078;3657,599853515625;2,5729074478149414;-6,115575790405273;-5,721374988555908;0,5748121738433838;0,2130390852689743;0,15756802260875702;0,008355502970516682
2461;-180,0595245361328;-230,6667022705078;3657,599853515625;2,3706133365631104;-6,021291255950928;-5,73134183883667;0,563247561454773;0,20847007632255554;0,15446139872074127;0,008120406419038773
2462;-180,0595245361328;-230,6667022705078;3657,599853515625;2,147066831588745;-6,071925640106201;-5,533107757568359;0,5711346864700317;0,21138250827789307;0,15665476024150848;0,008296361193060875
2463;-180,0595245361328;-230,6667022705078;3657,599853515625;2,419710874557495;-6,438461780548096;-5,6606011390686035;0,572476327419281;0,21191947162151337;0,15704308450222015;0,008325115777552128
2464;-180,0595245361328;-230,6667022705078;3657,599853515625;2,3422324657440186;-6,313444137573242;-5,960822105407715;0,5617991089820862;0,20806819200515747;0,15412160754203796;0,00808615144342184
2465;-180,0595245361328;-230,6667022705078;3657,599853515625;3,28678822517395;-6,528252124786377;-5,499433517456055;0,5790436863899231;0,2144613265991211;0,15888255834579468;0,008466901257634163
2466;-180,0595245361328;-230,6667022705078;3657,599853515625;3,314452648162842;-6,55498743057251;-5,554152011871338;0,5897279977798462;0,21837970614433289;0,16186177730560303;0,008694307878613472
2467;-180,0595245361328;-230,6667022705078;3657,599853515625;2,7814958095550537;-6,531982421875;-5,4575958251953125;0,6083842515945435;0,2255629450082779;0,16694186627864838;0,009095273911952972
2468;-180,0595245361328;-230,6667022705078;3657,599853515625;3,086918354034424;-6,513937473297119;-5,421533584594727;0,6018729209899902;0,22285138070583344;0,16530266404151917;0,008925371803343296
2469;-180,0595245361328;-230,6667022705078;3657,599853515625;3,140284776687622;-6,368282318115234;-5,662257194519043;0,5914695858955383;0,21915727853775024;0,16244763135910034;0,008715926669538021
2470;-180,0595245361328;-230,6667022705078;3657,599853515625;2,9774065017700195;-6,499645709991455;-5,49696683883667;0,6129322052001953;0,22755058109760284;0,1682012528181076;0,009187867864966393
2471;-180,0595245361328;-230,6667022705078;3657,599853515625;2,9363112449645996;-6,378622055053711;-5,91320276260376;0,6029460430145264;0,2236492782831192;0,16562199592590332;0,008960573934018612
2472;-180,0595245361328;-230,6667022705078;3657,599853515625;3,3324358463287354;-6,506637096405029;-5,528635501861572;0,6289823055267334;0,23356609046459198;0,1726951003074646;0,009525245986878872
2473;-180,0595245361328;-230,6667022705078;3657,599853515625;3,899916172027588;-6,799029350280762;-5,517632007598877;0,5956553816795349;0,22114403545856476;0,16367314755916595;0,008801900781691074
2474;-180,0595245361328;-230,6667022705078;3657,599853515625;2,627136707305908;-6,230340480804443;-5,49920129776001;0,6179753541946411;0,2296169549226761;0,16975364089012146;0,009288180619478226
2475;-180,0595245361328;-230,6667022705078;3657,599853515625;4,371856689453125;-6,568874359130859;-5,205376148223877;0,620084822177887;0,23049399256706238;0,1703690141439438;0,009327483363449574
2476;-180,0595245361328;-230,6667022705078;3657,599853515625;2,9935197830200195;-6,428353309631348;-5,969922065734863;0,6334623098373413;0,2355710119009018;0,1740937978029251;0,009593451395630836
2477;-180,0595245361328;-230,6667022705078;3657,599853515625;5,954659461975098;-7,071536540985107;-5,403398513793945;0,6064486503601074;0,22564604878425598;0,16667728126049042;0,009038499556481838
2478;-180,0595245361328;-230,6667022705078;3657,599853515625;3,9096932411193848;-6,400299072265625;-5,315975189208984;0,6459892392158508;0,24048712849617004;0,17757649719715118;0,009847279638051987
2479;-180,0595245361328;-230,6667022705078;3657,599853515625;3,7281334400177;-6,333963394165039;-5,511483192443848;0,6358572244644165;0,2368585169315338;0,17485177516937256;0,009624446742236614
2480;-180,0595245361328;-230,6667022705078;3657,599853515625;4,289859771728516;-6,430367946624756;-5,083653926849365;0,6484029293060303;0,24168077111244202;0,17832908034324646;0,009873731061816216
2481;-180,0595245361328;-230,6667022705078;3657,599853515625;4,8780364990234375;-6,618995189666748;-5,253137588500977;0,6491895914077759;0,24211476743221283;0,17855070531368256;0,009895941242575645
2482;-180,0595245361328;-230,6667022705078;3657,599853515625;4,030637741088867;-6,383708953857422;-5,575746536254883;0,6396428942680359;0,23869386315345764;0,17593474686145782;0,009706989862024784
2483;-180,0595245361328;-230,6667022705078;3657,599853515625;4,693902492523193;-6,314910888671875;-4,7926154136657715;0,6410822868347168;0,23949837684631348;0,17646677792072296;0,009675566107034683
2484;-180,0595245361328;-230,6667022705078;3657,599853515625;3,2123377323150635;-6,2756667137146;-5,156414985656738;0,6477612257003784;0,2420593947172165;0,17823413014411926;0,009857553988695145
2485;-180,0595245361328;-230,6667022705078;3657,599853515625;4,4685587882995605;-6,303339958190918;-5,10797643661499;0,6382953524589539;0,23867963254451752;0,17564843595027924;0,009666554629802704
2486;-180,0595245361328;-230,6667022705078;3657,599853515625;4,831437587738037;-6,575443267822266;-5,323907852172852;0,6703188419342041;0,2507970333099365;0,18446308374404907;0,01031393650919199
2487;-180,0595245361328;-230,6667022705078;3657,599853515625;5,5223259925842285;-6,362273216247559;-4,7932305335998535;0,653876543045044;0,24486300349235535;0,17999109625816345;0,00996975228190422
2488;-180,0595245361328;-230,6667022705078;3657,599853515625;5,035457611083984;-6,699719429016113;-5,006678581237793;0,6660728454589844;0,24946318566799164;0,18328669667243958;0,010247484780848026
2489;-180,0595245361328;-230,6667022705078;3657,599853515625;4,144927978515625;-6,4523138999938965;-5,082731246948242;0,6695027947425842;0,2510627508163452;0,18432915210723877;0,010278776288032532
2490;-180,0595245361328;-230,6667022705078;3657,599853515625;4,5504302978515625;-6,525254249572754;-5,382445335388184;0,6719086766242981;0,252109169960022;0,1849951595067978;0,01033348124474287
2491;-180,0595245361328;-230,6667022705078;3657,599853515625;4,321990489959717;-6,364081382751465;-5,266728401184082;0,6731958985328674;0,25291261076927185;0,18543356657028198;0,01032166089862585
2492;-180,0595245361328;-230,6667022705078;3657,599853515625;5,783002853393555;-6,406107425689697;-4,948674201965332;0,6715623736381531;0,25228023529052734;0,184909388422966;0,010336000472307205
2493;-180,0595245361328;-230,6667022705078;3657,599853515625;6,229668140411377;-6,327254295349121;-4,981988906860352;0,6774778962135315;0,25461822748184204;0,18652881681919098;0,010463775135576725
2494;-180,0595245361328;-230,6667022705078;3657,599853515625;4,891506195068359;-5,976119518280029;-5,000206470489502;0,6795027852058411;0,2559258043766022;0,18725766241550446;0,010421577841043472
2495;-180,0595245361328;-230,6667022705078;3657,599853515625;4,592289924621582;-6,431357383728027;-5,3158392906188965;0,6796319484710693;0,2558823525905609;0,18719664216041565;0,010485327802598476
2496;-180,0595245361328;-230,6667022705078;3657,599853515625;4,836859226226807;-6,372326374053955;-5,124577522277832;0,664885401725769;0,2505916655063629;0,18318381905555725;0,01017738226801157
2497;-180,0595245361328;-230,6667022705078;3657,599853515625;3,792576313018799;-5,671026229858398;-5,067415714263916;0,6705644726753235;0,25292840600013733;0,18477055430412292;0,010284485295414925
2498;-180,0595245361328;-230,6667022705078;3657,599853515625;3,4153363704681396;-6,272408962249756;-4,990559101104736;0,6709859371185303;0,2532239854335785;0,18488554656505585;0,010300054214894772
2499;-180,0595245361328;-230,6667022705078;3657,599853515625;4,2848615646362305;-5,9704694747924805;-5,2021074295043945;0,6795686483383179;0,25657516717910767;0,18724113702774048;0,010479077696800232
2500;-180,0595245361328;-230,6667022705078;3657,599853515625;5,697730541229248;-6,6742119789123535;-5,018361568450928;0,6853035688400269;0,2588557302951813;0,18881356716156006;0,01060089934617281
2501;-180,0595245361328;-230,6667022705078;3657,599853515625;6,804397106170654;-6,755555152893066;-4,73439359664917;0,6843463778495789;0,25885510444641113;0,18862363696098328;0,010548215359449387
2502;-180,0595245361328;-230,6667022705078;3657,599853515625;3,835448980331421;-6,12325382232666;-4,9799089431762695;0,7027106881141663;0,2657032310962677;0,19360917806625366;0,010950853116810322
2503;-180,0595245361328;-230,6667022705078;3657,599853515625;6,407819747924805;-6,716553211212158;-4,863804340362549;0,6850807666778564;0,25942689180374146;0,18883700668811798;0,01056942343711853
2504;-180,0595245361328;-230,6667022705078;3657,599853515625;6,272615432739258;-6,596157550811768;-5,1972761154174805;0,6814610958099365;0,2580716907978058;0,1878017783164978;0,010522791184484959
2505;-180,0595245361328;-230,6667022705078;3657,599853515625;4,877695560455322;-5,834643840789795;-4,833048343658447;0,6987926959991455;0,26468485593795776;0,19255220890045166;0,010877358727157116
2506;-180,0595245361328;-230,6667022705078;3657,599853515625;5,825139045715332;-6,529208660125732;-5,015254497528076;0,6996558904647827;0,26554420590400696;0,19291721284389496;0,010831521824002266
2507;-180,0595245361328;-230,6667022705078;3657,599853515625;4,334418773651123;-6,132439613342285;-5,2304911613464355;0,710242748260498;0,2690774202346802;0,19564542174339294;0,011135152541100979
2508;-180,0595245361328;-230,6667022705078;3657,599853515625;5,180582523345947;-6,266922950744629;-5,052143096923828;0,7172738909721375;0,2722158432006836;0,19768749177455902;0,011224476620554924
2509;-180,0595245361328;-230,6667022705078;3657,599853515625;5,451584339141846;-6,617855548858643;-5,210633754730225;0,7210747003555298;0,27334973216056824;0,19860641658306122;0,011361300013959408
2510;-180,0595245361328;-230,6667022705078;3657,599853515625;5,6561126708984375;-6,489810466766357;-5,200307369232178;0,7246919274330139;0,27443721890449524;0,19948261976242065;0,01147881243377924
2511;-180,0595245361328;-230,6667022705078;3657,599853515625;7,223753452301025;-6,616966247558594;-5,142532825469971;0,7517195343971252;0,28519609570503235;0,20704367756843567;0,011959513649344444
2512;-180,0595245361328;-230,6667022705078;3657,599853515625;6,151122570037842;-6,595975875854492;-4,947304725646973;0,7375094294548035;0,28000780940055847;0,20315609872341156;0,011676774360239506
2513;-180,0595245361328;-230,6667022705078;3657,599853515625;4,476662635803223;-6,324917793273926;-5,149622440338135;0,7424297332763672;0,28164803981781006;0,20441272854804993;0,011814050376415253
2514;-180,0595245361328;-230,6667022705078;3657,599853515625;5,993620872497559;-6,783546447753906;-5,079624652862549;0,731430172920227;0,2781691253185272;0,20155563950538635;0,011528808623552322
2515;-180,0595245361328;-230,6667022705078;3657,599853515625;5,053177833557129;-6,931413173675537;-5,2225775718688965;0,731643557548523;0,2780460715293884;0,20152558386325836;0,011575366370379925
2516;-180,0595245361328;-230,6667022705078;3657,599853515625;6,8994140625;-7,122269153594971;-4,953471660614014;0,7371692061424255;0,2804582118988037;0,2031085044145584;0,01165478490293026
2517;-180,0595245361328;-230,6667022705078;3657,599853515625;3,8192105293273926;-6,356728553771973;-5,006601810455322;0,7479497194290161;0,2843979597091675;0,20600514113903046;0,011896497569978237
2518;-180,0595245361328;-230,6667022705078;3657,599853515625;7,2761006355285645;-6,547214984893799;-4,798609256744385;0,7351434826850891;0,27980512380599976;0,20253083109855652;0,011625915765762329
2519;-180,0595245361328;-230,6667022705078;3657,599853515625;4,365820407867432;-6,513605117797852;-4,992129325866699;0,7467939257621765;0,28409871459007263;0,2056763470172882;0,011879955418407917
2520;-180,0595245361328;-230,6667022705078;3657,599853515625;4,750191688537598;-6,2835001945495605;-5,186828136444092;0,7527347207069397;0,28667521476745605;0,20737865567207336;0,011962278746068478
2521;-180,0595245361328;-230,6667022705078;3657,599853515625;4,347184658050537;-6,072251796722412;-5,1904401779174805;0,7443638443946838;0,2834480106830597;0,20503950119018555;0,011817282065749168
2522;-180,0595245361328;-230,6667022705078;3657,599853515625;5,389482021331787;-6,074494361877441;-5,078554153442383;0,7539105415344238;0,2866041958332062;0,20751306414604187;0,012067791074514389
2523;-180,0595245361328;-230,6667022705078;3657,599853515625;5,760241985321045;-7,074156284332275;-5,350375652313232;0,7546447515487671;0,2875315546989441;0,20786474645137787;0,012007884681224823
2524;-180,0595245361328;-230,6667022705078;3657,599853515625;5,581955432891846;-7,020074367523193;-4,85728120803833;0,755514919757843;0,2871502637863159;0,20790013670921326;0,012119553051888943
2525;-180,0595245361328;-230,6667022705078;3657,599853515625;5,90917444229126;-6,729581832885742;-5,1623640060424805;0,7484873533248901;0,2847696542739868;0,20603221654891968;0,011956722475588322
2526;-180,0595245361328;-230,6667022705078;3657,599853515625;6,482069492340088;-7,023123741149902;-5,038483619689941;0,746979832649231;0,2841659188270569;0,20559436082839966;0,011936154216527939
2527;-180,0595245361328;-230,6667022705078;3657,599853515625;6,007269859313965;-6,936351776123047;-4,948435306549072;0,7559295892715454;0,28738436102867126;0,20799125730991364;0,012134176678955555
2528;-180,0595245361328;-230,6667022705078;3657,599853515625;5,25101375579834;-7,408384799957275;-5,070275783538818;0,764961838722229;0,29069000482559204;0,21042805910110474;0,01232600212097168
2529;-180,0595245361328;-230,6667022705078;3657,599853515625;5,265587329864502;-7,200063705444336;-5,170886516571045;0,7622078061103821;0,2896399199962616;0,20965874195098877;0,0122758774086833
2530;-180,0595245361328;-230,6667022705078;3657,599853515625;5,8732380867004395;-7,306282043457031;-5,0170207023620605;0,7636995911598206;0,2906162440776825;0,2101782113313675;0,012257471680641174
2531;-180,0595245361328;-230,6667022705078;3657,599853515625;4,919877052307129;-6,837919235229492;-5,080036163330078;0,7524433135986328;0,2863522171974182;0,2070792317390442;0,012038231827318668
2532;-180,0595245361328;-230,6667022705078;3657,599853515625;6,129421710968018;-7,14930534362793;-5,016283988952637;0,7452242970466614;0,2837451994419098;0,20511242747306824;0,011877828277647495
2533;-180,0595245361328;-230,6667022705078;3657,599853515625;7,609806537628174;-7,1821722984313965;-5,115462779998779;0,7608007192611694;0,2893691658973694;0,20932261645793915;0,012217528186738491
2534;-180,0595245361328;-230,6667022705078;3657,599853515625;6,130294322967529;-7,560633659362793;-5,188689708709717;0,7731353640556335;0,2937960624694824;0,2126360684633255;0,01248660497367382
2535;-180,0595245361328;-230,6667022705078;3657,599853515625;5,148353576660156;-7,245316982269287;-5,100519180297852;0,7382221221923828;0,2808725833892822;0,20313668251037598;0,011760830879211426
2536;-180,0595245361328;-230,6667022705078;3657,599853515625;5,700533866882324;-7,361012935638428;-4,889152526855469;0,7498582005500793;0,2851802408695221;0,20630449056625366;0,011996700428426266
2537;-180,0595245361328;-230,6667022705078;3657,599853515625;3,43825101852417;-6,846079349517822;-5,040042877197266;0,7493727803230286;0,2847437262535095;0,20609748363494873;0,012017099186778069
2538;-180,0595245361328;-230,6667022705078;3657,599853515625;4,573714256286621;-7,294186115264893;-4,935489177703857;0,7453752160072327;0,28305578231811523;0,20495069026947021;0,011956320144236088
2539;-180,0595245361328;-230,6667022705078;3657,599853515625;4,761533260345459;-7,304450511932373;-5,117008686065674;0,7368667721748352;0,28021329641342163;0,2027411162853241;0,011720467358827591
2540;-180,0595245361328;-230,6667022705078;3657,599853515625;3,4429476261138916;-6,6776204109191895;-4,966237545013428;0,7241339683532715;0,2750948369503021;0,19915960729122162;0,011509010568261147
2541;-180,0595245361328;-230,6667022705078;3657,599853515625;3,822606086730957;-6,71660041809082;-5,039373397827148;0,7374906539916992;0,2798584997653961;0,202743262052536;0,011805352754890919
2542;-180,0595245361328;-230,6667022705078;3657,599853515625;3,922935724258423;-6,746077537536621;-4,902066707611084;0,7318300008773804;0,2777773439884186;0,20122241973876953;0,011671705171465874
2543;-180,0595245361328;-230,6667022705078;3657,599853515625;4,654053211212158;-7,61760950088501;-4,882441997528076;0,7262002229690552;0,2755870819091797;0,199672669172287;0,011555860750377178
2544;-180,0595245361328;-230,6667022705078;3657,599853515625;4,1125946044921875;-7,51871919631958;-4,5037055015563965;0,7189114093780518;0,27276697754859924;0,19766832888126373;0,011405732482671738
2545;-180,0595245361328;-230,6667022705078;3657,599853515625;3,8362669944763184;-6,912603855133057;-5,100430488586426;0,703580915927887;0,26669737696647644;0,1933833807706833;0,011134550906717777
2546;-180,0595245361328;-230,6667022705078;3657,599853515625;3,754824161529541;-7,108891487121582;-4,551894664764404;0,6963176131248474;0,2640497088432312;0,19144894182682037;0,010949825868010521
2547;-180,0595245361328;-230,6667022705078;3657,599853515625;3,6524415016174316;-7,341141223907471;-4,702243804931641;0,7056610584259033;0,26733842492103577;0,1939488798379898;0,011162078008055687
2548;-180,0595245361328;-230,6667022705078;3657,599853515625;3,375807285308838;-7,4321088790893555;-4,650302410125732;0,7048951387405396;0,2667796313762665;0,19366207718849182;0,011178343556821346
2549;-180,0595245361328;-230,6667022705078;3657,599853515625;4,57418966293335;-7,351456165313721;-4,92796516418457;0,7004373073577881;0,2651829421520233;0,19250543415546417;0,011043236590921879
2550;-180,0595245361328;-230,6667022705078;3657,599853515625;4,110316276550293;-7,336714744567871;-4,696516990661621;0,6966464519500732;0,26340124011039734;0,19135166704654694;0,011020711623132229
2551;-180,0595245361328;-230,6667022705078;3657,599853515625;3,737927198410034;-7,271476745605469;-4,537697792053223;0,6834696531295776;0,2584322690963745;0,187779039144516;0,01072634570300579
2552;-180,0595245361328;-230,6667022705078;3657,599853515625;4,289626121520996;-7,306076526641846;-4,789880275726318;0,662607729434967;0,2503160536289215;0,18198175728321075;0,010336675681173801
2553;-180,0595245361328;-230,6667022705078;3657,599853515625;3,7132036685943604;-7,657753944396973;-4,387427806854248;0,6659866571426392;0,251412957906723;0,18286778032779694;0,010417576879262924
2554;-180,0595245361328;-230,6667022705078;3657,599853515625;3,5248043537139893;-7,50696325302124;-4,38738489151001;0,6784424781799316;0,2558767795562744;0,18621253967285156;0,010693621821701527
2555;-180,0595245361328;-230,6667022705078;3657,599853515625;3,1678707599639893;-7,630202770233154;-4,320202350616455;0,6657606959342957;0,25098949670791626;0,18272599577903748;0,010434102267026901
2556;-180,0595245361328;-230,6667022705078;3657,599853515625;3,619750738143921;-7,382120132446289;-4,476871967315674;0,6809176206588745;0,2566946744918823;0,18694064021110535;0,010696647688746452
2557;-180,0595245361328;-230,6667022705078;3657,599853515625;2,8048295974731445;-7,645804405212402;-4,444840908050537;0,6412012577056885;0,24143975973129272;0,17592301964759827;0,009948067367076874
2558;-180,0595245361328;-230,6667022705078;3657,599853515625;3,8747692108154297;-7,532639980316162;-4,562480926513672;0,6538386344909668;0,246134951710701;0,1794234663248062;0,010182677768170834
2559;-180,0595245361328;-230,6667022705078;3657,599853515625;3,2665884494781494;-7,4791998863220215;-4,504846572875977;0,6492521166801453;0,2442626804113388;0,17813900113105774;0,010093366727232933
2560;-180,0595245361328;-230,6667022705078;3657,599853515625;3,63934588432312;-7,809359550476074;-4,324260234832764;0,6387113928794861;0,24013261497020721;0,17519725859165192;0,009893189184367657
2561;-180,0595245361328;-230,6667022705078;3657,599853515625;3,8562111854553223;-7,687270641326904;-4,442762851715088;0,6244107484817505;0,23464429378509521;0,17128057777881622;0,009588477201759815
2562;-180,0595245361328;-230,6667022705078;3657,599853515625;3,271005153656006;-7,676407337188721;-4,538181304931641;0,6295412182807922;0,2364642471075058;0,17272573709487915;0,009662805125117302
2563;-180,0595245361328;-230,6667022705078;3657,599853515625;3,9843554496765137;-7,678003311157227;-4,505006313323975;0,6218820214271545;0,2334182858467102;0,17052800953388214;0,00954618863761425
2564;-180,0595245361328;-230,6667022705078;3657,599853515625;4,225782871246338;-7,650431156158447;-5,119629383087158;0,6121642589569092;0,22964167594909668;0,16784390807151794;0,009344464167952538
2565;-180,0595245361328;-230,6667022705078;3657,599853515625;2,837834596633911;-7,6826863288879395;-4,038774013519287;0,5957552194595337;0,22335955500602722;0,1633412390947342;0,00899443682283163
2566;-180,0595245361328;-230,6667022705078;3657,599853515625;4,4277448654174805;-7,842380523681641;-4,946223735809326;0,582851231098175;0,21837565302848816;0,1598266065120697;0,008701606653630733
2567;-180,0595245361328;-230,6667022705078;3657,599853515625;4,217678070068359;-7,728980541229248;-4,86790132522583;0,568915069103241;0,2130616009235382;0,15593457221984863;0,008424070663750172
2568;-180,0595245361328;-230,6667022705078;3657,599853515625;3,596557855606079;-7,820343017578125;-4,668571949005127;0,5961617827415466;0,22313782572746277;0,16339042782783508;0,009005645290017128
2569;-180,0595245361328;-230,6667022705078;3657,599853515625;4,552056789398193;-7,775035858154297;-5,296947479248047;0,5561416149139404;0,2080276608467102;0,15241678059101105;0,008139091543853283
2570;-180,0595245361328;-230,6667022705078;3657,599853515625;3,8584256172180176;-7,6297101974487305;-4,809132099151611;0,5730195045471191;0,21418118476867676;0,15704797208309174;0,008495882153511047
2571;-180,0595245361328;-230,6667022705078;3657,599853515625;3,955200433731079;-7,595985412597656;-5,040501117706299;0,5578663349151611;0,20862701535224915;0,15276649594306946;0,008180676959455013
2572;-180,0595245361328;-230,6667022705078;3657,599853515625;3,4141626358032227;-7,595485210418701;-4,8276448249816895;0,5473092198371887;0,2043621689081192;0,14995607733726501;0,007938615046441555
2573;-180,0595245361328;-230,6667022705078;3657,599853515625;3,3571033477783203;-7,300747394561768;-4,888102054595947;0,5342193245887756;0,19939440488815308;0,14634491503238678;0,007646061014384031
2574;-180,0595245361328;-230,6667022705078;3657,599853515625;4,254150390625;-7,74686861038208;-5,126018524169922;0,5435611009597778;0,20271643996238708;0,14890620112419128;0,007850519381463528
2575;-180,0595245361328;-230,6667022705078;3657,599853515625;3,492372512817383;-7,574056148529053;-5,132382392883301;0,5434827208518982;0,20252373814582825;0,14888404309749603;0,007842175662517548
2576;-180,0595245361328;-230,6667022705078;3657,599853515625;3,8587450981140137;-7,479616165161133;-5,120517730712891;0,5330369472503662;0,19885794818401337;0,14592821896076202;0,0076073589734733105
2577;-180,0595245361328;-230,6667022705078;3657,599853515625;4,549969673156738;-7,721347332000732;-5,408821105957031;0,5279800295829773;0,19672824442386627;0,14456689357757568;0,007495543919503689
2578;-180,0595245361328;-230,6667022705078;3657,599853515625;4,269042015075684;-7,7215447425842285;-5,545897960662842;0,5161212086677551;0,19185784459114075;0,14137455821037292;0,0072080050595104694
2579;-180,0595245361328;-230,6667022705078;3657,599853515625;4,0438947677612305;-7,651712894439697;-5,29997444152832;0,5145189166069031;0,191214457154274;0,14091108739376068;0,007174172904342413
2580;-180,0595245361328;-230,6667022705078;3657,599853515625;3,460578441619873;-7,526405334472656;-5,192149639129639;0,5077098608016968;0,18873323500156403;0,13900884985923767;0,007016888353973627
2581;-180,0595245361328;-230,6667022705078;3657,599853515625;3,8441531658172607;-7,4929656982421875;-5,395262718200684;0,4875791668891907;0,18097835779190063;0,1335127204656601;0,006532146129757166
2582;-180,0595245361328;-230,6667022705078;3657,599853515625;4,378151893615723;-7,516054153442383;-5,539878845214844;0,49092984199523926;0,18220700323581696;0,13440904021263123;0,006610326003283262
2583;-180,0595245361328;-230,6667022705078;3657,599853515625;3,7700881958007812;-7,431626796722412;-5,260235786437988;0,49682268500328064;0,18415090441703796;0,13602952659130096;0,0067476797848939896
2584;-180,0595245361328;-230,6667022705078;3657,599853515625;4,606557846069336;-7,491026401519775;-5,710251331329346;0,48596251010894775;0,17996880412101746;0,13305041193962097;0,006483094301074743
2585;-180,0595245361328;-230,6667022705078;3657,599853515625;4,099426746368408;-7,380006313323975;-5,49736213684082;0,47312018275260925;0,17508675158023834;0,12952934205532074;0,0061643775552511215
2586;-180,0595245361328;-230,6667022705078;3657,599853515625;4,123688220977783;-7,541452407836914;-5,5296196937561035;0,47646141052246094;0,17623306810855865;0,13043446838855743;0,006244454998522997
2587;-180,0595245361328;-230,6667022705078;3657,599853515625;3,3588480949401855;-7,0867180824279785;-5,279628753662109;0,44687801599502563;0,16454026103019714;0,12238257378339767;0,005462320987135172
2588;-180,0595245361328;-230,6667022705078;3657,599853515625;3,6009678840637207;-7,091324806213379;-5,331157684326172;0,4700305461883545;0,17376059293746948;0,12865093350410461;0,006076091434806585
2589;-180,0595245361328;-230,6667022705078;3657,599853515625;4,22468376159668;-7,177305221557617;-5,617523193359375;0,4738192558288574;0,17494036257266998;0,1296917200088501;0,006169276777654886
2590;-180,0595245361328;-230,6667022705078;3657,599853515625;2,2170348167419434;-25,059349060058594;-21,537250518798828;0,46588778495788574;0,17185677587985992;0,12751856446266174;0,005966619122773409
2591;-180,0595245361328;-230,6667022705078;3657,599853515625;4,116188049316406;-7,209272384643555;-5,546466827392578;0,4819091856479645;0,17807255685329437;0,1318736970424652;0,006360541097819805
2592;-180,0595245361328;-230,6667022705078;3657,599853515625;3,723301410675049;-7,263786315917969;-5,474552154541016;0,4741794466972351;0,17452947795391083;0,12978914380073547;0,006159226875752211
2593;-180,0595245361328;-230,6667022705078;3657,599853515625;4,131048679351807;-7,161962509155273;-5,679360389709473;0,4519888758659363;0,16613002121448517;0,12371780723333359;0,00559451337903738
2594;-180,0595245361328;-230,6667022705078;3657,599853515625;4,351811408996582;-7,261538982391357;-5,8101677894592285;0,4353957176208496;0,16029250621795654;0,11915559321641922;0,005135539453476667
2595;-180,0595245361328;-230,6667022705078;3657,599853515625;4,132680892944336;-7,176623821258545;-5,741990566253662;0,3606831431388855;0,13136087357997894;0,09877093136310577;0,002671838505193591
2596;-180,0595245361328;-230,6667022705078;3657,599853515625;3,7486720085144043;-7,229811668395996;-5,495985507965088;0,43400534987449646;0,1580289602279663;0,11884181946516037;0,0049384054727852345
2597;-180,0595245361328;-230,6667022705078;3657,599853515625;4,57580041885376;-7,361835956573486;-5,829529762268066;0,4706561267375946;0,17303632199764252;0,128798246383667;0,0060625094920396805
2598;-180,0595245361328;-230,6667022705078;3657,599853515625;3,6416091918945312;-7,1380696296691895;-5,6156110763549805;0,4581465423107147;0,16856364905834198;0,12536658346652985;0,005736975464969873
2599;-180,0595245361328;-230,6667022705078;3657,599853515625;4,3537278175354;-7,244891166687012;-5,734785079956055;0,41752588748931885;0,15276537835597992;0,11428245157003403;0,004628094844520092
2600;-180,0595245361328;-230,6667022705078;3657,599853515625;4,467184543609619;-7,078901767730713;-5,813295364379883;0,45737195014953613;0,16848695278167725;0,12514305114746094;0,00568908778950572
2601;-180,0595245361328;-230,6667022705078;3657,599853515625;4,285036087036133;-6,992702960968018;-5,7159953117370605;0,4653134047985077;0,17088203132152557;0,12733545899391174;0,005914756096899509
2602;-180,0595245361328;-230,6667022705078;3657,599853515625;3,3401496410369873;-6,61107063293457;-5,5828022956848145;0,4641582667827606;0,17053046822547913;0,1270172894001007;0,005880701821297407
2603;-180,0595245361328;-230,6667022705078;3657,599853515625;3,508053779602051;-6,614086151123047;-5,668845176696777;0,47494152188301086;0,1742553412914276;0,12997786700725555;0,006147666368633509
2604;-180,0595245361328;-230,6667022705078;3657,599853515625;3,9843502044677734;-6,589389324188232;-5,433775901794434;0,46935591101646423;0,17236654460430145;0,1284455955028534;0,006006449926644564
2605;-180,0595245361328;-230,6667022705078;3657,599853515625;3,4679322242736816;-6,508563041687012;-5,617593288421631;0,4938509166240692;0,18210187554359436;0,1351269781589508;0,006592043209820986
2606;-180,0595245361328;-230,6667022705078;3657,599853515625;4,0278496742248535;-6,485097885131836;-5,303999423980713;0,4923174977302551;0,18119624257087708;0,13472308218479156;0,006563297938555479
2607;-180,0595245361328;-230,6667022705078;3657,599853515625;3,670588493347168;-6,3530659675598145;-5,3324408531188965;0,5010471343994141;0,1845923811197281;0,1371108591556549;0,006766448263078928
2608;-180,0595245361328;-230,6667022705078;3657,599853515625;2,861854076385498;-6,03562068939209;-5,078094005584717;0,49660247564315796;0,18250904977321625;0,13591326773166656;0,006662813946604729
2609;-180,0595245361328;-230,6667022705078;3657,599853515625;2,932788133621216;-5,826423168182373;-4,826232433319092;0,4918593764305115;0,1810096651315689;0,13461606204509735;0,006540410686284304
2610;-180,0595245361328;-230,6667022705078;3657,599853515625;3,3364760875701904;-6,0292863845825195;-4,739721298217773;0,5054783225059509;0,18691109120845795;0,1383185237646103;0,0068120891228318214
2611;-180,0595245361328;-230,6667022705078;3657,599853515625;2,31650972366333;-5,478947162628174;-4,9466753005981445;0,4991254210472107;0,18431870639324188;0,1365968883037567;0,00667216582223773
2612;-180,0595245361328;-230,6667022705078;3657,599853515625;2,908996105194092;-5,569273471832275;-4,671096324920654;0,5064782500267029;0,18681804835796356;0,138632670044899;0,0068666054867208
2613;-180,0595245361328;-230,6667022705078;3657,599853515625;3,022264242172241;-5,59218168258667;-4,4869890213012695;0,5254786014556885;0,19425372779369354;0,14381839334964752;0,007292408030480146
2614;-180,0595245361328;-230,6667022705078;3657,599853515625;2,4634900093078613;-5,156743049621582;-4,347112655639648;0,5287395119667053;0,19598399102687836;0,14469873905181885;0,00731234485283494
2615;-180,0595245361328;-230,6667022705078;3657,599853515625;2,141234874725342;-4,852545261383057;-4,230262756347656;0,5314708352088928;0,1967650055885315;0,14546550810337067;0,007400798611342907
2616;-180,0595245361328;-230,6667022705078;3657,599853515625;1,7244441509246826;-4,717275619506836;-4,4974541664123535;0,5209031701087952;0,1927328258752823;0,14258787035942078;0,007153291720896959
2617;-180,0595245361328;-230,6667022705078;3657,599853515625;2,112924814224243;-4,699892044067383;-4,207311153411865;0,5252702832221985;0,19417738914489746;0,14379461109638214;0,007272190880030394
2618;-180,0595245361328;-230,6667022705078;3657,599853515625;1,253353238105774;-4,314095973968506;-4,402120113372803;0,5321453809738159;0,19667717814445496;0,14569881558418274;0,007436246611177921
2619;-180,0595245361328;-230,6667022705078;3657,599853515625;1,1626604795455933;-4,189724922180176;-4,271661758422852;0,5372892618179321;0,19885587692260742;0,14710626006126404;0,007531348615884781
2620;-180,0595245361328;-230,6667022705078;3657,599853515625;1,3765811920166016;-4,278327465057373;-4,02689266204834;0,5513468384742737;0,20416812598705292;0,1509595662355423;0,007848119363188744
2621;-180,0595245361328;-230,6667022705078;3657,599853515625;1,5015640258789062;-4,319892406463623;-3,8059136867523193;0,5385075211524963;0,1993539035320282;0,14746183156967163;0,007549840025603771
2622;-180,0595245361328;-230,6667022705078;3657,599853515625;0,16028867661952972;-3,682461977005005;-3,968276262283325;0,5477399826049805;0,20296825468540192;0,1499888002872467;0,00774403428658843
2623;-180,0595245361328;-230,6667022705078;3657,599853515625;0,9920252561569214;-3,7670233249664307;-3,601795196533203;0,5383816957473755;0,19930146634578705;0,14745189249515533;0,007543244399130344
2624;-180,0595245361328;-230,6667022705078;3657,599853515625;0,29047927260398865;-3,7300631999969482;-3,7564706802368164;0,5565348863601685;0,20605793595314026;0,15243546664714813;0,007961731404066086
2625;-180,0595245361328;-230,6667022705078;3657,599853515625;0,41089102625846863;-3,2798705101013184;-3,582479476928711;0,562044084072113;0,20806171000003815;0,15396186709403992;0,008089246228337288
2626;-180,0595245361328;-230,6667022705078;3657,599853515625;0,5048412680625916;-3,271117925643921;-3,6273937225341797;0,543979823589325;0,20174884796142578;0,14899767935276031;0,00762223219498992
2627;-180,0595245361328;-230,6667022705078;3657,599853515625;0,4252920150756836;-3,3836405277252197;-3,54754638671875;0,5427006483078003;0,20080134272575378;0,14870205521583557;0,00765110831707716
2628;-180,0595245361328;-230,6667022705078;3657,599853515625;0,38807812333106995;-3,0844130516052246;-3,439044713973999;0,5570186376571655;0,20607028901576996;0,15264195203781128;0,007982426322996616
2629;-180,0595245361328;-230,6667022705078;3657,599853515625;0,38289493322372437;-2,9979772567749023;-3,1592414379119873;0,5570924282073975;0,20643214881420135;0,15264786779880524;0,00795332994312048
2630;-180,0595245361328;-230,6667022705078;3657,599853515625;0,00015953760885167867;-2,7791945934295654;-3,28812313079834;0,5646472573280334;0,20918135344982147;0,1547403484582901;0,00813220627605915
2631;-180,0595245361328;-230,6667022705078;3657,599853515625;-0,013705565594136715;-2,773347854614258;-3,0405521392822266;0,5693163275718689;0,21092824637889862;0,1560353934764862;0,008236894384026527
2632;-180,0595245361328;-230,6667022705078;3657,599853515625;-0,3192767798900604;-2,488917589187622;-3,127545118331909;0,5704492330551147;0,2113243043422699;0,15636976063251495;0,008265598677098751
2633;-180,0595245361328;-230,6667022705078;3657,599853515625;0,1396527737379074;-2,493410348892212;-3,043928623199463;0,5747973918914795;0,21304868161678314;0,1575620323419571;0,00835362821817398
2634;-180,0595245361328;-230,6667022705078;3657,599853515625;-0,29528993368148804;-2,384075403213501;-3,062612533569336;0,563810408115387;0,2086709886789322;0,15461964905261993;0,00813333410769701
2635;-180,0595245361328;-230,6667022705078;3657,599853515625;-0,6890376210212708;-2,3501837253570557;-2,849616765975952;0,5706602931022644;0,21120508015155792;0,1565253883600235;0,008285951800644398
2636;-180,0595245361328;-230,6667022705078;3657,599853515625;-0,4782406687736511;-2,4664101600646973;-2,7182457447052;0,5720891356468201;0,21176716685295105;0,15693800151348114;0,008316806517541409
2637;-180,0595245361328;-230,6667022705078;3657,599853515625;-0,44666746258735657;-2,273902654647827;-2,8141255378723145;0,5614531636238098;0,2079319804906845;0,1540309190750122;0,00807885266840458
2638;-180,0595245361328;-230,6667022705078;3657,599853515625;0,03041982278227806;-2,3377556800842285;-2,4636542797088623;0,5784180760383606;0,21422620117664337;0,15871171653270721;0,008453331887722015
2639;-180,0595245361328;-230,6667022705078;3657,599853515625;0,9323591589927673;-2,5851235389709473;-2,3367128372192383;0,589907705783844;0,21844670176506042;0,16191095113754272;0,00869817566126585
2640;-180,0595245361328;-230,6667022705078;3657,599853515625;-0,0719994455575943;-2,2898781299591064;-2,159006357192993;0,6093412041664124;0,22591598331928253;0,16720496118068695;0,009115610271692276
2641;-180,0595245361328;-230,6667022705078;3657,599853515625;-0,33719897270202637;-2,1738345623016357;-2,222378730773926;0,6020612120628357;0,22292709350585938;0,16535130143165588;0,008930410258471966
2642;-180,0595245361328;-230,6667022705078;3657,599853515625;-0,5485057234764099;-1,86713445186615;-2,3585805892944336;0,5914865732192993;0,21915975213050842;0,1624506562948227;0,008715732954442501
2643;-180,0595245361328;-230,6667022705078;3657,599853515625;-0,5200566649436951;-2,0316505432128906;-2,0494072437286377;0,6129065155982971;0,22753411531448364;0,16819734871387482;0,009187707677483559
2644;-180,0595245361328;-230,6667022705078;3657,599853515625;-0,5385477542877197;-1,6893975734710693;-2,499896287918091;0,6029249429702759;0,22363832592964172;0,1656193733215332;0,008959594182670116
2645;-180,0595245361328;-230,6667022705078;3657,599853515625;-0,4620761573314667;-1,6880497932434082;-1,8608540296554565;0,6285036206245422;0,233384370803833;0,17256654798984528;0,00951498281210661
2646;-180,0595245361328;-230,6667022705078;3657,599853515625;-0,05116228386759758;-2,055903911590576;-1,8238073587417603;0,5963835716247559;0,221414253115654;0,16387328505516052;0,008817179128527641
2647;-180,0595245361328;-230,6667022705078;3657,599853515625;-0,9223929643630981;-1,676571011543274;-2,073961019515991;0,6185959577560425;0,2298450767993927;0,16992662847042084;0,009300567209720612
2648;-180,0595245361328;-230,6667022705078;3657,599853515625;-0,1313934028148651;-1,6082035303115845;-1,610790491104126;0,6216384172439575;0,23106887936592102;0,17079949378967285;0,009358679875731468
2649;-180,0595245361328;-230,6667022705078;3657,599853515625;-0,6088775396347046;-1,6549452543258667;-2,2207727432250977;0,634635329246521;0,23600603640079498;0,1744183450937271;0,009616597555577755
2650;-180,0595245361328;-230,6667022705078;3657,599853515625;0,04951275885105133;-1,7458171844482422;-1,6425305604934692;0,6070528030395508;0,22586989402770996;0,1668475717306137;0,009049933403730392
2651;-180,0595245361328;-230,6667022705078;3657,599853515625;-0,025755060836672783;-1,5137488842010498;-1,5783021450042725;0,6461926698684692;0,24056310951709747;0,1776394248008728;0,009848655201494694
2652;-180,0595245361328;-230,6667022705078;3657,599853515625;0,13937467336654663;-1,6591289043426514;-1,7486836910247803;0,6348295211791992;0,23647566139698029;0,1745702028274536;0,009603092446923256
2653;-180,0595245361328;-230,6667022705078;3657,599853515625;0,8099415302276611;-1,6970524787902832;-1,444446086883545;0,6486496925354004;0,2417730689048767;0,17839837074279785;0,009877912700176239
2654;-180,0595245361328;-230,6667022705078;3657,599853515625;0,4381948709487915;-1,933578610420227;-1,724276065826416;0,6483082175254822;0,24177955090999603;0,17829889059066772;0,009882266633212566
2655;-180,0595245361328;-230,6667022705078;3657,599853515625;-0,060862429440021515;-1,6971720457077026;-1,8560407161712646;0,6390876173973083;0,23848307132720947;0,17577804625034332;0,009697308763861656
2656;-180,0595245361328;-230,6667022705078;3657,599853515625;0,5955103635787964;-1,5771347284317017;-1,2458993196487427;0,638929545879364;0,2386927455663681;0,17587311565876007;0,009633215144276619
2657;-180,0595245361328;-230,6667022705078;3657,599853515625;0,07848671823740005;-1,5935637950897217;-1,4760233163833618;0,6470885276794434;0,24180974066257477;0,17805078625679016;0,009843241423368454
2658;-180,0595245361328;-230,6667022705078;3657,599853515625;0,522277295589447;-1,5954655408859253;-1,5353957414627075;0,6410025358200073;0,2396889179944992;0,1763913482427597;0,009722074493765831
2659;-180,0595245361328;-230,6667022705078;3657,599853515625;0,7139065265655518;-1,6584587097167969;-1,6069788932800293;0,6686140298843384;0,25014224648475647;0,183982715010643;0,01028521079570055
2660;-180,0595245361328;-230,6667022705078;3657,599853515625;1,2003865242004395;-1,4264293909072876;-1,190470576286316;0,6520283222198486;0,24418258666992188;0,17948967218399048;0,009929305873811245
2661;-180,0595245361328;-230,6667022705078;3657,599853515625;0,7748153805732727;-1,5154571533203125;-1,1837115287780762;0,6645619869232178;0,24889202415943146;0,182868093252182;0,01021844707429409
2662;-180,0595245361328;-230,6667022705078;3657,599853515625;1,051845669746399;-1,72084379196167;-1,1909586191177368;0,6691424250602722;0,2509229779243469;0,18422813713550568;0,010272733867168427
2663;-180,0595245361328;-230,6667022705078;3657,599853515625;1,1622551679611206;-1,632506012916565;-1,287087321281433;0,6717551946640015;0,2520449459552765;0,18494771420955658;0,010332068428397179
2664;-180,0595245361328;-230,6667022705078;3657,599853515625;0,8406279683113098;-1,3619955778121948;-1,3304572105407715;0,6738610863685608;0,2531842291355133;0,18563081324100494;0,010328700765967369
2665;-180,0595245361328;-230,6667022705078;3657,599853515625;0,9499990344047546;-1,1581300497055054;-1,0578482151031494;0,6705259084701538;0,2518965005874634;0,1846267431974411;0,010314243845641613
2666;-180,0595245361328;-230,6667022705078;3657,599853515625;0,8895708918571472;-1,1642800569534302;-1,1494975090026855;0,6772779226303101;0,25455525517463684;0,18647921085357666;0,01045745424926281
2667;-180,0595245361328;-230,6667022705078;3657,599853515625;0,5534109473228455;-1,2129158973693848;-1,357947587966919;0,6801010370254517;0,2561390995979309;0,18741796910762787;0,010436039417982101
2668;-180,0595245361328;-230,6667022705078;3657,599853515625;0,029655352234840393;-1,4193376302719116;-1,4411481618881226;0,680313229560852;0,25614458322525024;0,1873866766691208;0,010497559793293476
2669;-180,0595245361328;-230,6667022705078;3657,599853515625;0,9008707404136658;-1,3688232898712158;-1,2133514881134033;0,6655250191688538;0,25083091855049133;0,18335992097854614;0,01019031461328268
2670;-180,0595245361328;-230,6667022705078;3657,599853515625;0,6310262680053711;-1,048966407775879;-1,3997613191604614;0,6710782647132874;0,2531415522098541;0,18491940200328827;0,010290669277310371
2671;-180,0595245361328;-230,6667022705078;3657,599853515625;0,32302138209342957;-1,300695538520813;-1,0959781408309937;0,670300304889679;0,25296470522880554;0,1846964955329895;0,0102866031229496
2672;-180,0595245361328;-230,6667022705078;3657,599853515625;0,5296016931533813;-0,9201585054397583;-1,2398306131362915;0,6793440580368042;0,2565099895000458;0,18718624114990234;0,010471106506884098
2673;-180,0595245361328;-230,6667022705078;3657,599853515625;0,2630877196788788;-1,304955005645752;-1,2502081394195557;0,6837555170059204;0,25825589895248413;0,1883821338415146;0,010573058389127254
2674;-180,0595245361328;-230,6667022705078;3657,599853515625;0,3240792453289032;-1,3129363059997559;-1,231278419494629;0,6829421520233154;0,2583126723766327;0,18824006617069244;0,010522788390517235
2675;-180,0595245361328;-230,6667022705078;3657,599853515625;1,7341790199279785;-1,1111730337142944;-0,8832345604896545;0,700615644454956;0,26491987705230713;0,19303500652313232;0,010908618569374084
2676;-180,0595245361328;-230,6667022705078;3657,599853515625;1,8052254915237427;-1,4516760110855103;-0,9090353846549988;0,6834908127784729;0,25882524251937866;0,18839988112449646;0,010538400150835514
2677;-180,0595245361328;-230,6667022705078;3657,599853515625;1,5872650146484375;-1,2552014589309692;-1,1409705877304077;0,6816436648368835;0,2581404149532318;0,18785203993320465;0,0105263851583004
2678;-180,0595245361328;-230,6667022705078;3657,599853515625;1,854248285293579;-1,1659029722213745;-1,0109996795654297;0,6987679600715637;0,26467689871788025;0,19254589080810547;0,01087659690529108
2679;-180,0595245361328;-230,6667022705078;3657,599853515625;1,5819371938705444;-1,5666433572769165;-1,202380657196045;0,6985763907432556;0,26512226462364197;0,19261576235294342;0,010812916792929173
2680;-180,0595245361328;-230,6667022705078;3657,599853515625;2,210831642150879;-1,508573293685913;-1,3004696369171143;0,7093542814254761;0,2687426507472992;0,19539156556129456;0,011117644608020782
2681;-180,0595245361328;-230,6667022705078;3657,599853515625;0,5345098972320557;-0,9105159044265747;-1,1852906942367554;0,7166054248809814;0,27193281054496765;0,19749657809734344;0,011216066777706146
2682;-180,0595245361328;-230,6667022705078;3657,599853515625;1,0247352123260498;-1,4256892204284668;-1,2937748432159424;0,7194390296936035;0,2727203965187073;0,19815345108509064;0,011330592446029186
2683;-180,0595245361328;-230,6667022705078;3657,599853515625;1,3998440504074097;-1,4448133707046509;-1,221467137336731;0,7243725657463074;0,27429863810539246;0,19939029216766357;0,011474146507680416
2684;-180,0595245361328;-230,6667022705078;3657,599853515625;0,5623146295547485;-0,8969928026199341;-1,3072633743286133;0,7507414817810059;0,2848449647426605;0,2067735642194748;0,011938199400901794
2685;-180,0595245361328;-230,6667022705078;3657,599853515625;0,9182115197181702;-1,0144643783569336;-1,0243449211120605;0,7370005249977112;0,2798403203487396;0,20302356779575348;0,011663569137454033
2686;-180,0595245361328;-230,6667022705078;3657,599853515625;0,8053221106529236;-1,3033950328826904;-1,1554272174835205;0,7412338852882385;0,281191885471344;0,20408278703689575;0,011791151016950607
2687;-180,0595245361328;-230,6667022705078;3657,599853515625;0,6072718501091003;-1,4996159076690674;-1,355871558189392;0,7301812171936035;0,27770256996154785;0,20121367275714874;0,011503525078296661
2688;-180,0595245361328;-230,6667022705078;3657,599853515625;-0,2756709158420563;-1,466755986213684;-1,2469618320465088;0,7296765446662903;0,2773117125034332;0,20098766684532166;0,011535695753991604
2689;-180,0595245361328;-230,6667022705078;3657,599853515625;1,7755566835403442;-1,6521140336990356;-0,9941868185997009;0,7362412810325623;0,28010666370391846;0,20285329222679138;0,011636721901595592
2690;-180,0595245361328;-230,6667022705078;3657,599853515625;0,568233847618103;-1,2780827283859253;-1,2726486921310425;0,7469934225082397;0,28403446078300476;0,20574240386486053;0,011878101155161858
2691;-180,0595245361328;-230,6667022705078;3657,599853515625;1,4731435775756836;-1,1795525550842285;-1,0546237230300903;0,733467161655426;0,27918314933776855;0,20207363367080688;0,011591446585953236
2692;-180,0595245361328;-230,6667022705078;3657,599853515625;0,6158221364021301;-1,5698773860931396;-1,1343368291854858;0,7454032897949219;0,28359389305114746;0,20530018210411072;0,011850090697407722
2693;-180,0595245361328;-230,6667022705078;3657,599853515625;0,5432072877883911;-1,1893985271453857;-1,2847877740859985;0,7508147954940796;0,285936176776886;0,20684753358364105;0,011926630511879921
2694;-180,0595245361328;-230,6667022705078;3657,599853515625;1,0152907371520996;-0,9520567655563354;-1,1288009881973267;0,7431785464286804;0,28301504254341125;0,2047181874513626;0,011792013421654701
2695;-180,0595245361328;-230,6667022705078;3657,599853515625;1,6977159976959229;-0,9122301936149597;-1,0854732990264893;0,7525573968887329;0,28607261180877686;0,20713567733764648;0,012043485417962074
2696;-180,0595245361328;-230,6667022705078;3657,599853515625;0,39452415704727173;-1,5775583982467651;-1,2970556020736694;0,7533333897590637;0,2870450019836426;0,20752215385437012;0,011980903334915638
2697;-180,0595245361328;-230,6667022705078;3657,599853515625;0,8780848979949951;-1,5061742067337036;-0,9263918399810791;0,7539485692977905;0,28658556938171387;0,20747798681259155;0,012086043134331703
2698;-180,0595245361328;-230,6667022705078;3657,599853515625;1,3338619470596313;-1,379368543624878;-1,2335014343261719;0,7471680045127869;0,2842518985271454;0,2056647539138794;0,011933136731386185
2699;-180,0595245361328;-230,6667022705078;3657,599853515625;1,130745768547058;-1,6211259365081787;-1,0785179138183594;0,7450761198997498;0,28343960642814636;0,20506969094276428;0,011899571865797043
2700;-180,0595245361328;-230,6667022705078;3657,599853515625;0,7095935940742493;-1,4488859176635742;-1,0580918788909912;0,7538608908653259;0,2866159975528717;0,20742741227149963;0,012092210352420807
2701;-180,0595245361328;-230,6667022705078;3657,599853515625;0,6171499490737915;-1,8622610569000244;-0,9352824091911316;0,7632732391357422;0,29005590081214905;0,20996569097042084;0,012292574159801006
2702;-180,0595245361328;-230,6667022705078;3657,599853515625;0,8014573454856873;-1,7639412879943848;-1,0424880981445312;0,7610348463058472;0,2891831398010254;0,2093328833580017;0,012254335917532444
2703;-180,0595245361328;-230,6667022705078;3657,599853515625;1,1435078382492065;-1,9631335735321045;-1,11704421043396;0,7627713680267334;0,290253221988678;0,2099197804927826;0,012240874581038952
2704;-180,0595245361328;-230,6667022705078;3657,599853515625;1,1101256608963013;-1,7469455003738403;-1,0431716442108154;0,7513454556465149;0,2859205901622772;0,20677302777767181;0,012018914334475994
2705;-180,0595245361328;-230,6667022705078;3657,599853515625;1,6431735754013062;-1,6024854183197021;-0,9436638355255127;0,7443505525588989;0,28339114785194397;0,20488187670707703;0,011864108964800835
2706;-180,0595245361328;-230,6667022705078;3657,599853515625;0,8164157867431641;-1,3416266441345215;-1,0791122913360596;0,759800136089325;0,2889859080314636;0,20904669165611267;0,012198718264698982
2707;-180,0595245361328;-230,6667022705078;3657,599853515625;1,1143193244934082;-1,9034351110458374;-1,1134270429611206;0,7718079090118408;0,2932950258255005;0,2122732251882553;0,012460620142519474
2708;-180,0595245361328;-230,6667022705078;3657,599853515625;0,5118476748466492;-1,971102237701416;-1,0092843770980835;0,7364336848258972;0,28021132946014404;0,20265044271945953;0,01172348577529192
2709;-180,0595245361328;-230,6667022705078;3657,599853515625;0,3114808201789856;-1,6043745279312134;-0,7817741632461548;0,7477993369102478;0,2844119966030121;0,20574259757995605;0,011954802088439465
2710;-180,0595245361328;-230,6667022705078;3657,599853515625;0,6258464455604553;-1,9140112400054932;-0,9527086019515991;0,7474023103713989;0,2840123176574707;0,2055608630180359;0,01197653915733099
2711;-180,0595245361328;-230,6667022705078;3657,599853515625;0,5811982154846191;-1,8674105405807495;-0,8853433132171631;0,7442178130149841;0,2826373279094696;0,20463897287845612;0,011930962093174458
2712;-180,0595245361328;-230,6667022705078;3657,599853515625;0,7538933753967285;-1,79261314868927;-1,0448319911956787;0,7360591888427734;0,27990418672561646;0,2025183141231537;0,011705288663506508
2713;-180,0595245361328;-230,6667022705078;3657,599853515625;0,4556524455547333;-1,5666812658309937;-0,9077285528182983;0,722493588924408;0,274493932723999;0,19871550798416138;0,011473426595330238
2714;-180,0595245361328;-230,6667022705078;3657,599853515625;0,29295483231544495;-1,432298183441162;-0,9175093173980713;0,7355325222015381;0,2791450619697571;0,20221464335918427;0,011762857437133789
2715;-180,0595245361328;-230,6667022705078;3657,599853515625;0,9196363091468811;-1,812746286392212;-0,8852735161781311;0,7301899194717407;0,27716541290283203;0,20077507197856903;0,01163805928081274
2716;-180,0595245361328;-230,6667022705078;3657,599853515625;0,39596548676490784;-2,0918071269989014;-0,7656764984130859;0,7247133255004883;0,2750419080257416;0,1992705762386322;0,011523501947522163
2717;-180,0595245361328;-230,6667022705078;3657,599853515625;0,23406612873077393;-2,0506997108459473;-0,5096084475517273;0,7168846130371094;0,27199727296829224;0,19711074233055115;0,01136643998324871
2718;-180,0595245361328;-230,6667022705078;3657,599853515625;0,694701075553894;-1,7851029634475708;-1,0187397003173828;0,7019284963607788;0,26607546210289;0,19293086230754852;0,011101321317255497
2719;-180,0595245361328;-230,6667022705078;3657,599853515625;0,10923978686332703;-1,974429726600647;-0,6719809770584106;0,6946188807487488;0,26341280341148376;0,19098453223705292;0,010915069840848446
2720;-180,0595245361328;-230,6667022705078;3657,599853515625;0,030613068491220474;-2,1119136810302734;-0,8016801476478577;0,704118549823761;0,2667691111564636;0,19352813065052032;0,011128713376820087
2721;-180,0595245361328;-230,6667022705078;3657,599853515625;-0,11202215403318405;-2,136989116668701;-0,727792501449585;0,7045913934707642;0,26665785908699036;0,19357885420322418;0,011173710227012634
2722;-180,0595245361328;-230,6667022705078;3657,599853515625;0,4248347282409668;-2,1919360160827637;-0,96100252866745;0,6999412178993225;0,26499199867248535;0,19236791133880615;0,011034472845494747
2723;-180,0595245361328;-230,6667022705078;3657,599853515625;0,30161455273628235;-2,0811617374420166;-0,7828403115272522;0,6956302523612976;0,263004332780838;0,1910664588212967;0,011003145016729832
2724;-180,0595245361328;-230,6667022705078;3657,599853515625;0,04492981359362602;-2,052438497543335;-0,7764279842376709;0,6817132234573364;0,25776898860931396;0,18729424476623535;0,010691529139876366
2725;-180,0595245361328;-230,6667022705078;3657,599853515625;0,7543742060661316;-2,113662004470825;-0,913455605506897;0,661525309085846;0,24990041553974152;0,18168191611766815;0,01031667459756136
2726;-180,0595245361328;-230,6667022705078;3657,599853515625;0,2357906550168991;-2,4752914905548096;-0,6734085083007812;0,6650023460388184;0,2510383427143097;0,18259575963020325;0,010398359037935734
2727;-180,0595245361328;-230,6667022705078;3657,599853515625;0,11372707039117813;-2,426386833190918;-0,5922306180000305;0,6775541305541992;0,2555459439754486;0,18596835434436798;0,010674840770661831
2728;-180,0595245361328;-230,6667022705078;3657,599853515625;-0,0796552523970604;-2,5077295303344727;-0,5153639316558838;0,6654394268989563;0,25086432695388794;0,1826353520154953;0,01042873039841652
2729;-180,0595245361328;-230,6667022705078;3657,599853515625;0,09420166909694672;-2,313446044921875;-0,8252962231636047;0,6802905797958374;0,2564663589000702;0,186778724193573;0,010681206360459328
2730;-180,0595245361328;-230,6667022705078;3657,599853515625;-0,47176119685173035;-2,481921911239624;-0,4859534800052643;0,6400054097175598;0,24098902940750122;0,17559584975242615;0,0099236024543643
2731;-180,0595245361328;-230,6667022705078;3657,599853515625;0,5531799793243408;-2,3755409717559814;-0,8488042950630188;0,6529029607772827;0,2457786500453949;0,1791636347770691;0,010165305808186531
2732;-180,0595245361328;-230,6667022705078;3657,599853515625;-0,12916436791419983;-2,2199769020080566;-0,7637062668800354;0,6487108469009399;0,24405845999717712;0,1779896467924118;0,010082845576107502
2733;-180,0595245361328;-230,6667022705078;3657,599853515625;0,04028253257274628;-2,428032875061035;-0,3337130546569824;0,6379333138465881;0,23983775079250336;0,17498093843460083;0,009878464974462986
2734;-180,0595245361328;-230,6667022705078;3657,599853515625;-0,09685811400413513;-2,221961259841919;-0,6128252148628235;0,6225012540817261;0,23392967879772186;0,17076057195663452;0,00954735092818737
2735;-180,0595245361328;-230,6667022705078;3657,599853515625;-0,26098188757896423;-2,2405526638031006;-0,4818706810474396;0,62716144323349;0,23557032644748688;0,17207249999046326;0,009614390321075916
2736;-180,0595245361328;-230,6667022705078;3657,599853515625;0,16015325486660004;-2,1735265254974365;-0,4462198317050934;0,6181822419166565;0,23203058540821075;0,16951607167720795;0,009468336589634418
2737;-180,0595245361328;-230,6667022705078;3657,599853515625;0,7406542301177979;-2,200942277908325;-0,9994626641273499;0,6082642078399658;0,22817885875701904;0,1667722761631012;0,009263858199119568
2738;-180,0595245361328;-230,6667022705078;3657,599853515625;-0,8382832407951355;-2,204005479812622;0,055705439299345016;0,5937963128089905;0,2226247638463974;0,16280682384967804;0,008951970376074314
2739;-180,0595245361328;-230,6667022705078;3657,599853515625;0,4720083773136139;-2,2105324268341064;-0,7716459631919861;0,5813986659049988;0,2178315818309784;0,15942852199077606;0,008670708164572716
2740;-180,0595245361328;-230,6667022705078;3657,599853515625;0,4595330059528351;-2,1381092071533203;-0,7879142165184021;0,5681034326553345;0,212757870554924;0,1557120680809021;0,008406445384025574
2741;-180,0595245361328;-230,6667022705078;3657,599853515625;-0,48908695578575134;-2,0305519104003906;-0,5064765214920044;0,599418044090271;0,224361851811409;0,1642783135175705;0,00907628983259201
2742;-180,0595245361328;-230,6667022705078;3657,599853515625;0,49291324615478516;-2,091935634613037;-1,1003679037094116;0,558812141418457;0,20902472734451294;0,15315018594264984;0,0081971799954772
2743;-180,0595245361328;-230,6667022705078;3657,599853515625;0,4574797749519348;-2,226440668106079;-0,6825383305549622;0,5777058601379395;0,2159382551908493;0,1583290845155716;0,008597715757787228
2744;-180,0595245361328;-230,6667022705078;3657,599853515625;0,23292770981788635;-2,0418407917022705;-0,7844064831733704;0,558157205581665;0,20873922109603882;0,15284469723701477;0,008186956867575645
2745;-180,0595245361328;-230,6667022705078;3657,599853515625;0,03278851509094238;-2,0712852478027344;-0,5600345134735107;0,5469125509262085;0,20421715080738068;0,14984720945358276;0,007930135354399681
2746;-180,0595245361328;-230,6667022705078;3657,599853515625;0,03975493460893631;-1,8066473007202148;-0,663975179195404;0,5350384712219238;0,19969865679740906;0,14656981825828552;0,007664539851248264
2747;-180,0595245361328;-230,6667022705078;3657,599853515625;0,5408857464790344;-2,156700611114502;-0,8291581273078918;0,5488394498825073;0,20470936596393585;0,15034490823745728;0,00797000527381897
2748;-180,0595245361328;-230,6667022705078;3657,599853515625;-0,10029758512973785;-2,0225820541381836;-0,8598405718803406;0,5458735823631287;0,20340260863304138;0,14954209327697754;0,007893634028732777
2749;-180,0595245361328;-230,6667022705078;3657,599853515625;0,24000965058803558;-1,769992709159851;-0,8097010850906372;0,5332356691360474;0,19892476499080658;0,14598381519317627;0,007612583693116903
2750;-180,0595245361328;-230,6667022705078;3657,599853515625;0,8110348582267761;-2,068098783493042;-1,1639317274093628;0,5284019708633423;0,19688311219215393;0,14468228816986084;0,007505335845053196
2751;-180,0595245361328;-230,6667022705078;3657,599853515625;0,7383689284324646;-2,165945529937744;-1,2639981508255005;0,5161179304122925;0,19186784327030182;0,14137214422225952;0,007208949886262417
2752;-180,0595245361328;-230,6667022705078;3657,599853515625;0,5560949444770813;-2,145134449005127;-1,0032973289489746;0,5131353735923767;0,19071698188781738;0,14052994549274445;0,007143181283026934
2753;-180,0595245361328;-230,6667022705078;3657,599853515625;0,047094590961933136;-1,9361430406570435;-0,9181839823722839;0,5070093274116516;0,18846610188484192;0,13882026076316833;0,007000370416790247
2754;-180,0595245361328;-230,6667022705078;3657,599853515625;0,43838924169540405;-1,9233685731887817;-1,0978851318359375;0,48740389943122864;0,18089717626571655;0,13346770405769348;0,006527785211801529
2755;-180,0595245361328;-230,6667022705078;3657,599853515625;0,9055060148239136;-1,8767646551132202;-1,2054202556610107;0,4898965656757355;0,18180006742477417;0,134129136800766;0,006585513707250357
2756;-180,0595245361328;-230,6667022705078;3657,599853515625;0,4030407965183258;-1,8432642221450806;-0,9147913455963135;0,4960169494152069;0,18387006223201752;0,1358068883419037;0,0067290980368852615
2757;-180,0595245361328;-230,6667022705078;3657,599853515625;1,1399399042129517;-1,956079363822937;-1,383504867553711;0,4853598177433014;0,17974282801151276;0,13288362324237823;0,006468437146395445
2758;-180,0595245361328;-230,6667022705078;3657,599853515625;0,7096758484840393;-1,8198357820510864;-1,191785454750061;0,4723406434059143;0,17477688193321228;0,12931805849075317;0,006144820246845484
2759;-180,0595245361328;-230,6667022705078;3657,599853515625;0,7556011080741882;-2,00404953956604;-1,2112253904342651;0,4755253195762634;0,1758585125207901;0,13018031418323517;0,00622099032625556
2760;-180,0595245361328;-230,6667022705078;3657,599853515625;0,050915662199258804;-1,5553244352340698;-0,9788201451301575;0,4465503692626953;0,16441845893859863;0,12229293584823608;0,005453859455883503
2761;-180,0595245361328;-230,6667022705078;3657,599853515625;0,39416372776031494;-1,6180542707443237;-1,0713880062103271;0,4696943461894989;0,17362555861473083;0,12856052815914154;0,006067818496376276
2762;-180,0595245361328;-230,6667022705078;3657,599853515625;0,8374974727630615;-1,6736890077590942;-1,3505420684814453;0,47353294491767883;0,17484597861766815;0,12961222231388092;0,0061622378416359425
2763;-180,0595245361328;-230,6667022705078;3657,599853515625;0,8167656660079956;-1,7715911865234375;-1,416134238243103;0,4653848111629486;0,17163555324077606;0,1273815631866455;0,005953631363809109
2764;-180,0595245361328;-230,6667022705078;3657,599853515625;0,6847671270370483;-1,6839613914489746;-1,2363202571868896;0,48127323389053345;0,17784157395362854;0,13169942796230316;0,0063445535488426685
2765;-180,0595245361328;-230,6667022705078;3657,599853515625;0,3920324146747589;-1,733410358428955;-1,2082481384277344;0,47363531589508057;0,17431338131427765;0,1296408623456955;0,006145074497908354
2766;-180,0595245361328;-230,6667022705078;3657,599853515625;0,7837057709693909;-1,6716675758361816;-1,4233373403549194;0,45213016867637634;0,1661854088306427;0,12375685572624207;0,005598278716206551
2767;-180,0595245361328;-230,6667022705078;3657,599853515625;0,9328705668449402;-1,7488991022109985;-1,5287303924560547;0,43561747670173645;0,16044990718364716;0,11921167373657227;0,00513502350077033
2768;-180,0595245361328;-230,6667022705078;3657,599853515625;0,6914533972740173;-1,604324460029602;-1,3910624980926514;0,3643535077571869;0,1328095942735672;0,09977049380540848;0,0028241989202797413
2769;-180,0595245361328;-230,6667022705078;3657,599853515625;0,4912986159324646;-1,7733429670333862;-1,2997190952301025;0,4356202781200409;0,1586180329322815;0,11928392201662064;0,004977813456207514
2770;-180,0595245361328;-230,6667022705078;3657,599853515625;1,2100032567977905;-1,9114242792129517;-1,5795209407806396;0,4703630805015564;0,17293746769428253;0,1287178248167038;0,006055349018424749
2771;-180,0595245361328;-230,6667022705078;3657,599853515625;0,36262595653533936;-1,7182683944702148;-1,377073049545288;0,45859840512275696;0,16873648762702942;0,12548886239528656;0,005748646799474955
2772;-180,0595245361328;-230,6667022705078;3657,599853515625;1,1005595922470093;-1,9228734970092773;-1,5432206392288208;0,4179409146308899;0,15287964046001434;0,11439750343561172;0,004640259314328432
2773;-180,0595245361328;-230,6667022705078;3657,599853515625;1,214280366897583;-1,7535429000854492;-1,6045094728469849;0,45704302191734314;0,1683615744113922;0,12505190074443817;0,005680498201400042
2774;-180,0595245361328;-230,6667022705078;3657,599853515625;1,1361981630325317;-1,8092089891433716;-1,6207406520843506;0,4652878940105438;0,1708844006061554;0,12732791900634766;0,0059141055680811405
2775;-180,0595245361328;-230,6667022705078;3657,599853515625;0,29428860545158386;-1,4740593433380127;-1,5256143808364868;0,462727814912796;0,17000800371170044;0,12662577629089355;0,005843714345246553
2776;-180,0595245361328;-230,6667022705078;3657,599853515625;0,48879194259643555;-1,574224591255188;-1,664453148841858;0,47502899169921875;0,17428883910179138;0,13000154495239258;0,006149861495941877
2777;-180,0595245361328;-230,6667022705078;3657,599853515625;0,9962534308433533;-1,6330541372299194;-1,4999250173568726;0,4684228003025055;0,17199969291687012;0,12819387018680573;0,005983017850667238
2778;-180,0595245361328;-230,6667022705078;3657,599853515625;0,5812573432922363;-1,6477718353271484;-1,7511591911315918;0,49357712268829346;0,18199077248573303;0,13505244255065918;0,006585824303328991
2779;-180,0595245361328;-230,6667022705078;3657,599853515625;1,1897127628326416;-1,7873151302337646;-1,5518776178359985;0,49234819412231445;0,18120267987251282;0,13473168015480042;0,006564180366694927
2780;-180,0595245361328;-230,6667022705078;3657,599853515625;0,9117301106452942;-1,7825055122375488;-1,679504632949829;0,5013399720191956;0,18469130992889404;0,13719280064105988;0,006773863919079304
2781;-180,0595245361328;-230,6667022705078;3657,599853515625;0,28026053309440613;-1,5884909629821777;-1,5274789333343506;0,4961549639701843;0,18234628438949585;0,13579362630844116;0,006652096752077341
2782;-180,0595245361328;-230,6667022705078;3657,599853515625;0,29675883054733276;-1,4662106037139893;-1,358349323272705;0,4913322627544403;0,18080393970012665;0,13447222113609314;0,006527832243591547
2783;-180,0595245361328;-230,6667022705078;3657,599853515625;0,8709074258804321;-1,8542670011520386;-1,3784598112106323;0,5049343109130859;0,1867137849330902;0,13816951215267181;0,006798001937568188
2784;-180,0595245361328;-230,6667022705078;3657,599853515625;-0,044198229908943176;-1,4581961631774902;-1,6878799200057983;0,49959859251976013;0,18447962403297424;0,13672509789466858;0,006685360334813595
2785;-180,0595245361328;-230,6667022705078;3657,599853515625;0,5757455229759216;-1,6943962574005127;-1,5439369678497314;0,5068464279174805;0,1869783252477646;0,13872520625591278;0,00687408959493041
2786;-180,0595245361328;-230,6667022705078;3657,599853515625;0,6862016320228577;-1,7889752388000488;-1,4341126680374146;0,5242530703544617;0,19378553330898285;0,14348359405994415;0,007264240179210901
2787;-180,0595245361328;-230,6667022705078;3657,599853515625;0,3077547252178192;-1,5662016868591309;-1,4339936971664429;0,5275145769119263;0,19551602005958557;0,14436404407024384;0,007284124847501516
2788;-180,0595245361328;-230,6667022705078;3657,599853515625;0,06851594895124435;-1,3903244733810425;-1,4671787023544312;0,5312705636024475;0,19667570292949677;0,14541110396385193;0,007397576700896025
2789;-180,0595245361328;-230,6667022705078;3657,599853515625;-0,29990753531455994;-1,383961796760559;-1,778940200805664;0,5210874080657959;0,19280895590782166;0,14263847470283508;0,007156917825341225
2790;-180,0595245361328;-230,6667022705078;3657,599853515625;0,05820991098880768;-1,4133787155151367;-1,626690149307251;0,5253704190254211;0,19422240555286407;0,14382949471473694;0,007273917086422443
2791;-180,0595245361328;-230,6667022705078;3657,599853515625;-0,9997314810752869;-1,0245709419250488;-1,9554104804992676;0,5317605137825012;0,19653043150901794;0,14559370279312134;0,007427504751831293
2792;-180,0595245361328;-230,6667022705078;3657,599853515625;-0,7491461634635925;-1,0942713022232056;-1,7759584188461304;0,5370798707008362;0,19878414273262024;0,1470428705215454;0,007525860331952572
2793;-180,0595245361328;-230,6667022705078;3657,599853515625;-0,43539348244667053;-1,4015965461730957;-1,7457290887832642;0,5499979257583618;0,20363636314868927;0,15059202909469604;0,007819716818630695
2794;-180,0595245361328;-230,6667022705078;3657,599853515625;-0,16512642800807953;-1,5499284267425537;-1,5915340185165405;0,5381685495376587;0,19921299815177917;0,1473686546087265;0,007543414831161499
2795;-180,0595245361328;-230,6667022705078;3657,599853515625;-1,541678547859192;-0,9449038505554199;-1,8283755779266357;0,5476111173629761;0,20291060209274292;0,1499573439359665;0,007742168381810188
2796;-180,0595245361328;-230,6667022705078;3657,599853515625;-0,6079584360122681;-1,2252448797225952;-1,6421599388122559;0,5386562347412109;0,19939199090003967;0,14752794802188873;0,007550958078354597
2797;-180,0595245361328;-230,6667022705078;3657,599853515625;-1,0751703977584839;-1,2846102714538574;-1,7377121448516846;0,5564798712730408;0,2060399204492569;0,15242184698581696;0,007960242219269276
2798;-180,0595245361328;-230,6667022705078;3657,599853515625;-1,0110573768615723;-0,943097710609436;-1,6898024082183838;0,5615226626396179;0,20786626636981964;0,1538236439228058;0,008077545091509819
2799;-180,0595245361328;-230,6667022705078;3657,599853515625;-0,6795104742050171;-1,146278977394104;-1,8580795526504517;0,5438470840454102;0,2016877681016922;0,14895977079868317;0,007620932534337044
2800;-180,0595245361328;-230,6667022705078;3657,599853515625;-0,9920797944068909;-1,2435222864151;-1,8434009552001953;0,5426381230354309;0,2007555216550827;0,14868733286857605;0,007651686202734709
2801;-180,0595245361328;-230,6667022705078;3657,599853515625;-0,6806626319885254;-1,1984376907348633;-1,835835337638855;0,556701123714447;0,20595839619636536;0,15255798399448395;0,00797482579946518
2802;-180,0595245361328;-230,6667022705078;3657,599853515625;-0,7349027395248413;-1,1888782978057861;-1,6893550157546997;0,5573202967643738;0,2065032571554184;0,15271173417568207;0,00796015840023756
2803;-180,0595245361328;-230,6667022705078;3657,599853515625;-0,9623334407806396;-1,1146692037582397;-1,847436785697937;0,5647368431091309;0,20922021567821503;0,1547641009092331;0,008133654482662678
2804;-180,0595245361328;-230,6667022705078;3657,599853515625;-1,2881296873092651;-1,1386363506317139;-1,7979893684387207;0,5693712830543518;0,21096599102020264;0,1560489535331726;0,008236436173319817
2805;-180,0595245361328;-230,6667022705078;3657,599853515625;-1,191494107246399;-1,0294965505599976;-1,886857509613037;0,5707050561904907;0,21140696108341217;0,1564387083053589;0,008272391743957996
2806;-180,0595245361328;-230,6667022705078;3657,599853515625;-0,455081582069397;-1,2687395811080933;-1,877495527267456;0,5751223564147949;0,2131577432155609;0,1576528698205948;0,008362061344087124
2807;-180,0595245361328;-230,6667022705078;3657,599853515625;-0,9704574942588806;-1,1684907674789429;-1,9287946224212646;0,5644899010658264;0,2089136242866516;0,15480975806713104;0,008148860186338425
2808;-180,0595245361328;-230,6667022705078;3657,599853515625;-1,3882856369018555;-1,1604505777359009;-1,906044363975525;0,5705410838127136;0,21114370226860046;0,1564941108226776;0,008283778093755245
2809;-180,0595245361328;-230,6667022705078;3657,599853515625;-1,0555499792099;-1,5413998365402222;-1,8998510837554932;0,5732839107513428;0,2122015804052353;0,15726818144321442;0,008343152701854706
2810;-180,0595245361328;-230,6667022705078;3657,599853515625;-1,1467771530151367;-1,3321486711502075;-2,077058792114258;0,5612682700157166;0,2078436017036438;0,153982013463974;0,008075705729424953
2811;-180,0595245361328;-230,6667022705078;3657,599853515625;-0,5508643984794617;-1,5739765167236328;-1,7625600099563599;0,5786300301551819;0,21428947150707245;0,15877360105514526;0,008458051830530167
2812;-180,0595245361328;-230,6667022705078;3657,599853515625;-0,8107923269271851;-1,5236396789550781;-1,8097946643829346;0,5887191891670227;0,21800555288791656;0,16158472001552582;0,0086727449670434
2813;-180,0595245361328;-230,6667022705078;3657,599853515625;-0,5887371897697449;-1,5808234214782715;-1,6901730298995972;0,6099395155906677;0,226133793592453;0,16737021505832672;0,009128311648964882
2814;-180,0595245361328;-230,6667022705078;3657,599853515625;-0,745855987071991;-1,5213228464126587;-1,6669782400131226;0,6030131578445435;0,22328554093837738;0,1656108945608139;0,0089513398706913
2815;-180,0595245361328;-230,6667022705078;3657,599853515625;-1,1263495683670044;-1,3727089166641235;-1,889694094657898;0,5913411974906921;0,2191062569618225;0,16241060197353363;0,008712757378816605
2816;-180,0595245361328;-230,6667022705078;3657,599853515625;-0,72518390417099;-1,674993872642517;-1,7170597314834595;0,6138636469841003;0,22788645327091217;0,1684606820344925;0,009208216331899166
2817;-180,0595245361328;-230,6667022705078;3657,599853515625;-0,9613161087036133;-1,5053619146347046;-2,100963592529297;0,6019753217697144;0,22329021990299225;0,1653582751750946;0,008940602652728558
2818;-180,0595245361328;-230,6667022705078;3657,599853515625;-0,8042089343070984;-1,4628522396087646;-1,6743361949920654;0,6289017200469971;0,23352782428264618;0,17267856001853943;0,009522906504571438
2819;-180,0595245361328;-230,6667022705078;3657,599853515625;0,2988901436328888;-2,07645583152771;-1,7370519638061523;0,5963882207870483;0,2214243859052658;0,1638672947883606;0,008819818496704102
2820;-180,0595245361328;-230,6667022705078;3657,599853515625;-0,7959105968475342;-1,6561121940612793;-1,881388783454895;0,6186992526054382;0,2298823893070221;0,1699557602405548;0,00930252019315958
2821;-180,0595245361328;-230,6667022705078;3657,599853515625;0,19858752191066742;-1,6431132555007935;-1,4803786277770996;0,621759831905365;0,23111289739608765;0,17083412408828735;0,009360816329717636
2822;-180,0595245361328;-230,6667022705078;3657,599853515625;-0,8189213275909424;-1,6039553880691528;-2,280662775039673;0,6339893341064453;0,23576755821704865;0,17423559725284576;0,009605280123651028
2823;-180,0595245361328;-230,6667022705078;3657,599853515625;0,058708760887384415;-1,7169106006622314;-1,5958704948425293;0,6056816577911377;0,22535982728004456;0,166469007730484;0,009021783247590065
2824;-180,0595245361328;-230,6667022705078;3657,599853515625;0,0017939058598130941;-1,5804601907730103;-1,5604853630065918;0,6436982154846191;0,23963403701782227;0,17695026099681854;0,009799456223845482
2825;-180,0595245361328;-230,6667022705078;3657,599853515625;-0,09186587482690811;-1,6319133043289185;-1,7395873069763184;0,6337354183197021;0,23606480658054352;0,17425823211669922;0,009585674852132797
2826;-180,0595245361328;-230,6667022705078;3657,599853515625;0,6387147903442383;-1,7328177690505981;-1,4504202604293823;0,6489936709403992;0,24189579486846924;0,17848193645477295;0,009890074841678143
2827;-180,0595245361328;-230,6667022705078;3657,599853515625;-0,10906825959682465;-1,85475492477417;-1,8255263566970825;0,6495210528373718;0,24222248792648315;0,17861878871917725;0,00991238933056593
2828;-180,0595245361328;-230,6667022705078;3657,599853515625;0,15824636816978455;-1,6334855556488037;-1,8539001941680908;0,6402767300605774;0,23892132937908173;0,1760990470647812;0,009723781608045101
2829;-180,0595245361328;-230,6667022705078;3657,599853515625;1,08165442943573;-1,7478853464126587;-1,2588179111480713;0,6412895917892456;0,2395901381969452;0,1765385866165161;0,009670287370681763
2830;-180,0595245361328;-230,6667022705078;3657,599853515625;0,29467910528182983;-1,555522084236145;-1,5005805492401123;0,6550300121307373;0,24478600919246674;0,18024349212646484;0,009998569265007973
2831;-180,0595245361328;-230,6667022705078;3657,599853515625;0,6493735313415527;-1,723947525024414;-1,5670546293258667;0,6405020952224731;0,2394980490207672;0,17625075578689575;0,0097131272777915
2832;-180,0595245361328;-230,6667022705078;3657,599853515625;0,594196617603302;-1,7136240005493164;-1,7135554552078247;0,6695056557655334;0,2504674196243286;0,18422237038612366;0,010305351577699184
2833;-180,0595245361328;-230,6667022705078;3657,599853515625;0,9543927311897278;-1,3884162902832031;-1,228203535079956;0,6527231931686401;0,24444758892059326;0,1796829104423523;0,00994162354618311
2834;-180,0595245361328;-230,6667022705078;3657,599853515625;0,7862553000450134;-1,5833673477172852;-1,2066962718963623;0,6699509620666504;0,2508975565433502;0,1843446046113968;0,010328693315386772
2835;-180,0595245361328;-230,6667022705078;3657,599853515625;0,789374828338623;-1,6210129261016846;-1,2195205688476562;0,6719077825546265;0,25195255875587463;0,18498830497264862;0,01032931450754404
2836;-180,0595245361328;-230,6667022705078;3657,599853515625;0,9433588981628418;-1,533976435661316;-1,3647438287734985;0,6708904504776001;0,25171715021133423;0,1847081333398819;0,010315608233213425
2837;-180,0595245361328;-230,6667022705078;3657,599853515625;1,1582472324371338;-1,3086042404174805;-1,3343619108200073;0,6739535927772522;0,25321516394615173;0,18565168976783752;0,010331305675208569
2838;-180,0595245361328;-230,6667022705078;3657,599853515625;1,0095254182815552;-1,3158975839614868;-1,2049974203109741;0,6729379296302795;0,25279492139816284;0,1852879822254181;0,010363494977355003
2839;-180,0595245361328;-230,6667022705078;3657,599853515625;1,1391807794570923;-1,2352485656738281;-1,1513943672180176;0,6782301664352417;0,2549262046813965;0,1867489069700241;0,010473715141415596
2840;-180,0595245361328;-230,6667022705078;3657,599853515625;1,0028070211410522;-1,303357720375061;-1,3525733947753906;0,6809173822402954;0,2564673125743866;0,1876518875360489;0,010446632280945778
2841;-180,0595245361328;-230,6667022705078;3657,599853515625;1,1133735179901123;-1,6868916749954224;-1,4469305276870728;0,6800035238265991;0,25604796409606934;0,18731451034545898;0,010487567633390427
2842;-180,0595245361328;-230,6667022705078;3657,599853515625;0,9428521394729614;-1,4042744636535645;-1,2264991998672485;0,6655228734016418;0,2508281469345093;0,18335683643817902;0,010190542787313461
2843;-180,0595245361328;-230,6667022705078;3657,599853515625;0,5327075123786926;-1,079504132270813;-1,4024678468704224;0,6691808104515076;0,2524523437023163;0,1844068020582199;0,01024797186255455
2844;-180,0595245361328;-230,6667022705078;3657,599853515625;1,3308086395263672;-1,5022408962249756;-1,0343061685562134;0,6696509718894958;0,25270766019821167;0,18451274931430817;0,010275990702211857
2845;-180,0595245361328;-230,6667022705078;3657,599853515625;0,6360563039779663;-1,0200934410095215;-1,34730064868927;0,6780519485473633;0,2560393810272217;0,18683657050132751;0,010442642495036125
2846;-180,0595245361328;-230,6667022705078;3657,599853515625;-0,09829527884721756;-1,277016282081604;-1,3234946727752686;0,6820688247680664;0,2576049566268921;0,18791267275810242;0,01054223719984293
2847;-180,0595245361328;-230,6667022705078;3657,599853515625;0,06802954524755478;-1,2406436204910278;-1,1971310377120972;0,6815229058265686;0,2577592134475708;0,1878398209810257;0,010498149320483208
2848;-180,0595245361328;-230,6667022705078;3657,599853515625;1,822178840637207;-1,3562692403793335;-1,0387482643127441;0,6984730958938599;0,2641124427318573;0,19244566559791565;0,010866470634937286
2849;-180,0595245361328;-230,6667022705078;3657,599853515625;1,960368275642395;-1,6836987733840942;-1,0564517974853516;0,6830151081085205;0,25867319107055664;0,1882772147655487;0,010524076409637928
2850;-180,0595245361328;-230,6667022705078;3657,599853515625;0,7667957544326782;-1,1762807369232178;-1,2695643901824951;0,6795737147331238;0,25736525654792786;0,18728436529636383;0,010484441183507442
2851;-180,0595245361328;-230,6667022705078;3657,599853515625;2,2763209342956543;-1,3352854251861572;-1,0615209341049194;0,6982357501983643;0,26447567343711853;0,1923999935388565;0,010865902528166771
2852;-180,0595245361328;-230,6667022705078;3657,599853515625;0,9853262901306152;-1,6270053386688232;-1,4081517457962036;0,6973851919174194;0,2646668553352356;0,19228577613830566;0,010790456086397171
2853;-180,0595245361328;-230,6667022705078;3657,599853515625;1,0385589599609375;-1,2812083959579468;-1,3830599784851074;0,7098512053489685;0,2689264118671417;0,1955339014530182;0,01112778764218092
2854;-180,0595245361328;-230,6667022705078;3657,599853515625;1,4354794025421143;-1,45667564868927;-1,4385229349136353;0,7166417837142944;0,2719472050666809;0,19750696420669556;0,011216667480766773
2855;-180,0595245361328;-230,6667022705078;3657,599853515625;1,5423306226730347;-1,6000086069107056;-1,3241369724273682;0,7163428068161011;0,2715584337711334;0,19730409979820251;0,011268995702266693
2856;-180,0595245361328;-230,6667022705078;3657,599853515625;1,6878225803375244;-1,5088597536087036;-1,332094430923462;0,7244405150413513;0,27431994676589966;0,19940662384033203;0,011476036161184311
2857;-180,0595245361328;-230,6667022705078;3657,599853515625;1,8051273822784424;-1,3304427862167358;-1,4166498184204102;0,7495834827423096;0,2844032943248749;0,20646072924137115;0,011916137300431728
2858;-180,0595245361328;-230,6667022705078;3657,599853515625;1,0117508172988892;-1,2973036766052246;-1,1425637006759644;0,7354497909545898;0,27925506234169006;0,202597513794899;0,011633184738457203
2859;-180,0595245361328;-230,6667022705078;3657,599853515625;0,6356720328330994;-1,4646965265274048;-1,3853302001953125;0,7403984665870667;0,28086161613464355;0,20384900271892548;0,011776436120271683
2860;-180,0595245361328;-230,6667022705078;3657,599853515625;0,6105297803878784;-1,528264045715332;-1,4563548564910889;0,7286022305488586;0,27709636092185974;0,20077691972255707;0,011473941616714
2861;-180,0595245361328;-230,6667022705078;3657,599853515625;0,47305652499198914;-1,9260553121566772;-1,437917709350586;0,7276750206947327;0,27656295895576477;0,2004343569278717;0,01149546168744564
2862;-180,0595245361328;-230,6667022705078;3657,599853515625;1,2870718240737915;-1,603331446647644;-1,1241250038146973;0,7361428141593933;0,2800273299217224;0,2028142511844635;0,011640572920441628
2863;-180,0595245361328;-230,6667022705078;3657,599853515625;0,2901652753353119;-1,5945768356323242;-1,507092833518982;0,74610435962677;0,2836903929710388;0,20549526810646057;0,01186168473213911
2864;-180,0595245361328;-230,6667022705078;3657,599853515625;2,0219030380249023;-1,4667935371398926;-1,2352769374847412;0,7344638109207153;0,27956295013427734;0,20234835147857666;0,011610510759055614
2865;-180,0595245361328;-230,6667022705078;3657,599853515625;0,8359127044677734;-1,6885126829147339;-1,3091527223587036;0,7440151572227478;0,2830871641635895;0,20492397248744965;0,011820606887340546
2866;-180,0595245361328;-230,6667022705078;3657,599853515625;0,6316652297973633;-1,3051501512527466;-1,3907983303070068;0,749223530292511;0,2853494882583618;0,20641463994979858;0,011893441900610924
2867;-180,0595245361328;-230,6667022705078;3657,599853515625;0,921066403388977;-1,1744310855865479;-1,4336613416671753;0,7416731715202332;0,2824609875679016;0,20430926978588104;0,011760414578020573
2868;-180,0595245361328;-230,6667022705078;3657,599853515625;2,312095880508423;-1,1093735694885254;-1,1784439086914062;0,7512634992599487;0,28557124733924866;0,20677703619003296;0,012019544839859009
2869;-180,0595245361328;-230,6667022705078;3657,599853515625;1,273502230644226;-1,8425359725952148;-1,4121339321136475;0,7521364688873291;0,28660956025123596;0,20719826221466064;0,011954963207244873
2870;-180,0595245361328;-230,6667022705078;3657,599853515625;0,9688650965690613;-1,8261436223983765;-1,0815778970718384;0,7525363564491272;0,2860599756240845;0,20709240436553955;0,012057546526193619
2871;-180,0595245361328;-230,6667022705078;3657,599853515625;1,7119418382644653;-1,5505635738372803;-1,4350553750991821;0,7458823919296265;0,28374823927879333;0,20530666410923004;0,011909962631762028
2872;-180,0595245361328;-230,6667022705078;3657,599853515625;1,2077668905258179;-1,9044815301895142;-1,2902419567108154;0,7433004379272461;0,28276535868644714;0,20458140969276428;0,01186509057879448
2873;-180,0595245361328;-230,6667022705078;3657,599853515625;1,3024338483810425;-1,7081575393676758;-1,1410969495773315;0,7525901198387146;0,2861402928829193;0,20707982778549194;0,012066802009940147
2874;-180,0595245361328;-230,6667022705078;3657,599853515625;0,8770593404769897;-2,1002941131591797;-1,2082030773162842;0,7627155780792236;0,2898457646369934;0,20981277525424957;0,012281559407711029
2875;-180,0595245361328;-230,6667022705078;3657,599853515625;1,1071269512176514;-1,9980008602142334;-1,2497739791870117;0,7601290941238403;0,28882354497909546;0,20907968282699585;0,012238413095474243
2876;-180,0595245361328;-230,6667022705078;3657,599853515625;1,0609709024429321;-2,239025592803955;-1,4017878770828247;0,7614117860794067;0,2897310256958008;0,2095443308353424;0,01221545785665512
2877;-180,0595245361328;-230,6667022705078;3657,599853515625;1,048702359199524;-2,118288993835449;-1,3173611164093018;0,7508085370063782;0,2856917083263397;0,20661823451519012;0,012011876329779625
2878;-180,0595245361328;-230,6667022705078;3657,599853515625;1,420189380645752;-1,9334527254104614;-1,177414894104004;0,7425479888916016;0,2826983332633972;0,2043837606906891;0,011830337345600128
2879;-180,0595245361328;-230,6667022705078;3657,599853515625;1,6596870422363281;-1,7323859930038452;-1,274253249168396;0,7586800456047058;0,28853076696395874;0,20872971415519714;0,012180973775684834
2880;-180,0595245361328;-230,6667022705078;3657,599853515625;0,8359307646751404;-2,1161766052246094;-1,3059347867965698;0,7708380818367004;0,2929389476776123;0,21200893819332123;0,01244035642594099
2881;-180,0595245361328;-230,6667022705078;3657,599853515625;1,0549895763397217;-2,2576255798339844;-1,3111355304718018;0,7341770529747009;0,27939707040786743;0,20204287767410278;0,011673122644424438
2882;-180,0595245361328;-230,6667022705078;3657,599853515625;0,7503576874732971;-1,923740267753601;-0,9822884202003479;0,7456730008125305;0,28364384174346924;0,20516996085643768;0,011907590553164482
2883;-180,0595245361328;-230,6667022705078;3657,599853515625;1,403151273727417;-2,247354507446289;-1,2757474184036255;0,7457038760185242;0,2833569645881653;0,2050906866788864;0,011945121921598911
2884;-180,0595245361328;-230,6667022705078;3657,599853515625;0,6541743278503418;-2,341599941253662;-1,1367446184158325;0,7421837449073792;0,28188392519950867;0,20408564805984497;0,011888868175446987
2885;-180,0595245361328;-230,6667022705078;3657,599853515625;1,3457368612289429;-2,255598306655884;-1,2602076530456543;0,7342440485954285;0,27922323346138;0,2020217925310135;0,011668641120195389
2886;-180,0595245361328;-230,6667022705078;3657,599853515625;0,6534990072250366;-1,9010802507400513;-1,1903597116470337;0,7197709679603577;0,2734747529029846;0,19797161221504211;0,011417999863624573
2887;-180,0595245361328;-230,6667022705078;3657,599853515625;1,0350373983383179;-2,018928050994873;-1,2668989896774292;0,7329298853874207;0,2781811058521271;0,20150692760944366;0,011708524078130722
2888;-180,0595245361328;-230,6667022705078;3657,599853515625;0,9626359939575195;-2,1419708728790283;-1,2330163717269897;0,7280754446983337;0,27636846899986267;0,2001958191394806;0,011595995165407658
2889;-180,0595245361328;-230,6667022705078;3657,599853515625;0,7778331637382507;-2,576540231704712;-1,0163302421569824;0,7238144874572754;0,2746860384941101;0,1990179866552353;0,011508694849908352
2890;-180,0595245361328;-230,6667022705078;3657,599853515625;0,27858465909957886;-2,264075994491577;-0,6356146335601807;0,7144248485565186;0,2710561156272888;0,1964445412158966;0,011319911107420921
2891;-180,0595245361328;-230,6667022705078;3657,599853515625;0,7101013660430908;-1,953640103340149;-1,2449147701263428;0,6990525722503662;0,2649992108345032;0,192145437002182;0,011042323894798756
2892;-180,0595245361328;-230,6667022705078;3657,599853515625;0,2301890105009079;-2,233121633529663;-0,9644300937652588;0,6924923062324524;0,26260772347450256;0,19040757417678833;0,010872936807572842
2893;-180,0595245361328;-230,6667022705078;3657,599853515625;0,18028084933757782;-2,375723361968994;-0,9796556234359741;0,7014718055725098;0,26577943563461304;0,19280803203582764;0,011074108071625233
2894;-180,0595245361328;-230,6667022705078;3657,599853515625;-0,03132567182183266;-2,357513189315796;-0,9133177995681763;0,7024701833724976;0,2658642530441284;0,19299134612083435;0,011130237951874733
2895;-180,0595245361328;-230,6667022705078;3657,599853515625;0,5854210257530212;-2,2522237300872803;-1,1270023584365845;0,6984333395957947;0,2644215524196625;0,19195018708705902;0,011004962958395481
2896;-180,0595245361328;-230,6667022705078;3657,599853515625;0,348345011472702;-2,2541844844818115;-0,977595865726471;0,693745493888855;0,26230132579803467;0,190555140376091;0,010963845066726208
2897;-180,0595245361328;-230,6667022705078;3657,599853515625;0,35381054878234863;-2,2574069499969482;-0,8593946099281311;0,6810070872306824;0,25751903653144836;0,18710912764072418;0,010673083364963531
2898;-180,0595245361328;-230,6667022705078;3657,599853515625;0,7305666208267212;-2,2851030826568604;-0,8959516882896423;0,6596481800079346;0,2492053359746933;0,18117183446884155;0,010275733657181263
2899;-180,0595245361328;-230,6667022705078;3657,599853515625;0,04366759955883026;-2,5324008464813232;-0,727652370929718;0,6631571054458618;0,25035297870635986;0,18209479749202728;0,010358872823417187
2900;-180,0595245361328;-230,6667022705078;3657,599853515625;0,32881811261177063;-2,525587558746338;-0,785556972026825;0,6757665276527405;0,25488993525505066;0,18548987805843353;0,010634967125952244
2901;-180,0595245361328;-230,6667022705078;3657,599853515625;-0,2947494387626648;-2,5247135162353516;-0,543125331401825;0,6652917861938477;0,25081077218055725;0,1825954169034958;0,010425502434372902
2902;-180,0595245361328;-230,6667022705078;3657,599853515625;0,12689529359340668;-2,2832953929901123;-0,8178678154945374;0,67848801612854;0,2557853162288666;0,18628700077533722;0,010645482689142227
2903;-180,0595245361328;-230,6667022705078;3657,599853515625;-0,35443559288978577;-2,521561861038208;-0,5294345021247864;0,6387075185775757;0,2404969483613968;0,17523542046546936;0,009897839277982712
2904;-180,0595245361328;-230,6667022705078;3657,599853515625;0,2473304718732834;-2,3861711025238037;-0,8054249286651611;0,6519215106964111;0,24540483951568604;0,17889027297496796;0,010147283785045147
2905;-180,0595245361328;-230,6667022705078;3657,599853515625;-0,17714077234268188;-2,309281349182129;-0,7298341393470764;0,6481640934944153;0,24385109543800354;0,17783783376216888;0,010072664357721806
2906;-180,0595245361328;-230,6667022705078;3657,599853515625;-0,05628497526049614;-2,530829429626465;-0,5539990663528442;0,6378912925720215;0,23981674015522003;0,17496336996555328;0,00988010223954916
2907;-180,0595245361328;-230,6667022705078;3657,599853515625;0,1646372526884079;-2,404242515563965;-0,6317201852798462;0,6230512857437134;0,23413535952568054;0,1709098368883133;0,009559445083141327
2908;-180,0595245361328;-230,6667022705078;3657,599853515625;-0,1281212866306305;-2,4946186542510986;-0,6326424479484558;0,627282440662384;0,23561407625675201;0,17210158705711365;0,009619423188269138
2909;-180,0595245361328;-230,6667022705078;3657,599853515625;0,2690157890319824;-2,3716471195220947;-0,6575793623924255;0,6178274154663086;0,23189760744571686;0,16941890120506287;0,009460896253585815
2910;-180,0595245361328;-230,6667022705078;3657,599853515625;0,9236325621604919;-2,4752373695373535;-1,1604570150375366;0,6081435680389404;0,22813408076763153;0,16674409806728363;0,009259415790438652
2911;-180,0595245361328;-230,6667022705078;3657,599853515625;-0,5860969424247742;-2,4419450759887695;-0,16293485462665558;0,5915998220443726;0,2218005359172821;0,16220878064632416;0,008903786540031433
2912;-180,0595245361328;-230,6667022705078;3657,599853515625;0,3796218931674957;-2,44622540473938;-0,8599033951759338;0,5786733031272888;0,21681158244609833;0,15867967903614044;0,00861368142068386
2913;-180,0595245361328;-230,6667022705078;3657,599853515625;0,6071080565452576;-2,492187023162842;-0,8621261715888977;0,5662699341773987;0,2120768427848816;0,1552024483680725;0,008368355222046375
2914;-180,0595245361328;-230,6667022705078;3657,599853515625;-0,6073690056800842;-2,2345991134643555;-0,5916977524757385;0,5922856330871582;0,22169102728366852;0,16232505440711975;0,008924734778702259
2915;-180,0595245361328;-230,6667022705078;3657,599853515625;0,4964248239994049;-2,235703229904175;-1,270870566368103;0,5500341653823853;0,205744206905365;0,15074263513088226;0,008004587143659592
2916;-180,0595245361328;-230,6667022705078;3657,599853515625;0,51494961977005;-2,364978551864624;-0,8014158606529236;0,5737621784210205;0,21446186304092407;0,15725022554397583;0,008512532338500023
2917;-180,0595245361328;-230,6667022705078;3657,599853515625;0,4985538423061371;-2,2132132053375244;-0,9613775610923767;0,5608930587768555;0,20976516604423523;0,15359258651733398;0,008248135447502136
2918;-180,0595245361328;-230,6667022705078;3657,599853515625;0,2829456925392151;-2,3077776432037354;-0,7334298491477966;0,5441233515739441;0,20317402482032776;0,14908194541931152;0,007867909967899323
2919;-180,0595245361328;-230,6667022705078;3657,599853515625;0,09294457733631134;-1,975280523300171;-0,8015382885932922;0,5321571230888367;0,19862325489521027;0,14578065276145935;0,007599161006510258
2920;-180,0595245361328;-230,6667022705078;3657,599853515625;0,5473645329475403;-2,306948184967041;-0,9828165173530579;0,5456997752189636;0,203539177775383;0,14948473870754242;0,007900324650108814
2921;-180,0595245361328;-230,6667022705078;3657,599853515625;0,03420727327466011;-2,2065017223358154;-0,9874598979949951;0,5475850105285645;0,20404911041259766;0,15000753104686737;0,007932447828352451
2922;-180,0595245361328;-230,6667022705078;3657,599853515625;0,4338047206401825;-2,0486817359924316;-0,9232982397079468;0,5343705415725708;0,19933083653450012;0,14630013704299927;0,007640127092599869
2923;-180,0595245361328;-230,6667022705078;3657,599853515625;0,8783305287361145;-2,2172834873199463;-1,2647453546524048;0,5297410488128662;0,19737933576107025;0,14504949748516083;0,00753624876961112
2924;-180,0595245361328;-230,6667022705078;3657,599853515625;0,9159095287322998;-2,335930824279785;-1,3976317644119263;0,5168912410736084;0,19214913249015808;0,14158520102500916;0,007226017769426107
2925;-180,0595245361328;-230,6667022705078;3657,599853515625;0,6599399447441101;-2,2457523345947266;-1,1146541833877563;0,5146870017051697;0,19130973517894745;0,14095215499401093;0,007179841864854097
2926;-180,0595245361328;-230,6667022705078;3657,599853515625;0,1672506183385849;-2,0833401679992676;-1,0551180839538574;0,5081116557121277;0,18889497220516205;0,1391190141439438;0,007026288658380508
2927;-180,0595245361328;-230,6667022705078;3657,599853515625;0,49292221665382385;-2,0820233821868896;-1,1864123344421387;0,48773661255836487;0,1810176521539688;0,13355933129787445;0,0065358360297977924
2928;-180,0595245361328;-230,6667022705078;3657,599853515625;0,9767089486122131;-1,9939786195755005;-1,3181580305099487;0,488517701625824;0,18128560483455658;0,13375239074230194;0,006551963277161121
2929;-180,0595245361328;-230,6667022705078;3657,599853515625;0,4176681339740753;-1,9469963312149048;-1,0144699811935425;0,4955637454986572;0,1837005764245987;0,13568246364593506;0,006718275602906942
2930;-180,0595245361328;-230,6667022705078;3657,599853515625;1,215484857559204;-2,058910846710205;-1,4981595277786255;0,48504048585891724;0,1796337217092514;0,13279880583286285;0,006460909731686115
2931;-180,0595245361328;-230,6667022705078;3657,599853515625;0,825316309928894;-1,9636837244033813;-1,3118644952774048;0,4723559319972992;0,17477260529994965;0,12932321429252625;0,006145124789327383
2932;-180,0595245361328;-230,6667022705078;3657,599853515625;0,9506868720054626;-2,1929636001586914;-1,3692799806594849;0,47567710280418396;0,1759321391582489;0,13022081553936005;0,006224939599633217
2933;-180,0595245361328;-230,6667022705078;3657,599853515625;0,14229710400104523;-1,7036086320877075;-1,1195909976959229;0,44678324460983276;0,16452404856681824;0,1223551332950592;0,005461903754621744
2934;-180,0595245361328;-230,6667022705078;3657,599853515625;0,4836411476135254;-1,7665318250656128;-1,1996513605117798;0,46932855248451233;0,17348717153072357;0,12846063077449799;0,006058595608919859
2935;-180,0595245361328;-230,6667022705078;3657,599853515625;0,9155564308166504;-1,8078211545944214;-1,4632220268249512;0,47312623262405396;0,17470307648181915;0,12950028479099274;0,006152136251330376
2936;-180,0595245361328;-230,6667022705078;3657,599853515625;0,893583357334137;-1,935097575187683;-1,5395009517669678;0,46583014726638794;0,17179469764232635;0,12750665843486786;0,0059648193418979645
2937;-180,0595245361328;-230,6667022705078;3657,599853515625;0,8479404449462891;-1,8421467542648315;-1,381589412689209;0,4798673689365387;0,17729473114013672;0,13131633400917053;0,006310263182967901
2938;-180,0595245361328;-230,6667022705078;3657,599853515625;0,4148668944835663;-1,8490493297576904;-1,2990535497665405;0,4731236696243286;0,17407652735710144;0,12950386106967926;0,006129608489573002
2939;-180,0595245361328;-230,6667022705078;3657,599853515625;0,8748135566711426;-1,8035153150558472;-1,475967288017273;0,4523005485534668;0,16622957587242126;0,12380530685186386;0,005601884331554174
2940;-180,0595245361328;-230,6667022705078;3657,599853515625;1,042221188545227;-1,8568403720855713;-1,6737020015716553;0,4352385401725769;0,16037848591804504;0,1191047802567482;0,005116546060889959
2941;-180,0595245361328;-230,6667022705078;3657,599853515625;0,6872076988220215;-1,6774362325668335;-1,468200922012329;0,36915865540504456;0,1346842646598816;0,10108055174350739;0,003017532406374812
2942;-180,0595245361328;-230,6667022705078;3657,599853515625;0,5021402835845947;-1,8652766942977905;-1,3808895349502563;0,4374140202999115;0,15928860008716583;0,11977454274892807;0,005026278551667929
2943;-180,0595245361328;-230,6667022705078;3657,599853515625;1,19142484664917;-1,973771095275879;-1,6368025541305542;0,4701633155345917;0,1728743463754654;0,12866243720054626;0,006050517316907644
2944;-180,0595245361328;-230,6667022705078;3657,599853515625;0,43840181827545166;-1,784903883934021;-1,4719544649124146;0,45876801013946533;0,16883103549480438;0,1255350410938263;0,0057518440298736095
2945;-180,0595245361328;-230,6667022705078;3657,599853515625;1,123773455619812;-1,9935517311096191;-1,5736348628997803;0,41850829124450684;0,1530728042125702;0,11455653607845306;0,004656610079109669
2946;-180,0595245361328;-230,6667022705078;3657,599853515625;1,2131495475769043;-1,8051196336746216;-1,6428263187408447;0,45598500967025757;0,16794374585151672;0,12476499378681183;0,005654106382280588
2947;-180,0595245361328;-230,6667022705078;3657,599853515625;1,176705241203308;-1,8933310508728027;-1,679572343826294;0,46493270993232727;0,17075340449810028;0,1272272765636444;0,005905077327042818
2948;-180,0595245361328;-230,6667022705078;3657,599853515625;0,361734002828598;-1,5642719268798828;-1,56302809715271;0,4619722068309784;0,1697293221950531;0,12641897797584534;0,005824159365147352
2949;-180,0595245361328;-230,6667022705078;3657,599853515625;0,5339369773864746;-1,6594161987304688;-1,714301586151123;0,47496384382247925;0,17428037524223328;0,12998700141906738;0,006148633547127247
2950;-180,0595245361328;-230,6667022705078;3657,599853515625;1,1951134204864502;-1,77280592918396;-1,5721006393432617;0,4681497812271118;0,171884685754776;0,12811684608459473;0,00597620802000165
2951;-180,0595245361328;-230,6667022705078;3657,599853515625;0,7240644097328186;-1,7819535732269287;-1,8103731870651245;0,49279525876045227;0,1816859096288681;0,13483905792236328;0,006567288190126419
2952;-180,0595245361328;-230,6667022705078;3657,599853515625;1,245058298110962;-1,8771414756774902;-1,6316938400268555;0,4910508096218109;0,18069233000278473;0,13437649607658386;0,006533190608024597
2953;-180,0595245361328;-230,6667022705078;3657,599853515625;0,9142767190933228;-1,839730978012085;-1,720797061920166;0,500835657119751;0,18445682525634766;0,13705536723136902;0,006763184443116188
2954;-180,0595245361328;-230,6667022705078;3657,599853515625;0,27674704790115356;-1,6678295135498047;-1,5803625583648682;0,4949449300765991;0,181900292634964;0,1354595124721527;0,006623042747378349
2955;-180,0595245361328;-230,6667022705078;3657,599853515625;0,32080167531967163;-1,5458385944366455;-1,4246165752410889;0,490368515253067;0,180437833070755;0,13420866429805756;0,00650444719940424
2956;-180,0595245361328;-230,6667022705078;3657,599853515625;0,8846457600593567;-1,9295158386230469;-1,4552708864212036;0,5039546489715576;0,18634198606014252;0,13790176808834076;0,006774387322366238
2957;-180,0595245361328;-230,6667022705078;3657,599853515625;-0,02271348610520363;-1,5404525995254517;-1,7607378959655762;0,499808132648468;0,18452700972557068;0,13678529858589172;0,006693369243294001
2958;-180,0595245361328;-230,6667022705078;3657,599853515625;0,6056177616119385;-1,772884726524353;-1,6158993244171143;0,5057316422462463;0,1865459382534027;0,1384240984916687;0,006848199758678675
2959;-180,0595245361328;-230,6667022705078;3657,599853515625;0,7358649969100952;-1,8578479290008545;-1,5173314809799194;0,5229837894439697;0,1932845562696457;0,14313745498657227;0,007236262783408165
2960;-180,0595245361328;-230,6667022705078;3657,599853515625;0,3438427150249481;-1,6360982656478882;-1,480568528175354;0,5269636511802673;0,1953219473361969;0,14421282708644867;0,007269265595823526
2961;-180,0595245361328;-230,6667022705078;3657,599853515625;0,06788409501314163;-1,4634538888931274;-1,5394396781921387;0,5314114093780518;0,19673679769039154;0,14544829726219177;0,0074000549502670765
2962;-180,0595245361328;-230,6667022705078;3657,599853515625;-0,22611692547798157;-1,4540141820907593;-1,8334691524505615;0,5203618407249451;0,19253422319889069;0,142440065741539;0,0071398597210645676
2963;-180,0595245361328;-230,6667022705078;3657,599853515625;0,21615859866142273;-1,536989688873291;-1,6406670808792114;0,5255679488182068;0,19429153203964233;0,14388370513916016;0,007278996054083109
2964;-180,0595245361328;-230,6667022705078;3657,599853515625;-0,8362967371940613;-1,1451243162155151;-1,9654921293258667;0,5319617390632629;0,19661085307598114;0,14564849436283112;0,00743181211873889
2965;-180,0595245361328;-230,6667022705078;3657,599853515625;-0,658775269985199;-1,198012351989746;-1,8178280591964722;0,5377724170684814;0,1990738958120346;0,147234708070755;0,007538985926657915
2966;-180,0595245361328;-230,6667022705078;3657,599853515625;-0,29461753368377686;-1,5067065954208374;-1,7723265886306763;0,5498848557472229;0,2035789042711258;0,15056191384792328;0,007818492129445076
2967;-180,0595245361328;-230,6667022705078;3657,599853515625;-0,08825692534446716;-1,6539123058319092;-1,6534804105758667;0,5376996994018555;0,19899944961071014;0,14724119007587433;0,007536375895142555
2968;-180,0595245361328;-230,6667022705078;3657,599853515625;-1,4678014516830444;-1,0574365854263306;-1,8947598934173584;0,5476102828979492;0,20290715992450714;0,1499556005001068;0,007742536719888449
2969;-180,0595245361328;-230,6667022705078;3657,599853515625;-0,5641393065452576;-1,2961937189102173;-1,679602026939392;0,539259672164917;0,19960267841815948;0,14769436419010162;0,007566571235656738
2970;-180,0595245361328;-230,6667022705078;3657,599853515625;-0,9977641701698303;-1,360975742340088;-1,796937346458435;0,5574895143508911;0,20641927421092987;0,15269620716571808;0,007982957176864147
2971;-180,0595245361328;-230,6667022705078;3657,599853515625;-0,9985159635543823;-1,0432369709014893;-1,755466341972351;0,5617051720619202;0,20794275403022766;0,15386848151683807;0,00808103010058403
2972;-180,0595245361328;-230,6667022705078;3657,599853515625;-0,7328061461448669;-1,2238925695419312;-1,9412258863449097;0,5435228943824768;0,20154933631420135;0,14887350797653198;0,007616052869707346
2973;-180,0595245361328;-230,6667022705078;3657,599853515625;-0,9362437725067139;-1,339174509048462;-1,9655483961105347;0,5424764752388;0,20066221058368683;0,14864616096019745;0,007650845218449831
2974;-180,0595245361328;-230,6667022705078;3657,599853515625;-0,6806405782699585;-1,2522844076156616;-1,9090368747711182;0,5565603971481323;0,20589818060398102;0,15252041816711426;0,00797217432409525
2975;-180,0595245361328;-230,6667022705078;3657,599853515625;-0,6876371502876282;-1,2443164587020874;-1,745915412902832;0,5568347573280334;0,20630182325839996;0,15258030593395233;0,007951430976390839
2976;-180,0595245361328;-230,6667022705078;3657,599853515625;-0,9489622116088867;-1,2159805297851562;-1,8932170867919922;0,5657351016998291;0,20958618819713593;0,15503819286823273;0,008156661875545979
2977;-180,0595245361328;-230,6667022705078;3657,599853515625;-1,21444833278656;-1,2138183116912842;-1,8643968105316162;0,5696636438369751;0,21105973422527313;0,15613016486167908;0,008244459517300129
2978;-180,0595245361328;-230,6667022705078;3657,599853515625;-1,1255590915679932;-1,1674526929855347;-1,9556771516799927;0,5703069567680359;0,2112276405096054;0,1563345044851303;0,008266141638159752
2979;-180,0595245361328;-230,6667022705078;3657,599853515625;-0,5231072306632996;-1,259624719619751;-1,903971791267395;0,5756381154060364;0,21333047747612;0,15779642760753632;0,00837542861700058
2980;-180,0595245361328;-230,6667022705078;3657,599853515625;-0,7549424171447754;-1,273963212966919;-1,9905778169631958;0,5647526383399963;0,2089817076921463;0,1548849493265152;0,00815593358129263
2981;-180,0595245361328;-230,6667022705078;3657,599853515625;-1,186384677886963;-1,3107306957244873;-1,9459463357925415;0,571012556552887;0,21130408346652985;0,1566268801689148;0,00829446129500866
2982;-180,0595245361328;-230,6667022705078;3657,599853515625;-1,1490446329116821;-1,5464696884155273;-1,988869071006775;0,5737040042877197;0,21235810220241547;0,15738216042518616;0,008352348580956459
2983;-180,0595245361328;-230,6667022705078;3657,599853515625;-0,9057397246360779;-1,487001895904541;-2,1060006618499756;0,561720073223114;0,20802068710327148;0,15410363674163818;0,008085296489298344
2984;-180,0595245361328;-230,6667022705078;3657,599853515625;-0,5875667333602905;-1,5336343050003052;-1,8483015298843384;0,5786285996437073;0,21428942680358887;0,1587689071893692;0,008458021096885204
2985;-180,0595245361328;-230,6667022705078;3657,599853515625;-0,6587761044502258;-1,5733609199523926;-1,934281587600708;0,5888656377792358;0,21806016564369202;0,16162516176700592;0,008675903081893921
2986;-180,0595245361328;-230,6667022705078;3657,599853515625;-0,47671863436698914;-1,7100753784179688;-1,6728686094284058;0,6106337308883667;0,226392462849617;0,1675604283809662;0,009143040515482426
2987;-180,0595245361328;-230,6667022705078;3657,599853515625;-0,3076494336128235;-1,6933830976486206;-1,742421269416809;0,603360652923584;0,22342440485954285;0,16570113599300385;0,008960368111729622
2988;-180,0595245361328;-230,6667022705078;3657,599853515625;-0,7121827006340027;-1,4867526292800903;-1,9868816137313843;0,5911461114883423;0,21902933716773987;0,16236035525798798;0,008708003908395767
2989;-180,0595245361328;-230,6667022705078;3657,599853515625;-0,5316586494445801;-1,7918765544891357;-1,6698061227798462;0,6126145124435425;0,22742734849452972;0,1681171953678131;0,009181369096040726
2990;-180,0595245361328;-230,6667022705078;3657,599853515625;-0,6796863079071045;-1,5614018440246582;-2,272235870361328;0,6012174487113953;0,22301393747329712;0,1651456505060196;0,008925629779696465
2991;-180,0595245361328;-230,6667022705078;3657,599853515625;-0,47014951705932617;-1,556641936302185;-1,7190123796463013;0,6286733150482178;0,23343807458877563;0,17261900007724762;0,009517716243863106
2992;-180,0595245361328;-230,6667022705078;3657,599853515625;-0,18354174494743347;-1,9315990209579468;-1,7296655178070068;0,5969905257225037;0,2216484695672989;0,16403190791606903;0,008832700550556183
2993;-180,0595245361328;-230,6667022705078;3657,599853515625;-0,7638782858848572;-1,6633055210113525;-1,9541044235229492;0,6187465786933899;0,22990083694458008;0,16996769607067108;0,009303749538958073
2994;-180,0595245361328;-230,6667022705078;3657,599853515625;-0,02736888825893402;-1,666808843612671;-1,5888084173202515;0,6243380308151245;0,23207226395606995;0,17154064774513245;0,009414657950401306
2995;-180,0595245361328;-230,6667022705078;3657,599853515625;-0,8438101410865784;-1,5360018014907837;-2,15934157371521;0,6340585947036743;0,23579396307468414;0,17425215244293213;0,009607555344700813
2996;-180,0595245361328;-230,6667022705078;3657,599853515625;-0,05975603312253952;-1,6863986253738403;-1,600193977355957;0,6067560911178589;0,22575901448726654;0,1667662262916565;0,009043672122061253
2997;-180,0595245361328;-230,6667022705078;3657,599853515625;-0,330472856760025;-1,506616473197937;-1,7193840742111206;0,6453658938407898;0,24025486409664154;0,1774134486913681;0,009831368923187256
2998;-180,0595245361328;-230,6667022705078;3657,599853515625;0,15721815824508667;-1,6998558044433594;-1,7870336771011353;0,6355862021446228;0,2367536425590515;0,17476627230644226;0,009623638354241848
2999;-180,0595245361328;-230,6667022705078;3657,599853515625;1,0540800094604492;-1,7025823593139648;-1,4570411443710327;0,6503112316131592;0,24238942563533783;0,17885030806064606;0,009913729503750801
