"B2 AOI3";;;;;;;;;;
"Index [1]";"X [mm]";"Y [mm]";"Z [mm]";"U [mm]";"V [mm]";"W [mm]";"Sigma_X [mm]";"Sigma_Y [mm]";"Sigma_Z [mm]";"sigma [pixel]"
0;189,2212677001953;-292,7402648925781;67185,8359375;0,0;0,0;0,0;0,3302994966506958;0,20189546048641205;0,11788441985845566;0,010279890149831772
1;189,2212677001953;-292,7402648925781;67185,8359375;6,345759868621826;0,8364355564117432;0,31187233328819275;0,43968114256858826;0,2154858410358429;0,1400955468416214;0,006051590200513601
2;189,2212677001953;-292,7402648925781;67185,8359375;5,679277420043945;0,7080895304679871;0,4164581596851349;0,41832414269447327;0,21989059448242188;0,13612738251686096;0,005715296603739262
3;189,2212677001953;-292,7402648925781;67185,8359375;6,91573429107666;1,1634066104888916;0,5172096490859985;0,40164485573768616;0,2108130007982254;0,1313042789697647;0,005225018132477999
4;189,2212677001953;-292,7402648925781;67185,8359375;6,6508708000183105;0,39704903960227966;0,47748711705207825;0,4279039204120636;0,22013318538665771;0,13994824886322021;0,006068278104066849
5;189,2212677001953;-292,7402648925781;67185,8359375;9,98367691040039;1,7645182609558105;0,8525521159172058;0,42379167675971985;0,2172912061214447;0,13921627402305603;0,0059858025051653385
6;189,2212677001953;-292,7402648925781;67185,8359375;8,8965425491333;1,7163989543914795;0,7828147411346436;0,4327457845211029;0,21825174987316132;0,14238892495632172;0,00627234997227788
7;189,2212677001953;-292,7402648925781;67185,8359375;14,137310981750488;2,2159814834594727;1,051932454109192;0,428943932056427;0,21608896553516388;0,14184437692165375;0,00620276527479291
8;189,2212677001953;-292,7402648925781;67185,8359375;10,734711647033691;1,7878354787826538;1,1686991453170776;0,42410075664520264;0,21493181586265564;0,1411474347114563;0,006106138229370117
9;189,2212677001953;-292,7402648925781;67185,8359375;12,226518630981445;1,92647385597229;1,4561868906021118;0,4192461669445038;0,2096712291240692;0,1398664265871048;0,0059786695055663586
10;189,2212677001953;-292,7402648925781;67185,8359375;13,917954444885254;2,7064731121063232;1,6143735647201538;0,42690327763557434;0,2106119990348816;0,14275649189949036;0,006229314487427473
11;189,2212677001953;-292,7402648925781;67185,8359375;17,108827590942383;2,941575527191162;1,6344407796859741;0,4116179347038269;0,20221388339996338;0,13821464776992798;0,005785960704088211
12;189,2212677001953;-292,7402648925781;67185,8359375;18,530902862548828;1,095110535621643;1,871636986732483;0,4251220226287842;0,20393644273281097;0,14281220734119415;0,006200131494551897
13;189,2212677001953;-292,7402648925781;67185,8359375;17,161222457885742;3,774820327758789;1,9642831087112427;0,4246889054775238;0,20354683697223663;0,14330971240997314;0,006221273448318243
14;189,2212677001953;-292,7402648925781;67185,8359375;19,663728713989258;0,7970603108406067;2,061103105545044;0,4348396062850952;0,20329207181930542;0,14677177369594574;0,006518559064716101
15;189,2212677001953;-292,7402648925781;67185,8359375;21,276771545410156;2,0658154487609863;2,235318660736084;0,4263041615486145;0,19797638058662415;0,14435094594955444;0,006278603337705135
16;189,2212677001953;-292,7402648925781;67185,8359375;20,636314392089844;4,843087673187256;2,6254494190216064;0,44352027773857117;0,20123302936553955;0,15024790167808533;0,0067826504819095135
17;189,2212677001953;-292,7402648925781;67185,8359375;23,357099533081055;2,1867690086364746;2,6749207973480225;0,43660396337509155;0,1969328671693802;0,14833718538284302;0,006594973150640726
18;189,2212677001953;-292,7402648925781;67185,8359375;22,49889373779297;6,212259769439697;2,8521761894226074;0,4442128539085388;0,197207510471344;0,15111318230628967;0,00681721605360508
19;189,2212677001953;-292,7402648925781;67185,8359375;24,17262840270996;3,5608839988708496;3,1310322284698486;0,44878408312797546;0,1973346471786499;0,15295955538749695;0,006961890030652285
20;189,2212677001953;-292,7402648925781;67185,8359375;25,970731735229492;3,272127866744995;3,470734119415283;0,4339873194694519;0,18996572494506836;0,14824868738651276;0,006534124258905649
21;189,2212677001953;-292,7402648925781;67185,8359375;23,041154861450195;9,107794761657715;3,31611967086792;0,45803385972976685;0,19616827368736267;0,15644678473472595;0,007221548818051815
22;189,2212677001953;-292,7402648925781;67185,8359375;24,203739166259766;8,71826171875;3,4888477325439453;0,4593888521194458;0,1936289221048355;0,15697608888149261;0,007231216877698898
23;189,2212677001953;-292,7402648925781;67185,8359375;25,95380210876465;7,960812568664551;3,7895407676696777;0,4571288824081421;0,19181330502033234;0,15640495717525482;0,007187333889305592
24;189,2212677001953;-292,7402648925781;67185,8359375;24,829816818237305;8,5480375289917;4,040472984313965;0,4565771222114563;0,18892070651054382;0,15623269975185394;0,0071342578157782555
25;189,2212677001953;-292,7402648925781;67185,8359375;30,399085998535156;10,463752746582031;4,113936901092529;0,4668959677219391;0,19122128188610077;0,15978887677192688;0,007421719375997782
26;189,2212677001953;-292,7402648925781;67185,8359375;29,07916259765625;10,033266067504883;3,8408560752868652;0,468869686126709;0,19065065681934357;0,16046008467674255;0,007482713088393211
27;189,2212677001953;-292,7402648925781;67185,8359375;28,54043197631836;10,583785057067871;4,078516960144043;0,4715285003185272;0,19017724692821503;0,16129836440086365;0,007551267277449369
28;189,2212677001953;-292,7402648925781;67185,8359375;32,70663070678711;11,184490203857422;4,216456890106201;0,4679729640483856;0,1872028261423111;0,15996378660202026;0,007426707074046135
29;189,2212677001953;-292,7402648925781;67185,8359375;28,66495704650879;11,516907691955566;4,2710442543029785;0,46436771750450134;0,18402861058712006;0,15843333303928375;0,007335287518799305
30;189,2212677001953;-292,7402648925781;67185,8359375;25,859376907348633;11,024979591369629;4,112326145172119;0,4784844219684601;0,1886778622865677;0,1631748229265213;0,007689228281378746
31;189,2212677001953;-292,7402648925781;67185,8359375;34,14564514160156;11,445239067077637;3,850520372390747;0,4822221100330353;0,18887959420681;0,16416114568710327;0,0077764056622982025
32;189,2212677001953;-292,7402648925781;67185,8359375;34,57735824584961;10,808404922485352;4,276158332824707;0,4959043860435486;0,1939081996679306;0,16863055527210236;0,008120289072394371
33;189,2212677001953;-292,7402648925781;67185,8359375;34,202247619628906;11,286824226379395;4,0114521980285645;0,506963849067688;0,19733300805091858;0,1720079481601715;0,008407490327954292
34;189,2212677001953;-292,7402648925781;67185,8359375;33,445674896240234;12,14581298828125;3,995205879211426;0,4917948544025421;0,19052396714687347;0,1664169877767563;0,007948647253215313
35;189,2212677001953;-292,7402648925781;67185,8359375;31,880338668823242;12,745018005371094;4,100548267364502;0,5151726603507996;0,1990208476781845;0,17385564744472504;0,00857706367969513
36;189,2212677001953;-292,7402648925781;67185,8359375;34,051513671875;12,604143142700195;4,042089462280273;0,5193786025047302;0,19961601495742798;0,1746603548526764;0,008663508109748363
37;189,2212677001953;-292,7402648925781;67185,8359375;31,08430290222168;12,519604682922363;3,986393690109253;0,5312356352806091;0,20376291871070862;0,1780511736869812;0,008949590846896172
38;189,2212677001953;-292,7402648925781;67185,8359375;36,73084259033203;12,342073440551758;3,9112532138824463;0,5168191194534302;0,19745543599128723;0,17252257466316223;0,008521071635186672
39;189,2212677001953;-292,7402648925781;67185,8359375;34,44011306762695;11,336877822875977;3,867356061935425;0,5500649213790894;0,20814816653728485;0,182650625705719;0,00937157217413187
40;189,2212677001953;-292,7402648925781;67185,8359375;33,725215911865234;12,489319801330566;3,6110033988952637;0,5493637919425964;0,20683442056179047;0,1815313994884491;0,009310496971011162
41;189,2212677001953;-292,7402648925781;67185,8359375;35,06562423706055;13,718213081359863;3,440066337585449;0,526401937007904;0,19894933700561523;0,17329245805740356;0,008660589344799519
42;189,2212677001953;-292,7402648925781;67185,8359375;35,02621841430664;13,100854873657227;3,604567527770996;0,5239521861076355;0,19751179218292236;0,1716124415397644;0,008548424579203129
43;189,2212677001953;-292,7402648925781;67185,8359375;36,721160888671875;11,350954055786133;3,3902108669281006;0,5510660409927368;0,20184677839279175;0,1787879317998886;0,009195607155561447
44;189,2212677001953;-292,7402648925781;67185,8359375;38,22517013549805;11,360054016113281;3,12451171875;0,5457302331924438;0,21118734776973724;0,1777264028787613;0,009025126695632935
45;189,2212677001953;-292,7402648925781;67185,8359375;44,28777313232422;9,850632667541504;3,112217903137207;0,5486544370651245;0,20280690491199493;0,17637839913368225;0,009046560153365135
46;189,2212677001953;-292,7402648925781;67185,8359375;45,709739685058594;8,400201797485352;2,956728458404541;0,5593623518943787;0,20881061255931854;0,17910155653953552;0,009276458993554115
47;189,2212677001953;-292,7402648925781;67185,8359375;45,881500244140625;7,584407806396484;2,848637580871582;0,5603772401809692;0,20303568243980408;0,1775389462709427;0,009216530248522758
48;189,2212677001953;-292,7402648925781;67185,8359375;50,83341598510742;6,52722692489624;2,5218396186828613;0,5714884996414185;0,19644373655319214;0,17854751646518707;0,00933919008821249
49;189,2212677001953;-292,7402648925781;67185,8359375;47,653114318847656;7,238852500915527;2,385316848754883;0,5793323516845703;0,19925956428050995;0,17990662157535553;0,009476564824581146
50;189,2212677001953;-292,7402648925781;67185,8359375;49,58015441894531;7,904334545135498;2,467700481414795;0,5816459655761719;0,19949260354042053;0,1794317364692688;0,00947119016200304
51;189,2212677001953;-292,7402648925781;67185,8359375;44,076927185058594;7,327498912811279;2,2369015216827393;0,584278404712677;0,20134800672531128;0,1792493611574173;0,00948712881654501
52;189,2212677001953;-292,7402648925781;67185,8359375;47,74888229370117;6,608839988708496;1,9401733875274658;0,5796042680740356;0,19868242740631104;0,17656560242176056;0,00930657796561718
53;189,2212677001953;-292,7402648925781;67185,8359375;50,27239227294922;7,11387825012207;2,0584185123443604;0,5956322550773621;0,2053046077489853;0,18048016726970673;0,00963607244193554
54;189,2212677001953;-292,7402648925781;67185,8359375;48,288734436035156;5,764246940612793;1,8392963409423828;0,5989751219749451;0,20103368163108826;0,17964234948158264;0,009595953859388828
55;189,2212677001953;-292,7402648925781;67185,8359375;48,31480026245117;5,56053352355957;1,3745273351669312;0,5863639712333679;0,20418938994407654;0,17582421004772186;0,009309928864240646
56;189,2212677001953;-292,7402648925781;67185,8359375;43,38238525390625;5,227926731109619;1,2216938734054565;0,5900974273681641;0,20318491756916046;0,17559291422367096;0,009313786402344704
57;189,2212677001953;-292,7402648925781;67185,8359375;49,696529388427734;4,4656219482421875;1,339577317237854;0,5973736643791199;0,2097001075744629;0,17733219265937805;0,009452278725802898
58;189,2212677001953;-292,7402648925781;67185,8359375;44,48097229003906;4,995886325836182;0,9135810136795044;0,6114555597305298;0,21484492719173431;0,18057255446910858;0,009715085849165916
59;189,2212677001953;-292,7402648925781;67185,8359375;45,675594329833984;5,205646514892578;0,8602915406227112;0,6206742525100708;0,21186089515686035;0,18146894872188568;0,00980433914810419
60;189,2212677001953;-292,7402648925781;67185,8359375;52,511661529541016;4,343737602233887;0,671622633934021;0,6149523258209229;0,21959419548511505;0,1803518533706665;0,009685155004262924
61;189,2212677001953;-292,7402648925781;67185,8359375;43,58985137939453;5,103296756744385;0,6544554829597473;0,6342876553535461;0,21527345478534698;0,18356086313724518;0,009962860494852066
62;189,2212677001953;-292,7402648925781;67185,8359375;48,13705825805664;2,945880651473999;0,6635805368423462;0,6423506140708923;0,2178867906332016;0,18511992692947388;0,010071984492242336
63;189,2212677001953;-292,7402648925781;67185,8359375;47,9206428527832;3,505255699157715;0,4537763297557831;0,647180438041687;0,21927356719970703;0,18579469621181488;0,010107206180691719
64;189,2212677001953;-292,7402648925781;67185,8359375;43,46446228027344;5,1994781494140625;0,6620185375213623;0,6671925783157349;0,22024056315422058;0,19008469581604004;0,010414578951895237
65;189,2212677001953;-292,7402648925781;67185,8359375;39,52817153930664;5,2708048820495605;0,43818163871765137;0,660541296005249;0,21266531944274902;0,1869029402732849;0,010146603919565678
66;189,2212677001953;-292,7402648925781;67185,8359375;47,140647888183594;3,209141254425049;0,46380406618118286;0,684241771697998;0,21615777909755707;0,1925833821296692;0,010531269945204258
67;189,2212677001953;-292,7402648925781;67185,8359375;46,75303649902344;3,2690606117248535;0,5948005318641663;0,6842800974845886;0,20926068723201752;0,19129467010498047;0,01038239523768425
68;189,2212677001953;-292,7402648925781;67185,8359375;40,97909927368164;4,185938835144043;0,7215985655784607;0,6937154531478882;0,21475397050380707;0,19404298067092896;0,010542254894971848
69;189,2212677001953;-292,7402648925781;67185,8359375;42,49852752685547;2,7060906887054443;0,7740454077720642;0,6943467855453491;0,20732150971889496;0,1930384784936905;0,010395596735179424
70;189,2212677001953;-292,7402648925781;67185,8359375;42,14723587036133;4,299457550048828;0,8158281445503235;0,683419942855835;0,21035903692245483;0,19082339107990265;0,01018922682851553
71;189,2212677001953;-292,7402648925781;67185,8359375;41,53064727783203;4,132202625274658;1,1099926233291626;0,7148666977882385;0,20900757610797882;0,19818437099456787;0,010621434077620506
72;189,2212677001953;-292,7402648925781;67185,8359375;40,43822479248047;5,831301212310791;0,9407944679260254;0,7146773338317871;0,20752663910388947;0,19812367856502533;0,010537379421293736
73;189,2212677001953;-292,7402648925781;67185,8359375;43,4557991027832;3,892132520675659;1,0211886167526245;0,7486819624900818;0,22016236186027527;0,20821572840213776;0,011173106729984283
74;189,2212677001953;-292,7402648925781;67185,8359375;36,049407958984375;5,258255958557129;1,0108160972595215;0,7383326292037964;0,20983777940273285;0,2047848105430603;0,010814417153596878
75;189,2212677001953;-292,7402648925781;67185,8359375;41,6269645690918;3,0565714836120605;1,1350271701812744;0,7549120187759399;0,21911276876926422;0,21049559116363525;0,011133300140500069
76;189,2212677001953;-292,7402648925781;67185,8359375;40,37488555908203;4,627998352050781;1,4746354818344116;0,7559919357299805;0,22249957919120789;0,21182110905647278;0,011135430075228214
77;189,2212677001953;-292,7402648925781;67185,8359375;42,196922302246094;3,6809887886047363;1,2149391174316406;0,7614665031433105;0,2202453911304474;0,2135656177997589;0,011130842380225658
78;189,2212677001953;-292,7402648925781;67185,8359375;43,14795684814453;3,0196146965026855;1,462926983833313;0,7667072415351868;0,22447502613067627;0,21620753407478333;0,011208917945623398
79;189,2212677001953;-292,7402648925781;67185,8359375;40,66596603393555;4,650189399719238;1,7452234029769897;0,7666612863540649;0,22254781424999237;0,2168450802564621;0,011127288453280926
80;189,2212677001953;-292,7402648925781;67185,8359375;33,75957489013672;2,9178247451782227;1,912751317024231;0,7717292904853821;0,22173456847667694;0,2189692109823227;0,011137420311570168
81;189,2212677001953;-292,7402648925781;67185,8359375;32,18168258666992;1,6549922227859497;2,285583019256592;0,7908554673194885;0,23168174922466278;0,22605910897254944;0,011498686857521534
82;189,2212677001953;-292,7402648925781;67185,8359375;37,8373908996582;3,242421865463257;2,090057134628296;0,7824807167053223;0,22225166857242584;0,22390660643577576;0,011196393519639969
83;189,2212677001953;-292,7402648925781;67185,8359375;35,9753303527832;2,4376869201660156;2,3101627826690674;0,7861434817314148;0,22443345189094543;0,22630412876605988;0,011228556744754314
84;189,2212677001953;-292,7402648925781;67185,8359375;30,760595321655273;3,362107038497925;2,7963900566101074;0,7884653806686401;0,227278470993042;0,2285085767507553;0,011251355521380901
85;189,2212677001953;-292,7402648925781;67185,8359375;32,83365249633789;3,9541635513305664;3,1197378635406494;0,8080570101737976;0,24409037828445435;0,23697097599506378;0,011707868427038193
86;189,2212677001953;-292,7402648925781;67185,8359375;37,654754638671875;2,7287356853485107;3,199760913848877;0,8000368475914001;0,23098142445087433;0,23458370566368103;0,01137161161750555
87;189,2212677001953;-292,7402648925781;67185,8359375;42,78684616088867;2,986562490463257;3,503695011138916;0,803654134273529;0,22810262441635132;0,23653855919837952;0,011334115639328957
88;189,2212677001953;-292,7402648925781;67185,8359375;43,17283248901367;3,467676877975464;3,7702226638793945;0,8070387840270996;0,22602877020835876;0,23857304453849792;0,011302378959953785
89;189,2212677001953;-292,7402648925781;67185,8359375;38,69024658203125;2,4952926635742188;4,173547744750977;0,8401641845703125;0,23977918922901154;0,25040680170059204;0,011912879534065723
90;189,2212677001953;-292,7402648925781;67185,8359375;37,24462127685547;3,5774173736572266;4,42506217956543;0,8159295916557312;0,2291315793991089;0,24416519701480865;0,011376759968698025
91;189,2212677001953;-292,7402648925781;67185,8359375;39,39215087890625;5,452981948852539;4,711721897125244;0,8505486249923706;0,25230875611305237;0,2577285170555115;0,012148302048444748
92;189,2212677001953;-292,7402648925781;67185,8359375;37,68181610107422;5,287345886230469;5,353031635284424;0,8539875149726868;0,25436723232269287;0,2604021430015564;0,012181710451841354
93;189,2212677001953;-292,7402648925781;67185,8359375;35,53153610229492;6,23390531539917;5,276973724365234;0,8614833950996399;0,2562938928604126;0,26413965225219727;0,012268120422959328
94;189,2212677001953;-292,7402648925781;67185,8359375;33,84454345703125;5,603786945343018;5,447222709655762;0,8511279225349426;0,25296446681022644;0,262378990650177;0,012038692831993103
95;189,2212677001953;-292,7402648925781;67185,8359375;40,047855377197266;7,241194248199463;5,767219066619873;0,848425030708313;0,251539945602417;0,26287344098091125;0,011938945390284061
96;189,2212677001953;-292,7402648925781;67185,8359375;31,062335968017578;7,381935119628906;5,870535850524902;0,8507523536682129;0,2575991153717041;0,2656766176223755;0,012023860588669777
97;189,2212677001953;-292,7402648925781;67185,8359375;31,96759033203125;7,069482803344727;6,250703811645508;0,8524002432823181;0,2569815218448639;0,26737213134765625;0,011995106004178524
98;189,2212677001953;-292,7402648925781;67185,8359375;30,039566040039062;5,536571025848389;6,7385573387146;0,8557897210121155;0,2579091489315033;0,2697032392024994;0,012011351995170116
99;189,2212677001953;-292,7402648925781;67185,8359375;29,711217880249023;7,426352500915527;6,503444194793701;0,8540828227996826;0,2561039328575134;0,27020618319511414;0,011912858113646507
100;189,2212677001953;-292,7402648925781;67185,8359375;30,82170295715332;7,658140659332275;6,49329137802124;0,8456655144691467;0,2613515257835388;0,269762247800827;0,011863546445965767
101;189,2212677001953;-292,7402648925781;67185,8359375;27,817102432250977;6,110475540161133;6,91512393951416;0,838119626045227;0,2571629583835602;0,26815593242645264;0,011653890833258629
102;189,2212677001953;-292,7402648925781;67185,8359375;27,539392471313477;6,148216724395752;7,385379314422607;0,8541892766952515;0,26614809036254883;0,2748923599720001;0,011971802450716496
103;189,2212677001953;-292,7402648925781;67185,8359375;22,448612213134766;7,68554162979126;7,259990692138672;0,8448315858840942;0,2617380619049072;0,27257096767425537;0,011727397330105305
104;189,2212677001953;-292,7402648925781;67185,8359375;17,922386169433594;8,617181777954102;7,73773193359375;0,8543117642402649;0,2687644958496094;0,27708685398101807;0,011933882720768452
105;189,2212677001953;-292,7402648925781;67185,8359375;22,132591247558594;8,015694618225098;7,774903297424316;0,856554388999939;0,27007395029067993;0,2786479890346527;0,011931059882044792
106;189,2212677001953;-292,7402648925781;67185,8359375;17,21508026123047;6,63519811630249;8,217029571533203;0,8356708288192749;0,26725512742996216;0,27309972047805786;0,011601564474403858
107;189,2212677001953;-292,7402648925781;67185,8359375;19,286428451538086;6,985166072845459;8,573761940002441;0,8610730767250061;0,2781519889831543;0,2824227213859558;0,012062238529324532
108;189,2212677001953;-292,7402648925781;67185,8359375;17,880970001220703;8,974058151245117;8,774951934814453;0,8479300737380981;0,2752290666103363;0,2787606120109558;0,011797446757555008
109;189,2212677001953;-292,7402648925781;67185,8359375;17,94113540649414;8,261240005493164;9,070162773132324;0,8574034571647644;0,28122836351394653;0,2827296853065491;0,011977879330515862
110;189,2212677001953;-292,7402648925781;67185,8359375;13,455561637878418;8,049280166625977;8,788884162902832;0,8460608720779419;0,2805040776729584;0,2797679007053375;0,011796501465141773
111;189,2212677001953;-292,7402648925781;67185,8359375;11,898479461669922;8,724913597106934;9,203908920288086;0,8375277519226074;0,2800532281398773;0,27746614813804626;0,011631165631115437
112;189,2212677001953;-292,7402648925781;67185,8359375;10,773425102233887;8,930981636047363;8,879218101501465;0,8497216105461121;0,28752943873405457;0,28219830989837646;0,011883307248353958
113;189,2212677001953;-292,7402648925781;67185,8359375;13,600493431091309;10,339272499084473;9,082090377807617;0,8497275710105896;0,2908984422683716;0,2828390300273895;0,01192956417798996
114;189,2212677001953;-292,7402648925781;67185,8359375;10,719657897949219;8,955350875854492;9,165905952453613;0,8417899012565613;0,2910667955875397;0,2804775834083557;0,011776735074818134
115;189,2212677001953;-292,7402648925781;67185,8359375;9,555105209350586;11,2258882522583;9,61057186126709;0,8516584038734436;0,29775577783584595;0,284161239862442;0,011985750868916512
116;189,2212677001953;-292,7402648925781;67185,8359375;9,651480674743652;10,589058876037598;9,189361572265625;0,8384091258049011;0,2965772747993469;0,2799210250377655;0,011743561364710331
117;189,2212677001953;-292,7402648925781;67185,8359375;5,162466049194336;10,737086296081543;10,16313648223877;0,8402395248413086;0,2998673617839813;0,28090158104896545;0,011861815117299557
118;189,2212677001953;-292,7402648925781;67185,8359375;6,439347743988037;11,664149284362793;10,187284469604492;0,855750560760498;0,3094364404678345;0,286097913980484;0,01213020272552967
119;189,2212677001953;-292,7402648925781;67185,8359375;2,098517656326294;10,096386909484863;9,778136253356934;0,8458410501480103;0,3108241856098175;0,28274470567703247;0,011923084035515785
120;189,2212677001953;-292,7402648925781;67185,8359375;-3,367333173751831;9,598422050476074;10,001691818237305;0,8221164345741272;0,30423036217689514;0,2748582661151886;0,011587762273848057
121;189,2212677001953;-292,7402648925781;67185,8359375;-0,5660566687583923;11,098531723022461;10,046211242675781;0,8398858308792114;0,3145149052143097;0,28069472312927246;0,011939188465476036
122;189,2212677001953;-292,7402648925781;67185,8359375;-1,8802919387817383;9,394673347473145;10,306764602661133;0,8186203241348267;0,31017428636550903;0,2734188437461853;0,011590968817472458
123;189,2212677001953;-292,7402648925781;67185,8359375;-2,4664289951324463;9,586312294006348;10,074329376220703;0,8256728053092957;0,31583982706069946;0,27552151679992676;0,011767125688493252
124;189,2212677001953;-292,7402648925781;67185,8359375;-2,6561052799224854;9,072303771972656;9,657951354980469;0,8243549466133118;0,31956902146339417;0,27479395270347595;0,011774690821766853
125;189,2212677001953;-292,7402648925781;67185,8359375;-4,826650142669678;9,016563415527344;9,881635665893555;0,8237676024436951;0,3214123547077179;0,2741619646549225;0,011823797598481178
126;189,2212677001953;-292,7402648925781;67185,8359375;-4,814945697784424;8,963545799255371;9,820134162902832;0,8088809251785278;0,32096606492996216;0,2688677906990051;0,01157712284475565
127;189,2212677001953;-292,7402648925781;67185,8359375;-7,531089782714844;8,58031940460205;9,95510196685791;0,8159979581832886;0,32439661026000977;0,27057963609695435;0,011776873841881752
128;189,2212677001953;-292,7402648925781;67185,8359375;-6,319370746612549;9,062061309814453;9,5498046875;0,8100694417953491;0,3289117217063904;0,2682744860649109;0,011691620573401451
129;189,2212677001953;-292,7402648925781;67185,8359375;-7,4978861808776855;9,555461883544922;9,326183319091797;0,7726634740829468;0,3156566917896271;0,2552312910556793;0,011054650880396366
130;189,2212677001953;-292,7402648925781;67185,8359375;-11,083502769470215;8,642709732055664;8,9783296585083;0,7979283928871155;0,32580238580703735;0,2626805603504181;0,011590520851314068
131;189,2212677001953;-292,7402648925781;67185,8359375;-9,686627388000488;8,996125221252441;8,89344310760498;0,7790844440460205;0,32243382930755615;0,25587862730026245;0,011284148320555687
132;189,2212677001953;-292,7402648925781;67185,8359375;-8,336305618286133;10,081101417541504;9,389430046081543;0,7667943835258484;0,321536123752594;0,251221239566803;0,01110144704580307
133;189,2212677001953;-292,7402648925781;67185,8359375;-12,499749183654785;8,729961395263672;9,517959594726562;0,7674121260643005;0,3282651901245117;0,25097665190696716;0,011160213500261307
134;189,2212677001953;-292,7402648925781;67185,8359375;-13,416693687438965;8,608942031860352;8,453337669372559;0,7442002296447754;0,32120779156684875;0,24264277517795563;0,010773436166346073
135;189,2212677001953;-292,7402648925781;67185,8359375;-14,391109466552734;8,39595890045166;8,372072219848633;0,7552624344825745;0,32325658202171326;0,24494454264640808;0,011045772582292557
136;189,2212677001953;-292,7402648925781;67185,8359375;-15,849160194396973;8,509526252746582;8,525166511535645;0,7461868524551392;0,3302517533302307;0,24197551608085632;0,010924886912107468
137;189,2212677001953;-292,7402648925781;67185,8359375;-14,695136070251465;8,474215507507324;7,460152626037598;0,7454310059547424;0,33172407746315;0,2408336102962494;0,010973328724503517
138;189,2212677001953;-292,7402648925781;67185,8359375;-16,23573112487793;9,02579402923584;7,2246198654174805;0,7416421175003052;0,33446088433265686;0,2389790266752243;0,010960087180137634
139;189,2212677001953;-292,7402648925781;67185,8359375;-16,61226463317871;8,54884147644043;7,097883701324463;0,7260481715202332;0,3284400701522827;0,23298723995685577;0,010719005949795246
140;189,2212677001953;-292,7402648925781;67185,8359375;-15,623039245605469;8,618492126464844;7,094110488891602;0,7196667790412903;0,3352908492088318;0,23095344007015228;0,010649215430021286
141;189,2212677001953;-292,7402648925781;67185,8359375;-17,885093688964844;9,314483642578125;6,8945136070251465;0,7209348082542419;0,33305615186691284;0,2299778014421463;0,010746556334197521
142;189,2212677001953;-292,7402648925781;67185,8359375;-19,82438087463379;9,112203598022461;6,293454170227051;0,7003318667411804;0,3245338201522827;0,22249075770378113;0,010398504324257374
143;189,2212677001953;-292,7402648925781;67185,8359375;-20,020721435546875;8,760499954223633;6,253190994262695;0,6784823536872864;0,31626731157302856;0,21478277444839478;0,010017537511885166
144;189,2212677001953;-292,7402648925781;67185,8359375;-21,017215728759766;9,00601577758789;5,838491439819336;0,6693128943443298;0,31278398633003235;0,2110203206539154;0,009888911619782448
145;189,2212677001953;-292,7402648925781;67185,8359375;-17,974422454833984;9,363834381103516;5,519044399261475;0,6414085626602173;0,30600836873054504;0,2021121084690094;0,009382392279803753
146;189,2212677001953;-292,7402648925781;67185,8359375;-18,633909225463867;9,258225440979004;5,069157600402832;0,6210170984268188;0,2921983599662781;0,19433557987213135;0,008979639038443565
147;189,2212677001953;-292,7402648925781;67185,8359375;-20,055484771728516;8,311267852783203;4,572700023651123;0,6322532296180725;0,30093199014663696;0,19747506082057953;0,009299147874116898
148;189,2212677001953;-292,7402648925781;67185,8359375;-19,78102684020996;8,868003845214844;4,722786903381348;0,603581428527832;0,2845574915409088;0,18741725385189056;0,008700661361217499
149;189,2212677001953;-292,7402648925781;67185,8359375;-19,11789321899414;9,61220932006836;4,254796504974365;0,5946715474128723;0,2837240695953369;0,18440000712871552;0,008580172434449196
150;189,2212677001953;-292,7402648925781;67185,8359375;-21,809680938720703;8,766046524047852;3,944026470184326;0,5911574959754944;0,28094205260276794;0,18251614272594452;0,00854289997369051
151;189,2212677001953;-292,7402648925781;67185,8359375;-19,94520378112793;9,286965370178223;3,8101260662078857;0,5676226615905762;0,27425000071525574;0,1752927005290985;0,008091050200164318
152;189,2212677001953;-292,7402648925781;67185,8359375;-19,503192901611328;9,498322486877441;3,139927864074707;0,5633386969566345;0,27558842301368713;0,17393527925014496;0,008076777681708336
153;189,2212677001953;-292,7402648925781;67185,8359375;-20,61741828918457;8,862433433532715;2,8758833408355713;0,5631645321846008;0,27376827597618103;0,1731831133365631;0,008111401461064816
154;189,2212677001953;-292,7402648925781;67185,8359375;-18,321725845336914;9,403775215148926;2,9872825145721436;0,5519803166389465;0,26722854375839233;0,16919799149036407;0,007882916368544102
155;189,2212677001953;-292,7402648925781;67185,8359375;-18,758968353271484;10,28439998626709;2,274825096130371;0,5376532077789307;0,2621646225452423;0,16475506126880646;0,007605765946209431
156;189,2212677001953;-292,7402648925781;67185,8359375;-14,86132526397705;10,722455978393555;2,3184311389923096;0,5564829707145691;0,2736217975616455;0,17059077322483063;0,008154932409524918
157;189,2212677001953;-292,7402648925781;67185,8359375;-15,786107063293457;9,70932674407959;2,256167411804199;0,5448716878890991;0,27343323826789856;0,16765493154525757;0,007985728792846203
158;189,2212677001953;-292,7402648925781;67185,8359375;-16,105873107910156;8,600137710571289;1,9684245586395264;0,5491816401481628;0,2722219228744507;0,16835618019104004;0,008119200356304646
159;189,2212677001953;-292,7402648925781;67185,8359375;-15,72227668762207;9,710835456848145;1,718273401260376;0,5450171828269958;0,26650071144104004;0,1664821356534958;0,008035304956138134
160;189,2212677001953;-292,7402648925781;67185,8359375;-14,774009704589844;9,792034149169922;1,1713340282440186;0,5352897644042969;0,2681306302547455;0,1644781082868576;0,007926631718873978
161;189,2212677001953;-292,7402648925781;67185,8359375;-15,544435501098633;9,94864559173584;1,0806270837783813;0,5067194104194641;0,25632551312446594;0,15615984797477722;0,007284457795321941
162;189,2212677001953;-292,7402648925781;67185,8359375;-11,884137153625488;10,644775390625;1,0447447299957275;0,4903532564640045;0,2532039284706116;0,1520499587059021;0,006971545517444611
163;189,2212677001953;-292,7402648925781;67185,8359375;-12,041573524475098;10,528707504272461;0,8804579377174377;0,4876178801059723;0,252939909696579;0,15158449113368988;0,006971749477088451
164;189,2212677001953;-292,7402648925781;67185,8359375;-11,4072847366333;10,277530670166016;0,6007773280143738;0,47151121497154236;0,24485746026039124;0,14687663316726685;0,006594534032046795
165;189,2212677001953;-292,7402648925781;67185,8359375;-11,920941352844238;10,109964370727539;0,4711450934410095;0,4648035168647766;0,24025166034698486;0,14492382109165192;0,006451132241636515
166;189,2212677001953;-292,7402648925781;67185,8359375;-10,308730125427246;10,065711975097656;0,4180137515068054;0,4691872000694275;0,2396431416273117;0,14621809124946594;0,0065987976267933846
167;189,2212677001953;-292,7402648925781;67185,8359375;-9,29175090789795;10,52104663848877;0,1446281373500824;0,44429099559783936;0,24165812134742737;0,1411634236574173;0,006112787872552872
168;189,2212677001953;-292,7402648925781;67185,8359375;-6,295500755310059;11,80434513092041;0,38388481736183167;0,4529614746570587;0,23464536666870117;0,14253589510917664;0,006303411442786455
169;189,2212677001953;-292,7402648925781;67185,8359375;-5,082812786102295;12,279705047607422;0,232289656996727;0,4447646141052246;0,2410120666027069;0,14210590720176697;0,006231863051652908
170;189,2212677001953;-292,7402648925781;67185,8359375;-7,44938850402832;11,614911079406738;0,25176113843917847;0,46020472049713135;0,24429607391357422;0,14679662883281708;0,006689661182463169
171;189,2212677001953;-292,7402648925781;67185,8359375;-3,13753080368042;11,807064056396484;0,22968244552612305;0,44417905807495117;0,23986858129501343;0,14289367198944092;0,006316065788269043
172;189,2212677001953;-292,7402648925781;67185,8359375;-1,4717949628829956;12,843087196350098;0,3920641839504242;0,3936588168144226;0,22860316932201385;0,12973304092884064;0,004812949802726507
173;189,2212677001953;-292,7402648925781;67185,8359375;-1,531234860420227;13,296443939208984;0,5044217109680176;0,34271782636642456;0,20016710460186005;0,11361116915941238;0,0030319548677653074
174;189,2212677001953;-292,7402648925781;67185,8359375;4,2092390060424805;14,526569366455078;0,5811453461647034;0,4530976116657257;0,22270385921001434;0,14446070790290833;0,006495646201074123
175;189,2212677001953;-292,7402648925781;67185,8359375;3,6836307048797607;14,449552536010742;0,8288906812667847;0,4104331135749817;0,21224302053451538;0,13303935527801514;0,005405702628195286
176;189,2212677001953;-292,7402648925781;67185,8359375;5,107548713684082;15,056851387023926;0,9015061259269714;0,3905391991138458;0,20624791085720062;0,12785957753658295;0,00485734548419714
177;189,2212677001953;-292,7402648925781;67185,8359375;4,74645471572876;14,575601577758789;0,882091760635376;0,42413002252578735;0,2232365757226944;0,13944680988788605;0,005989233963191509
178;189,2212677001953;-292,7402648925781;67185,8359375;7,640843391418457;15,657149314880371;1,2336288690567017;0,4154874086380005;0,21334390342235565;0,13653217256069183;0,005729321856051683
179;189,2212677001953;-292,7402648925781;67185,8359375;6,007750034332275;15,47472858428955;1,178863286972046;0,43006134033203125;0,21597981452941895;0,14137616753578186;0,006180252879858017
180;189,2212677001953;-292,7402648925781;67185,8359375;11,890546798706055;16,364843368530273;1,420060157775879;0,4323671758174896;0,21819806098937988;0,14302770793437958;0,006308335345238447
181;189,2212677001953;-292,7402648925781;67185,8359375;9,874127388000488;16,207897186279297;1,5437164306640625;0,42824259400367737;0,2172582894563675;0,14255529642105103;0,006230029743164778
182;189,2212677001953;-292,7402648925781;67185,8359375;12,195592880249023;4,833296298980713;1,8320645093917847;0,4169056713581085;0,2092089205980301;0,13917888700962067;0,005911421030759811
183;189,2212677001953;-292,7402648925781;67185,8359375;13,898030281066895;10,131157875061035;1,7356202602386475;0,42950138449668884;0,2086493819952011;0,14320108294487;0,006277201697230339
184;189,2212677001953;-292,7402648925781;67185,8359375;15,68763256072998;10,773014068603516;1,8483744859695435;0,41482070088386536;0,20433378219604492;0,13935886323451996;0,00589138176292181
185;189,2212677001953;-292,7402648925781;67185,8359375;17,41586685180664;11,536771774291992;2,1015982627868652;0,42295098304748535;0,2034522294998169;0,142151340842247;0,0061387959867715836
186;189,2212677001953;-292,7402648925781;67185,8359375;16,304000854492188;10,973755836486816;2,291585683822632;0,4282028377056122;0,20033276081085205;0,14389805495738983;0,0062697031535208225
187;189,2212677001953;-292,7402648925781;67185,8359375;17,593833923339844;11,794547080993652;2,3871092796325684;0,42482516169548035;0,19952625036239624;0,1434994339942932;0,0062215281650424
188;189,2212677001953;-292,7402648925781;67185,8359375;19,242815017700195;12,249346733093262;2,5606491565704346;0,4317900538444519;0,1987353265285492;0,14600063860416412;0,006424261722713709
189;189,2212677001953;-292,7402648925781;67185,8359375;19,47930145263672;11,811769485473633;2,9917757511138916;0,4458009898662567;0,20268622040748596;0,15106604993343353;0,0068562147207558155
190;189,2212677001953;-292,7402648925781;67185,8359375;21,590927124023438;14,544902801513672;2,908888578414917;0,44179102778434753;0,19749212265014648;0,14990615844726562;0,006724658887833357
191;189,2212677001953;-292,7402648925781;67185,8359375;21,84649658203125;13,885560989379883;3,23179292678833;0,4530545473098755;0,20044806599617004;0,15404826402664185;0,007071088999509811
192;189,2212677001953;-292,7402648925781;67185,8359375;22,845367431640625;14,530644416809082;3,37361741065979;0,4465903639793396;0,1970033198595047;0,15227378904819489;0,006904866546392441
193;189,2212677001953;-292,7402648925781;67185,8359375;23,648836135864258;14,892216682434082;3,8004419803619385;0,4410947561264038;0,19148172438144684;0,15052363276481628;0,006723593920469284
194;189,2212677001953;-292,7402648925781;67185,8359375;21,941495895385742;15,57066535949707;3,6532793045043945;0,46416372060775757;0,1975759118795395;0,15843169391155243;0,007376747205853462
195;189,2212677001953;-292,7402648925781;67185,8359375;24,89993667602539;16,96770668029785;3,8107404708862305;0,4635313153266907;0,19463831186294556;0,15833115577697754;0,007331963162869215
196;189,2212677001953;-292,7402648925781;67185,8359375;24,988475799560547;15,96044635772705;4,156558513641357;0,4530002176761627;0,1905197948217392;0,15502414107322693;0,007074780762195587
197;189,2212677001953;-292,7402648925781;67185,8359375;21,221418380737305;16,155672073364258;4,160974502563477;0,4560718834400177;0,1889069378376007;0,15607129037380219;0,0071273730136454105
198;189,2212677001953;-292,7402648925781;67185,8359375;26,268339157104492;17,660907745361328;4,423586845397949;0,4666604697704315;0,19127801060676575;0,15971475839614868;0,007422678638249636
199;189,2212677001953;-292,7402648925781;67185,8359375;27,99373435974121;18,04746437072754;4,184351921081543;0,46756693720817566;0,1897893249988556;0,1600121706724167;0,007418525870889425
200;189,2212677001953;-292,7402648925781;67185,8359375;26,21467399597168;18,137428283691406;4,324713230133057;0,46708038449287415;0,18835733830928802;0,15977971255779266;0,007416762411594391
201;189,2212677001953;-292,7402648925781;67185,8359375;30,763648986816406;18,881040573120117;4,590090274810791;0,47217005491256714;0,18883123993873596;0,16142284870147705;0,007545884232968092
202;189,2212677001953;-292,7402648925781;67185,8359375;28,5704288482666;19,457725524902344;4,427497863769531;0,47320255637168884;0,1876552551984787;0,16149087250232697;0,007583890110254288
203;189,2212677001953;-292,7402648925781;67185,8359375;27,355712890625;18,67499542236328;4,299665451049805;0,48410695791244507;0,1907830834388733;0,16506324708461761;0,007858602330088615
204;189,2212677001953;-292,7402648925781;67185,8359375;32,13936233520508;18,541833877563477;4,231982707977295;0,47980809211730957;0,18810595571994781;0,16337502002716064;0,00769895501434803
205;189,2212677001953;-292,7402648925781;67185,8359375;32,28841018676758;18,596200942993164;4,45551061630249;0,49779635667800903;0,19426359236240387;0,16920417547225952;0,00818538200110197
206;189,2212677001953;-292,7402648925781;67185,8359375;33,4884147644043;18,507734298706055;4,17549467086792;0,5028943419456482;0,1957995444536209;0,17063584923744202;0,008291885256767273
207;189,2212677001953;-292,7402648925781;67185,8359375;32,20711135864258;18,859098434448242;4,305053234100342;0,4928753972053528;0,1904991865158081;0,1667124480009079;0,007989030331373215
208;189,2212677001953;-292,7402648925781;67185,8359375;32,44313430786133;19,66622543334961;4,246779441833496;0,5135820508003235;0,19779148697853088;0,1732248216867447;0,008539327420294285
209;189,2212677001953;-292,7402648925781;67185,8359375;29,896333694458008;18,96535873413086;4,110986232757568;0,5172646045684814;0,19830575585365295;0,1738756000995636;0,008608893491327763
210;189,2212677001953;-292,7402648925781;67185,8359375;29,661176681518555;19,262474060058594;4,116664886474609;0,5298363566398621;0,20456171035766602;0,17778056859970093;0,00890356209129095
211;189,2212677001953;-292,7402648925781;67185,8359375;33,651058197021484;19,204607009887695;4,142125129699707;0,5154475569725037;0,19516904652118683;0,17181144654750824;0,00849042646586895
212;189,2212677001953;-292,7402648925781;67185,8359375;28,890993118286133;16,267658233642578;3,986281156539917;0,5305418372154236;0,20053920149803162;0,17613768577575684;0,008857942186295986
213;189,2212677001953;-292,7402648925781;67185,8359375;32,216529846191406;18,86007308959961;3,755141019821167;0,5423598885536194;0,20393288135528564;0,1791812628507614;0,009127508848905563
214;189,2212677001953;-292,7402648925781;67185,8359375;31,509607315063477;20,206714630126953;3,6372368335723877;0,5381335616111755;0,20228339731693268;0,17700150609016418;0,008973736315965652
215;189,2212677001953;-292,7402648925781;67185,8359375;33,67741012573242;19,965017318725586;3,7869720458984375;0,5164211392402649;0,19662120938301086;0,1694222241640091;0,008334863930940628
216;189,2212677001953;-292,7402648925781;67185,8359375;36,30961608886719;17,657798767089844;3,586852550506592;0,5536393523216248;0,20414818823337555;0,1798117309808731;0,0092698335647583
217;189,2212677001953;-292,7402648925781;67185,8359375;35,48719787597656;18,327680587768555;3,347360849380493;0,5412538647651672;0,20508058369159698;0,17564688622951508;0,008914509788155556
218;189,2212677001953;-292,7402648925781;67185,8359375;41,39482116699219;14,956961631774902;3,201974630355835;0,5532264113426208;0,21076616644859314;0,17873190343379974;0,009178799577057362
219;189,2212677001953;-292,7402648925781;67185,8359375;46,64216232299805;14,206934928894043;3,1609511375427246;0,549124538898468;0,19949378073215485;0,17506170272827148;0,008988820016384125
220;189,2212677001953;-292,7402648925781;67185,8359375;42,234493255615234;14,836332321166992;3,112255573272705;0,565185010433197;0,20523704588413239;0,17912766337394714;0,009339987300336361
221;189,2212677001953;-292,7402648925781;67185,8359375;51,22614288330078;13,281757354736328;2,7194924354553223;0,5650857090950012;0,19606871902942657;0,17679238319396973;0,00920476857572794
222;189,2212677001953;-292,7402648925781;67185,8359375;49,11558151245117;13,512054443359375;2,6426355838775635;0,5749031901359558;0,19708414375782013;0,1784464567899704;0,009363441728055477
223;189,2212677001953;-292,7402648925781;67185,8359375;49,55733108520508;13,57326602935791;2,6387903690338135;0,5796029567718506;0,2002798467874527;0,1790040284395218;0,009438497014343739
224;189,2212677001953;-292,7402648925781;67185,8359375;50,41542053222656;13,488847732543945;2,388462781906128;0,5785654187202454;0,20241865515708923;0,1779136210680008;0,009380053728818893
225;189,2212677001953;-292,7402648925781;67185,8359375;47,87560272216797;12,84550952911377;2,2351386547088623;0,5823075175285339;0,2001049816608429;0,17745892703533173;0,009375936351716518
226;189,2212677001953;-292,7402648925781;67185,8359375;45,6756477355957;12,601853370666504;2,1410694122314453;0,5903222560882568;0,20604926347732544;0,17922940850257874;0,009535224176943302
227;189,2212677001953;-292,7402648925781;67185,8359375;42,09206771850586;12,161944389343262;1,9779765605926514;0,5965794920921326;0,2041843831539154;0,17946697771549225;0,00958202499896288
228;189,2212677001953;-292,7402648925781;67185,8359375;45,243797302246094;10,552482604980469;1,5580670833587646;0,5935008525848389;0,20835313200950623;0,17820367217063904;0,00949316006153822
229;189,2212677001953;-292,7402648925781;67185,8359375;50,31801223754883;10,422074317932129;1,5602134466171265;0,5961843729019165;0,19934028387069702;0,17658069729804993;0,009398848749697208
230;189,2212677001953;-292,7402648925781;67185,8359375;44,36607360839844;11,03116226196289;1,4844790697097778;0,603556215763092;0,2111295461654663;0,17906293272972107;0,00959133543074131
231;189,2212677001953;-292,7402648925781;67185,8359375;43,78321075439453;10,293952941894531;1,1968895196914673;0,6114877462387085;0,21366439759731293;0,1804114580154419;0,009706168435513973
232;189,2212677001953;-292,7402648925781;67185,8359375;43,73168182373047;10,802163124084473;0,9599823355674744;0,6230999827384949;0,21686451137065887;0,18278101086616516;0,009897330775856972
233;189,2212677001953;-292,7402648925781;67185,8359375;41,934471130371094;11,302084922790527;0,8258396983146667;0,6268725991249084;0,22319023311138153;0,1837512105703354;0,0099550262093544
234;189,2212677001953;-292,7402648925781;67185,8359375;43,078880310058594;11,232756614685059;0,8565921187400818;0,6199916005134583;0,2098993957042694;0,17935006320476532;0,009637664072215557
235;189,2212677001953;-292,7402648925781;67185,8359375;48,15210723876953;7,438216686248779;0,848624050617218;0,6519789099693298;0,21761851012706757;0,1873876303434372;0,010248415172100067
236;189,2212677001953;-292,7402648925781;67185,8359375;43,092796325683594;10,189114570617676;0,5589473247528076;0,657047688961029;0,22124285995960236;0,18842928111553192;0,0103096142411232
237;189,2212677001953;-292,7402648925781;67185,8359375;43,89966583251953;11,254998207092285;0,8877066969871521;0,6645530462265015;0,21868661046028137;0,18923622369766235;0,010350978001952171
238;189,2212677001953;-292,7402648925781;67185,8359375;43,104244232177734;10,369083404541016;0,6648451089859009;0,6666369438171387;0,21358121931552887;0,1884813904762268;0,010264327749609947
239;189,2212677001953;-292,7402648925781;67185,8359375;47,42654037475586;8,499418258666992;0,6783897280693054;0,6823579668998718;0,2152051478624344;0,19200418889522552;0,010488073341548443
240;189,2212677001953;-292,7402648925781;67185,8359375;41,94469451904297;9,419364929199219;0,8239233493804932;0,6903291940689087;0,21011732518672943;0,19285133481025696;0,010493765585124493
241;189,2212677001953;-292,7402648925781;67185,8359375;43,197471618652344;9,104034423828125;0,836801290512085;0,7029800415039062;0,21548521518707275;0,19634094834327698;0,010704616084694862
242;189,2212677001953;-292,7402648925781;67185,8359375;39,94520950317383;9,881717681884766;0,9342924356460571;0,6832263469696045;0,20302212238311768;0,18981577455997467;0,010158558376133442
243;189,2212677001953;-292,7402648925781;67185,8359375;36,3206787109375;11,888075828552246;0,9200156331062317;0,6844369769096375;0,20901483297348022;0,19087935984134674;0,01019037514925003
244;189,2212677001953;-292,7402648925781;67185,8359375;36,69664001464844;10,551403045654297;1,2572520971298218;0,7196372151374817;0,2066008597612381;0,1990073323249817;0,010663782246410847
245;189,2212677001953;-292,7402648925781;67185,8359375;35,443790435791016;11,885767936706543;1,1119354963302612;0,7206258773803711;0,21356916427612305;0,20034562051296234;0,010710667818784714
246;189,2212677001953;-292,7402648925781;67185,8359375;38,58345413208008;11,326045989990234;1,1754075288772583;0,7415138483047485;0,219447061419487;0,2064073383808136;0,011052916757762432
247;189,2212677001953;-292,7402648925781;67185,8359375;34,84748458862305;12,306714057922363;1,1759850978851318;0,7393195629119873;0,210471510887146;0,20510324835777283;0,010838308371603489
248;189,2212677001953;-292,7402648925781;67185,8359375;39,12413024902344;11,276509284973145;1,2831156253814697;0,7536478638648987;0,2215062975883484;0,2105068862438202;0,011145859025418758
249;189,2212677001953;-292,7402648925781;67185,8359375;35,809593200683594;12,141780853271484;1,6690196990966797;0,7483413219451904;0,2181052714586258;0,20939262211322784;0,010961208492517471
250;189,2212677001953;-292,7402648925781;67185,8359375;42,313045501708984;12,12332820892334;1,469871997833252;0,7573733329772949;0,2184959352016449;0,21234218776226044;0,01104590855538845
251;189,2212677001953;-292,7402648925781;67185,8359375;40,4015998840332;12,138031959533691;1,6506757736206055;0,7719259262084961;0,22591090202331543;0,217665433883667;0,011306317523121834
252;189,2212677001953;-292,7402648925781;67185,8359375;40,47228240966797;12,51204776763916;1,9658985137939453;0,7696434259414673;0,22623823583126068;0,2180570513010025;0,011220484972000122
253;189,2212677001953;-292,7402648925781;67185,8359375;32,75777816772461;12,568970680236816;2,259765148162842;0,7761142253875732;0,2243575155735016;0,22038744390010834;0,011237633414566517
254;189,2212677001953;-292,7402648925781;67185,8359375;44,197418212890625;12,416497230529785;2,6193361282348633;0,7942777276039124;0,23667193949222565;0,22755999863147736;0,011614058166742325
255;189,2212677001953;-292,7402648925781;67185,8359375;37,18395233154297;14,06410026550293;2,4326486587524414;0,792302668094635;0,23093292117118835;0,22747091948986053;0,011457609944045544
256;189,2212677001953;-292,7402648925781;67185,8359375;37,54499435424805;12,504874229431152;2,6385982036590576;0,7948076128959656;0,22447387874126434;0,2284878045320511;0,011353282257914543
257;189,2212677001953;-292,7402648925781;67185,8359375;31,801654815673828;13,486034393310547;3,097609758377075;0,7934667468070984;0,22817914187908173;0,22988639771938324;0,011335819028317928
258;189,2212677001953;-292,7402648925781;67185,8359375;31,19104766845703;13,552702903747559;3,3063888549804688;0,7941112518310547;0,22765983641147614;0,23129364848136902;0,011288916692137718
259;189,2212677001953;-292,7402648925781;67185,8359375;33,882293701171875;14,133905410766602;3,37980318069458;0,7917951345443726;0,2182849496603012;0,23087720572948456;0,011070787906646729
260;189,2212677001953;-292,7402648925781;67185,8359375;33,74040985107422;13,817615509033203;3,737168312072754;0,8159911632537842;0,2247958928346634;0,2393258810043335;0,011452284641563892
261;189,2212677001953;-292,7402648925781;67185,8359375;39,50422286987305;14,481701850891113;3,9965009689331055;0,7999281287193298;0,2315303236246109;0,23740625381469727;0,011285490356385708
262;189,2212677001953;-292,7402648925781;67185,8359375;33,956687927246094;15,185310363769531;4,418192386627197;0,8294287919998169;0,2376159429550171;0,24731704592704773;0,011735646054148674
263;189,2212677001953;-292,7402648925781;67185,8359375;34,70943832397461;15,367539405822754;4,8379621505737305;0,8048057556152344;0,2285066545009613;0,24114322662353516;0,011218094266951084
264;189,2212677001953;-292,7402648925781;67185,8359375;34,9715690612793;17,279163360595703;5,043148517608643;0,8362755179405212;0,2444853037595749;0,2529388964176178;0,011840869672596455
265;189,2212677001953;-292,7402648925781;67185,8359375;36,68214416503906;17,996511459350586;5,446327209472656;0,8569504022598267;0,25585323572158813;0,26138103008270264;0,012243306264281273
266;189,2212677001953;-292,7402648925781;67185,8359375;26,784494400024414;18,258974075317383;5,533762454986572;0,8484829068183899;0,25297215580940247;0,26022154092788696;0,012045448645949364
267;189,2212677001953;-292,7402648925781;67185,8359375;30,70489501953125;19,342905044555664;5,8764824867248535;0,8388977646827698;0,24900740385055542;0,25856396555900574;0,011816549114882946
268;189,2212677001953;-292,7402648925781;67185,8359375;38,41253662109375;18,4644718170166;6,0495758056640625;0,8540193438529968;0,25315889716148376;0,2645987570285797;0,012037213891744614
269;189,2212677001953;-292,7402648925781;67185,8359375;31,411052703857422;19,445833206176758;6,249758720397949;0,8505693078041077;0,25724124908447266;0,26557615399360657;0,01201600581407547
270;189,2212677001953;-292,7402648925781;67185,8359375;29,151208877563477;18,45223617553711;6,763683795928955;0,8640596866607666;0,25947675108909607;0,27089032530784607;0,012183832935988903
271;189,2212677001953;-292,7402648925781;67185,8359375;27,739490509033203;18,548810958862305;7,090637683868408;0,8643413782119751;0,25917139649391174;0,27221837639808655;0,01213831827044487
272;189,2212677001953;-292,7402648925781;67185,8359375;25,710176467895508;19,696327209472656;6,9726881980896;0,846251904964447;0,25610119104385376;0,2680462598800659;0,011819344945251942
273;189,2212677001953;-292,7402648925781;67185,8359375;28,126176834106445;18,825227737426758;7,047127723693848;0,8442772030830383;0,2595594525337219;0,2691246569156647;0,011815140955150127
274;189,2212677001953;-292,7402648925781;67185,8359375;22,960302352905273;18,145509719848633;6,999006271362305;0,8416678309440613;0,2601195275783539;0,2695566415786743;0,011752292513847351
275;189,2212677001953;-292,7402648925781;67185,8359375;24,417648315429688;19,565391540527344;7,9881911277771;0,8451960682868958;0,26179707050323486;0,27176815271377563;0,011782166548073292
276;189,2212677001953;-292,7402648925781;67185,8359375;19,02330780029297;20,069162368774414;7,695979118347168;0,8451868295669556;0,2629559636116028;0,27285051345825195;0,011758441105484962
277;189,2212677001953;-292,7402648925781;67185,8359375;17,814218521118164;20,368173599243164;8,109821319580078;0,8581556081771851;0,2685098350048065;0,2781037390232086;0,011967294849455357
278;189,2212677001953;-292,7402648925781;67185,8359375;19,419713973999023;20,512561798095703;8,116687774658203;0,858099102973938;0,27061858773231506;0,2791582942008972;0,011959747411310673
279;189,2212677001953;-292,7402648925781;67185,8359375;13,809003829956055;19,885446548461914;8,676114082336426;0,8405073881149292;0,26933032274246216;0,2747695744037628;0,011700958013534546
280;189,2212677001953;-292,7402648925781;67185,8359375;15,861730575561523;20,256000518798828;9,061676025390625;0,8560580015182495;0,2761424779891968;0,28070634603500366;0,01196280773729086
281;189,2212677001953;-292,7402648925781;67185,8359375;14,021085739135742;21,415475845336914;8,492225646972656;0,836061418056488;0,27044281363487244;0,2746771275997162;0,01155572384595871
282;189,2212677001953;-292,7402648925781;67185,8359375;10,749456405639648;19,951717376708984;8,878914833068848;0,8489733338356018;0,27858731150627136;0,279975950717926;0,011834582313895226
283;189,2212677001953;-292,7402648925781;67185,8359375;9,363404273986816;19,526960372924805;9,329731941223145;0,853735089302063;0,2826094627380371;0,2822011411190033;0,011911981739103794
284;189,2212677001953;-292,7402648925781;67185,8359375;8,225234985351562;21,584228515625;9,390979766845703;0,8401972651481628;0,2808232605457306;0,27831700444221497;0,011671455577015877
285;189,2212677001953;-292,7402648925781;67185,8359375;11,085125923156738;22,766883850097656;8,927929878234863;0,8529651165008545;0,2888779044151306;0,2833634316921234;0,011959223076701164
286;189,2212677001953;-292,7402648925781;67185,8359375;10,437193870544434;23,103137969970703;9,444343566894531;0,8511518836021423;0,29173097014427185;0,28348544239997864;0,011989220976829529
287;189,2212677001953;-292,7402648925781;67185,8359375;6,748383522033691;22,64552116394043;9,67007827758789;0,8476421236991882;0,29304003715515137;0,28238725662231445;0,011868677102029324
288;189,2212677001953;-292,7402648925781;67185,8359375;5,885159492492676;22,583938598632812;10,01615047454834;0,8484335541725159;0,29663923382759094;0,28303179144859314;0,011912843212485313
289;189,2212677001953;-292,7402648925781;67185,8359375;3,6938905715942383;23,281543731689453;9,694329261779785;0,8405801057815552;0,2972639501094818;0,28067705035209656;0,011792733334004879
290;189,2212677001953;-292,7402648925781;67185,8359375;2,5937414169311523;23,60205078125;10,423563003540039;0,8402610421180725;0,30005496740341187;0,2808726727962494;0,011850510723888874
291;189,2212677001953;-292,7402648925781;67185,8359375;3,589885711669922;24,009227752685547;10,37421989440918;0,8541632890701294;0,30908605456352234;0,285544216632843;0,012090172618627548
292;189,2212677001953;-292,7402648925781;67185,8359375;-0,6465817093849182;22,20012092590332;10,133105278015137;0,8488268256187439;0,3110640048980713;0,28378936648368835;0,012013163417577744
293;189,2212677001953;-292,7402648925781;67185,8359375;-3,7397234439849854;21,803821563720703;10,476101875305176;0,8278157711029053;0,30544137954711914;0,2767854630947113;0,01171355415135622
294;189,2212677001953;-292,7402648925781;67185,8359375;-1,6931746006011963;22,857309341430664;10,499883651733398;0,8283140063285828;0,3093816041946411;0,2768300771713257;0,011748308315873146
295;189,2212677001953;-292,7402648925781;67185,8359375;-1,4750925302505493;23,51801109313965;10,813444137573242;0,8158815503120422;0,3098267912864685;0,27251312136650085;0,011527461931109428
296;189,2212677001953;-292,7402648925781;67185,8359375;-2,271928310394287;22,98140525817871;10,333507537841797;0,8197316527366638;0,31285208463668823;0,2735217213630676;0,011669112369418144
297;189,2212677001953;-292,7402648925781;67185,8359375;-4,1077375411987305;22,482219696044922;10,252053260803223;0,8272411823272705;0,31904372572898865;0,27569904923439026;0,01184751931577921
298;189,2212677001953;-292,7402648925781;67185,8359375;-7,443533897399902;22,05570411682129;9,845232009887695;0,8201020359992981;0,32007110118865967;0,2729473412036896;0,011755834333598614
299;189,2212677001953;-292,7402648925781;67185,8359375;-6,5942816734313965;22,19732093811035;10,206015586853027;0,8205654621124268;0,32457953691482544;0,2727002501487732;0,011800759471952915
300;189,2212677001953;-292,7402648925781;67185,8359375;-9,460805892944336;22,420528411865234;9,911544799804688;0,8180348873138428;0,3246051073074341;0,2712222933769226;0,011817815713584423
301;189,2212677001953;-292,7402648925781;67185,8359375;-10,448592185974121;22,38560676574707;9,725549697875977;0,807755172252655;0,32678672671318054;0,267434298992157;0,01165768038481474
302;189,2212677001953;-292,7402648925781;67185,8359375;-10,281968116760254;22,8448429107666;9,912131309509277;0,765454888343811;0,3150475025177002;0,2530129849910736;0,010905965231359005
303;189,2212677001953;-292,7402648925781;67185,8359375;-9,50422477722168;22,28154754638672;9,694058418273926;0,8012884259223938;0,32919660210609436;0,26393625140190125;0,011647249571979046
304;189,2212677001953;-292,7402648925781;67185,8359375;-12,293079376220703;21,9359188079834;9,191691398620605;0,7762212753295898;0,31877759099006653;0,25474923849105835;0,011232292279601097
305;189,2212677001953;-292,7402648925781;67185,8359375;-11,110630989074707;22,83584213256836;9,520030975341797;0,7699117064476013;0,32313817739486694;0,2522692084312439;0,011160164140164852
306;189,2212677001953;-292,7402648925781;67185,8359375;-13,57674503326416;22,019765853881836;9,670258522033691;0,756608247756958;0,3253173828125;0,2475913166999817;0,010948841460049152
307;189,2212677001953;-292,7402648925781;67185,8359375;-16,214040756225586;21,460147857666016;8,715048789978027;0,7475600242614746;0,3219970464706421;0,24368035793304443;0,010839151218533516
308;189,2212677001953;-292,7402648925781;67185,8359375;-15,784987449645996;22,010347366333008;8,670321464538574;0,7516197562217712;0,3246428072452545;0,2440398782491684;0,01097646914422512
309;189,2212677001953;-292,7402648925781;67185,8359375;-17,725847244262695;21,529483795166016;8,631901741027832;0,7398658990859985;0,3285659849643707;0,24003785848617554;0,010800128802657127
310;189,2212677001953;-292,7402648925781;67185,8359375;-16,367706298828125;22,48082160949707;7,7927727699279785;0,7351216673851013;0,3252941071987152;0,23731859028339386;0,01077359076589346
311;189,2212677001953;-292,7402648925781;67185,8359375;-19,232942581176758;21,7570858001709;7,462222576141357;0,7422893643379211;0,33219313621520996;0,238921120762825;0,010974816046655178
312;189,2212677001953;-292,7402648925781;67185,8359375;-18,616626739501953;21,871938705444336;7,449621200561523;0,73178631067276;0,3292733430862427;0,2346409112215042;0,010831375606358051
313;189,2212677001953;-292,7402648925781;67185,8359375;-18,590988159179688;22,482799530029297;7,378993034362793;0,7300876975059509;0,3372674882411957;0,2339758723974228;0,010859469883143902
314;189,2212677001953;-292,7402648925781;67185,8359375;-21,880407333374023;23,139463424682617;7,209653377532959;0,7201433181762695;0,33198291063308716;0,22964642941951752;0,010730586014688015
315;189,2212677001953;-292,7402648925781;67185,8359375;-20,010995864868164;24,094417572021484;6,6874165534973145;0,6969269514083862;0,32218724489212036;0,22132116556167603;0,010328277014195919
316;189,2212677001953;-292,7402648925781;67185,8359375;-21,496740341186523;23,42359161376953;6,84951639175415;0,6798444986343384;0,3131401240825653;0,21476688981056213;0,010033614002168179
317;189,2212677001953;-292,7402648925781;67185,8359375;-24,90581512451172;23,324893951416016;6,06473970413208;0,6621359586715698;0,30916157364845276;0,2087266594171524;0,00973809789866209
318;189,2212677001953;-292,7402648925781;67185,8359375;-21,489225387573242;24,597150802612305;5,861852645874023;0,6385480761528015;0,3028794229030609;0,2009899914264679;0,009315533563494682
319;189,2212677001953;-292,7402648925781;67185,8359375;-21,695024490356445;25,081270217895508;5,525692462921143;0,6336941719055176;0,2975184917449951;0,19822250306606293;0,009251637384295464
320;189,2212677001953;-292,7402648925781;67185,8359375;-22,017091751098633;25,072925567626953;5,159644603729248;0,644493579864502;0,3060307204723358;0,20120535790920258;0,009558799676597118
321;189,2212677001953;-292,7402648925781;67185,8359375;-22,750818252563477;25,313867568969727;5,096371650695801;0,602895200252533;0,28567567467689514;0,18739449977874756;0,008697159588336945
322;189,2212677001953;-292,7402648925781;67185,8359375;-21,780122756958008;26,665969848632812;4,649003028869629;0,5872565507888794;0,27867624163627625;0,18190070986747742;0,008396308869123459
323;189,2212677001953;-292,7402648925781;67185,8359375;-25,769229888916016;25,900558471679688;4,267697811126709;0,5973619818687439;0,28563642501831055;0,18466909229755402;0,008700665086507797
324;189,2212677001953;-292,7402648925781;67185,8359375;-22,562631607055664;27,08719825744629;4,2302632331848145;0,5721372961997986;0,27488186955451965;0,17647455632686615;0,008182245306670666
325;189,2212677001953;-292,7402648925781;67185,8359375;-21,412992477416992;28,11313247680664;3,698739528656006;0,5663177371025085;0,2782091498374939;0,17502014338970184;0,008157244883477688
326;189,2212677001953;-292,7402648925781;67185,8359375;-23,74119758605957;27,373979568481445;3,3080897331237793;0,5687497854232788;0,2770673930644989;0,17498430609703064;0,00825018621981144
327;189,2212677001953;-292,7402648925781;67185,8359375;-21,253480911254883;28,23165512084961;3,5411534309387207;0,5601354837417603;0,27475178241729736;0,17220935225486755;0,008119969628751278
328;189,2212677001953;-292,7402648925781;67185,8359375;-21,989744186401367;27,810775756835938;2,860544443130493;0,5283144116401672;0,258281946182251;0,16199059784412384;0,0073767537251114845
329;189,2212677001953;-292,7402648925781;67185,8359375;-17,392074584960938;25,931501388549805;2,882420539855957;0,5384048223495483;0,26431944966316223;0,16498903930187225;0,007704321760684252
330;189,2212677001953;-292,7402648925781;67185,8359375;-17,578231811523438;23,223844528198242;2,7276604175567627;0,5473791360855103;0,2702461779117584;0,16776838898658752;0,008003315888345242
331;189,2212677001953;-292,7402648925781;67185,8359375;-17,674514770507812;19,90826988220215;2,3346152305603027;0,552193284034729;0,2718270719051361;0,16900013387203217;0,008173076435923576
332;189,2212677001953;-292,7402648925781;67185,8359375;-18,757749557495117;27,473752975463867;2,0982825756073;0,5379799008369446;0,2624359726905823;0,1642405092716217;0,007849636487662792
333;189,2212677001953;-292,7402648925781;67185,8359375;-17,234493255615234;28,30093765258789;1,6016626358032227;0,5280674695968628;0,26334625482559204;0,16208331286907196;0,007731517311185598
334;189,2212677001953;-292,7402648925781;67185,8359375;-17,181718826293945;23,3879451751709;1,594078779220581;0,5045025944709778;0,25309962034225464;0,15515722334384918;0,0071982648223638535
335;189,2212677001953;-292,7402648925781;67185,8359375;-13,136005401611328;21,737638473510742;1,4443596601486206;0,4847102761268616;0,2527464032173157;0,15068095922470093;0,006845901254564524
336;189,2212677001953;-292,7402648925781;67185,8359375;-14,421926498413086;25,949501037597656;1,284500002861023;0,4794001281261444;0,24778412282466888;0,14889082312583923;0,006737649906426668
337;189,2212677001953;-292,7402648925781;67185,8359375;-13,650978088378906;24,972087860107422;1,0157322883605957;0,4748465418815613;0,2519807517528534;0,14875920116901398;0,006740939803421497
338;189,2212677001953;-292,7402648925781;67185,8359375;-12,420053482055664;20,21628189086914;0,9984102845191956;0,4623577296733856;0,2420404851436615;0,14463484287261963;0,0064216540195047855
339;189,2212677001953;-292,7402648925781;67185,8359375;-12,136809349060059;22,356346130371094;0,858513593673706;0,4643126428127289;0,24012987315654755;0,14515617489814758;0,006501978263258934
340;189,2212677001953;-292,7402648925781;67185,8359375;-11,392683982849121;23,264219284057617;0,4999426007270813;0,463588148355484;0,2463117390871048;0,1463685929775238;0,00661367317661643
341;189,2212677001953;-292,7402648925781;67185,8359375;-7,912432670593262;25,050466537475586;0,7641275525093079;0,4516957998275757;0,23738713562488556;0,14266157150268555;0,006310914643108845
342;189,2212677001953;-292,7402648925781;67185,8359375;-7,574656963348389;25,96318244934082;0,5169795751571655;0,4277093708515167;0,23531360924243927;0,13721910119056702;0,00575775234028697
343;189,2212677001953;-292,7402648925781;67185,8359375;-9,084968566894531;25,947179794311523;0,6059668064117432;0,44565269351005554;0,24138396978378296;0,14290568232536316;0,006309121381491423
344;189,2212677001953;-292,7402648925781;67185,8359375;-4,9831109046936035;26,525468826293945;0,6249799728393555;0,44950616359710693;0,24500279128551483;0,1449601799249649;0,006467747967690229
345;189,2212677001953;-292,7402648925781;67185,8359375;-3,7471344470977783;27,87264633178711;0,7981648445129395;0,4185801148414612;0,24515342712402344;0,13828565180301666;0,005457988940179348
346;189,2212677001953;-292,7402648925781;67185,8359375;-4,068214416503906;28,95221519470215;1,0098192691802979;0,41327381134033203;0,2272377610206604;0,13474184274673462;0,005522215273231268
347;189,2212677001953;-292,7402648925781;67185,8359375;1,6123253107070923;30,347610473632812;0,9069376587867737;0,4572164714336395;0,22973869740962982;0,14649468660354614;0,006705643609166145
348;189,2212677001953;-292,7402648925781;67185,8359375;0,668308436870575;30,591930389404297;1,2002334594726562;0,4061105251312256;0,21039354801177979;0,13169409334659576;0,005264385137706995
349;189,2212677001953;-292,7402648925781;67185,8359375;2,1601943969726562;31,799423217773438;1,3049979209899902;0,4023157060146332;0,210907980799675;0,13148248195648193;0,005243650637567043
350;189,2212677001953;-292,7402648925781;67185,8359375;2,3391737937927246;31,944721221923828;1,3580811023712158;0,42874881625175476;0,22637209296226501;0,14106714725494385;0,006126269232481718
351;189,2212677001953;-292,7402648925781;67185,8359375;4,16070032119751;33,18475341796875;1,6884725093841553;0,42131030559539795;0,21418708562850952;0,13813848793506622;0,0058868746273219585
352;189,2212677001953;-292,7402648925781;67185,8359375;3,2252304553985596;32,34305953979492;1,671729564666748;0,42574581503868103;0,21455608308315277;0,1400594562292099;0,006056036800146103
353;189,2212677001953;-292,7402648925781;67185,8359375;10,018135070800781;33,52091598510742;1,947393774986267;0,4325545132160187;0,217472642660141;0,14297528564929962;0,006307378876954317
354;189,2212677001953;-292,7402648925781;67185,8359375;7,355914115905762;32,905487060546875;2,0879647731781006;0,43635281920433044;0,21818751096725464;0,14481988549232483;0,006453658454120159
355;189,2212677001953;-292,7402648925781;67185,8359375;7,6064229011535645;32,12893295288086;2,3677632808685303;0,4227420687675476;0,21148866415023804;0,14103811979293823;0,006085981149226427
356;189,2212677001953;-292,7402648925781;67185,8359375;9,489033699035645;32,94583511352539;2,362102746963501;0,42810025811195374;0,20698092877864838;0,14260582625865936;0,006220135372132063
357;189,2212677001953;-292,7402648925781;67185,8359375;12,902397155761719;33,42353439331055;2,5393645763397217;0,4274173676967621;0,20872873067855835;0,14335615932941437;0,006265516392886639
358;189,2212677001953;-292,7402648925781;67185,8359375;13,670427322387695;33,804908752441406;2,743508815765381;0,42090359330177307;0,20415005087852478;0,14167287945747375;0,006090665236115456
359;189,2212677001953;-292,7402648925781;67185,8359375;13,172760009765625;33,003231048583984;3,010866641998291;0,4409361183643341;0,2046578824520111;0,14797931909561157;0,006638775579631329
360;189,2212677001953;-292,7402648925781;67185,8359375;13,82185173034668;33,38288116455078;3,1514837741851807;0,420445054769516;0,19830197095870972;0,14211806654930115;0,006094262935221195
361;189,2212677001953;-292,7402648925781;67185,8359375;16,297910690307617;33,71849822998047;3,259537696838379;0,4410729706287384;0,20208792388439178;0,14903241395950317;0,006695420481264591
362;189,2212677001953;-292,7402648925781;67185,8359375;16,00311851501465;32,83237838745117;3,6265358924865723;0,44466260075569153;0,20077046751976013;0,15052440762519836;0,006802046205848455
363;189,2212677001953;-292,7402648925781;67185,8359375;19,492794036865234;35,42489242553711;3,473440170288086;0,4494730830192566;0,20003961026668549;0,1524164080619812;0,006941998843103647
364;189,2212677001953;-292,7402648925781;67185,8359375;17,621519088745117;33,712493896484375;3,945845127105713;0,4539271295070648;0,2008400857448578;0,15434511005878448;0,007096934597939253
365;189,2212677001953;-292,7402648925781;67185,8359375;18,745311737060547;34,74150085449219;3,9266140460968018;0,4397059381008148;0,19463281333446503;0,14999282360076904;0,006706829648464918
366;189,2212677001953;-292,7402648925781;67185,8359375;21,285573959350586;34,934993743896484;4,265483856201172;0,44794365763664246;0,19274018704891205;0,15269659459590912;0,006892414763569832
367;189,2212677001953;-292,7402648925781;67185,8359375;17,264135360717773;34,973777770996094;4,3661932945251465;0,46067678928375244;0,1956876665353775;0,15720394253730774;0,007262434810400009
368;189,2212677001953;-292,7402648925781;67185,8359375;21,612274169921875;35,9430046081543;4,457313537597656;0,47078925371170044;0,19714047014713287;0,16076482832431793;0,007530129514634609
369;189,2212677001953;-292,7402648925781;67185,8359375;21,619964599609375;35,21747970581055;4,812746524810791;0,46042564511299133;0,19371376931667328;0,15757007896900177;0,00729505717754364
370;189,2212677001953;-292,7402648925781;67185,8359375;20,950679779052734;35,21316909790039;4,5208539962768555;0,4542635679244995;0,1883452981710434;0,1554631143808365;0,007080043666064739
371;189,2212677001953;-292,7402648925781;67185,8359375;23,548114776611328;36,83395767211914;4,917750835418701;0,4665367901325226;0,19124364852905273;0,15967285633087158;0,007419700734317303
372;189,2212677001953;-292,7402648925781;67185,8359375;22,5258846282959;35,88214111328125;4,806664943695068;0,4728842079639435;0,1920389086008072;0,1618325561285019;0,007584222126752138
373;189,2212677001953;-292,7402648925781;67185,8359375;22,882089614868164;36,273067474365234;4,913455486297607;0,4681253135204315;0,18883436918258667;0,16013312339782715;0,007453609723597765
374;189,2212677001953;-292,7402648925781;67185,8359375;26,770986557006836;36,109493255615234;5,291269302368164;0,4742090404033661;0,18970122933387756;0,16209912300109863;0,007609142921864986
375;189,2212677001953;-292,7402648925781;67185,8359375;24,7675838470459;36,82378387451172;4,797586917877197;0,47147610783576965;0,1870487928390503;0,16092856228351593;0,0075260368175804615
376;189,2212677001953;-292,7402648925781;67185,8359375;23,397401809692383;35,55899429321289;4,792989730834961;0,48383426666259766;0,19079075753688812;0,16499976813793182;0,007844747044146061
377;189,2212677001953;-292,7402648925781;67185,8359375;30,16729164123535;35,278594970703125;4,76142692565918;0,48633068799972534;0,19095398485660553;0,16565589606761932;0,007875955663621426
378;189,2212677001953;-292,7402648925781;67185,8359375;29,333667755126953;34,9355354309082;4,764841556549072;0,48959508538246155;0,19089794158935547;0,16638650000095367;0,007955970242619514
379;189,2212677001953;-292,7402648925781;67185,8359375;30,865137100219727;34,5785026550293;4,830514907836914;0,49519631266593933;0,19247356057167053;0,16796953976154327;0,008080554194748402
380;189,2212677001953;-292,7402648925781;67185,8359375;29,550458908081055;34,74219512939453;4,790933132171631;0,5015667676925659;0,19324280321598053;0,16955451667308807;0,008244097232818604
381;189,2212677001953;-292,7402648925781;67185,8359375;29,691396713256836;35,23581314086914;4,700013637542725;0,5056436657905579;0,193447545170784;0,17034974694252014;0,008329086005687714
382;189,2212677001953;-292,7402648925781;67185,8359375;27,3304443359375;35,62714767456055;4,461302757263184;0,5017301440238953;0,19215917587280273;0,16862612962722778;0,008178813382983208
383;189,2212677001953;-292,7402648925781;67185,8359375;27,89950942993164;33,66487503051758;4,468268871307373;0,5170941948890686;0,19954845309257507;0,17349237203598022;0,008553444407880306
384;189,2212677001953;-292,7402648925781;67185,8359375;31,049972534179688;33,837188720703125;4,617002487182617;0,5158929228782654;0,19519759714603424;0,17194108664989471;0,008502940647304058
385;189,2212677001953;-292,7402648925781;67185,8359375;31,02634620666504;32,952537536621094;4,275363445281982;0,515328049659729;0,19551368057727814;0,17119134962558746;0,008444545790553093
386;189,2212677001953;-292,7402648925781;67185,8359375;30,188222885131836;39,5897102355957;4,091551303863525;0,5280901193618774;0,20107485353946686;0,17482349276542664;0,008747831918299198
387;189,2212677001953;-292,7402648925781;67185,8359375;26,000473022460938;41,93124008178711;4,164341926574707;0,5426868796348572;0,20184746384620667;0,1782006025314331;0,009086083620786667
388;189,2212677001953;-292,7402648925781;67185,8359375;26,61478042602539;40,61618423461914;4,242588043212891;0,5175008773803711;0,197331041097641;0,16982024908065796;0,00836352352052927
389;189,2212677001953;-292,7402648925781;67185,8359375;32,76381301879883;38,5361328125;4,107254505157471;0,5507762432098389;0,2079315185546875;0,1795579344034195;0,009214266203343868
390;189,2212677001953;-292,7402648925781;67185,8359375;31,73625946044922;38,92678451538086;4,011600017547607;0,5409694910049438;0,19843091070652008;0,17464397847652435;0,008891306817531586
391;189,2212677001953;-292,7402648925781;67185,8359375;41,002403259277344;36,461029052734375;3,8169116973876953;0,5494985580444336;0,20997822284698486;0,17761965095996857;0,009080559946596622
392;189,2212677001953;-292,7402648925781;67185,8359375;36,8045654296875;36,699161529541016;3,6993207931518555;0,5416310429573059;0,19014732539653778;0,1717771738767624;0,008747400715947151
393;189,2212677001953;-292,7402648925781;67185,8359375;39,65565490722656;36,6779670715332;3,5909159183502197;0,5656736493110657;0,2061699777841568;0,179389089345932;0,009357256814837456
394;189,2212677001953;-292,7402648925781;67185,8359375;43,18927001953125;36,68381118774414;3,3715457916259766;0,5567864179611206;0,19396361708641052;0,17430172860622406;0,009009587578475475
395;189,2212677001953;-292,7402648925781;67185,8359375;41,77073287963867;35,286434173583984;3,229119300842285;0,5676629543304443;0,19569815695285797;0,17634761333465576;0,00920137669891119
396;189,2212677001953;-292,7402648925781;67185,8359375;46,84138488769531;35,66648864746094;3,1293370723724365;0,5784788727760315;0,20129939913749695;0,17884953320026398;0,009425862692296505
397;189,2212677001953;-292,7402648925781;67185,8359375;43,56626892089844;34,469566345214844;2,8199527263641357;0,5772621035575867;0,20347025990486145;0,1777227222919464;0,009361878037452698
398;189,2212677001953;-292,7402648925781;67185,8359375;45,375221252441406;33,94258499145508;2,8814356327056885;0,5860660672187805;0,20278598368167877;0,178796648979187;0,009478967636823654
399;189,2212677001953;-292,7402648925781;67185,8359375;45,68943405151367;34,9010009765625;2,5838165283203125;0,5799689888954163;0,20114384591579437;0,1759091317653656;0,00927700474858284
400;189,2212677001953;-292,7402648925781;67185,8359375;39,887752532958984;33,85490036010742;2,525779962539673;0,5905623435974121;0,2046063244342804;0,17800292372703552;0,009464558213949203
401;189,2212677001953;-292,7402648925781;67185,8359375;45,10805892944336;33,16387176513672;2,1828696727752686;0,6003976464271545;0,20902404189109802;0,1800292283296585;0,009640809148550034
402;189,2212677001953;-292,7402648925781;67185,8359375;40,551971435546875;32,39075469970703;2,2554194927215576;0,6106610298156738;0,20589886605739594;0,18110722303390503;0,009749296121299267
403;189,2212677001953;-292,7402648925781;67185,8359375;39,70106887817383;31,180646896362305;1,889566421508789;0,6139127612113953;0,2128022462129593;0,18185846507549286;0,009814715012907982
404;189,2212677001953;-292,7402648925781;67185,8359375;41,503562927246094;33,126304626464844;1,9400392770767212;0,6084572076797485;0,21302659809589386;0,17958031594753265;0,009639641270041466
405;189,2212677001953;-292,7402648925781;67185,8359375;38,976139068603516;32,13597106933594;1,5875147581100464;0,625400185585022;0,2215908318758011;0,18403124809265137;0,009982588700950146
406;189,2212677001953;-292,7402648925781;67185,8359375;39,18413162231445;32,789039611816406;1,5018160343170166;0,6291758418083191;0,21828505396842957;0,18358522653579712;0,009960746392607689
407;189,2212677001953;-292,7402648925781;67185,8359375;37,46575164794922;33,41157913208008;1,6180567741394043;0,6146862506866455;0,20971009135246277;0,17804867029190063;0,009532366879284382
408;189,2212677001953;-292,7402648925781;67185,8359375;39,58919143676758;31,03905487060547;1,4729678630828857;0,6460062265396118;0,21588271856307983;0,1857094168663025;0,010120735503733158
409;189,2212677001953;-292,7402648925781;67185,8359375;36,758323669433594;32,52101516723633;1,2430614233016968;0,6558910012245178;0,21760053932666779;0,1876305490732193;0,01025150902569294
410;189,2212677001953;-292,7402648925781;67185,8359375;35,608848571777344;31,675594329833984;1,4966150522232056;0,6560750007629395;0,21355731785297394;0,18649031221866608;0,010144111700356007
411;189,2212677001953;-292,7402648925781;67185,8359375;37,04135513305664;33,34120559692383;1,2016220092773438;0,6699755191802979;0,21338193118572235;0,18924841284751892;0,010320418514311314
412;189,2212677001953;-292,7402648925781;67185,8359375;41,13353729248047;32,010162353515625;1,2633310556411743;0,672649621963501;0,21528834104537964;0,1897139698266983;0,01032197568565607
413;189,2212677001953;-292,7402648925781;67185,8359375;39,968544006347656;32,62685012817383;1,4306049346923828;0,6893780827522278;0,21226422488689423;0,1929185539484024;0,010505014099180698
414;189,2212677001953;-292,7402648925781;67185,8359375;33,61526107788086;33,340614318847656;1,4280554056167603;0,7082659602165222;0,214880108833313;0,19751420617103577;0,010783398523926735
415;189,2212677001953;-292,7402648925781;67185,8359375;36,00980758666992;33,438011169433594;1,5159635543823242;0,6727741360664368;0,20287831127643585;0,1873108148574829;0,009983541443943977
416;189,2212677001953;-292,7402648925781;67185,8359375;34,20791244506836;33,26508331298828;1,5731698274612427;0,6962405443191528;0,21164993941783905;0,194038525223732;0,010418052785098553
417;189,2212677001953;-292,7402648925781;67185,8359375;34,7281608581543;33,1154899597168;1,754974126815796;0,718791663646698;0,20466777682304382;0,19855372607707977;0,010623968206346035
418;189,2212677001953;-292,7402648925781;67185,8359375;33,951080322265625;35,518226623535156;1,7292282581329346;0,7283758521080017;0,21861515939235687;0,20287004113197327;0,010898127220571041
419;189,2212677001953;-292,7402648925781;67185,8359375;35,938941955566406;34,299560546875;1,8326268196105957;0,7333880662918091;0,21835318207740784;0,20432066917419434;0,010911979712545872
420;189,2212677001953;-292,7402648925781;67185,8359375;28,43986701965332;34,565162658691406;1,8205780982971191;0,7348424792289734;0,21296921372413635;0,20435234904289246;0,01080374326556921
421;189,2212677001953;-292,7402648925781;67185,8359375;32,57855987548828;32,539154052734375;1,7904646396636963;0,7473848462104797;0,2172246128320694;0,20843353867530823;0,010993670672178268
422;189,2212677001953;-292,7402648925781;67185,8359375;33,717384338378906;34,364990234375;2,1941843032836914;0,7426672577857971;0,21528120338916779;0,2076498568058014;0,010837323032319546
423;189,2212677001953;-292,7402648925781;67185,8359375;35,23492431640625;34,749629974365234;2,2139923572540283;0,7567557692527771;0,22056806087493896;0,21246197819709778;0,011064214631915092
424;189,2212677001953;-292,7402648925781;67185,8359375;33,7642707824707;33,28678894042969;2,2078444957733154;0,7735937833786011;0,22744213044643402;0,21827156841754913;0,011351512745022774
425;189,2212677001953;-292,7402648925781;67185,8359375;34,539676666259766;34,31431198120117;2,475356340408325;0,7718930244445801;0,23068717122077942;0,21919527649879456;0,011311320587992668
426;189,2212677001953;-292,7402648925781;67185,8359375;29,344282150268555;33,980289459228516;2,813922882080078;0,775358259677887;0,22665299475193024;0,22049814462661743;0,0112569909542799
427;189,2212677001953;-292,7402648925781;67185,8359375;27,272891998291016;32,75552749633789;2,947549819946289;0,7871226072311401;0,23132498562335968;0,2250838577747345;0,011439180001616478
428;189,2212677001953;-292,7402648925781;67185,8359375;34,272464752197266;34,48689270019531;2,9906206130981445;0,7977575659751892;0,23673474788665771;0,2295852154493332;0,011613745242357254
429;189,2212677001953;-292,7402648925781;67185,8359375;30,396072387695312;33,20795440673828;3,1837713718414307;0,7993505001068115;0,2225351482629776;0,22938810288906097;0,011389537714421749
430;189,2212677001953;-292,7402648925781;67185,8359375;27,657390594482422;33,50556182861328;3,676630973815918;0,8011057376861572;0,22875075042247772;0,23189035058021545;0,011452985927462578
431;189,2212677001953;-292,7402648925781;67185,8359375;26,237316131591797;34,20602798461914;3,7946860790252686;0,7847312688827515;0,21020349860191345;0,2267395406961441;0,01089694257825613
432;189,2212677001953;-292,7402648925781;67185,8359375;37,195796966552734;34,717987060546875;3,8832285404205322;0,7949991226196289;0,2147718071937561;0,23127588629722595;0,011059561744332314
433;189,2212677001953;-292,7402648925781;67185,8359375;29,261629104614258;33,20811462402344;4,370371341705322;0,8255593776702881;0,22472825646400452;0,24180135130882263;0,011578799225389957
434;189,2212677001953;-292,7402648925781;67185,8359375;37,3305549621582;34,9815788269043;4,6268510818481445;0,8004047274589539;0,23685961961746216;0,2382103055715561;0,01136554591357708
435;189,2212677001953;-292,7402648925781;67185,8359375;30,668424606323242;34,04909133911133;5,026326656341553;0,8132246732711792;0,2357659637928009;0,2428349107503891;0,011486650444567204
436;189,2212677001953;-292,7402648925781;67185,8359375;32,06050109863281;36,08032989501953;5,343263626098633;0,804348349571228;0,23034074902534485;0,24124915897846222;0,011240026913583279
437;189,2212677001953;-292,7402648925781;67185,8359375;35,309654235839844;36,816776275634766;5,573807716369629;0,8233053684234619;0,23729932308197021;0,24858182668685913;0,011557944118976593
438;189,2212677001953;-292,7402648925781;67185,8359375;29,42525291442871;36,48849868774414;5,698115825653076;0,8516525030136108;0,25175121426582336;0,25943538546562195;0,012112210504710674
439;189,2212677001953;-292,7402648925781;67185,8359375;23,88245391845703;37,093257904052734;6,048342227935791;0,8363428711891174;0,24885618686676025;0,2564305365085602;0,011821535415947437
440;189,2212677001953;-292,7402648925781;67185,8359375;22,493192672729492;36,43560028076172;6,373382091522217;0,8302409052848816;0,2450735718011856;0,255715936422348;0,011641277000308037
441;189,2212677001953;-292,7402648925781;67185,8359375;33,200679779052734;37,70091247558594;6,50710916519165;0,8599072694778442;0,25600704550743103;0,2665644586086273;0,012158884666860104
442;189,2212677001953;-292,7402648925781;67185,8359375;24,7919864654541;38,460838317871094;6,77379035949707;0,8565720319747925;0,2569945752620697;0,2671734094619751;0,012089991942048073
443;189,2212677001953;-292,7402648925781;67185,8359375;26,25412368774414;38,570091247558594;7,317763328552246;0,8721866011619568;0,2612263262271881;0,27334335446357727;0,012314796447753906
444;189,2212677001953;-292,7402648925781;67185,8359375;24,875537872314453;38,45014572143555;7,336300373077393;0,8687593340873718;0,2600463330745697;0,2735472023487091;0,01220756582915783
445;189,2212677001953;-292,7402648925781;67185,8359375;23,31157875061035;39,778594970703125;7,493835926055908;0,8459713459014893;0,2574906647205353;0,26815739274024963;0,01184080634266138
446;189,2212677001953;-292,7402648925781;67185,8359375;23,252986907958984;37,480323791503906;7,719422340393066;0,8471161127090454;0,2579878866672516;0,26968449354171753;0,011820703744888306
447;189,2212677001953;-292,7402648925781;67185,8359375;20,537460327148438;38,762332916259766;7,628629684448242;0,8523896932601929;0,2644875943660736;0,2731398940086365;0,01196161936968565
448;189,2212677001953;-292,7402648925781;67185,8359375;18,00333023071289;37,9774169921875;8,473221778869629;0,8433111906051636;0,26052719354629517;0,27105972170829773;0,011734987609088421
449;189,2212677001953;-292,7402648925781;67185,8359375;17,35931968688965;40,01094436645508;8,681275367736816;0,8457549810409546;0,26435405015945435;0,2732164263725281;0,01179469469934702
450;189,2212677001953;-292,7402648925781;67185,8359375;13,164911270141602;40,30372619628906;8,690679550170898;0,8604119420051575;0,26883408427238464;0,27877333760261536;0,011997628025710583
451;189,2212677001953;-292,7402648925781;67185,8359375;9,936505317687988;38,706329345703125;8,740252494812012;0,859358012676239;0,27202871441841125;0,27973097562789917;0,01200780738145113
452;189,2212677001953;-292,7402648925781;67185,8359375;8,336641311645508;38,24074172973633;9,138850212097168;0,8425214886665344;0,2696477770805359;0,27537083625793457;0,011728376150131226
453;189,2212677001953;-292,7402648925781;67185,8359375;11,521228790283203;39,29011154174805;9,219271659851074;0,847459614276886;0,2730526626110077;0,27782848477363586;0,011802161112427711
454;189,2212677001953;-292,7402648925781;67185,8359375;7,402217388153076;40,84351348876953;8,614670753479004;0,8284836411476135;0,2672080099582672;0,27203571796417236;0,011393558233976364
455;189,2212677001953;-292,7402648925781;67185,8359375;7,091639995574951;40,77375793457031;8,88845443725586;0,8379221558570862;0,2746894657611847;0,27627336978912354;0,011629205197095871
456;189,2212677001953;-292,7402648925781;67185,8359375;5,011579990386963;40,088356018066406;9,978743553161621;0,8536204695701599;0,28256475925445557;0,2821614146232605;0,01190991885960102
457;189,2212677001953;-292,7402648925781;67185,8359375;2,1320905685424805;41,203582763671875;9,716293334960938;0,8462945222854614;0,28293702006340027;0,2803579568862915;0,01178375631570816
458;189,2212677001953;-292,7402648925781;67185,8359375;4,852286338806152;41,97439193725586;9,354109764099121;0,860066831111908;0,29177719354629517;0,28589412569999695;0,012118550948798656
459;189,2212677001953;-292,7402648925781;67185,8359375;-0,03835422918200493;40,22037124633789;10,378255844116211;0,8531960248947144;0,29263195395469666;0,28426647186279297;0,012043834663927555
460;189,2212677001953;-292,7402648925781;67185,8359375;4,621269226074219;42,997528076171875;10,241480827331543;0,8468195199966431;0,2927486300468445;0,28211238980293274;0,01185409352183342
461;189,2212677001953;-292,7402648925781;67185,8359375;4,918616771697998;44,73051834106445;10,533666610717773;0,8425581455230713;0,29460081458091736;0,2810247242450714;0,011792640201747417
462;189,2212677001953;-292,7402648925781;67185,8359375;1,2488317489624023;43,34028625488281;10,17000675201416;0,8482990264892578;0,2998352646827698;0,2833176255226135;0,011950377374887466
463;189,2212677001953;-292,7402648925781;67185,8359375;-0,10796744376420975;44,790924072265625;11,01291561126709;0,8451840877532959;0,3020437955856323;0,28247207403182983;0,011922409757971764
464;189,2212677001953;-292,7402648925781;67185,8359375;-1,0398744344711304;45,62367248535156;10,780118942260742;0,8611999154090881;0,3115546405315399;0,2879033088684082;0,012218554504215717
465;189,2212677001953;-292,7402648925781;67185,8359375;-6,885680198669434;43,12645721435547;10,776115417480469;0,8541984558105469;0,3125358521938324;0,28561311960220337;0,012127906084060669
466;189,2212677001953;-292,7402648925781;67185,8359375;-9,093271255493164;42,73115539550781;11,150259971618652;0,8416202664375305;0,3099766671657562;0,28141504526138306;0,01197546161711216
467;189,2212677001953;-292,7402648925781;67185,8359375;-10,296357154846191;42,9043083190918;11,269100189208984;0,8209738731384277;0,30634716153144836;0,2743782699108124;0,011620945297181606
468;189,2212677001953;-292,7402648925781;67185,8359375;-7,113801002502441;44,305564880371094;11,23444652557373;0,8204295635223389;0,31206002831459045;0,27403971552848816;0,01159858237951994
469;189,2212677001953;-292,7402648925781;67185,8359375;-8,349726676940918;44,428409576416016;11,039156913757324;0,814514696598053;0,3108205497264862;0,2717806398868561;0,011574283242225647
470;189,2212677001953;-292,7402648925781;67185,8359375;-7,572003364562988;43,63835525512695;11,144299507141113;0,8331339955329895;0,32043012976646423;0,27763205766677856;0,011964061297476292
471;189,2212677001953;-292,7402648925781;67185,8359375;-12,201102256774902;43,105831146240234;10,0261812210083;0,8139246702194214;0,3174404799938202;0,2708829939365387;0,011644666083157063
472;189,2212677001953;-292,7402648925781;67185,8359375;-11,195751190185547;43,600318908691406;10,705896377563477;0,8265435099601746;0,326060026884079;0,2746429443359375;0,011917801573872566
473;189,2212677001953;-292,7402648925781;67185,8359375;-15,116911888122559;43,45303726196289;10,312472343444824;0,8098397254943848;0,32182183861732483;0,2685337960720062;0,011663679964840412
474;189,2212677001953;-292,7402648925781;67185,8359375;-14,48374080657959;43,30329132080078;10,229199409484863;0,8064145445823669;0,32556959986686707;0,2669496536254883;0,011637222953140736
475;189,2212677001953;-292,7402648925781;67185,8359375;-13,880925178527832;44,43269348144531;10,712505340576172;0,768632709980011;0,3172278106212616;0,2541255056858063;0,01095934584736824
476;189,2212677001953;-292,7402648925781;67185,8359375;-16,6965389251709;43,980159759521484;10,513463020324707;0,7996882200241089;0,33150985836982727;0,2636302411556244;0,011603324674069881
477;189,2212677001953;-292,7402648925781;67185,8359375;-16,619997024536133;43,464515686035156;9,843401908874512;0,7719641923904419;0,31670039892196655;0,2533286511898041;0,011151071637868881
478;189,2212677001953;-292,7402648925781;67185,8359375;-14,25146770477295;45,66250228881836;9,76937484741211;0,7700265645980835;0,3238409161567688;0,25236281752586365;0,01116084586828947
479;189,2212677001953;-292,7402648925781;67185,8359375;-18,930145263671875;43,39130783081055;9,959829330444336;0,7499488592147827;0,32213425636291504;0,24538595974445343;0,010822898708283901
480;189,2212677001953;-292,7402648925781;67185,8359375;-19,474567413330078;43,33344650268555;9,375700950622559;0,7579535841941833;0,32449737191200256;0,24689200520515442;0,011041353456676006
481;189,2212677001953;-292,7402648925781;67185,8359375;-18,94051170349121;43,76569366455078;9,377446174621582;0,7457518577575684;0,32570499181747437;0,24247540533542633;0,01085929200053215
482;189,2212677001953;-292,7402648925781;67185,8359375;-21,17412757873535;43,345428466796875;8,891275405883789;0,7313273549079895;0,3233186602592468;0,23712575435638428;0,01063736341893673
483;189,2212677001953;-292,7402648925781;67185,8359375;-20,328777313232422;43,436187744140625;8,576480865478516;0,7264031767845154;0,3191066086292267;0,23427104949951172;0,010600761510431767
484;189,2212677001953;-292,7402648925781;67185,8359375;-21,739343643188477;42,16091537475586;8,186240196228027;0,7354505062103271;0,3276921212673187;0,23657174408435822;0,010840749368071556
485;189,2212677001953;-292,7402648925781;67185,8359375;-22,23809242248535;42,1567268371582;8,18803882598877;0,7311286926269531;0,3292350769042969;0,23446013033390045;0,010818433947861195
486;189,2212677001953;-292,7402648925781;67185,8359375;-21,90483856201172;41,658470153808594;7,908848762512207;0,7369424700737;0,335666298866272;0,23564185202121735;0,010997169651091099
487;189,2212677001953;-292,7402648925781;67185,8359375;-23,660083770751953;42,24052810668945;7,729659557342529;0,7100864052772522;0,3255295157432556;0,22623392939567566;0,01052823942154646
488;189,2212677001953;-292,7402648925781;67185,8359375;-24,318572998046875;42,08552551269531;7,362456321716309;0,6907815933227539;0,32009294629096985;0,2194589227437973;0,01020477619022131
489;189,2212677001953;-292,7402648925781;67185,8359375;-25,292530059814453;41,16392517089844;7,463162422180176;0,6803697347640991;0,3132737874984741;0,21492205560207367;0,010043928399682045
490;189,2212677001953;-292,7402648925781;67185,8359375;-27,703353881835938;40,589115142822266;6,407770156860352;0,6554022431373596;0,3061802387237549;0,20662586390972137;0,00959734432399273
491;189,2212677001953;-292,7402648925781;67185,8359375;-24,82016944885254;40,90068054199219;6,231429576873779;0,6466003060340881;0,30430930852890015;0,20322705805301666;0,009476994164288044
492;189,2212677001953;-292,7402648925781;67185,8359375;-23,428417205810547;41,389564514160156;6,133188724517822;0,642859160900116;0,30433422327041626;0,20141035318374634;0,009462009184062481
493;189,2212677001953;-292,7402648925781;67185,8359375;-24,14236831665039;40,35831069946289;5,72367525100708;0,6409299373626709;0,30339232087135315;0,19997195899486542;0,009477205574512482
494;189,2212677001953;-292,7402648925781;67185,8359375;-24,228422164916992;39,939552307128906;5,358240604400635;0,6034731864929199;0,28929612040519714;0,18801680207252502;0,008734680712223053
495;189,2212677001953;-292,7402648925781;67185,8359375;-23,52345085144043;40,34762954711914;4,9476094245910645;0,5889123678207397;0,27966630458831787;0,18244211375713348;0,00843634270131588
496;189,2212677001953;-292,7402648925781;67185,8359375;-26,351165771484375;39,80673599243164;4,581226825714111;0,6001531481742859;0,2892983853816986;0,18584948778152466;0,008782207034528255
497;189,2212677001953;-292,7402648925781;67185,8359375;-24,67593765258789;39,75606918334961;4,569659233093262;0,5857622623443604;0,2820567488670349;0,1807648092508316;0,008506564423441887
498;189,2212677001953;-292,7402648925781;67185,8359375;-23,90553092956543;40,31025314331055;4,170819282531738;0,5720174908638;0,27718544006347656;0,17624540627002716;0,008257223293185234
499;189,2212677001953;-292,7402648925781;67185,8359375;-25,345123291015625;38,98179244995117;3,673630952835083;0,5684598088264465;0,2774776816368103;0,1749742329120636;0,008248446509242058
500;189,2212677001953;-292,7402648925781;67185,8359375;-22,880512237548828;39,47471618652344;3,8379411697387695;0,5679413080215454;0,2794591784477234;0,17473648488521576;0,008313871920108795
501;189,2212677001953;-292,7402648925781;67185,8359375;-23,600391387939453;39,328895568847656;3,220879077911377;0,5311904549598694;0,2605022192001343;0,16299062967300415;0,007461280561983585
502;189,2212677001953;-292,7402648925781;67185,8359375;-20,256622314453125;39,999473571777344;3,2132468223571777;0,5300476551055908;0,2599499523639679;0,1623896211385727;0,007488889619708061
503;189,2212677001953;-292,7402648925781;67185,8359375;-20,39151954650879;39,29600143432617;3,1293182373046875;0,5300695896148682;0,2613605260848999;0,16241344809532166;0,007565702777355909
504;189,2212677001953;-292,7402648925781;67185,8359375;-20,604812622070312;38,12514114379883;2,8254244327545166;0,5437371134757996;0,2659495174884796;0,16615960001945496;0,00794343650341034
505;189,2212677001953;-292,7402648925781;67185,8359375;-19,664804458618164;38,544952392578125;2,576812744140625;0,5324215292930603;0,26193058490753174;0,16286958754062653;0,007737284991890192
506;189,2212677001953;-292,7402648925781;67185,8359375;-18,593652725219727;38,89670944213867;1,9592379331588745;0,5196465849876404;0,2559911608695984;0,1590265929698944;0,007472548168152571
507;189,2212677001953;-292,7402648925781;67185,8359375;-19,54115867614746;38,099945068359375;1,9569913148880005;0,503775417804718;0,25440841913223267;0,15518702566623688;0,00720097403973341
508;189,2212677001953;-292,7402648925781;67185,8359375;-15,19780158996582;39,10871887207031;1,8960108757019043;0,4947788417339325;0,25654110312461853;0,15358437597751617;0,0070998468436300755
509;189,2212677001953;-292,7402648925781;67185,8359375;-15,732963562011719;38,58380126953125;1,7560241222381592;0,46630915999412537;0,2415999472141266;0,14491476118564606;0,006376554258167744
510;189,2212677001953;-292,7402648925781;67185,8359375;-15,105340003967285;38,39045333862305;1,3895082473754883;0,47973859310150146;0,2539989948272705;0,15019990503787994;0,006867809686809778
511;189,2212677001953;-292,7402648925781;67185,8359375;-14,643553733825684;38,37364196777344;1,4094492197036743;0,46728286147117615;0,24777643382549286;0,1466698795557022;0,006592650897800922
512;189,2212677001953;-292,7402648925781;67185,8359375;-14,156549453735352;37,86954879760742;1,408130407333374;0,4649667739868164;0,2429976761341095;0,1457519382238388;0,006552551407366991
513;189,2212677001953;-292,7402648925781;67185,8359375;-13,419652938842773;37,994659423828125;0,9520106315612793;0,47242632508277893;0,24664317071437836;0,14847669005393982;0,006819036789238453
514;189,2212677001953;-292,7402648925781;67185,8359375;-10,19428539276123;39,04738998413086;1,1637629270553589;0,4519096910953522;0,24030308425426483;0,14316539466381073;0,006345941685140133
515;189,2212677001953;-292,7402648925781;67185,8359375;-9,434832572937012;39,20512390136719;0,9208882451057434;0,4223628342151642;0,2281627506017685;0,13483424484729767;0,005563449580222368
516;189,2212677001953;-292,7402648925781;67185,8359375;-11,2386474609375;38,74008560180664;1,077781081199646;0,43154177069664;0,2340792715549469;0,13843287527561188;0,0059059616178274155
517;189,2212677001953;-292,7402648925781;67185,8359375;-6,404722690582275;38,838706970214844;1,0550175905227661;0,45272961258888245;0,2428988665342331;0,1453946977853775;0,006548592355102301
518;189,2212677001953;-292,7402648925781;67185,8359375;-4,93836784362793;39,37090301513672;1,2162929773330688;0,44279077649116516;0,25133010745048523;0,144981250166893;0,006259341724216938
519;189,2212677001953;-292,7402648925781;67185,8359375;-5,165735244750977;39,963584899902344;1,3718560934066772;0,4702052175998688;0,2483488917350769;0,1517309546470642;0,007109344471246004
520;189,2212677001953;-292,7402648925781;67185,8359375;-0,04848681762814522;40,44388198852539;1,060856580734253;0,44755539298057556;0,22858448326587677;0,14393875002861023;0,006471400614827871
521;189,2212677001953;-292,7402648925781;67185,8359375;0,029572179540991783;40,17940902709961;1,3687732219696045;0,4098536968231201;0,21561604738235474;0,133393794298172;0,005446337629109621
522;189,2212677001953;-292,7402648925781;67185,8359375;0,5843567848205566;40,438880920410156;1,549390196800232;0,42141473293304443;0,22009436786174774;0,13760171830654144;0,005849842447787523
523;189,2212677001953;-292,7402648925781;67185,8359375;1,5894496440887451;40,57044982910156;1,6035844087600708;0,4378699064254761;0,2255093902349472;0,14323879778385162;0,006367505062371492
524;189,2212677001953;-292,7402648925781;67185,8359375;2,376746892929077;40,54859161376953;1,8913185596466064;0,42840293049812317;0,21644656360149384;0,1402723789215088;0,006091132294386625
525;189,2212677001953;-292,7402648925781;67185,8359375;1,571782112121582;40,08059310913086;1,8671813011169434;0,4181746244430542;0,21333393454551697;0,13793103396892548;0,0058497772552073
526;189,2212677001953;-292,7402648925781;67185,8359375;8,780067443847656;41,56867599487305;2,201536178588867;0,43665066361427307;0,2181590050458908;0,14413918554782867;0,006417392753064632
527;189,2212677001953;-292,7402648925781;67185,8359375;6,5808820724487305;41,34550476074219;2,3275582790374756;0,43841251730918884;0,21721261739730835;0,1452302634716034;0,00649892957881093
528;189,2212677001953;-292,7402648925781;67185,8359375;6,48958683013916;40,43879318237305;2,610692262649536;0,42886820435523987;0,21336156129837036;0,14292116463184357;0,006263108924031258
529;189,2212677001953;-292,7402648925781;67185,8359375;7,8852434158325195;41,11772155761719;2,607635736465454;0,4307582378387451;0,20933319628238678;0,14362753927707672;0,006316624581813812
530;189,2212677001953;-292,7402648925781;67185,8359375;11,940402030944824;41,8782958984375;2,8469455242156982;0,4318763315677643;0,2094532996416092;0,1446644514799118;0,006388760171830654
531;189,2212677001953;-292,7402648925781;67185,8359375;12,47371768951416;42,24007797241211;3,0690431594848633;0,4186036288738251;0,2041957825422287;0,14104336500167847;0,006027239840477705
532;189,2212677001953;-292,7402648925781;67185,8359375;12,20728874206543;42,652469635009766;3,337313652038574;0,4395093023777008;0,20681728422641754;0,14783892035484314;0,00663505494594574
533;189,2212677001953;-292,7402648925781;67185,8359375;11,717613220214844;45,303871154785156;3,478832483291626;0,4275568127632141;0,20139682292938232;0,14449024200439453;0,006312176119536161
534;189,2212677001953;-292,7402648925781;67185,8359375;14,582368850708008;47,41359329223633;3,6080408096313477;0,44151443243026733;0,2018454521894455;0,14912928640842438;0,006701978854835033
535;189,2212677001953;-292,7402648925781;67185,8359375;14,637584686279297;48,92599105834961;3,888817071914673;0,43912115693092346;0,1982322484254837;0,1486428678035736;0,006631550379097462
536;189,2212677001953;-292,7402648925781;67185,8359375;17,032743453979492;50,31269454956055;3,889961004257202;0,44726836681365967;0,19965669512748718;0,15173180401325226;0,006886132061481476
537;189,2212677001953;-292,7402648925781;67185,8359375;16,11836051940918;48,89778518676758;4,351736068725586;0,4491635262966156;0,1988660842180252;0,15273833274841309;0,006957381498068571
538;189,2212677001953;-292,7402648925781;67185,8359375;16,035354614257812;50,56239700317383;4,404449462890625;0,4320451319217682;0,1911611109972;0,14737053215503693;0,006471657659858465
539;189,2212677001953;-292,7402648925781;67185,8359375;19,61759376525879;48,553306579589844;4,546306133270264;0,45137909054756165;0,19381839036941528;0,15382912755012512;0,006986904889345169
540;189,2212677001953;-292,7402648925781;67185,8359375;16,764604568481445;47,8874626159668;4,787768840789795;0,4499562680721283;0,19158613681793213;0,15358611941337585;0,0069498042576014996
541;189,2212677001953;-292,7402648925781;67185,8359375;18,88325309753418;47,480281829833984;4,941046237945557;0,46459564566612244;0,19517695903778076;0,15870091319084167;0,007366767153143883
542;189,2212677001953;-292,7402648925781;67185,8359375;21,47889518737793;45,97982406616211;5,127453804016113;0,46165651082992554;0,1934560239315033;0,15793389081954956;0,007314662449061871
543;189,2212677001953;-292,7402648925781;67185,8359375;18,41335105895996;45,99632263183594;4,713582515716553;0,4507826566696167;0,18700362741947174;0,15427789092063904;0,006977732293307781
544;189,2212677001953;-292,7402648925781;67185,8359375;23,186561584472656;47,7465705871582;5,173397064208984;0,4604274034500122;0,1888512372970581;0,15758639574050903;0,007242252584546804
545;189,2212677001953;-292,7402648925781;67185,8359375;21,52656364440918;48,02556610107422;5,124325275421143;0,4732462465763092;0,1923220306634903;0,16195769608020782;0,007604064419865608
546;189,2212677001953;-292,7402648925781;67185,8359375;21,94694709777832;47,80168151855469;5,249884128570557;0,46849310398101807;0,1891576498746872;0,16024388372898102;0,007479265332221985
547;189,2212677001953;-292,7402648925781;67185,8359375;24,91750717163086;48,43381118774414;5,660616874694824;0,47454315423965454;0,18989333510398865;0,16222159564495087;0,007622813805937767
548;189,2212677001953;-292,7402648925781;67185,8359375;22,690412521362305;49,13798904418945;5,200407028198242;0,47088682651519775;0,18679894506931305;0,16072526574134827;0,0075124697759747505
549;189,2212677001953;-292,7402648925781;67185,8359375;22,271038055419922;48,739646911621094;5,118460655212402;0,4870144724845886;0,19209961593151093;0,1660977452993393;0,00793312955647707
550;189,2212677001953;-292,7402648925781;67185,8359375;26,58370590209961;49,004302978515625;5,08048152923584;0,49183300137519836;0,19289502501487732;0,16748535633087158;0,008044052869081497
551;189,2212677001953;-292,7402648925781;67185,8359375;27,001070022583008;48,432823181152344;5,199700355529785;0,4965483844280243;0,19401100277900696;0,16882339119911194;0,008143667131662369
552;189,2212677001953;-292,7402648925781;67185,8359375;26,84202003479004;48,42829132080078;5,335813999176025;0,4969508647918701;0,19291721284389496;0,16852477192878723;0,008135807700455189
553;189,2212677001953;-292,7402648925781;67185,8359375;28,13036346435547;48,827903747558594;5,010247707366943;0,503119945526123;0,19415423274040222;0,17013007402420044;0,008284193463623524
554;189,2212677001953;-292,7402648925781;67185,8359375;28,363906860351562;50,08668518066406;5,211485862731934;0,5039541721343994;0,1932547688484192;0,16985152661800385;0,008279492147266865
555;189,2212677001953;-292,7402648925781;67185,8359375;24,616331100463867;49,65797805786133;4,772226333618164;0,5011467933654785;0,19157719612121582;0,16837739944458008;0,008165649138391018
556;189,2212677001953;-292,7402648925781;67185,8359375;25,411680221557617;49,483551025390625;4,791125297546387;0,5147720575332642;0,197721928358078;0,17257697880268097;0,008498045615851879
557;189,2212677001953;-292,7402648925781;67185,8359375;26,741378784179688;48,79700469970703;4,871964931488037;0,5045568943023682;0,19149769842624664;0,16824890673160553;0,008187574334442616
558;189,2212677001953;-292,7402648925781;67185,8359375;27,720478057861328;49,38714599609375;4,6701812744140625;0,5108328461647034;0,19420765340328217;0,16975648701190948;0,008318202570080757
559;189,2212677001953;-292,7402648925781;67185,8359375;28,567522048950195;48,218475341796875;4,462951183319092;0,5168578028678894;0,20058538019657135;0,17164993286132812;0,008408012799918652
560;189,2212677001953;-292,7402648925781;67185,8359375;26,75162124633789;49,11589431762695;4,488518714904785;0,5374611020088196;0,1998598873615265;0,17648017406463623;0,00894995778799057
561;189,2212677001953;-292,7402648925781;67185,8359375;25,069547653198242;49,613182067871094;4,52742862701416;0,5310527682304382;0,202012836933136;0,1742001622915268;0,008737868629395962
562;189,2212677001953;-292,7402648925781;67185,8359375;26,77620506286621;47,52366256713867;4,2763519287109375;0,5407728552818298;0,2065553069114685;0,1766379177570343;0,008949747309088707
563;189,2212677001953;-292,7402648925781;67185,8359375;26,8089656829834;46,48118591308594;4,126893520355225;0,5453302264213562;0,19649899005889893;0,1755712330341339;0,008980011567473412
564;189,2212677001953;-292,7402648925781;67185,8359375;38,963802337646484;45,39726638793945;4,054128170013428;0,5385086536407471;0,2010212391614914;0,17339664697647095;0,00878814235329628
565;189,2212677001953;-292,7402648925781;67185,8359375;37,75216293334961;44,198360443115234;4,060665607452393;0,5424001812934875;0,18795649707317352;0,171696275472641;0,008741701953113079
566;189,2212677001953;-292,7402648925781;67185,8359375;38,349510192871094;44,3597297668457;3,949685573577881;0,5617867708206177;0,20196181535720825;0,17777419090270996;0,009240774437785149
567;189,2212677001953;-292,7402648925781;67185,8359375;44,71923828125;43,2773323059082;3,6902225017547607;0,5501723289489746;0,19235308468341827;0,17232660949230194;0,008852459490299225
568;189,2212677001953;-292,7402648925781;67185,8359375;45,694427490234375;43,445274353027344;3,5735652446746826;0,5689213871955872;0,20167295634746552;0,17749054729938507;0,00928458571434021
569;189,2212677001953;-292,7402648925781;67185,8359375;44,503108978271484;43,12801742553711;3,230743646621704;0,5818378329277039;0,20474429428577423;0,18020044267177582;0,009528248570859432
570;189,2212677001953;-292,7402648925781;67185,8359375;44,51615905761719;43,55400466918945;2,986504554748535;0,5786101222038269;0,20346538722515106;0,17807362973690033;0,009390480816364288
571;189,2212677001953;-292,7402648925781;67185,8359375;41,78763198852539;41,175148010253906;3,1959526538848877;0,5909778475761414;0,20418302714824677;0,18025580048561096;0,009592458605766296
572;189,2212677001953;-292,7402648925781;67185,8359375;41,66007995605469;41,92068099975586;2,71396803855896;0,5768676996231079;0,1994372010231018;0,17488351464271545;0,009197181090712547
573;189,2212677001953;-292,7402648925781;67185,8359375;37,941715240478516;42,10639953613281;2,6239242553710938;0,5866588354110718;0,2038014978170395;0,1769047975540161;0,009377107955515385
574;189,2212677001953;-292,7402648925781;67185,8359375;39,78520202636719;41,75714874267578;2,495959997177124;0,6023531556129456;0,2066517174243927;0,18019023537635803;0,00965823233127594
575;189,2212677001953;-292,7402648925781;67185,8359375;42,317848205566406;43,27895736694336;2,5200936794281006;0,6179320216178894;0,2140977382659912;0,18406938016414642;0,009972752071917057
576;189,2212677001953;-292,7402648925781;67185,8359375;38,78440856933594;40,232566833496094;2,0262858867645264;0,6209663152694702;0,2127620130777359;0,18359753489494324;0,009953048080205917
577;189,2212677001953;-292,7402648925781;67185,8359375;40,711517333984375;41,804325103759766;2,1738665103912354;0,6046900749206543;0,21255043148994446;0,1785925179719925;0,00955891888588667
578;189,2212677001953;-292,7402648925781;67185,8359375;35,702056884765625;41,97160339355469;1,7240941524505615;0,6226145625114441;0,22102324664592743;0,1832749992609024;0,009922112338244915
579;189,2212677001953;-292,7402648925781;67185,8359375;40,682167053222656;40,667728424072266;1,734442114830017;0,6241586804389954;0,20965290069580078;0,18113206326961517;0,009783189743757248
580;189,2212677001953;-292,7402648925781;67185,8359375;38,887638092041016;42,41132736206055;1,8606480360031128;0,6230005025863647;0,21293562650680542;0,18051479756832123;0,009724235162138939
581;189,2212677001953;-292,7402648925781;67185,8359375;39,3672981262207;40,024017333984375;1,6958740949630737;0,632196307182312;0,21199721097946167;0,18184559047222137;0,009823874570429325
582;189,2212677001953;-292,7402648925781;67185,8359375;34,01846694946289;40,81597900390625;1,383748173713684;0,6489737629890442;0,21405942738056183;0,1854751706123352;0,010088606737554073
583;189,2212677001953;-292,7402648925781;67185,8359375;34,20138168334961;40,965389251708984;1,5970271825790405;0,6544601917266846;0,21271075308322906;0,18598704040050507;0,010106105357408524
584;189,2212677001953;-292,7402648925781;67185,8359375;31,764360427856445;41,99807357788086;1,4175306558609009;0,6637201309204102;0,2092469334602356;0,18718409538269043;0,010163757018744946
585;189,2212677001953;-292,7402648925781;67185,8359375;37,71916580200195;39,62638854980469;1,5005552768707275;0,6654576659202576;0,2194928675889969;0,18861493468284607;0,010240159928798676
586;189,2212677001953;-292,7402648925781;67185,8359375;36,868263244628906;41,57917404174805;1,6042753458023071;0,6769841313362122;0,20989380776882172;0,1896495223045349;0,010267883539199829
587;189,2212677001953;-292,7402648925781;67185,8359375;32,74826431274414;41,67973327636719;1,6157149076461792;0,706323504447937;0,2135419249534607;0,19687139987945557;0,010734829120337963
588;189,2212677001953;-292,7402648925781;67185,8359375;33,700862884521484;41,00605010986328;1,6632859706878662;0,6712073683738708;0,20487813651561737;0,1872113198041916;0,00998164713382721
589;189,2212677001953;-292,7402648925781;67185,8359375;29,425399780273438;42,174381256103516;1,7779548168182373;0,7061184048652649;0,21109570562839508;0,19630882143974304;0,010572056286036968
590;189,2212677001953;-292,7402648925781;67185,8359375;30,988065719604492;41,79273223876953;1,940942645072937;0,712644100189209;0,2045445740222931;0,19706670939922333;0,010526593774557114
591;189,2212677001953;-292,7402648925781;67185,8359375;31,239086151123047;42,49367141723633;1,8332561254501343;0,7309455275535583;0,21704094111919403;0,2032691389322281;0,010918626561760902
592;189,2212677001953;-292,7402648925781;67185,8359375;32,648094177246094;42,117374420166016;2,0508873462677;0,7297874689102173;0,2150656133890152;0,2030201256275177;0,010813225992023945
593;189,2212677001953;-292,7402648925781;67185,8359375;28,48018455505371;41,9337043762207;2,0009043216705322;0,7286258935928345;0,2138179987668991;0,20297293365001678;0,010718569159507751
594;189,2212677001953;-292,7402648925781;67185,8359375;33,064144134521484;40,9661750793457;1,9974645376205444;0,7433059215545654;0,21441291272640228;0,20708149671554565;0,010893895290791988
595;189,2212677001953;-292,7402648925781;67185,8359375;32,8703727722168;43,01166534423828;2,4270036220550537;0,7435274124145508;0,21987858414649963;0,2084641456604004;0,010910441167652607
596;189,2212677001953;-292,7402648925781;67185,8359375;33,665523529052734;40,702613830566406;2,332885265350342;0,7567686438560486;0,2183850109577179;0,21217761933803558;0,011035519652068615
597;189,2212677001953;-292,7402648925781;67185,8359375;30,461444854736328;40,76491928100586;2,4233176708221436;0,7767103910446167;0,23355135321617126;0,21984213590621948;0,011476724408566952
598;189,2212677001953;-292,7402648925781;67185,8359375;38,25563430786133;41,229427337646484;2,6074559688568115;0,7701088786125183;0,2285366654396057;0,21847115457057953;0,011257235892117023
599;189,2212677001953;-292,7402648925781;67185,8359375;29,01791763305664;41,667388916015625;2,9764368534088135;0,769213855266571;0,2274511307477951;0,21908977627754211;0,011175385676324368
600;189,2212677001953;-292,7402648925781;67185,8359375;32,82673645019531;40,87407684326172;3,1208391189575195;0,7733341455459595;0,2224510759115219;0,22051246464252472;0,011118011549115181
601;189,2212677001953;-292,7402648925781;67185,8359375;33,397132873535156;42,58586883544922;3,1318552494049072;0,7916112542152405;0,23131152987480164;0,22734272480010986;0,011452724225819111
602;189,2212677001953;-292,7402648925781;67185,8359375;32,11250686645508;41,06928253173828;3,504141092300415;0,798206090927124;0,22339393198490143;0,22920387983322144;0,011386066675186157
603;189,2212677001953;-292,7402648925781;67185,8359375;22,250259399414062;39,5060920715332;3,8139054775238037;0,8033688068389893;0,2256806641817093;0,23207500576972961;0,011441085487604141
604;189,2212677001953;-292,7402648925781;67185,8359375;24,6712646484375;39,881710052490234;3,955430507659912;0,7862648367881775;0,2060636430978775;0,22664110362529755;0,010850290767848492
605;189,2212677001953;-292,7402648925781;67185,8359375;34,41291809082031;42,915584564208984;4,110988140106201;0,8028771877288818;0,21789902448654175;0,23368531465530396;0,01121608167886734
606;189,2212677001953;-292,7402648925781;67185,8359375;27,414764404296875;39,991546630859375;4,582818508148193;0,8253265023231506;0,2262856364250183;0,24192634224891663;0,011600945144891739
607;189,2212677001953;-292,7402648925781;67185,8359375;38,617286682128906;42,23925018310547;4,884309768676758;0,8054742813110352;0,238569438457489;0,2397434264421463;0,011461061425507069
608;189,2212677001953;-292,7402648925781;67185,8359375;28,753297805786133;40,557315826416016;5,187707424163818;0,8022171854972839;0,23421017825603485;0,23975351452827454;0,011311059817671776
609;189,2212677001953;-292,7402648925781;67185,8359375;33,33720016479492;42,3725700378418;5,478731155395508;0,811716616153717;0,23344279825687408;0,24358108639717102;0,01138729602098465
610;189,2212677001953;-292,7402648925781;67185,8359375;32,76323699951172;36,342933654785156;5,783624649047852;0,8160799741744995;0,23357923328876495;0,2461911290884018;0,011403699405491352
611;189,2212677001953;-292,7402648925781;67185,8359375;29,769163131713867;42,859920501708984;5,796685218811035;0,8409934043884277;0,24509264528751373;0,25573548674583435;0,011869602836668491
612;189,2212677001953;-292,7402648925781;67185,8359375;30,746776580810547;41,23064041137695;6,159398078918457;0,8307827115058899;0,2439027726650238;0,2542961835861206;0,011672519147396088
613;189,2212677001953;-292,7402648925781;67185,8359375;22,930564880371094;44,021324157714844;6,515632152557373;0,835629403591156;0,2476489096879959;0,2575004994869232;0,011752553284168243
614;189,2212677001953;-292,7402648925781;67185,8359375;30,399425506591797;43,595462799072266;6,688358306884766;0,8626105189323425;0,25718170404434204;0,26744821667671204;0,012212542816996574
615;189,2212677001953;-292,7402648925781;67185,8359375;23,70831298828125;44,277061462402344;6,915128231048584;0,8604392409324646;0,2552741467952728;0,26799705624580383;0,012110729701817036
616;189,2212677001953;-292,7402648925781;67185,8359375;24,759801864624023;44,01966857910156;7,263094425201416;0,8747247457504272;0,2624134421348572;0,2741928994655609;0,012366680428385735
617;189,2212677001953;-292,7402648925781;67185,8359375;20,362163543701172;43,20615768432617;7,07189416885376;0,8670183420181274;0,2601577639579773;0,2730812728404999;0,01218874566257
618;189,2212677001953;-292,7402648925781;67185,8359375;21,13703727722168;45,35076904296875;7,619605541229248;0,8509749174118042;0,25995326042175293;0,26987072825431824;0,01194573100656271
619;189,2212677001953;-292,7402648925781;67185,8359375;22,982685089111328;43,29833221435547;7,991573810577393;0,8512234091758728;0,2581554353237152;0,27083882689476013;0,011872340925037861
620;189,2212677001953;-292,7402648925781;67185,8359375;19,22628402709961;42,659969329833984;8,125134468078613;0,8604422807693481;0,2660906910896301;0,2755891680717468;0,012087450362741947
621;189,2212677001953;-292,7402648925781;67185,8359375;15,89721965789795;42,49995803833008;8,259403228759766;0,8448583483695984;0,260063499212265;0,2714177966117859;0,011742724105715752
622;189,2212677001953;-292,7402648925781;67185,8359375;15,551118850708008;43,43555450439453;8,974556922912598;0,8487752079963684;0,2654634416103363;0,27421510219573975;0,011851589195430279
623;189,2212677001953;-292,7402648925781;67185,8359375;11,69930648803711;45,0159797668457;8,918791770935059;0,8582476377487183;0,2684502899646759;0,27811604738235474;0,011966990306973457
624;189,2212677001953;-292,7402648925781;67185,8359375;14,943410873413086;43,82720947265625;9,162155151367188;0,8570142388343811;0,2720845341682434;0,2790966033935547;0,011986340396106243
625;189,2212677001953;-292,7402648925781;67185,8359375;5,6562018394470215;43,93182373046875;9,133007049560547;0,84102863073349;0,26855093240737915;0,27477607131004333;0,011685851961374283
626;189,2212677001953;-292,7402648925781;67185,8359375;9,764867782592773;44,867733001708984;9,020139694213867;0,8426087498664856;0,27134639024734497;0,27621155977249146;0,011712474748492241
627;189,2212677001953;-292,7402648925781;67185,8359375;3,5305490493774414;44,92111587524414;8,854438781738281;0,8358630537986755;0,2697891592979431;0,27449697256088257;0,011531000025570393
628;189,2212677001953;-292,7402648925781;67185,8359375;5,755979537963867;46,06010818481445;8,9630765914917;0,8283143043518066;0,2713873088359833;0,2730729281902313;0,011453383602201939
629;189,2212677001953;-292,7402648925781;67185,8359375;7,221085071563721;46,4435920715332;10,082505226135254;0,8497494459152222;0,2816443145275116;0,2809677720069885;0,011858642101287842
630;189,2212677001953;-292,7402648925781;67185,8359375;1,1565502882003784;46,09444808959961;9,706275939941406;0,8542041182518005;0,2857404947280884;0,28302282094955444;0,011932562105357647
631;189,2212677001953;-292,7402648925781;67185,8359375;0,898115873336792;45,96711730957031;9,607704162597656;0,8627362251281738;0,29309847950935364;0,28692570328712463;0,012191731482744217
632;189,2212677001953;-292,7402648925781;67185,8359375;4,865810871124268;47,048641204833984;10,805554389953613;0,8553990125656128;0,2932884395122528;0,2849537134170532;0,012075101025402546
633;189,2212677001953;-292,7402648925781;67185,8359375;4,260351181030273;46,70071792602539;10,231472969055176;0,835180401802063;0,28870832920074463;0,27822238206863403;0,011644899845123291
634;189,2212677001953;-292,7402648925781;67185,8359375;1,248610496520996;47,91114807128906;10,646317481994629;0,8425813913345337;0,2945970892906189;0,28104159235954285;0,011796736158430576
635;189,2212677001953;-292,7402648925781;67185,8359375;0,41182416677474976;47,26772689819336;10,379850387573242;0,8579038381576538;0,303079217672348;0,28658607602119446;0,012139302678406239
636;189,2212677001953;-292,7402648925781;67185,8359375;-4,7439799308776855;47,476741790771484;11,092632293701172;0,8565302491188049;0,3061707019805908;0,2862485647201538;0,012118513695895672
637;189,2212677001953;-292,7402648925781;67185,8359375;-3,247425079345703;48,491329193115234;10,773591995239258;0,8661036491394043;0,31306540966033936;0,2895691692829132;0,012318480759859085
638;189,2212677001953;-292,7402648925781;67185,8359375;-4,748341083526611;47,72483444213867;11,179064750671387;0,8552456498146057;0,3130396008491516;0,2859549820423126;0,012141406536102295
639;189,2212677001953;-292,7402648925781;67185,8359375;-6,609983921051025;47,586666107177734;11,234526634216309;0,8543921113014221;0,3146626353263855;0,2856854200363159;0,012205378152430058
640;189,2212677001953;-292,7402648925781;67185,8359375;-8,67439079284668;47,151832580566406;11,40048599243164;0,8263385891914368;0,30855631828308105;0,276170551776886;0,011713921092450619
641;189,2212677001953;-292,7402648925781;67185,8359375;-6,580777645111084;47,0964469909668;11,064631462097168;0,8259993195533752;0,3143656253814697;0,2759031057357788;0,011694338172674179
642;189,2212677001953;-292,7402648925781;67185,8359375;-9,492616653442383;47,718894958496094;11,189250946044922;0,8209952116012573;0,31326723098754883;0,2739434242248535;0,011692697182297707
643;189,2212677001953;-292,7402648925781;67185,8359375;-8,70522403717041;47,212425231933594;11,428351402282715;0,8378634452819824;0,32271096110343933;0,27922603487968445;0,012045115232467651
644;189,2212677001953;-292,7402648925781;67185,8359375;-12,916552543640137;45,97552490234375;10,330063819885254;0,8137474656105042;0,3172557055950165;0,27082037925720215;0,011642316356301308
645;189,2212677001953;-292,7402648925781;67185,8359375;-11,200714111328125;47,16890335083008;10,630595207214355;0,8270010352134705;0,325773149728775;0,2747720181941986;0,011929871514439583
646;189,2212677001953;-292,7402648925781;67185,8359375;-14,464393615722656;46,403724670410156;10,482505798339844;0,800778329372406;0,3197815716266632;0,2656201422214508;0,01148594357073307
647;189,2212677001953;-292,7402648925781;67185,8359375;-14,31688404083252;45,95851516723633;10,679606437683105;0,8100579380989075;0,326969712972641;0,26815295219421387;0,011704833246767521
648;189,2212677001953;-292,7402648925781;67185,8359375;-13,988560676574707;46,707069396972656;10,822056770324707;0,781356692314148;0,32175660133361816;0,25828394293785095;0,011201949790120125
649;189,2212677001953;-292,7402648925781;67185,8359375;-17,386295318603516;47,1563606262207;10,634406089782715;0,7960873246192932;0,3328566551208496;0,2626558244228363;0,01151716336607933
650;189,2212677001953;-292,7402648925781;67185,8359375;-15,452068328857422;46,3438835144043;10,149347305297852;0,7689312100410461;0,31759223341941833;0,2525002360343933;0,01109201367944479
651;189,2212677001953;-292,7402648925781;67185,8359375;-14,657426834106445;47,15778350830078;9,453519821166992;0,7677223682403564;0,3234770596027374;0,2516593635082245;0,011115488596260548
652;189,2212677001953;-292,7402648925781;67185,8359375;-18,72417449951172;45,63459396362305;9,58139419555664;0,7467612028121948;0,31927987933158875;0,24421590566635132;0,01076611690223217
653;189,2212677001953;-292,7402648925781;67185,8359375;-19,286731719970703;46,138206481933594;9,608037948608398;0,7665631175041199;0,3263239860534668;0,24953165650367737;0,01120742131024599
654;189,2212677001953;-292,7402648925781;67185,8359375;-20,93670082092285;46,57838439941406;9,514005661010742;0,7450239658355713;0,3272484838962555;0,24241679906845093;0,010840754956007004
655;189,2212677001953;-292,7402648925781;67185,8359375;-20,800182342529297;46,234134674072266;8,92615032196045;0,7295752763748169;0,31899210810661316;0,23621241748332977;0,01060525607317686
656;189,2212677001953;-292,7402648925781;67185,8359375;-20,131479263305664;46,27799987792969;8,955652236938477;0,722885012626648;0,31701406836509705;0,23308351635932922;0,010530326515436172
657;189,2212677001953;-292,7402648925781;67185,8359375;-21,543270111083984;45,73815155029297;8,480618476867676;0,7293397188186646;0,32503387331962585;0,234614759683609;0,010720549151301384
658;189,2212677001953;-292,7402648925781;67185,8359375;-22,303712844848633;46,000099182128906;8,435882568359375;0,7257915139198303;0,32828375697135925;0,23290713131427765;0,010713519528508186
659;189,2212677001953;-292,7402648925781;67185,8359375;-23,855302810668945;45,936832427978516;8,19810676574707;0,7358728051185608;0,3320145308971405;0,23495197296142578;0,010973390191793442
660;189,2212677001953;-292,7402648925781;67185,8359375;-23,70014190673828;46,31028747558594;7,795966625213623;0,6995757818222046;0,31966978311538696;0,22276891767978668;0,010314857587218285
661;189,2212677001953;-292,7402648925781;67185,8359375;-25,56049346923828;45,96664047241211;7,541238784790039;0,686305046081543;0,3187394440174103;0,21812327206134796;0,010114805772900581
662;189,2212677001953;-292,7402648925781;67185,8359375;-26,191226959228516;44,98283004760742;7,514320373535156;0,6800451278686523;0,31609851121902466;0,21517589688301086;0,010046951472759247
663;189,2212677001953;-292,7402648925781;67185,8359375;-27,90196418762207;45,090084075927734;6,626599311828613;0,6562898755073547;0,30785420536994934;0,2070615291595459;0,009620611555874348
664;189,2212677001953;-292,7402648925781;67185,8359375;-24,832748413085938;46,178009033203125;6,404933452606201;0,6555197238922119;0,3087770938873291;0,20606602728366852;0,00966666266322136
665;189,2212677001953;-292,7402648925781;67185,8359375;-24,644004821777344;46,67624282836914;6,330134391784668;0,6451708078384399;0,3079708218574524;0,20246154069900513;0,00952158123254776
666;189,2212677001953;-292,7402648925781;67185,8359375;-24,11871337890625;45,6422233581543;5,913651466369629;0,6261340975761414;0,2967098653316498;0,19539867341518402;0,009158347733318806
667;189,2212677001953;-292,7402648925781;67185,8359375;-25,480587005615234;45,19589614868164;5,3603644371032715;0,6086649298667908;0,2954038381576538;0,19011737406253815;0,008870425634086132
668;189,2212677001953;-292,7402648925781;67185,8359375;-24,332448959350586;45,81380081176758;4,944194793701172;0,6011154651641846;0,2859784960746765;0,1862928867340088;0,008719358593225479
669;189,2212677001953;-292,7402648925781;67185,8359375;-27,610570907592773;45,08977127075195;4,741535186767578;0,6017524600028992;0,29158928990364075;0,18655364215373993;0,008828706108033657
670;189,2212677001953;-292,7402648925781;67185,8359375;-25,75168800354004;45,79423141479492;4,632985591888428;0,5953800082206726;0,28779157996177673;0,18388617038726807;0,008736271411180496
671;189,2212677001953;-292,7402648925781;67185,8359375;-23,823028564453125;47,02374267578125;4,400954723358154;0,5786451697349548;0,277148962020874;0,17783649265766144;0,008380824699997902
672;189,2212677001953;-292,7402648925781;67185,8359375;-26,3006591796875;45,210567474365234;3,8561763763427734;0,5616782307624817;0,27495571970939636;0,17299972474575043;0,008094585500657558
673;189,2212677001953;-292,7402648925781;67185,8359375;-24,21156120300293;45,673255920410156;3,9931859970092773;0,5618917942047119;0,27568119764328003;0,17276082932949066;0,008162504993379116
674;189,2212677001953;-292,7402648925781;67185,8359375;-24,03705406188965;45,69994354248047;3,391233444213867;0,5461099743843079;0,26826339960098267;0,16763347387313843;0,007840143516659737
675;189,2212677001953;-292,7402648925781;67185,8359375;-20,714111328125;46,05149459838867;3,3752431869506836;0,5341843962669373;0,26133546233177185;0,16356374323368073;0,0075857327319681644
676;189,2212677001953;-292,7402648925781;67185,8359375;-21,976961135864258;45,144737243652344;3,3165528774261475;0,5196309089660645;0,25811928510665894;0,15949644148349762;0,007322081830352545
677;189,2212677001953;-292,7402648925781;67185,8359375;-21,114986419677734;44,26433181762695;3,042663335800171;0,5435078740119934;0,26349160075187683;0,16574613749980927;0,007906992919743061
678;189,2212677001953;-292,7402648925781;67185,8359375;-20,658279418945312;44,6431770324707;2,7582831382751465;0,5352884531021118;0,26791927218437195;0,1644296497106552;0,00786276999861002
679;189,2212677001953;-292,7402648925781;67185,8359375;-19,58391761779785;44,94999313354492;2,099648952484131;0,5198293328285217;0,2538488507270813;0,1587512046098709;0,007443730719387531
680;189,2212677001953;-292,7402648925781;67185,8359375;-20,26691436767578;44,3159065246582;2,212440013885498;0,5100200772285461;0,26010414958000183;0,15749819576740265;0,007394035812467337
681;189,2212677001953;-292,7402648925781;67185,8359375;-15,381937026977539;45,5069580078125;2,1373565196990967;0,5061701536178589;0,2600671648979187;0,15675196051597595;0,007374979555606842
682;189,2212677001953;-292,7402648925781;67185,8359375;-17,000280380249023;44,62369918823242;1,9485570192337036;0,4665863513946533;0,2406502068042755;0,14483126997947693;0,0063681406900286674
683;189,2212677001953;-292,7402648925781;67185,8359375;-16,67523765563965;44,67120361328125;1,5502020120620728;0,48264074325561523;0,24710486829280853;0,14979588985443115;0,00685925455763936
684;189,2212677001953;-292,7402648925781;67185,8359375;-15,947240829467773;44,6915283203125;1,5667414665222168;0,46805888414382935;0,2503910958766937;0,1472608596086502;0,006631043739616871
685;189,2212677001953;-292,7402648925781;67185,8359375;-14,800522804260254;44,403133392333984;1,6063750982284546;0,4684952199459076;0,2464188188314438;0,14710307121276855;0,006667756009846926
686;189,2212677001953;-292,7402648925781;67185,8359375;-14,013850212097168;44,509151458740234;1,1533595323562622;0,4638989269733429;0,2433159053325653;0,14597046375274658;0,00659318920224905
687;189,2212677001953;-292,7402648925781;67185,8359375;-11,09847354888916;45,21100616455078;1,2521319389343262;0,4488312900066376;0,23935234546661377;0,14229701459407806;0,006263963412493467
688;189,2212677001953;-292,7402648925781;67185,8359375;-10,886313438415527;45,37178039550781;1,2350094318389893;0,4269088804721832;0,2278813123703003;0,13585451245307922;0,005671688821166754
689;189,2212677001953;-292,7402648925781;67185,8359375;-11,223987579345703;45,25984191894531;1,3861862421035767;0,4266613721847534;0,2292812615633011;0,13652852177619934;0,005742077715694904
690;189,2212677001953;-292,7402648925781;67185,8359375;-7,699295997619629;45,33909606933594;1,2642215490341187;0,4468006193637848;0,23440182209014893;0,14266909658908844;0,006343500223010778
691;189,2212677001953;-292,7402648925781;67185,8359375;-5,888453960418701;45,74797058105469;1,426720380783081;0,4506172835826874;0,2439371794462204;0,14567045867443085;0,006542873103171587
692;189,2212677001953;-292,7402648925781;67185,8359375;-5,579965114593506;46,70969009399414;1,487302303314209;0,4924541711807251;0,2518226206302643;0,15766678750514984;0,007664011791348457
693;189,2212677001953;-292,7402648925781;67185,8359375;-0,6096674799919128;46,98001480102539;1,1996097564697266;0,42916154861450195;0,22119835019111633;0,1383180171251297;0,0059401532635092735
694;189,2212677001953;-292,7402648925781;67185,8359375;-1,2016266584396362;46,71843338012695;1,4891538619995117;0,4216083884239197;0,22380082309246063;0,13751758635044098;0,005834254901856184
695;189,2212677001953;-292,7402648925781;67185,8359375;-0,3157157599925995;46,99436950683594;1,7772002220153809;0,4374597370624542;0,22863782942295074;0,14286333322525024;0,006329624447971582
696;189,2212677001953;-292,7402648925781;67185,8359375;1,252626657485962;47,24471664428711;1,7844915390014648;0,44139042496681213;0,21953634917736053;0,14327877759933472;0,006381842773407698
697;189,2212677001953;-292,7402648925781;67185,8359375;2,0360074043273926;47,17170715332031;1,999515414237976;0,4278954863548279;0,21777556836605072;0,1403292715549469;0,0060947067104279995
698;189,2212677001953;-292,7402648925781;67185,8359375;0,17205853760242462;46,27656555175781;2,064286708831787;0,418751984834671;0,21627473831176758;0,138493612408638;0,005888993386179209
699;189,2212677001953;-292,7402648925781;67185,8359375;7,434774875640869;48,155364990234375;2,378257989883423;0,4359090328216553;0,21932297945022583;0,1441035270690918;0,00640826066955924
700;189,2212677001953;-292,7402648925781;67185,8359375;4,818054676055908;47,481441497802734;2,570298910140991;0,4289575219154358;0,2140158861875534;0,1422976404428482;0,006229069549590349
701;189,2212677001953;-292,7402648925781;67185,8359375;6,0296630859375;47,06026840209961;2,8133609294891357;0,429402619600296;0,2128150761127472;0,14298942685127258;0,006272951606661081
702;189,2212677001953;-292,7402648925781;67185,8359375;5,9230055809021;51,73942565917969;2,815410614013672;0,437183141708374;0,21340511739253998;0,14589063823223114;0,006519728805869818
703;189,2212677001953;-292,7402648925781;67185,8359375;11,502178192138672;47,20541763305664;3,1953647136688232;0,4265982210636139;0,20576494932174683;0,1427507996559143;0,006215238943696022
704;189,2212677001953;-292,7402648925781;67185,8359375;10,717698097229004;48,63327407836914;3,261946201324463;0,4194222092628479;0,20225532352924347;0,14102421700954437;0,006033794954419136
705;189,2212677001953;-292,7402648925781;67185,8359375;11,685304641723633;48,267581939697266;3,5870156288146973;0,43112942576408386;0,2052135020494461;0,14530329406261444;0,006405681371688843
706;189,2212677001953;-292,7402648925781;67185,8359375;11,386197090148926;48,540008544921875;3,7304725646972656;0,4332583248615265;0,2033543437719345;0,14632843434810638;0,006478669121861458
707;189,2212677001953;-292,7402648925781;67185,8359375;14,741667747497559;48,54368209838867;3,7498674392700195;0,437200129032135;0,2007768601179123;0,1477746218442917;0,006584083661437035
708;189,2212677001953;-292,7402648925781;67185,8359375;14,973416328430176;48,62527084350586;3,807521343231201;0,4343050718307495;0,19789431989192963;0,1472150683403015;0,006513926666229963
709;189,2212677001953;-292,7402648925781;67185,8359375;16,803504943847656;49,9020881652832;3,9654312133789062;0,44066110253334045;0,19778141379356384;0,14960457384586334;0,00670365896075964
710;189,2212677001953;-292,7402648925781;67185,8359375;16,856327056884766;48,890342712402344;4,143478870391846;0,4414607584476471;0,19538196921348572;0,15011024475097656;0,006722263526171446
711;189,2212677001953;-292,7402648925781;67185,8359375;16,15777587890625;49,88551712036133;4,385374546051025;0,4348236322402954;0,1928059607744217;0,14835897088050842;0,006562862079590559
712;189,2212677001953;-292,7402648925781;67185,8359375;18,628063201904297;49,83480453491211;4,432094573974609;0,45450618863105774;0,1959572434425354;0,15496931970119476;0,007101988885551691
713;189,2212677001953;-292,7402648925781;67185,8359375;15,44848346710205;50,10905838012695;4,6367363929748535;0,4496476352214813;0,19190289080142975;0,15351969003677368;0,0069534978829324245
714;189,2212677001953;-292,7402648925781;67185,8359375;19,42308807373047;50,858924865722656;4,9539875984191895;0,45974209904670715;0,19419129192829132;0,15712884068489075;0,007253130432218313
715;189,2212677001953;-292,7402648925781;67185,8359375;21,121437072753906;50,37218475341797;5,078482151031494;0,45934170484542847;0,19224698841571808;0,15712355077266693;0,007239155005663633
716;189,2212677001953;-292,7402648925781;67185,8359375;18,050098419189453;50,41529846191406;4,897489070892334;0,45529621839523315;0,18883873522281647;0,15582016110420227;0,0071136862970888615
717;189,2212677001953;-292,7402648925781;67185,8359375;20,639568328857422;51,97834014892578;5,156390190124512;0,4565039277076721;0,1874188482761383;0,15625058114528656;0,007132712285965681
718;189,2212677001953;-292,7402648925781;67185,8359375;21,43968963623047;51,074100494384766;5,147698402404785;0,46406665444374084;0,18890856206417084;0,15881814062595367;0,007352821994572878
719;189,2212677001953;-292,7402648925781;67185,8359375;21,450679779052734;50,83094024658203;5,3330979347229;0,46563175320625305;0,187933549284935;0,15927176177501678;0,007389702368527651
720;189,2212677001953;-292,7402648925781;67185,8359375;24,59473419189453;51,22018814086914;5,521513938903809;0,4726066589355469;0,18909810483455658;0,16151925921440125;0,007577767129987478
721;189,2212677001953;-292,7402648925781;67185,8359375;23,413297653198242;51,15810012817383;5,368188858032227;0,4649294912815094;0,18435005843639374;0,15865463018417358;0,0073467399924993515
722;189,2212677001953;-292,7402648925781;67185,8359375;21,61300277709961;50,31662368774414;5,263729572296143;0,4871995449066162;0,19234739243984222;0,1662057787179947;0,00792732834815979
723;189,2212677001953;-292,7402648925781;67185,8359375;28,755035400390625;50,44786834716797;5,016900062561035;0,4841563403606415;0,1898953914642334;0,16487325727939606;0,007822584360837936
724;189,2212677001953;-292,7402648925781;67185,8359375;26,44709014892578;49,9538688659668;5,374011039733887;0,49558138847351074;0,19410677254199982;0,16858164966106415;0,008099767379462719
725;189,2212677001953;-292,7402648925781;67185,8359375;27,520122528076172;49,92879867553711;5,376209259033203;0,49885988235473633;0,1931840032339096;0,16909243166446686;0,008197573944926262
726;189,2212677001953;-292,7402648925781;67185,8359375;26,620975494384766;49,51116943359375;4,961764335632324;0,5031147599220276;0,19501140713691711;0,17026665806770325;0,008271453902125359
727;189,2212677001953;-292,7402648925781;67185,8359375;27,624967575073242;50,46581268310547;5,354592323303223;0,5088409781455994;0,19602496922016144;0,1716374009847641;0,008407634682953358
728;189,2212677001953;-292,7402648925781;67185,8359375;25,54720687866211;49,73777770996094;4,837739944458008;0,5126388072967529;0,19637350738048553;0,17229992151260376;0,00848299264907837
729;189,2212677001953;-292,7402648925781;67185,8359375;27,13418197631836;50,19413757324219;4,952850341796875;0,5202311873435974;0,19991208612918854;0,17442187666893005;0,008648350834846497
730;189,2212677001953;-292,7402648925781;67185,8359375;27,80425262451172;49,42338562011719;4,802179336547852;0,5057231783866882;0,19369713962078094;0,16889314353466034;0,008207118138670921
731;189,2212677001953;-292,7402648925781;67185,8359375;28,292245864868164;48,513065338134766;4,850689888000488;0,5120903849601746;0,1913745105266571;0,1697055846452713;0,008359641768038273
732;189,2212677001953;-292,7402648925781;67185,8359375;28,17087745666504;48,37140655517578;4,554966449737549;0,5104306936264038;0,19580507278442383;0,16918806731700897;0,008249565958976746
733;189,2212677001953;-292,7402648925781;67185,8359375;27,251115798950195;48,523338317871094;4,453364372253418;0,5267871022224426;0,19875827431678772;0,17337840795516968;0,008671754971146584
734;189,2212677001953;-292,7402648925781;67185,8359375;27,845796585083008;47,50381851196289;4,419570446014404;0,5410038828849792;0,20369412004947662;0,1771695464849472;0,009004908613860607
735;189,2212677001953;-292,7402648925781;67185,8359375;28,80350112915039;45,67018127441406;4,192970275878906;0,5301205515861511;0,20266585052013397;0,1731858253479004;0,008661361411213875
736;189,2212677001953;-292,7402648925781;67185,8359375;33,875587463378906;45,744911193847656;4,126487731933594;0,5413153171539307;0,19205708801746368;0,17387701570987701;0,008851359598338604
737;189,2212677001953;-292,7402648925781;67185,8359375;35,99125289916992;42,916866302490234;3,9851081371307373;0,5355321764945984;0,1953982263803482;0,17181426286697388;0,008695274591445923
738;189,2212677001953;-292,7402648925781;67185,8359375;38,282379150390625;41,168251037597656;3,990450382232666;0,5435499548912048;0,1886472851037979;0,17210105061531067;0,00877367053180933
739;189,2212677001953;-292,7402648925781;67185,8359375;40,76871871948242;40,95308303833008;3,8635730743408203;0,5513165593147278;0,19216260313987732;0,1736474633216858;0,008926957845687866
740;189,2212677001953;-292,7402648925781;67185,8359375;43,5357666015625;40,18431091308594;3,6806890964508057;0,5535228848457336;0,19778673350811005;0,17395681142807007;0,008970973081886768
741;189,2212677001953;-292,7402648925781;67185,8359375;46,209205627441406;39,737030029296875;3,5237717628479004;0,5697924494743347;0,20411914587020874;0,17805850505828857;0,00932314246892929
742;189,2212677001953;-292,7402648925781;67185,8359375;46,20020294189453;38,93143844604492;3,1146023273468018;0,5838762521743774;0,2037268429994583;0,18059726059436798;0,00956081971526146
743;189,2212677001953;-292,7402648925781;67185,8359375;47,9035758972168;38,94580078125;2,8811380863189697;0,5803271532058716;0,20033207535743713;0,1780931055545807;0,009396995417773724
744;189,2212677001953;-292,7402648925781;67185,8359375;45,030147552490234;37,08888244628906;2,9950027465820312;0,5860747694969177;0,19765549898147583;0,17810769379138947;0,009425841271877289
745;189,2212677001953;-292,7402648925781;67185,8359375;46,886775970458984;38,29958724975586;2,5824334621429443;0,5806790590286255;0,20000027120113373;0,17593729496002197;0,009281528182327747
746;189,2212677001953;-292,7402648925781;67185,8359375;42,354305267333984;36,68646240234375;2,3186466693878174;0,5841776132583618;0,20045790076255798;0,1758141815662384;0,009295797906816006
747;189,2212677001953;-292,7402648925781;67185,8359375;40,14975357055664;34,63792037963867;2,36338210105896;0,5950396656990051;0,20236745476722717;0,17775848507881165;0,009470736607909203
748;189,2212677001953;-292,7402648925781;67185,8359375;40,6069221496582;34,37782669067383;2,345303773880005;0,613894522190094;0,21726174652576447;0,18351954221725464;0,0099200289696455
749;189,2212677001953;-292,7402648925781;67185,8359375;42,6203498840332;33,659122467041016;1,929825782775879;0,6223351955413818;0,20929169654846191;0,18345235288143158;0,009944148361682892
750;189,2212677001953;-292,7402648925781;67185,8359375;40,485782623291016;34,444156646728516;1,937851905822754;0,6069016456604004;0,21218016743659973;0,17908157408237457;0,009601380676031113
751;189,2212677001953;-292,7402648925781;67185,8359375;35,27687072753906;33,294029235839844;1,601701259613037;0,6188987493515015;0,21564768254756927;0,18158961832523346;0,009803884662687778
752;189,2212677001953;-292,7402648925781;67185,8359375;39,24966049194336;34,802574157714844;1,7292157411575317;0,6128795742988586;0,20367033779621124;0,1775505095720291;0,00950747262686491
753;189,2212677001953;-292,7402648925781;67185,8359375;37,418514251708984;32,62814712524414;1,682278037071228;0,6370623707771301;0,21869191527366638;0,18472877144813538;0,010048482567071915
754;189,2212677001953;-292,7402648925781;67185,8359375;45,2197265625;31,718181610107422;1,457767128944397;0,6212372183799744;0,20804463326931;0,17865493893623352;0,009577084332704544
755;189,2212677001953;-292,7402648925781;67185,8359375;37,4771842956543;32,854312896728516;1,2269704341888428;0,6367756128311157;0,21165135502815247;0,18222106993198395;0,009838929399847984
756;189,2212677001953;-292,7402648925781;67185,8359375;34,17291259765625;31,795595169067383;1,2455382347106934;0,6518278121948242;0,21108272671699524;0,1851309984922409;0,010041273199021816
757;189,2212677001953;-292,7402648925781;67185,8359375;33,35602569580078;32,077186584472656;1,1918878555297852;0,657545804977417;0,21104130148887634;0,18596632778644562;0,010076083242893219
758;189,2212677001953;-292,7402648925781;67185,8359375;35,8443489074707;30,138395309448242;1,1618080139160156;0,6632264256477356;0,22104312479496002;0,18831495940685272;0,010215571150183678
759;189,2212677001953;-292,7402648925781;67185,8359375;33,189849853515625;29,327438354492188;1,3098883628845215;0,6663593649864197;0,20952579379081726;0,18707934021949768;0,010081607848405838
760;189,2212677001953;-292,7402648925781;67185,8359375;32,31714630126953;31,488880157470703;1,400866985321045;0,6998004913330078;0,21441809833049774;0,19544140994548798;0,010639440268278122
761;189,2212677001953;-292,7402648925781;67185,8359375;36,62555694580078;29,927095413208008;1,4192262887954712;0,67658931016922;0,20412077009677887;0,18838585913181305;0,010062956251204014
762;189,2212677001953;-292,7402648925781;67185,8359375;35,03984832763672;31,115449905395508;1,4586434364318848;0,70659339427948;0,20949408411979675;0,19620683789253235;0,010559136979281902
763;189,2212677001953;-292,7402648925781;67185,8359375;33,783199310302734;29,962215423583984;1,6547306776046753;0,7093439102172852;0,20829783380031586;0,19677236676216125;0,010525036603212357
764;189,2212677001953;-292,7402648925781;67185,8359375;28,657543182373047;30,428476333618164;1,551738977432251;0,7255409359931946;0,21195191144943237;0,20130117237567902;0,01076718419790268
765;189,2212677001953;-292,7402648925781;67185,8359375;35,751121520996094;29,618728637695312;1,6801098585128784;0,7391229867935181;0,21861532330513;0,20572315156459808;0,011005288921296597
766;189,2212677001953;-292,7402648925781;67185,8359375;30,450794219970703;29,42047691345215;1,715527057647705;0,7252650856971741;0,2115221917629242;0,2018623650074005;0,010636269114911556
767;189,2212677001953;-292,7402648925781;67185,8359375;34,55786895751953;29,33658790588379;1,5873759984970093;0,7402258515357971;0,21212288737297058;0,2060393989086151;0,010816100053489208
768;189,2212677001953;-292,7402648925781;67185,8359375;29,89957046508789;35,15147399902344;2,1232566833496094;0,7432107925415039;0,2216377705335617;0,2086220234632492;0,010927923023700714
769;189,2212677001953;-292,7402648925781;67185,8359375;28,276411056518555;36,258705139160156;2,1399965286254883;0,7556223273277283;0,21033403277397156;0,2108631283044815;0,010907191783189774
770;189,2212677001953;-292,7402648925781;67185,8359375;37,28144836425781;29,953413009643555;2,234177589416504;0,7715005278587341;0,22984163463115692;0,21807803213596344;0,011350996792316437
771;189,2212677001953;-292,7402648925781;67185,8359375;37,81496047973633;28,5618839263916;2,3629868030548096;0,767128586769104;0,22459256649017334;0,21721933782100677;0,011161635629832745
772;189,2212677001953;-292,7402648925781;67185,8359375;25,84769630432129;31,97180938720703;2,620084762573242;0,7641976475715637;0,22589437663555145;0,21764932572841644;0,01107992883771658
773;189,2212677001953;-292,7402648925781;67185,8359375;25,958730697631836;36,45466232299805;2,757859706878662;0,7651757597923279;0,21863552927970886;0,21799543499946594;0,010946178808808327
774;189,2212677001953;-292,7402648925781;67185,8359375;31,692195892333984;35,70530319213867;3,086864709854126;0,7820627093315125;0,2205507606267929;0,2235768884420395;0,011166872456669807
775;189,2212677001953;-292,7402648925781;67185,8359375;32,00008010864258;36,04997634887695;3,4398245811462402;0,7927390933036804;0,2292325794696808;0,2285650372505188;0,011390101164579391
776;189,2212677001953;-292,7402648925781;67185,8359375;31,069108963012695;36,48307418823242;3,6261513233184814;0,7977294325828552;0,2193719744682312;0,22985823452472687;0,011268899776041508
777;189,2212677001953;-292,7402648925781;67185,8359375;32,9737548828125;37,4000129699707;3,8685250282287598;0,7938132286071777;0,21392253041267395;0,22951258718967438;0,011080176569521427
778;189,2212677001953;-292,7402648925781;67185,8359375;35,94729232788086;36,82737350463867;4,108941078186035;0,8083036541938782;0,22708003222942352;0,23620560765266418;0,011431640014052391
779;189,2212677001953;-292,7402648925781;67185,8359375;31,893157958984375;35,8543815612793;4,499235153198242;0,8154758214950562;0,22970826923847198;0,2397882491350174;0,0115212919190526
780;189,2212677001953;-292,7402648925781;67185,8359375;30,061315536499023;35,45106887817383;4,754680156707764;0,8143770694732666;0,2355172336101532;0,24166101217269897;0,011544495820999146
781;189,2212677001953;-292,7402648925781;67185,8359375;23,907962799072266;35,20756530761719;4,92218017578125;0,7962354421615601;0,2308393120765686;0,2377559393644333;0,011179518885910511
782;189,2212677001953;-292,7402648925781;67185,8359375;28,275020599365234;37,36451721191406;5,312175750732422;0,8236387372016907;0,23876962065696716;0,24739588797092438;0,01162919495254755
783;189,2212677001953;-292,7402648925781;67185,8359375;29,49741554260254;39,2218132019043;5,646518707275391;0,8161194324493408;0,23274478316307068;0,24609419703483582;0,01139124110341072
784;189,2212677001953;-292,7402648925781;67185,8359375;24,864042282104492;39,747379302978516;5,846780300140381;0,8342549800872803;0,24020345509052277;0,25331223011016846;0,011704208329319954
785;189,2212677001953;-292,7402648925781;67185,8359375;26,354902267456055;40,24061965942383;6,063146591186523;0,8273802399635315;0,23813211917877197;0,2526439130306244;0,011536197736859322
786;189,2212677001953;-292,7402648925781;67185,8359375;22,457841873168945;38,60519027709961;6,6469035148620605;0,8476165533065796;0,2514469623565674;0,2612232565879822;0,011969414539635181
787;189,2212677001953;-292,7402648925781;67185,8359375;33,544586181640625;40,92839813232422;6,6790452003479;0,8602846264839172;0,25405675172805786;0,26640671491622925;0,012132229283452034
788;189,2212677001953;-292,7402648925781;67185,8359375;22,413265228271484;42,029640197753906;6,893529891967773;0,8558623790740967;0,2505127191543579;0,26612481474876404;0,011971302330493927
789;189,2212677001953;-292,7402648925781;67185,8359375;22,633703231811523;42,114131927490234;6,90842866897583;0,8669261932373047;0,26096391677856445;0,2718646824359894;0,012245085090398788
790;189,2212677001953;-292,7402648925781;67185,8359375;23,76052474975586;43,01167678833008;7,067920207977295;0,8576560616493225;0,2585485279560089;0,2702914774417877;0,012045963667333126
791;189,2212677001953;-292,7402648925781;67185,8359375;22,315773010253906;42,30626678466797;7,578851222991943;0,8543803095817566;0,2606266140937805;0,2708975076675415;0,011999649927020073
792;189,2212677001953;-292,7402648925781;67185,8359375;25,082977294921875;42,0194206237793;8,04547119140625;0,8531398773193359;0,2589148283004761;0,27147141098976135;0,01190953329205513
793;189,2212677001953;-292,7402648925781;67185,8359375;17,071088790893555;41,38721466064453;8,23619270324707;0,8600411415100098;0,26426267623901367;0,2752143144607544;0,012047749012708664
794;189,2212677001953;-292,7402648925781;67185,8359375;16,147525787353516;42,128334045410156;8,061443328857422;0,8501290082931519;0,26025089621543884;0,27290019392967224;0,011804330162703991
795;189,2212677001953;-292,7402648925781;67185,8359375;14,425387382507324;43,38420486450195;9,004389762878418;0,8547254800796509;0,26691192388534546;0,2760732173919678;0,011947928927838802
796;189,2212677001953;-292,7402648925781;67185,8359375;11,944159507751465;43,94709014892578;8,872254371643066;0,8542467951774597;0,26786482334136963;0,27692145109176636;0,01191282644867897
797;189,2212677001953;-292,7402648925781;67185,8359375;11,931055068969727;45,024993896484375;9,206449508666992;0,8525804877281189;0,270851731300354;0,27767953276634216;0,011912498623132706
798;189,2212677001953;-292,7402648925781;67185,8359375;5,871920108795166;44,60306930541992;8,913243293762207;0,8383866548538208;0,2665761113166809;0,2737187445163727;0,011608347296714783
799;189,2212677001953;-292,7402648925781;67185,8359375;9,516868591308594;45,877811431884766;8,715137481689453;0,8410086631774902;0,271056592464447;0,2757270932197571;0,011690976098179817
800;189,2212677001953;-292,7402648925781;67185,8359375;2,2729568481445312;46,402313232421875;9,329565048217773;0,8486161828041077;0,2751666009426117;0,27892807126045227;0,011800414882600307
801;189,2212677001953;-292,7402648925781;67185,8359375;4,23655366897583;47,42039108276367;9,271279335021973;0,8302265405654907;0,2721588909626007;0,2737336754798889;0,011493034660816193
802;189,2212677001953;-292,7402648925781;67185,8359375;6,40881872177124;50,69229507446289;10,043163299560547;0,846807062625885;0,28096863627433777;0,28006622195243835;0,011820153333246708
803;189,2212677001953;-292,7402648925781;67185,8359375;2,049861431121826;53,49606704711914;9,762831687927246;0,8503466844558716;0,2844994366168976;0,28175878524780273;0,011867876164615154
804;189,2212677001953;-292,7402648925781;67185,8359375;7,0519561767578125;58,395206451416016;10,08259105682373;0,8592848181724548;0,291871577501297;0,2857601046562195;0,01212743017822504
805;189,2212677001953;-292,7402648925781;67185,8359375;-0,5948006510734558;58,1499137878418;10,869791030883789;0,8559238910675049;0,29317983984947205;0,28498855233192444;0,012058083899319172
806;189,2212677001953;-292,7402648925781;67185,8359375;-1,038523554801941;61,54071044921875;10,431883811950684;0,8288153409957886;0,28650525212287903;0,2760995924472809;0,011532547883689404
807;189,2212677001953;-292,7402648925781;67185,8359375;-2,731236696243286;65,59864044189453;11,022679328918457;0,8457831144332886;0,29564645886421204;0,28222569823265076;0,01188608631491661
808;189,2212677001953;-292,7402648925781;67185,8359375;-7,196758270263672;66,61640167236328;10,696793556213379;0,8637457489967346;0,3051092326641083;0,28854891657829285;0,012246431782841682
809;189,2212677001953;-292,7402648925781;67185,8359375;-9,17132568359375;71,54522705078125;11,575783729553223;0,8637297749519348;0,3085803687572479;0,28868457674980164;0,01225748285651207
810;189,2212677001953;-292,7402648925781;67185,8359375;-5,4119672775268555;74,94149017333984;11,678908348083496;0,8664969801902771;0,3128346800804138;0,28973880410194397;0,012342927046120167
811;189,2212677001953;-292,7402648925781;67185,8359375;-9,139147758483887;75,28937530517578;11,730666160583496;0,853958249092102;0,31289348006248474;0,2855062782764435;0,012105179019272327
812;189,2212677001953;-292,7402648925781;67185,8359375;-13,195540428161621;80,04034423828125;11,791156768798828;0,852874219417572;0,3146713674068451;0,2851640284061432;0,012164182029664516
813;189,2212677001953;-292,7402648925781;67185,8359375;-12,824645042419434;84,47748565673828;12,107866287231445;0,8403322100639343;0,3142331540584564;0,2808458209037781;0,01195651013404131
814;189,2212677001953;-292,7402648925781;67185,8359375;-15,039984703063965;87,38636779785156;11,829964637756348;0,8271356225013733;0,31411468982696533;0,2762744128704071;0,011729647405445576
815;189,2212677001953;-292,7402648925781;67185,8359375;-17,09288215637207;87,95231628417969;12,225465774536133;0,8298930525779724;0,3169800043106079;0,2769210934638977;0,011849855072796345
816;189,2212677001953;-292,7402648925781;67185,8359375;-14,496012687683105;91,56071472167969;12,265365600585938;0,8410437107086182;0,32516005635261536;0,28032997250556946;0,012087875045835972
817;189,2212677001953;-292,7402648925781;67185,8359375;-22,766618728637695;95,74441528320312;11,890586853027344;0,8209291100502014;0,3197232484817505;0,27319714426994324;0,011776797473430634
818;189,2212677001953;-292,7402648925781;67185,8359375;-22,81789207458496;101,97042083740234;11,964306831359863;0,818386435508728;0,32269805669784546;0,27192825078964233;0,011769311502575874
819;189,2212677001953;-292,7402648925781;67185,8359375;-27,752126693725586;106,10517883300781;12,108196258544922;0,7981188893318176;0,3207013010978699;0,26485395431518555;0,01142072957009077
820;189,2212677001953;-292,7402648925781;67185,8359375;-23,003080368041992;110,435546875;12,256488800048828;0,8157947659492493;0,3299880921840668;0,27009791135787964;0,011805734597146511
821;189,2212677001953;-292,7402648925781;67185,8359375;-28,336650848388672;111,04195404052734;12,304285049438477;0,7979737520217896;0,32718053460121155;0,263680100440979;0,011520221829414368
822;189,2212677001953;-292,7402648925781;67185,8359375;-28,54778480529785;113,36121368408203;12,05185317993164;0,786118745803833;0,33129045367240906;0,25956329703330994;0,011309764347970486
823;189,2212677001953;-292,7402648925781;67185,8359375;-28,824060440063477;119,84874725341797;12,129768371582031;0,7675901651382446;0,32084593176841736;0,25235840678215027;0,011057283729314804
824;189,2212677001953;-292,7402648925781;67185,8359375;-31,225576400756836;125,79246520996094;11,20995044708252;0,7669388651847839;0,3228031396865845;0,25137656927108765;0,011101369746029377
825;189,2212677001953;-292,7402648925781;67185,8359375;-32,384029388427734;133,6610107421875;11,273385047912598;0,7509780526161194;0,3178531229496002;0,24531759321689606;0,010852079838514328
826;189,2212677001953;-292,7402648925781;67185,8359375;-34,128421783447266;137,59674072265625;11,928884506225586;0,7750930786132812;0,3297286629676819;0,2522900402545929;0,011370734311640263
827;189,2212677001953;-292,7402648925781;67185,8359375;-38,47215270996094;138,332763671875;11,820145606994629;0,7538447976112366;0,32998165488243103;0,24518102407455444;0,011013083159923553
828;189,2212677001953;-292,7402648925781;67185,8359375;-38,97810363769531;142,8106689453125;11,395369529724121;0,7352698445320129;0,3173902630805969;0,23766225576400757;0,010712143033742905
829;189,2212677001953;-292,7402648925781;67185,8359375;-38,367881774902344;150,53236389160156;11,655637741088867;0,7241937518119812;0,3176893889904022;0,23351772129535675;0,010556234046816826
830;189,2212677001953;-292,7402648925781;67185,8359375;-41,08061599731445;158,07994079589844;11,520466804504395;0,7236341834068298;0,3227354884147644;0,23280712962150574;0,01060805656015873
831;189,2212677001953;-292,7402648925781;67185,8359375;-43,15504837036133;161,63873291015625;11,471957206726074;0,7198294401168823;0,3274538516998291;0,23119811713695526;0,010595308616757393
832;189,2212677001953;-292,7402648925781;67185,8359375;-45,320072174072266;177,0778350830078;11,300849914550781;0,724775493144989;0,32748207449913025;0,23146316409111023;0,010754037648439407
833;189,2212677001953;-292,7402648925781;67185,8359375;-47,01282501220703;172,70684814453125;11,153584480285645;0,6939775347709656;0,3170812129974365;0,22098468244075775;0,010201310738921165
834;189,2212677001953;-292,7402648925781;67185,8359375;-48,26316452026367;177,59945678710938;11,08373737335205;0,6840888857841492;0,31823763251304626;0,21748296916484833;0,010070333257317543
835;189,2212677001953;-292,7402648925781;67185,8359375;-49,23713684082031;183,35646057128906;10,85584831237793;0,6778008937835693;0,3190228044986725;0,21494509279727936;0,010008764453232288
836;189,2212677001953;-292,7402648925781;67185,8359375;-51,44900131225586;184,6157684326172;10,497307777404785;0,6627476811408997;0,3108117878437042;0,2090921700000763;0,009755332954227924
837;189,2212677001953;-292,7402648925781;67185,8359375;-48,332096099853516;198,71302795410156;10,286669731140137;0,6569579243659973;0,31089529395103455;0,20670044422149658;0,009701966308057308
838;189,2212677001953;-292,7402648925781;67185,8359375;-47,77359390258789;201,88427734375;10,372093200683594;0,6406223773956299;0,3076494336128235;0,2012738585472107;0,009431001730263233
839;189,2212677001953;-292,7402648925781;67185,8359375;-49,8287239074707;203,74008178710938;10,137810707092285;0,6119884252548218;0,2895173132419586;0,19092245399951935;0,00884375348687172
840;189,2212677001953;-292,7402648925781;67185,8359375;-50,69076156616211;207,0762176513672;9,564668655395508;0,6177601218223572;0,30081695318222046;0,19309358298778534;0,009073888882994652
841;189,2212677001953;-292,7402648925781;67185,8359375;-49,588016510009766;210,78643798828125;9,37580394744873;0,6103933453559875;0,2945716381072998;0,18972988426685333;0,008956813253462315
842;189,2212677001953;-292,7402648925781;67185,8359375;-53,73392868041992;216,27365112304688;9,20356273651123;0,5984559655189514;0,28860941529273987;0,18534409999847412;0,008744577877223492
843;189,2212677001953;-292,7402648925781;67185,8359375;-52,856414794921875;223,0210418701172;9,201469421386719;0,5921932458877563;0,28694820404052734;0,18299950659275055;0,008668922819197178
844;189,2212677001953;-292,7402648925781;67185,8359375;-53,02778244018555;228,05007934570312;9,192702293395996;0,572250247001648;0,2755998969078064;0,17608226835727692;0,008245530538260937
845;189,2212677001953;-292,7402648925781;67185,8359375;-54,688133239746094;232,69198608398438;8,705727577209473;0,5511310696601868;0,27102038264274597;0,16992679238319397;0,007852857932448387
846;189,2212677001953;-292,7402648925781;67185,8359375;-53,42047119140625;231,57046508789062;9,038869857788086;0,5537198185920715;0,2708011865615845;0,1701240837574005;0,007956381887197495
847;189,2212677001953;-292,7402648925781;67185,8359375;-52,635528564453125;233,3055877685547;8,441776275634766;0,5534241199493408;0,2735840976238251;0,17013029754161835;0,00803651474416256
848;189,2212677001953;-292,7402648925781;67185,8359375;-49,50355911254883;237,83567810058594;8,422843933105469;0,5457041263580322;0,26735565066337585;0,16714750230312347;0,007879512384533882
849;189,2212677001953;-292,7402648925781;67185,8359375;-51,09612274169922;241,0637664794922;8,457061767578125;0,5253981351852417;0,26082471013069153;0,16124337911605835;0,007468528114259243
850;189,2212677001953;-292,7402648925781;67185,8359375;-51,900428771972656;240,10562133789062;8,306408882141113;0,5431439280509949;0,2633990943431854;0,16564740240573883;0,00789881031960249
851;189,2212677001953;-292,7402648925781;67185,8359375;-48,3026237487793;241,53453063964844;8,05060863494873;0,5423855781555176;0,2733886241912842;0,1668982207775116;0,008056463673710823
852;189,2212677001953;-292,7402648925781;67185,8359375;-49,3023567199707;242,19183349609375;7,465347766876221;0,5276854634284973;0,2577645778656006;0,16116218268871307;0,00765090249478817
853;189,2212677001953;-292,7402648925781;67185,8359375;-51,369354248046875;242,56192016601562;7,627285003662109;0,5099905133247375;0,26311802864074707;0,15795405209064484;0,0074221910908818245
854;189,2212677001953;-292,7402648925781;67185,8359375;-46,562564849853516;244,24252319335938;7,555271625518799;0,5063579678535461;0,26235949993133545;0,1571490317583084;0,00739951990544796
855;189,2212677001953;-292,7402648925781;67185,8359375;-47,531192779541016;244,3895721435547;7,40142297744751;0,4805940091609955;0,24551141262054443;0,1488146185874939;0,006732035893946886
856;189,2212677001953;-292,7402648925781;67185,8359375;-47,88331604003906;245,6007080078125;6,963834285736084;0,47632986307144165;0,24063260853290558;0,14734064042568207;0,006632428616285324
857;189,2212677001953;-292,7402648925781;67185,8359375;-46,36653518676758;246,2374725341797;7,0604753494262695;0,45288804173469543;0,24468877911567688;0,14287100732326508;0,006228955928236246
858;189,2212677001953;-292,7402648925781;67185,8359375;-44,84250259399414;247,47634887695312;7,099776268005371;0,45889171957969666;0,2427641749382019;0,14430570602416992;0,006412739399820566
859;189,2212677001953;-292,7402648925781;67185,8359375;-45,253173828125;247,11050415039062;6,703368663787842;0,45830410718917847;0,2396947592496872;0,1441023349761963;0,0064263129606842995
860;189,2212677001953;-292,7402648925781;67185,8359375;-43,82433319091797;246,76644897460938;6,67088508605957;0,43698883056640625;0,232169508934021;0,1384057253599167;0,005905540660023689
861;189,2212677001953;-292,7402648925781;67185,8359375;-41,5328369140625;247,18617248535156;6,87336540222168;0,4453364908695221;0,23558449745178223;0,14138498902320862;0,00620301254093647
862;189,2212677001953;-292,7402648925781;67185,8359375;-40,956207275390625;247,2195587158203;7,034008026123047;0,43966755270957947;0,23355235159397125;0,14026550948619843;0,006105370819568634
863;189,2212677001953;-292,7402648925781;67185,8359375;-37,66276550292969;246,81765747070312;6,873854637145996;0,44074076414108276;0,22721464931964874;0,1401233822107315;0,006109895650297403
864;189,2212677001953;-292,7402648925781;67185,8359375;-35,8973503112793;247,44149780273438;6,923482894897461;0,44951215386390686;0,23107145726680756;0,14343726634979248;0,006427315063774586
865;189,2212677001953;-292,7402648925781;67185,8359375;-35,28383255004883;247,50343322753906;6,933542251586914;0,4795205593109131;0,24063947796821594;0,1528511643409729;0,007274563889950514
866;189,2212677001953;-292,7402648925781;67185,8359375;-32,13228988647461;247,99989318847656;6,780035972595215;0,42363807559013367;0,2199367731809616;0,13677208125591278;0,005789631512016058
867;189,2212677001953;-292,7402648925781;67185,8359375;-34,12286376953125;247,9624786376953;6,961630344390869;0,4402516186237335;0,2308070808649063;0,14316540956497192;0,006367402151226997
868;189,2212677001953;-292,7402648925781;67185,8359375;-29,975618362426758;248,10238647460938;7,301725387573242;0,44940826296806335;0,23335787653923035;0,14653970301151276;0,006663301959633827
869;189,2212677001953;-292,7402648925781;67185,8359375;-28,839136123657227;247,634765625;7,3316650390625;0,44085803627967834;0,2175641804933548;0,14286550879478455;0,0063354806043207645
870;189,2212677001953;-292,7402648925781;67185,8359375;-28,176177978515625;248,06146240234375;7,508452415466309;0,4254485070705414;0,22010257840156555;0,14003460109233856;0,006051511038094759
871;189,2212677001953;-292,7402648925781;67185,8359375;-29,04136848449707;247,12429809570312;7,669905185699463;0,4269658029079437;0,22161781787872314;0,141365185379982;0,006138415541499853
872;189,2212677001953;-292,7402648925781;67185,8359375;-23,8288631439209;249,116943359375;7,862259864807129;0,42455893754959106;0,21607087552547455;0,14069059491157532;0,006086519919335842
873;189,2212677001953;-292,7402648925781;67185,8359375;-27,062711715698242;247,90829467773438;8,149799346923828;0,42147624492645264;0,2115975022315979;0,139992818236351;0,00601221201941371
874;189,2212677001953;-292,7402648925781;67185,8359375;-22,648427963256836;248,38650512695312;8,303009033203125;0,4299437403678894;0,21249589323997498;0,14308975636959076;0,006284188479185104
875;189,2212677001953;-292,7402648925781;67185,8359375;-23,36129379272461;248,512451171875;8,393779754638672;0,4320995807647705;0,21247237920761108;0,144394651055336;0,006380144506692886
876;189,2212677001953;-292,7402648925781;67185,8359375;-19,474512100219727;248,78775024414062;8,676907539367676;0,4243970215320587;0,20404835045337677;0,1419297754764557;0,006137060932815075
877;189,2212677001953;-292,7402648925781;67185,8359375;-20,018707275390625;249,122802734375;8,753376007080078;0,4313221871852875;0,20469677448272705;0,14461307227611542;0,0063637783750891685
878;189,2212677001953;-292,7402648925781;67185,8359375;-18,23048973083496;249,18821716308594;9,00963306427002;0,4280998110771179;0,20326432585716248;0,1442185491323471;0,006308587267994881
879;189,2212677001953;-292,7402648925781;67185,8359375;-18,837337493896484;248,62060546875;9,17071533203125;0,4341464340686798;0,20194430649280548;0,1464104801416397;0,006484197452664375
880;189,2212677001953;-292,7402648925781;67185,8359375;-16,966880798339844;249,56649780273438;9,171521186828613;0,4352591335773468;0,20142902433872223;0,1472945213317871;0,00654485123232007
881;189,2212677001953;-292,7402648925781;67185,8359375;-17,77507781982422;249,94589233398438;9,195399284362793;0,4378810524940491;0,19939745962619781;0,14841194450855255;0,0066215950064361095
882;189,2212677001953;-292,7402648925781;67185,8359375;-14,92467212677002;250,38613891601562;9,657510757446289;0,4361778497695923;0,19600731134414673;0,14810697734355927;0,006569914985448122
883;189,2212677001953;-292,7402648925781;67185,8359375;-11,55831241607666;250,85740661621094;9,428678512573242;0,43647104501724243;0,19399398565292358;0,14849735796451569;0,006583849433809519
884;189,2212677001953;-292,7402648925781;67185,8359375;-15,224055290222168;251,70077514648438;9,92131519317627;0,44079285860061646;0,1950659304857254;0,15035538375377655;0,006738774944096804
885;189,2212677001953;-292,7402648925781;67185,8359375;-13,321732521057129;252,03619384765625;9,807228088378906;0,45546528697013855;0,19672733545303345;0,1553293615579605;0,007138201035559177
886;189,2212677001953;-292,7402648925781;67185,8359375;-13,407023429870605;252,40737915039062;10,004003524780273;0,4496898055076599;0,19226109981536865;0,15356379747390747;0,0069637605920434
887;189,2212677001953;-292,7402648925781;67185,8359375;-10,213967323303223;252,96575927734375;10,3317289352417;0,4583187699317932;0,1939358413219452;0,15667042136192322;0,00721941702067852
888;189,2212677001953;-292,7402648925781;67185,8359375;-12,7803316116333;252,5537567138672;10,51898193359375;0,45486506819725037;0,19099298119544983;0,15563789010047913;0,007122655864804983
889;189,2212677001953;-292,7402648925781;67185,8359375;-15,577634811401367;252,07164001464844;10,430871963500977;0,46012964844703674;0,1906815767288208;0,15746423602104187;0,007252966985106468
890;189,2212677001953;-292,7402648925781;67185,8359375;-10,075554847717285;254,06723022460938;10,698442459106445;0,45817631483078003;0,18781819939613342;0,1568107008934021;0,007167179137468338
891;189,2212677001953;-292,7402648925781;67185,8359375;-11,676045417785645;252,50546264648438;10,48170280456543;0,4643782079219818;0,18899039924144745;0,15892399847507477;0,0073591857217252254
892;189,2212677001953;-292,7402648925781;67185,8359375;-15,177573204040527;253,36196899414062;10,695930480957031;0,4710921049118042;0,19000087678432465;0,16115163266658783;0,007536910939961672
893;189,2212677001953;-292,7402648925781;67185,8359375;-9,26307201385498;253,77488708496094;10,71898078918457;0,4708732068538666;0,18839706480503082;0,16093790531158447;0,007522828411310911
894;189,2212677001953;-292,7402648925781;67185,8359375;-14,634856224060059;252,8601837158203;10,814802169799805;0,46000751852989197;0,1822793185710907;0,15691576898097992;0,007209810893982649
895;189,2212677001953;-292,7402648925781;67185,8359375;-13,472169876098633;253,61453247070312;10,671613693237305;0,4836578667163849;0,1910557597875595;0,16502472758293152;0,007815886288881302
896;189,2212677001953;-292,7402648925781;67185,8359375;-6,23356819152832;252,70834350585938;10,323576927185059;0,48536160588264465;0,1904992163181305;0,1653105765581131;0,00785176083445549
897;189,2212677001953;-292,7402648925781;67185,8359375;-8,574347496032715;252,92189025878906;10,64279556274414;0,4937630295753479;0,19340239465236664;0,16796499490737915;0,008046896196901798
898;189,2212677001953;-292,7402648925781;67185,8359375;-9,54794979095459;250,30712890625;10,623455047607422;0,5048253536224365;0,19614098966121674;0,17122435569763184;0,008354843594133854
899;189,2212677001953;-292,7402648925781;67185,8359375;-3,9834399223327637;251,60423278808594;10,289403915405273;0,5038063526153564;0,1955738365650177;0,17054875195026398;0,008285610005259514
900;189,2212677001953;-292,7402648925781;67185,8359375;-5,5757527351379395;252,53237915039062;10,5902099609375;0,5196851491928101;0,201608344912529;0,17551319301128387;0,008691642433404922
901;189,2212677001953;-292,7402648925781;67185,8359375;-6,678284645080566;250,93917846679688;10,180261611938477;0,5177257657051086;0,19870784878730774;0,17406843602657318;0,008620448410511017
902;189,2212677001953;-292,7402648925781;67185,8359375;-7,896692276000977;251,4797821044922;10,26737117767334;0,5204834342002869;0,1992252767086029;0,174392431974411;0,008660436607897282
903;189,2212677001953;-292,7402648925781;67185,8359375;-5,679090976715088;251,1879425048828;10,002875328063965;0,5165212750434875;0,1998460739850998;0,17279405891895294;0,00849064253270626
904;189,2212677001953;-292,7402648925781;67185,8359375;-10,130375862121582;250,62530517578125;10,065138816833496;0,5236949324607849;0,19369731843471527;0,17326977849006653;0,008661935105919838
905;189,2212677001953;-292,7402648925781;67185,8359375;-6,8328046798706055;250,20448303222656;9,892851829528809;0,5206511616706848;0,1954796463251114;0,17197450995445251;0,008550678379833698
906;189,2212677001953;-292,7402648925781;67185,8359375;-8,540884971618652;247,34210205078125;9,877262115478516;0,5164625644683838;0,19790028035640717;0,17041230201721191;0,008376051671802998
907;189,2212677001953;-292,7402648925781;67185,8359375;-12,021087646484375;246,14956665039062;9,772372245788574;0,5426141619682312;0,2009820193052292;0,17723624408245087;0,009037136100232601
908;189,2212677001953;-292,7402648925781;67185,8359375;-6,349002838134766;245,6654815673828;9,562064170837402;0,5257971286773682;0,1992204785346985;0,17152133584022522;0,008548780344426632
909;189,2212677001953;-292,7402648925781;67185,8359375;-10,980334281921387;247,067138671875;9,389117240905762;0,5390704870223999;0,1928602010011673;0,17337268590927124;0,008809413760900497
910;189,2212677001953;-292,7402648925781;67185,8359375;-1,040619969367981;250,37628173828125;9,359103202819824;0,537744402885437;0,19191735982894897;0,17194223403930664;0,008724971674382687
911;189,2212677001953;-292,7402648925781;67185,8359375;-5,855880260467529;253,83718872070312;9,244969367980957;0,5475837588310242;0,19362583756446838;0,17385746538639069;0,008910145610570908
912;189,2212677001953;-292,7402648925781;67185,8359375;-8,768756866455078;248,160400390625;9,272126197814941;0,5483788847923279;0,1902903914451599;0,17261123657226562;0,008845532312989235
913;189,2212677001953;-292,7402648925781;67185,8359375;-2,687645435333252;249,9412078857422;9,073633193969727;0,5602068305015564;0,202908456325531;0,17643599212169647;0,00915728509426117
914;189,2212677001953;-292,7402648925781;67185,8359375;-1,8574961423873901;247,46258544921875;9,040399551391602;0,5652011036872864;0,1988123059272766;0,17612434923648834;0,009180350229144096
915;189,2212677001953;-292,7402648925781;67185,8359375;2,6100308895111084;246,50360107421875;8,482505798339844;0,5794240236282349;0,19893395900726318;0,17878463864326477;0,009421013295650482
916;189,2212677001953;-292,7402648925781;67185,8359375;2,511262893676758;243,7068328857422;8,266488075256348;0,5814474821090698;0,19664767384529114;0,17789128422737122;0,00938026700168848
917;189,2212677001953;-292,7402648925781;67185,8359375;7,361907482147217;242,6043701171875;8,387216567993164;0,5797427892684937;0,19513925909996033;0,17613479495048523;0,009272623807191849
918;189,2212677001953;-292,7402648925781;67185,8359375;6,396757125854492;245,88565063476562;7,905609607696533;0,5902572274208069;0,20335720479488373;0,17884951829910278;0,009509284980595112
919;189,2212677001953;-292,7402648925781;67185,8359375;1,0464287996292114;243,6673583984375;7,610855579376221;0,5825989246368408;0,19576700031757355;0,17477288842201233;0,00921745877712965
920;189,2212677001953;-292,7402648925781;67185,8359375;-9,723878860473633;241,4755096435547;7,778315544128418;0,5874596834182739;0,19591622054576874;0,17496567964553833;0,009254243224859238
921;189,2212677001953;-292,7402648925781;67185,8359375;-5,170514106750488;244,34573364257812;7,40651273727417;0,608898937702179;0,21572770178318024;0,1820615977048874;0,009805605746805668
922;189,2212677001953;-292,7402648925781;67185,8359375;-0,9238150715827942;244,65948486328125;7,122568607330322;0,6183656454086304;0,208257794380188;0,182326078414917;0,009857659228146076
923;189,2212677001953;-292,7402648925781;67185,8359375;1,560669183731079;246,02157592773438;7,099167346954346;0,6168647408485413;0,21536102890968323;0,18197984993457794;0,009829188697040081
924;189,2212677001953;-292,7402648925781;67185,8359375;-7,846429347991943;244,7892608642578;6,822239875793457;0,6141400337219238;0,2081645280122757;0,17935863137245178;0,009642629884183407
925;189,2212677001953;-292,7402648925781;67185,8359375;-8,307527542114258;248,6863250732422;6,977601528167725;0,6108338236808777;0,20963355898857117;0,1779066026210785;0,009523645043373108
926;189,2212677001953;-292,7402648925781;67185,8359375;-17,045896530151367;246,03927612304688;6,973898887634277;0,6460815072059631;0,22163845598697662;0,18732395768165588;0,010247786529362202
927;189,2212677001953;-292,7402648925781;67185,8359375;5,345484733581543;250,0887451171875;6,727384567260742;0,6223088502883911;0,20911429822444916;0,17906653881072998;0,009607960470020771
928;189,2212677001953;-292,7402648925781;67185,8359375;0,21941839158535004;250,66944885253906;6,419051647186279;0,6285896897315979;0,2129010558128357;0,18045341968536377;0,00969595555216074
929;189,2212677001953;-292,7402648925781;67185,8359375;-11,69470500946045;249,19407653808594;6,462743759155273;0,6533966064453125;0,2114415168762207;0,18555672466754913;0,01007346622645855
930;189,2212677001953;-292,7402648925781;67185,8359375;-8,413840293884277;251,15829467773438;6,43086051940918;0,6533620953559875;0,21336856484413147;0,185304194688797;0,010026528500020504
931;189,2212677001953;-292,7402648925781;67185,8359375;-3,484013557434082;251,69715881347656;6,48530912399292;0,6695355176925659;0,21883508563041687;0,18948407471179962;0,010306372307240963
932;189,2212677001953;-292,7402648925781;67185,8359375;-10,870589256286621;252,78341674804688;6,769613742828369;0,6674848794937134;0,2093224972486496;0,18731828033924103;0,010098867118358612
933;189,2212677001953;-292,7402648925781;67185,8359375;-21,48838233947754;247,4960174560547;6,9045915603637695;0,6929760575294495;0,2131088525056839;0,19364306330680847;0,01051055733114481
934;189,2212677001953;-292,7402648925781;67185,8359375;-9,004008293151855;251,37158203125;6,9385085105896;0,6877433657646179;0,2058529406785965;0,1912711262702942;0,010269449092447758
935;189,2212677001953;-292,7402648925781;67185,8359375;-13,551887512207031;256,7411193847656;6,719201564788818;0,7002788782119751;0,2114851027727127;0,1949741542339325;0,010482552461326122
936;189,2212677001953;-292,7402648925781;67185,8359375;-7,033897876739502;252,13717651367188;7,19449520111084;0,7088533043861389;0,20963437855243683;0,1968332827091217;0,010534781031310558
937;189,2212677001953;-292,7402648925781;67185,8359375;-21,138212203979492;255,0523223876953;6,956754207611084;0,7189164161682129;0,20893540978431702;0,19931986927986145;0,010623379610478878
938;189,2212677001953;-292,7402648925781;67185,8359375;-9,20110034942627;253,151123046875;7,304972171783447;0,7508760690689087;0,22541843354701996;0,20944149792194366;0,011276083067059517
939;189,2212677001953;-292,7402648925781;67185,8359375;-21,66854476928711;253,7445526123047;7,19800329208374;0,7305020093917847;0,21199487149715424;0,20317991077899933;0,010724046267569065
940;189,2212677001953;-292,7402648925781;67185,8359375;-9,237351417541504;255,46417236328125;7,040940284729004;0,7393766641616821;0,2103138267993927;0,2055988311767578;0,010778587311506271
941;189,2212677001953;-292,7402648925781;67185,8359375;-18,14769172668457;251,55075073242188;7,626774787902832;0,7446354627609253;0,22188609838485718;0,20899681746959686;0,010953287594020367
942;189,2212677001953;-292,7402648925781;67185,8359375;-13,271632194519043;253,27442932128906;7,5443572998046875;0,7588436007499695;0,20903591811656952;0,21148425340652466;0,010936041362583637
943;189,2212677001953;-292,7402648925781;67185,8359375;-10,91808032989502;252,9568328857422;7,6599440574646;0,7624876499176025;0,21793381869792938;0,2143169641494751;0,011058927513659
944;189,2212677001953;-292,7402648925781;67185,8359375;-31,818397521972656;249,97613525390625;7,908600330352783;0,767345666885376;0,22397476434707642;0,21718952059745789;0,011156927794218063
945;189,2212677001953;-292,7402648925781;67185,8359375;-27,777130126953125;251,43862915039062;8,162038803100586;0,7607897520065308;0,22335249185562134;0,2164745181798935;0,010995998047292233
946;189,2212677001953;-292,7402648925781;67185,8359375;-9,555359840393066;255,2307586669922;8,222503662109375;0,761056125164032;0,21740135550498962;0,2168123871088028;0,010868657380342484
947;189,2212677001953;-292,7402648925781;67185,8359375;-17,43790054321289;253,12945556640625;8,543011665344238;0,7780506014823914;0,21270276606082916;0,22159120440483093;0,010995647870004177
948;189,2212677001953;-292,7402648925781;67185,8359375;-26,859878540039062;249,23948669433594;8,811208724975586;0,7826076149940491;0,2310532182455063;0,22625723481178284;0,01126601081341505
949;189,2212677001953;-292,7402648925781;67185,8359375;-30,7767391204834;250,59336853027344;8,921281814575195;0,7893175482749939;0,21774525940418243;0,22751596570014954;0,011127384379506111
950;189,2212677001953;-292,7402648925781;67185,8359375;-15,090559959411621;252,2528076171875;9,169755935668945;0,7996013164520264;0,22477874159812927;0,23232151567935944;0,011325625702738762
951;189,2212677001953;-292,7402648925781;67185,8359375;-20,530256271362305;250,66014099121094;9,579883575439453;0,8091235160827637;0,23689495027065277;0,23765496909618378;0,011582665145397186
952;189,2212677001953;-292,7402648925781;67185,8359375;-24,561758041381836;250,5548095703125;9,962977409362793;0,8004212379455566;0,23357714712619781;0,23638203740119934;0,011366816237568855
953;189,2212677001953;-292,7402648925781;67185,8359375;-39,32414627075195;248,8531494140625;10,164259910583496;0,8248785734176636;0,2302999645471573;0,2437424212694168;0,01160969864577055
954;189,2212677001953;-292,7402648925781;67185,8359375;-30,98194694519043;251,32797241210938;10,16098690032959;0,8001598715782166;0,22716303169727325;0,23831896483898163;0,011180028319358826
955;189,2212677001953;-292,7402648925781;67185,8359375;-29,591129302978516;250,75340270996094;10,526751518249512;0,8378803730010986;0,24543754756450653;0,25199419260025024;0,011921015568077564
956;189,2212677001953;-292,7402648925781;67185,8359375;-20,38790512084961;251,9117889404297;10,964197158813477;0,8220024108886719;0,23421281576156616;0,24783913791179657;0,011492702178657055
957;189,2212677001953;-292,7402648925781;67185,8359375;-19,420162200927734;252,05740356445312;11,227728843688965;0,8334493041038513;0,23894482851028442;0,2529353201389313;0,011673581786453724
958;189,2212677001953;-292,7402648925781;67185,8359375;-25,52741050720215;253,2119903564453;11,244400024414062;0,8298106789588928;0,23632293939590454;0,25306788086891174;0,011537401005625725
959;189,2212677001953;-292,7402648925781;67185,8359375;-41,32270050048828;249,2760467529297;11,696893692016602;0,8621668219566345;0,25379082560539246;0,2654489278793335;0,012195690535008907
960;189,2212677001953;-292,7402648925781;67185,8359375;-17,749929428100586;255,10049438476562;12,027532577514648;0,8553084135055542;0,24980072677135468;0,2645021677017212;0,011997957713901997
961;189,2212677001953;-292,7402648925781;67185,8359375;-20,813434600830078;254,62161254882812;12,231650352478027;0,8508920073509216;0,2475980669260025;0,26438793540000916;0,011858159676194191
962;189,2212677001953;-292,7402648925781;67185,8359375;-23,146495819091797;250,41969299316406;12,183804512023926;0,8511511087417603;0,2568877637386322;0,26700496673583984;0,011978117749094963
963;189,2212677001953;-292,7402648925781;67185,8359375;-28,79473114013672;251,11068725585938;12,481284141540527;0,845487654209137;0,2539869248867035;0,26633352041244507;0,011815840378403664
964;189,2212677001953;-292,7402648925781;67185,8359375;-22,081287384033203;254,62509155273438;13,044912338256836;0,8526408672332764;0,258828729391098;0,2701691687107086;0,011946598999202251
965;189,2212677001953;-292,7402648925781;67185,8359375;-22,92195701599121;253,5918731689453;13,168510437011719;0,8539361357688904;0,2600466310977936;0,2718467712402344;0,0119407270103693
966;189,2212677001953;-292,7402648925781;67185,8359375;-34,932701110839844;249,32301330566406;13,73344898223877;0,8513929843902588;0,26005223393440247;0,27222317457199097;0,011864828877151012
967;189,2212677001953;-292,7402648925781;67185,8359375;-32,546356201171875;251,96653747558594;13,284371376037598;0,8539036512374878;0,26099538803100586;0,27405038475990295;0,011861277744174004
968;189,2212677001953;-292,7402648925781;67185,8359375;-42,07060623168945;249,37840270996094;14,004010200500488;0,8633623719215393;0,268404483795166;0,2786794900894165;0,012073524296283722
969;189,2212677001953;-292,7402648925781;67185,8359375;-39,90206527709961;250,50503540039062;14,18675422668457;0,8512219786643982;0,2672918438911438;0,2759977877140045;0,011868512257933617
970;189,2212677001953;-292,7402648925781;67185,8359375;-48,36867141723633;250,4233856201172;14,301472663879395;0,8477968573570251;0,26949217915534973;0,2761463522911072;0,011831930838525295
971;189,2212677001953;-292,7402648925781;67185,8359375;-47,028873443603516;252,16659545898438;14,182185173034668;0,8411781191825867;0,2665322422981262;0,2744705080986023;0,011630795896053314
972;189,2212677001953;-292,7402648925781;67185,8359375;-48,0150146484375;251,19822692871094;14,023674964904785;0,8419213891029358;0,27210739254951477;0,2761622965335846;0,011728767305612564
973;189,2212677001953;-292,7402648925781;67185,8359375;-48,85074234008789;251,9853515625;14,970396995544434;0,8513308763504028;0,27722984552383423;0,2800493538379669;0,01188789401203394
974;189,2212677001953;-292,7402648925781;67185,8359375;-50,410888671875;254,89208984375;14,88410758972168;0,8406509160995483;0,2758427858352661;0,2772265374660492;0,011687859892845154
975;189,2212677001953;-292,7402648925781;67185,8359375;-46,1876335144043;253,41656494140625;15,206647872924805;0,8424951434135437;0,2796417772769928;0,278664767742157;0,011748498305678368
976;189,2212677001953;-292,7402648925781;67185,8359375;-48,49272155761719;254,6973419189453;15,053834915161133;0,8406320214271545;0,2814674377441406;0,2786006033420563;0,011708933860063553
977;189,2212677001953;-292,7402648925781;67185,8359375;-40,109336853027344;253,26617431640625;15,42739486694336;0,8503236770629883;0,28838813304901123;0,282629132270813;0,011941180564463139
978;189,2212677001953;-292,7402648925781;67185,8359375;-45,65853500366211;254,6219940185547;15,704917907714844;0,8533543944358826;0,292106956243515;0,2840407192707062;0,01199353113770485
979;189,2212677001953;-292,7402648925781;67185,8359375;-40,863243103027344;256,990478515625;15,321470260620117;0,8275965452194214;0,28611060976982117;0,2757265269756317;0,011519353836774826
980;189,2212677001953;-292,7402648925781;67185,8359375;-37,45465087890625;255,45465087890625;15,991138458251953;0,850243866443634;0,29717740416526794;0,28378868103027344;0,011984370648860931
981;189,2212677001953;-292,7402648925781;67185,8359375;-42,043697357177734;256,665771484375;15,579401016235352;0,8572474718093872;0,30292463302612305;0,28632766008377075;0,012116062454879284
982;189,2212677001953;-292,7402648925781;67185,8359375;-44,34814453125;257,4383239746094;16,557464599609375;0,8567905426025391;0,3057602643966675;0,2864299714565277;0,012156549841165543
983;189,2212677001953;-292,7402648925781;67185,8359375;-39,46015548706055;259,5028991699219;16,64972496032715;0,8629350662231445;0,31148281693458557;0,2885536551475525;0,012282194569706917
984;189,2212677001953;-292,7402648925781;67185,8359375;-42,02910614013672;258,9708251953125;16,16450309753418;0,8487353324890137;0,31142091751098633;0,28373587131500244;0,011993417516350746
985;189,2212677001953;-292,7402648925781;67185,8359375;-51,78404998779297;256,890869140625;16,351749420166016;0,8372058272361755;0,30933892726898193;0,2799147367477417;0,011871007271111012
986;189,2212677001953;-292,7402648925781;67185,8359375;-48,70461654663086;256,8759765625;16,405529022216797;0,8517146110534668;0,3181780278682709;0,284651517868042;0,012167386710643768
987;189,2212677001953;-292,7402648925781;67185,8359375;-47,30851364135742;255,14231872558594;16,29290771484375;0,8237614035606384;0,3125794231891632;0,27514490485191345;0,011673880741000175
988;189,2212677001953;-292,7402648925781;67185,8359375;-46,34336471557617;256,9740905761719;16,256803512573242;0,8377318978309631;0,32000279426574707;0,279538094997406;0,01199119072407484
989;189,2212677001953;-292,7402648925781;67185,8359375;-47,494380950927734;255,7779998779297;16,15230369567871;0,8358708024024963;0,32433342933654785;0,2786484360694885;0,011977918446063995
990;189,2212677001953;-292,7402648925781;67185,8359375;-52,375267028808594;255,83953857421875;16,43747901916504;0,8300861120223999;0,32384419441223145;0,27626892924308777;0,011938567273318768
991;189,2212677001953;-292,7402648925781;67185,8359375;-53,16750717163086;255,49305725097656;16,109569549560547;0,8098594546318054;0,3204861581325531;0,26915451884269714;0,011602595448493958
992;189,2212677001953;-292,7402648925781;67185,8359375;-53,207130432128906;256,349853515625;16,106834411621094;0,8013431429862976;0,32345050573349;0,26601025462150574;0,011465543881058693
993;189,2212677001953;-292,7402648925781;67185,8359375;-47,47346496582031;255,00938415527344;16,0495548248291;0,8130896091461182;0,33037441968917847;0,2692972421646118;0,011744347400963306
994;189,2212677001953;-292,7402648925781;67185,8359375;-53,55022048950195;255,79595947265625;15,507966995239258;0,8128553628921509;0,33208489418029785;0,2685171365737915;0,011802959255874157
995;189,2212677001953;-292,7402648925781;67185,8359375;-52,15262222290039;256,8102722167969;15,435871124267578;0,7813953161239624;0,3289932906627655;0,2579824924468994;0,011225088499486446
996;189,2212677001953;-292,7402648925781;67185,8359375;-53,69695281982422;255,68067932128906;15,631647109985352;0,7683579921722412;0,32393595576286316;0,2528304159641266;0,011058760806918144
997;189,2212677001953;-292,7402648925781;67185,8359375;-50,169219970703125;256,98809814453125;14,751890182495117;0,772541880607605;0,32464689016342163;0,2531721591949463;0,01120881550014019
998;189,2212677001953;-292,7402648925781;67185,8359375;-54,48102951049805;254,69699096679688;14,539251327514648;0,758669912815094;0,3184283971786499;0,24760283529758453;0,01100026536732912
999;189,2212677001953;-292,7402648925781;67185,8359375;-58,82535934448242;253,02308654785156;14,963204383850098;0,7802212834358215;0,3339400887489319;0,2541438341140747;0,011466707102954388
1000;189,2212677001953;-292,7402648925781;67185,8359375;-57,770591735839844;252,03890991210938;14,47567367553711;0,7680937051773071;0,33342787623405457;0,24955466389656067;0,01129143126308918
1001;189,2212677001953;-292,7402648925781;67185,8359375;-57,97266387939453;250,6105194091797;14,525544166564941;0,7439060807228088;0,31811973452568054;0,24016804993152618;0,010874028317630291
1002;189,2212677001953;-292,7402648925781;67185,8359375;-55,729637145996094;250,7865447998047;14,388826370239258;0,7318689823150635;0,3219130039215088;0,23608098924160004;0,0107084009796381
1003;189,2212677001953;-292,7402648925781;67185,8359375;-52,505130767822266;249,7857208251953;14,280811309814453;0,7181366086006165;0,32148978114128113;0,2311667501926422;0,010499884374439716
1004;189,2212677001953;-292,7402648925781;67185,8359375;-55,349632263183594;246,08883666992188;13,928183555603027;0,722392737865448;0,32877543568611145;0,23204046487808228;0,010645593516528606
1005;189,2212677001953;-292,7402648925781;67185,8359375;-58,6513786315918;244,75363159179688;13,618143081665039;0,7110746502876282;0,32421547174453735;0,22741355001926422;0,010484506376087666
1006;189,2212677001953;-292,7402648925781;67185,8359375;-60,40874099731445;244,2470245361328;13,085333824157715;0,6938381791114807;0,31931596994400024;0,2212042510509491;0,010202493518590927
1007;189,2212677001953;-292,7402648925781;67185,8359375;-58,14707565307617;243,14671325683594;12,978131294250488;0,6876646280288696;0,3196396231651306;0,2185908555984497;0,010142582468688488
1008;189,2212677001953;-292,7402648925781;67185,8359375;-61,2556266784668;245,88421630859375;12,476747512817383;0,6746246814727783;0,3197200298309326;0,21420586109161377;0,009945559315383434
1009;189,2212677001953;-292,7402648925781;67185,8359375;-63,79196548461914;250,1998291015625;12,313006401062012;0,6654208302497864;0,3122492730617523;0,20995984971523285;0,009811476804316044
1010;189,2212677001953;-292,7402648925781;67185,8359375;-57,94889450073242;250,71932983398438;12,112215042114258;0,6494631171226501;0,30895334482192993;0,20454606413841248;0,009549285285174847
1011;189,2212677001953;-292,7402648925781;67185,8359375;-58,322879791259766;249,45606994628906;11,820452690124512;0,6308637261390686;0,3038017749786377;0,19831794500350952;0,009225421585142612
1012;189,2212677001953;-292,7402648925781;67185,8359375;-57,50449752807617;249,7625274658203;11,550525665283203;0,6059020757675171;0,2858239710330963;0,18891994655132294;0,008701883256435394
1013;189,2212677001953;-292,7402648925781;67185,8359375;-56,37214660644531;250,75006103515625;10,985936164855957;0,6195639967918396;0,2989507019519806;0,1932922750711441;0,009100890718400478
1014;189,2212677001953;-292,7402648925781;67185,8359375;-57,68110656738281;250,7334442138672;10,643509864807129;0,610500693321228;0,2983150780200958;0,19026467204093933;0,008978675119578838
1015;189,2212677001953;-292,7402648925781;67185,8359375;-61,02568435668945;249,24630737304688;10,259587287902832;0,5879008173942566;0,27966275811195374;0,1815534383058548;0,008469749242067337
1016;189,2212677001953;-292,7402648925781;67185,8359375;-58,483463287353516;250,61302185058594;10,176088333129883;0,582846462726593;0,28366392850875854;0,18028470873832703;0,008464193902909756
1017;189,2212677001953;-292,7402648925781;67185,8359375;-57,7900276184082;250,49156188964844;10,049577713012695;0,560326099395752;0,2724609673023224;0,17277765274047852;0,007988251745700836
1018;189,2212677001953;-292,7402648925781;67185,8359375;-57,36477279663086;250,0621795654297;9,307425498962402;0,5475279688835144;0,27037596702575684;0,16897784173488617;0,00777643546462059
1019;189,2212677001953;-292,7402648925781;67185,8359375;-57,54494094848633;249,72109985351562;9,5443696975708;0,5494322776794434;0,2668876349925995;0,1685478240251541;0,007830462418496609
1020;189,2212677001953;-292,7402648925781;67185,8359375;-57,53837585449219;250,89529418945312;8,917593955993652;0,5455169677734375;0,2707054615020752;0,16785036027431488;0,007854241877794266
1021;189,2212677001953;-292,7402648925781;67185,8359375;-52,640750885009766;251,6935577392578;8,798327445983887;0,5595815777778625;0,2747824788093567;0,17149008810520172;0,008225580677390099
1022;189,2212677001953;-292,7402648925781;67185,8359375;-52,86152648925781;251,29739379882812;8,810994148254395;0,532999575138092;0,26777029037475586;0,16404755413532257;0,007695395033806562
1023;189,2212677001953;-292,7402648925781;67185,8359375;-52,488494873046875;250,85806274414062;8,619230270385742;0,5409687757492065;0,266725093126297;0,16562798619270325;0,007899606600403786
1024;189,2212677001953;-292,7402648925781;67185,8359375;-49,77222442626953;252,22341918945312;8,313444137573242;0,5440787672996521;0,271160751581192;0,16695629060268402;0,00806891918182373
1025;189,2212677001953;-292,7402648925781;67185,8359375;-51,29887771606445;252,25636291503906;7,762295722961426;0,5371857285499573;0,26498955488204956;0,16444715857505798;0,00792793370783329
1026;189,2212677001953;-292,7402648925781;67185,8359375;-52,76315689086914;252,40985107421875;7,868350982666016;0,5077751278877258;0,26282593607902527;0,15739910304546356;0,007372601889073849
1027;189,2212677001953;-292,7402648925781;67185,8359375;-47,72090148925781;253,82737731933594;7,767159938812256;0,5023762583732605;0,2614978849887848;0,15609954297542572;0,007306722924113274
1028;189,2212677001953;-292,7402648925781;67185,8359375;-49,062950134277344;253,45761108398438;7,640166759490967;0,4895108938217163;0,2527625560760498;0,15199057757854462;0,007009610999375582
1029;189,2212677001953;-292,7402648925781;67185,8359375;-49,36879348754883;253,2624969482422;7,217533111572266;0,46819573640823364;0,2401597499847412;0,14538078010082245;0,00645731296390295
1030;189,2212677001953;-292,7402648925781;67185,8359375;-47,400943756103516;252,66969299316406;7,3156538009643555;0,45266395807266235;0,24210107326507568;0,14240731298923492;0,006201447919011116
1031;189,2212677001953;-292,7402648925781;67185,8359375;-45,65299606323242;253,1480712890625;7,339700698852539;0,4576215445995331;0,2396565079689026;0,14352451264858246;0,006348417140543461
1032;189,2212677001953;-292,7402648925781;67185,8359375;-45,857276916503906;253,16714477539062;6,941077709197998;0,45630893111228943;0,23919841647148132;0,14355909824371338;0,006375337950885296
1033;189,2212677001953;-292,7402648925781;67185,8359375;-44,59019088745117;252,7147979736328;6,848254203796387;0,4377019703388214;0,22910965979099274;0,13809525966644287;0,005877411458641291
1034;189,2212677001953;-292,7402648925781;67185,8359375;-42,56980514526367;253,26231384277344;7,142265796661377;0,4710511267185211;0,2456274926662445;0,14899684488773346;0,006897744257003069
1035;189,2212677001953;-292,7402648925781;67185,8359375;-41,57147979736328;253,10585021972656;7,306712627410889;0,4595848321914673;0,24169746041297913;0,14624188840389252;0,006655558943748474
1036;189,2212677001953;-292,7402648925781;67185,8359375;-38,52133560180664;252,6736297607422;7,125705242156982;0,44906604290008545;0,2285095453262329;0,14231820404529572;0,006315091159194708
1037;189,2212677001953;-292,7402648925781;67185,8359375;-36,25808334350586;253,40487670898438;7,04770040512085;0,4478289783000946;0,22231978178024292;0,14173156023025513;0,006236453074961901
1038;189,2212677001953;-292,7402648925781;67185,8359375;-36,619815826416016;253,59288024902344;6,995936870574951;0,44850581884384155;0,22781319916248322;0,14336565136909485;0,0064206779934465885
1039;189,2212677001953;-292,7402648925781;67185,8359375;-32,41411209106445;254,0291290283203;7,108795166015625;0,4337835907936096;0,22680801153182983;0,1402854174375534;0,0061211735010147095
1040;189,2212677001953;-292,7402648925781;67185,8359375;-35,135894775390625;253,5602569580078;7,180960178375244;0,45519617199897766;0,23318366706371307;0,14721718430519104;0,00675611337646842
1041;189,2212677001953;-292,7402648925781;67185,8359375;-30,574811935424805;253,9228973388672;7,45878267288208;0,4513384997844696;0,22984173893928528;0,14650985598564148;0,006686521228402853
1042;189,2212677001953;-292,7402648925781;67185,8359375;-29,674638748168945;253,09535217285156;7,5050506591796875;0,4352336525917053;0,2188490778207779;0,1416127234697342;0,006229534279555082
1043;189,2212677001953;-292,7402648925781;67185,8359375;-28,79135513305664;253,6083221435547;7,725125312805176;0,43063461780548096;0,22317121922969818;0,1417953222990036;0,006207530852407217
1044;189,2212677001953;-292,7402648925781;67185,8359375;-29,347021102905273;252,8602294921875;7,847384929656982;0,436383992433548;0,22403870522975922;0,14413131773471832;0,006405858788639307
1045;189,2212677001953;-292,7402648925781;67185,8359375;-24,6589412689209;254,41461181640625;8,021098136901855;0,41679272055625916;0,2124163806438446;0,1381567120552063;0,005850804504007101
1046;189,2212677001953;-292,7402648925781;67185,8359375;-27,766870498657227;253,0540313720703;8,274633407592773;0,422538697719574;0,2109755128622055;0,14018771052360535;0,00603355560451746
1047;189,2212677001953;-292,7402648925781;67185,8359375;-23,83754539489746;253,42965698242188;8,384056091308594;0,43181341886520386;0,2120031714439392;0,14352303743362427;0,006326683331280947
1048;189,2212677001953;-292,7402648925781;67185,8359375;-24,031099319458008;253,60659790039062;8,58498477935791;0,4202241897583008;0,2090364247560501;0,14074108004570007;0,006036908831447363
1049;189,2212677001953;-292,7402648925781;67185,8359375;-20,601530075073242;253,8641815185547;8,806242942810059;0,4286201596260071;0,20602448284626007;0,14333458244800568;0,006268600467592478
1050;189,2212677001953;-292,7402648925781;67185,8359375;-20,30609130859375;254,0843963623047;8,860077857971191;0,43563368916511536;0,20815350115299225;0,14623214304447174;0,006511876359581947
1051;189,2212677001953;-292,7402648925781;67185,8359375;-19,653226852416992;253,88980102539062;8,954689979553223;0,4268907606601715;0,20151425898075104;0,14366698265075684;0,006256668362766504
1052;189,2212677001953;-292,7402648925781;67185,8359375;-19,265310287475586;253,75193786621094;9,119128227233887;0,43637844920158386;0,2011886090040207;0,1469516009092331;0,0065245842561125755
1053;189,2212677001953;-292,7402648925781;67185,8359375;-17,922439575195312;254,24749755859375;9,368239402770996;0,43582287430763245;0,2031908929347992;0,1476583480834961;0,0065749515779316425
1054;189,2212677001953;-292,7402648925781;67185,8359375;-19,51556396484375;254,45919799804688;9,390022277832031;0,4427500069141388;0,2013857513666153;0,15003597736358643;0,0067657604813575745
1055;189,2212677001953;-292,7402648925781;67185,8359375;-15,593992233276367;255,61337280273438;9,871676445007324;0,43803566694259644;0,1962539106607437;0,14867287874221802;0,006616718135774136
1056;189,2212677001953;-292,7402648925781;67185,8359375;-13,50118350982666;255,26187133789062;9,558158874511719;0,43906378746032715;0,1963396817445755;0,14950324594974518;0,006681291852146387
1057;189,2212677001953;-292,7402648925781;67185,8359375;-16,83328628540039;255,8306427001953;10,115182876586914;0,4452706277370453;0,19575366377830505;0,15175214409828186;0,006855685263872147
1058;189,2212677001953;-292,7402648925781;67185,8359375;-15,969304084777832;257,1256103515625;9,892555236816406;0,4538695514202118;0,19622652232646942;0,15480224788188934;0,007094285916537046
1059;189,2212677001953;-292,7402648925781;67185,8359375;-14,497536659240723;256,0486145019531;10,150049209594727;0,4557909369468689;0,19442123174667358;0,15560589730739594;0,007136959116905928
1060;189,2212677001953;-292,7402648925781;67185,8359375;-12,609856605529785;256,368896484375;10,366517066955566;0,45537829399108887;0,19245503842830658;0,15564458072185516;0,007125011179596186
1061;189,2212677001953;-292,7402648925781;67185,8359375;-14,291759490966797;255,6291046142578;10,699090957641602;0,4457843005657196;0,18748416006565094;0,1525527685880661;0,0068564629182219505
1062;189,2212677001953;-292,7402648925781;67185,8359375;-14,53809642791748;255,4617462158203;10,47555923461914;0,4612528383731842;0,19104327261447906;0,15784183144569397;0,007282544393092394
1063;189,2212677001953;-292,7402648925781;67185,8359375;-12,37646770477295;256,6361083984375;10,942889213562012;0,4610951840877533;0,18903836607933044;0,15781067311763763;0,007257155608385801
1064;189,2212677001953;-292,7402648925781;67185,8359375;-13,750547409057617;255,20263671875;10,635483741760254;0,4666954576969147;0,18945935368537903;0,1597142517566681;0,007393122185021639
1065;189,2212677001953;-292,7402648925781;67185,8359375;-13,540877342224121;256,2255554199219;10,821574211120605;0,4708176255226135;0,1898808479309082;0,16105957329273224;0,007527520880103111
1066;189,2212677001953;-292,7402648925781;67185,8359375;-11,639739990234375;256,9937438964844;10,801695823669434;0,47279924154281616;0,18914303183555603;0,16162310540676117;0,007564633619040251
1067;189,2212677001953;-292,7402648925781;67185,8359375;-11,927339553833008;255,7486572265625;10,881653785705566;0,4712156653404236;0,18683047592639923;0,16079318523406982;0,007530243135988712
1068;189,2212677001953;-292,7402648925781;67185,8359375;-13,815550804138184;255,90469360351562;10,750908851623535;0,4871779680252075;0,19229590892791748;0,1661873757839203;0,007930207066237926
1069;189,2212677001953;-292,7402648925781;67185,8359375;-8,851792335510254;254,66339111328125;10,541801452636719;0,4877150058746338;0,1914476752281189;0,16611775755882263;0,007919159717857838
1070;189,2212677001953;-292,7402648925781;67185,8359375;-9,582369804382324;254,23056030273438;10,663422584533691;0,5012540817260742;0,19589075446128845;0,1704322099685669;0,008276431821286678
1071;189,2212677001953;-292,7402648925781;67185,8359375;-4,954206943511963;253,9205780029297;10,564884185791016;0,5030751824378967;0,19619311392307281;0,1707552820444107;0,008289678953588009
1072;189,2212677001953;-292,7402648925781;67185,8359375;-6,461219787597656;253,88967895507812;10,548685073852539;0,5035053491592407;0,1955077052116394;0,1704559326171875;0,008276194334030151
1073;189,2212677001953;-292,7402648925781;67185,8359375;-8,976290702819824;252,9561004638672;10,505233764648438;0,5204615592956543;0,20226523280143738;0,17583172023296356;0,00870802253484726
1074;189,2212677001953;-292,7402648925781;67185,8359375;-10,742609977722168;251,7851104736328;10,321640968322754;0,5133403539657593;0,1963978409767151;0,17250114679336548;0,008503902703523636
1075;189,2212677001953;-292,7402648925781;67185,8359375;-7,882344722747803;251,46824645996094;10,286260604858398;0,5177880525588989;0,19822335243225098;0,1734945923089981;0,008586443960666656
1076;189,2212677001953;-292,7402648925781;67185,8359375;-9,62116813659668;250,32626342773438;10,103111267089844;0,5280172228813171;0,20342320203781128;0,17651398479938507;0,008818158879876137
1077;189,2212677001953;-292,7402648925781;67185,8359375;-14,74514102935791;251,42709350585938;10,213894844055176;0,5378824472427368;0,2016390562057495;0,17834441363811493;0,009048336185514927
1078;189,2212677001953;-292,7402648925781;67185,8359375;-10,649904251098633;249,85191345214844;9,988154411315918;0,5401279330253601;0,20079036056995392;0,17812886834144592;0,009060203097760677
1079;189,2212677001953;-292,7402648925781;67185,8359375;-13,067158699035645;246,4142303466797;9,839167594909668;0,51492840051651;0,19904087483882904;0,17015518248081207;0,008317692205309868
1080;189,2212677001953;-292,7402648925781;67185,8359375;-11,946022987365723;246,1201171875;9,66161823272705;0,5406534671783447;0,19924026727676392;0,17645719647407532;0,008981200866401196
1081;189,2212677001953;-292,7402648925781;67185,8359375;-11,624232292175293;246,26312255859375;9,463787078857422;0,5274651646614075;0,1954198181629181;0,17144756019115448;0,008593311533331871
1082;189,2212677001953;-292,7402648925781;67185,8359375;-9,771221160888672;246,16278076171875;9,272972106933594;0,5439746379852295;0,20254594087600708;0,17603904008865356;0,008981856517493725
1083;189,2212677001953;-292,7402648925781;67185,8359375;-0,07666545361280441;243,34375;9,389083862304688;0,5380054712295532;0,18760892748832703;0,17143969237804413;0,008690030314028263
1084;189,2212677001953;-292,7402648925781;67185,8359375;-5,405604839324951;242,0856170654297;9,285329818725586;0,55632084608078;0,20200401544570923;0,17735233902931213;0,009171185083687305
1085;189,2212677001953;-292,7402648925781;67185,8359375;-6,78834867477417;241,56898498535156;8,999492645263672;0,5445409417152405;0,19157704710960388;0,1717553734779358;0,008774779736995697
1086;189,2212677001953;-292,7402648925781;67185,8359375;6,61793327331543;242,80572509765625;9,0518159866333;0,5630456805229187;0,2017211616039276;0,17702694237232208;0,00921291671693325
1087;189,2212677001953;-292,7402648925781;67185,8359375;1,6211886405944824;241,7815399169922;8,802838325500488;0,5671563744544983;0,1958446502685547;0,17624257504940033;0,009193011559545994
1088;189,2212677001953;-292,7402648925781;67185,8359375;8,941421508789062;240,9307861328125;8,345330238342285;0,5752888321876526;0,19574254751205444;0,1772741824388504;0,009302893653512001
1089;189,2212677001953;-292,7402648925781;67185,8359375;3,1202352046966553;237,48081970214844;8,2970609664917;0,5848614573478699;0,19774667918682098;0,17893069982528687;0,009460262022912502
1090;189,2212677001953;-292,7402648925781;67185,8359375;2,4151089191436768;241,12461853027344;8,15219783782959;0,5775922536849976;0,19877484440803528;0,17607292532920837;0,009267015382647514
1091;189,2212677001953;-292,7402648925781;67185,8359375;0,3527703881263733;241,7370147705078;7,830475807189941;0,5963526964187622;0,20620523393154144;0,18080192804336548;0,009660094045102596
1092;189,2212677001953;-292,7402648925781;67185,8359375;-1,1145682334899902;241,61929321289062;7,45750617980957;0,5882598757743835;0,19882294535636902;0,17663028836250305;0,009362350217998028
1093;189,2212677001953;-292,7402648925781;67185,8359375;-4,971617221832275;241,9261932373047;7,591028690338135;0,5911782383918762;0,19846861064434052;0,17625434696674347;0,009354732930660248
1094;189,2212677001953;-292,7402648925781;67185,8359375;-0,9676323533058167;241,14341735839844;7,251324653625488;0,6003351211547852;0,2070288062095642;0,17869654297828674;0,009557073935866356
1095;189,2212677001953;-292,7402648925781;67185,8359375;-7,244268417358398;241,86026000976562;7,115641117095947;0,6114835143089294;0,21217529475688934;0,18117770552635193;0,009761170484125614
1096;189,2212677001953;-292,7402648925781;67185,8359375;-5,859967231750488;240,87986755371094;6,843655586242676;0,6196408271789551;0,2144010215997696;0,18252314627170563;0,00987598393112421
1097;189,2212677001953;-292,7402648925781;67185,8359375;-9,703660011291504;239,7624053955078;6,78838586807251;0,6102868914604187;0,20477434992790222;0,17794060707092285;0,009534881450235844
1098;189,2212677001953;-292,7402648925781;67185,8359375;-3,605402708053589;241,93678283691406;6,784649848937988;0,6202397346496582;0,21902760863304138;0,18154866993427277;0,009789868257939816
1099;189,2212677001953;-292,7402648925781;67185,8359375;0,6155945062637329;240,8732452392578;6,901037693023682;0,6471903920173645;0,2194720357656479;0,18727852404117584;0,010247815400362015
1100;189,2212677001953;-292,7402648925781;67185,8359375;-1,7192224264144897;240,0355682373047;6,585708141326904;0,63387131690979;0,21370944380760193;0,1824972927570343;0,00987260416150093
1101;189,2212677001953;-292,7402648925781;67185,8359375;-2,486640691757202;239,250244140625;6,344449996948242;0,6323209404945374;0,21670083701610565;0,18189676105976105;0,009801964275538921
1102;189,2212677001953;-292,7402648925781;67185,8359375;-4,90764045715332;239,07742309570312;6,366196632385254;0,6597049236297607;0,21467699110507965;0,18751809000968933;0,010221782140433788
1103;189,2212677001953;-292,7402648925781;67185,8359375;-11,410198211669922;241,2123260498047;6,242579936981201;0,6540141105651855;0,21366970241069794;0,18550267815589905;0,010041601024568081
1104;189,2212677001953;-292,7402648925781;67185,8359375;-9,123514175415039;238,4083251953125;6,3600029945373535;0,6786078214645386;0,21697105467319489;0,1913660615682602;0,010444879531860352
1105;189,2212677001953;-292,7402648925781;67185,8359375;-4,211889743804932;241,48548889160156;6,520602226257324;0,6735150814056396;0,20753896236419678;0,18850356340408325;0,010181007906794548
1106;189,2212677001953;-292,7402648925781;67185,8359375;-15,998250007629395;236,14035034179688;6,86085844039917;0,6895223259925842;0,2088419497013092;0,1922411024570465;0,01040040235966444
1107;189,2212677001953;-292,7402648925781;67185,8359375;-4,535539627075195;239,23114013671875;6,698221683502197;0,6940124034881592;0,20546898245811462;0,19271206855773926;0,01036690454930067
1108;189,2212677001953;-292,7402648925781;67185,8359375;-5,509904861450195;246,13011169433594;6,564745903015137;0,6884153485298157;0,21026434004306793;0,19199341535568237;0,010272333398461342
1109;189,2212677001953;-292,7402648925781;67185,8359375;-25,918807983398438;237,9912872314453;7,011678695678711;0,7130128145217896;0,20870226621627808;0,19770026206970215;0,010588848032057285
1110;189,2212677001953;-292,7402648925781;67185,8359375;-12,039117813110352;245,2927703857422;6,764786720275879;0,7127018570899963;0,2083800733089447;0,197761669754982;0,010518288239836693
1111;189,2212677001953;-292,7402648925781;67185,8359375;-2,2035748958587646;245,97854614257812;6,915342807769775;0,7496421337127686;0,22310864925384521;0,2088349312543869;0,011227330192923546
1112;189,2212677001953;-292,7402648925781;67185,8359375;-19,780193328857422;242,32501220703125;6,955039978027344;0,7410041689872742;0,21447229385375977;0,2060249298810959;0,010919161140918732
1113;189,2212677001953;-292,7402648925781;67185,8359375;-20,90311050415039;241,28155517578125;6,775877952575684;0,7414111495018005;0,2140779048204422;0,20657774806022644;0,010860810056328773
1114;189,2212677001953;-292,7402648925781;67185,8359375;-19,060346603393555;243,28164672851562;7,3466081619262695;0,7463399767875671;0,2242175042629242;0,20971940457820892;0,01100904867053032
1115;189,2212677001953;-292,7402648925781;67185,8359375;-1,5392029285430908;243,9705047607422;7,370423793792725;0,7652623057365417;0,21691520512104034;0,21404677629470825;0,011142739094793797
1116;189,2212677001953;-292,7402648925781;67185,8359375;-19,72528648376465;239,47695922851562;7,462583541870117;0,7596920728683472;0,2139190286397934;0,21311700344085693;0,010962124913930893
1117;189,2212677001953;-292,7402648925781;67185,8359375;-10,205597877502441;240,94564819335938;7,739745140075684;0,7685317993164062;0,22499287128448486;0,2176114171743393;0,01118815504014492
1118;189,2212677001953;-292,7402648925781;67185,8359375;-32,39078140258789;240,58108520507812;7,737264633178711;0,7644368410110474;0,22405225038528442;0,21746142208576202;0,011060100980103016
1119;189,2212677001953;-292,7402648925781;67185,8359375;-30,722824096679688;240,82565307617188;7,91475772857666;0,7598409652709961;0,2186066061258316;0,21666324138641357;0,010866998694837093
1120;189,2212677001953;-292,7402648925781;67185,8359375;-26,30215835571289;239,07278442382812;8,385855674743652;0,7828860282897949;0,21355420351028442;0,22290804982185364;0,011076763272285461
1121;189,2212677001953;-292,7402648925781;67185,8359375;-17,050209045410156;240,2780303955078;8,641865730285645;0,7735217213630676;0,22437351942062378;0,22310887277126312;0,011044506914913654
1122;189,2212677001953;-292,7402648925781;67185,8359375;-32,29085922241211;235,01437377929688;8,787822723388672;0,7835649251937866;0,22303150594234467;0,22671234607696533;0,011122633703052998
1123;189,2212677001953;-292,7402648925781;67185,8359375;-32,94691848754883;239,2043914794922;8,944415092468262;0,8004259467124939;0,23340070247650146;0,23362112045288086;0,011458702385425568
1124;189,2212677001953;-292,7402648925781;67185,8359375;-14,813386917114258;242,01821899414062;9,481261253356934;0,8036536574363708;0,2412211000919342;0,23681707680225372;0,011560437269508839
1125;189,2212677001953;-292,7402648925781;67185,8359375;-29,926563262939453;236,97543334960938;9,84150218963623;0,7906743884086609;0,23566941916942596;0,2341388314962387;0,011254020035266876
1126;189,2212677001953;-292,7402648925781;67185,8359375;-28,22495460510254;237,58175659179688;9,911698341369629;0,8296329975128174;0,2267846316099167;0,24455344676971436;0,01161634549498558
1127;189,2212677001953;-292,7402648925781;67185,8359375;-19,045543670654297;237,95750427246094;10,062700271606445;0,8132485747337341;0,2265641987323761;0,24168065190315247;0,011347651481628418
1128;189,2212677001953;-292,7402648925781;67185,8359375;-33,072540283203125;235,2212371826172;10,319581031799316;0,8488287925720215;0,24912481009960175;0,25534504652023315;0,01212355401366949
1129;189,2212677001953;-292,7402648925781;67185,8359375;-17,345571517944336;239,07485961914062;10,689202308654785;0,8335410356521606;0,23885725438594818;0,2514851987361908;0,01171884499490261
1130;189,2212677001953;-292,7402648925781;67185,8359375;-9,863536834716797;244,37591552734375;11,074136734008789;0,8325754404067993;0,2398112416267395;0,2528078556060791;0,011676094494760036
1131;189,2212677001953;-292,7402648925781;67185,8359375;-15,981961250305176;239,286865234375;11,303556442260742;0,841292679309845;0,2414856255054474;0,2568042576313019;0,011771219782531261
1132;189,2212677001953;-292,7402648925781;67185,8359375;-28,49310874938965;238,20770263671875;11,487217903137207;0,8719033002853394;0,2537079155445099;0,2680647671222687;0,012318243272602558
1133;189,2212677001953;-292,7402648925781;67185,8359375;-13,255131721496582;242,46038818359375;11,717531204223633;0,8519026041030884;0,2488362044095993;0,26344960927963257;0,01193884015083313
1134;189,2212677001953;-292,7402648925781;67185,8359375;-11,91047477722168;241,2750701904297;11,875970840454102;0,8469634056091309;0,24786102771759033;0,2633463442325592;0,011814847588539124
1135;189,2212677001953;-292,7402648925781;67185,8359375;-31,14268684387207;237,13673400878906;12,156779289245605;0,8399753570556641;0,2516385316848755;0,2632456123828888;0,011748958379030228
1136;189,2212677001953;-292,7402648925781;67185,8359375;-22,14144515991211;239,2593994140625;12,42957878112793;0,8351308107376099;0,2491375356912613;0,26283496618270874;0,011601869948208332
1137;189,2212677001953;-292,7402648925781;67185,8359375;-35,073341369628906;237,64984130859375;12,656956672668457;0,849865734577179;0,2563363015651703;0,2690613269805908;0,011867707595229149
1138;189,2212677001953;-292,7402648925781;67185,8359375;-27,5001163482666;239,4639129638672;12,746344566345215;0,8491895794868469;0,25920218229293823;0,27041757106781006;0,011868593282997608
1139;189,2212677001953;-292,7402648925781;67185,8359375;-24,49160385131836;239,6615753173828;13,169023513793945;0,8438178300857544;0,2579944133758545;0,26983556151390076;0,011736947111785412
1140;189,2212677001953;-292,7402648925781;67185,8359375;-34,68882369995117;239,95132446289062;13,309327125549316;0,850322961807251;0,26009321212768555;0,2729267179965973;0,011803115718066692
1141;189,2212677001953;-292,7402648925781;67185,8359375;-41,259212493896484;237,88018798828125;13,251534461975098;0,8693549633026123;0,2687050700187683;0,28037747740745544;0,012142563238739967
1142;189,2212677001953;-292,7402648925781;67185,8359375;-43,20379638671875;236,159423828125;13,509793281555176;0,8452928066253662;0,26426973938941956;0,2738932967185974;0,011736948974430561
1143;189,2212677001953;-292,7402648925781;67185,8359375;-38,6515998840332;239,3719940185547;13,71364974975586;0,8408364653587341;0,2673066258430481;0,2738822102546692;0,011709446087479591
1144;189,2212677001953;-292,7402648925781;67185,8359375;-35,96024703979492;240,11911010742188;14,252354621887207;0,8486542105674744;0,2690756320953369;0,2769383490085602;0,011767104268074036
1145;189,2212677001953;-292,7402648925781;67185,8359375;-47,10038757324219;237,59197998046875;14,070322036743164;0,8398194909095764;0,27183642983436584;0,2755458652973175;0,011702748946845531
1146;189,2212677001953;-292,7402648925781;67185,8359375;-42,38013458251953;241,5393829345703;14,6571044921875;0,8432046175003052;0,2747359871864319;0,2774049937725067;0,011749247089028358
1147;189,2212677001953;-292,7402648925781;67185,8359375;-41,70743942260742;240,79208374023438;14,880741119384766;0,8457950353622437;0,2777610421180725;0,27897143363952637;0,011787600815296173
1148;189,2212677001953;-292,7402648925781;67185,8359375;-45,709529876708984;240,50550842285156;15,051684379577637;0,8420701026916504;0,2795652151107788;0,278539776802063;0,011743910610675812
1149;189,2212677001953;-292,7402648925781;67185,8359375;-50,516944885253906;238,02151489257812;14,998331069946289;0,8337851166725159;0,2790696918964386;0,27630266547203064;0,011582056991755962
1150;189,2212677001953;-292,7402648925781;67185,8359375;-38,821224212646484;241,15512084960938;15,009003639221191;0,8446224331855774;0,28612789511680603;0,28062260150909424;0,011818572878837585
1151;189,2212677001953;-292,7402648925781;67185,8359375;-40,998016357421875;242,53021240234375;15,179418563842773;0,8554596304893494;0,29284656047821045;0,28475266695022583;0,012033438310027122
1152;189,2212677001953;-292,7402648925781;67185,8359375;-39,30294418334961;243,05621337890625;15,231931686401367;0,8316435217857361;0,28753116726875305;0,2771108150482178;0,01159929484128952
1153;189,2212677001953;-292,7402648925781;67185,8359375;-32,683143615722656;244,27857971191406;15,82450008392334;0,8566960096359253;0,29944753646850586;0,2858910858631134;0,012086666189134121
1154;189,2212677001953;-292,7402648925781;67185,8359375;-37,372657775878906;242,2463836669922;15,422980308532715;0,843269407749176;0,29810023307800293;0,2816060185432434;0,011851281858980656
1155;189,2212677001953;-292,7402648925781;67185,8359375;-44,37458419799805;243,33047485351562;16,32377815246582;0,8462705016136169;0,30180466175079346;0,28295081853866577;0,011980153620243073
1156;189,2212677001953;-292,7402648925781;67185,8359375;-38,46125793457031;243,3792266845703;16,665494918823242;0,859921932220459;0,3106553852558136;0,2875177562236786;0,012216014787554741
1157;189,2212677001953;-292,7402648925781;67185,8359375;-45,77593994140625;242,32891845703125;15,6028470993042;0,8512964844703674;0,31218087673187256;0,2846011221408844;0,012046214193105698
1158;189,2212677001953;-292,7402648925781;67185,8359375;-48,55466842651367;240,80252075195312;15,979331970214844;0,8241110444068909;0,3043912351131439;0,2755393385887146;0,011637553572654724
1159;189,2212677001953;-292,7402648925781;67185,8359375;-48,68128967285156;240,6693572998047;15,921111106872559;0,8519953489303589;0,3175342381000519;0,2847481369972229;0,012187749147415161
1160;189,2212677001953;-292,7402648925781;67185,8359375;-49,00885009765625;242,31558227539062;16,10573387145996;0,8218028545379639;0,3116399943828583;0,27448856830596924;0,011642237193882465
1161;189,2212677001953;-292,7402648925781;67185,8359375;-45,98018264770508;242,207275390625;15,849383354187012;0,838979184627533;0,3200691342353821;0,2799447774887085;0,012019431218504906
1162;189,2212677001953;-292,7402648925781;67185,8359375;-41,28817367553711;243,00787353515625;15,534732818603516;0,8265646696090698;0,3209441602230072;0,2755550742149353;0,011806203983724117
1163;189,2212677001953;-292,7402648925781;67185,8359375;-42,26938247680664;243,58734130859375;16,12236213684082;0,8343406319618225;0,3267594575881958;0,2777421474456787;0,012002133764326572
1164;189,2212677001953;-292,7402648925781;67185,8359375;-51,40027618408203;240,64308166503906;16,106998443603516;0,8034034967422485;0,31919601559638977;0,2670762538909912;0,011471452191472054
1165;189,2212677001953;-292,7402648925781;67185,8359375;-45,516334533691406;240,7223663330078;15,757111549377441;0,8109829425811768;0,32724231481552124;0,2692055404186249;0,011642923578619957
1166;189,2212677001953;-292,7402648925781;67185,8359375;-53,641056060791016;240,56822204589844;15,414790153503418;0,8065670132637024;0,3281041383743286;0,26716378331184387;0,011621128767728806
1167;189,2212677001953;-292,7402648925781;67185,8359375;-48,40569305419922;239,03907775878906;14,78197956085205;0,8184840679168701;0,33373162150382996;0,27033403515815735;0,011910530738532543
1168;189,2212677001953;-292,7402648925781;67185,8359375;-47,38935089111328;241,66476440429688;15,03619384765625;0,7865418195724487;0,32846173644065857;0,25948187708854675;0,011342690326273441
1169;189,2212677001953;-292,7402648925781;67185,8359375;-51,78450393676758;239,35264587402344;15,061960220336914;0,7714974284172058;0,3269946873188019;0,2540026009082794;0,011106552556157112
1170;189,2212677001953;-292,7402648925781;67185,8359375;-51,578025817871094;240,64224243164062;14,808534622192383;0,7789632678031921;0,32831525802612305;0,2553582191467285;0,011327612213790417
1171;189,2212677001953;-292,7402648925781;67185,8359375;-51,36229705810547;240,39035034179688;14,464471817016602;0,7692229151725769;0,3215029537677765;0,25093314051628113;0,011202018707990646
1172;189,2212677001953;-292,7402648925781;67185,8359375;-54,8525505065918;239,83534240722656;14,465166091918945;0,7753100991249084;0,3347271680831909;0,2528078556060791;0,011367270722985268
1173;189,2212677001953;-292,7402648925781;67185,8359375;-55,054508209228516;239,09283447265625;14,196867942810059;0,7750638127326965;0,33400148153305054;0,2515914738178253;0,011427069082856178
1174;189,2212677001953;-292,7402648925781;67185,8359375;-53,1094970703125;239,02395629882812;14,434477806091309;0,7478707432746887;0,3211698532104492;0,24157993495464325;0,010955295525491238
1175;189,2212677001953;-292,7402648925781;67185,8359375;-54,031070709228516;238,70297241210938;14,026114463806152;0,7443457245826721;0,32863131165504456;0,24023152887821198;0,010952888056635857
1176;189,2212677001953;-292,7402648925781;67185,8359375;-54,138553619384766;236,87876892089844;13,94884204864502;0,7137556672096252;0,3218116760253906;0,22999852895736694;0,010412847623229027
1177;189,2212677001953;-292,7402648925781;67185,8359375;-53,260498046875;236,07655334472656;13,505072593688965;0,7252721190452576;0,3297766447067261;0,23293399810791016;0,010702362284064293
1178;189,2212677001953;-292,7402648925781;67185,8359375;-58,71614074707031;235,6002960205078;13,284449577331543;0,7009531259536743;0,32297632098197937;0,22455573081970215;0,010283037088811398
1179;189,2212677001953;-292,7402648925781;67185,8359375;-54,5410270690918;235,4644012451172;12,926706314086914;0,6987990736961365;0,3233439028263092;0,22298793494701385;0,010303869843482971
1180;189,2212677001953;-292,7402648925781;67185,8359375;-56,22909164428711;234,83404541015625;12,792251586914062;0,6944350004196167;0,322426438331604;0,22070278227329254;0,010279287584125996
1181;189,2212677001953;-292,7402648925781;67185,8359375;-57,36208724975586;233,64181518554688;12,221578598022461;0,6744565963745117;0,3193487823009491;0,21411897242069244;0,00994180515408516
1182;189,2212677001953;-292,7402648925781;67185,8359375;-59,07535934448242;231,3971405029297;12,140578269958496;0,6659711003303528;0,31354475021362305;0,21026283502578735;0,00982576422393322
1183;189,2212677001953;-292,7402648925781;67185,8359375;-54,65163040161133;234,0837860107422;11,726460456848145;0,6396939754486084;0,3040449023246765;0,20143815875053406;0,009341574274003506
1184;189,2212677001953;-292,7402648925781;67185,8359375;-52,57577896118164;233,4235076904297;11,40332317352295;0,622660756111145;0,29820024967193604;0,19552792608737946;0,009042699821293354
1185;189,2212677001953;-292,7402648925781;67185,8359375;-53,32513427734375;232,71998596191406;11,210182189941406;0,6147111058235168;0,28973373770713806;0,1916365772485733;0,008896185085177422
1186;189,2212677001953;-292,7402648925781;67185,8359375;-53,1253662109375;232,70945739746094;10,58475112915039;0,6085205674171448;0,2884519398212433;0,18916521966457367;0,008823739364743233
1187;189,2212677001953;-292,7402648925781;67185,8359375;-52,36520767211914;232,40347290039062;10,263402938842773;0,5993088483810425;0,29033195972442627;0,18643701076507568;0,008716273121535778
1188;189,2212677001953;-292,7402648925781;67185,8359375;-59,8509407043457;229,90533447265625;9,765087127685547;0,5811150670051575;0,2744521200656891;0,1791924685239792;0,008290492929518223
1189;189,2212677001953;-292,7402648925781;67185,8359375;-53,426883697509766;230,99310302734375;9,664271354675293;0,575066864490509;0,27955713868141174;0,17783504724502563;0,008281092159450054
1190;189,2212677001953;-292,7402648925781;67185,8359375;-52,21303176879883;230,6315460205078;9,535170555114746;0,5685455203056335;0,2748107612133026;0,17508277297019958;0,008167663589119911
1191;189,2212677001953;-292,7402648925781;67185,8359375;-55,42861557006836;229,35105895996094;8,791036605834961;0,5625737309455872;0,2737957239151001;0,1730513721704483;0,008099821396172047
1192;189,2212677001953;-292,7402648925781;67185,8359375;-52,65072250366211;229,11802673339844;8,953755378723145;0,5531793236732483;0,2665187418460846;0,16938689351081848;0,007895681075751781
1193;189,2212677001953;-292,7402648925781;67185,8359375;-53,035701751708984;229,60301208496094;8,461838722229004;0,539038896560669;0,2646559774875641;0,16544561088085175;0,007662724703550339
1194;189,2212677001953;-292,7402648925781;67185,8359375;-48,27914047241211;230,00131225585938;8,251193046569824;0,561430037021637;0,2749592363834381;0,17195069789886475;0,0082625737413764
1195;189,2212677001953;-292,7402648925781;67185,8359375;-47,54787826538086;229,66468811035156;8,219025611877441;0,5436727404594421;0,27535539865493774;0,16766543686389923;0,00797699112445116
1196;189,2212677001953;-292,7402648925781;67185,8359375;-48,96842956542969;227,94874572753906;7,98390007019043;0,5509436726570129;0,2736119329929352;0,1689741462469101;0,008166708052158356
1197;189,2212677001953;-292,7402648925781;67185,8359375;-45,99268341064453;227,17747497558594;7,751310348510742;0,5423517227172852;0,2661522626876831;0,16580919921398163;0,007979560643434525
1198;189,2212677001953;-292,7402648925781;67185,8359375;-46,54903793334961;225,54278564453125;7,155697822570801;0,5380166172981262;0,26813265681266785;0,16511018574237823;0,007979745045304298
1199;189,2212677001953;-292,7402648925781;67185,8359375;-48,18214416503906;223,62545776367188;7,237367153167725;0,508577823638916;0,26031893491744995;0,1571974903345108;0,007366045378148556
1200;189,2212677001953;-292,7402648925781;67185,8359375;-43,28456497192383;222,9208984375;7,058312892913818;0,4961686134338379;0,2567807734012604;0,15393972396850586;0,007131303194910288
1201;189,2212677001953;-292,7402648925781;67185,8359375;-43,831687927246094;221,37371826171875;6,8539228439331055;0,48913440108299255;0,2556004226207733;0,15234436094760895;0,0070294784381985664
1202;189,2212677001953;-292,7402648925781;67185,8359375;-43,801513671875;219,62384033203125;6,358321666717529;0,47372570633888245;0,2456175982952118;0,14750240743160248;0,006650920957326889
1203;189,2212677001953;-292,7402648925781;67185,8359375;-41,586971282958984;218,0879669189453;6,540177345275879;0,4654596149921417;0,24474824965000153;0,14577101171016693;0,006521211471408606
1204;189,2212677001953;-292,7402648925781;67185,8359375;-41,14223861694336;218,81527709960938;6,4724955558776855;0,47141844034194946;0,24149540066719055;0,1470179557800293;0,006672387942671776
1205;189,2212677001953;-292,7402648925781;67185,8359375;-40,46137619018555;219,0526580810547;6,203244209289551;0,4524278938770294;0,24261009693145752;0,14319127798080444;0,006318827159702778
1206;189,2212677001953;-292,7402648925781;67185,8359375;-40,15993881225586;218,67576599121094;5,983968734741211;0,45106762647628784;0,23379534482955933;0,14195427298545837;0,006248357705771923
1207;189,2212677001953;-292,7402648925781;67185,8359375;-37,218849182128906;219,6195526123047;6,292799949645996;0,47251540422439575;0,2492137998342514;0,1498950868844986;0,006959317717701197
1208;189,2212677001953;-292,7402648925781;67185,8359375;-36,214656829833984;219,59622192382812;6,40166711807251;0,46387821435928345;0,24511300027370453;0,1477854996919632;0,006782956421375275
1209;189,2212677001953;-292,7402648925781;67185,8359375;-32,9528694152832;219,10366821289062;6,272813320159912;0,4581598937511444;0,23390193283557892;0,1453132927417755;0,006596903316676617
1210;189,2212677001953;-292,7402648925781;67185,8359375;-31,644235610961914;219,9021453857422;6,159823417663574;0,44741231203079224;0,22408615052700043;0,1418876200914383;0,006265152711421251
1211;189,2212677001953;-292,7402648925781;67185,8359375;-30,564727783203125;220,4303741455078;6,066704273223877;0,4343675673007965;0,22443263232707977;0,13940952718257904;0,006047842092812061
1212;189,2212677001953;-292,7402648925781;67185,8359375;-27,920875549316406;220,19850158691406;6,440292835235596;0,4470043480396271;0,23610465228557587;0,14491795003414154;0,006520542781800032
1213;189,2212677001953;-292,7402648925781;67185,8359375;-28,719263076782227;220,7371368408203;6,361917018890381;0,45707857608795166;0,22975008189678192;0,14718610048294067;0,006762735545635223
1214;189,2212677001953;-292,7402648925781;67185,8359375;-25,59928321838379;220,6441192626953;6,58489990234375;0,44193175435066223;0,2207656353712082;0,14284008741378784;0,006351353134959936
1215;189,2212677001953;-292,7402648925781;67185,8359375;-25,421138763427734;219,5521240234375;6,6518168449401855;0,42423340678215027;0,21795083582401276;0,13869540393352509;0,005951559171080589
1216;189,2212677001953;-292,7402648925781;67185,8359375;-23,25227928161621;220,91033935546875;6,884287357330322;0,4384631812572479;0,22348128259181976;0,14383584260940552;0,006414348259568214
1217;189,2212677001953;-292,7402648925781;67185,8359375;-23,99869728088379;219,92269897460938;6,985626697540283;0,4353967607021332;0,22046084702014923;0,1433720886707306;0,0063589029014110565
1218;189,2212677001953;-292,7402648925781;67185,8359375;-20,18250274658203;221,1923370361328;7,204758167266846;0,42305636405944824;0,21390540897846222;0,13999471068382263;0,006029636599123478
1219;189,2212677001953;-292,7402648925781;67185,8359375;-22,304197311401367;220,3419647216797;7,403070449829102;0,4299253523349762;0,2147311419248581;0,14264598488807678;0,006260154768824577
1220;189,2212677001953;-292,7402648925781;67185,8359375;-19,171052932739258;220,83242797851562;7,476659297943115;0,4303290545940399;0,21143148839473724;0,14304886758327484;0,006283021066337824
1221;189,2212677001953;-292,7402648925781;67185,8359375;-18,462158203125;221,06564331054688;7,766900539398193;0,4152700901031494;0,20768402516841888;0,13922688364982605;0,005890518426895142
1222;189,2212677001953;-292,7402648925781;67185,8359375;-16,104228973388672;220,7364501953125;7,812828063964844;0,42745116353034973;0,20618443191051483;0,143032968044281;0,006241534370929003
1223;189,2212677001953;-292,7402648925781;67185,8359375;-14,51038932800293;219,6278839111328;8,012835502624512;0,42779743671417236;0,20594890415668488;0,14379243552684784;0,006289094686508179
1224;189,2212677001953;-292,7402648925781;67185,8359375;-13,919008255004883;218,23757934570312;7,966458320617676;0,42391979694366455;0,20020972192287445;0,1426776796579361;0,0061645470559597015
1225;189,2212677001953;-292,7402648925781;67185,8359375;-13,429574966430664;216,91038513183594;8,18873405456543;0,43580755591392517;0,20118196308612823;0,14678733050823212;0,006511292420327663
1226;189,2212677001953;-292,7402648925781;67185,8359375;-12,320798873901367;216,3623504638672;8,514154434204102;0,4358072876930237;0,20318268239498138;0,14765232801437378;0,00657448498532176
1227;189,2212677001953;-292,7402648925781;67185,8359375;-13,754992485046387;215,65138244628906;8,452839851379395;0,4361724257469177;0,19937069714069366;0,14791494607925415;0,006579362787306309
1228;189,2212677001953;-292,7402648925781;67185,8359375;-8,837873458862305;216,07569885253906;8,800039291381836;0,44465166330337524;0,19966965913772583;0,1509660929441452;0,006825633347034454
1229;189,2212677001953;-292,7402648925781;67185,8359375;-7,505138397216797;215,4665985107422;8,723092079162598;0,4407537281513214;0,19754120707511902;0,150124654173851;0,0067368983291089535
1230;189,2212677001953;-292,7402648925781;67185,8359375;-10,332836151123047;215,8253173828125;9,148052215576172;0,44684669375419617;0,195754736661911;0,1522202342748642;0,00689142569899559
1231;189,2212677001953;-292,7402648925781;67185,8359375;-9,472722053527832;216,47653198242188;8,881895065307617;0,45186081528663635;0,19501511752605438;0,15408411622047424;0,007026557344943285
1232;189,2212677001953;-292,7402648925781;67185,8359375;-10,181192398071289;214,70074462890625;9,252067565917969;0,46086764335632324;0,19609224796295166;0,1572946161031723;0,00727637717500329
1233;189,2212677001953;-292,7402648925781;67185,8359375;-5,459144592285156;215,23709106445312;9,440169334411621;0,46061643958091736;0,1943880319595337;0,15741108357906342;0,007274219766259193
1234;189,2212677001953;-292,7402648925781;67185,8359375;-7,017800331115723;213,89096069335938;9,696334838867188;0,4472472667694092;0,18819400668144226;0,15306012332439423;0,006903485395014286
1235;189,2212677001953;-292,7402648925781;67185,8359375;-8,341158866882324;212,95364379882812;9,337861061096191;0,46381834149360657;0,19214150309562683;0,15872159600257874;0,007360165938735008
1236;189,2212677001953;-292,7402648925781;67185,8359375;-5,7448015213012695;213,8961181640625;9,939496994018555;0,46266651153564453;0,1900242418050766;0,15836292505264282;0,007321247830986977
1237;189,2212677001953;-292,7402648925781;67185,8359375;-4,372435092926025;211,92787170410156;9,664631843566895;0,4694956839084625;0,190553680062294;0,16067223250865936;0,007473506964743137
1238;189,2212677001953;-292,7402648925781;67185,8359375;-5,2069597244262695;210,96951293945312;9,811334609985352;0,46624478697776794;0,187992125749588;0,15949927270412445;0,007386147044599056
1239;189,2212677001953;-292,7402648925781;67185,8359375;-3,4716827869415283;211,3886260986328;9,898696899414062;0,4731842577457428;0,18931281566619873;0,16174401342868805;0,007582774385809898
1240;189,2212677001953;-292,7402648925781;67185,8359375;-3,773115396499634;209,20050048828125;9,616424560546875;0,4728623926639557;0,18756787478923798;0,16138459742069244;0,007571705151349306
1241;189,2212677001953;-292,7402648925781;67185,8359375;-5,4735798835754395;208,453125;9,488332748413086;0,4942476451396942;0,1950511634349823;0,16858959197998047;0,00813451036810875
1242;189,2212677001953;-292,7402648925781;67185,8359375;-3,946852684020996;207,50534057617188;9,516154289245605;0,49068236351013184;0,19291235506534576;0,16719071567058563;0,007990524172782898
1243;189,2212677001953;-292,7402648925781;67185,8359375;-2,9563701152801514;208,0946044921875;9,275727272033691;0,4977869391441345;0,19410842657089233;0,16917535662651062;0,00818925816565752
1244;189,2212677001953;-292,7402648925781;67185,8359375;1,48581862449646;207,5399169921875;9,332754135131836;0,4982075095176697;0,19400107860565186;0,16905392706394196;0,008158541284501553
1245;189,2212677001953;-292,7402648925781;67185,8359375;2,6643412113189697;208,15447998046875;9,532242774963379;0,5110810399055481;0,19879579544067383;0,1730768084526062;0,008483425714075565
1246;189,2212677001953;-292,7402648925781;67185,8359375;3,0472545623779297;208,3756103515625;9,186363220214844;0,5110174417495728;0,19745656847953796;0,17246530950069427;0,008461551740765572
1247;189,2212677001953;-292,7402648925781;67185,8359375;-0,8727338910102844;208,42527770996094;9,12704849243164;0,5130690336227417;0,19633376598358154;0,1724168211221695;0,008496318012475967
1248;189,2212677001953;-292,7402648925781;67185,8359375;2,662177562713623;207,7457733154297;9,21324634552002;0,5104281902313232;0,19572246074676514;0,1710764765739441;0,008380157873034477
1249;189,2212677001953;-292,7402648925781;67185,8359375;3,544882297515869;206,34230041503906;9,055052757263184;0,5344688892364502;0,20463179051876068;0,17848633229732513;0,008999712765216827
1250;189,2212677001953;-292,7402648925781;67185,8359375;-1,595814824104309;208,2928009033203;8,99428939819336;0,5282370448112488;0,19914834201335907;0,17530706524848938;0,008796597830951214
1251;189,2212677001953;-292,7402648925781;67185,8359375;-0,5651509165763855;207,4593505859375;8,99232006072998;0,5436294078826904;0,19996419548988342;0,17898938059806824;0,009135199710726738
1252;189,2212677001953;-292,7402648925781;67185,8359375;-1,4355095624923706;204,73458862304688;8,764897346496582;0,5221474170684814;0,1997213512659073;0,17224059998989105;0,008536864072084427
1253;189,2212677001953;-292,7402648925781;67185,8359375;-3,34130859375;205,62791442871094;8,551212310791016;0,5344884395599365;0,19760514795780182;0,1745346486568451;0,00882397685199976
1254;189,2212677001953;-292,7402648925781;67185,8359375;1,8685134649276733;204,05137634277344;8,514985084533691;0,5316588282585144;0,1917075365781784;0,17209091782569885;0,008676325902342796
1255;189,2212677001953;-292,7402648925781;67185,8359375;-0,30260181427001953;202,796630859375;8,276141166687012;0,5433053374290466;0,20565643906593323;0,17629559338092804;0,008969557471573353
1256;189,2212677001953;-292,7402648925781;67185,8359375;5,553061008453369;201,5928497314453;8,242003440856934;0,5472545027732849;0,19246970117092133;0,17460626363754272;0,008939186111092567
1257;189,2212677001953;-292,7402648925781;67185,8359375;-0,374634712934494;201,5884552001953;8,148948669433594;0,5620040893554688;0,20864909887313843;0,17980137467384338;0,009340145625174046
1258;189,2212677001953;-292,7402648925781;67185,8359375;-1,700029730796814;198,96861267089844;7,942395210266113;0,542090117931366;0,19300943613052368;0,17129456996917725;0,008731326088309288
1259;189,2212677001953;-292,7402648925781;67185,8359375;6,030787467956543;201,36465454101562;7,749557971954346;0,5682185292243958;0,19944411516189575;0,1780933141708374;0,009304838255047798
1260;189,2212677001953;-292,7402648925781;67185,8359375;3,0669896602630615;195,37384033203125;7,727438926696777;0,5756922960281372;0,19805629551410675;0,17879898846149445;0,009390904568135738
1261;189,2212677001953;-292,7402648925781;67185,8359375;15,221832275390625;194,66612243652344;7,467930316925049;0,576457679271698;0,19653695821762085;0,17768962681293488;0,009335348382592201
1262;189,2212677001953;-292,7402648925781;67185,8359375;18,042564392089844;194,58297729492188;7,332343578338623;0,5885964035987854;0,20066487789154053;0,18029744923114777;0,009566951543092728
1263;189,2212677001953;-292,7402648925781;67185,8359375;12,009025573730469;194,53709411621094;7,004356384277344;0,5795316696166992;0,20221984386444092;0,17704735696315765;0,009339299984276295
1264;189,2212677001953;-292,7402648925781;67185,8359375;13,445950508117676;195,37124633789062;6,875204563140869;0,5936291813850403;0,20542216300964355;0,18000055849552155;0,00959771778434515
1265;189,2212677001953;-292,7402648925781;67185,8359375;2,9372055530548096;193,20108032226562;6,584136009216309;0,5930047631263733;0,20581519603729248;0,17880046367645264;0,009526078589260578
1266;189,2212677001953;-292,7402648925781;67185,8359375;7,34765100479126;193,0938720703125;6,392625331878662;0,5967479944229126;0,20368367433547974;0,17837753891944885;0,009518195874989033
1267;189,2212677001953;-292,7402648925781;67185,8359375;12,232141494750977;191,39498901367188;6,112500190734863;0,5891393423080444;0,19668491184711456;0,17446483671665192;0,009233156219124794
1268;189,2212677001953;-292,7402648925781;67185,8359375;-0,06616146862506866;192,7601318359375;5,7770609855651855;0,6082305312156677;0,2163081020116806;0,18097397685050964;0,009729335084557533
1269;189,2212677001953;-292,7402648925781;67185,8359375;3,509432315826416;190,09083557128906;5,716338634490967;0,6212278008460999;0,2125457525253296;0,1826493889093399;0,009889882989227772
1270;189,2212677001953;-292,7402648925781;67185,8359375;11,500161170959473;189,44644165039062;5,658533096313477;0,6074913740158081;0,20981521904468536;0,17797961831092834;0,009526258334517479
1271;189,2212677001953;-292,7402648925781;67185,8359375;5,0050048828125;188,86648559570312;5,681659698486328;0,6303555965423584;0,22170549631118774;0,18437953293323517;0,010013803839683533
1272;189,2212677001953;-292,7402648925781;67185,8359375;8,880887031555176;190,32403564453125;5,653147220611572;0,6414150595664978;0,21424277126789093;0,1851409524679184;0,010087521746754646
1273;189,2212677001953;-292,7402648925781;67185,8359375;16,19456672668457;189,16847229003906;5,30454683303833;0,6422901749610901;0,21340234577655792;0,18447202444076538;0,010027339681982994
1274;189,2212677001953;-292,7402648925781;67185,8359375;-0,08536873012781143;187,11155700683594;5,205817699432373;0,6406238079071045;0,21609358489513397;0,18378247320652008;0,009954852983355522
1275;189,2212677001953;-292,7402648925781;67185,8359375;-0,062119271606206894;187,59327697753906;5,1006340980529785;0,663713812828064;0,21582014858722687;0,18863600492477417;0,010305814445018768
1276;189,2212677001953;-292,7402648925781;67185,8359375;-7,199549674987793;187,61355590820312;5,063331127166748;0,6624471545219421;0,21704483032226562;0,1879841834306717;0,010228871367871761
1277;189,2212677001953;-292,7402648925781;67185,8359375;9,727224349975586;187,9003143310547;5,1016669273376465;0,6792344450950623;0,21471402049064636;0,1911991834640503;0,010429772548377514
1278;189,2212677001953;-292,7402648925781;67185,8359375;-0,5818952322006226;187,86732482910156;5,224557876586914;0,6851733922958374;0,20959915220737457;0,19155769050121307;0,010402468964457512
1279;189,2212677001953;-292,7402648925781;67185,8359375;-8,785746574401855;186,83786010742188;5,361642837524414;0,6949490904808044;0,20956110954284668;0,1936293989419937;0,010498875752091408
1280;189,2212677001953;-292,7402648925781;67185,8359375;3,22396183013916;187,07583618164062;5,455141544342041;0,6868923902511597;0,20069049298763275;0,1903809756040573;0,01018858514726162
1281;189,2212677001953;-292,7402648925781;67185,8359375;5,173277854919434;189,9832305908203;5,323441028594971;0,6814924478530884;0,20812176167964935;0,19005881249904633;0,010131226852536201
1282;189,2212677001953;-292,7402648925781;67185,8359375;-5,1964216232299805;184,4794464111328;5,599327087402344;0,7182928323745728;0,2064666897058487;0,19866687059402466;0,010641755536198616
1283;189,2212677001953;-292,7402648925781;67185,8359375;-8,00712776184082;188,7574920654297;5,516533374786377;0,7137638926506042;0,21419823169708252;0,19879361987113953;0,010610069148242474
1284;189,2212677001953;-292,7402648925781;67185,8359375;2,965017795562744;188,74864196777344;5,568056583404541;0,7408041954040527;0,21941454708576202;0,2062293291091919;0,011042231693863869
1285;189,2212677001953;-292,7402648925781;67185,8359375;0,27971920371055603;188,0485076904297;5,707422733306885;0,7492616176605225;0,2169959545135498;0,20833738148212433;0,011079558171331882
1286;189,2212677001953;-292,7402648925781;67185,8359375;3,6160664558410645;184,41189575195312;5,647740840911865;0,7408772110939026;0,21753562986850739;0,2069040685892105;0,010898375883698463
1287;189,2212677001953;-292,7402648925781;67185,8359375;-0,8300678133964539;187,0675506591797;5,919395923614502;0,7439223527908325;0,2211940437555313;0,20872949063777924;0,010933736339211464
1288;189,2212677001953;-292,7402648925781;67185,8359375;-5,717306137084961;184,46636962890625;6,170360088348389;0,7632136940956116;0,21863768994808197;0,21376925706863403;0,011136085726320744
1289;189,2212677001953;-292,7402648925781;67185,8359375;-1,0051708221435547;182,7699737548828;6,186723232269287;0,7594887018203735;0,2163345366716385;0,2133747786283493;0,010992645286023617
1290;189,2212677001953;-292,7402648925781;67185,8359375;1,3802026510238647;185,71234130859375;6,423264503479004;0,7683007717132568;0,2264985889196396;0,2177513986825943;0,011204294860363007
1291;189,2212677001953;-292,7402648925781;67185,8359375;-24,831714630126953;182,6210174560547;6,325397968292236;0,7703024744987488;0,22553256154060364;0,21909675002098083;0,011167440563440323
1292;189,2212677001953;-292,7402648925781;67185,8359375;-2,215580463409424;187,40423583984375;6,540846347808838;0,7664230465888977;0,22482098639011383;0,21909873187541962;0,011047132313251495
1293;189,2212677001953;-292,7402648925781;67185,8359375;-2,766544818878174;183,50547790527344;7,205471992492676;0,7890854477882385;0,221289724111557;0,22542080283164978;0,011278352700173855
1294;189,2212677001953;-292,7402648925781;67185,8359375;3,851780414581299;184,17332458496094;7,235279083251953;0,7741038203239441;0,2185920774936676;0,22251631319522858;0,010973894037306309
1295;189,2212677001953;-292,7402648925781;67185,8359375;-4,6577839851379395;184,43678283691406;7,386239528656006;0,7824469208717346;0,22666476666927338;0,22688958048820496;0,011156527325510979
1296;189,2212677001953;-292,7402648925781;67185,8359375;-12,204012870788574;182,2990264892578;7,7070770263671875;0,8007311224937439;0,23996193706989288;0,23455020785331726;0,011549058370292187
1297;189,2212677001953;-292,7402648925781;67185,8359375;-9,215575218200684;182,3975372314453;8,040485382080078;0,7940499186515808;0,23708322644233704;0,23381949961185455;0,011367284692823887
1298;189,2212677001953;-292,7402648925781;67185,8359375;-6,876750946044922;182,1512451171875;8,393040657043457;0,7911193370819092;0,23298057913780212;0,23390144109725952;0,011225426569581032
1299;189,2212677001953;-292,7402648925781;67185,8359375;-13,0541410446167;182,27703857421875;8,5787353515625;0,824770987033844;0,22440864145755768;0,24299098551273346;0,011513564735651016
1300;189,2212677001953;-292,7402648925781;67185,8359375;-9,885721206665039;181,09967041015625;8,813654899597168;0,8308969140052795;0,2324219048023224;0,2470378577709198;0,01167545560747385
1301;189,2212677001953;-292,7402648925781;67185,8359375;-10,155827522277832;179,83004760742188;8,860662460327148;0,8433601260185242;0,24422787129878998;0,25327709317207336;0,011977596208453178
1302;189,2212677001953;-292,7402648925781;67185,8359375;-6,796090126037598;182,3447265625;9,314352035522461;0,8468862771987915;0,24582797288894653;0,2559061348438263;0,012003840878605843
1303;189,2212677001953;-292,7402648925781;67185,8359375;-1,7596147060394287;181,58311462402344;9,792780876159668;0,8325279355049133;0,24079099297523499;0,2529161274433136;0,011691019870340824
1304;189,2212677001953;-292,7402648925781;67185,8359375;-9,639487266540527;182,1412811279297;10,041912078857422;0,8531883358955383;0,2477959543466568;0,2607992887496948;0,012027841992676258
1305;189,2212677001953;-292,7402648925781;67185,8359375;-7,749248504638672;183,83517456054688;9,851775169372559;0,8697860836982727;0,25178930163383484;0,2672445476055145;0,01225931104272604
1306;189,2212677001953;-292,7402648925781;67185,8359375;-7,97806978225708;182,69593811035156;10,354568481445312;0,8490191698074341;0,24979977309703827;0,2627880871295929;0,011918695643544197
1307;189,2212677001953;-292,7402648925781;67185,8359375;-5,762476921081543;183,15443420410156;10,502095222473145;0,8458355069160461;0,2496946007013321;0,2632744014263153;0,011832875199615955
1308;189,2212677001953;-292,7402648925781;67185,8359375;-9,770286560058594;181,55313110351562;10,83364486694336;0,8363168239593506;0,24657878279685974;0,26157188415527344;0,01161519531160593
1309;189,2212677001953;-292,7402648925781;67185,8359375;-12,27822208404541;179,44618225097656;11,109694480895996;0,8353289365768433;0,24824698269367218;0,2627679705619812;0,011588050052523613
1310;189,2212677001953;-292,7402648925781;67185,8359375;-16,278154373168945;182,0673370361328;11,341523170471191;0,8486513495445251;0,2550274729728699;0,2685459554195404;0,011828812770545483
1311;189,2212677001953;-292,7402648925781;67185,8359375;-16,425424575805664;180,5874481201172;11,324402809143066;0,839950442314148;0,25576168298721313;0,26738640666007996;0,011693915352225304
1312;189,2212677001953;-292,7402648925781;67185,8359375;-19,08222770690918;180,59613037109375;11,431720733642578;0,8393873572349548;0,2567700445652008;0,2684353291988373;0,011661549098789692
1313;189,2212677001953;-292,7402648925781;67185,8359375;-25,753570556640625;181,22325134277344;12,157569885253906;0,8404417037963867;0,25829777121543884;0,26993149518966675;0,011656724847853184
1314;189,2212677001953;-292,7402648925781;67185,8359375;-22,12074851989746;181,20033264160156;11,771037101745605;0,8691675662994385;0,2687128782272339;0,2803250253200531;0,012140976265072823
1315;189,2212677001953;-292,7402648925781;67185,8359375;-23,278661727905273;178,6223907470703;12,043891906738281;0,8396113514900208;0,2603200376033783;0,27171358466148376;0,011583056300878525
1316;189,2212677001953;-292,7402648925781;67185,8359375;-25,106321334838867;180,2835693359375;12,274239540100098;0,8384785056114197;0,2662360370159149;0,2730605900287628;0,011660207062959671
1317;189,2212677001953;-292,7402648925781;67185,8359375;-27,03830909729004;181,15516662597656;13,002697944641113;0,8564936518669128;0,27235573530197144;0,279630184173584;0,011927418410778046
1318;189,2212677001953;-292,7402648925781;67185,8359375;-20,580053329467773;180,8929901123047;13,005471229553223;0,8368241786956787;0,2706058621406555;0,27451464533805847;0,011642505414783955
1319;189,2212677001953;-292,7402648925781;67185,8359375;-34,604576110839844;179,58775329589844;12,794356346130371;0,8334342241287231;0,27004721760749817;0,2738979458808899;0,011526580899953842
1320;189,2212677001953;-292,7402648925781;67185,8359375;-25,16802215576172;180,73953247070312;13,203483581542969;0,8453457355499268;0,27766886353492737;0,2788345515727997;0,011781927198171616
1321;189,2212677001953;-292,7402648925781;67185,8359375;-21,69623565673828;182,98934936523438;13,871831893920898;0,8463789820671082;0,2806623578071594;0,2798854410648346;0,011806083843111992
1322;189,2212677001953;-292,7402648925781;67185,8359375;-32,94594192504883;181,48133850097656;13,540167808532715;0,8301935195922852;0,27773627638816833;0,2750764787197113;0,011511297896504402
1323;189,2212677001953;-292,7402648925781;67185,8359375;-39,10021209716797;179,4833221435547;13,39281940460205;0,8461896181106567;0,2867642641067505;0,28118062019348145;0,011853895150125027
1324;189,2212677001953;-292,7402648925781;67185,8359375;-35,28056335449219;178,8887939453125;13,728266716003418;0,8606398105621338;0,29487037658691406;0,28660187125205994;0,012150720693171024
1325;189,2212677001953;-292,7402648925781;67185,8359375;-23,140609741210938;185,14016723632812;13,840993881225586;0,8396785855293274;0,29026326537132263;0,2797469198703766;0,011732010170817375
1326;189,2212677001953;-292,7402648925781;67185,8359375;-23,064424514770508;182,67652893066406;14,385565757751465;0,8563355803489685;0,2993519604206085;0,2856847643852234;0,012056629173457623
1327;189,2212677001953;-292,7402648925781;67185,8359375;-24,274229049682617;183,52828979492188;13,880342483520508;0,8390427827835083;0,2966057062149048;0,28019198775291443;0,011775189079344273
1328;189,2212677001953;-292,7402648925781;67185,8359375;-29,423818588256836;181,71566772460938;14,978171348571777;0,8383572101593018;0,2991420030593872;0,28027233481407166;0,011828127317130566
1329;189,2212677001953;-292,7402648925781;67185,8359375;-24,662837982177734;185,3983154296875;15,024954795837402;0,8543514013290405;0,30914297699928284;0,2856018841266632;0,012091252021491528
1330;189,2212677001953;-292,7402648925781;67185,8359375;-36,23434829711914;180,01942443847656;14,054000854492188;0,8571125864982605;0,3136384189128876;0,28658321499824524;0,01217656396329403
1331;189,2212677001953;-292,7402648925781;67185,8359375;-31,177370071411133;182,18701171875;14,887819290161133;0,818890392780304;0,3023468852043152;0,2737962305545807;0,011545724235475063
1332;189,2212677001953;-292,7402648925781;67185,8359375;-33,29975509643555;179,6164093017578;14,708756446838379;0,8396970629692078;0,31227365136146545;0,2806399166584015;0,011978229507803917
1333;189,2212677001953;-292,7402648925781;67185,8359375;-31,741825103759766;181,68797302246094;14,629119873046875;0,8279320597648621;0,31329861283302307;0,27652743458747864;0,011765518225729465
1334;189,2212677001953;-292,7402648925781;67185,8359375;-37,21535873413086;180,66537475585938;14,463250160217285;0,832743227481842;0,31752002239227295;0,2778604328632355;0,011908563785254955
1335;189,2212677001953;-292,7402648925781;67185,8359375;-33,184486389160156;180,41952514648438;14,228913307189941;0,8224927186965942;0,3184158504009247;0,27416476607322693;0,011745372787117958
1336;189,2212677001953;-292,7402648925781;67185,8359375;-39,6970329284668;178,62974548339844;14,452040672302246;0,8266160488128662;0,325352281332016;0,2752435803413391;0,01184118539094925
1337;189,2212677001953;-292,7402648925781;67185,8359375;-31,793392181396484;180,47665405273438;14,822342872619629;0,8035191893577576;0,31931227445602417;0,2671198546886444;0,011472655460238457
1338;189,2212677001953;-292,7402648925781;67185,8359375;-37,837581634521484;180,44488525390625;14,112492561340332;0,8136573433876038;0,32763388752937317;0,27005523443222046;0,011698919348418713
1339;189,2212677001953;-292,7402648925781;67185,8359375;-35,75039291381836;178,71005249023438;13,59686279296875;0,7966752052307129;0,32339057326316833;0,2638452351093292;0,011444100178778172
1340;189,2212677001953;-292,7402648925781;67185,8359375;-39,98508834838867;178,61566162109375;13,340597152709961;0,8121612071990967;0,33224019408226013;0,2683216631412506;0,011787157505750656
1341;189,2212677001953;-292,7402648925781;67185,8359375;-40,36052322387695;179,56344604492188;13,589306831359863;0,7934142351150513;0,32846876978874207;0,26153886318206787;0,011488320305943489
1342;189,2212677001953;-292,7402648925781;67185,8359375;-41,636085510253906;178,16204833984375;13,34982967376709;0,7780331969261169;0,32923072576522827;0,2561143934726715;0,011232368648052216
1343;189,2212677001953;-292,7402648925781;67185,8359375;-39,087772369384766;178,59359741210938;13,721232414245605;0,7863227725028992;0,33317551016807556;0,25791826844215393;0,011459524743258953
1344;189,2212677001953;-292,7402648925781;67185,8359375;-39,8787956237793;179,804931640625;13,360487937927246;0,7742396593093872;0,3258342146873474;0,2527623772621155;0,011298531666398048
1345;189,2212677001953;-292,7402648925781;67185,8359375;-42,23774337768555;179,3352813720703;12,84201717376709;0,7605738639831543;0,33064597845077515;0,2482120394706726;0,011079655960202217
1346;189,2212677001953;-292,7402648925781;67185,8359375;-46,64932632446289;177,178466796875;12,545769691467285;0,7726367115974426;0,3306529223918915;0,25059187412261963;0,011380328796803951
1347;189,2212677001953;-292,7402648925781;67185,8359375;-42,76601028442383;177,52122497558594;13,048651695251465;0,7512924075126648;0,3264612853527069;0,2430560141801834;0,011027446947991848
1348;189,2212677001953;-292,7402648925781;67185,8359375;-42,716949462890625;177,9173583984375;12,266029357910156;0,7550497651100159;0,33515337109565735;0,2438703179359436;0,01115949172526598
1349;189,2212677001953;-292,7402648925781;67185,8359375;-43,77478790283203;175,3704071044922;12,275007247924805;0,7192023396492004;0,3258267045021057;0,2319202721118927;0,010518331080675125
1350;189,2212677001953;-292,7402648925781;67185,8359375;-43,96674728393555;174,79641723632812;11,849817276000977;0,728374183177948;0,3298947513103485;0,23379240930080414;0,01076381653547287
1351;189,2212677001953;-292,7402648925781;67185,8359375;-47,53701400756836;174,50955200195312;11,79244327545166;0,700516939163208;0,32468143105506897;0,22463200986385345;0,010272663086652756
1352;189,2212677001953;-292,7402648925781;67185,8359375;-45,7043342590332;174,9956817626953;11,540210723876953;0,7068861722946167;0,3271372318267822;0,22557654976844788;0,01046581007540226
1353;189,2212677001953;-292,7402648925781;67185,8359375;-46,971431732177734;173,9902801513672;11,26931381225586;0,701575517654419;0,3249411880970001;0,22288064658641815;0,010422403924167156
1354;189,2212677001953;-292,7402648925781;67185,8359375;-46,83688735961914;174,03347778320312;10,665740966796875;0,6762953996658325;0,31827133893966675;0,21446874737739563;0,009977508336305618
1355;189,2212677001953;-292,7402648925781;67185,8359375;-47,053802490234375;172,70144653320312;10,650249481201172;0,6630855798721313;0,3132365047931671;0,20948322117328644;0,00976831465959549
1356;189,2212677001953;-292,7402648925781;67185,8359375;-45,12178039550781;173,392333984375;10,186616897583008;0,6359307169914246;0,3019982874393463;0,20022228360176086;0,009260359220206738
1357;189,2212677001953;-292,7402648925781;67185,8359375;-45,319366455078125;173,3458251953125;9,790757179260254;0,6219002604484558;0,294182687997818;0,1948229819536209;0,009007767774164677
1358;189,2212677001953;-292,7402648925781;67185,8359375;-44,50196075439453;173,51565551757812;9,584465980529785;0,6268392205238342;0,29763779044151306;0,19570200145244598;0,00917675718665123
1359;189,2212677001953;-292,7402648925781;67185,8359375;-43,36608123779297;173,4288330078125;9,08685302734375;0,5983406901359558;0,28287798166275024;0,18590395152568817;0,008588128723204136
1360;189,2212677001953;-292,7402648925781;67185,8359375;-42,44536209106445;173,50851440429688;8,726744651794434;0,5844109058380127;0,2787885069847107;0,18122242391109467;0,008343622088432312
1361;189,2212677001953;-292,7402648925781;67185,8359375;-49,231956481933594;170,86331176757812;8,195167541503906;0,5772913098335266;0,27811065316200256;0,1787533462047577;0,008256237953901291
1362;189,2212677001953;-292,7402648925781;67185,8359375;-44,60530471801758;172,13204956054688;7,988354206085205;0,5727102160453796;0,2739589810371399;0,17649370431900024;0,00818254891782999
1363;189,2212677001953;-292,7402648925781;67185,8359375;-43,35599899291992;171,85765075683594;7,933959484100342;0,5807454586029053;0,2809549868106842;0,17887531220912933;0,008456990122795105
1364;189,2212677001953;-292,7402648925781;67185,8359375;-45,76450729370117;170,4132537841797;7,208398818969727;0,5755879282951355;0,2759819030761719;0,1764717549085617;0,008366553112864494
1365;189,2212677001953;-292,7402648925781;67185,8359375;-42,94065475463867;170,38641357421875;7,3402509689331055;0,5677701234817505;0,2744172215461731;0,17397867143154144;0,008260318078100681
1366;189,2212677001953;-292,7402648925781;67185,8359375;-44,47686767578125;170,0886993408203;6,926722049713135;0,5333019495010376;0,26078173518180847;0,16353251039981842;0,0075045195408165455
1367;189,2212677001953;-292,7402648925781;67185,8359375;-41,6810417175293;170,47360229492188;6,691102504730225;0,5487028956413269;0,2683643102645874;0,16800057888031006;0,007947960868477821
1368;189,2212677001953;-292,7402648925781;67185,8359375;-41,1393928527832;170,4812469482422;6,651617527008057;0,5498026013374329;0,27308350801467896;0,16875536739826202;0,008078806102275848
1369;189,2212677001953;-292,7402648925781;67185,8359375;-40,95060348510742;169,22976684570312;6,412380218505859;0,5559770464897156;0,2727544605731964;0,1700214147567749;0,008254791609942913
1370;189,2212677001953;-292,7402648925781;67185,8359375;-38,99635696411133;171,25584411621094;6,195794582366943;0,5370517373085022;0,2624288499355316;0,16402314603328705;0,007831252180039883
1371;189,2212677001953;-292,7402648925781;67185,8359375;-38,6371955871582;171,8863983154297;5,620792865753174;0,528470516204834;0,26302510499954224;0,16212809085845947;0,007734901271760464
1372;189,2212677001953;-292,7402648925781;67185,8359375;-39,785186767578125;172,00918579101562;5,812819480895996;0,5090005993843079;0,25714734196662903;0,15681064128875732;0,007339500356465578
1373;189,2212677001953;-292,7402648925781;67185,8359375;-35,78280258178711;173,2833709716797;5,635630130767822;0,4884827733039856;0,2554238736629486;0,15196214616298676;0,0069528124295175076
1374;189,2212677001953;-292,7402648925781;67185,8359375;-35,64725112915039;173,7678680419922;5,5131707191467285;0,4816785454750061;0,25052928924560547;0,14983879029750824;0,006817440036684275
1375;189,2212677001953;-292,7402648925781;67185,8359375;-36,821041107177734;173,8990478515625;5,0799431800842285;0,48120447993278503;0,25360754132270813;0,15047243237495422;0,006897203624248505
1376;189,2212677001953;-292,7402648925781;67185,8359375;-35,29249954223633;174,3373260498047;5,360853672027588;0,46967896819114685;0,24756640195846558;0,14718575775623322;0,006644559092819691
1377;189,2212677001953;-292,7402648925781;67185,8359375;-34,286659240722656;175,41531372070312;5,342442512512207;0,4747147560119629;0,24385282397270203;0,1481478065252304;0,006774484179913998
1378;189,2212677001953;-292,7402648925781;67185,8359375;-33,46819305419922;175,97738647460938;5,150573253631592;0,4590234160423279;0,2454155832529068;0,14516235888004303;0,006498035974800587
1379;189,2212677001953;-292,7402648925781;67185,8359375;-34,20020294189453;176,1620330810547;4,901729583740234;0,45570462942123413;0,23909592628479004;0,1438603550195694;0,00642155297100544
1380;189,2212677001953;-292,7402648925781;67185,8359375;-30,682357788085938;178,1395263671875;5,164775848388672;0,4542945325374603;0,24689796566963196;0,1452573984861374;0,006498579401522875
1381;189,2212677001953;-292,7402648925781;67185,8359375;-28,78899383544922;179,22276306152344;5,127749919891357;0,4435104429721832;0,24013735353946686;0,14219777286052704;0,006247746292501688
1382;189,2212677001953;-292,7402648925781;67185,8359375;-27,182058334350586;179,2061767578125;5,127476692199707;0,45471876859664917;0,2370777428150177;0,1449669897556305;0,0065566059201955795
1383;189,2212677001953;-292,7402648925781;67185,8359375;-24,47463035583496;179,35665893554688;5,041182994842529;0,4468717575073242;0,2304103821516037;0,1426950991153717;0,006357869599014521
1384;189,2212677001953;-292,7402648925781;67185,8359375;-23,02592658996582;180,1925811767578;5,02508020401001;0,44737693667411804;0,23086711764335632;0,1435403972864151;0,006435026880353689
1385;189,2212677001953;-292,7402648925781;67185,8359375;-21,62523078918457;179,0388641357422;5,463884353637695;0,4512295722961426;0,24216434359550476;0,14686670899391174;0,0066441139206290245
1386;189,2212677001953;-292,7402648925781;67185,8359375;-21,30391502380371;179,6767578125;5,343691349029541;0,44860395789146423;0,22262339293956757;0,14404328167438507;0,006465686485171318
1387;189,2212677001953;-292,7402648925781;67185,8359375;-19,326950073242188;179,24806213378906;5,467950820922852;0,4270825684070587;0,21212902665138245;0,13786561787128448;0,005850714631378651
1388;189,2212677001953;-292,7402648925781;67185,8359375;-19,47125816345215;177,4681396484375;5,591177463531494;0,422321081161499;0,21896333992481232;0,1383565217256546;0,005913032218813896
1389;189,2212677001953;-292,7402648925781;67185,8359375;-16,609895706176758;179,1103515625;5,7206926345825195;0,4360826313495636;0,21840116381645203;0,14250801503658295;0,006301091518253088
1390;189,2212677001953;-292,7402648925781;67185,8359375;-17,021488189697266;177,49465942382812;5,853700637817383;0,4360858201980591;0,21843387186527252;0,14326632022857666;0,006356117781251669
1391;189,2212677001953;-292,7402648925781;67185,8359375;-13,844127655029297;178,84710693359375;6,069230556488037;0,43112683296203613;0,21727924048900604;0,14256663620471954;0,0062684593722224236
1392;189,2212677001953;-292,7402648925781;67185,8359375;13173,826171875;1603,82666015625;-2045,0833740234375;0,43175527453422546;0,21716882288455963;0,14345882833003998;0,006325315684080124
1393;189,2212677001953;-292,7402648925781;67185,8359375;-13,300751686096191;177,85743713378906;6,378119945526123;0,4249780476093292;0,2108014076948166;0,14153406023979187;0,006139739416539669
1394;189,2212677001953;-292,7402648925781;67185,8359375;-11,570174217224121;178,03652954101562;6,579470157623291;0,4191163182258606;0,20864781737327576;0,14038793742656708;0,006003761198371649
1395;189,2212677001953;-292,7402648925781;67185,8359375;-9,84124755859375;177,73094177246094;6,56492280960083;0,42329156398773193;0,20551101863384247;0,14180973172187805;0,006128012668341398
1396;189,2212677001953;-292,7402648925781;67185,8359375;-8,87570571899414;178,32826232910156;6,876023769378662;0,4231356084346771;0,2021552175283432;0,142030730843544;0,006126679480075836
1397;189,2212677001953;-292,7402648925781;67185,8359375;-7,633739471435547;178,09864807128906;6,787954330444336;0,4327007532119751;0,2047761082649231;0,14568279683589935;0,0064418441615998745
1398;189,2212677001953;-292,7402648925781;67185,8359375;-7,9931559562683105;177,03448486328125;7,132862567901611;0,43138960003852844;0,2014416754245758;0,1455688625574112;0,0064096832647919655
1399;189,2212677001953;-292,7402648925781;67185,8359375;-6,534256935119629;177,68719482421875;7,399881362915039;0,43766069412231445;0,20263846218585968;0,14811502397060394;0,006618110928684473
1400;189,2212677001953;-292,7402648925781;67185,8359375;-7,526313781738281;177,36631774902344;7,471439361572266;0,43007615208625793;0,19715814292430878;0,1459103226661682;0,006399876903742552
1401;189,2212677001953;-292,7402648925781;67185,8359375;-2,772150754928589;178,6473846435547;7,653581142425537;0,44858378171920776;0,20153558254241943;0,15231111645698547;0,006944220047444105
1402;189,2212677001953;-292,7402648925781;67185,8359375;-2,712738037109375;177,92295837402344;7,853216648101807;0,436620831489563;0,1952868402004242;0,1486736536026001;0,006607691757380962
1403;189,2212677001953;-292,7402648925781;67185,8359375;-3,8894731998443604;179,29183959960938;8,096813201904297;0,44597598910331726;0,19454309344291687;0,15183952450752258;0,006847530137747526
1404;189,2212677001953;-292,7402648925781;67185,8359375;-4,229883670806885;180,5528106689453;7,941617488861084;0,45683741569519043;0,19589659571647644;0,15566042065620422;0,007145576179027557
1405;189,2212677001953;-292,7402648925781;67185,8359375;-4,549995422363281;179,5690155029297;8,319969177246094;0,4530491232872009;0,19300712645053864;0,15464742481708527;0,007047236897051334
1406;189,2212677001953;-292,7402648925781;67185,8359375;-0,0996970385313034;180,2571258544922;8,657116889953613;0,4608660042285919;0,1939368098974228;0,15745030343532562;0,007264995016157627
1407;189,2212677001953;-292,7402648925781;67185,8359375;-3,7670960426330566;180,58645629882812;8,644147872924805;0,45049968361854553;0,18933099508285522;0,1541556715965271;0,006995776668190956
1408;189,2212677001953;-292,7402648925781;67185,8359375;-3,6201283931732178;179,5618896484375;8,337065696716309;0,4595698416233063;0,1906352937221527;0,15728266537189484;0,0072425128892064095
1409;189,2212677001953;-292,7402648925781;67185,8359375;0,3559685945510864;181,6608123779297;9,015143394470215;0,45847782492637634;0,18825121223926544;0,15692687034606934;0,007193061988800764
1410;189,2212677001953;-292,7402648925781;67185,8359375;0,3258413076400757;180,32357788085938;8,907059669494629;0,47489792108535767;0,19288726150989532;0,16252247989177704;0,007644487079232931
1411;189,2212677001953;-292,7402648925781;67185,8359375;0,47659996151924133;180,3513641357422;9,030410766601562;0,4676291048526764;0,1887304037809372;0,1599581390619278;0,007446575444191694
1412;189,2212677001953;-292,7402648925781;67185,8359375;1,9274080991744995;180,83297729492188;9,245864868164062;0,4742666482925415;0,1897481232881546;0,16211549937725067;0,007613906636834145
1413;189,2212677001953;-292,7402648925781;67185,8359375;1,7385475635528564;181,35562133789062;8,81408405303955;0,46804651618003845;0,18569642305374146;0,15976184606552124;0,0074288672767579556
1414;189,2212677001953;-292,7402648925781;67185,8359375;-1,0510996580123901;180,8516845703125;8,714630126953125;0,4886607527732849;0,1928473711013794;0,1666841059923172;0,00797547958791256
1415;189,2212677001953;-292,7402648925781;67185,8359375;5,700716972351074;179,67550659179688;8,796110153198242;0,4961487948894501;0,1952158510684967;0,16908547282218933;0,008140536956489086
1416;189,2212677001953;-292,7402648925781;67185,8359375;4,525864124298096;179,14830017089844;8,499338150024414;0,495949923992157;0,19350501894950867;0,16857153177261353;0,008134683594107628
1417;189,2212677001953;-292,7402648925781;67185,8359375;5,949642658233643;176,5980682373047;8,786826133728027;0,49254968762397766;0,19148536026477814;0,16708160936832428;0,008004133589565754
1418;189,2212677001953;-292,7402648925781;67185,8359375;8,251813888549805;176,77658081054688;8,857868194580078;0,5202320218086243;0,20230723917484283;0,17616893351078033;0,008738883771002293
1419;189,2212677001953;-292,7402648925781;67185,8359375;8,029067993164062;176,056884765625;8,469338417053223;0,5102090835571289;0,19714291393756866;0,17219319939613342;0,008439107798039913
1420;189,2212677001953;-292,7402648925781;67185,8359375;5,684822082519531;176,0041046142578;8,343883514404297;0,5023516416549683;0,19262148439884186;0,168874591588974;0,008194665424525738
1421;189,2212677001953;-292,7402648925781;67185,8359375;7,897204875946045;174,5916748046875;8,32715129852295;0,4929271340370178;0,18795137107372284;0,16505588591098785;0,007893743924796581
1422;189,2212677001953;-292,7402648925781;67185,8359375;5,947383403778076;172,87205505371094;8,229277610778809;0,5336015820503235;0,20276592671871185;0,1779758483171463;0,008979364298284054
1423;189,2212677001953;-292,7402648925781;67185,8359375;2,271798610687256;173,04425048828125;8,018905639648438;0,5098413825035095;0,19460996985435486;0,16954565048217773;0,00828590802848339
1424;189,2212677001953;-292,7402648925781;67185,8359375;9,096604347229004;172,05047607421875;8,082643508911133;0,5321229100227356;0,1969159096479416;0,17536650598049164;0,008846807293593884
1425;189,2212677001953;-292,7402648925781;67185,8359375;6,355381488800049;168,14598083496094;8,02056884765625;0,5299943089485168;0,1975892186164856;0,17410707473754883;0,008755672723054886
1426;189,2212677001953;-292,7402648925781;67185,8359375;7,442998886108398;167,78147888183594;7,7057390213012695;0,5230860114097595;0,19343002140522003;0,17081861197948456;0,00852273777127266
1427;189,2212677001953;-292,7402648925781;67185,8359375;6,730867862701416;167,0971221923828;7,502461910247803;0,5383285284042358;0,19342419505119324;0,17415839433670044;0,008841908536851406
1428;189,2212677001953;-292,7402648925781;67185,8359375;8,690085411071777;165,26898193359375;7,319866180419922;0,5458840131759644;0,20722895860671997;0,17721855640411377;0,009037804789841175
1429;189,2212677001953;-292,7402648925781;67185,8359375;15,961648941040039;163,8628692626953;7,286699295043945;0,5587158203125;0,2040269672870636;0,1792839914560318;0,00929048378020525
1430;189,2212677001953;-292,7402648925781;67185,8359375;7,086411952972412;161,6181182861328;7,0986008644104;0,5543226003646851;0,20620198547840118;0,17740249633789062;0,009145567193627357
1431;189,2212677001953;-292,7402648925781;67185,8359375;13,320914268493652;161,203857421875;7,052121162414551;0,5457667112350464;0,1959611475467682;0,17268212139606476;0,008836394175887108
1432;189,2212677001953;-292,7402648925781;67185,8359375;22,59775161743164;161,10716247558594;6,732639789581299;0,5723446607589722;0,19747427105903625;0,17893080413341522;0,009369083680212498
1433;189,2212677001953;-292,7402648925781;67185,8359375;19,84412956237793;159,57611083984375;6,70929479598999;0,5803967714309692;0,19857953488826752;0,1801162213087082;0,009490834549069405
1434;189,2212677001953;-292,7402648925781;67185,8359375;21,374353408813477;160,35862731933594;6,559530735015869;0,5817710161209106;0,2004271149635315;0,17960861325263977;0,009484718553721905
1435;189,2212677001953;-292,7402648925781;67185,8359375;16,28325843811035;156,43753051757812;6,445735931396484;0,5884713530540466;0,20321647822856903;0,18061184883117676;0,009591900743544102
1436;189,2212677001953;-292,7402648925781;67185,8359375;15,666542053222656;157,07850646972656;6,040379047393799;0,5799175500869751;0,202031672000885;0,17712290585041046;0,009345785714685917
1437;189,2212677001953;-292,7402648925781;67185,8359375;15,959138870239258;157,38058471679688;6,082587718963623;0,5890370011329651;0,2034124732017517;0,17855218052864075;0,009485435672104359
1438;189,2212677001953;-292,7402648925781;67185,8359375;18,662425994873047;157,0181884765625;5,762516021728516;0,5887048840522766;0,2066473364830017;0,17783193290233612;0,009444569237530231
1439;189,2212677001953;-292,7402648925781;67185,8359375;19,870330810546875;156,65403747558594;5,505956172943115;0,6001691818237305;0,2081325650215149;0,17985989153385162;0,00962901208549738
1440;189,2212677001953;-292,7402648925781;67185,8359375;13,70412826538086;156,61959838867188;5,032973766326904;0,5904802083969116;0,19778357446193695;0,17495346069335938;0,009271122515201569
1441;189,2212677001953;-292,7402648925781;67185,8359375;9,03298282623291;156,64120483398438;4,905223846435547;0,6057044267654419;0,21617908775806427;0,1803361475467682;0,009675983339548111
1442;189,2212677001953;-292,7402648925781;67185,8359375;19,2279109954834;154,04420471191406;4,874173641204834;0,6238411068916321;0,21277815103530884;0,18332596123218536;0,009942860342562199
1443;189,2212677001953;-292,7402648925781;67185,8359375;13,731649398803711;155,86370849609375;4,662816047668457;0,6047777533531189;0,21323652565479279;0,1778201013803482;0,009498607367277145
1444;189,2212677001953;-292,7402648925781;67185,8359375;11,530086517333984;153,41746520996094;4,755095481872559;0,6338454484939575;0,2184201180934906;0,18474259972572327;0,01005351822823286
1445;189,2212677001953;-292,7402648925781;67185,8359375;12,472180366516113;151,64401245117188;4,788931369781494;0,6308664083480835;0,2091396152973175;0,18187390267848969;0,009838241152465343
1446;189,2212677001953;-292,7402648925781;67185,8359375;18,76299285888672;152,78500366210938;4,538485527038574;0,6436023712158203;0,21251702308654785;0,18466269969940186;0,010042431764304638
1447;189,2212677001953;-292,7402648925781;67185,8359375;13,093425750732422;151,55740356445312;4,397998809814453;0,6513628959655762;0,214994415640831;0,1861857920885086;0,010142714716494083
1448;189,2212677001953;-292,7402648925781;67185,8359375;9,962662696838379;152,69171142578125;4,192832946777344;0,6603135466575623;0,21275955438613892;0,18739520013332367;0,010211647488176823
1449;189,2212677001953;-292,7402648925781;67185,8359375;7,144108295440674;152,32957458496094;4,182871341705322;0,6709406971931458;0,21769385039806366;0,19009119272232056;0,010386751033365726
1450;189,2212677001953;-292,7402648925781;67185,8359375;5,150184154510498;151,69891357421875;4,321108341217041;0,6727414131164551;0,21511143445968628;0,1897156536579132;0,010322414338588715
1451;189,2212677001953;-292,7402648925781;67185,8359375;10,533360481262207;153,07843017578125;4,378663063049316;0,685806930065155;0,21028642356395721;0,1918027698993683;0,010421741753816605
1452;189,2212677001953;-292,7402648925781;67185,8359375;10,209564208984375;150,3657684326172;4,452189922332764;0,701190710067749;0,20872201025485992;0,1950031816959381;0,010589583776891232
1453;189,2212677001953;-292,7402648925781;67185,8359375;5,0628156661987305;150,90325927734375;4,489711284637451;0,6765390038490295;0,20146037638187408;0,1880161464214325;0,010029245167970657
1454;189,2212677001953;-292,7402648925781;67185,8359375;10,097591400146484;151,22691345214844;4,483584880828857;0,6888487339019775;0,21051986515522003;0,19213110208511353;0,010282877832651138
1455;189,2212677001953;-292,7402648925781;67185,8359375;9,613214492797852;149,98773193359375;4,763981819152832;0,7208406329154968;0,20492897927761078;0,19907651841640472;0,010660131461918354
1456;189,2212677001953;-292,7402648925781;67185,8359375;6,587839126586914;151,76695251464844;4,661329746246338;0,7195152640342712;0,21843627095222473;0,20073680579662323;0,010755217634141445
1457;189,2212677001953;-292,7402648925781;67185,8359375;10,845852851867676;150,32998657226562;4,752081394195557;0,7326829433441162;0,21900472044944763;0,20423604547977448;0,010909980162978172
1458;189,2212677001953;-292,7402648925781;67185,8359375;7,100220680236816;149,5260009765625;4,847993850708008;0,7513937950134277;0,2215205729007721;0,20944644510746002;0,011172493919730186
1459;189,2212677001953;-292,7402648925781;67185,8359375;3,4977588653564453;150,15599060058594;4,546950817108154;0,7319995760917664;0,21396836638450623;0,20429645478725433;0,010714606381952763
1460;189,2212677001953;-292,7402648925781;67185,8359375;-0,13422690331935883;151,03797912597656;4,898220539093018;0,736926794052124;0,21455736458301544;0,20616021752357483;0,010740382596850395
1461;189,2212677001953;-292,7402648925781;67185,8359375;-1,534717082977295;147,7722930908203;5,415987014770508;0,7581031322479248;0,21895821392536163;0,2125682830810547;0,011063894256949425
1462;189,2212677001953;-292,7402648925781;67185,8359375;16,42308807373047;146,29055786132812;5,288592338562012;0,7590070962905884;0,21680161356925964;0,21331575512886047;0,010991950519382954
1463;189,2212677001953;-292,7402648925781;67185,8359375;13,70887565612793;148,66009521484375;5,509338855743408;0,7703534960746765;0,22756493091583252;0,2183922380208969;0,011249066330492496
1464;189,2212677001953;-292,7402648925781;67185,8359375;12,99598217010498;149,22543334960938;5,606465816497803;0,7738307118415833;0,22484464943408966;0,21987329423427582;0,011211100034415722
1465;189,2212677001953;-292,7402648925781;67185,8359375;-12,428730964660645;146,54405212402344;5,477808475494385;0,7735921740531921;0,22950655221939087;0,22148552536964417;0,01121482066810131
1466;189,2212677001953;-292,7402648925781;67185,8359375;14,060778617858887;146,7705535888672;6,429145812988281;0,7948970198631287;0,23271001875400543;0,2283308207988739;0,011519819498062134
1467;189,2212677001953;-292,7402648925781;67185,8359375;-0,9609595537185669;144,7177276611328;6,402592658996582;0,7819089889526367;0,21745504438877106;0,2243393063545227;0,011069459840655327
1468;189,2212677001953;-292,7402648925781;67185,8359375;1,8394815921783447;146,3900146484375;6,458578586578369;0,7853302955627441;0,2291373908519745;0,22793398797512054;0,011231755837798119
1469;189,2212677001953;-292,7402648925781;67185,8359375;-4,216031074523926;144,216552734375;6,778170108795166;0,8030443787574768;0,24073193967342377;0,23523525893688202;0,011592858470976353
1470;189,2212677001953;-292,7402648925781;67185,8359375;6,65024995803833;144,60377502441406;7,199474334716797;0,7883669137954712;0,22554616630077362;0,23087747395038605;0,011130384169518948
1471;189,2212677001953;-292,7402648925781;67185,8359375;3,529404640197754;142,8921661376953;7,395361423492432;0,7994673848152161;0,22722049057483673;0,23532141745090485;0,011263728141784668
1472;189,2212677001953;-292,7402648925781;67185,8359375;6,789996147155762;145,79652404785156;7,474582672119141;0,8084162473678589;0,2226906567811966;0,23850017786026;0,011269317008554935
1473;189,2212677001953;-292,7402648925781;67185,8359375;0,14350298047065735;143,81134033203125;7,751345634460449;0,8415685892105103;0,23872940242290497;0,2506193220615387;0,011916271410882473
1474;189,2212677001953;-292,7402648925781;67185,8359375;-0,9871997237205505;142,57064819335938;7,884871006011963;0,828869104385376;0,2372134029865265;0,248566672205925;0,011676808819174767
1475;189,2212677001953;-292,7402648925781;67185,8359375;6,121614933013916;144,5836639404297;8,445801734924316;0,8556510806083679;0,25218987464904785;0,2590391933917999;0,012216315604746342
1476;189,2212677001953;-292,7402648925781;67185,8359375;6,257087707519531;144,6323699951172;8,918633460998535;0,8373250365257263;0,2450699508190155;0,25473836064338684;0,01182084996253252
1477;189,2212677001953;-292,7402648925781;67185,8359375;6,284547328948975;146,15957641601562;9,167137145996094;0,8609197735786438;0,2533385157585144;0,26358169317245483;0,012216240167617798
1478;189,2212677001953;-292,7402648925781;67185,8359375;-1,999559998512268;146,8014373779297;8,91877555847168;0,8585802316665649;0,25080904364585876;0,2640875577926636;0,012101546861231327
1479;189,2212677001953;-292,7402648925781;67185,8359375;8,335271835327148;144,95143127441406;9,30062484741211;0,8501889705657959;0,25061580538749695;0,2632085084915161;0,011947205290198326
1480;189,2212677001953;-292,7402648925781;67185,8359375;-1,3086767196655273;145,84703063964844;9,634347915649414;0,8461328744888306;0,2522011697292328;0,263681560754776;0,011878780089318752
1481;189,2212677001953;-292,7402648925781;67185,8359375;1,1525737047195435;146,35202026367188;9,9014253616333;0,8410720825195312;0,24553707242012024;0,26273679733276367;0,011653725057840347
1482;189,2212677001953;-292,7402648925781;67185,8359375;2,1669702529907227;146,818115234375;10,274038314819336;0,8448050022125244;0,25204598903656006;0,2658778429031372;0,01177287194877863
1483;189,2212677001953;-292,7402648925781;67185,8359375;-5,262870788574219;148,00851440429688;10,476899147033691;0,8462709784507751;0,25508755445480347;0,2678958773612976;0,011801596730947495
1484;189,2212677001953;-292,7402648925781;67185,8359375;1,7392821311950684;145,9244842529297;10,717998504638672;0,835368812084198;0,2528330087661743;0,26571211218833923;0,011583705432713032
1485;189,2212677001953;-292,7402648925781;67185,8359375;-9,508849143981934;144,69346618652344;10,586451530456543;0,8391620516777039;0,25635361671447754;0,2683117985725403;0,011650733649730682
1486;189,2212677001953;-292,7402648925781;67185,8359375;-8,47315502166748;147,00189208984375;11,438514709472656;0,8366329073905945;0,25822392106056213;0,26886630058288574;0,011612647213041782
1487;189,2212677001953;-292,7402648925781;67185,8359375;-14,671470642089844;146,13858032226562;11,011872291564941;0,8603063821792603;0,2677772641181946;0,2777361571788788;0,01202752161771059
1488;189,2212677001953;-292,7402648925781;67185,8359375;-15,589786529541016;148,22030639648438;11,183855056762695;0,8373401165008545;0,25775325298309326;0,270689994096756;0,011493708938360214
1489;189,2212677001953;-292,7402648925781;67185,8359375;-13,632872581481934;146,0945281982422;11,62470531463623;0,8377572894096375;0,26570892333984375;0,2727755308151245;0,011640430428087711
1490;189,2212677001953;-292,7402648925781;67185,8359375;-18,638151168823242;148,03201293945312;12,188998222351074;0,8578831553459167;0,272657573223114;0,28005924820899963;0,011947889812290668
1491;189,2212677001953;-292,7402648925781;67185,8359375;-13,488227844238281;146,5084228515625;12,34818172454834;0,838921844959259;0,270915687084198;0,27513474225997925;0,011669673025608063
1492;189,2212677001953;-292,7402648925781;67185,8359375;-20,392005920410156;148,91207885742188;11,670660018920898;0,8305946588516235;0,2676222622394562;0,2726735770702362;0,011421808041632175
1493;189,2212677001953;-292,7402648925781;67185,8359375;-21,733272552490234;149,24253845214844;12,070229530334473;0,8439275026321411;0,27644431591033936;0,2782059907913208;0,01172810047864914
1494;189,2212677001953;-292,7402648925781;67185,8359375;-15,913461685180664;152,1787109375;13,138736724853516;0,8493540287017822;0,28155335783958435;0,2808465361595154;0,011854652315378189
1495;189,2212677001953;-292,7402648925781;67185,8359375;-18,772605895996094;151,02809143066406;12,676935195922852;0,8312657475471497;0,2784128487110138;0,2755201756954193;0,011548030190169811
1496;189,2212677001953;-292,7402648925781;67185,8359375;-22,2933349609375;150,0663299560547;12,594762802124023;0,8557742238044739;0,2903318405151367;0,28447645902633667;0,012045078910887241
1497;189,2212677001953;-292,7402648925781;67185,8359375;-19,173364639282227;152,6104278564453;13,239724159240723;0,8633216023445129;0,29610317945480347;0,28765055537223816;0,012227107770740986
1498;189,2212677001953;-292,7402648925781;67185,8359375;-18,30101776123047;152,7667236328125;13,102526664733887;0,8424428105354309;0,2911815047264099;0,2806355655193329;0,011772203259170055
1499;189,2212677001953;-292,7402648925781;67185,8359375;-20,03305435180664;152,73846435546875;13,704452514648438;0,8522482514381409;0,297947496175766;0,2842675745487213;0,011969727464020252
1500;189,2212677001953;-292,7402648925781;67185,8359375;-20,229759216308594;152,71484375;13,260436058044434;0,8438581228256226;0,29821711778640747;0,2818347215652466;0,011871932074427605
1501;189,2212677001953;-292,7402648925781;67185,8359375;-18,18701171875;156,05015563964844;14,241131782531738;0,8389608860015869;0,29977408051490784;0,28039097785949707;0,011811225675046444
1502;189,2212677001953;-292,7402648925781;67185,8359375;-18,8983154296875;155,35841369628906;14,087656021118164;0,8573099970817566;0,31051120162010193;0,28655874729156494;0,012126858346164227
1503;189,2212677001953;-292,7402648925781;67185,8359375;-27,794525146484375;152,75962829589844;13,575942993164062;0,8626619577407837;0,314949095249176;0,2884787619113922;0,012301254086196423
1504;189,2212677001953;-292,7402648925781;67185,8359375;-32,01982116699219;152,30712890625;14,281438827514648;0,8288358449935913;0,30576640367507935;0,277127742767334;0,011731544509530067
1505;189,2212677001953;-292,7402648925781;67185,8359375;-24,405681610107422;153,74725341796875;14,123934745788574;0,8266621232032776;0,3075205683708191;0,2762838900089264;0,011740069836378098
1506;189,2212677001953;-292,7402648925781;67185,8359375;-30,435712814331055;153,10775756835938;14,023965835571289;0,8339073061943054;0,3152868449687958;0,2785205543041229;0,011878211982548237
1507;189,2212677001953;-292,7402648925781;67185,8359375;-27,844331741333008;151,3011474609375;13,68305778503418;0,8243090510368347;0,3145580291748047;0,2750532627105713;0,011751745827496052
1508;189,2212677001953;-292,7402648925781;67185,8359375;-30,370304107666016;151,60552978515625;14,0343599319458;0,8176323771476746;0,3158034384250641;0,2725192606449127;0,011665713973343372
1509;189,2212677001953;-292,7402648925781;67185,8359375;-32,77507400512695;151,00830078125;13,565093994140625;0,8149508237838745;0,3216848075389862;0,27140137553215027;0,011616204865276814
1510;189,2212677001953;-292,7402648925781;67185,8359375;-30,806989669799805;150,61929321289062;14,19424819946289;0,8076840043067932;0,31993988156318665;0,2684524953365326;0,011559229344129562
1511;189,2212677001953;-292,7402648925781;67185,8359375;-33,20145034790039;151,46908569335938;13,167078971862793;0,808660626411438;0,3245674669742584;0,26833733916282654;0,011617415584623814
1512;189,2212677001953;-292,7402648925781;67185,8359375;-32,71734619140625;149,86212158203125;13,008353233337402;0,791043221950531;0,32061702013015747;0,26194998621940613;0,011343086138367653
1513;189,2212677001953;-292,7402648925781;67185,8359375;-35,81417465209961;148,30709838867188;12,895869255065918;0,7981605529785156;0,3291305899620056;0,2638791501522064;0,011509531177580357
1514;189,2212677001953;-292,7402648925781;67185,8359375;-35,51640701293945;149,29368591308594;13,044085502624512;0,7978843450546265;0,3286740779876709;0,2628932297229767;0,011579376645386219
1515;189,2212677001953;-292,7402648925781;67185,8359375;-36,13801574707031;148,48526000976562;12,342676162719727;0,7848660349845886;0,32985207438468933;0,2581865191459656;0,011373773217201233
1516;189,2212677001953;-292,7402648925781;67185,8359375;-31,73232078552246;149,39418029785156;13,019257545471191;0,7897872924804688;0,33580461144447327;0,25915324687957764;0,011518855579197407
1517;189,2212677001953;-292,7402648925781;67185,8359375;-35,79970169067383;148,33609008789062;12,810622215270996;0,7744511961936951;0,32984381914138794;0,25317099690437317;0,011296768672764301
1518;189,2212677001953;-292,7402648925781;67185,8359375;-35,3561897277832;148,73489379882812;12,069585800170898;0,7453224658966064;0,32525351643562317;0,24334987998008728;0,010783628560602665
1519;189,2212677001953;-292,7402648925781;67185,8359375;-40,480857849121094;147,79666137695312;11,801685333251953;0,7593302130699158;0,32316726446151733;0,2461121827363968;0,011121131479740143
1520;189,2212677001953;-292,7402648925781;67185,8359375;-37,11252212524414;148,40890502929688;12,266402244567871;0,7532531023025513;0,3320097327232361;0,24415022134780884;0,01106263417750597
1521;189,2212677001953;-292,7402648925781;67185,8359375;-38,623756408691406;148,4414520263672;11,174022674560547;0,7591672539710999;0,3385094702243805;0,24535782635211945;0,01123653445392847
1522;189,2212677001953;-292,7402648925781;67185,8359375;-37,46574401855469;146,88267517089844;11,256784439086914;0,7312210202217102;0,3302555978298187;0,2356908619403839;0,010755101218819618
1523;189,2212677001953;-292,7402648925781;67185,8359375;-39,130332946777344;144,94540405273438;10,925505638122559;0,7290113568305969;0,3292332589626312;0,23389677703380585;0,010776272974908352
1524;189,2212677001953;-292,7402648925781;67185,8359375;-40,235816955566406;145,0581817626953;11,028345108032227;0,7061808705329895;0,32900503277778625;0,22664229571819305;0,010382105596363544
1525;189,2212677001953;-292,7402648925781;67185,8359375;-40,741458892822266;144,88807678222656;10,897088050842285;0,7134820818901062;0,33063486218452454;0,2277347594499588;0,01059720665216446
1526;189,2212677001953;-292,7402648925781;67185,8359375;-41,77412033081055;144,25411987304688;10,46035099029541;0,7000117897987366;0,32491716742515564;0,2224680334329605;0,010391644202172756
1527;189,2212677001953;-292,7402648925781;67185,8359375;-43,01758575439453;143,5485076904297;9,83063793182373;0,6766744256019592;0,3163018524646759;0,21433231234550476;0,009981435723602772
1528;189,2212677001953;-292,7402648925781;67185,8359375;-41,918312072753906;142,9332733154297;9,885269165039062;0,6609195470809937;0,3121485412120819;0,20879259705543518;0,009722962975502014
1529;189,2212677001953;-292,7402648925781;67185,8359375;-40,55190658569336;143,1449737548828;9,412704467773438;0,6376888155937195;0,30243489146232605;0,20072750747203827;0,009296261705458164
1530;189,2212677001953;-292,7402648925781;67185,8359375;-39,776126861572266;142,8900909423828;8,845285415649414;0,6277310252189636;0,2945117950439453;0,1963428258895874;0,00911999586969614
1531;189,2212677001953;-292,7402648925781;67185,8359375;-40,55183029174805;142,7812042236328;8,70116138458252;0,6285918951034546;0,3014308214187622;0,19663630425930023;0,009230000898241997
1532;189,2212677001953;-292,7402648925781;67185,8359375;-41,34870147705078;142,02032470703125;8,24127197265625;0,5973584055900574;0,28389379382133484;0,18579451739788055;0,008578168228268623
1533;189,2212677001953;-292,7402648925781;67185,8359375;-38,89595413208008;142,41839599609375;7,850593566894531;0,5773428678512573;0,27482613921165466;0,1789531707763672;0,00817344430834055
1534;189,2212677001953;-292,7402648925781;67185,8359375;-41,963199615478516;141,54193115234375;7,479535102844238;0,5788329839706421;0,28451722860336304;0,1800093799829483;0,008335109800100327
1535;189,2212677001953;-292,7402648925781;67185,8359375;-41,63258361816406;141,23226928710938;7,105432033538818;0,5768410563468933;0,27493149042129517;0,1776304990053177;0,008269374258816242
1536;189,2212677001953;-292,7402648925781;67185,8359375;-38,33883285522461;141,35694885253906;7,108242988586426;0,5784907937049866;0,2810980975627899;0,17835457623004913;0,0084154037758708
1537;189,2212677001953;-292,7402648925781;67185,8359375;-40,69381332397461;140,1271209716797;6,400314807891846;0,5721741914749146;0,274998277425766;0,17551755905151367;0,008292457088828087
1538;189,2212677001953;-292,7402648925781;67185,8359375;-37,68941116333008;140,28623962402344;6,468441009521484;0,5815537571907043;0,28231021761894226;0,17837834358215332;0,008598856627941132
1539;189,2212677001953;-292,7402648925781;67185,8359375;-39,61627197265625;139,49720764160156;6,152765274047852;0,5330139398574829;0,2606752812862396;0,16344955563545227;0,007497523445636034
1540;189,2212677001953;-292,7402648925781;67185,8359375;-37,00429153442383;139,86312866210938;5,862421035766602;0,5339875817298889;0,26193544268608093;0,16360726952552795;0,007589287124574184
1541;189,2212677001953;-292,7402648925781;67185,8359375;-35,698768615722656;139,69589233398438;5,846053123474121;0,5365358591079712;0,2643641531467438;0,1643696427345276;0,007726548705250025
1542;189,2212677001953;-292,7402648925781;67185,8359375;-36,13970947265625;138,5955352783203;5,612272262573242;0,5465571284294128;0,2667270302772522;0,16693416237831116;0,00800568237900734
1543;189,2212677001953;-292,7402648925781;67185,8359375;-33,85554885864258;139,31939697265625;5,376370429992676;0,533496618270874;0,26204901933670044;0,16313794255256653;0,007758605759590864
1544;189,2212677001953;-292,7402648925781;67185,8359375;-32,96560287475586;139,5213165283203;4,7701945304870605;0,51976478099823;0,2558165192604065;0,1590275913476944;0,007471525110304356
1545;189,2212677001953;-292,7402648925781;67185,8359375;-35,87031173706055;145,82113647460938;4,979634761810303;0,5107350945472717;0,25837355852127075;0,15739783644676208;0,00738884974271059
1546;189,2212677001953;-292,7402648925781;67185,8359375;-30,9222469329834;145,39682006835938;4,972020626068115;0,49037405848503113;0,25695982575416565;0,1526356339454651;0,0070075467228889465
1547;189,2212677001953;-292,7402648925781;67185,8359375;-30,841270446777344;139,6898193359375;4,777062892913818;0,4742712378501892;0,2476181983947754;0,14768072962760925;0,006624576169997454
1548;189,2212677001953;-292,7402648925781;67185,8359375;-30,813446044921875;138,25234985351562;4,236514091491699;0,4791390895843506;0,2553171217441559;0,15026679635047913;0,006862603593617678
1549;189,2212677001953;-292,7402648925781;67185,8359375;-29,292360305786133;140,83470153808594;4,421798229217529;0,471147358417511;0,25242769718170166;0,14828965067863464;0,006716444157063961
1550;189,2212677001953;-292,7402648925781;67185,8359375;-29,752277374267578;141,8516387939453;4,439070701599121;0,4689013361930847;0,2463064193725586;0,14717571437358856;0,006675222422927618
1551;189,2212677001953;-292,7402648925781;67185,8359375;-28,682374954223633;142,66078186035156;4,330850601196289;0,46956804394721985;0,2436228096485138;0,14733624458312988;0,006722435355186462
1552;189,2212677001953;-292,7402648925781;67185,8359375;-29,317481994628906;143,0799560546875;3,951941728591919;0,4514549970626831;0,24244458973407745;0,14339078962802887;0,006351393181830645
1553;189,2212677001953;-292,7402648925781;67185,8359375;-25,464113235473633;145,79139709472656;4,259064674377441;0,43556204438209534;0,2371305674314499;0,13933241367340088;0,005973587743937969
1554;189,2212677001953;-292,7402648925781;67185,8359375;-24,32236099243164;146,59034729003906;4,132251262664795;0,41921156644821167;0,22948196530342102;0,1348012238740921;0,005549958907067776
1555;189,2212677001953;-292,7402648925781;67185,8359375;-23,503297805786133;146,76148986816406;4,124291896820068;0,4430903196334839;0,23465988039970398;0,14181646704673767;0,006255795247852802
1556;189,2212677001953;-292,7402648925781;67185,8359375;-20,687362670898438;148,80918884277344;4,152029514312744;0,4489750266075134;0,2331407070159912;0,14361321926116943;0,006439272314310074
1557;189,2212677001953;-292,7402648925781;67185,8359375;-18,486677169799805;150,60226440429688;4,276401042938232;0,4642614424228668;0,23727521300315857;0,1486131101846695;0,006895534694194794
1558;189,2212677001953;-292,7402648925781;67185,8359375;-17,336809158325195;149,6979522705078;4,591384410858154;0,43437519669532776;0,2381787747144699;0,14215797185897827;0,0061674565076828
1559;189,2212677001953;-292,7402648925781;67185,8359375;-16,938446044921875;150,9969482421875;4,567019939422607;0,43929940462112427;0,21919763088226318;0,14122511446475983;0,006199169438332319
1560;189,2212677001953;-292,7402648925781;67185,8359375;-15,511821746826172;151,00457763671875;4,654775619506836;0,4160938262939453;0,21055680513381958;0,13487200438976288;0,005570130422711372
1561;189,2212677001953;-292,7402648925781;67185,8359375;-16,357542037963867;150,23414611816406;4,831897735595703;0,4275161325931549;0,2214517742395401;0,14002741873264313;0,006069286726415157
1562;189,2212677001953;-292,7402648925781;67185,8359375;-13,088016510009766;152,40423583984375;4,924188613891602;0,42896080017089844;0,21525214612483978;0,14023800194263458;0,0060865911655128
1563;189,2212677001953;-292,7402648925781;67185,8359375;-13,79139518737793;151,09825134277344;5,129586696624756;0,4333319664001465;0,21591225266456604;0,14220181107521057;0,006257620174437761
1564;189,2212677001953;-292,7402648925781;67185,8359375;-9,965930938720703;153,7193145751953;5,32251501083374;0,4318179190158844;0,2179306298494339;0,14283469319343567;0,006291331257671118
1565;189,2212677001953;-292,7402648925781;67185,8359375;-11,77679443359375;153,0608367919922;5,525660514831543;0,42887043952941895;0,21747729182243347;0,14273880422115326;0,006247654091566801
1566;189,2212677001953;-292,7402648925781;67185,8359375;-10,20720100402832;153,8069610595703;5,726524829864502;0,4200717508792877;0,2104937732219696;0,1401834636926651;0,006006209179759026
1567;189,2212677001953;-292,7402648925781;67185,8359375;-8,814042091369629;154,36293029785156;5,91391658782959;0,42143353819847107;0,20777863264083862;0,14089688658714294;0,006060480605810881
1568;189,2212677001953;-292,7402648925781;67185,8359375;-5,706340312957764;155,39292907714844;5,7914137840271;0,4221521317958832;0,20588508248329163;0,14154523611068726;0,006101895123720169
1569;189,2212677001953;-292,7402648925781;67185,8359375;-5,434553146362305;156,1837615966797;6,208049297332764;0,4307449162006378;0,20399165153503418;0,14436063170433044;0,00633906340226531
1570;189,2212677001953;-292,7402648925781;67185,8359375;-4,335389137268066;156,97622680664062;6,198421478271484;0,4375196099281311;0,20684054493904114;0,14727728068828583;0,0065848687663674355
1571;189,2212677001953;-292,7402648925781;67185,8359375;-5,113492965698242;156,52392578125;6,556521415710449;0,4343034029006958;0,20448152720928192;0,14675050973892212;0,006515249609947205
1572;189,2212677001953;-292,7402648925781;67185,8359375;-3,4147186279296875;157,54820251464844;6,682382106781006;0,4339255690574646;0,19914332032203674;0,1466466337442398;0,006480625830590725
1573;189,2212677001953;-292,7402648925781;67185,8359375;-4,333351135253906;157,8464813232422;6,931920051574707;0,429755300283432;0,1968124806880951;0,1457781344652176;0,006387187633663416
1574;189,2212677001953;-292,7402648925781;67185,8359375;0,7499375343322754;159,32864379882812;7,068890571594238;0,4487461745738983;0,20175784826278687;0,15238113701343536;0,006950817070901394
1575;189,2212677001953;-292,7402648925781;67185,8359375;0,10859078913927078;158,9062042236328;7,2792277336120605;0,4416957497596741;0,19659899175167084;0,15030045807361603;0,006748323328793049
1576;189,2212677001953;-292,7402648925781;67185,8359375;-0,9386500716209412;161,14393615722656;7,380896091461182;0,44885990023612976;0,19504314661026;0,15274454653263092;0,0069177900440990925
1577;189,2212677001953;-292,7402648925781;67185,8359375;1,4762272834777832;161,68743896484375;7,453422546386719;0,4591638743877411;0,19677864015102386;0,15644089877605438;0,007212654687464237
1578;189,2212677001953;-292,7402648925781;67185,8359375;-1,2850775718688965;162,3966827392578;7,6707234382629395;0,4455958902835846;0,19075194001197815;0,15218406915664673;0,006844322197139263
1579;189,2212677001953;-292,7402648925781;67185,8359375;-0,2167946994304657;163,6099853515625;8,15561294555664;0,4520920217037201;0,19040754437446594;0,1544652134180069;0,0070030055940151215
1580;189,2212677001953;-292,7402648925781;67185,8359375;0,3775777220726013;164,20965576171875;8,129959106445312;0,4532274305820465;0,18933559954166412;0,15500351786613464;0,007041100412607193
1581;189,2212677001953;-292,7402648925781;67185,8359375;0,9743400812149048;163,68728637695312;7,873400688171387;0,4600387513637543;0,1909899264574051;0,15745267271995544;0,007261601276695728
1582;189,2212677001953;-292,7402648925781;67185,8359375;2,7274866104125977;165,7017822265625;8,406586647033691;0,4524843990802765;0,1860462874174118;0,15488584339618683;0,007023746147751808
1583;189,2212677001953;-292,7402648925781;67185,8359375;4,280796527862549;165,95968627929688;8,469986915588379;0,4683905839920044;0,19032922387123108;0,16029588878154755;0,007457986008375883
1584;189,2212677001953;-292,7402648925781;67185,8359375;1,388439655303955;165,50576782226562;8,622334480285645;0,4664869010448456;0,1883610188961029;0,159559965133667;0,007420373614877462
1585;189,2212677001953;-292,7402648925781;67185,8359375;2,7853281497955322;167,3044891357422;8,692411422729492;0,4739113450050354;0,18962526321411133;0,16197824478149414;0,007611203007400036
1586;189,2212677001953;-292,7402648925781;67185,8359375;5,942643642425537;160,39207458496094;8,498998641967773;0,4684922397136688;0,18582427501678467;0,15989942848682404;0,007447171024978161
1587;189,2212677001953;-292,7402648925781;67185,8359375;3,257061004638672;158,81478881835938;8,271405220031738;0,49052485823631287;0,19366373121738434;0,16734051704406738;0,008023872971534729
1588;189,2212677001953;-292,7402648925781;67185,8359375;5,628063201904297;164,89788818359375;8,173038482666016;0,49437156319618225;0,1942329704761505;0,16842114925384521;0,008103539235889912
1589;189,2212677001953;-292,7402648925781;67185,8359375;5,989658832550049;167,94602966308594;8,24499225616455;0,4978192150592804;0,19502097368240356;0,16935184597969055;0,008163414895534515
1590;189,2212677001953;-292,7402648925781;67185,8359375;10,872475624084473;156,24542236328125;8,589479446411133;0,4940558969974518;0,1920858472585678;0,1675957441329956;0,008047322742640972
1591;189,2212677001953;-292,7402648925781;67185,8359375;8,273635864257812;158,83045959472656;8,271271705627441;0,5193222165107727;0,20188608765602112;0,17585116624832153;0,008714931085705757
1592;189,2212677001953;-292,7402648925781;67185,8359375;8,062954902648926;158,9660186767578;8,160473823547363;0,5099232792854309;0,1976771503686905;0,17219769954681396;0,008421650156378746
1593;189,2212677001953;-292,7402648925781;67185,8359375;7,7230072021484375;160,08749389648438;7,911579132080078;0,5103593468666077;0,19668696820735931;0,17171713709831238;0,008409262634813786
1594;189,2212677001953;-292,7402648925781;67185,8359375;8,801259994506836;159,7999267578125;7,887938499450684;0,49653658270835876;0,18974624574184418;0,16632704436779022;0,00799325667321682
1595;189,2212677001953;-292,7402648925781;67185,8359375;8,451682090759277;158,58932495117188;7,832643032073975;0,5190969705581665;0,19558171927928925;0,17289882898330688;0,008590682409703732
1596;189,2212677001953;-292,7402648925781;67185,8359375;6,557148456573486;158,95726013183594;7,464269638061523;0,5011635422706604;0,19441799819469452;0,16711187362670898;0,007997753098607063
1597;189,2212677001953;-292,7402648925781;67185,8359375;7,820929050445557;158,40985107421875;7,60858678817749;0,5158653259277344;0,19472315907478333;0,17054618895053864;0,008419455029070377
1598;189,2212677001953;-292,7402648925781;67185,8359375;6,696985721588135;157,16993713378906;7,513323783874512;0,5357843041419983;0,19578443467617035;0,17546269297599792;0,008885943330824375
1599;189,2212677001953;-292,7402648925781;67185,8359375;5,813654899597168;156,0509490966797;7,377643585205078;0,5247204899787903;0,19323481619358063;0,1712435930967331;0,008563545532524586
1600;189,2212677001953;-292,7402648925781;67185,8359375;11,67924976348877;155,96817016601562;7,226996898651123;0,537107527256012;0,19433394074440002;0,1739480346441269;0,008821958675980568
1601;189,2212677001953;-292,7402648925781;67185,8359375;14,494112014770508;156,5290069580078;7,021336555480957;0,5524049401283264;0,2082059532403946;0,1791260987520218;0,009207542054355145
1602;189,2212677001953;-292,7402648925781;67185,8359375;15,530478477478027;153,5841522216797;6,872389793395996;0,5591663718223572;0,2097787857055664;0,18020741641521454;0,009328767657279968
1603;189,2212677001953;-292,7402648925781;67185,8359375;3,7688071727752686;148,6660919189453;6,692800521850586;0,537197470664978;0,1971801072359085;0,17155422270298004;0,008691994473338127
1604;189,2212677001953;-292,7402648925781;67185,8359375;14,35857105255127;150,741943359375;6,804821968078613;0,5601917505264282;0,2046341598033905;0,17772968113422394;0,009223273023962975
1605;189,2212677001953;-292,7402648925781;67185,8359375;17,28523063659668;152,7313995361328;6,414916515350342;0,5695094466209412;0,19638104736804962;0,1780313104391098;0,009299536235630512
1606;189,2212677001953;-292,7402648925781;67185,8359375;17,30876922607422;150,2605743408203;6,420230865478516;0,5760165452957153;0,19602635502815247;0,17861929535865784;0,009374190121889114
1607;189,2212677001953;-292,7402648925781;67185,8359375;23,23898696899414;150,9995880126953;6,459730625152588;0,5808462500572205;0,20087330043315887;0,1794285625219345;0,009470842778682709
1608;189,2212677001953;-292,7402648925781;67185,8359375;19,353622436523438;147,9685516357422;6,153208255767822;0,5830145478248596;0,20381972193717957;0,17927893996238708;0,009486486203968525
1609;189,2212677001953;-292,7402648925781;67185,8359375;18,28260612487793;149,1792449951172;5,850529670715332;0,582121729850769;0,2015267312526703;0,1776232272386551;0,00938687939196825
1610;189,2212677001953;-292,7402648925781;67185,8359375;24,54469871520996;149,2143096923828;5,886799335479736;0,5838316679000854;0,2004268914461136;0,17681342363357544;0,009350858628749847
1611;189,2212677001953;-292,7402648925781;67185,8359375;19,33952522277832;149,94879150390625;5,634973049163818;0,581567108631134;0,203297421336174;0,1755593866109848;0,009267188608646393
1612;189,2212677001953;-292,7402648925781;67185,8359375;12,42375659942627;147,27671813964844;5,247833251953125;0,6044068336486816;0,21112015843391418;0,18134573101997375;0,009741706773638725
1613;189,2212677001953;-292,7402648925781;67185,8359375;18,52798843383789;147,40928649902344;4,90388822555542;0,5982373952865601;0,2029620260000229;0,17761094868183136;0,0094770397990942
1614;189,2212677001953;-292,7402648925781;67185,8359375;17,93730354309082;148,04611206054688;4,7024030685424805;0,6003732681274414;0,21193672716617584;0,1784110814332962;0,009533165954053402
1615;189,2212677001953;-292,7402648925781;67185,8359375;20,76017951965332;146,35797119140625;4,646720886230469;0,6205188035964966;0,2108515053987503;0,1822393387556076;0,00985992606729269
1616;189,2212677001953;-292,7402648925781;67185,8359375;13,608607292175293;147,47967529296875;4,454040050506592;0,6066312789916992;0,21344774961471558;0,1783020943403244;0,009538593702018261
1617;189,2212677001953;-292,7402648925781;67185,8359375;21,694259643554688;147,71530151367188;4,647726058959961;0,6306897401809692;0,2070549577474594;0,18236418068408966;0,009879594668745995
1618;189,2212677001953;-292,7402648925781;67185,8359375;14,151354789733887;145,56204223632812;4,610949516296387;0,6275686621665955;0,21072380244731903;0,18130527436733246;0,009792163036763668
1619;189,2212677001953;-292,7402648925781;67185,8359375;20,70085334777832;146,15440368652344;4,3639984130859375;0,6384211778640747;0,21108999848365784;0,18321795761585236;0,009932087734341621
1620;189,2212677001953;-292,7402648925781;67185,8359375;9,150007247924805;145,8817596435547;4,301473140716553;0,6500563621520996;0,21297334134578705;0,18558785319328308;0,01009766198694706
1621;189,2212677001953;-292,7402648925781;67185,8359375;8,17160415649414;146,29876708984375;3,955543041229248;0,6564210653305054;0,2106732875108719;0,1861749142408371;0,010119332931935787
1622;189,2212677001953;-292,7402648925781;67185,8359375;10,137517929077148;145,60888671875;4,047709941864014;0,6702206134796143;0,21550701558589935;0,18961201608181;0,010349903255701065
1623;189,2212677001953;-292,7402648925781;67185,8359375;10,940376281738281;146,13194274902344;4,177464485168457;0,6635500192642212;0,21950814127922058;0,18817228078842163;0,01020684465765953
1624;189,2212677001953;-292,7402648925781;67185,8359375;12,790562629699707;144,08932495117188;4,380681991577148;0,6750980615615845;0,20855392515659332;0,18902093172073364;0,010220572352409363
1625;189,2212677001953;-292,7402648925781;67185,8359375;11,122119903564453;144,157470703125;4,353470802307129;0,7042486071586609;0,20911113917827606;0,19578449428081512;0,010644162073731422
1626;189,2212677001953;-292,7402648925781;67185,8359375;12,751136779785156;146,1582489013672;4,298593997955322;0,6706903576850891;0,20459213852882385;0,1870506852865219;0,009970253333449364
1627;189,2212677001953;-292,7402648925781;67185,8359375;9,443495750427246;148,3724365234375;4,396082401275635;0,7015265822410583;0,2102191299200058;0,19509896636009216;0,010487391613423824
1628;189,2212677001953;-292,7402648925781;67185,8359375;-0,15936875343322754;144,4214324951172;4,523169040679932;0,7188497185707092;0,2048421949148178;0,1985885202884674;0,010628210380673409
1629;189,2212677001953;-292,7402648925781;67185,8359375;6,775157451629639;148,76988220214844;4,4484100341796875;0,7240415215492249;0,21590013802051544;0,2014685720205307;0,010795767419040203
1630;189,2212677001953;-292,7402648925781;67185,8359375;14,378905296325684;146,95045471191406;4,690939426422119;0,7238396406173706;0,21584618091583252;0,2017008662223816;0,010730370879173279
1631;189,2212677001953;-292,7402648925781;67185,8359375;3,795138120651245;148,992431640625;4,669933795928955;0,744814395904541;0,22338813543319702;0,20812292397022247;0,011094687506556511
1632;189,2212677001953;-292,7402648925781;67185,8359375;10,713348388671875;147,08413696289062;4,546220302581787;0,7277957797050476;0,2112206220626831;0,20292167365550995;0,0106135169044137
1633;189,2212677001953;-292,7402648925781;67185,8359375;4,499569892883301;148,20538330078125;4,83790922164917;0,7362682819366455;0,21515889465808868;0,206079363822937;0,010738176293671131
1634;189,2212677001953;-292,7402648925781;67185,8359375;11,45535659790039;147,96710205078125;5,377470016479492;0,7549945712089539;0,22078940272331238;0,21205325424671173;0,011041196063160896
1635;189,2212677001953;-292,7402648925781;67185,8359375;-3,9771461486816406;145,4182891845703;5,284121990203857;0,7597367763519287;0,21992486715316772;0,21389718353748322;0,011045039631426334
1636;189,2212677001953;-292,7402648925781;67185,8359375;-8,472846984863281;143,67994689941406;5,382410526275635;0,7707962989807129;0,22537358105182648;0,21820960938930511;0,01122741773724556
1637;189,2212677001953;-292,7402648925781;67185,8359375;4,2980637550354;147,75042724609375;5,573512077331543;0,7742893099784851;0,22388498485088348;0,21985939145088196;0,011205221526324749
1638;189,2212677001953;-292,7402648925781;67185,8359375;-3,3941333293914795;146,82159423828125;5,547787666320801;0,7729794979095459;0,22626638412475586;0,2209058254957199;0,01116409245878458
1639;189,2212677001953;-292,7402648925781;67185,8359375;4,8888349533081055;147,76556396484375;6,216080665588379;0,7914489507675171;0,2371959239244461;0,22806118428707123;0,01152681466192007
1640;189,2212677001953;-292,7402648925781;67185,8359375;-0,04237816110253334;145,8885040283203;6,149643898010254;0,7865692973136902;0,2181040495634079;0,22559377551078796;0,011145088821649551
1641;189,2212677001953;-292,7402648925781;67185,8359375;4,501195430755615;149,07432556152344;6,582018852233887;0,7941654324531555;0,23527783155441284;0,2309587448835373;0,011441603302955627
1642;189,2212677001953;-292,7402648925781;67185,8359375;-6,25547981262207;145,91732788085938;6,622379302978516;0,7990174293518066;0,2315637767314911;0,2330188751220703;0,011413837783038616
1643;189,2212677001953;-292,7402648925781;67185,8359375;6,95840311050415;146,74301147460938;7,049376964569092;0,7923138737678528;0,2168412208557129;0,23081232607364655;0,011056357994675636
1644;189,2212677001953;-292,7402648925781;67185,8359375;10,37685489654541;146,17373657226562;7,3066630363464355;0,8063638210296631;0,22095802426338196;0,2363346815109253;0,011262881569564342
1645;189,2212677001953;-292,7402648925781;67185,8359375;9,971365928649902;146,6748809814453;7,361865997314453;0,7906426191329956;0,22301241755485535;0,2338951826095581;0,011032678186893463
1646;189,2212677001953;-292,7402648925781;67185,8359375;-6,436911582946777;145,95066833496094;7,7117462158203125;0,8359680771827698;0,2394273728132248;0,24923469126224518;0,011852022260427475
1647;189,2212677001953;-292,7402648925781;67185,8359375;9,67412281036377;146,4220428466797;8,167860984802246;0,8103107213973999;0,2295255959033966;0,24270133674144745;0,011308873072266579
1648;189,2212677001953;-292,7402648925781;67185,8359375;7,499444007873535;147,14837646484375;8,403881072998047;0,8499935269355774;0,25146257877349854;0,2574443817138672;0,012129402719438076
1649;189,2212677001953;-292,7402648925781;67185,8359375;-0,7039132118225098;146,46929931640625;8,943404197692871;0,8466044664382935;0,2512558102607727;0,2580050826072693;0,012037597596645355
1650;189,2212677001953;-292,7402648925781;67185,8359375;0,4082813560962677;146,246826171875;9,166499137878418;0,8564552068710327;0,25494667887687683;0,26258981227874756;0,012181941419839859
1651;189,2212677001953;-292,7402648925781;67185,8359375;3,4523415565490723;149,1659698486328;9,131300926208496;0,8429079651832581;0,24649475514888763;0,25929781794548035;0,01182994432747364
1652;189,2212677001953;-292,7402648925781;67185,8359375;5,9469475746154785;146,5656280517578;9,198967933654785;0,8542228937149048;0,2516654431819916;0,2644365727901459;0,012016051448881626
1653;189,2212677001953;-292,7402648925781;67185,8359375;-2,003002882003784;148,71847534179688;9,77116584777832;0,8518585562705994;0,2556329369544983;0,26569077372550964;0,012008066289126873
1654;189,2212677001953;-292,7402648925781;67185,8359375;-1,688050627708435;148,85801696777344;9,906201362609863;0,8466943502426147;0,24840421974658966;0,2646505832672119;0,011775060556828976
1655;189,2212677001953;-292,7402648925781;67185,8359375;7,870344638824463;147,93545532226562;10,553587913513184;0,8562136292457581;0,25675323605537415;0,2696405053138733;0,011996877379715443
1656;189,2212677001953;-292,7402648925781;67185,8359375;-1,5377410650253296;150,84254455566406;10,609910011291504;0,8423052430152893;0,2552966773509979;0,2668303847312927;0,011757394298911095
1657;189,2212677001953;-292,7402648925781;67185,8359375;3,7281973361968994;148,64923095703125;10,999544143676758;0,838982880115509;0,2512035369873047;0,26648277044296265;0,011592698283493519
1658;189,2212677001953;-292,7402648925781;67185,8359375;-11,51396369934082;146,24185180664062;10,756485939025879;0,8442056179046631;0,25742220878601074;0,2698551416397095;0,011730083264410496
1659;189,2212677001953;-292,7402648925781;67185,8359375;-13,413511276245117;147,54563903808594;11,353739738464355;0,840264081954956;0,26008835434913635;0,27014023065567017;0,011692081578075886
1660;189,2212677001953;-292,7402648925781;67185,8359375;-17,968538284301758;146,23216247558594;11,25151538848877;0,8466848731040955;0,2653766870498657;0,27361467480659485;0,011826968751847744
1661;189,2212677001953;-292,7402648925781;67185,8359375;-18,716299057006836;147,35960388183594;11,499791145324707;0,8370353579521179;0,2580033838748932;0,2706426978111267;0,01149795576930046
1662;189,2212677001953;-292,7402648925781;67185,8359375;-13,416892051696777;148,90866088867188;11,999557495117188;0,8423858284950256;0,2674439251422882;0,2743244767189026;0,011728818528354168
1663;189,2212677001953;-292,7402648925781;67185,8359375;-20,887924194335938;148,5115203857422;11,861958503723145;0,8525251746177673;0,2705237865447998;0,2782355546951294;0,011841796338558197
1664;189,2212677001953;-292,7402648925781;67185,8359375;-15,657288551330566;147,71011352539062;12,255833625793457;0,8384063243865967;0,26969125866889954;0,27477365732192993;0,011630075983703136
1665;189,2212677001953;-292,7402648925781;67185,8359375;-26,89676856994629;147,8661651611328;11,587039947509766;0,8333152532577515;0,2685141861438751;0,27356913685798645;0,011470379307866096
1666;189,2212677001953;-292,7402648925781;67185,8359375;-8,297131538391113;153,09439086914062;11,839272499084473;0,8448044657707214;0,2756612002849579;0,27826836705207825;0,011699694208800793
1667;189,2212677001953;-292,7402648925781;67185,8359375;-19,89764976501465;150,4495086669922;13,10940170288086;0,8449267148971558;0,2802775800228119;0,27942803502082825;0,011785096488893032
1668;189,2212677001953;-292,7402648925781;67185,8359375;-26,3498592376709;148,24049377441406;12,456631660461426;0,8381408452987671;0,2806692123413086;0,27778658270835876;0,011667940765619278
1669;189,2212677001953;-292,7402648925781;67185,8359375;-22,6595458984375;148,927734375;12,807107925415039;0,8641496896743774;0,29353901743888855;0,28738734126091003;0,012216294184327126
1670;189,2212677001953;-292,7402648925781;67185,8359375;-28,844228744506836;148,44528198242188;13,480508804321289;0,8628935217857361;0,2959645986557007;0,28751394152641296;0,012220555916428566
1671;189,2212677001953;-292,7402648925781;67185,8359375;-16,931480407714844;152,33480834960938;13,077452659606934;0,8392495512962341;0,29004862904548645;0,27954721450805664;0,0117097282782197
1672;189,2212677001953;-292,7402648925781;67185,8359375;-15,503687858581543;153,123779296875;13,546212196350098;0,8498458862304688;0,2971068024635315;0,2834334671497345;0,011916503310203552
1673;189,2212677001953;-292,7402648925781;67185,8359375;-26,156696319580078;150,87327575683594;13,336053848266602;0,8519105315208435;0,3009188771247864;0,2845827639102936;0,012032805010676384
1674;189,2212677001953;-292,7402648925781;67185,8359375;-28,221237182617188;152,94580078125;13,924426078796387;0,8493668437004089;0,30372947454452515;0,28382039070129395;0,011978655122220516
1675;189,2212677001953;-292,7402648925781;67185,8359375;-25,152820587158203;152,36508178710938;13,635086059570312;0,8600191473960876;0,31142154335975647;0,28747105598449707;0,012178347446024418
1676;189,2212677001953;-292,7402648925781;67185,8359375;-26,472658157348633;151,75009155273438;13,708295822143555;0,8658672571182251;0,315944641828537;0,2895585894584656;0,012363827787339687
1677;189,2212677001953;-292,7402648925781;67185,8359375;-24,399410247802734;151,69187927246094;14,117310523986816;0,8437166213989258;0,3111845552921295;0,28210535645484924;0,012001332826912403
1678;189,2212677001953;-292,7402648925781;67185,8359375;-23,67440414428711;152,89605712890625;14,289167404174805;0,8226898908615112;0,30669161677360535;0,27495449781417847;0,011656221933662891
1679;189,2212677001953;-292,7402648925781;67185,8359375;-28,483430862426758;152,20025634765625;13,768363952636719;0,8396102786064148;0,3171807825565338;0,28042250871658325;0,011985578574240208
1680;189,2212677001953;-292,7402648925781;67185,8359375;-27,349084854125977;152,277587890625;13,727788925170898;0,819530725479126;0,3138892948627472;0,273488849401474;0,01164779718965292
1681;189,2212677001953;-292,7402648925781;67185,8359375;-28,465478897094727;152,95663452148438;14,439393997192383;0,8135032057762146;0,31451067328453064;0,2711547911167145;0,011586464941501617
1682;189,2212677001953;-292,7402648925781;67185,8359375;-30,23035430908203;152,33779907226562;13,612824440002441;0,8072150945663452;0,31882113218307495;0,2688348889350891;0,011472661979496479
1683;189,2212677001953;-292,7402648925781;67185,8359375;-30,383197784423828;151,5999298095703;13,981954574584961;0,8106563687324524;0,3206413686275482;0,2694169878959656;0,011618050746619701
1684;189,2212677001953;-292,7402648925781;67185,8359375;-33,82193374633789;151,83616638183594;13,299430847167969;0,8012182116508484;0,32121238112449646;0,2658478915691376;0,011483484879136086
1685;189,2212677001953;-292,7402648925781;67185,8359375;-30,83118438720703;152,58250427246094;13,40149211883545;0,7872836589813232;0,3186996877193451;0,2606821060180664;0,011275749653577805
1686;189,2212677001953;-292,7402648925781;67185,8359375;-36,88669204711914;149,33184814453125;13,348957061767578;0,793491780757904;0,32809048891067505;0,26239776611328125;0,011415584944188595
1687;189,2212677001953;-292,7402648925781;67185,8359375;-32,91286849975586;151,91818237304688;12,996185302734375;0,7963865995407104;0,3268428146839142;0,2623121738433838;0,011555841192603111
1688;189,2212677001953;-292,7402648925781;67185,8359375;-35,195343017578125;150,75003051757812;12,392077445983887;0,7879707217216492;0,3287721276283264;0,25902262330055237;0,011442841961979866
1689;189,2212677001953;-292,7402648925781;67185,8359375;-33,37520217895508;151,18414306640625;12,765761375427246;0,7914855480194092;0,33533212542533875;0,259613573551178;0,011556223034858704
1690;189,2212677001953;-292,7402648925781;67185,8359375;-35,778865814208984;151,619873046875;12,747200012207031;0,7752164006233215;0,3343101739883423;0,25378379225730896;0,011295665055513382
1691;189,2212677001953;-292,7402648925781;67185,8359375;-36,63756561279297;151,60765075683594;12,244406700134277;0,7423164248466492;0,3222077786922455;0,24221207201480865;0,010731704533100128
1692;189,2212677001953;-292,7402648925781;67185,8359375;-40,78654861450195;152,72906494140625;12,213500022888184;0,7476746439933777;0,31934651732444763;0,24244213104248047;0,010896432213485241
1693;189,2212677001953;-292,7402648925781;67185,8359375;-40,187896728515625;152,52919006347656;12,142786979675293;0,757222056388855;0,33752569556236267;0,2458103448152542;0,011128708720207214
1694;189,2212677001953;-292,7402648925781;67185,8359375;-40,40247344970703;152,777587890625;11,189094543457031;0,7522398829460144;0,3358083665370941;0,24316120147705078;0,011102226562798023
1695;189,2212677001953;-292,7402648925781;67185,8359375;-42,88487243652344;150,73568725585938;11,06673812866211;0,7406469583511353;0,33202674984931946;0,23847024142742157;0,0109414579346776
1696;189,2212677001953;-292,7402648925781;67185,8359375;-40,64811706542969;151,85687255859375;10,985540390014648;0,7289140224456787;0,3285681903362274;0,23380082845687866;0,010774037800729275
1697;189,2212677001953;-292,7402648925781;67185,8359375;-40,64666748046875;150,85986328125;11,03909969329834;0,7181382775306702;0,334120512008667;0,2304307520389557;0,010618915781378746
1698;189,2212677001953;-292,7402648925781;67185,8359375;-43,127342224121094;151,2933349609375;11,010519027709961;0,7120097875595093;0,3318580687046051;0,22748667001724243;0,010566734708845615
1699;189,2212677001953;-292,7402648925781;67185,8359375;-43,684837341308594;151,0607147216797;10,49791431427002;0,693638265132904;0,324095219373703;0,22069616615772247;0,010264727286994457
1700;189,2212677001953;-292,7402648925781;67185,8359375;-43,913002014160156;151,73150634765625;10,142227172851562;0,6758511662483215;0,3139275014400482;0,2138349711894989;0,00995923113077879
1701;189,2212677001953;-292,7402648925781;67185,8359375;-45,71250534057617;150,3604278564453;10,020637512207031;0,654967188835144;0,30918240547180176;0,20689502358436584;0,009598218835890293
1702;189,2212677001953;-292,7402648925781;67185,8359375;-41,29450607299805;152,3359375;9,690509796142578;0,6453548073768616;0,30371540784835815;0,20284712314605713;0,00944963376969099
1703;189,2212677001953;-292,7402648925781;67185,8359375;-44,73722839355469;151,2001953125;8,926633834838867;0,6377235054969788;0,29912325739860535;0,19946065545082092;0,009336107410490513
1704;189,2212677001953;-292,7402648925781;67185,8359375;-42,106651306152344;152,6459503173828;8,949923515319824;0,6253463625907898;0,30167919397354126;0,19585907459259033;0,009167421609163284
1705;189,2212677001953;-292,7402648925781;67185,8359375;-40,47195053100586;152,78799438476562;8,48415470123291;0,6037861108779907;0,2887111008167267;0,18802747130393982;0,008735858835279942
1706;189,2212677001953;-292,7402648925781;67185,8359375;-40,39884948730469;152,8859100341797;8,130765914916992;0,5860124826431274;0,2783944308757782;0,18156728148460388;0,008369626477360725
1707;189,2212677001953;-292,7402648925781;67185,8359375;-44,2755126953125;151,7105712890625;7,930729389190674;0,5843100547790527;0,286960244178772;0,1816793531179428;0,008458463475108147
1708;189,2212677001953;-292,7402648925781;67185,8359375;-42,92511749267578;153,45692443847656;7,386195182800293;0,5843948125839233;0,28299862146377563;0,18057167530059814;0,008487983606755733
1709;189,2212677001953;-292,7402648925781;67185,8359375;-41,53565979003906;153,3883056640625;7,4477338790893555;0,5753476023674011;0,2793850600719452;0,17736056447029114;0,008340171538293362
1710;189,2212677001953;-292,7402648925781;67185,8359375;-43,028160095214844;152,52554321289062;6,743878364562988;0,5579824447631836;0,272198885679245;0,1717320829629898;0,007995730265974998
1711;189,2212677001953;-292,7402648925781;67185,8359375;-41,125694274902344;153,10186767578125;6,819997310638428;0,5750120282173157;0,2791061997413635;0,1763685941696167;0,008444661274552345
1712;189,2212677001953;-292,7402648925781;67185,8359375;-40,4105339050293;153,01844787597656;6,537288665771484;0,5472261905670166;0,26834559440612793;0,16791245341300964;0,007861727848649025
1713;189,2212677001953;-292,7402648925781;67185,8359375;-37,83510971069336;153,73394775390625;6,1928229331970215;0,5328043103218079;0,26061418652534485;0,16313733160495758;0,007549279369413853
1714;189,2212677001953;-292,7402648925781;67185,8359375;-38,37860107421875;153,72361755371094;6,219229698181152;0,5219703316688538;0,26004311442375183;0,16032929718494415;0,007391457445919514
1715;189,2212677001953;-292,7402648925781;67185,8359375;-37,706478118896484;153,38961791992188;6,004497051239014;0,5452784299850464;0,2647950351238251;0,16635218262672424;0,00795676838606596
1716;189,2212677001953;-292,7402648925781;67185,8359375;-36,44342803955078;154,14715576171875;5,783222198486328;0,5341936349868774;0,2682906985282898;0,16423159837722778;0,007844049483537674
1717;189,2212677001953;-292,7402648925781;67185,8359375;-35,58333969116211;154,43804931640625;5,127835750579834;0,5204371809959412;0,2547856569290161;0,1590310037136078;0,00746888667345047
1718;189,2212677001953;-292,7402648925781;67185,8359375;-36,891395568847656;154,26251220703125;5,421245574951172;0,5160611271858215;0,26398760080337524;0,15948496758937836;0,007556373253464699
1719;189,2212677001953;-292,7402648925781;67185,8359375;-31,81075668334961;155,68975830078125;5,289923191070557;0,5000180602073669;0,2585020661354065;0,15509085357189178;0,007229366339743137
1720;189,2212677001953;-292,7402648925781;67185,8359375;-33,35776138305664;155,05810546875;5,050949573516846;0,4715108573436737;0,24803410470485687;0,1471112072467804;0,006568408105522394
1721;189,2212677001953;-292,7402648925781;67185,8359375;-33,53759002685547;155,84530639648438;4,654966354370117;0,47742608189582825;0,2481311410665512;0,14874522387981415;0,0067601935006678104
1722;189,2212677001953;-292,7402648925781;67185,8359375;-32,0214729309082;155,88658142089844;4,815522193908691;0,47001883387565613;0,25186970829963684;0,14794142544269562;0,006686211097985506
1723;189,2212677001953;-292,7402648925781;67185,8359375;-31,384258270263672;156,62042236328125;4,78518009185791;0,4687706232070923;0,24845784902572632;0,1474817842245102;0,006691464688628912
1724;189,2212677001953;-292,7402648925781;67185,8359375;-31,112316131591797;156,85177612304688;4,7095866203308105;0,4626621901988983;0,23764531314373016;0,1447998732328415;0,0064933206886053085
1725;189,2212677001953;-292,7402648925781;67185,8359375;-31,125925064086914;156,7203826904297;4,344781398773193;0,4493829905986786;0,2435060441493988;0,14307591319084167;0,006306213792413473
1726;189,2212677001953;-292,7402648925781;67185,8359375;-27,732105255126953;158,19749450683594;4,6466383934021;0,43260854482650757;0,23220719397068024;0,13786332309246063;0,005860313773155212
1727;189,2212677001953;-292,7402648925781;67185,8359375;-25,335329055786133;155,78150939941406;4,3986639976501465;0,40866702795028687;0,22210143506526947;0,13115529716014862;0,0052014729008078575
1728;189,2212677001953;-292,7402648925781;67185,8359375;-24,26725959777832;154,6670379638672;4,319236755371094;0,4303361475467682;0,22630175948143005;0,13748711347579956;0,005855318158864975
1729;189,2212677001953;-292,7402648925781;67185,8359375;-21,851057052612305;160,31787109375;4,3789520263671875;0,4488537609577179;0,22831830382347107;0,14285939931869507;0,006371870171278715
1730;189,2212677001953;-292,7402648925781;67185,8359375;-19,242103576660156;156,6990509033203;4,575126647949219;0,46497488021850586;0,23286014795303345;0,14813685417175293;0,006856722291558981
1731;189,2212677001953;-292,7402648925781;67185,8359375;-19,55326271057129;161,2856903076172;4,6843366622924805;0,3992682993412018;0,22273686528205872;0,13126082718372345;0,0051297652535140514
1732;189,2212677001953;-292,7402648925781;67185,8359375;-19,14520263671875;161,8893585205078;4,786764621734619;0,43119531869888306;0,22152744233608246;0,13954313099384308;0,006053051445633173
1733;189,2212677001953;-292,7402648925781;67185,8359375;-18,04432487487793;162,25082397460938;4,938994407653809;0,4120924770832062;0,21545915305614471;0,13458190858364105;0,005557900294661522
1734;189,2212677001953;-292,7402648925781;67185,8359375;-17,796560287475586;162,27792358398438;5,125680923461914;0,4239010512828827;0,21981140971183777;0,13887599110603333;0,0059614889323711395
1735;189,2212677001953;-292,7402648925781;67185,8359375;-15,442917823791504;164,1857452392578;5,243529319763184;0,4228241741657257;0,2153347283601761;0,13867652416229248;0,0059385099448263645
1736;189,2212677001953;-292,7402648925781;67185,8359375;-15,737554550170898;163,59315490722656;5,413477420806885;0,42650842666625977;0,2134241759777069;0,1400868445634842;0,006058400962501764
1737;189,2212677001953;-292,7402648925781;67185,8359375;-11,67960262298584;167,02911376953125;5,671498775482178;0,43056806921958923;0,2179017961025238;0,14250308275222778;0,0062582362443208694
1738;189,2212677001953;-292,7402648925781;67185,8359375;-13,095541954040527;167,02005004882812;5,776376724243164;0,4299517571926117;0,21752029657363892;0,14302824437618256;0,006277755368500948
1739;189,2212677001953;-292,7402648925781;67185,8359375;-11,697153091430664;168,16717529296875;6,12940788269043;0,4226529002189636;0,212612584233284;0,141153946518898;0,006088801193982363
1740;189,2212677001953;-292,7402648925781;67185,8359375;-10,851858139038086;168,98617553710938;6,175103664398193;0,4226362705230713;0,20720361173152924;0,14114493131637573;0,006086084991693497
1741;189,2212677001953;-292,7402648925781;67185,8359375;-7,5727858543396;170,51287841796875;6,215487957000732;0,425565630197525;0,2079971432685852;0,14274565875530243;0,00621010223403573
1742;189,2212677001953;-292,7402648925781;67185,8359375;-8,43464183807373;171,3860626220703;6,519579887390137;0,4342440068721771;0,20645403861999512;0,14563137292861938;0,0064580244943499565
1743;189,2212677001953;-292,7402648925781;67185,8359375;-6,243378162384033;172,91622924804688;6,68549919128418;0,42356348037719727;0,20074842870235443;0,1426391303539276;0,0061629414558410645
1744;189,2212677001953;-292,7402648925781;67185,8359375;-6,956119537353516;172,940185546875;6,900671482086182;0,43630003929138184;0,2048039585351944;0,14735008776187897;0,0065699173137545586
1745;189,2212677001953;-292,7402648925781;67185,8359375;-6,430297374725342;174,4939727783203;6,978035926818848;0,4298918843269348;0,19707819819450378;0,14525750279426575;0,006350242532789707
1746;189,2212677001953;-292,7402648925781;67185,8359375;-6,410933494567871;175,1226806640625;7,386537551879883;0,4298393726348877;0,19776199758052826;0,14590762555599213;0,006400612182915211
1747;189,2212677001953;-292,7402648925781;67185,8359375;-1,4163669347763062;175,76605224609375;7,539201736450195;0,4409869611263275;0,19874441623687744;0,14979678392410278;0,006725027225911617
1748;189,2212677001953;-292,7402648925781;67185,8359375;-1,507616639137268;175,78688049316406;7,665012836456299;0,4417407810688019;0,19608134031295776;0,1502588540315628;0,006740909069776535
1749;189,2212677001953;-292,7402648925781;67185,8359375;-2,8752799034118652;177,5572509765625;7,733288764953613;0,4478757977485657;0,1954992264509201;0,15249648690223694;0,006908198818564415
1750;189,2212677001953;-292,7402648925781;67185,8359375;-1,887735366821289;177,957275390625;7,843332290649414;0,45050278306007385;0,19429926574230194;0,15360575914382935;0,00698205828666687
1751;189,2212677001953;-292,7402648925781;67185,8359375;-3,0239064693450928;178,21859741210938;7,960567951202393;0,44232305884361267;0,19015546143054962;0,151137575507164;0,006763258948922157
1752;189,2212677001953;-292,7402648925781;67185,8359375;-0,7669290900230408;179,6913299560547;8,435644149780273;0,4451853334903717;0,1890820860862732;0,15223616361618042;0,006840573623776436
1753;189,2212677001953;-292,7402648925781;67185,8359375;-3,7547364234924316;179,8612060546875;8,484013557434082;0,45388564467430115;0,18971006572246552;0,15523597598075867;0,0070650107227265835
1754;189,2212677001953;-292,7402648925781;67185,8359375;-2,596797227859497;179,117919921875;8,4096097946167;0,4661646783351898;0,19353827834129333;0,15954919159412384;0,007441894616931677
1755;189,2212677001953;-292,7402648925781;67185,8359375;-1,5651103258132935;181,74322509765625;8,749505043029785;0,45331570506095886;0,1863420605659485;0,15516826510429382;0,007046694867312908
1756;189,2212677001953;-292,7402648925781;67185,8359375;-0,8328160047531128;180,41265869140625;8,742152214050293;0,4615476131439209;0,1877996325492859;0,15795572102069855;0,007271152921020985
1757;189,2212677001953;-292,7402648925781;67185,8359375;-3,642932176589966;180,6322784423828;8,961066246032715;0,46456125378608704;0,18743807077407837;0,1589144915342331;0,007349763996899128
1758;189,2212677001953;-292,7402648925781;67185,8359375;1,651560664176941;181,6210479736328;8,9837007522583;0,4729558229446411;0,18926700949668884;0,16163119673728943;0,007591727189719677
1759;189,2212677001953;-292,7402648925781;67185,8359375;0,7411327958106995;181,38623046875;8,927552223205566;0,46287286281585693;0,18353581428527832;0,15794716775417328;0,007288292516022921
1760;189,2212677001953;-292,7402648925781;67185,8359375;0,11532511562108994;182,5554656982422;8,786371231079102;0,49075981974601746;0,1939362734556198;0,16746695339679718;0,00801756326109171
1761;189,2212677001953;-292,7402648925781;67185,8359375;5,212647914886475;181,95745849609375;8,575071334838867;0,4924766421318054;0,1936245560646057;0,1678036004304886;0,008042514324188232
1762;189,2212677001953;-292,7402648925781;67185,8359375;3,27083158493042;182,30172729492188;8,853155136108398;0,5000755786895752;0,19639359414577484;0,17020933330059052;0,00820822175592184
1763;189,2212677001953;-292,7402648925781;67185,8359375;8,402616500854492;182,0757293701172;8,861644744873047;0,5024363994598389;0,19574390351772308;0,17050698399543762;0,008277038112282753
1764;189,2212677001953;-292,7402648925781;67185,8359375;6,4336748123168945;181,90032958984375;8,691598892211914;0,5108067989349365;0,1983424574136734;0,17293010652065277;0,008482260629534721
1765;189,2212677001953;-292,7402648925781;67185,8359375;4,2342753410339355;182,06736755371094;8,845053672790527;0,5106805562973022;0,19822606444358826;0,17249396443367004;0,008438781835138798
1766;189,2212677001953;-292,7402648925781;67185,8359375;7,443226337432861;183,32737731933594;8,56562614440918;0,5250868201255798;0,20332737267017365;0,1768188178539276;0,008807084523141384
1767;189,2212677001953;-292,7402648925781;67185,8359375;6,578111171722412;182,65187072753906;8,59206485748291;0,5073720812797546;0,1937790811061859;0,16994202136993408;0,008301171474158764
1768;189,2212677001953;-292,7402648925781;67185,8359375;2,4260756969451904;181,85484313964844;8,45368480682373;0,5158941745758057;0,19528695940971375;0,17196427285671234;0,008503506891429424
1769;189,2212677001953;-292,7402648925781;67185,8359375;3,7785112857818604;183,5608673095703;8,081328392028809;0,5051827430725098;0,19546282291412354;0,16837872564792633;0,008123998530209064
1770;189,2212677001953;-292,7402648925781;67185,8359375;5,9358015060424805;183,79193115234375;8,15384578704834;0,4994135797023773;0,19098979234695435;0,1654607355594635;0,007939263246953487
1771;189,2212677001953;-292,7402648925781;67185,8359375;5,256562232971191;181,479248046875;8,24217414855957;0,5405361652374268;0,20040325820446014;0,17741823196411133;0,009027833119034767
1772;189,2212677001953;-292,7402648925781;67185,8359375;5,427083492279053;182,01541137695312;8,101911544799805;0,5346143841743469;0,19775383174419403;0,1745951920747757;0,008827967569231987
1773;189,2212677001953;-292,7402648925781;67185,8359375;0,59160315990448;178,34988403320312;7,954049587249756;0,5381446480751038;0,19989526271820068;0,17499811947345734;0,008877234533429146
1774;189,2212677001953;-292,7402648925781;67185,8359375;4,895744800567627;179,89004516601562;7,743272304534912;0,5551851987838745;0,20593123137950897;0,17956499755382538;0,009268752299249172
1775;189,2212677001953;-292,7402648925781;67185,8359375;9,033007621765137;180,12757873535156;7,504197120666504;0,5555053353309631;0,20887716114521027;0,17909584939479828;0,009235773235559464
1776;189,2212677001953;-292,7402648925781;67185,8359375;5,533518314361572;178,67247009277344;7,42737340927124;0,5284496545791626;0,19038039445877075;0,16826899349689484;0,008446822874248028
1777;189,2212677001953;-292,7402648925781;67185,8359375;8,266050338745117;178,5043182373047;7,5405802726745605;0,5666688084602356;0,20615623891353607;0,179670050740242;0,009380544535815716
1778;189,2212677001953;-292,7402648925781;67185,8359375;14,864267349243164;180,97174072265625;7,115880012512207;0,5604820847511292;0,19416356086730957;0,1753307431936264;0,009090200066566467
1779;189,2212677001953;-292,7402648925781;67185,8359375;15,812093734741211;177,4076385498047;7,071996212005615;0,5751161575317383;0,199190154671669;0,1788049340248108;0,009391726925969124
1780;189,2212677001953;-292,7402648925781;67185,8359375;8,11143970489502;174,5487060546875;7,095879554748535;0,5795786380767822;0,20374616980552673;0,17948919534683228;0,00947282649576664
1781;189,2212677001953;-292,7402648925781;67185,8359375;19,736034393310547;177,0935821533203;6,893902778625488;0,5759703516960144;0,20296300947666168;0,17733611166477203;0,009331152774393559
1782;189,2212677001953;-292,7402648925781;67185,8359375;17,667800903320312;176,28038024902344;6,532436847686768;0,5844320058822632;0,2012726217508316;0,17818637192249298;0,009431806392967701
1783;189,2212677001953;-292,7402648925781;67185,8359375;12,041106224060059;176,95098876953125;6,5604777336120605;0,5800604224205017;0,1982244849205017;0,17554929852485657;0,009252592921257019
1784;189,2212677001953;-292,7402648925781;67185,8359375;15,101639747619629;178,03118896484375;6,341567516326904;0,5811159610748291;0,20296961069107056;0,17540158331394196;0,00925511959940195
1785;189,2212677001953;-292,7402648925781;67185,8359375;24,03101921081543;178,94964599609375;5,938077449798584;0,6053737998008728;0,21036800742149353;0,18148426711559296;0,009754565544426441
1786;189,2212677001953;-292,7402648925781;67185,8359375;7,875354766845703;176,76075744628906;5,672574996948242;0,5970869064331055;0,20503823459148407;0,1776159703731537;0,009473908692598343
1787;189,2212677001953;-292,7402648925781;67185,8359375;6,879115581512451;178,10279846191406;5,3892502784729;0,5963067412376404;0,2056868076324463;0,17651453614234924;0,009398303925991058
1788;189,2212677001953;-292,7402648925781;67185,8359375;6,508742809295654;177,2158660888672;5,291558742523193;0,6158552765846252;0,2108478993177414;0,18109548091888428;0,009769274853169918
1789;189,2212677001953;-292,7402648925781;67185,8359375;11,547967910766602;177,97232055664062;5,2815165519714355;0,6110014319419861;0,21171364188194275;0,17911255359649658;0,009613439440727234
1790;189,2212677001953;-292,7402648925781;67185,8359375;17,177379608154297;179,63279724121094;5,372245788574219;0,6294058561325073;0,2035318911075592;0,18156544864177704;0,009816605597734451
1791;189,2212677001953;-292,7402648925781;67185,8359375;3,9878244400024414;178,30364990234375;5,204344272613525;0,6291460394859314;0,2143138349056244;0,18220221996307373;0,009856818243861198
1792;189,2212677001953;-292,7402648925781;67185,8359375;7,084559440612793;177,67564392089844;5,043445587158203;0,6352291703224182;0,21111881732940674;0,18245744705200195;0,00987315271049738
1793;189,2212677001953;-292,7402648925781;67185,8359375;10,893613815307617;177,12631225585938;5,197018146514893;0,6393051147460938;0,21145710349082947;0,1828048676252365;0,009884892031550407
1794;189,2212677001953;-292,7402648925781;67185,8359375;2,115283489227295;179,97610473632812;4,651000499725342;0,6504499912261963;0,209490567445755;0,1845853328704834;0,009999864734709263
1795;189,2212677001953;-292,7402648925781;67185,8359375;2,7856528759002686;175,6947784423828;4,889384746551514;0,66206955909729;0,21560433506965637;0,1876920759677887;0,01020719949156046
1796;189,2212677001953;-292,7402648925781;67185,8359375;5,908988952636719;179,2333526611328;4,911825180053711;0,6575472354888916;0,21950823068618774;0,1867593675851822;0,010097903199493885
1797;189,2212677001953;-292,7402648925781;67185,8359375;18,82396125793457;179,49026489257812;5,126219749450684;0,6633740663528442;0,20866341888904572;0,18625546991825104;0,010020749643445015
1798;189,2212677001953;-292,7402648925781;67185,8359375;-4,597344398498535;175,63229370117188;5,175300598144531;0,7015718221664429;0,2112104892730713;0,19542886316776276;0,010628520511090755
1799;189,2212677001953;-292,7402648925781;67185,8359375;12,467352867126465;178,86898803710938;5,084761142730713;0,6718274354934692;0,2040649652481079;0,1872486025094986;0,009983191266655922
1800;189,2212677001953;-292,7402648925781;67185,8359375;6,478597640991211;180,39637756347656;5,011311054229736;0,7059096693992615;0,2083037793636322;0,19588494300842285;0,010533385910093784
1801;189,2212677001953;-292,7402648925781;67185,8359375;6,683371067047119;178,44244384765625;5,221351146697998;0,7136456966400146;0,2083936184644699;0,19780945777893066;0,010595289058983326
1802;189,2212677001953;-292,7402648925781;67185,8359375;6,6304216384887695;176,9264678955078;5,316061973571777;0,723427951335907;0,21054798364639282;0,20060819387435913;0,010716214776039124
1803;189,2212677001953;-292,7402648925781;67185,8359375;6,718296527862549;178,5185546875;5,317569732666016;0,7265442609786987;0,21829025447368622;0,20267510414123535;0,010804166086018085
1804;189,2212677001953;-292,7402648925781;67185,8359375;-4,201176643371582;176,42462158203125;5,502497673034668;0,7349547147750854;0,2196958363056183;0,20526760816574097;0,010893805883824825
1805;189,2212677001953;-292,7402648925781;67185,8359375;1,1698908805847168;175,3400115966797;5,397579193115234;0,7273073792457581;0,20980675518512726;0,2026175707578659;0,0105873579159379
1806;189,2212677001953;-292,7402648925781;67185,8359375;-13,2721529006958;174,71456909179688;5,450790882110596;0,7388153672218323;0,2170412838459015;0,20694167912006378;0,010802019387483597
1807;189,2212677001953;-292,7402648925781;67185,8359375;3,7502799034118652;175,65760803222656;6,019290924072266;0,7525548934936523;0,21882620453834534;0,21120205521583557;0,010978477075695992
1808;189,2212677001953;-292,7402648925781;67185,8359375;-11,33272647857666;173,14404296875;6,063913822174072;0,7555078268051147;0,22145023941993713;0,21306537091732025;0,011001257225871086
1809;189,2212677001953;-292,7402648925781;67185,8359375;-13,933353424072266;173,76834106445312;5,980295658111572;0,7664996981620789;0,22093789279460907;0,21657657623291016;0,011104523204267025
1810;189,2212677001953;-292,7402648925781;67185,8359375;-5,975304126739502;174,08132934570312;6,2163519859313965;0,7739650011062622;0,22357173264026642;0,21973684430122375;0,011196328327059746
1811;189,2212677001953;-292,7402648925781;67185,8359375;2,4741158485412598;175,25128173828125;6,223851203918457;0,7707331776618958;0,21882089972496033;0,21938641369342804;0,011030983179807663
1812;189,2212677001953;-292,7402648925781;67185,8359375;-13,418126106262207;172,2609100341797;6,645809173583984;0,7777326703071594;0,23273591697216034;0,22405999898910522;0,011265845037996769
1813;189,2212677001953;-292,7402648925781;67185,8359375;-10,149612426757812;175,62034606933594;6,8577375411987305;0,7870205640792847;0,21925397217273712;0,22584816813468933;0,01116842869669199
1814;189,2212677001953;-292,7402648925781;67185,8359375;-7,49898099899292;177,49134826660156;7,323606967926025;0,8005231022834778;0,2364194691181183;0,23270827531814575;0,011549478396773338
1815;189,2212677001953;-292,7402648925781;67185,8359375;-11,835775375366211;178,35595703125;7,438945293426514;0,7910191416740417;0,21874728798866272;0,22936654090881348;0,0111169358715415
1816;189,2212677001953;-292,7402648925781;67185,8359375;-3,9891839027404785;178,47508239746094;7,743070602416992;0,8000794649124146;0,21377193927764893;0,23244746029376984;0,011112487874925137
1817;189,2212677001953;-292,7402648925781;67185,8359375;-10,42154598236084;173,66343688964844;8,024653434753418;0,8115643858909607;0,22056838870048523;0,23763693869113922;0,011326377280056477
1818;189,2212677001953;-292,7402648925781;67185,8359375;-5,682626724243164;178,43716430664062;8,196651458740234;0,7863417863845825;0,2283710092306137;0,23344680666923523;0,0110497260466218
1819;189,2212677001953;-292,7402648925781;67185,8359375;-1,2413591146469116;180,972900390625;8,563484191894531;0,8201666474342346;0,2362382411956787;0,2446890026330948;0,011589886620640755
1820;189,2212677001953;-292,7402648925781;67185,8359375;3,142796277999878;179,59771728515625;9,145247459411621;0,8041369915008545;0,22769314050674438;0,24083897471427917;0,011197267100214958
1821;189,2212677001953;-292,7402648925781;67185,8359375;-0,654642641544342;179,85060119628906;9,33293628692627;0,8347036838531494;0,24694693088531494;0,2528114318847656;0,011856175027787685
1822;189,2212677001953;-292,7402648925781;67185,8359375;-9,161718368530273;179,34681701660156;9,730087280273438;0,8497475981712341;0,2530786097049713;0,25907546281814575;0,012106666341423988
1823;189,2212677001953;-292,7402648925781;67185,8359375;-15,709540367126465;178,7438507080078;9,916519165039062;0,8479564785957336;0,2538481652736664;0,26016801595687866;0,012051943689584732
1824;189,2212677001953;-292,7402648925781;67185,8359375;-9,07188892364502;184,24989318847656;9,928576469421387;0,8302203416824341;0,24276335537433624;0,25538939237594604;0,011605056934058666
1825;189,2212677001953;-292,7402648925781;67185,8359375;3,461113452911377;186,3738555908203;9,837663650512695;0,856899619102478;0,25292158126831055;0,26532334089279175;0,012070984579622746
1826;189,2212677001953;-292,7402648925781;67185,8359375;-2,2495505809783936;182,99554443359375;10,708268165588379;0,8603986501693726;0,25669074058532715;0,26815277338027954;0,012134518474340439
1827;189,2212677001953;-292,7402648925781;67185,8359375;-17,792625427246094;180,8992156982422;10,97930908203125;0,851799726486206;0,2515566945075989;0,26646092534065247;0,011894763447344303
1828;189,2212677001953;-292,7402648925781;67185,8359375;-8,001087188720703;181,7097930908203;11,276163101196289;0,8661714196205139;0,2600495517253876;0,2728158235549927;0,012177138589322567
1829;189,2212677001953;-292,7402648925781;67185,8359375;-5,040668964385986;185,99444580078125;11,514670372009277;0,848465621471405;0,2579946219921112;0,26889339089393616;0,011881078593432903
1830;189,2212677001953;-292,7402648925781;67185,8359375;-6,054131984710693;185,01412963867188;11,928953170776367;0,8484354615211487;0,25244081020355225;0,26926445960998535;0,011724165640771389
1831;189,2212677001953;-292,7402648925781;67185,8359375;-26,732524871826172;178,4327850341797;11,728841781616211;0,8505264520645142;0,25853845477104187;0,27175846695899963;0,011824372224509716
1832;189,2212677001953;-292,7402648925781;67185,8359375;-27,489946365356445;181,8414764404297;11,76843547821045;0,8436411023139954;0,26008522510528564;0,27107083797454834;0,011730341240763664
1833;189,2212677001953;-292,7402648925781;67185,8359375;-19,680133819580078;185,90921020507812;12,330044746398926;0,8372600674629211;0,2633417248725891;0,27070674300193787;0,011678203009068966
1834;189,2212677001953;-292,7402648925781;67185,8359375;-30,87561798095703;184,09332275390625;12,512395858764648;0,8339113593101501;0,25874897837638855;0,2698945105075836;0,011488531716167927
1835;189,2212677001953;-292,7402648925781;67185,8359375;-26,082294464111328;183,52613830566406;13,027802467346191;0,8487133383750916;0,2694209814071655;0,27637866139411926;0,011840044520795345
1836;189,2212677001953;-292,7402648925781;67185,8359375;-35,962947845458984;183,5469207763672;12,373152732849121;0,8438599705696106;0,26698821783065796;0,27527305483818054;0,011666887439787388
1837;189,2212677001953;-292,7402648925781;67185,8359375;-27,68498992919922;184,6510009765625;12,712983131408691;0,8409971594810486;0,2697688639163971;0,27548545598983765;0,011652887798845768
1838;189,2212677001953;-292,7402648925781;67185,8359375;-31,71583366394043;186,69577026367188;12,68791675567627;0,8373432159423828;0,271458238363266;0,27520883083343506;0,011601101607084274
1839;189,2212677001953;-292,7402648925781;67185,8359375;-32,53004837036133;186,52772521972656;12,806476593017578;0,8452901244163513;0,27564388513565063;0,278391033411026;0,011700824834406376
1840;189,2212677001953;-292,7402648925781;67185,8359375;-30,506580352783203;186,74110412597656;13,938936233520508;0,8485488891601562;0,28151559829711914;0,2806345224380493;0,011850970797240734
1841;189,2212677001953;-292,7402648925781;67185,8359375;-30,864145278930664;186,3459930419922;13,60059642791748;0,8492788672447205;0,2841719686985016;0,281415730714798;0,011852671392261982
1842;189,2212677001953;-292,7402648925781;67185,8359375;-35,0018424987793;186,33680725097656;13,9431734085083;0,8682016134262085;0,2949858009815216;0,2887600362300873;0,012292604893445969
1843;189,2212677001953;-292,7402648925781;67185,8359375;-25,891199111938477;188,32125854492188;14,357315063476562;0,8617321252822876;0,2953484356403351;0,28702235221862793;0,012181284837424755
1844;189,2212677001953;-292,7402648925781;67185,8359375;-25,87114715576172;188,76206970214844;13,837574005126953;0,8356384634971619;0,2888147830963135;0,27836495637893677;0,011651373468339443
1845;189,2212677001953;-292,7402648925781;67185,8359375;-25,969181060791016;189,5081329345703;14,477644920349121;0,8546836376190186;0,2987475097179413;0,2851502597332001;0,012032429687678814
1846;189,2212677001953;-292,7402648925781;67185,8359375;-28,62995147705078;189,45176696777344;14,352595329284668;0,8604148626327515;0,303897500038147;0,2874317765235901;0,012186427600681782
1847;189,2212677001953;-292,7402648925781;67185,8359375;-35,812294006347656;189,41119384765625;14,747771263122559;0,8618429899215698;0,30808025598526;0,288009911775589;0,01220777165144682
1848;189,2212677001953;-292,7402648925781;67185,8359375;-26,241104125976562;191,92247009277344;14,755311012268066;0,8626802563667297;0,31212565302848816;0,28838714957237244;0,012239273637533188
1849;189,2212677001953;-292,7402648925781;67185,8359375;-28,374271392822266;189,4667510986328;14,973073959350586;0,8673235774040222;0,31676316261291504;0,2900300621986389;0,012379547581076622
1850;189,2212677001953;-292,7402648925781;67185,8359375;-34,12865447998047;190,37460327148438;14,989884376525879;0,8570776581764221;0,31619715690612793;0,28657063841819763;0,012238547205924988
1851;189,2212677001953;-292,7402648925781;67185,8359375;-32,43274688720703;191,01779174804688;15,229325294494629;0,8382602334022522;0,3132849335670471;0,28015562891960144;0,011921657249331474
1852;189,2212677001953;-292,7402648925781;67185,8359375;-39,85762405395508;192,36956787109375;14,627664566040039;0,8423932194709778;0,3177167773246765;0,28134647011756897;0,012044427916407585
1853;189,2212677001953;-292,7402648925781;67185,8359375;-34,387420654296875;191,89369201660156;14,812244415283203;0,8235002160072327;0,31624191999435425;0,2748349905014038;0,011705653741955757
1854;189,2212677001953;-292,7402648925781;67185,8359375;-35,8607292175293;189,33583068847656;15,552657127380371;0,8204307556152344;0,3181833028793335;0,27349966764450073;0,01169952005147934
1855;189,2212677001953;-292,7402648925781;67185,8359375;-38,60459899902344;189,89935302734375;14,907679557800293;0,8110299706459045;0,31931400299072266;0,27006107568740845;0,011556191369891167
1856;189,2212677001953;-292,7402648925781;67185,8359375;-38,96704864501953;192,11251831054688;14,832432746887207;0,8139563798904419;0,3210725784301758;0,27047085762023926;0,011686076410114765
1857;189,2212677001953;-292,7402648925781;67185,8359375;-38,67799377441406;191,17718505859375;14,526327133178711;0,8013138771057129;0,32135289907455444;0,26588675379753113;0,01148417592048645
1858;189,2212677001953;-292,7402648925781;67185,8359375;-42,8928108215332;189,43141174316406;14,88869571685791;0,7885137796401978;0,31897085905075073;0,2610764503479004;0,011299900710582733
1859;189,2212677001953;-292,7402648925781;67185,8359375;-37,8254280090332;190,98985290527344;14,347789764404297;0,7991027235984802;0,33012229204177856;0,2642352879047394;0,011521507985889912
1860;189,2212677001953;-292,7402648925781;67185,8359375;-44,350860595703125;190,04507446289062;13,876568794250488;0,789252758026123;0,32374370098114014;0,2599506378173828;0,011422517709434032
1861;189,2212677001953;-292,7402648925781;67185,8359375;-39,43405532836914;191,04666137695312;13,638577461242676;0,7921959757804871;0,32943785190582275;0,26032814383506775;0,011525915004312992
1862;189,2212677001953;-292,7402648925781;67185,8359375;-43,91619873046875;190,39410400390625;13,5912504196167;0,7845182418823242;0,33064407110214233;0,2571869194507599;0,011431930586695671
1863;189,2212677001953;-292,7402648925781;67185,8359375;-43,36507797241211;192,1016387939453;13,425027847290039;0,7751392722129822;0,33618026971817017;0,2539278268814087;0,011283575557172298
1864;189,2212677001953;-292,7402648925781;67185,8359375;-43,180908203125;191,15806579589844;13,29200267791748;0,7458075881004333;0,320998877286911;0,24310605227947235;0,010804621502757072
1865;189,2212677001953;-292,7402648925781;67185,8359375;-45,482601165771484;191,61428833007812;13,330917358398438;0,735806405544281;0,3180796802043915;0,23894955217838287;0,010668371804058552
1866;189,2212677001953;-292,7402648925781;67185,8359375;-46,48594665527344;191,43365478515625;12,912150382995605;0,7559940218925476;0,33855876326560974;0,24557030200958252;0,011098738759756088
1867;189,2212677001953;-292,7402648925781;67185,8359375;-47,424102783203125;191,8124237060547;12,223736763000488;0,7419029474258423;0,3294535279273987;0,2396451085805893;0,010904175229370594
1868;189,2212677001953;-292,7402648925781;67185,8359375;-48,64906692504883;190,59320068359375;11,883735656738281;0,7432641983032227;0,3309263288974762;0,23907795548439026;0,010992718860507011
1869;189,2212677001953;-292,7402648925781;67185,8359375;-47,36025619506836;190,09829711914062;12,06232738494873;0,730932891368866;0,3292398154735565;0,23442506790161133;0,010813617147505283
1870;189,2212677001953;-292,7402648925781;67185,8359375;-49,89677429199219;189,80667114257812;11,943615913391113;0,731748104095459;0,33793905377388;0,2345166951417923;0,01089084055274725
1871;189,2212677001953;-292,7402648925781;67185,8359375;-50,80463790893555;190,28634643554688;11,789685249328613;0,7071658372879028;0,3301512897014618;0,22600507736206055;0,010469787754118443
1872;189,2212677001953;-292,7402648925781;67185,8359375;-49,66749954223633;189,286865234375;11,292094230651855;0,6871411800384521;0,32106590270996094;0,2186315357685089;0,010133151896297932
1873;189,2212677001953;-292,7402648925781;67185,8359375;-49,166866302490234;190,69561767578125;11,200276374816895;0,673427164554596;0,3117651343345642;0,21294601261615753;0,009905663318932056
1874;189,2212677001953;-292,7402648925781;67185,8359375;-54,694580078125;187,33387756347656;10,840899467468262;0,6501776576042175;0,306266725063324;0,2053035944700241;0,00949567835777998
1875;189,2212677001953;-292,7402648925781;67185,8359375;-49,58600616455078;189,80508422851562;10,678845405578613;0,6539371609687805;0,30577921867370605;0,2053002268075943;0,00962253101170063
1876;189,2212677001953;-292,7402648925781;67185,8359375;-46,0392951965332;191,43247985839844;9,981037139892578;0,6483121514320374;0,30588001012802124;0,20300127565860748;0,009572536684572697
1877;189,2212677001953;-292,7402648925781;67185,8359375;-46,41374588012695;192,16192626953125;9,982731819152832;0,6201770305633545;0,2990913689136505;0,19422928988933563;0,009054883383214474
1878;189,2212677001953;-292,7402648925781;67185,8359375;-46,15837097167969;191,38685607910156;9,583292961120605;0,6123231053352356;0,2953624427318573;0,19102807343006134;0,008940894156694412
1879;189,2212677001953;-292,7402648925781;67185,8359375;-48,527679443359375;190,11544799804688;9,241385459899902;0,5986528992652893;0,28520238399505615;0,18559201061725616;0,008666042238473892
1880;189,2212677001953;-292,7402648925781;67185,8359375;-50,46027755737305;190,17543029785156;8,992300033569336;0,584479570388794;0,2853655517101288;0,18150180578231812;0,008451415225863457
1881;189,2212677001953;-292,7402648925781;67185,8359375;-49,28356170654297;190,85130310058594;8,448495864868164;0,5851390957832336;0,2860219180583954;0,18117225170135498;0,008525565266609192
1882;189,2212677001953;-292,7402648925781;67185,8359375;-46,78241729736328;191,2890625;8,581177711486816;0,574052095413208;0,27857717871665955;0,17693714797496796;0,008308015763759613
1883;189,2212677001953;-292,7402648925781;67185,8359375;-47,96309280395508;190,42347717285156;7,8093719482421875;0,5523236989974976;0,27159881591796875;0,1702985018491745;0,007880937308073044
1884;189,2212677001953;-292,7402648925781;67185,8359375;-45,231353759765625;190,93833923339844;7,890108585357666;0,560620129108429;0,27246031165122986;0,1720033884048462;0,008104437962174416
1885;189,2212677001953;-292,7402648925781;67185,8359375;-47,95624542236328;190,518310546875;7,537766933441162;0,5614752769470215;0,2757394313812256;0,1723441481590271;0,008212141692638397
1886;189,2212677001953;-292,7402648925781;67185,8359375;-42,6253547668457;191,59458923339844;7,151447772979736;0,5400218963623047;0,2633371949195862;0,16523046791553497;0,0077214608900249004
1887;189,2212677001953;-292,7402648925781;67185,8359375;-43,60285186767578;191,64666748046875;7,172082901000977;0,5255506634712219;0,26196861267089844;0,1614503264427185;0,007484696805477142
1888;189,2212677001953;-292,7402648925781;67185,8359375;-43,32564926147461;191,80865478515625;7,00152063369751;0,5484970211982727;0,26430439949035645;0,1670348197221756;0,00800980906933546
1889;189,2212677001953;-292,7402648925781;67185,8359375;-41,371604919433594;192,82208251953125;6,774869441986084;0,5392053127288818;0,2739349603652954;0,1662449687719345;0,007995900698006153
1890;189,2212677001953;-292,7402648925781;67185,8359375;-41,469242095947266;193,17031860351562;6,167236804962158;0,5289231538772583;0,25874534249305725;0,16159522533416748;0,007687618490308523
1891;189,2212677001953;-292,7402648925781;67185,8359375;-43,00349044799805;193,308349609375;6,531260967254639;0,5190683007240295;0,2672455906867981;0,16067849099636078;0,007647393271327019
1892;189,2212677001953;-292,7402648925781;67185,8359375;-38,98360824584961;194,88458251953125;6,336930274963379;0,5057548880577087;0,26101189851760864;0,15679945051670074;0,007374190725386143
1893;189,2212677001953;-292,7402648925781;67185,8359375;-39,26777267456055;194,64315795898438;6,098319053649902;0,4825756251811981;0,25180140137672424;0,15024179220199585;0,006849825847893953
1894;189,2212677001953;-292,7402648925781;67185,8359375;-39,760719299316406;195,58950805664062;5,7206130027771;0,478922963142395;0,24227266013622284;0,14818927645683289;0,006711212452501059
1895;189,2212677001953;-292,7402648925781;67185,8359375;-38,980918884277344;195,7425994873047;5,799350261688232;0,4550125300884247;0,24358752369880676;0,1431792974472046;0,006269785109907389
1896;189,2212677001953;-292,7402648925781;67185,8359375;-37,627784729003906;197,1269989013672;5,782144546508789;0,45722848176956177;0,24248148500919342;0,14387190341949463;0,006370925344526768
1897;189,2212677001953;-292,7402648925781;67185,8359375;-37,78369903564453;197,78292846679688;5,7613749504089355;0,45325976610183716;0,23495833575725555;0,14218616485595703;0,006249373313039541
1898;189,2212677001953;-292,7402648925781;67185,8359375;-37,72624206542969;197,88882446289062;5,476314544677734;0,4434685707092285;0,2397715151309967;0,1411077380180359;0,006135502364486456
1899;189,2212677001953;-292,7402648925781;67185,8359375;-34,063411712646484;199,73031616210938;5,8573408126831055;0,43884891271591187;0,2344149947166443;0,13967181742191315;0,006034855265170336
1900;189,2212677001953;-292,7402648925781;67185,8359375;-33,005897521972656;200,59848022460938;5,480522632598877;0,4180186986923218;0,22474601864814758;0,13377240300178528;0,005473027937114239
1901;189,2212677001953;-292,7402648925781;67185,8359375;-31,314897537231445;200,7403106689453;5,442861557006836;0,420572429895401;0,22134162485599518;0,13439352810382843;0,005547625478357077
1902;189,2212677001953;-292,7402648925781;67185,8359375;-28,37322235107422;202,42108154296875;5,566211700439453;0,44405218958854675;0,21901863813400269;0,1403217613697052;0,0060793315060436726
1903;189,2212677001953;-292,7402648925781;67185,8359375;-27,63801383972168;203,7777862548828;5,813922882080078;0,44524094462394714;0,21817606687545776;0,14115335047245026;0,006156818941235542
1904;189,2212677001953;-292,7402648925781;67185,8359375;-25,387256622314453;204,24417114257812;5,815873622894287;0,3733295202255249;0,20584198832511902;0,12235385924577713;0,004239124245941639
1905;189,2212677001953;-292,7402648925781;67185,8359375;-27,183740615844727;205,2710418701172;5,880204200744629;0,4188712239265442;0,2229514718055725;0,13670605421066284;0,0057542105205357075
1906;189,2212677001953;-292,7402648925781;67185,8359375;-24,183151245117188;206,194580078125;6,09358024597168;0,4180026650428772;0,22173096239566803;0,13698215782642365;0,005769541021436453
1907;189,2212677001953;-292,7402648925781;67185,8359375;-23,42793846130371;206,3049774169922;6,288496494293213;0,4191305935382843;0,21921521425247192;0,13758495450019836;0,005830346141010523
1908;189,2212677001953;-292,7402648925781;67185,8359375;-22,813655853271484;207,6182861328125;6,407633304595947;0,4232068955898285;0,2160782814025879;0,13887883722782135;0,005956960842013359
1909;189,2212677001953;-292,7402648925781;67185,8359375;-23,229232788085938;207,4417266845703;6,557519435882568;0,424408495426178;0,21416503190994263;0,13964565098285675;0,006016976665705442
1910;189,2212677001953;-292,7402648925781;67185,8359375;-18,045114517211914;210,91802978515625;6,813947677612305;0,4340077340602875;0,2194652408361435;0,14361567795276642;0,006359029095619917
1911;189,2212677001953;-292,7402648925781;67185,8359375;-20,11407470703125;210,85646057128906;6,908256530761719;0,4333646893501282;0,215850830078125;0,14369957149028778;0,006357952952384949
1912;189,2212677001953;-292,7402648925781;67185,8359375;-17,771421432495117;211,5775909423828;7,344010829925537;0,42438432574272156;0,21314047276973724;0,14168484508991241;0,006139282137155533
1913;189,2212677001953;-292,7402648925781;67185,8359375;-18,428897857666016;212,62115478515625;7,319563388824463;0,4303078055381775;0,21041056513786316;0,14363349974155426;0,006316084880381823
1914;189,2212677001953;-292,7402648925781;67185,8359375;-14,489307403564453;214,0561981201172;7,494471549987793;0,42574024200439453;0,208389550447464;0,1428426206111908;0,0062173884361982346
1915;189,2212677001953;-292,7402648925781;67185,8359375;-15,06496524810791;215,02996826171875;7,59210205078125;0,4275819957256317;0,20480002462863922;0,14358367025852203;0,006271687336266041
1916;189,2212677001953;-292,7402648925781;67185,8359375;-13,603456497192383;216,0139923095703;7,938327789306641;0,417601078748703;0,19950489699840546;0,14082428812980652;0,005994581151753664
1917;189,2212677001953;-292,7402648925781;67185,8359375;-14,159347534179688;216,2117462158203;8,047089576721191;0,4282468855381012;0,19966568052768707;0,14446790516376495;0,006307472940534353
1918;189,2212677001953;-292,7402648925781;67185,8359375;-13,073962211608887;217,82717895507812;8,098213195800781;0,431789368391037;0,19926458597183228;0,1460483819246292;0,006431140936911106
1919;189,2212677001953;-292,7402648925781;67185,8359375;-13,941192626953125;218,89830017089844;8,466092109680176;0,43095701932907104;0,1979762464761734;0,14625278115272522;0,0064315698109567165
1920;189,2212677001953;-292,7402648925781;67185,8359375;-9,776597023010254;219,8716278076172;8,65052318572998;0,4332676827907562;0,19555144011974335;0,14720474183559418;0,006493409164249897
1921;189,2212677001953;-292,7402648925781;67185,8359375;-8,366231918334961;220,79367065429688;8,758981704711914;0,43903452157974243;0,1953027993440628;0,1493813693523407;0,006665272172540426
1922;189,2212677001953;-292,7402648925781;67185,8359375;-11,644165992736816;222,68357849121094;8,995534896850586;0,45002883672714233;0,197220578789711;0,15330679714679718;0,006988001987338066
1923;189,2212677001953;-292,7402648925781;67185,8359375;-8,649130821228027;223,56472778320312;9,052268028259277;0,44369933009147644;0,19220902025699615;0,15136541426181793;0,006793845444917679
1924;189,2212677001953;-292,7402648925781;67185,8359375;-8,90640640258789;225,18603515625;9,155028343200684;0,4428235590457916;0,19031424820423126;0,151302769780159;0,006777213886380196
1925;189,2212677001953;-292,7402648925781;67185,8359375;-5,8086628913879395;226,3535919189453;9,543885231018066;0,44030308723449707;0,18722401559352875;0,15058335661888123;0,00669562304392457
1926;189,2212677001953;-292,7402648925781;67185,8359375;-9,718060493469238;226,3257598876953;9,775747299194336;0,4473137855529785;0,18809974193572998;0,15307147800922394;0,006901863496750593
1927;189,2212677001953;-292,7402648925781;67185,8359375;-12,309966087341309;226,4266357421875;9,736960411071777;0,46478575468063354;0,19278311729431152;0,15906602144241333;0,007396223489195108
1928;189,2212677001953;-292,7402648925781;67185,8359375;-7,348489284515381;229,6075897216797;10,1570405960083;0,4581405818462372;0,1881038248538971;0,1568107306957245;0,007181934081017971
1929;189,2212677001953;-292,7402648925781;67185,8359375;-5,926712512969971;229,09500122070312;9,920792579650879;0,4629330039024353;0,188133105635643;0,15842847526073456;0,0072953542694449425
1930;189,2212677001953;-292,7402648925781;67185,8359375;-9,248917579650879;230,1083526611328;10,130620002746582;0,46940088272094727;0,18934090435504913;0,16057410836219788;0,0074875992722809315
1931;189,2212677001953;-292,7402648925781;67185,8359375;-4,951684474945068;231,64431762695312;10,022560119628906;0,47019776701927185;0,18814308941364288;0,16071125864982605;0,007501661777496338
1932;189,2212677001953;-292,7402648925781;67185,8359375;-7,427524566650391;230,96067810058594;10,256258010864258;0,4623069167137146;0,18325591087341309;0,15772800147533417;0,007275693118572235
1933;189,2212677001953;-292,7402648925781;67185,8359375;-8,759297370910645;232,06826782226562;10,158671379089355;0,48425185680389404;0,19121535122394562;0,16520775854587555;0,007840953767299652
1934;189,2212677001953;-292,7402648925781;67185,8359375;-3,5539116859436035;231,59759521484375;9,865989685058594;0,4927821457386017;0,1936269849538803;0,16788364946842194;0,008057261817157269
1935;189,2212677001953;-292,7402648925781;67185,8359375;-6,741677284240723;231,1975860595703;10,186071395874023;0,5016642212867737;0,19678708910942078;0,1707080900669098;0,008263923227787018
1936;189,2212677001953;-292,7402648925781;67185,8359375;0,8049220442771912;232,32533264160156;9,9752836227417;0,5096018314361572;0,19947095215320587;0,17309747636318207;0,008454982191324234
1937;189,2212677001953;-292,7402648925781;67185,8359375;0,8571256399154663;233,25796508789062;10,004926681518555;0,5085288286209106;0,19701823592185974;0,17208918929100037;0,008425789885222912
1938;189,2212677001953;-292,7402648925781;67185,8359375;-0,011560698971152306;234,35421752929688;10,044791221618652;0,5169007778167725;0,20114795863628387;0,17467468976974487;0,008604727685451508
1939;189,2212677001953;-292,7402648925781;67185,8359375;-3,640986680984497;233,56309509277344;9,938236236572266;0,5261750817298889;0,20359058678150177;0,17716234922409058;0,008838697336614132
1940;189,2212677001953;-292,7402648925781;67185,8359375;-1,6796954870224;233,8325958251953;9,866434097290039;0,5173242688179016;0,19653230905532837;0,17312301695346832;0,008580081164836884
1941;189,2212677001953;-292,7402648925781;67185,8359375;-6,245354652404785;233,28440856933594;9,610061645507812;0,5252076387405396;0,19988533854484558;0,1752244234085083;0,008754189126193523
1942;189,2212677001953;-292,7402648925781;67185,8359375;-3,999725580215454;234,58517456054688;9,424419403076172;0,5281221270561218;0,20332179963588715;0,17587865889072418;0,008781432174146175
1943;189,2212677001953;-292,7402648925781;67185,8359375;-2,069904327392578;233,0200958251953;9,467680931091309;0,5135349631309509;0,19696883857250214;0,17022354900836945;0,008338353596627712
1944;189,2212677001953;-292,7402648925781;67185,8359375;-2,8998000621795654;229,76220703125;9,367501258850098;0,5364463925361633;0,202230766415596;0,17654478549957275;0,008930735290050507
1945;189,2212677001953;-292,7402648925781;67185,8359375;-2,962494373321533;231,43898010253906;9,457473754882812;0,5408412218093872;0,20070797204971313;0,17672082781791687;0,008993391878902912
1946;189,2212677001953;-292,7402648925781;67185,8359375;-4,496243000030518;230,8138427734375;9,105081558227539;0,5395936369895935;0,2050907164812088;0,17612355947494507;0,008920618332922459
1947;189,2212677001953;-292,7402648925781;67185,8359375;-3,303908109664917;230,114013671875;9,122207641601562;0,5518171787261963;0,20118460059165955;0,17799532413482666;0,009162924252450466
1948;189,2212677001953;-292,7402648925781;67185,8359375;3,604564905166626;228,75189208984375;8,780099868774414;0,5513747334480286;0,2053883969783783;0,17749439179897308;0,009123715572059155
1949;189,2212677001953;-292,7402648925781;67185,8359375;0,04851234704256058;227,885009765625;8,761393547058105;0,534927487373352;0,19060011208057404;0,1700466275215149;0,00860158633440733
1950;189,2212677001953;-292,7402648925781;67185,8359375;1,8006712198257446;226,7456817626953;8,889528274536133;0,5615686178207397;0,19875065982341766;0,17729631066322327;0,009209967218339443
1951;189,2212677001953;-292,7402648925781;67185,8359375;2,790468454360962;225,78466796875;8,415143966674805;0,5590820908546448;0,19597338140010834;0,17520272731781006;0,009078663773834705
1952;189,2212677001953;-292,7402648925781;67185,8359375;10,261056900024414;226,84217834472656;8,236308097839355;0,5761557221412659;0,20370492339134216;0,1796928197145462;0,009457428008317947
1953;189,2212677001953;-292,7402648925781;67185,8359375;6,833616733551025;224,37884521484375;8,224248886108398;0,5790203809738159;0,2042127400636673;0,1794091761112213;0,009465404786169529
1954;189,2212677001953;-292,7402648925781;67185,8359375;7,210801601409912;224,61175537109375;7,8946123123168945;0,5716853141784668;0,1999046951532364;0,1758056879043579;0,00921399611979723
1955;189,2212677001953;-292,7402648925781;67185,8359375;9,738073348999023;224,76612854003906;7,716917037963867;0,5854764580726624;0,19720321893692017;0,17790836095809937;0,009409786202013493
1956;189,2212677001953;-292,7402648925781;67185,8359375;3,1467103958129883;228,80886840820312;7,559267520904541;0,5805057883262634;0,19908902049064636;0,17578361928462982;0,00927022099494934
1957;189,2212677001953;-292,7402648925781;67185,8359375;3,8169779777526855;227,11819458007812;7,440097808837891;0,5830197930335999;0,20120453834533691;0,17563937604427338;0,009279744699597359
1958;189,2212677001953;-292,7402648925781;67185,8359375;9,834270477294922;225,5604705810547;7,1024885177612305;0,5939255356788635;0,2037183940410614;0,17768025398254395;0,009462264366447926
1959;189,2212677001953;-292,7402648925781;67185,8359375;-8,061453819274902;232,3794403076172;6,871891498565674;0,589912474155426;0,20617146790027618;0,1759922057390213;0,009336618706583977
1960;189,2212677001953;-292,7402648925781;67185,8359375;-7,335153579711914;231,736328125;6,670531272888184;0,5961105227470398;0,20283888280391693;0,1760663390159607;0,009368819184601307
1961;189,2212677001953;-292,7402648925781;67185,8359375;2,6674933433532715;230,66859436035156;6,455668926239014;0,612313985824585;0,2133602797985077;0,18058928847312927;0,00972164049744606
1962;189,2212677001953;-292,7402648925781;67185,8359375;4,811647415161133;234,11721801757812;6,457618236541748;0,6153709292411804;0,2096889466047287;0,17988716065883636;0,009682045318186283
1963;189,2212677001953;-292,7402648925781;67185,8359375;-9,574482917785645;232,64117431640625;6,575368404388428;0,6280183792114258;0,2093748301267624;0,18204334378242493;0,009854651056230068
1964;189,2212677001953;-292,7402648925781;67185,8359375;-4,0638957023620605;232,33631896972656;6,381849765777588;0,6307380795478821;0,21488924324512482;0,18266916275024414;0,009892871603369713
1965;189,2212677001953;-292,7402648925781;67185,8359375;-7,8816237449646;235,4743194580078;6,365332126617432;0,6375695466995239;0,21441541612148285;0,1834915578365326;0,0099500035867095
1966;189,2212677001953;-292,7402648925781;67185,8359375;-5,6506829261779785;234,616455078125;6,419768810272217;0,62724769115448;0,21100525557994843;0,17986686527729034;0,009653626941144466
1967;189,2212677001953;-292,7402648925781;67185,8359375;-23,964157104492188;233,53126525878906;6,026283264160156;0,649618923664093;0,21147306263446808;0,18466785550117493;0,010006648488342762
1968;189,2212677001953;-292,7402648925781;67185,8359375;-4,587693214416504;233,72474670410156;6,284554481506348;0,6519118547439575;0,2152407467365265;0,1852348893880844;0,010020337998867035
1969;189,2212677001953;-292,7402648925781;67185,8359375;-8,90043830871582;234,53549194335938;6,303836822509766;0,6611353158950806;0,2176453173160553;0,18733525276184082;0,010144669562578201
1970;189,2212677001953;-292,7402648925781;67185,8359375;-4,974886894226074;236,9923553466797;6,389674663543701;0,6596678495407104;0,20955511927604675;0,18550360202789307;0,009966107085347176
1971;189,2212677001953;-292,7402648925781;67185,8359375;-14,072318077087402;236,20147705078125;6,627804279327393;0,6938206553459167;0,20894940197467804;0,1932799071073532;0,010473078116774559
1972;189,2212677001953;-292,7402648925781;67185,8359375;-7,851354122161865;237,44808959960938;6,604176998138428;0,6816526651382446;0,2047758400440216;0,18967889249324799;0,010156190022826195
1973;189,2212677001953;-292,7402648925781;67185,8359375;-4,848142147064209;244,2743377685547;6,484486103057861;0,7049334049224854;0,20985983312129974;0,19586065411567688;0,010538107715547085
1974;189,2212677001953;-292,7402648925781;67185,8359375;-18,93020248413086;238,3126220703125;6,947264194488525;0,7108778953552246;0,20895667374134064;0,19722385704517365;0,010558986105024815
1975;189,2212677001953;-292,7402648925781;67185,8359375;-23,987586975097656;241,90538024902344;6,595751762390137;0,7210806608200073;0,2088053971529007;0,19981719553470612;0,01065626461058855
1976;189,2212677001953;-292,7402648925781;67185,8359375;-5,052114486694336;241,81956481933594;6,7828569412231445;0,7401163578033447;0,22368113696575165;0,20663891732692719;0,01108641643077135
1977;189,2212677001953;-292,7402648925781;67185,8359375;-20,678213119506836;241,9356231689453;6,960076808929443;0,7341859340667725;0,21656756103038788;0,20466315746307373;0,01084194052964449
1978;189,2212677001953;-292,7402648925781;67185,8359375;-5,28203010559082;244,36402893066406;6,903558254241943;0,7311221361160278;0,2090427726507187;0,20343604683876038;0,01063595898449421
1979;189,2212677001953;-292,7402648925781;67185,8359375;-12,605547904968262;242,99530029296875;6,9903106689453125;0,7424105405807495;0,21713340282440186;0,20781977474689484;0,010858776979148388
1980;189,2212677001953;-292,7402648925781;67185,8359375;-4,877691745758057;243,86752319335938;7,499954700469971;0,7504409551620483;0,21503840386867523;0,21019341051578522;0,010896035470068455
1981;189,2212677001953;-292,7402648925781;67185,8359375;-21,230844497680664;239,78651428222656;7,73182487487793;0,7466232776641846;0,2155916690826416;0,21013163030147552;0,010789740830659866
1982;189,2212677001953;-292,7402648925781;67185,8359375;-30,14110565185547;241,75489807128906;7,550555229187012;0,7616811394691467;0,2176429182291031;0,2149667888879776;0,010988428257405758
1983;189,2212677001953;-292,7402648925781;67185,8359375;-19,501861572265625;244,22305297851562;7,6269636154174805;0,7707555294036865;0,2192060649394989;0,2183810919523239;0,01108977198600769
1984;189,2212677001953;-292,7402648925781;67185,8359375;-34,94670486450195;240,47824096679688;7,867656707763672;0,7729151844978333;0,21465814113616943;0,21940237283706665;0,011003938503563404
1985;189,2212677001953;-292,7402648925781;67185,8359375;-27,86725425720215;240,0734100341797;8,270437240600586;0,7611465454101562;0,22125384211540222;0,2184247225522995;0,010870708152651787
1986;189,2212677001953;-292,7402648925781;67185,8359375;-11,373774528503418;245,6553497314453;8,526012420654297;0,7853786945343018;0,22364167869091034;0,22598332166671753;0,011207650415599346
1987;189,2212677001953;-292,7402648925781;67185,8359375;-31,515766143798828;242,3673553466797;9,006742477416992;0,7980867028236389;0,22786593437194824;0,23098962008953094;0,011398556642234325
1988;189,2212677001953;-292,7402648925781;67185,8359375;-40,928001403808594;246,10635375976562;8,931103706359863;0,7857673764228821;0,21020522713661194;0,2269817739725113;0,010912050493061543
1989;189,2212677001953;-292,7402648925781;67185,8359375;-13,140609741210938;246,08963012695312;9,3340482711792;0,8070093393325806;0,21718698740005493;0,23464463651180267;0,011260995641350746
1990;189,2212677001953;-292,7402648925781;67185,8359375;-28,909311294555664;245,05929565429688;9,495223045349121;0,8126906156539917;0,224465012550354;0,238399475812912;0,01140365470200777
1991;189,2212677001953;-292,7402648925781;67185,8359375;-22,31588363647461;247,19332885742188;9,819034576416016;0,7957922220230103;0,23646709322929382;0,23693791031837463;0,011294754222035408
1992;189,2212677001953;-292,7402648925781;67185,8359375;-16,524934768676758;247,20449829101562;10,173210144042969;0,8062756657600403;0,2337406873703003;0,24073219299316406;0,011361888609826565
1993;189,2212677001953;-292,7402648925781;67185,8359375;-32,74842071533203;246,5148162841797;10,650717735290527;0,8094932436943054;0,22976899147033691;0,24250969290733337;0,011301829479634762
1994;189,2212677001953;-292,7402648925781;67185,8359375;-16,456510543823242;248,94114685058594;10,804224967956543;0,8186701536178589;0,2397366613149643;0,24763520061969757;0,01153245847672224
1995;189,2212677001953;-292,7402648925781;67185,8359375;-19,34866714477539;249,80206298828125;11,38910961151123;0,8476007580757141;0,251108318567276;0,2582457363605499;0,012049080803990364
1996;189,2212677001953;-292,7402648925781;67185,8359375;-20,854501724243164;249,8717498779297;11,497579574584961;0,8379679918289185;0,25084710121154785;0,25709888339042664;0,01187332347035408
1997;189,2212677001953;-292,7402648925781;67185,8359375;-28,846416473388672;251,37001037597656;11,422264099121094;0,8266049027442932;0,24293312430381775;0,25443243980407715;0,011560521088540554
1998;189,2212677001953;-292,7402648925781;67185,8359375;-24,532840728759766;248,84825134277344;11,68123722076416;0,8517878651618958;0,25151267647743225;0,26375052332878113;0,011982697993516922
1999;189,2212677001953;-292,7402648925781;67185,8359375;-19,340927124023438;251,36729431152344;12,175639152526855;0,8685687780380249;0,2565809488296509;0,27036163210868835;0,012235084548592567
2000;189,2212677001953;-292,7402648925781;67185,8359375;-26,261995315551758;249,19386291503906;12,743828773498535;0,8550549149513245;0,25447744131088257;0,2677353322505951;0,011986768804490566
2001;189,2212677001953;-292,7402648925781;67185,8359375;-23,00354766845703;248,55545043945312;12,705622673034668;0,8692154288291931;0,2607877850532532;0,27374860644340515;0,012227357365190983
2002;189,2212677001953;-292,7402648925781;67185,8359375;-29,30666160583496;252,11557006835938;13,088706970214844;0,8597376942634583;0,2610996663570404;0,2724190652370453;0,012074152939021587
2003;189,2212677001953;-292,7402648925781;67185,8359375;-23,38554573059082;250,5619354248047;13,253235816955566;0,8596929907798767;0,256900817155838;0,2729872465133667;0,011943663470447063
2004;189,2212677001953;-292,7402648925781;67185,8359375;-33,79923629760742;250,1095428466797;13,344415664672852;0,8548418879508972;0,25885358452796936;0,2729940116405487;0,011878817342221737
2005;189,2212677001953;-292,7402648925781;67185,8359375;-43,20612716674805;249,80393981933594;13,096722602844238;0,8467822074890137;0,2590450048446655;0,2717857360839844;0,011742476373910904
2006;189,2212677001953;-292,7402648925781;67185,8359375;-41,78275680541992;248,49673461914062;13,707510948181152;0,8358790874481201;0,2624652683734894;0,27019116282463074;0,011644975282251835
2007;189,2212677001953;-292,7402648925781;67185,8359375;-42,7522087097168;249,073974609375;14,16926097869873;0,8327080607414246;0,2600054144859314;0,2697562277317047;0,01150779239833355
2008;189,2212677001953;-292,7402648925781;67185,8359375;-42,738956451416016;249,7820587158203;14,502623558044434;0,8520941734313965;0,27016481757164;0,27742430567741394;0,011891873553395271
2009;189,2212677001953;-292,7402648925781;67185,8359375;-41,981632232666016;252,0404052734375;13,839014053344727;0,8387297987937927;0,26519647240638733;0,2735702395439148;0,011572087183594704
2010;189,2212677001953;-292,7402648925781;67185,8359375;-41,25189971923828;247,69281005859375;14,050050735473633;0,8456754684448242;0,270795077085495;0,27693161368370056;0,011720266193151474
2011;189,2212677001953;-292,7402648925781;67185,8359375;-43,31174850463867;253,6888885498047;14,918050765991211;0,8427527546882629;0,2750113904476166;0,27733534574508667;0,011755028739571571
2012;189,2212677001953;-292,7402648925781;67185,8359375;-52,46559524536133;249,53329467773438;14,8135986328125;0,8461062908172607;0,2768813967704773;0,2788645327091217;0,01175607554614544
2013;189,2212677001953;-292,7402648925781;67185,8359375;-53,9765510559082;248,77508544921875;15,397881507873535;0,8565639853477478;0,2839696407318115;0,28323671221733093;0,011983600445091724
2014;189,2212677001953;-292,7402648925781;67185,8359375;-43,43251037597656;252,76976013183594;15,3250732421875;0,8507639169692993;0,284610778093338;0,2818922996520996;0,011875865049660206
2015;189,2212677001953;-292,7402648925781;67185,8359375;-53,72795104980469;249,13143920898438;15,70932674407959;0,8628711700439453;0,29286089539527893;0,2868800759315491;0,012179537676274776
2016;189,2212677001953;-292,7402648925781;67185,8359375;-53,17216491699219;251,13925170898438;15,675738334655762;0,8591477274894714;0,2942274808883667;0,28604838252067566;0,012113611213862896
2017;189,2212677001953;-292,7402648925781;67185,8359375;-45,678550720214844;251,93238830566406;15,406050682067871;0,8361490368843079;0,2890249788761139;0,27857568860054016;0,011671066284179688
2018;189,2212677001953;-292,7402648925781;67185,8359375;-44,402549743652344;253,7827911376953;15,997056007385254;0,8612343668937683;0,30096402764320374;0,2874731123447418;0,012185457162559032
2019;189,2212677001953;-292,7402648925781;67185,8359375;-53,18608093261719;249,5748748779297;15,812167167663574;0,8621534705162048;0,30460721254348755;0,28796717524528503;0,012203932739794254
2020;189,2212677001953;-292,7402648925781;67185,8359375;-48,89093017578125;253,038818359375;16,222564697265625;0,8631615042686462;0,30821526050567627;0,2885148823261261;0,012254992499947548
2021;189,2212677001953;-292,7402648925781;67185,8359375;-42,90742111206055;255,30096435546875;16,477251052856445;0,8611769676208496;0,31134888529777527;0,28790780901908875;0,012224338948726654
2022;189,2212677001953;-292,7402648925781;67185,8359375;-51,819332122802734;252,57289123535156;16,37702751159668;0,8609530329704285;0,31499946117401123;0,2878675162792206;0,01224495004862547
2023;189,2212677001953;-292,7402648925781;67185,8359375;-49,031890869140625;254,6950225830078;16,437450408935547;0,8387341499328613;0,3102521598339081;0,28041666746139526;0,01188717596232891
2024;189,2212677001953;-292,7402648925781;67185,8359375;-44,03447723388672;254,37155151367188;16,448009490966797;0,8430421352386475;0,3158620297908783;0,2817515730857849;0,011988953687250614
2025;189,2212677001953;-292,7402648925781;67185,8359375;-55,60204315185547;252,884765625;16,08556365966797;0,8423697352409363;0,3171205222606659;0,281331866979599;0,012053169310092926
2026;189,2212677001953;-292,7402648925781;67185,8359375;-48,89988708496094;254,08131408691406;16,29281234741211;0,82872074842453;0,31880077719688416;0,2765912711620331;0,011789439246058464
2027;189,2212677001953;-292,7402648925781;67185,8359375;-44,30369186401367;255,29444885253906;16,748703002929688;0,822906494140625;0,3201919198036194;0,2743639647960663;0,011728599667549133
2028;189,2212677001953;-292,7402648925781;67185,8359375;-48,07632064819336;255,31613159179688;16,69478988647461;0,8179091215133667;0,321178674697876;0,272316038608551;0,011692170053720474
2029;189,2212677001953;-292,7402648925781;67185,8359375;-48,4951286315918;253,20065307617188;16,295724868774414;0,8043419122695923;0,31798112392425537;0,2673128545284271;0,011503100395202637
2030;189,2212677001953;-292,7402648925781;67185,8359375;-49,98640823364258;253,71890258789062;16,391084671020508;0,8027471303939819;0,32242944836616516;0,26639294624328613;0,011506006121635437
2031;189,2212677001953;-292,7402648925781;67185,8359375;-49,6906852722168;252,70921325683594;16,49911880493164;0,7884778380393982;0,3193260729312897;0,2610889673233032;0,011296607553958893
2032;189,2212677001953;-292,7402648925781;67185,8359375;-49,434539794921875;254,46084594726562;15,966593742370605;0,803885281085968;0,33073002099990845;0,2657240033149719;0,011620650999248028
2033;189,2212677001953;-292,7402648925781;67185,8359375;-53,188026428222656;253,68772888183594;15,218016624450684;0,7776385545730591;0,31945979595184326;0,2561628222465515;0,011202406138181686
2034;189,2212677001953;-292,7402648925781;67185,8359375;-59,42430114746094;252,38644409179688;15,685441017150879;0,7946730852127075;0,33125659823417664;0,26120448112487793;0,011569267138838768
2035;189,2212677001953;-292,7402648925781;67185,8359375;-56,020816802978516;254,20077514648438;15,03999137878418;0,7753466963768005;0,32527637481689453;0,2540590465068817;0,011262459680438042
2036;189,2212677001953;-292,7402648925781;67185,8359375;-49,91695022583008;254,9547576904297;14,75076675415039;0,7685109376907349;0,3329305946826935;0,2517258822917938;0,011161002330482006
2037;189,2212677001953;-292,7402648925781;67185,8359375;-55,96784973144531;253,140869140625;15,067597389221191;0,755484938621521;0,3206401765346527;0,24585603177547455;0,010992895811796188
2038;189,2212677001953;-292,7402648925781;67185,8359375;-54,69139099121094;254,512451171875;15,01114559173584;0,7296335101127625;0,3188263773918152;0,23726865649223328;0,01054568774998188
2039;189,2212677001953;-292,7402648925781;67185,8359375;-60,3907470703125;252,5854949951172;14,252832412719727;0,7480159997940063;0,3331321179866791;0,2427971512079239;0,01095302402973175
2040;189,2212677001953;-292,7402648925781;67185,8359375;-59,47242736816406;254,27456665039062;14,02099895477295;0,7311358451843262;0,3219740390777588;0,23589646816253662;0,01069365069270134
2041;189,2212677001953;-292,7402648925781;67185,8359375;-57,17426300048828;252,34422302246094;13,606834411621094;0,738640308380127;0,32802003622055054;0,237504243850708;0,010901527479290962
2042;189,2212677001953;-292,7402648925781;67185,8359375;-56,50237274169922;251,00550842285156;13,710636138916016;0,726507306098938;0,32901281118392944;0,23319874703884125;0,01072658784687519
2043;189,2212677001953;-292,7402648925781;67185,8359375;-61,55424499511719;250,0576934814453;13,474390029907227;0,7378730177879333;0,3372476100921631;0,23608846962451935;0,01101417001336813
2044;189,2212677001953;-292,7402648925781;67185,8359375;-60,7515869140625;250,779296875;13,01885986328125;0,7007451057434082;0,32483500242233276;0,2236877977848053;0,010342513211071491
2045;189,2212677001953;-292,7402648925781;67185,8359375;-61,35382080078125;249,83326721191406;12,752552032470703;0,6806286573410034;0,31796973943710327;0,21655523777008057;0,010000621899962425
2046;189,2212677001953;-292,7402648925781;67185,8359375;-63,39933395385742;248,8395538330078;12,802451133728027;0,6741114258766174;0,3124345541000366;0,2132064551115036;0,00992091279476881
2047;189,2212677001953;-292,7402648925781;67185,8359375;-62,13859558105469;247,95826721191406;12,155811309814453;0,6549625396728516;0,30601030588150024;0,20650871098041534;0,009587191045284271
2048;189,2212677001953;-292,7402648925781;67185,8359375;-58,75054168701172;249,4961700439453;12,20279312133789;0,6588584780693054;0,30775660276412964;0,2068072110414505;0,009724888950586319
2049;189,2212677001953;-292,7402648925781;67185,8359375;-59,59062576293945;248,85964965820312;11,592363357543945;0,6496568322181702;0,3103886842727661;0,20391909778118134;0,009616613388061523
2050;189,2212677001953;-292,7402648925781;67185,8359375;-58,369056701660156;249,90982055664062;11,488380432128906;0,611045241355896;0,29386192560195923;0,19126254320144653;0,00885134469717741
2051;189,2212677001953;-292,7402648925781;67185,8359375;-55,56505584716797;250,59982299804688;11,155387878417969;0,61798095703125;0,2989943325519562;0,19291478395462036;0,009069458581507206
2052;189,2212677001953;-292,7402648925781;67185,8359375;-57,30810546875;249,91526794433594;10,778437614440918;0,6048345565795898;0,29267773032188416;0,1881180852651596;0,008837168104946613
2053;189,2212677001953;-292,7402648925781;67185,8359375;-60,429527282714844;248,49366760253906;10,5690279006958;0,5808544754981995;0,2790546417236328;0,17975640296936035;0,008331677876412868
2054;189,2212677001953;-292,7402648925781;67185,8359375;-56,72307205200195;249,44113159179688;10,049233436584473;0,5793880224227905;0,2823443114757538;0,17927221953868866;0,008386523462831974
2055;189,2212677001953;-292,7402648925781;67185,8359375;-55,43450164794922;249,54263305664062;10,064716339111328;0,5650513172149658;0,273750901222229;0,17409980297088623;0,008090382441878319
2056;189,2212677001953;-292,7402648925781;67185,8359375;-56,210025787353516;248,75059509277344;9,403302192687988;0,5543281435966492;0,27236130833625793;0,17088539898395538;0,007927044294774532
2057;189,2212677001953;-292,7402648925781;67185,8359375;-54,39302444458008;248,6376190185547;9,373527526855469;0,5493059158325195;0,2660747170448303;0,1684064418077469;0,007817428559064865
2058;189,2212677001953;-292,7402648925781;67185,8359375;-55,46940994262695;249,19590759277344;9,044875144958496;0,5590619444847107;0,2741888463497162;0,1715511679649353;0,00815031211823225
2059;189,2212677001953;-292,7402648925781;67185,8359375;-52,53424835205078;249,47073364257812;8,591826438903809;0,5540968775749207;0,27091184258461;0,16964080929756165;0,00807894766330719
2060;189,2212677001953;-292,7402648925781;67185,8359375;-52,1092643737793;248,8907470703125;8,631743431091309;0,5375457406044006;0,26783058047294617;0,16511817276477814;0,007785161025822163
2061;189,2212677001953;-292,7402648925781;67185,8359375;-51,39658737182617;248,5428009033203;8,465238571166992;0,5472586750984192;0,2671143412590027;0,16715548932552338;0,008023347705602646
2062;189,2212677001953;-292,7402648925781;67185,8359375;-48,935001373291016;249,53604125976562;8,268304824829102;0,5384196639060974;0,27155601978302;0,16570328176021576;0,00795951671898365
2063;189,2212677001953;-292,7402648925781;67185,8359375;-49,972633361816406;249,538818359375;7,658078193664551;0,5394963622093201;0,26543179154396057;0,16505023837089539;0,007976992055773735
2064;189,2212677001953;-292,7402648925781;67185,8359375;-51,642250061035156;249,29322814941406;7,94374418258667;0,5135583281517029;0,2666298449039459;0,1593157798051834;0,0075254845432937145
2065;189,2212677001953;-292,7402648925781;67185,8359375;-46,573402404785156;250,52490234375;7,721587181091309;0,5017271041870117;0,2603888213634491;0,15577571094036102;0,007282691542059183
2066;189,2212677001953;-292,7402648925781;67185,8359375;-48,21555709838867;249,97775268554688;7,5665082931518555;0,49523767828941345;0,257794588804245;0,15408767759799957;0,007181115914136171
2067;189,2212677001953;-292,7402648925781;67185,8359375;-48,41207504272461;249,9251708984375;7,2361531257629395;0,4748447835445404;0,24184942245483398;0,14717727899551392;0,006620918866246939
2068;189,2212677001953;-292,7402648925781;67185,8359375;-46,58726119995117;250,10414123535156;7,234844207763672;0,44883570075035095;0,24041345715522766;0,14125587046146393;0,006094188429415226
2069;189,2212677001953;-292,7402648925781;67185,8359375;-45,257694244384766;250,5084991455078;7,135647773742676;0,44809502363204956;0,2383783906698227;0,1411139965057373;0,006115888711065054
2070;189,2212677001953;-292,7402648925781;67185,8359375;-45,76588821411133;251,22137451171875;7,171144485473633;0,4560135304927826;0,23735852539539337;0,14319926500320435;0,006344347260892391
2071;189,2212677001953;-292,7402648925781;67185,8359375;-44,619476318359375;250,7489471435547;7,044210910797119;0,44138815999031067;0,23809553682804108;0,14035755395889282;0,0060714357532560825
2072;189,2212677001953;-292,7402648925781;67185,8359375;-41,606536865234375;252,23590087890625;7,290999889373779;0,4522136449813843;0,23997017741203308;0,14367705583572388;0,006407600361853838
2073;189,2212677001953;-292,7402648925781;67185,8359375;-41,60340881347656;252,12181091308594;6,907800197601318;0,44296613335609436;0,2347172200679779;0,14121884107589722;0,006195730529725552
2074;189,2212677001953;-292,7402648925781;67185,8359375;-39,21168899536133;251,88397216796875;6,847609043121338;0,4240255057811737;0,22594209015369415;0,13592413067817688;0,005697401240468025
2075;189,2212677001953;-292,7402648925781;67185,8359375;-36,54288864135742;253,0989532470703;6,921947956085205;0,4431714415550232;0,21731369197368622;0,13985800743103027;0,0060157873667776585
2076;189,2212677001953;-292,7402648925781;67185,8359375;-36,30376052856445;254,17144775390625;7,099390983581543;0,40536829829216003;0,20118165016174316;0,12887895107269287;0,004745451267808676
2077;189,2212677001953;-292,7402648925781;67185,8359375;-33,36726760864258;254,33425903320312;7,0796308517456055;0,37792378664016724;0,19930730760097504;0,12246958166360855;0,004177905153483152
2078;189,2212677001953;-292,7402648925781;67185,8359375;-35,153751373291016;254,5181427001953;7,1818108558654785;0,41200917959213257;0,2231418639421463;0,13504697382450104;0,0055613587610423565
2079;189,2212677001953;-292,7402648925781;67185,8359375;-32,468109130859375;255,122314453125;7,439208030700684;0,42798760533332825;0,2261969894170761;0,14012983441352844;0,006064062472432852
2080;189,2212677001953;-292,7402648925781;67185,8359375;-29,994462966918945;255,20751953125;7,61726713180542;0,42501938343048096;0,22345758974552155;0,1396864950656891;0,006013731937855482
2081;189,2212677001953;-292,7402648925781;67185,8359375;-29,76434898376465;255,500732421875;7,720972061157227;0,4293209910392761;0,21791963279247284;0,14070186018943787;0,006130973342806101
2082;189,2212677001953;-292,7402648925781;67185,8359375;-30,881553649902344;255,23489379882812;7,775973320007324;0,426513671875;0,21889881789684296;0,1408526450395584;0,00611483957618475
2083;189,2212677001953;-292,7402648925781;67185,8359375;-25,33189582824707;257,695068359375;8,024615287780762;0,4372674524784088;0,21898576617240906;0,14439959824085236;0,006439556833356619
2084;189,2212677001953;-292,7402648925781;67185,8359375;-28,40104866027832;256,8018798828125;8,217382431030273;0,43300795555114746;0,2138565629720688;0,1433349847793579;0,006328709423542023
2085;189,2212677001953;-292,7402648925781;67185,8359375;-24,77427101135254;257,08074951171875;8,563249588012695;0,4240999221801758;0,2119773030281067;0,1414511352777481;0,006125197280198336
2086;189,2212677001953;-292,7402648925781;67185,8359375;-25,649761199951172;257,839111328125;8,5536527633667;0,4388522803783417;0,2128250151872635;0,14625492691993713;0,006555731408298016
2087;189,2212677001953;-292,7402648925781;67185,8359375;-20,926097869873047;258,3740539550781;8,880714416503906;0,4241067171096802;0,2067059725522995;0,14217925071716309;0,006160704419016838
2088;189,2212677001953;-292,7402648925781;67185,8359375;-21,666488647460938;259,2459411621094;8,74457836151123;0,42217493057250977;0,20272216200828552;0,14183039963245392;0,006109552923589945
2089;189,2212677001953;-292,7402648925781;67185,8359375;-20,278053283691406;259,31964111328125;9,150542259216309;0,4250907599925995;0,20335227251052856;0,1433817744255066;0,0062299491837620735
2090;189,2212677001953;-292,7402648925781;67185,8359375;-20,656532287597656;259,49163818359375;9,20187759399414;0,426259309053421;0,19900214672088623;0,1438271403312683;0,0062490105628967285
2091;189,2212677001953;-292,7402648925781;67185,8359375;-19,96587371826172;261,0147705078125;9,181599617004395;0,42994412779808044;0,19945372641086578;0,14554335176944733;0,006387666799128056
2092;189,2212677001953;-292,7402648925781;67185,8359375;-20,604337692260742;260,89373779296875;9,574520111083984;0,44159752130508423;0,2010509967803955;0,1496591866016388;0,006733071058988571
2093;189,2212677001953;-292,7402648925781;67185,8359375;-17,1313533782959;263,1221618652344;9,695161819458008;0,43142837285995483;0,19518421590328217;0,14662887156009674;0,006443299353122711
2094;189,2212677001953;-292,7402648925781;67185,8359375;-15,960612297058105;262,8216552734375;9,882234573364258;0,4368478059768677;0,1955021470785141;0,1487588733434677;0,006615718360990286
2095;189,2212677001953;-292,7402648925781;67185,8359375;-17,63210678100586;264,49212646484375;10,221943855285645;0,45590895414352417;0,19907544553279877;0,15523694455623627;0,007150694727897644
2096;189,2212677001953;-292,7402648925781;67185,8359375;-14,234454154968262;264,5110778808594;10,348115921020508;0,4392952024936676;0,1910058557987213;0,14992886781692505;0,006673588417470455
2097;189,2212677001953;-292,7402648925781;67185,8359375;-16,63225555419922;264,8018798828125;10,46823501586914;0,45058807730674744;0,19270361959934235;0,1538703739643097;0,00699186697602272
2098;189,2212677001953;-292,7402648925781;67185,8359375;-14,088223457336426;265,9107666015625;10,566446304321289;0,44723883271217346;0,18942652642726898;0,1528933197259903;0,006888632196933031
2099;189,2212677001953;-292,7402648925781;67185,8359375;-17,339750289916992;265,00006103515625;10,751545906066895;0,44340795278549194;0,18682055175304413;0,15176159143447876;0,006792314816266298
2100;189,2212677001953;-292,7402648925781;67185,8359375;-19,809078216552734;265,2355041503906;10,666180610656738;0,4646455645561218;0,1924956738948822;0,1590036302804947;0,007384545169770718
2101;189,2212677001953;-292,7402648925781;67185,8359375;-14,805388450622559;266,6484680175781;11,339597702026367;0,46020200848579407;0,18921342492103577;0,15752704441547394;0,007255773991346359
2102;189,2212677001953;-292,7402648925781;67185,8359375;-17,042816162109375;265,86737060546875;11,004143714904785;0,46690014004707336;0,18938401341438293;0,15978336334228516;0,007382966112345457
2103;189,2212677001953;-292,7402648925781;67185,8359375;-14,189279556274414;266,9945983886719;11,190702438354492;0,4668786823749542;0,18826724588871002;0,15971672534942627;0,0074057793244719505
2104;189,2212677001953;-292,7402648925781;67185,8359375;-12,031559944152832;267,3689880371094;11,124822616577148;0,47211119532585144;0,18890006840229034;0,16137763857841492;0,007552177645266056
2105;189,2212677001953;-292,7402648925781;67185,8359375;-16,81549644470215;266,38946533203125;11,162686347961426;0,470414936542511;0,18654505908489227;0,16052615642547607;0,00750668765977025
2106;189,2212677001953;-292,7402648925781;67185,8359375;-14,089667320251465;267,2254943847656;11,046652793884277;0,48789000511169434;0,19251728057861328;0,16641373932361603;0,007955729030072689
2107;189,2212677001953;-292,7402648925781;67185,8359375;-9,881940841674805;267,377685546875;10,946669578552246;0,4896203577518463;0,19232650101184845;0,16679468750953674;0,007969047874212265
2108;189,2212677001953;-292,7402648925781;67185,8359375;-8,184853553771973;266,8150634765625;10,925036430358887;0,5022712349891663;0,19628679752349854;0,17077955603599548;0,008305765688419342
2109;189,2212677001953;-292,7402648925781;67185,8359375;-6,940927505493164;265,8964538574219;10,7257080078125;0,5084373950958252;0,19918479025363922;0,1727314591407776;0,008416512049734592
2110;189,2212677001953;-292,7402648925781;67185,8359375;-6,011295318603516;266,8158874511719;10,997347831726074;0,5082194805145264;0,1975078135728836;0,17208331823349;0,008406816981732845
2111;189,2212677001953;-292,7402648925781;67185,8359375;-5,739846229553223;267,51202392578125;10,765395164489746;0,5095707178115845;0,19745585322380066;0,17206798493862152;0,008413348346948624
2112;189,2212677001953;-292,7402648925781;67185,8359375;-11,49623966217041;265,452880859375;10,889132499694824;0,5230984687805176;0,20242120325565338;0,17613083124160767;0,008754095062613487
2113;189,2212677001953;-292,7402648925781;67185,8359375;-6,787148952484131;267,9524230957031;10,758369445800781;0,519397497177124;0,19782251119613647;0,1738915890455246;0,008635377511382103
2114;189,2212677001953;-292,7402648925781;67185,8359375;-6,2216291427612305;266,7755432128906;10,533182144165039;0,5226691961288452;0,19802440702915192;0,17424975335597992;0,008687187917530537
2115;189,2212677001953;-292,7402648925781;67185,8359375;-11,133119583129883;268,4031982421875;10,303192138671875;0,5445129871368408;0,20818787813186646;0,1811305731534958;0,00922838132828474
2116;189,2212677001953;-292,7402648925781;67185,8359375;-8,01766300201416;268,20391845703125;10,328533172607422;0,5348156094551086;0,20358391106128693;0,17705810070037842;0,008930128067731857
2117;189,2212677001953;-292,7402648925781;67185,8359375;-12,479325294494629;263,3094177246094;10,214463233947754;0,526770830154419;0,2001865655183792;0,17358842492103577;0,008669433183968067
2118;189,2212677001953;-292,7402648925781;67185,8359375;-12,211986541748047;265,8352355957031;10,282025337219238;0,5440854430198669;0,2037353813648224;0,1780363917350769;0,009084341116249561
2119;189,2212677001953;-292,7402648925781;67185,8359375;-15,36441421508789;264,2001037597656;9,894620895385742;0,5409794449806213;0,2064041644334793;0,17668935656547546;0,008956621401011944
2120;189,2212677001953;-292,7402648925781;67185,8359375;-11,2174711227417;265,5375061035156;9,907901763916016;0,5433085560798645;0,19647277891635895;0,17503303289413452;0,008934899233281612
2121;189,2212677001953;-292,7402648925781;67185,8359375;-10,91431999206543;260,75311279296875;9,716828346252441;0,5426410436630249;0,19830241799354553;0,17415350675582886;0,008881944231688976
2122;189,2212677001953;-292,7402648925781;67185,8359375;-16,02585220336914;262,31005859375;9,600008964538574;0,5432760715484619;0,19133633375167847;0,1724012792110443;0,008795557543635368
2123;189,2212677001953;-292,7402648925781;67185,8359375;-10,298369407653809;263,2294006347656;9,554760932922363;0,5557299256324768;0,19283674657344818;0,17493970692157745;0,009027747437357903
2124;189,2212677001953;-292,7402648925781;67185,8359375;-2,930781841278076;263,36944580078125;9,300688743591309;0,5612790584564209;0,20161941647529602;0,17655734717845917;0,009173523634672165
2125;189,2212677001953;-292,7402648925781;67185,8359375;-1,1619683504104614;260,4761962890625;9,158404350280762;0,5702210664749146;0,20233824849128723;0,17794431746006012;0,009319214150309563
2126;189,2212677001953;-292,7402648925781;67185,8359375;-2,0392565727233887;259,8584899902344;9,055803298950195;0,5787594318389893;0,2016669362783432;0,17899560928344727;0,009436397813260555
2127;189,2212677001953;-292,7402648925781;67185,8359375;-7,862466335296631;258,4702453613281;8,801301956176758;0,5735724568367004;0,1969434916973114;0,1758953183889389;0,009225612506270409
2128;189,2212677001953;-292,7402648925781;67185,8359375;3,566026449203491;259,22308349609375;8,696731567382812;0,5839903950691223;0,19390539824962616;0,1770866960287094;0,0093424953520298
2129;189,2212677001953;-292,7402648925781;67185,8359375;-7,424333572387695;260,8846130371094;8,517494201660156;0,5852794647216797;0,20197919011116028;0,1774037480354309;0,009395681321620941
2130;189,2212677001953;-292,7402648925781;67185,8359375;-5,14978551864624;260,7559814453125;8,230329513549805;0,5871526002883911;0,1992243379354477;0,17641733586788177;0,009345107711851597
2131;189,2212677001953;-292,7402648925781;67185,8359375;-7,086275100708008;257,56976318359375;7,897095680236816;0,5779064297676086;0,19732120633125305;0,1727650761604309;0,009075836278498173
2132;189,2212677001953;-292,7402648925781;67185,8359375;-7,579716682434082;260,65289306640625;7,789064407348633;0,5864920616149902;0,2069723904132843;0,1752590835094452;0,009270835667848587
2133;189,2212677001953;-292,7402648925781;67185,8359375;-14,326354026794434;261,1387939453125;7,426501750946045;0,5990850329399109;0,20765717327594757;0,17748548090457916;0,009472304955124855
2134;189,2212677001953;-292,7402648925781;67185,8359375;-7,045142650604248;260,9530029296875;7,2307257652282715;0,6079222559928894;0,21467739343643188;0,17970848083496094;0,00964320544153452
2135;189,2212677001953;-292,7402648925781;67185,8359375;-9,140756607055664;263,29547119140625;7,321181774139404;0,6219173669815063;0,21145687997341156;0,181737020611763;0,009826327674090862
2136;189,2212677001953;-292,7402648925781;67185,8359375;0,7593631148338318;261,3627624511719;7,283848762512207;0,6263914704322815;0,2169564962387085;0,18273738026618958;0,009895970113575459
2137;189,2212677001953;-292,7402648925781;67185,8359375;-9,027145385742188;263,54400634765625;6,8629326820373535;0,6330023407936096;0,2140664905309677;0,18309707939624786;0,009928446263074875
2138;189,2212677001953;-292,7402648925781;67185,8359375;-3,6215808391571045;262,56707763671875;6,954317092895508;0,639056384563446;0,21616390347480774;0,1841008961200714;0,00999510008841753
2139;189,2212677001953;-292,7402648925781;67185,8359375;-10,165913581848145;260,5959777832031;7,104527473449707;0,6266607046127319;0,21283574402332306;0,17999453842639923;0,009659220464527607
2140;189,2212677001953;-292,7402648925781;67185,8359375;-8,495863914489746;260,384521484375;6,7492146492004395;0,6565502285957336;0,21727171540260315;0,18714460730552673;0,01019338145852089
2141;189,2212677001953;-292,7402648925781;67185,8359375;-20,174440383911133;257,7847595214844;6,77976655960083;0,6486702561378479;0,2166951447725296;0,18468008935451508;0,009975304827094078
2142;189,2212677001953;-292,7402648925781;67185,8359375;-13,231863975524902;259,8966369628906;6,795068264007568;0,6713017821311951;0,21668848395347595;0,18960094451904297;0,010315370745956898
2143;189,2212677001953;-292,7402648925781;67185,8359375;-13,271554946899414;259,3563537597656;6,88952112197876;0,6629197597503662;0,20806853473186493;0,18606610596179962;0,010006307624280453
2144;189,2212677001953;-292,7402648925781;67185,8359375;-17,55290412902832;261,49444580078125;7,086897850036621;0,687280535697937;0,20448601245880127;0,1911236196756363;0,01030842773616314
2145;189,2212677001953;-292,7402648925781;67185,8359375;-12,420605659484863;259,7388610839844;7,155450344085693;0,6903394460678101;0,20344872772693634;0,19156911969184875;0,010281606577336788
2146;189,2212677001953;-292,7402648925781;67185,8359375;-8,182772636413574;265,5450134277344;7,015603542327881;0,6940600872039795;0,2095697969198227;0,19323745369911194;0,01035783439874649
2147;189,2212677001953;-292,7402648925781;67185,8359375;-24,894697189331055;259,222900390625;7,4528656005859375;0,7114149928092957;0,20779675245285034;0,1971978098154068;0,010552288964390755
2148;189,2212677001953;-292,7402648925781;67185,8359375;-17,437440872192383;263,8992919921875;7,111180782318115;0,7153010964393616;0,2072964906692505;0,1982368677854538;0,010545614175498486
2149;189,2212677001953;-292,7402648925781;67185,8359375;-30,34137725830078;260,9588928222656;7,25759744644165;0,7437530159950256;0,22037257254123688;0,20705823600292206;0,011101184412837029
2150;189,2212677001953;-292,7402648925781;67185,8359375;-21,99408721923828;264,1415100097656;7,337907314300537;0,74220871925354;0,21715109050273895;0,20666161179542542;0,010974080301821232
2151;189,2212677001953;-292,7402648925781;67185,8359375;-19,979856491088867;261,4449462890625;7,402054786682129;0,7383467555046082;0,21398603916168213;0,20582087337970734;0,01081328745931387
2152;189,2212677001953;-292,7402648925781;67185,8359375;-12,301514625549316;262,78985595703125;7,347944259643555;0,748694896697998;0,22049695253372192;0,20977963507175446;0,010999136604368687
2153;189,2212677001953;-292,7402648925781;67185,8359375;-14,062323570251465;261,34197998046875;7,803330898284912;0,7507326006889343;0,21800824999809265;0,21064992249011993;0,01094025932252407
2154;189,2212677001953;-292,7402648925781;67185,8359375;-8,32199764251709;261,9026184082031;7,8517985343933105;0,7409926056861877;0,20935148000717163;0,2079501748085022;0,010620644316077232
2155;189,2212677001953;-292,7402648925781;67185,8359375;-17,197147369384766;260,25634765625;8,01491928100586;0,7597039341926575;0,2153087556362152;0,21418018639087677;0,010927210561931133
2156;189,2212677001953;-292,7402648925781;67185,8359375;-30,195533752441406;259,0785217285156;7,896841526031494;0,7671452164649963;0,21441739797592163;0,21687881648540497;0,010970093309879303
2157;189,2212677001953;-292,7402648925781;67185,8359375;-35,58946228027344;259,1831970214844;8,403873443603516;0,7778223752975464;0,2153550386428833;0,22070980072021484;0,011084623634815216
2158;189,2212677001953;-292,7402648925781;67185,8359375;-42,122013092041016;253,88645935058594;8,591517448425293;0,7573591470718384;0,21363575756549835;0,21650248765945435;0,010711838491261005
2159;189,2212677001953;-292,7402648925781;67185,8359375;-10,960216522216797;259,9049987792969;8,815078735351562;0,7861868739128113;0,23072227835655212;0,22709359228610992;0,01131524983793497
2160;189,2212677001953;-292,7402648925781;67185,8359375;-15,744791984558105;260,73687744140625;9,102197647094727;0,7913069128990173;0,21787817776203156;0,2280198186635971;0,011157888919115067
2161;189,2212677001953;-292,7402648925781;67185,8359375;-35,4295539855957;256,170166015625;9,354463577270508;0,7903918623924255;0,2133367955684662;0,22854205965995789;0,01102505438029766
2162;189,2212677001953;-292,7402648925781;67185,8359375;-37,916664123535156;255,0885772705078;9,406720161437988;0,8088151812553406;0,22242669761180878;0,23574161529541016;0,01136868353933096
2163;189,2212677001953;-292,7402648925781;67185,8359375;-32,4788818359375;255,15542602539062;9,871392250061035;0,8113933801651001;0,23243273794651031;0,23904941976070404;0,011505845934152603
2164;189,2212677001953;-292,7402648925781;67185,8359375;-35,555416107177734;252,3198699951172;10,081710815429688;0,8117256760597229;0,24186314642429352;0,241765096783638;0,011595060117542744
2165;189,2212677001953;-292,7402648925781;67185,8359375;-18,603839874267578;258,6351013183594;10,468003273010254;0,7998896241188049;0,23241692781448364;0,238889679312706;0,011253896169364452
2166;189,2212677001953;-292,7402648925781;67185,8359375;-4,741706371307373;256,1957702636719;10,921833992004395;0,818327009677887;0,23251403868198395;0,2451830804347992;0,01146326120942831
2167;189,2212677001953;-292,7402648925781;67185,8359375;-20,261796951293945;255,24795532226562;11,123217582702637;0,8119747638702393;0,23556852340698242;0,24532559514045715;0,011379511095583439
2168;189,2212677001953;-292,7402648925781;67185,8359375;-23,603151321411133;259,0824279785156;11,430289268493652;0,8432709574699402;0,24711471796035767;0,25657445192337036;0,011931590735912323
2169;189,2212677001953;-292,7402648925781;67185,8359375;-21,61673927307129;258,0814208984375;11,611164093017578;0,8333063125610352;0,2460157424211502;0,2552187740802765;0,011739186011254787
2170;189,2212677001953;-292,7402648925781;67185,8359375;-17,793081283569336;261,780517578125;11,626805305480957;0,8350361585617065;0,2473638653755188;0,2572776675224304;0,011741096153855324
2171;189,2212677001953;-292,7402648925781;67185,8359375;-18,110658645629883;259,4864501953125;11,810943603515625;0,8451683521270752;0,24815307557582855;0,2615159749984741;0,011842737905681133
2172;189,2212677001953;-292,7402648925781;67185,8359375;-31,849838256835938;258,5072021484375;12,213885307312012;0,8661786317825317;0,2550314962863922;0,2695048451423645;0,012178721837699413
2173;189,2212677001953;-292,7402648925781;67185,8359375;-24,42731285095215;257,7005310058594;12,67236042022705;0,8557780385017395;0,2576190233230591;0,26834866404533386;0,012049520388245583
2174;189,2212677001953;-292,7402648925781;67185,8359375;-27,08095932006836;257,2911376953125;12,7138032913208;0,8656428456306458;0,260241836309433;0,27269142866134644;0,012174377217888832
2175;189,2212677001953;-292,7402648925781;67185,8359375;-23,847280502319336;258,3765869140625;13,080883979797363;0,8661414384841919;0,2614196240901947;0,27422308921813965;0,012156962417066097
2176;189,2212677001953;-292,7402648925781;67185,8359375;-32,909637451171875;257,7735290527344;13,191859245300293;0,8611429929733276;0,25998654961586;0,2738112509250641;0,012023827992379665
2177;189,2212677001953;-292,7402648925781;67185,8359375;-36,502315521240234;255,29124450683594;13,76685905456543;0,8546353578567505;0,25819510221481323;0,2728419601917267;0,011862406507134438
2178;189,2212677001953;-292,7402648925781;67185,8359375;-47,101837158203125;258,9814147949219;13,249505996704102;0,8502862453460693;0,25999024510383606;0,2728899419307709;0,011801119893789291
2179;189,2212677001953;-292,7402648925781;67185,8359375;-35,83877182006836;259,18768310546875;13,760820388793945;0,8393142223358154;0,2615392208099365;0,27099648118019104;0,01166474912315607
2180;189,2212677001953;-292,7402648925781;67185,8359375;-46,183467864990234;258,47418212890625;14,206886291503906;0,8312176465988159;0,2599904239177704;0,26934200525283813;0,011492304503917694
2181;189,2212677001953;-292,7402648925781;67185,8359375;-45,89796447753906;258,1432800292969;14,330397605895996;0,8518263101577759;0,26915213465690613;0,2771850824356079;0,011864270083606243
2182;189,2212677001953;-292,7402648925781;67185,8359375;-50,37437438964844;260,5629577636719;14,002474784851074;0,8398061990737915;0,2666044533252716;0,2741008400917053;0,011622491292655468
2183;189,2212677001953;-292,7402648925781;67185,8359375;-54,093841552734375;255,68101501464844;14,468796730041504;0,847827136516571;0,2719217836856842;0,2777142822742462;0,011772104538977146
2184;189,2212677001953;-292,7402648925781;67185,8359375;-57,0440788269043;257,6636657714844;15,745624542236328;0,8437306880950928;0,27545854449272156;0,2776811718940735;0,01177637092769146
2185;189,2212677001953;-292,7402648925781;67185,8359375;-45,22114944458008;258,5923156738281;15,527541160583496;0,8454424738883972;0,27745816111564636;0,2788131833076477;0,011775507591664791
2186;189,2212677001953;-292,7402648925781;67185,8359375;-55,34086990356445;259,2052917480469;15,592869758605957;0,8610117435455322;0,2853020131587982;0,2846736013889313;0,012055671773850918
2187;189,2212677001953;-292,7402648925781;67185,8359375;-69,27458953857422;255,473876953125;15,710901260375977;0,8474858999252319;0,28335821628570557;0,2807634472846985;0,011809446848928928
2188;189,2212677001953;-292,7402648925781;67185,8359375;-68,05581665039062;257,8731689453125;15,8029146194458;0,8527795076370239;0,2889448404312134;0,28335732221603394;0,011969129554927349
2189;189,2212677001953;-292,7402648925781;67185,8359375;-52,6379508972168;261,5216064453125;15,71263599395752;0,8580735921859741;0,29373040795326233;0,28563016653060913;0,01208218652755022
2190;189,2212677001953;-292,7402648925781;67185,8359375;-42,23921203613281;263,2480163574219;15,803022384643555;0,8361347317695618;0,2890793979167938;0,27863866090774536;0,01168784312903881
2191;189,2212677001953;-292,7402648925781;67185,8359375;-46,6088752746582;262,59417724609375;16,340091705322266;0,8645251393318176;0,30212149024009705;0,28855472803115845;0,01223910041153431
2192;189,2212677001953;-292,7402648925781;67185,8359375;-40,250213623046875;264,7746887207031;16,10312271118164;0,8528432846069336;0,3014315664768219;0,2848057150840759;0,012022568844258785
2193;189,2212677001953;-292,7402648925781;67185,8359375;-38,68641662597656;265,15899658203125;16,540254592895508;0,8532254695892334;0,3044365644454956;0,285237580537796;0,012092935852706432
2194;189,2212677001953;-292,7402648925781;67185,8359375;-45,31464767456055;264,4102783203125;17,05500030517578;0,8570228219032288;0,30993497371673584;0,2865086495876312;0,012145617045462132
2195;189,2212677001953;-292,7402648925781;67185,8359375;-47,548614501953125;264,8175964355469;16,621761322021484;0,8548513054847717;0,31314191222190857;0,2858055830001831;0,01212119311094284
2196;189,2212677001953;-292,7402648925781;67185,8359375;-50,36207962036133;266,7537536621094;16,577322006225586;0,8199245929718018;0,30367574095726013;0,27411842346191406;0,011537609621882439
2197;189,2212677001953;-292,7402648925781;67185,8359375;-50,029361724853516;264,7169494628906;16,73310089111328;0,8446559906005859;0,3162107467651367;0,2822917103767395;0,012023786082863808
2198;189,2212677001953;-292,7402648925781;67185,8359375;-48,87495422363281;264,2391357421875;16,431547164916992;0,8418446779251099;0,3168667256832123;0,28115615248680115;0,012044336646795273
2199;189,2212677001953;-292,7402648925781;67185,8359375;-48,90412902832031;264,05255126953125;16,542579650878906;0,8346425890922546;0,3206549286842346;0,2785586416721344;0,01190375629812479
2200;189,2212677001953;-292,7402648925781;67185,8359375;-45,426002502441406;264,9140930175781;16,603055953979492;0,8181661367416382;0,31860849261283875;0,27279427647590637;0,011638423427939415
2201;189,2212677001953;-292,7402648925781;67185,8359375;-51,52498245239258;264,1835021972656;17,000280380249023;0,8260766267776489;0,32400935888290405;0,27501973509788513;0,01184515655040741
2202;189,2212677001953;-292,7402648925781;67185,8359375;-47,542545318603516;264,42388916015625;16,5882511138916;0,7968533039093018;0,3153679370880127;0,26484358310699463;0,011361844837665558
2203;189,2212677001953;-292,7402648925781;67185,8359375;-53,15446090698242;264,2594909667969;16,696081161499023;0,8081795573234558;0,32456085085868835;0,2681933045387268;0,011606098152697086
2204;189,2212677001953;-292,7402648925781;67185,8359375;-54,48754119873047;263,7181091308594;16,654518127441406;0,7922673225402832;0,3210800886154175;0,2623595595359802;0,011365399695932865
2205;189,2212677001953;-292,7402648925781;67185,8359375;-50,543209075927734;262,41656494140625;15,973542213439941;0,8026930093765259;0,32862046360969543;0,26521995663642883;0,011609690263867378
2206;189,2212677001953;-292,7402648925781;67185,8359375;-60,107723236083984;262,57293701171875;15,622819900512695;0,7674095630645752;0,3160054385662079;0,2528507113456726;0,011006695218384266
2207;189,2212677001953;-292,7402648925781;67185,8359375;-53,05915069580078;263,7119445800781;16,166807174682617;0,7934777140617371;0,3322630822658539;0,26093247532844543;0,011540226638317108
2208;189,2212677001953;-292,7402648925781;67185,8359375;-55,69843673706055;263,1014404296875;15,472322463989258;0,767609715461731;0,32140421867370605;0,2514740526676178;0,011116326786577702
2209;189,2212677001953;-292,7402648925781;67185,8359375;-57,777896881103516;262,6073913574219;15,035172462463379;0,7667818069458008;0,32936686277389526;0,2509152293205261;0,011141824536025524
2210;189,2212677001953;-292,7402648925781;67185,8359375;-59,47931671142578;262,8448486328125;15,291729927062988;0,7647697925567627;0,3218977749347687;0,24864113330841064;0,01116902194917202
2211;189,2212677001953;-292,7402648925781;67185,8359375;-56,197296142578125;262,5352478027344;15,11340618133545;0,7316290736198425;0,321431964635849;0,23808418214321136;0,010580817237496376
2212;189,2212677001953;-292,7402648925781;67185,8359375;-56,67094421386719;263,47357177734375;14,334556579589844;0,7398638129234314;0,3241803050041199;0,23963093757629395;0,01080501638352871
2213;189,2212677001953;-292,7402648925781;67185,8359375;-57,373207092285156;264,0912170410156;14,471514701843262;0,723934531211853;0,31767600774765015;0,2334619164466858;0,010550374165177345
2214;189,2212677001953;-292,7402648925781;67185,8359375;-58,94866943359375;262,578125;14,038851737976074;0,7320524454116821;0,32640522718429565;0,23552460968494415;0,010772845707833767
2215;189,2212677001953;-292,7402648925781;67185,8359375;-57,702457427978516;260,39068603515625;14,044485092163086;0,7202252745628357;0,32816067337989807;0,23140038549900055;0,010601682588458061
2216;189,2212677001953;-292,7402648925781;67185,8359375;-61,709896087646484;259,78265380859375;13,745116233825684;0,7332227826118469;0,333067923784256;0,23437483608722687;0,010922214947640896
2217;189,2212677001953;-292,7402648925781;67185,8359375;-61,726722717285156;259,6600341796875;13,191192626953125;0,6981419920921326;0,31947630643844604;0,22238430380821228;0,01028575748205185
2218;189,2212677001953;-292,7402648925781;67185,8359375;-61,4132080078125;259,0860290527344;12,974814414978027;0,6849198937416077;0,3185279071331024;0,2177523970603943;0,01008615642786026
2219;189,2212677001953;-292,7402648925781;67185,8359375;-62,83311080932617;257,9754333496094;13,049908638000488;0,6780892014503479;0,3164432942867279;0,21472549438476562;0,010008840821683407
2220;189,2212677001953;-292,7402648925781;67185,8359375;-63,17245864868164;256,76739501953125;12,414589881896973;0,668637752532959;0,30951324105262756;0,21047089993953705;0,009861616417765617
2221;189,2212677001953;-292,7402648925781;67185,8359375;-59,93177032470703;258,8377990722656;12,25965404510498;0,6611033082008362;0,31019967794418335;0,2076873779296875;0,009778224863111973
2222;189,2212677001953;-292,7402648925781;67185,8359375;-61,04667663574219;256,9876403808594;11,904598236083984;0,6412563323974609;0,3082410395145416;0,20152407884597778;0,009444355964660645
2223;189,2212677001953;-292,7402648925781;67185,8359375;-58,212039947509766;259,0142822265625;11,5006103515625;0,6012206077575684;0,288163423538208;0,18806183338165283;0,008628359995782375
2224;189,2212677001953;-292,7402648925781;67185,8359375;-57,34193801879883;259,1083679199219;11,39311695098877;0,6193041205406189;0,29621925950050354;0,19287608563899994;0,009080078452825546
2225;189,2212677001953;-292,7402648925781;67185,8359375;-57,36204147338867;258,7933044433594;11,116442680358887;0,6017487049102783;0,29485437273979187;0,18765771389007568;0,008788169361650944
2226;189,2212677001953;-292,7402648925781;67185,8359375;-59,91579818725586;257,30694580078125;10,8665771484375;0,5767179131507874;0,27420324087142944;0,1780896931886673;0,008206402882933617
2227;189,2212677001953;-292,7402648925781;67185,8359375;-58,31398010253906;258,2875061035156;10,305224418640137;0,5736629962921143;0,2774741053581238;0,1772138923406601;0,008235080167651176
2228;189,2212677001953;-292,7402648925781;67185,8359375;-55,33952713012695;257,67767333984375;10,123699188232422;0,5600234270095825;0,27208277583122253;0,17265905439853668;0,007977890782058239
2229;189,2212677001953;-292,7402648925781;67185,8359375;-57,75154113769531;256,9572448730469;9,732948303222656;0,5616147518157959;0,27432551980018616;0,1729026734828949;0,008086167275905609
2230;189,2212677001953;-292,7402648925781;67185,8359375;-55,67167663574219;256,65106201171875;9,463787078857422;0,5469740033149719;0,2641720771789551;0,1675824671983719;0,007749541196972132
2231;189,2212677001953;-292,7402648925781;67185,8359375;-54,87917709350586;257,7483825683594;9,323662757873535;0,553352952003479;0,2682068943977356;0,169341579079628;0,007975460030138493
2232;189,2212677001953;-292,7402648925781;67185,8359375;-53,525508880615234;258,11614990234375;8,767985343933105;0,5615793466567993;0,27430036664009094;0,171892911195755;0,00825775507837534
2233;189,2212677001953;-292,7402648925781;67185,8359375;-53,12700653076172;257,44378662109375;8,786094665527344;0,5491194128990173;0,27621743083000183;0,16906358301639557;0,008093020878732204
2234;189,2212677001953;-292,7402648925781;67185,8359375;-52,83268737792969;256,89947509765625;8,616730690002441;0,5501085519790649;0,27393800020217896;0,1688292920589447;0,008152780123054981
2235;189,2212677001953;-292,7402648925781;67185,8359375;-50,652713775634766;257,7528381347656;8,45085620880127;0,5360774993896484;0,26619094610214233;0,1643545776605606;0,007858351804316044
2236;189,2212677001953;-292,7402648925781;67185,8359375;-51,624542236328125;257,8077392578125;7,829382419586182;0,5414936542510986;0,26851850748062134;0,16597473621368408;0,008051193319261074
2237;189,2212677001953;-292,7402648925781;67185,8359375;-52,84977340698242;257,8042297363281;8,201953887939453;0,5094990730285645;0,26288941502571106;0,15780368447303772;0,007408775854855776
2238;189,2212677001953;-292,7402648925781;67185,8359375;-47,727413177490234;258,80694580078125;7,933815002441406;0,4938262403011322;0,2543627917766571;0,1530243307352066;0,007055946625769138
2239;189,2212677001953;-292,7402648925781;67185,8359375;-49,462371826171875;258,4925842285156;7,725869178771973;0,49438804388046265;0,25973522663116455;0,15419508516788483;0,007178015075623989
2240;189,2212677001953;-292,7402648925781;67185,8359375;-50,56598663330078;257,8449401855469;7,4688520431518555;0,47714635729789734;0,24726706743240356;0,1485447883605957;0,006743726320564747
2241;189,2212677001953;-292,7402648925781;67185,8359375;-48,138187408447266;258,1067199707031;7,448733329772949;0,4591113030910492;0,24251198768615723;0,1439516693353653;0,006353187374770641
2242;189,2212677001953;-292,7402648925781;67185,8359375;-46,79063034057617;258,66015625;7,34077262878418;0,4561867117881775;0,2400604784488678;0,14324966073036194;0,006320389453321695
2243;189,2212677001953;-292,7402648925781;67185,8359375;-46,99508285522461;259,39111328125;7,419381141662598;0,456923246383667;0,24231643974781036;0,14418324828147888;0,006422049831598997
2244;189,2212677001953;-292,7402648925781;67185,8359375;-46,08388137817383;258,8192443847656;7,408487796783447;0,4525071084499359;0,242774099111557;0,1436838060617447;0,006378921680152416
2245;189,2212677001953;-292,7402648925781;67185,8359375;-41,956729888916016;260,7494812011719;7,4348626136779785;0,46504566073417664;0,2426406592130661;0,14711162447929382;0,006731700152158737
2246;189,2212677001953;-292,7402648925781;67185,8359375;-43,30192565917969;260,18865966796875;7,091038227081299;0,464932382106781;0,24209821224212646;0,14756493270397186;0,006783096119761467
2247;189,2212677001953;-292,7402648925781;67185,8359375;-40,13813018798828;260,1492614746094;7,064940452575684;0,44099584221839905;0,2357412874698639;0,14148075878620148;0,006211793981492519
2248;189,2212677001953;-292,7402648925781;67185,8359375;-38,223487854003906;261,16943359375;7,131475925445557;0,44794946908950806;0,22715462744235992;0,14246369898319244;0,006332659628242254
2249;189,2212677001953;-292,7402648925781;67185,8359375;-38,315208435058594;262,4267272949219;7,262509822845459;0,3719910979270935;0,20425960421562195;0,1212262511253357;0,004100926220417023
2250;189,2212677001953;-292,7402648925781;67185,8359375;-35,26261520385742;262,336181640625;7,29734992980957;0,41468074917793274;0,20886480808258057;0,13292396068572998;0,00534201180562377
2251;189,2212677001953;-292,7402648925781;67185,8359375;-37,027305603027344;262,51873779296875;7,406710147857666;0,4115251302719116;0,22212713956832886;0,13477285206317902;0,005544607527554035
2252;189,2212677001953;-292,7402648925781;67185,8359375;-33,574485778808594;263,27606201171875;7,7355732917785645;0,43509188294410706;0,22670458257198334;0,1419747769832611;0,006255717482417822
2253;189,2212677001953;-292,7402648925781;67185,8359375;-31,53345489501953;263,2760925292969;7,768777370452881;0,43420156836509705;0,22560395300388336;0,1423114836215973;0,006271730177104473
2254;189,2212677001953;-292,7402648925781;67185,8359375;-31,685293197631836;263,8020324707031;7,9537153244018555;0,4347456395626068;0,22131210565567017;0,1425691843032837;0,0063014463521540165
2255;189,2212677001953;-292,7402648925781;67185,8359375;-31,625768661499023;263,6954040527344;8,056546211242676;0,42789629101753235;0,22251936793327332;0,14172038435935974;0,00616556266322732
2256;189,2212677001953;-292,7402648925781;67185,8359375;-26,172317504882812;265,8720703125;8,197490692138672;0,4298255145549774;0,21466229856014252;0,14185890555381775;0,0062092565931379795
2257;189,2212677001953;-292,7402648925781;67185,8359375;-30,33421516418457;264,75469970703125;8,540892601013184;0,4250611364841461;0,21167153120040894;0,14093773066997528;0,006104883272200823
2258;189,2212677001953;-292,7402648925781;67185,8359375;-25,332843780517578;265,41192626953125;8,729878425598145;0,42418381571769714;0,21086646616458893;0,14132346212863922;0,006118959281593561
2259;189,2212677001953;-292,7402648925781;67185,8359375;-25,681110382080078;266,4081115722656;8,80052661895752;0,43706315755844116;0,21232563257217407;0,1457049548625946;0,00650596572086215
2260;189,2212677001953;-292,7402648925781;67185,8359375;-23,642065048217773;266,4471435546875;9,214632034301758;0,4228171706199646;0,20532380044460297;0,1416497528553009;0,006113284733146429
2261;189,2212677001953;-292,7402648925781;67185,8359375;-22,06113624572754;267,7043762207031;8,973800659179688;0,4258781969547272;0,2041485458612442;0,14302906394004822;0,006220735143870115
2262;189,2212677001953;-292,7402648925781;67185,8359375;-22,20758628845215;267,244873046875;9,456205368041992;0,4314135015010834;0,205574169754982;0,14541412889957428;0,0064154379069805145
2263;189,2212677001953;-292,7402648925781;67185,8359375;-23,0225830078125;267,62591552734375;9,416108131408691;0,43660205602645874;0,20453478395938873;0,14739950001239777;0,006575076375156641
2264;189,2212677001953;-292,7402648925781;67185,8359375;-20,751197814941406;269,3446960449219;9,44228458404541;0,42465049028396606;0,19771729409694672;0,14383351802825928;0,0062322672456502914
2265;189,2212677001953;-292,7402648925781;67185,8359375;-22,559429168701172;269,13018798828125;9,956287384033203;0,4454931914806366;0,20261813700199127;0,1509554237127304;0,006847080308943987
2266;189,2212677001953;-292,7402648925781;67185,8359375;-18,026119232177734;271,8603210449219;9,884846687316895;0,4301682412624359;0,19529135525226593;0,14627361297607422;0,006413441151380539
2267;189,2212677001953;-292,7402648925781;67185,8359375;-18,07205581665039;271,31585693359375;10,168802261352539;0,43712103366851807;0,19537201523780823;0,1488245129585266;0,006620642729103565
2268;189,2212677001953;-292,7402648925781;67185,8359375;-19,558448791503906;272,3621826171875;10,395271301269531;0,4562291204929352;0,19886429607868195;0,15531057119369507;0,007153746671974659
2269;189,2212677001953;-292,7402648925781;67185,8359375;-17,132875442504883;273,2237243652344;10,715340614318848;0,4446767270565033;0,19349011778831482;0,15177926421165466;0,006840603891760111
2270;189,2212677001953;-292,7402648925781;67185,8359375;-18,128782272338867;273,8829040527344;10,87560749053955;0,45225438475608826;0,19259770214557648;0,15436577796936035;0,007020304445177317
2271;189,2212677001953;-292,7402648925781;67185,8359375;-16,436147689819336;275,0148010253906;10,917302131652832;0,45814651250839233;0,1936979591846466;0,15659277141094208;0,007209428586065769
2272;189,2212677001953;-292,7402648925781;67185,8359375;-18,784337997436523;274,4058837890625;10,878867149353027;0,4495704174041748;0,18929016590118408;0,1538606435060501;0,006975979544222355
2273;189,2212677001953;-292,7402648925781;67185,8359375;-21,65386199951172;275,45263671875;10,781938552856445;0,46680036187171936;0,19331344962120056;0,15973620116710663;0,007445431314408779
2274;189,2212677001953;-292,7402648925781;67185,8359375;-17,000450134277344;276,7667541503906;11,522358894348145;0,4582518935203552;0,18848204612731934;0,1568625420331955;0,007200341206043959
2275;189,2212677001953;-292,7402648925781;67185,8359375;-16,1544189453125;276,40447998046875;11,406205177307129;0,47146254777908325;0,191343754529953;0,16134582459926605;0,007530308794230223
2276;189,2212677001953;-292,7402648925781;67185,8359375;-20,37715721130371;276,7080993652344;11,485036849975586;0,4658506512641907;0,18783912062644958;0,15936687588691711;0,0073728905990719795
2277;189,2212677001953;-292,7402648925781;67185,8359375;-14,7060546875;278,53656005859375;11,543184280395508;0,47429919242858887;0,1897910237312317;0,162113755941391;0,007621830329298973
2278;189,2212677001953;-292,7402648925781;67185,8359375;-17,191444396972656;277,0735778808594;11,367176055908203;0,4703119397163391;0,18659646809101105;0,1605307161808014;0,0074968780390918255
2279;189,2212677001953;-292,7402648925781;67185,8359375;-18,400075912475586;278,7193603515625;11,260995864868164;0,4911124110221863;0,19373224675655365;0,16749806702136993;0,008050932548940182
2280;189,2212677001953;-292,7402648925781;67185,8359375;-11,817193031311035;277,9797668457031;11,397378921508789;0,4917525351047516;0,19344806671142578;0,167580246925354;0,008016257546842098
2281;189,2212677001953;-292,7402648925781;67185,8359375;-10,334066390991211;279,06243896484375;11,084647178649902;0,49382221698760986;0,19255398213863373;0,1678282916545868;0,008077805861830711
2282;189,2212677001953;-292,7402648925781;67185,8359375;-10,315872192382812;277,94830322265625;11,110389709472656;0,497876912355423;0,19448845088481903;0,16904941201210022;0,008131800219416618
2283;189,2212677001953;-292,7402648925781;67185,8359375;-8,316923141479492;279,8686218261719;11,598626136779785;0,5105190873146057;0,1984536051750183;0,1728711724281311;0,008470632135868073
2284;189,2212677001953;-292,7402648925781;67185,8359375;-9,29983139038086;279,6490478515625;10,98302173614502;0,5007588863372803;0,19311971962451935;0,16895054280757904;0,00817835796624422
2285;189,2212677001953;-292,7402648925781;67185,8359375;-9,533116340637207;279,3843994140625;11,315210342407227;0,5139259099960327;0,1984792798757553;0,17298424243927002;0,008504427969455719
2286;189,2212677001953;-292,7402648925781;67185,8359375;-9,632403373718262;278,95947265625;11,121574401855469;0,516517162322998;0,198126420378685;0,1731342375278473;0,008549400605261326
2287;189,2212677001953;-292,7402648925781;67185,8359375;-8,839618682861328;277,0104675292969;11,000882148742676;0,5172428488731384;0,19393204152584076;0,172150120139122;0,008539412170648575
2288;189,2212677001953;-292,7402648925781;67185,8359375;-12,06862735748291;281,8288269042969;10,548608779907227;0,5339512825012207;0,20215566456317902;0,17733322083950043;0,008949794806540012
2289;189,2212677001953;-292,7402648925781;67185,8359375;-10,85177993774414;279,9087219238281;10,622400283813477;0,5445882678031921;0,20439179241657257;0,17988280951976776;0,0091854277998209
2290;189,2212677001953;-292,7402648925781;67185,8359375;-13,054154396057129;275,119873046875;10,471673011779785;0,523474931716919;0,19874806702136993;0,1724773794412613;0,008580180816352367
2291;189,2212677001953;-292,7402648925781;67185,8359375;-16,059375762939453;277,2231750488281;10,494885444641113;0,5392497777938843;0,20353704690933228;0,1766817271709442;0,008959886617958546
2292;189,2212677001953;-292,7402648925781;67185,8359375;-14,054136276245117;276,21484375;10,18352222442627;0,5459167957305908;0,2059948593378067;0,1779797375202179;0,009088152088224888
2293;189,2212677001953;-292,7402648925781;67185,8359375;-12,729042053222656;275,19970703125;10,167859077453613;0,5320223569869995;0,19296856224536896;0,17147772014141083;0,008648119866847992
2294;189,2212677001953;-292,7402648925781;67185,8359375;-8,148472785949707;273,6675109863281;10,280083656311035;0,5342667102813721;0,1905895471572876;0,170834481716156;0,00863606482744217
2295;189,2212677001953;-292,7402648925781;67185,8359375;-8,687520027160645;276,0764465332031;9,784987449645996;0,5494190454483032;0,19291280210018158;0,17427410185337067;0,008943870663642883
2296;189,2212677001953;-292,7402648925781;67185,8359375;-11,384082794189453;273,59478759765625;9,824042320251465;0,5571681261062622;0,19518224895000458;0,1756407469511032;0,009082328528165817
2297;189,2212677001953;-292,7402648925781;67185,8359375;1,602624535560608;275,37359619140625;9,651754379272461;0,5614694356918335;0,20364448428153992;0,1768895983695984;0,00919161457568407
2298;189,2212677001953;-292,7402648925781;67185,8359375;-5,008484363555908;271,9959716796875;9,509618759155273;0,5616423487663269;0,19601427018642426;0,1748233437538147;0,009079886600375175
2299;189,2212677001953;-292,7402648925781;67185,8359375;-5,082609176635742;269,7359313964844;9,338979721069336;0,57928866147995;0,1967134177684784;0,17847101390361786;0,009394395165145397
2300;189,2212677001953;-292,7402648925781;67185,8359375;-9,737885475158691;269,7097473144531;9,033778190612793;0,579790472984314;0,19602158665657043;0,17739391326904297;0,009341302327811718
2301;189,2212677001953;-292,7402648925781;67185,8359375;-0,787185788154602;271,5111999511719;9,064661026000977;0,5879549980163574;0,1979951411485672;0,17866061627864838;0,009467720054090023
2302;189,2212677001953;-292,7402648925781;67185,8359375;-6,526762008666992;273,2150573730469;8,583857536315918;0,5909014344215393;0,20360562205314636;0,1790664792060852;0,00952576007694006
2303;189,2212677001953;-292,7402648925781;67185,8359375;-10,009831428527832;273,4049987792969;8,471503257751465;0,5976577997207642;0,20186258852481842;0,17944934964179993;0,009580926038324833
2304;189,2212677001953;-292,7402648925781;67185,8359375;-6,564056873321533;275,4183654785156;8,175951957702637;0,577068030834198;0,19903692603111267;0,1727953553199768;0,009073632769286633
2305;189,2212677001953;-292,7402648925781;67185,8359375;-12,75505542755127;271,80145263671875;8,083806037902832;0,5865161418914795;0,20503760874271393;0,174990713596344;0,009256665594875813
2306;189,2212677001953;-292,7402648925781;67185,8359375;-13,470827102661133;270,691162109375;8,077631950378418;0,5984846353530884;0,21069131791591644;0,17777471244335175;0,009484921582043171
2307;189,2212677001953;-292,7402648925781;67185,8359375;-5,089483261108398;271,662353515625;7,549221038818359;0,6044297814369202;0,21267053484916687;0,178565114736557;0,009555816650390625
2308;189,2212677001953;-292,7402648925781;67185,8359375;1,1348927021026611;274,907470703125;7,666193008422852;0,624447762966156;0,2150331735610962;0,18286670744419098;0,00990921352058649
2309;189,2212677001953;-292,7402648925781;67185,8359375;-8,332541465759277;271,9497985839844;7,437071800231934;0,6278846859931946;0,22143271565437317;0,18375487625598907;0,009963292628526688
2310;189,2212677001953;-292,7402648925781;67185,8359375;-3,7487778663635254;274,8940734863281;7,182520866394043;0,6335634589195251;0,20977738499641418;0,18262344598770142;0,00989593006670475
2311;189,2212677001953;-292,7402648925781;67185,8359375;-0,7540674805641174;270,5718688964844;7,201748371124268;0,6400038003921509;0,21549266576766968;0,18423216044902802;0,010006549768149853
2312;189,2212677001953;-292,7402648925781;67185,8359375;-7,14500617980957;272,2140808105469;7,354613780975342;0,6335838437080383;0,21360142529010773;0,18175366520881653;0,009799022227525711
2313;189,2212677001953;-292,7402648925781;67185,8359375;-12,6655912399292;271,3616943359375;7,064944744110107;0,6623356938362122;0,21838603913784027;0,18868012726306915;0,010309657081961632
2314;189,2212677001953;-292,7402648925781;67185,8359375;-29,47435760498047;269,317626953125;7,062685012817383;0,6544563174247742;0,21911188960075378;0,18639864027500153;0,010105637833476067
2315;189,2212677001953;-292,7402648925781;67185,8359375;-21,310884475708008;268,4414367675781;7,246398448944092;0,6752431988716125;0,21317951381206512;0,1900423914194107;0,010344160720705986
2316;189,2212677001953;-292,7402648925781;67185,8359375;-12,579789161682129;270,9388122558594;7,229252338409424;0,6754823327064514;0,20893074572086334;0,18916647136211395;0,010232176631689072
2317;189,2212677001953;-292,7402648925781;67185,8359375;-22,689069747924805;272,15203857421875;7,40692663192749;0,6875020265579224;0,20397882163524628;0,19110922515392303;0,01030554436147213
2318;189,2212677001953;-292,7402648925781;67185,8359375;-14,300087928771973;271,259521484375;7,27268123626709;0,6885305643081665;0,19910763204097748;0,19056549668312073;0,010194477625191212
2319;189,2212677001953;-292,7402648925781;67185,8359375;-13,452232360839844;276,4580078125;7,279149532318115;0,6832476854324341;0,20724301040172577;0,19035473465919495;0,010150682181119919
2320;189,2212677001953;-292,7402648925781;67185,8359375;-7,759267330169678;269,04022216796875;7,696007251739502;0,7154892086982727;0,20611470937728882;0,19794924557209015;0,010593880899250507
2321;189,2212677001953;-292,7402648925781;67185,8359375;-14,10438060760498;274,0085144042969;7,3640899658203125;0,7124955654144287;0,21260108053684235;0,19827322661876678;0,010570370592176914
2322;189,2212677001953;-292,7402648925781;67185,8359375;-31,422975540161133;272,9346923828125;7,468830585479736;0,7397648096084595;0,21440169215202332;0,20531141757965088;0,010960510931909084
2323;189,2212677001953;-292,7402648925781;67185,8359375;-25,46503257751465;271,1164855957031;7,758225917816162;0,7522832751274109;0,2199731022119522;0,20944923162460327;0,011166335083544254
2324;189,2212677001953;-292,7402648925781;67185,8359375;-9,88387393951416;271,298095703125;7,562928676605225;0,7425717711448669;0,21887002885341644;0,2074814885854721;0,010942550376057625
2325;189,2212677001953;-292,7402648925781;67185,8359375;-19,696420669555664;273,5933532714844;7,640986442565918;0,7548063397407532;0,22094576060771942;0,21131153404712677;0,011098627001047134
2326;189,2212677001953;-292,7402648925781;67185,8359375;-16,42852783203125;270,6354675292969;7,944457530975342;0,7500765919685364;0,2209608405828476;0,21087895333766937;0,010968818329274654
2327;189,2212677001953;-292,7402648925781;67185,8359375;-21,220136642456055;271,1574401855469;8,244011878967285;0,7438366413116455;0,21144607663154602;0,20891189575195312;0,010692195035517216
2328;189,2212677001953;-292,7402648925781;67185,8359375;-46,016048431396484;268,1736145019531;8,272841453552246;0,7591703534126282;0,21372714638710022;0,2138456255197525;0,010897482745349407
2329;189,2212677001953;-292,7402648925781;67185,8359375;-25,491315841674805;267,74810791015625;8,227079391479492;0,7682033181190491;0,214463472366333;0,21714457869529724;0,010986270383000374
2330;189,2212677001953;-292,7402648925781;67185,8359375;-46,76015853881836;268,9544372558594;8,683048248291016;0,7821332812309265;0,21940037608146667;0,22228801250457764;0,011204853653907776
2331;189,2212677001953;-292,7402648925781;67185,8359375;-40,811519622802734;270,00433349609375;8,731858253479004;0,7660198211669922;0,21336741745471954;0,21863552927970886;0,010834237560629845
2332;189,2212677001953;-292,7402648925781;67185,8359375;-19,668540954589844;276,7405090332031;9,023387908935547;0,7853467464447021;0,23155775666236877;0,2269895374774933;0,011313862167298794
2333;189,2212677001953;-292,7402648925781;67185,8359375;-42,92435836791992;272,76922607421875;9,47654914855957;0,7841070890426636;0,21501468122005463;0,22583436965942383;0,01101431529968977
2334;189,2212677001953;-292,7402648925781;67185,8359375;-19,54482650756836;277,2820739746094;9,620342254638672;0,7981817126274109;0,22279195487499237;0,23168984055519104;0,011277347803115845
2335;189,2212677001953;-292,7402648925781;67185,8359375;-45,28555679321289;268,041748046875;9,935725212097168;0,8091120719909668;0,2314928025007248;0,23694069683551788;0,011508113704621792
2336;189,2212677001953;-292,7402648925781;67185,8359375;-43,33282470703125;267,2406311035156;10,320298194885254;0,8076629042625427;0,23582224547863007;0,23851440846920013;0,01150127686560154
2337;189,2212677001953;-292,7402648925781;67185,8359375;-39,423091888427734;265,19061279296875;10,411259651184082;0,8234477639198303;0,23799632489681244;0,24430741369724274;0,011706680990755558
2338;189,2212677001953;-292,7402648925781;67185,8359375;-31,394880294799805;266,1562194824219;10,693293571472168;0,7998722791671753;0,23114264011383057;0,23872055113315582;0,011235520243644714
2339;189,2212677001953;-292,7402648925781;67185,8359375;-29,979734420776367;264,7850036621094;10,98924732208252;0,8280754685401917;0,2369430512189865;0,24830864369869232;0,011662477627396584
2340;189,2212677001953;-292,7402648925781;67185,8359375;-11,76427936553955;271,95623779296875;11,411065101623535;0,814348578453064;0,23402634263038635;0,24575786292552948;0,011388331651687622
2341;189,2212677001953;-292,7402648925781;67185,8359375;-38,32473373413086;269,555419921875;11,59422779083252;0,8405123949050903;0,2433663308620453;0,2553575038909912;0,01183728501200676
2342;189,2212677001953;-292,7402648925781;67185,8359375;-27,142257690429688;272,718017578125;11,655031204223633;0,8319894075393677;0,24156491458415985;0,2542918026447296;0,011652680113911629
2343;189,2212677001953;-292,7402648925781;67185,8359375;-28,682125091552734;273,2215270996094;12,192167282104492;0,8489524722099304;0,2520805895328522;0,26163938641548157;0,011997584253549576
2344;189,2212677001953;-292,7402648925781;67185,8359375;-38,4129753112793;272,40863037109375;12,311704635620117;0,845720112323761;0,24791716039180756;0,2616325318813324;0,011845877394080162
2345;189,2212677001953;-292,7402648925781;67185,8359375;-28,01715660095215;276,374755859375;12,417757987976074;0,8583323955535889;0,254151314496994;0,2672479450702667;0,012066183611750603
2346;189,2212677001953;-292,7402648925781;67185,8359375;-36,45308303833008;272,1925048828125;12,857747077941895;0,8526027202606201;0,2587175965309143;0,267626017332077;0,012026957236230373
2347;189,2212677001953;-292,7402648925781;67185,8359375;-33,32029724121094;263,82415771484375;13,116823196411133;0,8583185076713562;0,2587594985961914;0,2704784870147705;0,012058588676154613
2348;189,2212677001953;-292,7402648925781;67185,8359375;-26,54448127746582;278,1864318847656;13,11246395111084;0,8578184247016907;0,2571462094783783;0,27134549617767334;0,011977984569966793
2349;189,2212677001953;-292,7402648925781;67185,8359375;-31,426172256469727;273,9548645019531;13,407154083251953;0,8543996214866638;0,26073384284973145;0,2720523476600647;0,01195993646979332
2350;189,2212677001953;-292,7402648925781;67185,8359375;-39,58262634277344;265,46661376953125;13,771864891052246;0,8496614098548889;0,25773414969444275;0,27139905095100403;0,011798175051808357
2351;189,2212677001953;-292,7402648925781;67185,8359375;-49,517852783203125;265,3581237792969;13,830573081970215;0,8519786596298218;0,26144298911094666;0,27356722950935364;0,011851422488689423
2352;189,2212677001953;-292,7402648925781;67185,8359375;-43,88261032104492;263,4708251953125;13,868717193603516;0,8416757583618164;0,25996705889701843;0,27141037583351135;0,011655164882540703
2353;189,2212677001953;-292,7402648925781;67185,8359375;-44,689735412597656;265,22271728515625;14,222744941711426;0,8340202569961548;0,25937405228614807;0,27001693844795227;0,011505749076604843
2354;189,2212677001953;-292,7402648925781;67185,8359375;-44,7172737121582;265,66168212890625;14,352144241333008;0,849983811378479;0,26693058013916016;0,27631863951683044;0,011789174750447273
2355;189,2212677001953;-292,7402648925781;67185,8359375;-48,631553649902344;266,6714172363281;14,628218650817871;0,8435601592063904;0,2690243422985077;0,27553391456604004;0,011722846888005733
2356;189,2212677001953;-292,7402648925781;67185,8359375;-45,12599182128906;266,17193603515625;15,042235374450684;0,8515587449073792;0,2734501361846924;0,27899518609046936;0,011848079040646553
2357;189,2212677001953;-292,7402648925781;67185,8359375;-46,46363830566406;270,1799621582031;15,940187454223633;0,8421046137809753;0,27347543835639954;0,27686333656311035;0,01170159038156271
2358;189,2212677001953;-292,7402648925781;67185,8359375;-57,87068557739258;265,6182556152344;15,860453605651855;0,8452134728431702;0,27781978249549866;0,27882978320121765;0,011787760071456432
2359;189,2212677001953;-292,7402648925781;67185,8359375;-39,51169204711914;269,3795471191406;15,797491073608398;0,8595748543739319;0,28472593426704407;0,28417468070983887;0,012026138603687286
2360;189,2212677001953;-292,7402648925781;67185,8359375;-50,56835174560547;267,8371887207031;16,02825927734375;0,8456505537033081;0,2824837267398834;0,2800840735435486;0,011762088164687157
2361;189,2212677001953;-292,7402648925781;67185,8359375;-52,04975891113281;266,6590576171875;15,963342666625977;0,848609447479248;0,2874717116355896;0,2819516956806183;0,01189146563410759
2362;189,2212677001953;-292,7402648925781;67185,8359375;-48,3317985534668;269,70599365234375;16,01105499267578;0,8650257587432861;0,2962024211883545;0,28799116611480713;0,01221515890210867
2363;189,2212677001953;-292,7402648925781;67185,8359375;-50,12501525878906;268,9806823730469;16,047834396362305;0,8400285243988037;0,29041868448257446;0,2799346148967743;0,011756759136915207
2364;189,2212677001953;-292,7402648925781;67185,8359375;-46,702205657958984;269,3975830078125;16,520124435424805;0,8670056462287903;0,3030163645744324;0,289297491312027;0,01226085051894188
2365;189,2212677001953;-292,7402648925781;67185,8359375;-53,50958251953125;268,27471923828125;16,335098266601562;0,8426560163497925;0,29781800508499146;0,2814039885997772;0,011842075735330582
2366;189,2212677001953;-292,7402648925781;67185,8359375;-49,34447479248047;270,6223449707031;16,84117889404297;0,8414820432662964;0,3001735806465149;0,281324177980423;0,011886677704751492
2367;189,2212677001953;-292,7402648925781;67185,8359375;-39,07619857788086;273,3468017578125;17,167192459106445;0,8501454591751099;0,30790653824806213;0,28415989875793457;0,011998164467513561
2368;189,2212677001953;-292,7402648925781;67185,8359375;-52,74123001098633;270,26202392578125;16,60250473022461;0,8557356595993042;0,3133118748664856;0,2861102521419525;0,012142922729253769
2369;189,2212677001953;-292,7402648925781;67185,8359375;-48,95511245727539;270,1244201660156;16,733427047729492;0,8080359697341919;0,2993536591529846;0,270142138004303;0,011320240795612335
2370;189,2212677001953;-292,7402648925781;67185,8359375;-44,55735397338867;271,3637390136719;16,873456954956055;0,8330161571502686;0,3114002048969269;0,27840355038642883;0,011824896559119225
2371;189,2212677001953;-292,7402648925781;67185,8359375;-51,67082977294922;272,8696594238281;16,969696044921875;0,8409982919692993;0,31672075390815735;0,2808760404586792;0,01202614139765501
2372;189,2212677001953;-292,7402648925781;67185,8359375;-56,4015007019043;270,553466796875;16,800968170166016;0,8306896686553955;0,31881827116012573;0,2772321403026581;0,011838036589324474
2373;189,2212677001953;-292,7402648925781;67185,8359375;-48,4595832824707;271,3492431640625;16,595624923706055;0,8100984692573547;0,3148718774318695;0,27008330821990967;0,011501018889248371
2374;189,2212677001953;-292,7402648925781;67185,8359375;-52,524269104003906;270,0743103027344;17,048484802246094;0,827990710735321;0,32456254959106445;0,27564916014671326;0,011882134713232517
2375;189,2212677001953;-292,7402648925781;67185,8359375;-48,41266632080078;271,525146484375;16,870433807373047;0,7911151647567749;0,31363433599472046;0,2629646360874176;0,011250749230384827
2376;189,2212677001953;-292,7402648925781;67185,8359375;-56,95768737792969;269,5105285644531;16,651714324951172;0,815129816532135;0,3262886703014374;0,27044084668159485;0,011742915958166122
2377;189,2212677001953;-292,7402648925781;67185,8359375;-56,46571731567383;269,3419189453125;16,457632064819336;0,7979921102523804;0,32255321741104126;0,2642029821872711;0,011477157473564148
2378;189,2212677001953;-292,7402648925781;67185,8359375;-51,06144332885742;270,29913330078125;15,948902130126953;0,7969008684158325;0,32509535551071167;0,26322898268699646;0,011508604511618614
2379;189,2212677001953;-292,7402648925781;67185,8359375;-64,18138885498047;267,8328552246094;15,853046417236328;0,7672125697135925;0,31605657935142517;0,2527971565723419;0,01100238785147667
2380;189,2212677001953;-292,7402648925781;67185,8359375;-57,44614028930664;270,2733459472656;16,168737411499023;0,7905137538909912;0,33168479800224304;0,26001158356666565;0,011481375433504581
2381;189,2212677001953;-292,7402648925781;67185,8359375;-52,866573333740234;271,3424987792969;15,81378173828125;0,7650133967399597;0,31978338956832886;0,25058189034461975;0,011067351326346397
2382;189,2212677001953;-292,7402648925781;67185,8359375;-61,18941116333008;269,12603759765625;15,442030906677246;0,7694247364997864;0,32691675424575806;0,2514706552028656;0,011202465742826462
2383;189,2212677001953;-292,7402648925781;67185,8359375;-58,85322189331055;269,20721435546875;15,505420684814453;0,7723156213760376;0,32492125034332275;0,251083105802536;0,011314118281006813
2384;189,2212677001953;-292,7402648925781;67185,8359375;-54,579185485839844;271,1954345703125;15,119723320007324;0,7470636367797852;0,3265266716480255;0,24294883012771606;0,010882630944252014
2385;189,2212677001953;-292,7402648925781;67185,8359375;-62,2904052734375;269,0235290527344;14,691030502319336;0,7385765910148621;0,31780150532722473;0,23865343630313873;0,010773921385407448
2386;189,2212677001953;-292,7402648925781;67185,8359375;-58,12734603881836;270,994873046875;14,91540813446045;0,7226575016975403;0,31684044003486633;0,23302476108074188;0,01052455510944128
2387;189,2212677001953;-292,7402648925781;67185,8359375;-60,318138122558594;268,701171875;14,602049827575684;0,7272579073905945;0,3260336220264435;0,23416857421398163;0,01067868247628212
2388;189,2212677001953;-292,7402648925781;67185,8359375;-57,3176383972168;267,9717712402344;14,290849685668945;0,7153420448303223;0,3271580636501312;0,2299668788909912;0,010503998026251793
2389;189,2212677001953;-292,7402648925781;67185,8359375;-59,604209899902344;267,5625;13,939506530761719;0,7241991758346558;0,328628808259964;0,2314547449350357;0,010743267834186554
2390;189,2212677001953;-292,7402648925781;67185,8359375;-63,53877639770508;266,2056884765625;13,375688552856445;0,7029551863670349;0,3184475302696228;0,2235531508922577;0,010375010780990124
2391;189,2212677001953;-292,7402648925781;67185,8359375;-61,302024841308594;265,235595703125;13,308160781860352;0,6948258280754089;0,31988826394081116;0,22052396833896637;0,010281391441822052
2392;189,2212677001953;-292,7402648925781;67185,8359375;-63,35666275024414;265,33740234375;13,243221282958984;0,6804734468460083;0,32052895426750183;0,21584078669548035;0,010062525980174541
2393;189,2212677001953;-292,7402648925781;67185,8359375;-65,61205291748047;263,9216613769531;12,591517448425293;0,678738534450531;0,3146134912967682;0,2137039452791214;0,010073577053844929
2394;189,2212677001953;-292,7402648925781;67185,8359375;-62,72212219238281;265,8580322265625;12,454584121704102;0,6579124927520752;0,3121243119239807;0,20711484551429749;0,009723310358822346
2395;189,2212677001953;-292,7402648925781;67185,8359375;-61,37602233886719;264,498046875;12,12021255493164;0,6301938891410828;0,3012141287326813;0,19782915711402893;0,009201960638165474
2396;189,2212677001953;-292,7402648925781;67185,8359375;-58,37008285522461;265,905517578125;11,533256530761719;0,6081512570381165;0,28986451029777527;0,1900201141834259;0,008772284723818302
2397;189,2212677001953;-292,7402648925781;67185,8359375;-57,08282470703125;266,7700500488281;11,600553512573242;0,61200350522995;0,28893423080444336;0,1901053935289383;0,008891715668141842
2398;189,2212677001953;-292,7402648925781;67185,8359375;-59,46452331542969;264,98388671875;11,401732444763184;0,5935453772544861;0,28768643736839294;0,1846735030412674;0,008586756885051727
2399;189,2212677001953;-292,7402648925781;67185,8359375;-59,593040466308594;265,0022277832031;11,05834674835205;0,5790034532546997;0,27522650361061096;0,17878814041614532;0,008259370923042297
2400;189,2212677001953;-292,7402648925781;67185,8359375;-59,89942169189453;265,7596435546875;10,464977264404297;0,5714390277862549;0,2736978232860565;0,1761562079191208;0,008155496791005135
2401;189,2212677001953;-292,7402648925781;67185,8359375;-58,42719268798828;264,31451416015625;10,206611633300781;0,5708078145980835;0,27740222215652466;0,17599621415138245;0,008235123008489609
2402;189,2212677001953;-292,7402648925781;67185,8359375;-59,815704345703125;264,03900146484375;9,9436674118042;0,5733140707015991;0,2768539488315582;0,17605510354042053;0,008332785218954086
2403;189,2212677001953;-292,7402648925781;67185,8359375;-58,39960479736328;264,0953369140625;9,518210411071777;0,5604602098464966;0,27079519629478455;0,17173069715499878;0,008082320913672447
2404;189,2212677001953;-292,7402648925781;67185,8359375;-57,38642501831055;265,1301574707031;9,509598731994629;0,5494834184646606;0,26392897963523865;0,16781465709209442;0,007848159410059452
2405;189,2212677001953;-292,7402648925781;67185,8359375;-56,30722427368164;265,5917053222656;8,936595916748047;0,5532351732254028;0,2699911892414093;0,1693054735660553;0,00805194117128849
2406;189,2212677001953;-292,7402648925781;67185,8359375;-54,47822952270508;265,4412841796875;8,961787223815918;0,5542477965354919;0,27610141038894653;0,17024174332618713;0,00819356832653284
2407;189,2212677001953;-292,7402648925781;67185,8359375;-53,70820999145508;265,072998046875;8,809075355529785;0,5541715621948242;0,2741611897945404;0,16980905830860138;0,008234051056206226
2408;189,2212677001953;-292,7402648925781;67185,8359375;-51,57915496826172;265,76361083984375;8,629834175109863;0,5347620844841003;0,262775719165802;0,16354073584079742;0,0077915554866194725
2409;189,2212677001953;-292,7402648925781;67185,8359375;-53,62654113769531;265,96453857421875;8,08408260345459;0,529490053653717;0,26265451312065125;0,16230879724025726;0,007749583572149277
2410;189,2212677001953;-292,7402648925781;67185,8359375;-54,055763244628906;265,9001770019531;8,41666030883789;0,5106604695320129;0,25920432806015015;0,15750588476657867;0,00739611592143774
2411;189,2212677001953;-292,7402648925781;67185,8359375;-48,858375549316406;266,82904052734375;8,13715648651123;0,4865115284919739;0,25158238410949707;0,15090997517108917;0,006870432756841183
2412;189,2212677001953;-292,7402648925781;67185,8359375;-50,37360382080078;266,9209899902344;7,886046886444092;0,4848066568374634;0,25436919927597046;0,15115424990653992;0,006922644563019276
2413;189,2212677001953;-292,7402648925781;67185,8359375;-50,936737060546875;266,5626220703125;7,683069705963135;0,48704439401626587;0,25526195764541626;0,15207171440124512;0,0070403460413217545
2414;189,2212677001953;-292,7402648925781;67185,8359375;-49,50875473022461;266,5530090332031;7,628129005432129;0,4733438789844513;0,24680475890636444;0,14790916442871094;0,006717464420944452
2415;189,2212677001953;-292,7402648925781;67185,8359375;-47,62245178222656;267,15118408203125;7,519144058227539;0,46928671002388;0,24324582517147064;0,1467854231595993;0,006649118848145008
2416;189,2212677001953;-292,7402648925781;67185,8359375;-48,118751525878906;268,1286315917969;7,663397789001465;0,4524085223674774;0,24475990235805511;0,14352193474769592;0,006332265213131905
2417;189,2212677001953;-292,7402648925781;67185,8359375;-46,74976348876953;267,53271484375;7,688233852386475;0,4615389406681061;0,24567320942878723;0,1462448388338089;0,006617030128836632
2418;189,2212677001953;-292,7402648925781;67185,8359375;-43,31010055541992;269,6298828125;7,409783363342285;0,4518680274486542;0,2358507364988327;0,14295513927936554;0,006356296595185995
2419;189,2212677001953;-292,7402648925781;67185,8359375;-44,18695068359375;269,1570129394531;7,265520095825195;0,4639931619167328;0,24073652923107147;0,14713238179683685;0,006748070940375328
2420;189,2212677001953;-292,7402648925781;67185,8359375;-41,23516845703125;269,0633239746094;7,35203218460083;0,4522143006324768;0,2433662861585617;0,14533108472824097;0,006535731256008148
2421;189,2212677001953;-292,7402648925781;67185,8359375;-39,262691497802734;270,3224182128906;7,396719932556152;0,4493880569934845;0,24200551211833954;0,14506253600120544;0,006506573874503374
2422;189,2212677001953;-292,7402648925781;67185,8359375;-39,72925567626953;271,6112976074219;7,512730598449707;0,37099581956863403;0,22144542634487152;0,12375345826148987;0,003924846183508635
2423;189,2212677001953;-292,7402648925781;67185,8359375;-36,7949104309082;271,3468322753906;7,556429386138916;0,4568956196308136;0,22715310752391815;0,1460232138633728;0,006657090038061142
2424;189,2212677001953;-292,7402648925781;67185,8359375;-38,8819465637207;271,59808349609375;7,7167067527771;0,41289231181144714;0,21958820521831512;0,13472330570220947;0,005567841697484255
2425;189,2212677001953;-292,7402648925781;67185,8359375;-34,31149673461914;272,9714660644531;7,955642223358154;0,4357205927371979;0,2246246039867401;0,14182578027248383;0,006254727020859718
2426;189,2212677001953;-292,7402648925781;67185,8359375;-33,47889709472656;272,4683837890625;8,029645919799805;0,4433724880218506;0,22220377624034882;0,1441439986228943;0,006465808488428593
2427;189,2212677001953;-292,7402648925781;67185,8359375;-32,54268264770508;273,57049560546875;8,243199348449707;0,4320315718650818;0,22391967475414276;0,1422465592622757;0,0062478650361299515
2428;189,2212677001953;-292,7402648925781;67185,8359375;-32,95404815673828;273,38275146484375;8,357080459594727;0,4247528314590454;0,22129923105239868;0,14073729515075684;0,006074008531868458
2429;189,2212677001953;-292,7402648925781;67185,8359375;-28,453372955322266;275,1514587402344;8,507935523986816;0,4216677248477936;0,2131044864654541;0,1395113170146942;0,005985182244330645
2430;189,2212677001953;-292,7402648925781;67185,8359375;-31,644906997680664;274,367919921875;8,842633247375488;0,42285045981407166;0,21304938197135925;0,14053961634635925;0,006059808190912008
2431;189,2212677001953;-292,7402648925781;67185,8359375;-27,402772903442383;274,702880859375;8,87290096282959;0,4290984272956848;0,2115999460220337;0,14273209869861603;0,006253121420741081
2432;189,2212677001953;-292,7402648925781;67185,8359375;-27,809343338012695;275,9784851074219;9,123883247375488;0,4256652295589447;0,2093420922756195;0,1422351449728012;0,006185506470501423
2433;189,2212677001953;-292,7402648925781;67185,8359375;-25,22316551208496;275,94866943359375;9,543938636779785;0,4228035807609558;0,2056279480457306;0,14168286323547363;0,006116102449595928
2434;189,2212677001953;-292,7402648925781;67185,8359375;-23,585411071777344;277,7225646972656;9,315140724182129;0,4275127351284027;0,20558495819568634;0,14365842938423157;0,006277813110500574
2435;189,2212677001953;-292,7402648925781;67185,8359375;-23,738182067871094;276,8501892089844;9,711554527282715;0,4293341040611267;0,2035890817642212;0,14459025859832764;0,006342976354062557
2436;189,2212677001953;-292,7402648925781;67185,8359375;-25,283876419067383;276,3438720703125;9,78858757019043;0,43981772661209106;0,2069949209690094;0,14859715104103088;0,006677999626845121
2437;189,2212677001953;-292,7402648925781;67185,8359375;-22,440044403076172;277,5926513671875;9,81569766998291;0,42875373363494873;0,19922296702861786;0,145175039768219;0,006354589015245438
2438;189,2212677001953;-292,7402648925781;67185,8359375;-23,987768173217773;277,1409606933594;10,153776168823242;0,4370812773704529;0,19917377829551697;0,14814640581607819;0,00659854244440794
2439;189,2212677001953;-292,7402648925781;67185,8359375;-19,654756546020508;279,2886657714844;10,124074935913086;0,43838977813720703;0,19837714731693268;0,14899730682373047;0,006656275130808353
2440;189,2212677001953;-292,7402648925781;67185,8359375;-20,927013397216797;277,78765869140625;10,490042686462402;0,4438313841819763;0,19742822647094727;0,15101009607315063;0,006810647901147604
2441;189,2212677001953;-292,7402648925781;67185,8359375;-19,261680603027344;278,9298095703125;10,440014839172363;0,451374888420105;0,19658227264881134;0,15364092588424683;0,007004583720117807
2442;189,2212677001953;-292,7402648925781;67185,8359375;-17,48079490661621;279,0421142578125;10,926484107971191;0,4525645971298218;0,1962793618440628;0,15440845489501953;0,007066035643219948
2443;189,2212677001953;-292,7402648925781;67185,8359375;-20,295623779296875;278,8980712890625;11,045770645141602;0,45171070098876953;0,19234392046928406;0,15417805314064026;0,0070028831250965595
2444;189,2212677001953;-292,7402648925781;67185,8359375;-16,95825958251953;279,5671081542969;11,097953796386719;0,45644518733024597;0,19295400381088257;0,15600857138633728;0,007157732732594013
2445;189,2212677001953;-292,7402648925781;67185,8359375;-20,255359649658203;280,37548828125;10,879751205444336;0,45549410581588745;0,19089184701442719;0,15582141280174255;0,007130543235689402
2446;189,2212677001953;-292,7402648925781;67185,8359375;-21,785888671875;278,67425537109375;10,863748550415039;0,46106529235839844;0,19106265902519226;0,15778110921382904;0,007279627025127411
2447;189,2212677001953;-292,7402648925781;67185,8359375;-16,291337966918945;280,1356506347656;11,469234466552734;0,4525069296360016;0,1859847456216812;0,1548900008201599;0,007020086515694857
2448;189,2212677001953;-292,7402648925781;67185,8359375;-15,598527908325195;279,5011291503906;11,54863166809082;0,4724937975406647;0,19177843630313873;0,1616988331079483;0,007562179118394852
2449;189,2212677001953;-292,7402648925781;67185,8359375;-19,306785583496094;279,23626708984375;11,623291015625;0,4654669761657715;0,18788544833660126;0,15921907126903534;0,007383724674582481
2450;189,2212677001953;-292,7402648925781;67185,8359375;-15,228842735290527;279,5506896972656;11,70479965209961;0,4741441309452057;0,1897338181734085;0,1620594561100006;0,007618025876581669
2451;189,2212677001953;-292,7402648925781;67185,8359375;-14,69213581085205;278,43182373046875;11,360169410705566;0,4698975682258606;0,18642207980155945;0,16038183867931366;0,0074851359240710735
2452;189,2212677001953;-292,7402648925781;67185,8359375;-16,028947830200195;279,1015625;11,241986274719238;0,48949119448661804;0,19313283264636993;0,16695551574230194;0,008002934977412224
2453;189,2212677001953;-292,7402648925781;67185,8359375;-15,484793663024902;280,6144104003906;11,408673286437988;0,4949067234992981;0,19441555440425873;0,1685987114906311;0,008120800368487835
2454;189,2212677001953;-292,7402648925781;67185,8359375;-11,166871070861816;285,315673828125;11,116433143615723;0,4954584240913391;0,19366572797298431;0,16847175359725952;0,008111284114420414
2455;189,2212677001953;-292,7402648925781;67185,8359375;-7,435511112213135;277,84332275390625;11,350543975830078;0,49456316232681274;0,19307364523410797;0,16790425777435303;0,008039685897529125
2456;189,2212677001953;-292,7402648925781;67185,8359375;-10,006406784057617;283,4932861328125;11,673836708068848;0,5133922696113586;0,1987520158290863;0,17371337115764618;0,008563213050365448
2457;189,2212677001953;-292,7402648925781;67185,8359375;-8,569762229919434;285,6604309082031;11,121576309204102;0,4993632435798645;0,19213323295116425;0,16841135919094086;0,008144928142428398
2458;189,2212677001953;-292,7402648925781;67185,8359375;-8,92197322845459;288,0174255371094;11,433120727539062;0,5029735565185547;0,19369050860404968;0,16921435296535492;0,008203022181987762
2459;189,2212677001953;-292,7402648925781;67185,8359375;-11,273588180541992;283,4781494140625;11,189322471618652;0,5123568773269653;0,19761483371257782;0,1719009131193161;0,008422964252531528
2460;189,2212677001953;-292,7402648925781;67185,8359375;-11,758833885192871;279,60260009765625;11,318565368652344;0,5131790637969971;0,19120605289936066;0,17062777280807495;0,008426088839769363
2461;189,2212677001953;-292,7402648925781;67185,8359375;-12,807365417480469;279,6324157714844;10,631397247314453;0,5236929655075073;0,19953906536102295;0,17410869896411896;0,008671687915921211
2462;189,2212677001953;-292,7402648925781;67185,8359375;-13,850064277648926;290,33148193359375;10,607325553894043;0,5464321374893188;0,20492123067378998;0,18047043681144714;0,009232752956449986
2463;189,2212677001953;-292,7402648925781;67185,8359375;-18,02723503112793;285,23297119140625;10,618972778320312;0,5285079479217529;0,19834186136722565;0,17381101846694946;0,008718895725905895
2464;189,2212677001953;-292,7402648925781;67185,8359375;-11,256949424743652;286,4998779296875;10,714029312133789;0,5288586616516113;0,20194391906261444;0,17360801994800568;0,008676943369209766
2465;189,2212677001953;-292,7402648925781;67185,8359375;-19,223495483398438;284,6519470214844;10,466561317443848;0,5552294850349426;0,20818562805652618;0,18083202838897705;0,009327526204288006
2466;189,2212677001953;-292,7402648925781;67185,8359375;-16,16943359375;285,0772399902344;10,255677223205566;0,5207128524780273;0,18919983506202698;0,16787955164909363;0,008352636359632015
2467;189,2212677001953;-292,7402648925781;67185,8359375;-4,608488082885742;285,39715576171875;10,524736404418945;0,5361630916595459;0,19164545834064484;0,17149385809898376;0,00868773739784956
2468;189,2212677001953;-292,7402648925781;67185,8359375;-15,924175262451172;284,8899841308594;10,114399909973145;0,5571054220199585;0,19824907183647156;0,17706868052482605;0,009160134010016918
2469;189,2212677001953;-292,7402648925781;67185,8359375;-13,729252815246582;284,0938720703125;10,082372665405273;0,5507272481918335;0,1927957683801651;0,173595130443573;0,008921615779399872
2470;189,2212677001953;-292,7402648925781;67185,8359375;-5,3277387619018555;285,6362609863281;9,994610786437988;0,5611730217933655;0,20293723046779633;0,1767154335975647;0,009180472232401371
2471;189,2212677001953;-292,7402648925781;67185,8359375;-12,677107810974121;283,78460693359375;9,851658821105957;0,5624159574508667;0,19562803208827972;0,17497795820236206;0,009092781692743301
2472;189,2212677001953;-292,7402648925781;67185,8359375;-6,8353495597839355;282,0901794433594;9,488451957702637;0,5802924633026123;0,19606125354766846;0,17865058779716492;0,009406572207808495
2473;189,2212677001953;-292,7402648925781;67185,8359375;-6,39132833480835;285,2284851074219;9,254773139953613;0,5889329314231873;0,19956538081169128;0,18025413155555725;0,009561954066157341
2474;189,2212677001953;-292,7402648925781;67185,8359375;-9,924346923828125;290,1251220703125;9,140700340270996;0,5868706703186035;0,20260664820671082;0,17900702357292175;0,009495120495557785
2475;189,2212677001953;-292,7402648925781;67185,8359375;-15,657363891601562;285,9798889160156;8,929107666015625;0,5943001508712769;0,202872633934021;0,17983801662921906;0,009586612693965435
2476;189,2212677001953;-292,7402648925781;67185,8359375;-11,51716136932373;284,46685791015625;8,844508171081543;0,6067734360694885;0,2078721672296524;0,18259085714817047;0,009822657331824303
2477;189,2212677001953;-292,7402648925781;67185,8359375;-32,09276580810547;283,1638488769531;8,493306159973145;0,584217369556427;0,2047741860151291;0,17539839446544647;0,009271488524973392
2478;189,2212677001953;-292,7402648925781;67185,8359375;-14,252843856811523;286,9355163574219;8,518808364868164;0,5886716246604919;0,20322158932685852;0,17527176439762115;0,0092866076156497
2479;189,2212677001953;-292,7402648925781;67185,8359375;-18,925689697265625;288,65496826171875;8,339675903320312;0,5956683158874512;0,21024630963802338;0,17701902985572815;0,009422861970961094
2480;189,2212677001953;-292,7402648925781;67185,8359375;-3,6992604732513428;288,41961669921875;7,880076885223389;0,6061037182807922;0,2107536792755127;0,1786992847919464;0,00957459770143032
2481;189,2212677001953;-292,7402648925781;67185,8359375;-27,7337646484375;289,6197509765625;8,057632446289062;0,6220521926879883;0,2182420790195465;0,1827515810728073;0,009890109300613403
2482;189,2212677001953;-292,7402648925781;67185,8359375;-15,870576858520508;288,5965270996094;7,641359806060791;0,6274081468582153;0,21901755034923553;0,18328680098056793;0,0099340183660388
2483;189,2212677001953;-292,7402648925781;67185,8359375;-21,4165096282959;292,35528564453125;7,585330009460449;0,6324845552444458;0,20830097794532776;0,1821562945842743;0,009860409423708916
2484;189,2212677001953;-292,7402648925781;67185,8359375;1,013851284980774;289,2268371582031;7,628591060638428;0,6432807445526123;0,21523237228393555;0,18498094379901886;0,010065284557640553
2485;189,2212677001953;-292,7402648925781;67185,8359375;-13,828208923339844;291,640380859375;7,751292705535889;0,6438273787498474;0,21205921471118927;0,18397602438926697;0,00997507106512785
2486;189,2212677001953;-292,7402648925781;67185,8359375;-29,899503707885742;288,12652587890625;7,529575347900391;0,6620029807090759;0,21700440347194672;0,18840478360652924;0,010289113037288189
2487;189,2212677001953;-292,7402648925781;67185,8359375;-29,82301139831543;289,1588439941406;7,419564723968506;0,6654880046844482;0,2206633985042572;0,18923097848892212;0,010322081856429577
2488;189,2212677001953;-292,7402648925781;67185,8359375;-39,12831497192383;286,0270690917969;7,696496486663818;0,6708742380142212;0,2116473764181137;0,1887923777103424;0,010251199826598167
2489;189,2212677001953;-292,7402648925781;67185,8359375;-19,556427001953125;291,77752685546875;7,5978522300720215;0,6823143362998962;0,20987580716609955;0,19092005491256714;0,010359050706028938
2490;189,2212677001953;-292,7402648925781;67185,8359375;-23,701553344726562;287,94183349609375;7,815106391906738;0,6943919062614441;0,20417006313800812;0,1927788257598877;0,01042003184556961
2491;189,2212677001953;-292,7402648925781;67185,8359375;-12,4468994140625;289,86407470703125;7,83378267288208;0,6817193627357483;0,2009017914533615;0,18917658925056458;0,01010806579142809
2492;189,2212677001953;-292,7402648925781;67185,8359375;-31,819536209106445;289,56072998046875;7,82056188583374;0,6843447089195251;0,20953591167926788;0,19092857837677002;0,010196760296821594
2493;189,2212677001953;-292,7402648925781;67185,8359375;-44,283531188964844;287,56060791015625;8,064574241638184;0,7189100980758667;0,20466114580631256;0,19857826828956604;0,010627237148582935
2494;189,2212677001953;-292,7402648925781;67185,8359375;-28,08963394165039;295,50469970703125;7,702603816986084;0,7140809297561646;0,21686933934688568;0,1992291361093521;0,010649151168763638
2495;189,2212677001953;-292,7402648925781;67185,8359375;-33,62925338745117;290,4638977050781;8,016529083251953;0,7327815294265747;0,21414072811603546;0,20360517501831055;0,0108491787686944
2496;189,2212677001953;-292,7402648925781;67185,8359375;-30,917016983032227;290,5400085449219;8,13015079498291;0,7587155699729919;0,22366304695606232;0,21147964894771576;0,011313696391880512
2497;189,2212677001953;-292,7402648925781;67185,8359375;-18,690608978271484;293,2869873046875;8,040862083435059;0,738838791847229;0,21782484650611877;0,20644471049308777;0,010871361941099167
2498;189,2212677001953;-292,7402648925781;67185,8359375;-26,52259063720703;290,65789794921875;8,08033275604248;0,754906952381134;0,21640993654727936;0,2107401043176651;0,01103963889181614
2499;189,2212677001953;-292,7402648925781;67185,8359375;-23,935001373291016;289,8892517089844;8,441895484924316;0,7448360323905945;0,22022156417369843;0,2095108926296234;0,010878886096179485
2500;189,2212677001953;-292,7402648925781;67185,8359375;-45,948463439941406;287,2994384765625;8,449615478515625;0,7498542070388794;0,21434970200061798;0,21075396239757538;0,010822235606610775
2501;189,2212677001953;-292,7402648925781;67185,8359375;-49,07373046875;289,509033203125;8,832584381103516;0,7606732845306396;0,21417777240276337;0,21427062153816223;0,01092605572193861
2502;189,2212677001953;-292,7402648925781;67185,8359375;-23,91253662109375;291,7152099609375;8,723995208740234;0,771978497505188;0,21613629162311554;0,21828727424144745;0,011065039783716202
2503;189,2212677001953;-292,7402648925781;67185,8359375;-45,08552551269531;289,4627685546875;9,307393074035645;0,787628173828125;0,2263433039188385;0,2245349884033203;0,011381360702216625
2504;189,2212677001953;-292,7402648925781;67185,8359375;-51,825286865234375;284,65997314453125;9,300505638122559;0,7751626968383789;0,2178398221731186;0,2214841991662979;0,011030130088329315
2505;189,2212677001953;-292,7402648925781;67185,8359375;-22,37160301208496;290,3350830078125;9,36034870147705;0,7849180102348328;0,2273399829864502;0,22633260488510132;0,011251981370151043
2506;189,2212677001953;-292,7402648925781;67185,8359375;-40,74772262573242;288,6835021972656;9,801277160644531;0,7810922265052795;0,21829348802566528;0,22546982765197754;0,011020537465810776
2507;189,2212677001953;-292,7402648925781;67185,8359375;-21,93889617919922;291,3865051269531;9,933845520019531;0,8007392287254333;0,23376931250095367;0,23372627794742584;0,011468993499875069
2508;189,2212677001953;-292,7402648925781;67185,8359375;-30,154577255249023;287,90838623046875;10,260309219360352;0,8078126311302185;0,2418961375951767;0,23794496059417725;0,011630501598119736
2509;189,2212677001953;-292,7402648925781;67185,8359375;-30,360870361328125;283,7203369140625;10,808706283569336;0,8030693531036377;0,23524390161037445;0,23725304007530212;0,01142813265323639
2510;189,2212677001953;-292,7402648925781;67185,8359375;-34,20111083984375;283,8947448730469;10,997163772583008;0,8266898989677429;0,23028944432735443;0,24418745934963226;0,011634630151093006
2511;189,2212677001953;-292,7402648925781;67185,8359375;-45,36614990234375;282,51934814453125;11,107766151428223;0,8061503171920776;0,22856749594211578;0,24003981053829193;0,011283989995718002
2512;189,2212677001953;-292,7402648925781;67185,8359375;-31,431747436523438;284,8215026855469;11,439855575561523;0,8382232785224915;0,24345047771930695;0,2518034875392914;0,011897380463778973
2513;189,2212677001953;-292,7402648925781;67185,8359375;-25,324316024780273;286,6016845703125;11,773643493652344;0,8208752274513245;0,2333652526140213;0,2474069595336914;0,011465129442512989
2514;189,2212677001953;-292,7402648925781;67185,8359375;-37,540191650390625;284,8622741699219;11,94578742980957;0,8402674794197083;0,24254761636257172;0,25518539547920227;0,011821240186691284
2515;189,2212677001953;-292,7402648925781;67185,8359375;-39,28828430175781;283,02117919921875;12,094161033630371;0,832800030708313;0,2392648458480835;0,25421589612960815;0,011625925078988075
2516;189,2212677001953;-292,7402648925781;67185,8359375;-53,32403564453125;281,45416259765625;12,61909008026123;0,8650577664375305;0,2557211220264435;0,26645171642303467;0,012264585122466087
2517;189,2212677001953;-292,7402648925781;67185,8359375;-22,093326568603516;287,6062927246094;12,622478485107422;0,8497963547706604;0,250913143157959;0,2631240785121918;0,01194762159138918
2518;189,2212677001953;-292,7402648925781;67185,8359375;-49,69274139404297;282,20294189453125;12,918195724487305;0,8473407626152039;0,2542189955711365;0,26426029205322266;0,011927546001970768
2519;189,2212677001953;-292,7402648925781;67185,8359375;-33,453285217285156;286,2824401855469;13,170825004577637;0,8500083684921265;0,25808897614479065;0,2668302357196808;0,011983516626060009
2520;189,2212677001953;-292,7402648925781;67185,8359375;-32,340293884277344;284,3575134277344;13,534403800964355;0,8506942391395569;0,2571107745170593;0,2681610882282257;0,011935567483305931
2521;189,2212677001953;-292,7402648925781;67185,8359375;-36,73475646972656;286,8105773925781;13,523788452148438;0,8458021879196167;0,25321123003959656;0,2674969732761383;0,011761175468564034
2522;189,2212677001953;-292,7402648925781;67185,8359375;-36,33233642578125;284,04345703125;13,589189529418945;0,8450164794921875;0,26007840037345886;0,2693721055984497;0,011834527365863323
2523;189,2212677001953;-292,7402648925781;67185,8359375;-43,03196334838867;278,64715576171875;13,827616691589355;0,8414931893348694;0,25698521733283997;0,26903289556503296;0,011690809391438961
2524;189,2212677001953;-292,7402648925781;67185,8359375;-50,351806640625;282,0865173339844;14,380289077758789;0,8481268286705017;0,2611991763114929;0,272464781999588;0,0118040656670928
2525;189,2212677001953;-292,7402648925781;67185,8359375;-48,085025787353516;282,02105712890625;14,112598419189453;0,8402361273765564;0,2585730254650116;0,2708025872707367;0,011607705615460873
2526;189,2212677001953;-292,7402648925781;67185,8359375;-50,39079284667969;281,0270690917969;14,69735050201416;0,8360553979873657;0,25788751244544983;0,2703474164009094;0,011486616916954517
2527;189,2212677001953;-292,7402648925781;67185,8359375;-47,459190368652344;281,07769775390625;14,745081901550293;0,8464555144309998;0,26444754004478455;0,27494895458221436;0,011689407750964165
2528;189,2212677001953;-292,7402648925781;67185,8359375;-50,44164276123047;282,7247009277344;15,146728515625;0,8439759016036987;0,2697350084781647;0,2757667899131775;0,011745708994567394
2529;189,2212677001953;-292,7402648925781;67185,8359375;-53,09282684326172;280,3115234375;15,841559410095215;0,8536254167556763;0,27415457367897034;0,27967849373817444;0,011885725893080235
2530;189,2212677001953;-292,7402648925781;67185,8359375;-58,55480194091797;281,2792053222656;15,706584930419922;0,8402493596076965;0,27029484510421753;0,275755375623703;0,01157522015273571
2531;189,2212677001953;-292,7402648925781;67185,8359375;-43,64717102050781;282,134765625;16,151641845703125;0,8426026105880737;0,2763516306877136;0,2778390645980835;0,0117191132158041
2532;189,2212677001953;-292,7402648925781;67185,8359375;-63,423946380615234;279,763671875;16,108375549316406;0,8564786911010742;0,2838979959487915;0,28319787979125977;0,011980888433754444
2533;189,2212677001953;-292,7402648925781;67185,8359375;-69,76690673828125;277,37994384765625;16,26256561279297;0,8397942185401917;0,2807784378528595;0,2782139778137207;0,011673963628709316
2534;189,2212677001953;-292,7402648925781;67185,8359375;-63,54986572265625;276,3859558105469;16,196678161621094;0,8500168919563293;0,2882922291755676;0,28253841400146484;0,011939250864088535
2535;189,2212677001953;-292,7402648925781;67185,8359375;-58,417808532714844;280,7651672363281;16,33518409729004;0,8728532791137695;0,29910892248153687;0,29070931673049927;0,012375972233712673
2536;189,2212677001953;-292,7402648925781;67185,8359375;-56,334835052490234;279,3242492675781;16,368053436279297;0,8443911671638489;0,29187244176864624;0,28130602836608887;0,011820132844150066
2537;189,2212677001953;-292,7402648925781;67185,8359375;-30,989864349365234;286,3161926269531;17,0579833984375;0,86201012134552;0,3013038635253906;0,2875213325023651;0,012140261009335518
2538;189,2212677001953;-292,7402648925781;67185,8359375;-50,285675048828125;281,3616943359375;16,66863441467285;0,8444000482559204;0,298321932554245;0,28203365206718445;0,011887443251907825
2539;189,2212677001953;-292,7402648925781;67185,8359375;-48,7278938293457;283,3797912597656;17,258018493652344;0,8358025550842285;0,29851630330085754;0,27935126423835754;0,011760592460632324
2540;189,2212677001953;-292,7402648925781;67185,8359375;-35,91310119628906;285,0487976074219;17,128910064697266;0,8502732515335083;0,3083173930644989;0,2841625511646271;0,011978326365351677
2541;189,2212677001953;-292,7402648925781;67185,8359375;-45,22077560424805;281,8188171386719;17,025907516479492;0,8617178201675415;0,31497129797935486;0,2881397604942322;0,012269284576177597
2542;189,2212677001953;-292,7402648925781;67185,8359375;-43,56299591064453;285,4243469238281;17,21059799194336;0,8132280707359314;0,3011225461959839;0,271881103515625;0,01141826156526804
2543;189,2212677001953;-292,7402648925781;67185,8359375;-59,824493408203125;279,289794921875;17,300220489501953;0,8186074495315552;0,3057795763015747;0,2735888361930847;0,011569169349968433
2544;189,2212677001953;-292,7402648925781;67185,8359375;-62,34498596191406;278,65423583984375;17,198144912719727;0,8388977646827698;0,31620267033576965;0,2801782786846161;0,01198367215692997
2545;189,2212677001953;-292,7402648925781;67185,8359375;-51,173301696777344;284,287841796875;17,020030975341797;0,8236410617828369;0,3158765435218811;0,2748747766017914;0,011714532040059566
2546;189,2212677001953;-292,7402648925781;67185,8359375;-53,52640914916992;283,1090393066406;16,91968536376953;0,8042572140693665;0,3108961284160614;0,26807713508605957;0,011416981928050518
2547;189,2212677001953;-292,7402648925781;67185,8359375;-55,160484313964844;282,5113525390625;17,08698272705078;0,824983537197113;0,32293644547462463;0,2746293544769287;0,011832568794488907
2548;189,2212677001953;-292,7402648925781;67185,8359375;-52,44340515136719;281,4297180175781;17,160791397094727;0,7957631945610046;0,31447821855545044;0,26445987820625305;0,01134533155709505
2549;189,2212677001953;-292,7402648925781;67185,8359375;-63,89691162109375;281,6566467285156;16,713838577270508;0,8179642558097839;0,325843870639801;0,2712915241718292;0,011806839145720005
2550;189,2212677001953;-292,7402648925781;67185,8359375;-61,4015998840332;281,5693359375;16,514719009399414;0,799983024597168;0,3219738006591797;0,2647763192653656;0,011522074230015278
2551;189,2212677001953;-292,7402648925781;67185,8359375;-54,669376373291016;282,24310302734375;16,239675521850586;0,7872835993766785;0,3208664059638977;0,2600327730178833;0,011330530978739262
2552;189,2212677001953;-292,7402648925781;67185,8359375;-57,521148681640625;282,5240478515625;16,267616271972656;0,7723497748374939;0,31822293996810913;0,25449514389038086;0,011099178344011307
2553;189,2212677001953;-292,7402648925781;67185,8359375;-56,352073669433594;282,36767578125;16,117168426513672;0,7818356156349182;0,3278001844882965;0,2571404278278351;0,011320112273097038
2554;189,2212677001953;-292,7402648925781;67185,8359375;-55,30237579345703;284,15240478515625;16,267311096191406;0,7650740146636963;0,32052332162857056;0,2506621181964874;0,011067433282732964
2555;189,2212677001953;-292,7402648925781;67185,8359375;-57,14128875732422;281,9436950683594;15,887899398803711;0,7706602811813354;0,324785441160202;0,25164806842803955;0,011229204013943672
2556;189,2212677001953;-292,7402648925781;67185,8359375;-61,737335205078125;282,3482360839844;15,61984634399414;0,7743027806282043;0,32860296964645386;0,2519843578338623;0,011354505084455013
2557;189,2212677001953;-292,7402648925781;67185,8359375;-62,54172897338867;281,5235595703125;15,337936401367188;0,7656320333480835;0,3315492272377014;0,2486981898546219;0,011244142428040504
2558;189,2212677001953;-292,7402648925781;67185,8359375;-65,16252899169922;280,5366516113281;15,253798484802246;0,7421962022781372;0,3157723844051361;0,23948225378990173;0,010833929292857647
2559;189,2212677001953;-292,7402648925781;67185,8359375;-59,75556564331055;283,1568603515625;15,114832878112793;0,7299704551696777;0,3198486268520355;0,23536507785320282;0,0106684984639287
2560;189,2212677001953;-292,7402648925781;67185,8359375;-64,95592498779297;279,9540710449219;14,969780921936035;0,7207732796669006;0,3250384032726288;0,23228348791599274;0,010550037957727909
2561;189,2212677001953;-292,7402648925781;67185,8359375;-63,73283004760742;278,7459716796875;14,66789436340332;0,722186803817749;0,3287428021430969;0,23200112581253052;0,010640283115208149
2562;189,2212677001953;-292,7402648925781;67185,8359375;-67,37850189208984;279,6714172363281;14,340446472167969;0,7152628898620605;0,3256089985370636;0,2287157028913498;0,010566452518105507
2563;189,2212677001953;-292,7402648925781;67185,8359375;-68,10799407958984;279,0055236816406;13,839703559875488;0,7075806856155396;0,32096391916275024;0,22507382929325104;0,010469523258507252
2564;189,2212677001953;-292,7402648925781;67185,8359375;-63,975868225097656;278,5135192871094;13,808063507080078;0,6984782814979553;0,3207108974456787;0,22158512473106384;0,010353315621614456
2565;189,2212677001953;-292,7402648925781;67185,8359375;-66,90413665771484;276,88671875;13,483275413513184;0,683257520198822;0,32170161604881287;0,2167091965675354;0,010119101032614708
2566;189,2212677001953;-292,7402648925781;67185,8359375;-70,41319274902344;276,77166748046875;12,966117858886719;0,682089626789093;0,31900057196617126;0,2151065468788147;0,010152416303753853
2567;189,2212677001953;-292,7402648925781;67185,8359375;-63,54764175415039;279,0121765136719;12,63083553314209;0,6501494646072388;0,3095630705356598;0,2048143744468689;0,009563453495502472
2568;189,2212677001953;-292,7402648925781;67185,8359375;-64,93163299560547;278,0477294921875;12,383136749267578;0,6262108683586121;0,29508712887763977;0,19604109227657318;0,0090943006798625
2569;189,2212677001953;-292,7402648925781;67185,8359375;-66,19461822509766;277,3070068359375;11,848493576049805;0,626095712184906;0,29717302322387695;0,19546708464622498;0,00915917381644249
2570;189,2212677001953;-292,7402648925781;67185,8359375;-58,869815826416016;280,3265686035156;11,921031951904297;0,60396808385849;0,2846779227256775;0,18755017220973969;0,008707371540367603
2571;189,2212677001953;-292,7402648925781;67185,8359375;-61,84773254394531;278,8817138671875;11,619712829589844;0,5880770087242126;0,28112250566482544;0,18244710564613342;0,008432488888502121
2572;189,2212677001953;-292,7402648925781;67185,8359375;-61,73114013671875;278,9571838378906;11,4044828414917;0,5884639620780945;0,281780868768692;0,18198877573013306;0,008498967625200748
2573;189,2212677001953;-292,7402648925781;67185,8359375;-60,91889953613281;278,30535888671875;10,950302124023438;0,5708977580070496;0,27067163586616516;0,1756126582622528;0,008111019618809223
2574;189,2212677001953;-292,7402648925781;67185,8359375;-62,32404327392578;277,2901611328125;10,44310188293457;0,5740055441856384;0,27981629967689514;0,1771039217710495;0,008317903615534306
2575;189,2212677001953;-292,7402648925781;67185,8359375;-60,350799560546875;277,7919921875;10,364582061767578;0,5733667612075806;0,2760961353778839;0,17596203088760376;0,008325719274580479
2576;189,2212677001953;-292,7402648925781;67185,8359375;-60,74904251098633;277,16424560546875;9,781655311584473;0,5725868940353394;0,2787325382232666;0,17574316263198853;0,008394615724682808
2577;189,2212677001953;-292,7402648925781;67185,8359375;-60,57524490356445;277,1250305175781;9,919102668762207;0,5458656549453735;0,26374346017837524;0,16693176329135895;0,007778706029057503
2578;189,2212677001953;-292,7402648925781;67185,8359375;-56,12530517578125;278,0071105957031;9,257104873657227;0,5368775129318237;0,2633810043334961;0,16449956595897675;0,007662020158022642
2579;189,2212677001953;-292,7402648925781;67185,8359375;-56,720279693603516;276,8931884765625;9,295184135437012;0,5474455952644348;0,2682265341281891;0,16749191284179688;0,007980284281075
2580;189,2212677001953;-292,7402648925781;67185,8359375;-55,327003479003906;276,10577392578125;9,117191314697266;0,5479678511619568;0,26807254552841187;0,16746269166469574;0,008048048242926598
2581;189,2212677001953;-292,7402648925781;67185,8359375;-52,768470764160156;276,0853576660156;8,954446792602539;0,5333726406097412;0,2623034417629242;0,16314707696437836;0,007758799474686384
2582;189,2212677001953;-292,7402648925781;67185,8359375;-54,57811737060547;275,9375915527344;8,31773567199707;0,5210410356521606;0,25663378834724426;0,1594456285238266;0,007506959140300751
2583;189,2212677001953;-292,7402648925781;67185,8359375;-55,464134216308594;275,1275634765625;8,671510696411133;0,514693558216095;0,26014310121536255;0,15858082473278046;0,007488245610147715
2584;189,2212677001953;-292,7402648925781;67185,8359375;-50,012489318847656;275,58453369140625;8,474591255187988;0,48023542761802673;0,2512490451335907;0,14941534399986267;0,006731810513883829
2585;189,2212677001953;-292,7402648925781;67185,8359375;-51,82891845703125;274,85382080078125;8,095632553100586;0,4778239130973816;0,2489866316318512;0,1487082839012146;0,0067162965424358845
2586;189,2212677001953;-292,7402648925781;67185,8359375;-51,69236755371094;274,52392578125;7,946267604827881;0,48035088181495667;0,25411829352378845;0,15035215020179749;0,006881099659949541
2587;189,2212677001953;-292,7402648925781;67185,8359375;-50,707984924316406;273,9245300292969;7,8254923820495605;0,47681888937950134;0,2514561712741852;0,14943812787532806;0,006839788518846035
2588;189,2212677001953;-292,7402648925781;67185,8359375;-48,17901611328125;274,0760803222656;7,673831462860107;0,4684337377548218;0,2472020387649536;0,14720286428928375;0,00667238375172019
2589;189,2212677001953;-292,7402648925781;67185,8359375;-49,95320510864258;274,07666015625;7,816977024078369;0,4530826210975647;0,24197252094745636;0,1432356983423233;0,006328367628157139
2590;189,2212677001953;-292,7402648925781;67185,8359375;42,692237854003906;131,81402587890625;6,920094013214111;0,461481511592865;0,24749629199504852;0,14651677012443542;0,006626951973885298
2591;189,2212677001953;-292,7402648925781;67185,8359375;-44,65508270263672;274,9061584472656;7,399542331695557;0,42423051595687866;0,22499845921993256;0,134764164686203;0,005564024671912193
2592;189,2212677001953;-292,7402648925781;67185,8359375;-45,08669662475586;273,7914733886719;7,321057319641113;0,44130468368530273;0,23213081061840057;0,14042173326015472;0,006127693224698305
2593;189,2212677001953;-292,7402648925781;67185,8359375;-41,83885955810547;273,306396484375;7,453577518463135;0,4456242620944977;0,2443275898694992;0,1439194679260254;0,006359906401485205
2594;189,2212677001953;-292,7402648925781;67185,8359375;-39,860836029052734;273,9800109863281;7,579874038696289;0,4401792585849762;0,250874400138855;0,14427651464939117;0,006175032816827297
2595;189,2212677001953;-292,7402648925781;67185,8359375;-39,9422721862793;274,8889465332031;7,651755332946777;0,40827348828315735;0,24716106057167053;0,13676325976848602;0,0046376693062484264
2596;189,2212677001953;-292,7402648925781;67185,8359375;-36,7884521484375;273,9332580566406;7,645759105682373;0,4861842691898346;0,24167364835739136;0,15537622570991516;0,007490659132599831
2597;189,2212677001953;-292,7402648925781;67185,8359375;-38,7045783996582;273,8645324707031;7,875849723815918;0,4215905964374542;0,22155754268169403;0,1371619999408722;0,005814720410853624
2598;189,2212677001953;-292,7402648925781;67185,8359375;-34,271095275878906;274,172607421875;7,97991943359375;0,4313446879386902;0,2235037237405777;0,14056579768657684;0,006134414579719305
2599;189,2212677001953;-292,7402648925781;67185,8359375;-33,02104187011719;269,72381591796875;8,03966999053955;0,4482116103172302;0,2196251004934311;0,14501410722732544;0,006532792467623949
2600;189,2212677001953;-292,7402648925781;67185,8359375;-30,78971290588379;268,86248779296875;8,218772888183594;0,42430928349494934;0,22276170551776886;0,1401137113571167;0,006029564421623945
2601;189,2212677001953;-292,7402648925781;67185,8359375;-31,539640426635742;265,78656005859375;8,274481773376465;0,4255516231060028;0,21927791833877563;0,14065368473529816;0,006090471521019936
2602;189,2212677001953;-292,7402648925781;67185,8359375;-26,297805786132812;262,0442199707031;8,42872142791748;0,422731876373291;0,21555252373218536;0,14012712240219116;0,006033043377101421
2603;189,2212677001953;-292,7402648925781;67185,8359375;-28,72500991821289;258,07086181640625;8,622978210449219;0,43052107095718384;0,21636928617954254;0,14301349222660065;0,00628716591745615
2604;189,2212677001953;-292,7402648925781;67185,8359375;-24,606775283813477;254,4915313720703;8,510944366455078;0,4353865385055542;0,2132224440574646;0,14462648332118988;0,006428264081478119
2605;189,2212677001953;-292,7402648925781;67185,8359375;-23,310190200805664;249,0474090576172;8,677854537963867;0,4176774322986603;0,20752012729644775;0,1398412585258484;0,005956517532467842
2606;189,2212677001953;-292,7402648925781;67185,8359375;-20,92487907409668;245,61160278320312;8,880277633666992;0,4226749539375305;0,2058451622724533;0,14167484641075134;0,006114927586168051
2607;189,2212677001953;-292,7402648925781;67185,8359375;-18,05295181274414;242,86929321289062;8,697068214416504;0,4261752963066101;0,20578107237815857;0,14331293106079102;0,006244245916604996
2608;189,2212677001953;-292,7402648925781;67185,8359375;-16,752235412597656;236,71102905273438;8,886305809020996;0,4257078766822815;0,2009972631931305;0,14326231181621552;0,006219347007572651
2609;189,2212677001953;-292,7402648925781;67185,8359375;-18,144969940185547;234,04425048828125;8,922061920166016;0,43048161268234253;0,20266731083393097;0,14544962346553802;0,00639959005638957
2610;189,2212677001953;-292,7402648925781;67185,8359375;-14,767817497253418;229,17237854003906;8,930499076843262;0,4333183467388153;0,19925087690353394;0,14647842943668365;0,006467478349804878
2611;189,2212677001953;-292,7402648925781;67185,8359375;-14,539263725280762;224,0314178466797;8,852306365966797;0,43465596437454224;0,19703705608844757;0,1472083479166031;0,006506986450403929
2612;189,2212677001953;-292,7402648925781;67185,8359375;-9,970719337463379;224,0865478515625;8,828580856323242;0,4439956843852997;0,19938120245933533;0,15073543787002563;0,006805380806326866
2613;189,2212677001953;-292,7402648925781;67185,8359375;-10,07893180847168;217,20953369140625;9,129825592041016;0,4493680000305176;0,19884398579597473;0,15278251469135284;0,0069606732577085495
2614;189,2212677001953;-292,7402648925781;67185,8359375;-9,257731437683105;213,95693969726562;8,873358726501465;0,44673213362693787;0,19409294426441193;0,15201228857040405;0,006850766018033028
2615;189,2212677001953;-292,7402648925781;67185,8359375;-5,892120838165283;211,06996154785156;9,309637069702148;0,4545704126358032;0,19690845906734467;0,1550692915916443;0,007121419068425894
2616;189,2212677001953;-292,7402648925781;67185,8359375;-6,422131538391113;204,64154052734375;9,316126823425293;0,44779670238494873;0,1919582486152649;0,15295535326004028;0,0069176265969872475
2617;189,2212677001953;-292,7402648925781;67185,8359375;-5,690084457397461;204,19058227539062;9,176948547363281;0,4477182924747467;0,19053387641906738;0,15312977135181427;0,0069258324801921844
2618;189,2212677001953;-292,7402648925781;67185,8359375;-6,258853912353516;202,49203491210938;9,095916748046875;0,4566051959991455;0,19031788408756256;0,15612417459487915;0,0071264589205384254
2619;189,2212677001953;-292,7402648925781;67185,8359375;-5,076337814331055;191,8054656982422;8,990632057189941;0,4625367522239685;0,1919497698545456;0,15830078721046448;0,007332549896091223
2620;189,2212677001953;-292,7402648925781;67185,8359375;-2,899709701538086;190,30209350585938;9,155900001525879;0,45063114166259766;0,1855902075767517;0,15426361560821533;0,0069804503582417965
2621;189,2212677001953;-292,7402648925781;67185,8359375;-1,3473434448242188;187,1665496826172;9,177375793457031;0,4640869200229645;0,1886352300643921;0,15882357954978943;0,0073319487273693085
2622;189,2212677001953;-292,7402648925781;67185,8359375;-2,8655598163604736;182,69839477539062;9,274651527404785;0,46181637048721313;0,18638983368873596;0,1579727828502655;0,0072726537473499775
2623;189,2212677001953;-292,7402648925781;67185,8359375;1,5889033079147339;181,28494262695312;9,101457595825195;0,4741286635398865;0,18976286053657532;0,16202469170093536;0,007627824787050486
2624;189,2212677001953;-292,7402648925781;67185,8359375;4,5716986656188965;175,7772979736328;8,925847053527832;0,46731406450271606;0,18537965416908264;0,1594928801059723;0,007413029670715332
2625;189,2212677001953;-292,7402648925781;67185,8359375;1,4701714515686035;168,98736572265625;8,71451187133789;0,48923012614250183;0,19307969510555267;0,16687926650047302;0,007992640137672424
2626;189,2212677001953;-292,7402648925781;67185,8359375;8,67026138305664;166,92181396484375;8,488173484802246;0,49052128195762634;0,19234223663806915;0,16703207790851593;0,008009579963982105
2627;189,2212677001953;-292,7402648925781;67185,8359375;7,174391746520996;161,6201934814453;8,455509185791016;0,4973689913749695;0,1949598491191864;0,16922211647033691;0,008146604523062706
2628;189,2212677001953;-292,7402648925781;67185,8359375;11,337937355041504;155,74635314941406;8,403810501098633;0,49870920181274414;0,19451041519641876;0,16928191483020782;0,008165379986166954
2629;189,2212677001953;-292,7402648925781;67185,8359375;14,664098739624023;152,7534637451172;8,433968544006348;0,509383499622345;0,1968870609998703;0,17230695486068726;0,008455988019704819
2630;189,2212677001953;-292,7402648925781;67185,8359375;13,067648887634277;148,94515991210938;7,989900588989258;0,49799779057502747;0,1917903870344162;0,16797980666160583;0,00810378696769476
2631;189,2212677001953;-292,7402648925781;67185,8359375;11,547833442687988;145,55462646484375;7,903744220733643;0,504881739616394;0,19405409693717957;0,169801726937294;0,008261755108833313
2632;189,2212677001953;-292,7402648925781;67185,8359375;14,879667282104492;142,39862060546875;7,710190296173096;0,5151132941246033;0,19906210899353027;0,17288370430469513;0,008495870046317577
2633;189,2212677001953;-292,7402648925781;67185,8359375;15,357090950012207;140,87149047851562;7,860372543334961;0,5046018362045288;0,1878102868795395;0,16774888336658478;0,008193534798920155
2634;189,2212677001953;-292,7402648925781;67185,8359375;14,13264274597168;134,7835693359375;7,163366794586182;0,5113221406936646;0,19499249756336212;0,1700211465358734;0,008329352363944054
2635;189,2212677001953;-292,7402648925781;67185,8359375;17,766376495361328;123,44556427001953;6,839605331420898;0,5354338884353638;0,2042776495218277;0,1773325651884079;0,008945945650339127
2636;189,2212677001953;-292,7402648925781;67185,8359375;16,613784790039062;121,20478820800781;6,708789825439453;0,5368988513946533;0,19907701015472412;0,17623332142829895;0,008933738805353642
2637;189,2212677001953;-292,7402648925781;67185,8359375;18,315555572509766;121,31204223632812;6,5770392417907715;0,5224515795707703;0,20036746561527252;0,1716299206018448;0,008496311493217945
2638;189,2212677001953;-292,7402648925781;67185,8359375;17,38681983947754;116,48382568359375;6,384795188903809;0,5533196926116943;0,20461280643939972;0,17981471121311188;0,009266325272619724
2639;189,2212677001953;-292,7402648925781;67185,8359375;9,083573341369629;111,01200866699219;5,965686321258545;0,5200424790382385;0,19025921821594238;0,1678435504436493;0,008339948020875454
2640;189,2212677001953;-292,7402648925781;67185,8359375;25,603904724121094;109,49192810058594;6,142723560333252;0,537094235420227;0,19331514835357666;0,17197494208812714;0,008721437305212021
2641;189,2212677001953;-292,7402648925781;67185,8359375;28,81172752380371;102,54449462890625;5,760970115661621;0,5625666975975037;0,2042618691921234;0,17936085164546967;0,009328946471214294
2642;189,2212677001953;-292,7402648925781;67185,8359375;28,64915657043457;99,25865936279297;5,528583526611328;0,543908417224884;0,19102203845977783;0,1715298593044281;0,008756887167692184
2643;189,2212677001953;-292,7402648925781;67185,8359375;32,04271697998047;95,60673522949219;5,344542980194092;0,5628926753997803;0,20016494393348694;0,1767931878566742;0,009198284707963467
2644;189,2212677001953;-292,7402648925781;67185,8359375;30,293560028076172;89,4698715209961;5,256694793701172;0,5700701475143433;0,19790224730968475;0,1773092895746231;0,009275360032916069
2645;189,2212677001953;-292,7402648925781;67185,8359375;35,029869079589844;88,53938293457031;4,600907802581787;0,5822981595993042;0,19841746985912323;0,17949354648590088;0,009473754093050957
2646;189,2212677001953;-292,7402648925781;67185,8359375;37,411468505859375;86,96898651123047;4,344184398651123;0,5922498106956482;0,20180076360702515;0,181420236825943;0,009652487002313137
2647;189,2212677001953;-292,7402648925781;67185,8359375;30,129730224609375;87,74833679199219;4,336428165435791;0,5824384689331055;0,20404045283794403;0,17806510627269745;0,009417187422513962
2648;189,2212677001953;-292,7402648925781;67185,8359375;38,58905029296875;88,09546661376953;3,9866464138031006;0,5909506678581238;0,20141462981700897;0,17878377437591553;0,009504968300461769
2649;189,2212677001953;-292,7402648925781;67185,8359375;29,305124282836914;86,12777709960938;3,8311350345611572;0,6045578122138977;0,20885463058948517;0,1821669489145279;0,00978872925043106
2650;189,2212677001953;-292,7402648925781;67185,8359375;33,89980697631836;85,62359619140625;3,638375997543335;0,5901075601577759;0,2072232961654663;0,1772235780954361;0,00941508635878563
2651;189,2212677001953;-292,7402648925781;67185,8359375;31,581605911254883;85,82136535644531;3,6552629470825195;0,5978416800498962;0,20623879134655;0,17798276245594025;0,009500743821263313
2652;189,2212677001953;-292,7402648925781;67185,8359375;27,914352416992188;84,03473663330078;3,2755517959594727;0,5958617925643921;0,20866546034812927;0,1768409013748169;0,00941478367894888
2653;189,2212677001953;-292,7402648925781;67185,8359375;30,703832626342773;82,80207824707031;3,161882162094116;0,6075415015220642;0,21104313433170319;0,17909501492977142;0,00960628967732191
2654;189,2212677001953;-292,7402648925781;67185,8359375;24,258766174316406;83,521240234375;3,1144726276397705;0,6206110715866089;0,2196035534143448;0,18260332942008972;0,009872278198599815
2655;189,2212677001953;-292,7402648925781;67185,8359375;27,775304794311523;83,67933654785156;2,7038233280181885;0,6222681999206543;0,21043646335601807;0,18080593645572662;0,009756224229931831
2656;189,2212677001953;-292,7402648925781;67185,8359375;28,304235458374023;83,43919372558594;2,736380100250244;0,625409722328186;0,21101555228233337;0,18083643913269043;0,009754574857652187
2657;189,2212677001953;-292,7402648925781;67185,8359375;30,63814926147461;81,67330932617188;2,667311429977417;0,6439208388328552;0,21537502110004425;0,18515631556510925;0,010078753344714642
2658;189,2212677001953;-292,7402648925781;67185,8359375;28,456939697265625;82,25617218017578;2,904872179031372;0,6480267643928528;0,21029332280158997;0,1847318708896637;0,010032646358013153
2659;189,2212677001953;-292,7402648925781;67185,8359375;23,5064640045166;83,05281066894531;2,543412446975708;0,6547713279724121;0,21467898786067963;0,186354398727417;0,010134454816579819
2660;189,2212677001953;-292,7402648925781;67185,8359375;20,12671661376953;81,39753723144531;2,510688066482544;0,6703338027000427;0,21924659609794617;0,19017547369003296;0,010393903590738773
2661;189,2212677001953;-292,7402648925781;67185,8359375;19,931964874267578;81,74404907226562;2,6129236221313477;0,6616485714912415;0,21500514447689056;0,18708084523677826;0,010126943700015545
2662;189,2212677001953;-292,7402648925781;67185,8359375;18,853069305419922;80,89190673828125;2,5538687705993652;0,674841582775116;0,20843283832073212;0,18894711136817932;0,010215581394731998
2663;189,2212677001953;-292,7402648925781;67185,8359375;17,82691192626953;81,77926635742188;2,606951951980591;0,6994068622589111;0,2051791101694107;0,1941099762916565;0,010514420457184315
2664;189,2212677001953;-292,7402648925781;67185,8359375;28,3829402923584;81,37857055664062;2,6678683757781982;0,6749308705329895;0,2052212506532669;0,18814368546009064;0,010050134733319283
2665;189,2212677001953;-292,7402648925781;67185,8359375;26,08860969543457;82,07075500488281;2,7979650497436523;0,6936887502670288;0,20872268080711365;0,19303426146507263;0,01034154649823904
2666;189,2212677001953;-292,7402648925781;67185,8359375;21,294279098510742;81,4200668334961;2,9632718563079834;0,7200679779052734;0,20438092947006226;0,19881905615329742;0,010641378350555897
2667;189,2212677001953;-292,7402648925781;67185,8359375;20,59035301208496;82,11156463623047;2,701655864715576;0,7168033123016357;0,2145078331232071;0,19955497980117798;0,010663642548024654
2668;189,2212677001953;-292,7402648925781;67185,8359375;24,35834503173828;82,21134185791016;2,8767170906066895;0,7228151559829712;0,2129051238298416;0,20105817914009094;0,010677250102162361
2669;189,2212677001953;-292,7402648925781;67185,8359375;19,296730041503906;79,69084930419922;3,0956404209136963;0,7553061246871948;0,2246589958667755;0,21079611778259277;0,011274460703134537
2670;189,2212677001953;-292,7402648925781;67185,8359375;24,928421020507812;78,56949615478516;3,0514676570892334;0,7334629893302917;0,21416354179382324;0,2046659290790558;0,010740616358816624
2671;189,2212677001953;-292,7402648925781;67185,8359375;23,45520782470703;80,50313568115234;2,9727723598480225;0,7543442249298096;0,21497602760791779;0,21041664481163025;0,011011695489287376
2672;189,2212677001953;-292,7402648925781;67185,8359375;24,734573364257812;79,64533996582031;3,446730375289917;0,7401360869407654;0,22141309082508087;0,20853257179260254;0,010820979252457619
2673;189,2212677001953;-292,7402648925781;67185,8359375;22,272960662841797;77,66902160644531;3,6395769119262695;0,7545836567878723;0,21719641983509064;0,21227502822875977;0,010931791737675667
2674;189,2212677001953;-292,7402648925781;67185,8359375;23,27454948425293;77,81095123291016;3,738101005554199;0,7622566223144531;0,21635279059410095;0,2149350494146347;0,010979733429849148
2675;189,2212677001953;-292,7402648925781;67185,8359375;12,268373489379883;79,03833770751953;3,8648571968078613;0,7751238942146301;0,21838732063770294;0,21934807300567627;0,01114267110824585
2676;189,2212677001953;-292,7402648925781;67185,8359375;14,105228424072266;77,49373626708984;4,29379415512085;0,7930830121040344;0,2324337661266327;0,22667399048805237;0,01154300943017006
2677;189,2212677001953;-292,7402648925781;67185,8359375;13,89227294921875;75,83981323242188;4,111330986022949;0,7825946807861328;0,22416935861110687;0,22414328157901764;0,011226164177060127
2678;189,2212677001953;-292,7402648925781;67185,8359375;16,0133056640625;76,32765197753906;4,2735114097595215;0,7914064526557922;0,22476111352443695;0,22763174772262573;0,011310288682579994
2679;189,2212677001953;-292,7402648925781;67185,8359375;12,028088569641113;75,5352783203125;4,679647922515869;0,7814967036247253;0,22023315727710724;0,2258123755455017;0,011054322123527527
2680;189,2212677001953;-292,7402648925781;67185,8359375;8,560822486877441;74,05970001220703;4,8691487312316895;0,7980712056159973;0,23826542496681213;0,23363113403320312;0,011489261873066425
2681;189,2212677001953;-292,7402648925781;67185,8359375;25,0162296295166;77,56602478027344;5,4983415603637695;0,7984805703163147;0,2423216849565506;0,23561817407608032;0,011498863808810711
2682;189,2212677001953;-292,7402648925781;67185,8359375;21,320098876953125;75,3340835571289;5,66730260848999;0,802466869354248;0,2301158308982849;0,23644131422042847;0,01134816836565733
2683;189,2212677001953;-292,7402648925781;67185,8359375;16,016923904418945;74,55998229980469;5,825374603271484;0,8215042948722839;0,22144965827465057;0,2417566180229187;0,011422249488532543
2684;189,2212677001953;-292,7402648925781;67185,8359375;27,902265548706055;76,32423400878906;6,221872806549072;0,8152412176132202;0,22705687582492828;0,24223867058753967;0,011382929049432278
2685;189,2212677001953;-292,7402648925781;67185,8359375;28,754362106323242;76,392578125;6,39227819442749;0,8417618870735168;0,24680377542972565;0,2531604468822479;0,011994623579084873
2686;189,2212677001953;-292,7402648925781;67185,8359375;22,281641006469727;75,89218139648438;6,519092082977295;0,8339375257492065;0,23580439388751984;0,2511824071407318;0,011676046997308731
2687;189,2212677001953;-292,7402648925781;67185,8359375;18,52189826965332;75,08722686767578;6,874817848205566;0,8363350033760071;0,24182471632957458;0,25404027104377747;0,011758234351873398
2688;189,2212677001953;-292,7402648925781;67185,8359375;20,67160987854004;78,0169448852539;7,066803932189941;0,8394674062728882;0,24111847579479218;0,2562403380870819;0,01174254808574915
2689;189,2212677001953;-292,7402648925781;67185,8359375;11,10194206237793;75,51510620117188;7,425968170166016;0,8742544054985046;0,25691670179367065;0,2690849304199219;0,012401883490383625
2690;189,2212677001953;-292,7402648925781;67185,8359375;23,514888763427734;76,04950714111328;7,787696838378906;0,8540961146354675;0,25369641184806824;0,26464933156967163;0,012048083357512951
2691;189,2212677001953;-292,7402648925781;67185,8359375;19,323484420776367;76,70819091796875;7,829596519470215;0,8399516344070435;0,2526668906211853;0,2620413303375244;0,011806954629719257
2692;189,2212677001953;-292,7402648925781;67185,8359375;17,276832580566406;76,24050903320312;8,030083656311035;0,8543710112571716;0,2577553987503052;0,2679741084575653;0,012034153565764427
2693;189,2212677001953;-292,7402648925781;67185,8359375;16,76426124572754;75,9538803100586;8,3314847946167;0,8485283851623535;0,2563514709472656;0,267461359500885;0,011895595118403435
2694;189,2212677001953;-292,7402648925781;67185,8359375;16,630861282348633;77,80984497070312;8,519648551940918;0,8365393877029419;0,2513993978500366;0,26469579339027405;0,011616624891757965
2695;189,2212677001953;-292,7402648925781;67185,8359375;12,714591979980469;74,97074890136719;8,53751277923584;0,8411583304405212;0,2588162422180176;0,2681291401386261;0,011764789931476116
2696;189,2212677001953;-292,7402648925781;67185,8359375;11,332100868225098;74,08961486816406;8,58718204498291;0,8403205871582031;0,25774601101875305;0,2688155174255371;0,011692402884364128
2697;189,2212677001953;-292,7402648925781;67185,8359375;7,988085746765137;73,53880310058594;9,553437232971191;0,8449289798736572;0,26038703322410583;0,27146098017692566;0,01175150740891695
2698;189,2212677001953;-292,7402648925781;67185,8359375;4,231322765350342;74,6911392211914;9,21628189086914;0,8387383222579956;0,2587383985519409;0,2704114615917206;0,011596317403018475
2699;189,2212677001953;-292,7402648925781;67185,8359375;3,9671716690063477;74,12417602539062;9,719206809997559;0,8429915308952332;0,2599440813064575;0,27257588505744934;0,01160549744963646
2700;189,2212677001953;-292,7402648925781;67185,8359375;5,671217918395996;74,87835693359375;9,903914451599121;0,8501596450805664;0,26506754755973816;0,2760638892650604;0,01173862162977457
2701;189,2212677001953;-292,7402648925781;67185,8359375;-1,805198073387146;74,99188232421875;10,033839225769043;0,8426644802093506;0,2687942087650299;0,27524834871292114;0,01170878205448389
2702;189,2212677001953;-292,7402648925781;67185,8359375;-1,127345085144043;74,4028549194336;10,430010795593262;0,8506489396095276;0,27290260791778564;0,27864912152290344;0,011824453249573708
2703;189,2212677001953;-292,7402648925781;67185,8359375;-5,160935401916504;73,98079681396484;10,077075004577637;0,8403604030609131;0,2700181305408478;0,27573099732398987;0,011564929038286209
2704;189,2212677001953;-292,7402648925781;67185,8359375;-2,955487012863159;73,17957305908203;10,485668182373047;0,8419885635375977;0,27487629652023315;0,27736717462539673;0,0116574140265584
2705;189,2212677001953;-292,7402648925781;67185,8359375;-3,2255094051361084;75,12232971191406;10,836151123046875;0,8443171381950378;0,2802847623825073;0,27927541732788086;0,01178457960486412
2706;189,2212677001953;-292,7402648925781;67185,8359375;0,05832862854003906;75,69152069091797;11,107800483703613;0,8364148736000061;0,2799522578716278;0,2771785259246826;0,011631498113274574
2707;189,2212677001953;-292,7402648925781;67185,8359375;-6,415969371795654;74,51122283935547;11,096303939819336;0,8613482713699341;0,2926049828529358;0,286467045545578;0,012169213965535164
2708;189,2212677001953;-292,7402648925781;67185,8359375;-7,760506629943848;73,10230255126953;11,290644645690918;0,8763562440872192;0,30051499605178833;0,2919776737689972;0,012456955388188362
2709;189,2212677001953;-292,7402648925781;67185,8359375;-5,171535968780518;75,85327911376953;11,236613273620605;0,847236692905426;0,29281389713287354;0,2822495400905609;0,011863174848258495
2710;189,2212677001953;-292,7402648925781;67185,8359375;-2,0536274909973145;75,23234558105469;11,713116645812988;0,8595324754714966;0,3004502058029175;0,28663820028305054;0,01208085473626852
2711;189,2212677001953;-292,7402648925781;67185,8359375;-8,204812049865723;75,5606918334961;11,4981050491333;0,8517191410064697;0,30077531933784485;0,2845320999622345;0,01203358918428421
2712;189,2212677001953;-292,7402648925781;67185,8359375;-5,1836981773376465;76,03411865234375;11,986077308654785;0,8408018350601196;0,30074137449264526;0,2809332609176636;0,011816920712590218
2713;189,2212677001953;-292,7402648925781;67185,8359375;-5,318639755249023;75,5423583984375;11,553746223449707;0,8514508605003357;0,3089970648288727;0,2845284640789032;0,01198272779583931
2714;189,2212677001953;-292,7402648925781;67185,8359375;-7,583540439605713;75,01043701171875;11,983258247375488;0,8645991086959839;0,3157493770122528;0,28911879658699036;0,012330177240073681
2715;189,2212677001953;-292,7402648925781;67185,8359375;-12,570094108581543;74,55953216552734;11,921236991882324;0,8290636539459229;0,30673298239707947;0,2771816551685333;0,011710709892213345
2716;189,2212677001953;-292,7402648925781;67185,8359375;-13,655319213867188;74,50871276855469;12,141322135925293;0,8105222582817078;0,30299127101898193;0,27088677883148193;0,011417355388402939
2717;189,2212677001953;-292,7402648925781;67185,8359375;-14,103687286376953;76,5328140258789;11,871298789978027;0,835399329662323;0,31542202830314636;0,2790173888206482;0,011911306530237198
2718;189,2212677001953;-292,7402648925781;67185,8359375;-14,377259254455566;76,30208587646484;12,077880859375;0,8215476870536804;0,3150527775287628;0,2741759717464447;0,011676805093884468
2719;189,2212677001953;-292,7402648925781;67185,8359375;-16,319852828979492;76,88850402832031;12,050537109375;0,8080971240997314;0,31081604957580566;0,2693025469779968;0,011503771878778934
2720;189,2212677001953;-292,7402648925781;67185,8359375;-17,740047454833984;77,51631164550781;11,84404182434082;0,8173103928565979;0,3193814754486084;0,27205267548561096;0,01169847697019577
2721;189,2212677001953;-292,7402648925781;67185,8359375;-16,63585662841797;78,92713928222656;11,945781707763672;0,8059609532356262;0,3172608017921448;0,26778605580329895;0,011543135158717632
2722;189,2212677001953;-292,7402648925781;67185,8359375;-21,260955810546875;77,86680603027344;11,487016677856445;0,814274251461029;0,3234817683696747;0,2700183093547821;0,011744438670575619
2723;189,2212677001953;-292,7402648925781;67185,8359375;-21,57875633239746;79,65331268310547;11,254056930541992;0,7976602911949158;0,32006770372390747;0,2639484703540802;0,011483474634587765
2724;189,2212677001953;-292,7402648925781;67185,8359375;-18,358238220214844;80,6038818359375;11,401518821716309;0,7766684889793396;0,31695136427879333;0,25655630230903625;0,011129522696137428
2725;189,2212677001953;-292,7402648925781;67185,8359375;-22,64095115661621;80,73534393310547;11,367461204528809;0,7790817022323608;0,3211078643798828;0,2567233443260193;0,011225449852645397
2726;189,2212677001953;-292,7402648925781;67185,8359375;-22,91257095336914;80,29527282714844;10,895440101623535;0,7711347341537476;0,32175034284591675;0,2535005509853363;0,011125005781650543
2727;189,2212677001953;-292,7402648925781;67185,8359375;-21,793621063232422;81,70536041259766;11,288540840148926;0,7660632729530334;0,3223915696144104;0,25110742449760437;0,011083312332630157
2728;189,2212677001953;-292,7402648925781;67185,8359375;-25,043949127197266;81,36810302734375;11,008661270141602;0,7707289457321167;0,32336336374282837;0,25154879689216614;0,011230655014514923
2729;189,2212677001953;-292,7402648925781;67185,8359375;-25,00617027282715;81,74068450927734;10,532612800598145;0,7657414674758911;0,3300075829029083;0,24965351819992065;0,01118546724319458
2730;189,2212677001953;-292,7402648925781;67185,8359375;-28,495473861694336;82,8685073852539;10,191473960876465;0,7792009115219116;0,3350679576396942;0,2528878152370453;0,011505383998155594
2731;189,2212677001953;-292,7402648925781;67185,8359375;-28,314281463623047;76,64153289794922;10,490069389343262;0,7400294542312622;0,3163740336894989;0,23893050849437714;0,01079649943858385
2732;189,2212677001953;-292,7402648925781;67185,8359375;-26,52241325378418;69,94552612304688;9,971460342407227;0,7405356764793396;0,3248337209224701;0,23880942165851593;0,010876327753067017
2733;189,2212677001953;-292,7402648925781;67185,8359375;-29,966201782226562;82,21968078613281;9,620626449584961;0,7166993618011475;0,3240628242492676;0,23106396198272705;0,0104688610881567
2734;189,2212677001953;-292,7402648925781;67185,8359375;-25,924800872802734;67,3792724609375;9,510184288024902;0,7317591905593872;0,3307037055492401;0,23481863737106323;0,010829444974660873
2735;189,2212677001953;-292,7402648925781;67185,8359375;-27,004680633544922;70,51225280761719;8,976887702941895;0,7089902758598328;0,32410377264022827;0,22686171531677246;0,010442191734910011
2736;189,2212677001953;-292,7402648925781;67185,8359375;-28,277545928955078;70,24178314208984;8,711742401123047;0,709219217300415;0,32525724172592163;0,22599971294403076;0,010509318672120571
2737;189,2212677001953;-292,7402648925781;67185,8359375;-29,14757537841797;71,01107025146484;8,5375394821167;0,6980323791503906;0,32240185141563416;0,22166655957698822;0,010348296724259853
2738;189,2212677001953;-292,7402648925781;67185,8359375;-31,006481170654297;69,19609832763672;7,975613117218018;0,6845508813858032;0,3202913701534271;0,21687829494476318;0,010142579674720764
2739;189,2212677001953;-292,7402648925781;67185,8359375;-33,16089630126953;68,84336853027344;7,524246692657471;0,675651490688324;0,31845664978027344;0,21338026225566864;0,010025860741734505
2740;189,2212677001953;-292,7402648925781;67185,8359375;-29,0916748046875;69,75989532470703;7,185845851898193;0,6429343819618225;0,30513033270835876;0,20241722464561462;0,009407754056155682
2741;189,2212677001953;-292,7402648925781;67185,8359375;-29,51650619506836;70,12982940673828;6,946890354156494;0,6293556690216064;0,2933773100376129;0,19662386178970337;0,009141835384070873
2742;189,2212677001953;-292,7402648925781;67185,8359375;-29,54033660888672;69,45907592773438;6,431051731109619;0,6410120725631714;0,3037303686141968;0,20005793869495392;0,00947908777743578
2743;189,2212677001953;-292,7402648925781;67185,8359375;-27,537118911743164;69,36353302001953;6,355007171630859;0,6027677655220032;0,2854223847389221;0,18735049664974213;0,008691199123859406
2744;189,2212677001953;-292,7402648925781;67185,8359375;-27,82221794128418;68,97195434570312;5,996255397796631;0,5862807631492615;0,2793269157409668;0,1817658543586731;0,008382734842598438
2745;189,2212677001953;-292,7402648925781;67185,8359375;-30,179780960083008;68,70658874511719;5,777709007263184;0,5955010056495667;0,28735169768333435;0,18446575105190277;0,008677593432366848
2746;189,2212677001953;-292,7402648925781;67185,8359375;-30,23966407775879;68,46430969238281;5,3847222328186035;0,5759903192520142;0,27507200837135315;0,17745119333267212;0,008254403248429298
2747;189,2212677001953;-292,7402648925781;67185,8359375;-28,73711395263672;68,39643859863281;4,84589147567749;0,5706321001052856;0,27833980321884155;0,1760876625776291;0,00824011117219925
2748;189,2212677001953;-292,7402648925781;67185,8359375;-29,663530349731445;67,79119110107422;4,774604320526123;0,5644901990890503;0,2735130190849304;0,17347687482833862;0,008132003247737885
2749;189,2212677001953;-292,7402648925781;67185,8359375;-26,67873764038086;68,74334716796875;4,172373294830322;0,5713920593261719;0,2793876826763153;0,17555402219295502;0,00837796926498413
2750;189,2212677001953;-292,7402648925781;67185,8359375;-26,631637573242188;67,94566345214844;4,26674222946167;0,5559507012367249;0,27153539657592773;0,17043589055538177;0,008062521927058697
2751;189,2212677001953;-292,7402648925781;67185,8359375;-23,769458770751953;68,47391510009766;3,6331288814544678;0,5320266485214233;0,26066604256629944;0,1629648059606552;0,007534536998718977
2752;189,2212677001953;-292,7402648925781;67185,8359375;-25,968975067138672;67,47154998779297;3,7108545303344727;0,5338709354400635;0,2631177008152008;0,16356530785560608;0,007659293245524168
2753;189,2212677001953;-292,7402648925781;67185,8359375;-24,41385841369629;67,13542938232422;3,572845697402954;0,5432599186897278;0,2655419707298279;0,16599060595035553;0,00792768131941557
2754;189,2212677001953;-292,7402648925781;67185,8359375;-22,817943572998047;67,63534545898438;3,378044366836548;0,5355058312416077;0,26810020208358765;0,16450750827789307;0,007867420092225075
2755;189,2212677001953;-292,7402648925781;67185,8359375;-22,39431381225586;67,80674743652344;2,737053632736206;0,5210281610488892;0,25518307089805603;0,15922705829143524;0,007485346402972937
2756;189,2212677001953;-292,7402648925781;67185,8359375;-22,594152450561523;67,2660903930664;3,1356844902038574;0,5176979899406433;0,26422011852264404;0,15989671647548676;0,007591645698994398
2757;189,2212677001953;-292,7402648925781;67185,8359375;-18,370832443237305;68,30754089355469;2,909447431564331;0,4879591166973114;0,25308600068092346;0,15147514641284943;0,006917437072843313
2758;189,2212677001953;-292,7402648925781;67185,8359375;-19,416818618774414;67,34148406982422;2,5225486755371094;0,4709433913230896;0,24774040281772614;0,14693208038806915;0,006552007514983416
2759;189,2212677001953;-292,7402648925781;67185,8359375;-19,35920524597168;67,57884216308594;2,385775566101074;0,467298299074173;0,24648338556289673;0,14615114033222198;0,0065185618586838245
2760;189,2212677001953;-292,7402648925781;67185,8359375;-19,019428253173828;67,13467407226562;2,1336593627929688;0,47289222478866577;0,25086289644241333;0,14843913912773132;0,006745373364537954
2761;189,2212677001953;-292,7402648925781;67185,8359375;-18,360429763793945;67,18682098388672;2,046081781387329;0,463474303483963;0,24911169707775116;0,14635765552520752;0,006570709869265556
2762;189,2212677001953;-292,7402648925781;67185,8359375;-18,15047836303711;66,85226440429688;2,1701362133026123;0,45687800645828247;0,2372608780860901;0,143382728099823;0,006361609324812889
2763;189,2212677001953;-292,7402648925781;67185,8359375;-15,680075645446777;67,41140747070312;2,245588779449463;0,4527101516723633;0,2461296021938324;0,1442594826221466;0,006401555147022009
2764;189,2212677001953;-292,7402648925781;67185,8359375;-14,106447219848633;68,76429748535156;1,7585101127624512;0,41434237360954285;0,22052857279777527;0,13174277544021606;0,005251549184322357
2765;189,2212677001953;-292,7402648925781;67185,8359375;-13,089061737060547;70,03641510009766;1,8140079975128174;0,4302486181259155;0,22763076424598694;0,13710638880729675;0,005808767396956682
2766;189,2212677001953;-292,7402648925781;67185,8359375;-10,582184791564941;67,99797058105469;1,9452465772628784;0,4291866719722748;0,23724691569805145;0,13891533017158508;0,005899426992982626
2767;189,2212677001953;-292,7402648925781;67185,8359375;-9,315908432006836;69,47720336914062;2,053788185119629;0,4189205765724182;0,24601289629936218;0,13849002122879028;0,005446231923997402
2768;189,2212677001953;-292,7402648925781;67185,8359375;-6,945662021636963;72,10572052001953;2,2327611446380615;0,44295454025268555;0,2567863166332245;0,14650706946849823;0,006158079952001572
2769;189,2212677001953;-292,7402648925781;67185,8359375;-4,975650787353516;70,40277099609375;2,176262617111206;0,48816731572151184;0,24407708644866943;0,15621311962604523;0,007559385150671005
2770;189,2212677001953;-292,7402648925781;67185,8359375;-5,037082195281982;71,35567474365234;2,460313320159912;0,43482258915901184;0,22683170437812805;0,14121611416339874;0,0061996798031032085
2771;189,2212677001953;-292,7402648925781;67185,8359375;-3,5202476978302;72,35159301757812;2,509469747543335;0,42389556765556335;0,22266070544719696;0,13858024775981903;0,005934394896030426
2772;189,2212677001953;-292,7402648925781;67185,8359375;-3,639003276824951;71,56057739257812;2,5055720806121826;0,44085806608200073;0,2174203097820282;0,14282797276973724;0,006331306882202625
2773;189,2212677001953;-292,7402648925781;67185,8359375;-1,1117541790008545;73,37981414794922;2,757952928543091;0,4196677803993225;0,21850359439849854;0,13831575214862823;0,005884234793484211
2774;189,2212677001953;-292,7402648925781;67185,8359375;-1,6646898984909058;71,88644409179688;2,9770853519439697;0,43087121844291687;0,21785077452659607;0,1418236494064331;0,0062195598147809505
2775;189,2212677001953;-292,7402648925781;67185,8359375;1,6133041381835938;73,93769836425781;3,17525577545166;0,4291936755180359;0,21747690439224243;0,14207731187343597;0,00621862942352891
2776;189,2212677001953;-292,7402648925781;67185,8359375;0,17114971578121185;73,32198333740234;3,431492805480957;0,43382740020751953;0,21736793220043182;0,14401979744434357;0,006380931008607149
2777;189,2212677001953;-292,7402648925781;67185,8359375;0,9887613654136658;74,00616455078125;3,4489529132843018;0,43382003903388977;0,21320441365242004;0,14420364797115326;0,006388826295733452
2778;189,2212677001953;-292,7402648925781;67185,8359375;3,2587780952453613;74,68766021728516;3,670635223388672;0,4165191948413849;0,20747460424900055;0,1395227015018463;0,0059241303242743015
2779;189,2212677001953;-292,7402648925781;67185,8359375;4,9169769287109375;75,27668762207031;3,874410390853882;0,42724621295928955;0,2079933136701584;0,14319473505020142;0,006254322826862335
2780;189,2212677001953;-292,7402648925781;67185,8359375;6,2238640785217285;76,24197387695312;4,101231098175049;0,42542764544487;0,20548780262470245;0,1430683732032776;0,006221909075975418
2781;189,2212677001953;-292,7402648925781;67185,8359375;7,081881046295166;76,80137634277344;4,161427974700928;0,42367029190063477;0,1988905817270279;0,14243647456169128;0,006135615054517984
2782;189,2212677001953;-292,7402648925781;67185,8359375;5,977956771850586;76,5677490234375;4,4599432945251465;0,42280223965644836;0,19886305928230286;0,14283108711242676;0,0061605521477758884
2783;189,2212677001953;-292,7402648925781;67185,8359375;7,06736421585083;77,42269897460938;4,687705993652344;0,4369778633117676;0,19975735247135162;0,1475798636674881;0,006561265327036381
2784;189,2212677001953;-292,7402648925781;67185,8359375;8,87851619720459;77,94325256347656;4,597606658935547;0,43868085741996765;0,19832636415958405;0,14851035177707672;0,006622031331062317
2785;189,2212677001953;-292,7402648925781;67185,8359375;11,629685401916504;79,18535614013672;4,855027675628662;0,4435684084892273;0,1985720694065094;0,15052306652069092;0,006782625336199999
2786;189,2212677001953;-292,7402648925781;67185,8359375;11,006514549255371;78,82096862792969;4,966577529907227;0,4493035078048706;0,19775719940662384;0,15265066921710968;0,006938836071640253
2787;189,2212677001953;-292,7402648925781;67185,8359375;11,932952880859375;80,83470916748047;5,059178829193115;0,4446312189102173;0,1952161341905594;0,1514994353055954;0,00683128647506237
2788;189,2212677001953;-292,7402648925781;67185,8359375;12,73434829711914;80,75291442871094;5,618941307067871;0,445188045501709;0,19407224655151367;0,15198516845703125;0,006861531641334295
2789;189,2212677001953;-292,7402648925781;67185,8359375;11,846332550048828;81,97638702392578;5,590413570404053;0,44667211174964905;0,19259628653526306;0,15267054736614227;0,006905240472406149
2790;189,2212677001953;-292,7402648925781;67185,8359375;14,66718864440918;82,82735443115234;5,721464157104492;0,4404979646205902;0,1888745278120041;0,15077774226665497;0,00673137791454792
2791;189,2212677001953;-292,7402648925781;67185,8359375;13,786111831665039;83,35104370117188;5,85385799407959;0,4569583833217621;0,19092696905136108;0,15627899765968323;0,007155383937060833
2792;189,2212677001953;-292,7402648925781;67185,8359375;11,870955467224121;82,99876403808594;5,941478252410889;0,46615293622016907;0,19340750575065613;0,15953543782234192;0,007437536958605051
2793;189,2212677001953;-292,7402648925781;67185,8359375;14,360016822814941;85,06925201416016;6,209117412567139;0,45509395003318787;0,18738771975040436;0,15578947961330414;0,0071134138852357864
2794;189,2212677001953;-292,7402648925781;67185,8359375;14,322528839111328;85,53032684326172;6,174737930297852;0,46176666021347046;0,1878531575202942;0,15803100168704987;0,007273954339325428
2795;189,2212677001953;-292,7402648925781;67185,8359375;13,535103797912598;85,20891571044922;6,423377990722656;0,4651493430137634;0,1876409500837326;0,15912096202373505;0,007361420895904303
2796;189,2212677001953;-292,7402648925781;67185,8359375;17,70326042175293;86,40172576904297;6,188462734222412;0,4721483886241913;0,18897193670272827;0,16135092079639435;0,00757040549069643
2797;189,2212677001953;-292,7402648925781;67185,8359375;17,552377700805664;86,17982482910156;6,412144184112549;0,46329420804977417;0,1837615668773651;0,15811026096343994;0,007297583855688572
2798;189,2212677001953;-292,7402648925781;67185,8359375;14,64720630645752;86,00731658935547;6,339785099029541;0,4840404689311981;0,19107696413993835;0,16512064635753632;0,007840100675821304
2799;189,2212677001953;-292,7402648925781;67185,8359375;20,640222549438477;86,67066955566406;6,086585521697998;0,49121516942977905;0,19274011254310608;0,16729441285133362;0,008024754002690315
2800;189,2212677001953;-292,7402648925781;67185,8359375;21,018112182617188;87,86062622070312;6,425727844238281;0,49693214893341064;0,19484974443912506;0,16908501088619232;0,008131601847708225
2801;189,2212677001953;-292,7402648925781;67185,8359375;21,263628005981445;87,08505249023438;6,1758575439453125;0,5074175596237183;0,19820939004421234;0,17228956520557404;0,008405333384871483
2802;189,2212677001953;-292,7402648925781;67185,8359375;25,88887596130371;87,37377166748047;6,299070358276367;0,5032075643539429;0,19434352219104767;0,1701935976743698;0,008285803720355034
2803;189,2212677001953;-292,7402648925781;67185,8359375;21,76721954345703;87,58324432373047;6,285967826843262;0,5032401084899902;0,19482910633087158;0,169906884431839;0,008237290196120739
2804;189,2212677001953;-292,7402648925781;67185,8359375;22,56175422668457;88,65699768066406;6,18855619430542;0,5158897042274475;0,19832353293895721;0,17351055145263672;0,00856846384704113
2805;189,2212677001953;-292,7402648925781;67185,8359375;23,962390899658203;88,06153869628906;6,075455188751221;0,5214832425117493;0,2005297988653183;0,17487576603889465;0,00868272501975298
2806;189,2212677001953;-292,7402648925781;67185,8359375;21,852214813232422;87,04888153076172;6,205684661865234;0,5085641741752625;0,19321803748607635;0,16963008046150208;0,008299622684717178
2807;189,2212677001953;-292,7402648925781;67185,8359375;24,739213943481445;88,33135986328125;5,854521751403809;0,5044029355049133;0,18836495280265808;0,1671546995639801;0,008150083012878895
2808;189,2212677001953;-292,7402648925781;67185,8359375;23,841632843017578;88,1675796508789;5,558841228485107;0,5105400085449219;0,19509297609329224;0,16913391649723053;0,008260069414973259
2809;189,2212677001953;-292,7402648925781;67185,8359375;23,785560607910156;86,97726440429688;5,655279636383057;0,5432957410812378;0,20199915766716003;0,17841342091560364;0,009102744981646538
2810;189,2212677001953;-292,7402648925781;67185,8359375;24,770994186401367;89,10724639892578;5,621363162994385;0,5192957520484924;0,19755102694034576;0,1703670173883438;0,008417078293859959
2811;189,2212677001953;-292,7402648925781;67185,8359375;24,07233428955078;87,0013656616211;5,464658737182617;0,5375778079032898;0,19614000618457794;0,17433595657348633;0,008846167474985123
2812;189,2212677001953;-292,7402648925781;67185,8359375;29,465177536010742;85,7042007446289;5,255975723266602;0,5372875928878784;0,1987185776233673;0,17370808124542236;0,008803780190646648
2813;189,2212677001953;-292,7402648925781;67185,8359375;29,525047302246094;86,02670288085938;5,3287882804870605;0,5388711094856262;0,19470621645450592;0,17264781892299652;0,008772201836109161
2814;189,2212677001953;-292,7402648925781;67185,8359375;31,502878189086914;85,95442962646484;5,039287567138672;0,5653731226921082;0,20860596001148224;0,18071749806404114;0,009420094080269337
2815;189,2212677001953;-292,7402648925781;67185,8359375;33,105186462402344;86,3525161743164;4,939113140106201;0,5463553667068481;0,19626151025295258;0,17289729416370392;0,008852829225361347
2816;189,2212677001953;-292,7402648925781;67185,8359375;33,11960220336914;86,1473388671875;4,830404758453369;0,5649222135543823;0,1962013989686966;0,17679966986179352;0,009204396046698093
2817;189,2212677001953;-292,7402648925781;67185,8359375;36,03036880493164;85,3126449584961;4,872122764587402;0,575119137763977;0,19651485979557037;0,17846247553825378;0,009362921118736267
2818;189,2212677001953;-292,7402648925781;67185,8359375;38,2156867980957;86,51042175292969;4,43576717376709;0,5829623937606812;0,20068524777889252;0,17997422814369202;0,009512345306575298
2819;189,2212677001953;-292,7402648925781;67185,8359375;27,961610794067383;82,46916961669922;4,3306121826171875;0,5911487936973572;0,2035330981016159;0,18136969208717346;0,009649788029491901
2820;189,2212677001953;-292,7402648925781;67185,8359375;33,280338287353516;85,05548858642578;4,121829986572266;0,5785707235336304;0,2036254107952118;0,17701488733291626;0,009332229383289814
2821;189,2212677001953;-292,7402648925781;67185,8359375;33,144527435302734;84,60297393798828;3,909651041030884;0,5810946226119995;0,19873665273189545;0,1758968085050583;0,00927937775850296
2822;189,2212677001953;-292,7402648925781;67185,8359375;32,11311721801758;83,79381561279297;3,822169542312622;0,5884893536567688;0,20417539775371552;0,1774488091468811;0,009419861249625683
2823;189,2212677001953;-292,7402648925781;67185,8359375;31,295738220214844;85,13031768798828;3,547657012939453;0,5905200839042664;0,20499996840953827;0,17701531946659088;0,009405180811882019
2824;189,2212677001953;-292,7402648925781;67185,8359375;33,64447784423828;86,93579864501953;3,6436972618103027;0,6096588373184204;0,2082468420267105;0,18121321499347687;0,009755446575582027
2825;189,2212677001953;-292,7402648925781;67185,8359375;29,09691619873047;85,83914947509766;3,2660653591156006;0,6005663871765137;0,2063266485929489;0,17767083644866943;0,00949117261916399
2826;189,2212677001953;-292,7402648925781;67185,8359375;29,093229293823242;83,0832290649414;3,2079274654388428;0,6032472252845764;0,21022149920463562;0,17792774736881256;0,009512423537671566
2827;189,2212677001953;-292,7402648925781;67185,8359375;31,668886184692383;84,13164520263672;3,066124439239502;0,6212329268455505;0,2153080403804779;0,18212997913360596;0,009848983027040958
2828;189,2212677001953;-292,7402648925781;67185,8359375;24,831083297729492;83,96996307373047;2,731614351272583;0,6177030801773071;0,2028024047613144;0,17862237989902496;0,009591869078576565
2829;189,2212677001953;-292,7402648925781;67185,8359375;22,579578399658203;82,91970825195312;2,6346185207366943;0,6165343523025513;0,21479156613349915;0,17925521731376648;0,009614050388336182
2830;189,2212677001953;-292,7402648925781;67185,8359375;28,470781326293945;83,36729431152344;2,8224892616271973;0,6409592628479004;0,21377509832382202;0,18421894311904907;0,010007642209529877
2831;189,2212677001953;-292,7402648925781;67185,8359375;27,567052841186523;83,61966705322266;2,956164598464966;0,6433036923408508;0,2079164683818817;0,18326854705810547;0,009921296499669552
2832;189,2212677001953;-292,7402648925781;67185,8359375;27,504215240478516;83,52586364746094;2,682630777359009;0,6484145522117615;0,2142322063446045;0,18478015065193176;0,010014302097260952
2833;189,2212677001953;-292,7402648925781;67185,8359375;20,399660110473633;84,56509399414062;2,633932590484619;0,6676594018936157;0,21885773539543152;0,18948712944984436;0,010342380031943321
2834;189,2212677001953;-292,7402648925781;67185,8359375;17,956298828125;83,62307739257812;2,7369401454925537;0,6489569544792175;0,2122032791376114;0,18368220329284668;0,00986932497471571
2835;189,2212677001953;-292,7402648925781;67185,8359375;17,52497100830078;85,37054443359375;2,657458543777466;0,6642401218414307;0,20963719487190247;0,18660026788711548;0,010047734715044498
2836;189,2212677001953;-292,7402648925781;67185,8359375;24,303512573242188;84,17945098876953;2,734666347503662;0,7025153040885925;0,2090173363685608;0,1953616589307785;0,010615916922688484
2837;189,2212677001953;-292,7402648925781;67185,8359375;24,823469161987305;84,84963989257812;2,7672359943389893;0,6701455116271973;0,2044534683227539;0,18690374493598938;0,00996026024222374
2838;189,2212677001953;-292,7402648925781;67185,8359375;21,34561538696289;85,10192108154297;2,812638521194458;0,700322687625885;0,20618942379951477;0,19427242875099182;0,010416771285235882
2839;189,2212677001953;-292,7402648925781;67185,8359375;19,06708335876465;84,89640045166016;3,0451622009277344;0,71730637550354;0,20738396048545837;0,19854900240898132;0,010640050284564495
2840;189,2212677001953;-292,7402648925781;67185,8359375;17,348831176757812;84,15782165527344;2,815854549407959;0,7177412509918213;0,20832915604114532;0,19895417988300323;0,010598243214190006
2841;189,2212677001953;-292,7402648925781;67185,8359375;12,436539649963379;83,38235473632812;2,963622570037842;0,7161958813667297;0,21219995617866516;0,19938264787197113;0,010563674382865429
2842;189,2212677001953;-292,7402648925781;67185,8359375;18,109539031982422;84,73564910888672;3,185645341873169;0,7426066398620605;0,21809320151805878;0,20687846839427948;0,010993127711117268
2843;189,2212677001953;-292,7402648925781;67185,8359375;28,548973083496094;83,92716217041016;3,2725932598114014;0,7319479584693909;0,21134085953235626;0,20392872393131256;0,010680081322789192
2844;189,2212677001953;-292,7402648925781;67185,8359375;13,664365768432617;84,96214294433594;3,0109505653381348;0,7540816068649292;0,2174440175294876;0,21067246794700623;0,011041452176868916
2845;189,2212677001953;-292,7402648925781;67185,8359375;22,01470375061035;84,24778747558594;3,53458571434021;0,7393929362297058;0,22206497192382812;0,20843958854675293;0,010817487724125385
2846;189,2212677001953;-292,7402648925781;67185,8359375;25,84312629699707;84,01394653320312;3,828051805496216;0,7560320496559143;0,2220822423696518;0,21326583623886108;0,01101808063685894
2847;189,2212677001953;-292,7402648925781;67185,8359375;26,3123836517334;86,14469909667969;3,8297576904296875;0,7594231963157654;0,21550391614437103;0,21412843465805054;0,01092619076371193
2848;189,2212677001953;-292,7402648925781;67185,8359375;12,25322437286377;83,82039642333984;4,003215312957764;0,7737265825271606;0,22017395496368408;0,21922802925109863;0,011147267185151577
2849;189,2212677001953;-292,7402648925781;67185,8359375;9,269068717956543;82,9263916015625;4,340587139129639;0,7893612384796143;0,22900152206420898;0,2253032773733139;0,01144286897033453
2850;189,2212677001953;-292,7402648925781;67185,8359375;23,255794525146484;83,7876205444336;4,308145999908447;0,7893241047859192;0,23172733187675476;0,2267959862947464;0,011426014825701714
2851;189,2212677001953;-292,7402648925781;67185,8359375;12,349044799804688;82,65526580810547;4,5039777755737305;0,7950717210769653;0,22196587920188904;0,2282014936208725;0,01132243126630783
2852;189,2212677001953;-292,7402648925781;67185,8359375;15,134374618530273;83,61331176757812;4,9149041175842285;0,7865220904350281;0,22201935946941376;0,22730836272239685;0,011151573620736599
2853;189,2212677001953;-292,7402648925781;67185,8359375;20,451126098632812;84,52580261230469;5,036060810089111;0,7954022884368896;0,23516279458999634;0,2325453907251358;0,011410337872803211
2854;189,2212677001953;-292,7402648925781;67185,8359375;13,601479530334473;83,26158142089844;5,541211128234863;0,7879481911659241;0,22985588014125824;0,2312970906496048;0,011184586212038994
2855;189,2212677001953;-292,7402648925781;67185,8359375;15,673251152038574;82,3882827758789;5,874430179595947;0,8047131299972534;0,2229660302400589;0,2361305207014084;0,0112727340310812
2856;189,2212677001953;-292,7402648925781;67185,8359375;15,536638259887695;82,62789916992188;6,010626316070557;0,8100135922431946;0,2187138795852661;0,23841527104377747;0,011226173490285873
2857;189,2212677001953;-292,7402648925781;67185,8359375;16,468839645385742;83,43041229248047;6,358814716339111;0,824695885181427;0,22834031283855438;0,24487987160682678;0,011528809554874897
2858;189,2212677001953;-292,7402648925781;67185,8359375;22,247468948364258;84,84233093261719;6,523674011230469;0,8331983685493469;0,24342097342014313;0,2504699230194092;0,011828862130641937
2859;189,2212677001953;-292,7402648925781;67185,8359375;17,57662010192871;84,9206771850586;6,762328147888184;0,8447017669677734;0,24037310481071472;0,25461187958717346;0,011890413239598274
2860;189,2212677001953;-292,7402648925781;67185,8359375;24,15239906311035;84,8298110961914;7,154944896697998;0,8297261595726013;0,24067942798137665;0,25212663412094116;0,011652987450361252
2861;189,2212677001953;-292,7402648925781;67185,8359375;14,66745376586914;84,18993377685547;7,424310207366943;0,8456361293792725;0,2429225593805313;0,2581245005130768;0,011851678602397442
2862;189,2212677001953;-292,7402648925781;67185,8359375;15,308022499084473;86,62948608398438;7,627645492553711;0,8687159419059753;0,25329914689064026;0,26712116599082947;0,012272179126739502
2863;189,2212677001953;-292,7402648925781;67185,8359375;25,410587310791016;84,24967956542969;8,102910041809082;0,8550316095352173;0,2535778880119324;0,26488447189331055;0,012058277614414692
2864;189,2212677001953;-292,7402648925781;67185,8359375;11,811453819274902;85,8260269165039;7,994137287139893;0,8366051912307739;0,2512129545211792;0,26093530654907227;0,011740410700440407
2865;189,2212677001953;-292,7402648925781;67185,8359375;16,7648983001709;86,3282470703125;8,257781982421875;0,8625021576881409;0,25800320506095886;0,27022701501846313;0,012140637263655663
2866;189,2212677001953;-292,7402648925781;67185,8359375;16,351909637451172;86,15152740478516;8,460774421691895;0,8480038046836853;0,2557404637336731;0,267232745885849;0,011878621764481068
2867;189,2212677001953;-292,7402648925781;67185,8359375;13,233795166015625;86,8839340209961;9,068978309631348;0,8335728049278259;0,25223803520202637;0,26399075984954834;0,011596014723181725
2868;189,2212677001953;-292,7402648925781;67185,8359375;8,204093933105469;85,2789535522461;9,161134719848633;0,8427208662033081;0,2581460475921631;0,26846301555633545;0,01177204493433237
2869;189,2212677001953;-292,7402648925781;67185,8359375;3,6818580627441406;84,12345123291016;8,999791145324707;0,8450338244438171;0,2600855231285095;0,2704488933086395;0,011792988516390324
2870;189,2212677001953;-292,7402648925781;67185,8359375;5,3903584480285645;84,64967346191406;9,764954566955566;0,8416749238967896;0,25896596908569336;0,27035221457481384;0,011685479432344437
2871;189,2212677001953;-292,7402648925781;67185,8359375;2,66552472114563;85,84940338134766;9,835201263427734;0,8361707925796509;0,25823113322257996;0,2696246802806854;0,011557858437299728
2872;189,2212677001953;-292,7402648925781;67185,8359375;-0,335674911737442;86,26719665527344;10,358369827270508;0,8487441539764404;0,2630055248737335;0,27463236451148987;0,011740091256797314
2873;189,2212677001953;-292,7402648925781;67185,8359375;-0,5607557892799377;86,09195709228516;10,370038032531738;0,8519682288169861;0,26619070768356323;0,27673983573913574;0,011786366812884808
2874;189,2212677001953;-292,7402648925781;67185,8359375;-3,5765388011932373;86,46256256103516;10,171412467956543;0,8370912075042725;0,26589837670326233;0,2732364535331726;0,011579690501093864
2875;189,2212677001953;-292,7402648925781;67185,8359375;-0,4907277226448059;86,54007720947266;10,304454803466797;0,840241551399231;0,2684207260608673;0,2750336229801178;0,01160500105470419
2876;189,2212677001953;-292,7402648925781;67185,8359375;-8,560442924499512;86,3551254272461;10,375447273254395;0,8409368991851807;0,2713914215564728;0,2761485278606415;0,011621355079114437
2877;189,2212677001953;-292,7402648925781;67185,8359375;-5,776142120361328;85,95111083984375;10,460567474365234;0,8359004855155945;0,272443562746048;0,2752678394317627;0,011531669646501541
2878;189,2212677001953;-292,7402648925781;67185,8359375;-5,217109203338623;87,01226806640625;11,100613594055176;0,8368873596191406;0,2780693471431732;0,2768775522708893;0,011663197539746761
2879;189,2212677001953;-292,7402648925781;67185,8359375;-5,714031219482422;87,0863037109375;11,48231029510498;0,8438217639923096;0,2825345993041992;0,27966201305389404;0,01176862046122551
2880;189,2212677001953;-292,7402648925781;67185,8359375;-2,0551366806030273;88,313720703125;11,575482368469238;0,8681116104125977;0,29508981108665466;0,28878119587898254;0,012300299480557442
2881;189,2212677001953;-292,7402648925781;67185,8359375;-10,323992729187012;86,97962951660156;11,666101455688477;0,8737351894378662;0,29946428537368774;0,29103243350982666;0,012397490441799164
2882;189,2212677001953;-292,7402648925781;67185,8359375;-7,580025672912598;89,51122283935547;11,49825668334961;0,8487199544906616;0,29331186413764954;0,28273534774780273;0,011887401342391968
2883;189,2212677001953;-292,7402648925781;67185,8359375;-7,062791347503662;88,4482192993164;12,022941589355469;0,8636649250984192;0,30188390612602234;0,28807157278060913;0,012169746682047844
2884;189,2212677001953;-292,7402648925781;67185,8359375;-10,484176635742188;87,37562561035156;11,878814697265625;0,8610072731971741;0,3039601445198059;0,28767019510269165;0,012209346517920494
2885;189,2212677001953;-292,7402648925781;67185,8359375;-11,035687446594238;89,30998992919922;11,990274429321289;0,8542065620422363;0,30555734038352966;0,2854059636592865;0,012052377685904503
2886;189,2212677001953;-292,7402648925781;67185,8359375;-9,249699592590332;89,80000305175781;11,685406684875488;0,857788622379303;0,31083717942237854;0,28669488430023193;0,012122499756515026
2887;189,2212677001953;-292,7402648925781;67185,8359375;-13,240155220031738;87,23157501220703;12,595757484436035;0,8663972616195679;0,3165474534034729;0,2897111773490906;0,012356619350612164
2888;189,2212677001953;-292,7402648925781;67185,8359375;-16,243709564208984;87,58325958251953;12,212506294250488;0,8418104648590088;0,3111644983291626;0,28145039081573486;0,011947350576519966
2889;189,2212677001953;-292,7402648925781;67185,8359375;-19,142072677612305;84,73161315917969;12,41098690032959;0,8157719969749451;0,30603066086769104;0,27263709902763367;0,011487588286399841
2890;189,2212677001953;-292,7402648925781;67185,8359375;-15,572108268737793;87,52786254882812;11,854942321777344;0,8335731029510498;0,31506142020225525;0,27841195464134216;0,011872346512973309
2891;189,2212677001953;-292,7402648925781;67185,8359375;-13,55016803741455;87,35204315185547;12,509514808654785;0,8226563334465027;0,3158124089241028;0,2745552957057953;0,011690913699567318
2892;189,2212677001953;-292,7402648925781;67185,8359375;-18,759496688842773;85,99549865722656;12,526263236999512;0,8154743909835815;0,3131829500198364;0,27174511551856995;0,011643469333648682
2893;189,2212677001953;-292,7402648925781;67185,8359375;-19,585100173950195;85,3985595703125;12,090234756469727;0,8144273161888123;0,31732454895973206;0,27105391025543213;0,011654629372060299
2894;189,2212677001953;-292,7402648925781;67185,8359375;-17,922103881835938;85,58769989013672;11,904956817626953;0,8179340958595276;0,3211916387081146;0,271726131439209;0,011769130825996399
2895;189,2212677001953;-292,7402648925781;67185,8359375;-23,074064254760742;84,48456573486328;11,812919616699219;0,8074356317520142;0,32106247544288635;0,26776936650276184;0,011616203002631664
2896;189,2212677001953;-292,7402648925781;67185,8359375;-21,222349166870117;83,757568359375;11,475567817687988;0,7930006384849548;0,3178999722003937;0,2623886168003082;0,011397596448659897
2897;189,2212677001953;-292,7402648925781;67185,8359375;-22,70255470275879;83,24095916748047;11,696796417236328;0,7722813487052917;0,3152042329311371;0,25511109828948975;0,01104667317122221
2898;189,2212677001953;-292,7402648925781;67185,8359375;-23,827585220336914;83,30370330810547;11,337865829467773;0,7870529294013977;0,3242431581020355;0,2593407928943634;0,01137555856257677
2899;189,2212677001953;-292,7402648925781;67185,8359375;-22,552860260009766;82,8524169921875;10,879999160766602;0,7682631611824036;0,31851473450660706;0,252399206161499;0,011075991205871105
2900;189,2212677001953;-292,7402648925781;67185,8359375;-22,442087173461914;82,3986587524414;11,097952842712402;0,7678119540214539;0,324333131313324;0,2517816722393036;0,011112993583083153
2901;189,2212677001953;-292,7402648925781;67185,8359375;-23,751018524169922;82,40139770507812;11,03001880645752;0,7665554285049438;0,32243612408638;0,2502593696117401;0,011150632984936237
2902;189,2212677001953;-292,7402648925781;67185,8359375;-25,316234588623047;81,71286010742188;10,51516342163086;0,7538999915122986;0,3293728828430176;0,24620161950588226;0,010944611392915249
2903;189,2212677001953;-292,7402648925781;67185,8359375;-28,793872833251953;80,85294342041016;10,162782669067383;0,7835255265235901;0,33560502529144287;0,25417113304138184;0,0115880211815238
2904;189,2212677001953;-292,7402648925781;67185,8359375;-27,272842407226562;80,61053466796875;10,471046447753906;0,742094099521637;0,32032346725463867;0,23989324271678925;0,010844610631465912
2905;189,2212677001953;-292,7402648925781;67185,8359375;-27,705324172973633;80,64285278320312;9,786602020263672;0,7510329484939575;0,3326893448829651;0,2425248622894287;0,011081197299063206
2906;189,2212677001953;-292,7402648925781;67185,8359375;-28,475154876708984;79,78109741210938;9,594584465026855;0,7193390130996704;0,3254200518131256;0,2319345474243164;0,010520482435822487
2907;189,2212677001953;-292,7402648925781;67185,8359375;-27,697256088256836;79,76847839355469;9,389727592468262;0,7378276586532593;0,3319765031337738;0,2366098016500473;0,010948245413601398
2908;189,2212677001953;-292,7402648925781;67185,8359375;-28,63562774658203;78,10040283203125;9,179252624511719;0,7055104374885559;0,32473066449165344;0,2259981483221054;0,01037272997200489
2909;189,2212677001953;-292,7402648925781;67185,8359375;-28,62905502319336;78,81901550292969;9,126016616821289;0,7103267312049866;0,32883915305137634;0,2267061024904251;0,010533287189900875
2910;189,2212677001953;-292,7402648925781;67185,8359375;-30,71626091003418;78,84232330322266;8,979497909545898;0,69597327709198;0,3244684338569641;0,22136874496936798;0,010310421697795391
2911;189,2212677001953;-292,7402648925781;67185,8359375;-31,89026641845703;77,9044418334961;8,223200798034668;0,680422306060791;0,3168596029281616;0,2153921276330948;0,010054687969386578
2912;189,2212677001953;-292,7402648925781;67185,8359375;-32,42109680175781;77,40290069580078;7,770824909210205;0,6649859547615051;0,3146454393863678;0,21016372740268707;0,009807814843952656
2913;189,2212677001953;-292,7402648925781;67185,8359375;-30,83213233947754;77,10093688964844;7,329063892364502;0,6433922648429871;0,3027496933937073;0,20223771035671234;0,00940690003335476
2914;189,2212677001953;-292,7402648925781;67185,8359375;-28,17285919189453;78,2693099975586;7,2471923828125;0,635183572769165;0,29622018337249756;0,19846192002296448;0,00926944613456726
2915;189,2212677001953;-292,7402648925781;67185,8359375;-29,975513458251953;77,32817077636719;6,738820552825928;0,644199788570404;0,3043103814125061;0,20093441009521484;0,009542401880025864
2916;189,2212677001953;-292,7402648925781;67185,8359375;-28,946735382080078;76,65009307861328;6,456918716430664;0,6027945876121521;0,28854426741600037;0,18776969611644745;0,008715054020285606
2917;189,2212677001953;-292,7402648925781;67185,8359375;-30,260448455810547;75,77848815917969;6,043640613555908;0,59177565574646;0,2810315489768982;0,18334922194480896;0,008500714786350727
2918;189,2212677001953;-292,7402648925781;67185,8359375;-32,766231536865234;75,36236572265625;5,886685371398926;0,5952024459838867;0,28815871477127075;0,18450434505939484;0,008677701465785503
2919;189,2212677001953;-292,7402648925781;67185,8359375;-30,62942123413086;75,69332885742188;5,664621829986572;0,5828716158866882;0,2820928692817688;0,18008576333522797;0,008450577035546303
2920;189,2212677001953;-292,7402648925781;67185,8359375;-29,015989303588867;75,45877075195312;5,093347549438477;0,5796453952789307;0,279274046421051;0,17838618159294128;0,008419499732553959
2921;189,2212677001953;-292,7402648925781;67185,8359375;-30,08993911743164;74,69950103759766;4,998114109039307;0,5659637451171875;0,2740271985530853;0,17390239238739014;0,008165054954588413
2922;189,2212677001953;-292,7402648925781;67185,8359375;-29,110292434692383;75,00257873535156;4,384797096252441;0,561590850353241;0,2731427252292633;0,17233598232269287;0,008129429072141647
2923;189,2212677001953;-292,7402648925781;67185,8359375;-28,327571868896484;74,35279846191406;4,434866428375244;0,5718134641647339;0,2796670198440552;0,1753549724817276;0,008446872234344482
2924;189,2212677001953;-292,7402648925781;67185,8359375;-25,596145629882812;74,71387481689453;3,7947795391082764;0,5383045673370361;0,2627744972705841;0,16474761068820953;0,007681023329496384
2925;189,2212677001953;-292,7402648925781;67185,8359375;-26,849031448364258;73,59778594970703;3,8211898803710938;0,5280752182006836;0,26310524344444275;0,1622098982334137;0,007546744309365749
2926;189,2212677001953;-292,7402648925781;67185,8359375;-25,493440628051758;73,21405029296875;3,758552074432373;0,5463101863861084;0,264727383852005;0,16658516228199005;0,007974270731210709
2927;189,2212677001953;-292,7402648925781;67185,8359375;-23,996137619018555;73,73255920410156;3,502887725830078;0,536455512046814;0,273898720741272;0,16560417413711548;0,007938431575894356
2928;189,2212677001953;-292,7402648925781;67185,8359375;-23,21332359313965;73,6015853881836;2,8803369998931885;0,5284324884414673;0,2594403922557831;0,16158337891101837;0,007687204983085394
2929;189,2212677001953;-292,7402648925781;67185,8359375;-23,083141326904297;73,2934341430664;3,3411574363708496;0,5214940309524536;0,2681272625923157;0,16137124598026276;0,007704666815698147
2930;189,2212677001953;-292,7402648925781;67185,8359375;-19,222732543945312;74,10546112060547;3,0152628421783447;0,4995284974575043;0,25626468658447266;0,15463030338287354;0,007195532787591219
2931;189,2212677001953;-292,7402648925781;67185,8359375;-20,15086555480957;72,8883285522461;2,6955463886260986;0,4736614525318146;0,2493317574262619;0,14780497550964355;0,006628452800214291
2932;189,2212677001953;-292,7402648925781;67185,8359375;-20,026668548583984;72,94507598876953;2,586674451828003;0,472968190908432;0,24183045327663422;0,14673644304275513;0,006581123452633619
2933;189,2212677001953;-292,7402648925781;67185,8359375;-19,89996910095215;72,39188385009766;2,2597057819366455;0,461002379655838;0,24216005206108093;0,14433005452156067;0,0063911001197993755
2934;189,2212677001953;-292,7402648925781;67185,8359375;-18,766801834106445;72,66049194335938;2,1320416927337646;0,45368385314941406;0,2436690628528595;0,1432364135980606;0,006297644227743149
2935;189,2212677001953;-292,7402648925781;67185,8359375;-18,560792922973633;72,11166381835938;2,279493808746338;0,4510246813297272;0,23507727682590485;0,1416776180267334;0,006201276555657387
2936;189,2212677001953;-292,7402648925781;67185,8359375;-16,538042068481445;72,62422180175781;2,3281829357147217;0,438190221786499;0,23709022998809814;0,13944970071315765;0,005983422510325909
2937;189,2212677001953;-292,7402648925781;67185,8359375;-14,749959945678711;73,01788330078125;1,954139232635498;0,4308624565601349;0,22929632663726807;0,13699045777320862;0,005783524829894304
2938;189,2212677001953;-292,7402648925781;67185,8359375;-13,280919075012207;73,16388702392578;2,0631182193756104;0,4326634407043457;0,23025785386562347;0,13808386027812958;0,005899162031710148
2939;189,2212677001953;-292,7402648925781;67185,8359375;-11,768787384033203;72,9106216430664;2,0689454078674316;0,41967275738716125;0,22861309349536896;0,13530157506465912;0,005609381943941116
2940;189,2212677001953;-292,7402648925781;67185,8359375;-9,895828247070312;73,22407531738281;2,203911066055298;0,40212351083755493;0,23163975775241852;0,13219860196113586;0,005091473925858736
2941;189,2212677001953;-292,7402648925781;67185,8359375;-7,656679630279541;75,43440246582031;2,4235758781433105;0,45689329504966736;0,2463470697402954;0,14818547666072845;0,006755158770829439
2942;189,2212677001953;-292,7402648925781;67185,8359375;-4,881557464599609;73,79106140136719;2,23453950881958;0,465640664100647;0,23596814274787903;0,14946188032627106;0,006970274727791548
2943;189,2212677001953;-292,7402648925781;67185,8359375;-5,223644733428955;74,06226348876953;2,5578341484069824;0,445747971534729;0,23062148690223694;0,14448027312755585;0,006503500044345856
2944;189,2212677001953;-292,7402648925781;67185,8359375;-3,601088047027588;74,51194763183594;2,566446542739868;0,4234260618686676;0,22194360196590424;0,13835525512695312;0,005916607566177845
2945;189,2212677001953;-292,7402648925781;67185,8359375;-4,730489730834961;73,99034881591797;2,5823404788970947;0,4178217649459839;0,21321538090705872;0,13637666404247284;0,005726789124310017
2946;189,2212677001953;-292,7402648925781;67185,8359375;-1,2205052375793457;75,70467376708984;2,815610885620117;0,42794954776763916;0,21708114445209503;0,1402243822813034;0,0060864598490297794
2947;189,2212677001953;-292,7402648925781;67185,8359375;-2,803595542907715;74,17472839355469;3,0828561782836914;0,4323992431163788;0,21477869153022766;0,14179176092147827;0,006218129303306341
2948;189,2212677001953;-292,7402648925781;67185,8359375;1,730432152748108;76,91795349121094;3,2562291622161865;0,43246880173683167;0,2177150547504425;0,1429629921913147;0,00630582170560956
2949;189,2212677001953;-292,7402648925781;67185,8359375;-0,2580094337463379;76,47212982177734;3,4307608604431152;0,4321852922439575;0,21748244762420654;0,1436006873846054;0,006337808445096016
2950;189,2212677001953;-292,7402648925781;67185,8359375;0,4774620532989502;76,88072967529297;3,5520896911621094;0,4281668961048126;0,21284219622612;0,14264430105686188;0,0062397196888923645
2951;189,2212677001953;-292,7402648925781;67185,8359375;2,105656147003174;77,61911010742188;3,7099521160125732;0,420950710773468;0,2084214836359024;0,1408391296863556;0,006052159704267979
2952;189,2212677001953;-292,7402648925781;67185,8359375;5,214693069458008;78,73482513427734;3,7826220989227295;0,4275806248188019;0,20724356174468994;0,14318901300430298;0,00625585624948144
2953;189,2212677001953;-292,7402648925781;67185,8359375;5,341827869415283;79,16915130615234;4,210207462310791;0,42212343215942383;0,20322325825691223;0,1418728530406952;0,006113582756370306
2954;189,2212677001953;-292,7402648925781;67185,8359375;6,96047830581665;80,30221557617188;4,179653644561768;0,42749854922294617;0,20106945931911469;0,143767848610878;0,00626377435401082
2955;189,2212677001953;-292,7402648925781;67185,8359375;6,048340797424316;80,13916015625;4,4888458251953125;0,42270058393478394;0,19660638272762299;0,1425333321094513;0,0061224657110869884
2956;189,2212677001953;-292,7402648925781;67185,8359375;5,966219425201416;80,51041412353516;4,727630138397217;0,44357237219810486;0,2038881927728653;0,14993345737457275;0,006778194103389978
2957;189,2212677001953;-292,7402648925781;67185,8359375;8,354437828063965;81,26868438720703;4,638288974761963;0,439269483089447;0,1999814659357071;0,148863285779953;0,006662184838205576
2958;189,2212677001953;-292,7402648925781;67185,8359375;12,074352264404297;82,47148132324219;4,942081928253174;0,4372292757034302;0,19595959782600403;0,1483946442604065;0,006591941695660353
2959;189,2212677001953;-292,7402648925781;67185,8359375;11,136651992797852;82,4127426147461;4,957649230957031;0,44829002022743225;0,19747048616409302;0,152320995926857;0,006911167409271002
2960;189,2212677001953;-292,7402648925781;67185,8359375;10,460419654846191;84,15525817871094;5,3357768058776855;0,4434056878089905;0,1959855705499649;0,15121178328990936;0,006813590880483389
2961;189,2212677001953;-292,7402648925781;67185,8359375;12,139493942260742;83,79317474365234;5,644781589508057;0,43804115056991577;0,191641703248024;0,14960987865924835;0,006655599921941757
2962;189,2212677001953;-292,7402648925781;67185,8359375;13,058016777038574;85,45014953613281;5,706908702850342;0,45252832770347595;0,19475513696670532;0,1546395719051361;0,007073866203427315
2963;189,2212677001953;-292,7402648925781;67185,8359375;12,845263481140137;86,6425552368164;5,699728012084961;0,440610408782959;0,18784131109714508;0,1507253795862198;0,006716616917401552
2964;189,2212677001953;-292,7402648925781;67185,8359375;13,48648738861084;86,10637664794922;5,932521820068359;0,45329993963241577;0,1899191290140152;0,1550656408071518;0,007062320597469807
2965;189,2212677001953;-292,7402648925781;67185,8359375;10,099891662597656;86,49763488769531;6,161862373352051;0,4657912850379944;0,19274833798408508;0,15938010811805725;0,0074098180048167706
2966;189,2212677001953;-292,7402648925781;67185,8359375;13,200133323669434;88,22122955322266;6,463191509246826;0,462230384349823;0,1901099681854248;0,1582231968641281;0,007317760959267616
2967;189,2212677001953;-292,7402648925781;67185,8359375;14,78387451171875;88,67704010009766;6,297471046447754;0,4628348648548126;0,187936931848526;0,15839362144470215;0,007277197204530239
2968;189,2212677001953;-292,7402648925781;67185,8359375;13,509753227233887;88,85400390625;6,43985652923584;0,4687381982803345;0,18907120823860168;0,16035060584545135;0,007465860340744257
2969;189,2212677001953;-292,7402648925781;67185,8359375;16,92522621154785;89,7381362915039;6,299249172210693;0,47386378049850464;0,18962982296943665;0,16196557879447937;0,0076094199903309345
2970;189,2212677001953;-292,7402648925781;67185,8359375;17,02899932861328;89,90520477294922;6,547347545623779;0,47379839420318604;0,1879560798406601;0,16170619428157806;0,007600987330079079
2971;189,2212677001953;-292,7402648925781;67185,8359375;15,30417251586914;89,89337158203125;6,482165813446045;0,48188790678977966;0,19001728296279907;0,16433215141296387;0,007791944779455662
2972;189,2212677001953;-292,7402648925781;67185,8359375;20,554563522338867;90,0115966796875;6,298558235168457;0,4906381368637085;0,19224658608436584;0,16704308986663818;0,008017852902412415
2973;189,2212677001953;-292,7402648925781;67185,8359375;18,585973739624023;90,31423950195312;6,500782489776611;0,49570122361183167;0,19396553933620453;0,16859282553195953;0,008111763745546341
2974;189,2212677001953;-292,7402648925781;67185,8359375;22,864952087402344;90,68922424316406;6,09481143951416;0,5075591206550598;0,19862154126167297;0,17239895462989807;0,00839901715517044
2975;189,2212677001953;-292,7402648925781;67185,8359375;24,3277587890625;90,5843505859375;6,441747188568115;0,4987930953502655;0,19285063445568085;0,1687353253364563;0,008158392272889614
2976;189,2212677001953;-292,7402648925781;67185,8359375;22,704038619995117;91,04126739501953;6,1786789894104;0,511537492275238;0,19868217408657074;0,17280837893486023;0,008461320772767067
2977;189,2212677001953;-292,7402648925781;67185,8359375;22,007810592651367;92,14689636230469;6,278237819671631;0,5179306864738464;0,19915954768657684;0,17420563101768494;0,008624349720776081
2978;189,2212677001953;-292,7402648925781;67185,8359375;24,386877059936523;90,936279296875;6,156459331512451;0,5257441401481628;0,20108942687511444;0,1761467605829239;0,008805072866380215
2979;189,2212677001953;-292,7402648925781;67185,8359375;23,63273048400879;91,91796875;6,102226257324219;0,5078901052474976;0,19613543152809143;0,1698673963546753;0,00825126376003027
2980;189,2212677001953;-292,7402648925781;67185,8359375;20,446657180786133;91,52922058105469;6,051874160766602;0,5133772492408752;0,19092416763305664;0,1700185388326645;0,008393417112529278
2981;189,2212677001953;-292,7402648925781;67185,8359375;23,094621658325195;91,16841888427734;5,703453063964844;0,49968865513801575;0,19046586751937866;0,1654718518257141;0,007954210042953491
2982;189,2212677001953;-292,7402648925781;67185,8359375;24,562625885009766;89,86910247802734;5,877750873565674;0,5357205867767334;0,20170462131500244;0,17628036439418793;0,008911860175430775
2983;189,2212677001953;-292,7402648925781;67185,8359375;23,86840057373047;91,55242156982422;5,763532638549805;0,5250402092933655;0,19588184356689453;0,17171195149421692;0,008579490706324577
2984;189,2212677001953;-292,7402648925781;67185,8359375;26,54440689086914;90,14429473876953;5,614199638366699;0,5218970775604248;0,1908804476261139;0,16931591928005219;0,008437952026724815
2985;189,2212677001953;-292,7402648925781;67185,8359375;28,36389923095703;89,27262115478516;5,345663547515869;0,5527383089065552;0,20486649870872498;0,17876526713371277;0,009206055663526058
2986;189,2212677001953;-292,7402648925781;67185,8359375;29,672557830810547;89,09529113769531;5,2494916915893555;0,5407063961029053;0,19679142534732819;0,173431858420372;0,008828144520521164
2987;189,2212677001953;-292,7402648925781;67185,8359375;29,495603561401367;88,5789794921875;4,994210243225098;0,55299311876297;0,20469285547733307;0,17685382068157196;0,00910861510783434
2988;189,2212677001953;-292,7402648925781;67185,8359375;29,595632553100586;88,22679901123047;5,062498092651367;0,552165150642395;0,203644797205925;0,17547041177749634;0,009029836393892765
2989;189,2212677001953;-292,7402648925781;67185,8359375;30,625553131103516;88,7701644897461;4,736564636230469;0,5667687654495239;0,1952052116394043;0,1771615743637085;0,009231552481651306
2990;189,2212677001953;-292,7402648925781;67185,8359375;29,568849563598633;87,6429672241211;4,861271381378174;0,5750826001167297;0,19501715898513794;0,17825649678707123;0,009344501420855522
2991;189,2212677001953;-292,7402648925781;67185,8359375;33,9897346496582;87,18745422363281;4,682310581207275;0,5818129777908325;0,2015857696533203;0,17979614436626434;0,0094987154006958
2992;189,2212677001953;-292,7402648925781;67185,8359375;30,638113021850586;86,42334747314453;4,46949577331543;0,586018979549408;0,20349813997745514;0,18003341555595398;0,009546114131808281
2993;189,2212677001953;-292,7402648925781;67185,8359375;31,598960876464844;87,15776824951172;4,127371311187744;0,5778872966766357;0,2009766399860382;0,17647495865821838;0,009295015595853329
2994;189,2212677001953;-292,7402648925781;67185,8359375;33,79318618774414;87,07441711425781;3,908135175704956;0,5715709328651428;0,19522231817245483;0,17298132181167603;0,009049730375409126
2995;189,2212677001953;-292,7402648925781;67185,8359375;37,10870361328125;87,504150390625;3,7582921981811523;0,5815271139144897;0,20425963401794434;0,17570166289806366;0,009275133721530437
2996;189,2212677001953;-292,7402648925781;67185,8359375;37,774471282958984;87,08798217773438;3,6450839042663574;0,5911149978637695;0,19658108055591583;0,1760050654411316;0,009334761649370193
2997;189,2212677001953;-292,7402648925781;67185,8359375;31,213350296020508;86,90411376953125;3,806314706802368;0,6136381030082703;0,20789551734924316;0,18215987086296082;0,009829547256231308
2998;189,2212677001953;-292,7402648925781;67185,8359375;30,798255920410156;84,8843994140625;3,3725526332855225;0,6064239740371704;0,2048947662115097;0,1789214164018631;0,009593868628144264
2999;189,2212677001953;-292,7402648925781;67185,8359375;27,30380630493164;84,88113403320312;3,1923129558563232;0,6004109382629395;0,2113669365644455;0,17740219831466675;0,00946329440921545
